source,target,weight
ABAVIJ,BOWDOI,1.0
ABAVIJ,BOWDIC,1.0
ABAVIJ,CEYPUT,1.0
ABAVOP,BOWDIC,1.0
ABAVOP,AHETAK,1.0
ABAYOS,YOSLOH,1.0
ABAYOS,EHAHIF,1.0
ABAYOS,JOXPET,1.0
ABAYOS,ABAYOS01,1.0
ABAYOS01,EHAHIF,1.0
ABAYOS01,JOXPET,1.0
ABAYOU,HURGEH,1.0
ABAYOU,XAVQIU,1.0
ABAYOU,XAVQIU01,1.0
ABEFUL,XUGWAZ,0.8999999761581421
ABEFUL,PUFNUB,0.8999999761581421
ABEFUL,FASFUD,0.8999999761581421
ABEFUL,DIBJEF,0.8999999761581421
ABEFUL,FASFOX,0.8999999761581421
ABEMIF,DOTSOV33,1.0
ABEMIF,DOTSOV31,1.0
ABEMIF,DOTSOV39,1.0
ABIWOX,EDAJUP,1.0
ABIWOX,EXAXAE03,0.8999999761581421
ABUFOU,QUBHAX,0.8999999761581421
ABUFUA,QUBHAX,0.8999999761581421
ABUFUA,CUTKUY,0.8999999761581421
ABUFUA,QUBHAX01,0.8999999761581421
ABUFUA,LARNAV,0.8999999761581421
ABUFUA,LOYBIM,0.8999999761581421
ACAJIY,WILNEL,0.8999999761581421
ACAJOG,KIYCIH,1.0
ACAJOG,KIYCON,1.0
ACAJOG,NIMVOW,0.8999999761581421
ACAJOG,WORNEY,0.8999999761581421
ACAKEX,NIMWUD,0.8999999761581421
ACAKEX,UNAHEY,0.8999999761581421
ACAKUM,ZOFZIF,0.8999999761581421
ACAKUM,ACALAT,0.8999999761581421
ACAKUM,ACALEX,0.8999999761581421
ACAKUM,ACALIB,0.8999999761581421
ACAKUM,CUTBIE,0.8199999928474426
ACALAT,ZOFZIF,0.8999999761581421
ACALAT,ACALIB,0.8999999761581421
ACALAT,CUTBEA,0.8199999928474426
ACALEX,ZOFZIF,0.8999999761581421
ACALEX,ACALIB,0.8999999761581421
ACALEX,CUTBOK,0.8199999928474426
ACALIB,ZOFZIF,0.8999999761581421
ACIBOE,XASNUD,1.0
ACIBOE,FUTZIF,1.0
ACIBOE,PEJNOJ,1.0
ACMPCD,DEFFEC,0.8999999761581421
ACOBEC,BADJIC,1.0
ACOBEC,BADJAU,1.0
ACOBEC,TAJTAC,1.0
ACODAA,SOMJOV,1.0
ACODAA,ACODEE,1.0
ACODAA,XIRYIJ,0.8999999761581421
ACODAA,GAYFUJ,0.8999999761581421
ACODAA,QIJFAT,0.8999999761581421
ACODAA,XIRYEF,0.8999999761581421
ACODED,BELTOD,0.8999999761581421
ACODED,DARDAD,0.8999999761581421
ACODED,WUSLED,0.8999999761581421
ACODEE,SOMJOV,1.0
ACODEE,XIRYIJ,0.8999999761581421
ACODEE,SOMSIY,0.8999999761581421
ACODEE,XIRYEF,0.8999999761581421
ACODIH,LEKPAV,1.0
ACODIH,CESQUP,1.0
ACODIH,PICCUC,1.0
ACODIH,PICDAJ,1.0
ACODON,DARDUX,1.0
ACODON,KIJKIA,1.0
ACODON,DARCOQ,0.8999999761581421
ACODON,DARDAD,0.8999999761581421
ACOFIK,SAHWEG,0.8999999761581421
ACOFIK,SAHYOS,0.8999999761581421
ACOFIK,ACUREY,0.8999999761581421
ACOFIK,DANFUW,0.8999999761581421
ACOVEU,PUCTIR,0.8999999761581421
ACOVEU,BAKWIV,0.8999999761581421
ACOVEU,AHIJOQ01,0.8999999761581421
ACUBOP01,OVAJAX,1.0
ACUBOP01,HIBSUG02,1.0
ACUREY,DANFUW,1.0
ACUREY,SAHYOS,0.8999999761581421
ACUREY,SAHWEG,0.8999999761581421
ACUXUU,MEVMEI,0.8999999761581421
ACUXUU,ACUYAB,1.0
ACUXUU,IZEQUB,0.8999999761581421
ACUYAB,IZEQUB,0.8999999761581421
ACUYAB,WEMKEG,0.8999999761581421
ADASEF,XIYCUG,0.831250011920929
ADASIJ,ADASUV,0.8999999761581421
ADASIJ,ADASOP,0.8999999761581421
ADASIJ,SIVGUB,0.8639999628067017
ADASOP,SIVGUB,0.9639999866485596
ADASOP,ADASUV,0.8999999761581421
ADASOP,QOKCID,0.8137931227684021
ADASUV,BUCWAZ,0.8639999628067017
ADATOQ,ADATUW,1.0
ADATUW,ADAVEI,1.0
ADATUW,ADAVIM,0.7923077344894409
ADAVEI,ADAVIM,0.7923077344894409
ADEGEY,PIJJEZ,1.0
ADEGEY,NENHAQ,1.0
ADEGIA,LARYIO01,1.0
ADEGIA01,LARYIO01,1.0
ADEGIA01,ATIKAP,1.0
ADEZUH,WUXCEY,1.0
ADEZUH,WUXCAU,1.0
ADEZUH,BUQROV,1.0
ADEZUH,FUMQIP,0.8999999761581421
ADINCU,VABLUG,0.8999999761581421
ADINCU,VABMER,0.8999999761581421
ADINCU,VABLIU,0.8999999761581421
ADODII,SAYKIO,0.8999999761581421
ADODII,DUDVUV,0.8999999761581421
ADODII,ADODUU,0.8999999761581421
ADODII,CAZNEY,0.8999999761581421
ADODUU,SAYKIO,0.8999999761581421
ADODUU,DUDVUV,0.8999999761581421
ADODUU,PEKCUF,0.8999999761581421
ADODUU,PEKDAM,0.8999999761581421
ADODUU,PEKDEQ,0.8999999761581421
ADONEP,EMUBIZ,1.0
ADUROI,GAHWIX,0.7827585935592651
ADUWIH,NERVAJ,0.831250011920929
ADUWIH,PURSIG,0.831250011920929
AFADAN,QAMJEU,0.8999999761581421
AFAFAR,WICLEC,1.0
AFAFAR,VEYRAU,0.8999999761581421
AFENOQ,AFENOQ01,1.0
AFENOQ,LIVTAN,0.8999999761581421
AFENOQ,LIVTER,0.8999999761581421
AFENOQ01,LIVTAN,0.8999999761581421
AFENOQ01,LIVTER,0.8999999761581421
AFIPUB,RAMSUT01,1.0
AFIPUB,RAMSUT,1.0
AFIPUB,VUQHUL01,1.0
AFIPUB,QUMRUM,0.8999999761581421
AFIXAO,EQOCES01,1.0
AFIXAO,IMZYCO01,1.0
AFIXAO,NAFGOR01,1.0
AFIXAO,SIWHOY,1.0
AFIXAO,SIWJEQ,1.0
AFOJIO,FEQXAB,1.0
AFOJIO,AMIWOJ,1.0
AFOJIO,GEVXAI,1.0
AFOJIO,GEVXIQ,1.0
AFOJIO,NATRAD,1.0
AFORCD,ZZZSGO01,1.0
AFORCD,MUPKUF01,1.0
AFORCD,CAHMON,1.0
AFORCD,MUPKUF,1.0
AFORCD,MUPKUF02,1.0
AFORCD,MUPKUF03,1.0
AFOTOF,IBEYAQ,1.0
AFOTOF,KIHTED,1.0
AFOTUL,VAJNAW,0.8999999761581421
AFOTUL,MOFTUY,0.8999999761581421
AFOTUL,MOFVAG,0.8999999761581421
AFOTUL,SIRNOZ,0.8999999761581421
AFOVAT,SEQWIW,1.0
AFOVAT,RUXWEM,0.8999999761581421
AFOVAT,QUSWIK01,0.8999999761581421
AFOVAT,NIGBOW,0.8999999761581421
AFOVEX,SEQWOC,1.0
AFOVEX,URUFOE,0.8999999761581421
AFOVEX,DERBIO,0.8999999761581421
AFOVEX,NIGBOW,0.8999999761581421
AFOVIB,IBEYEU,1.0
AFOVIB,PAZDOM,0.8999999761581421
AFOVIB,XAYDOT,0.8999999761581421
AFOVOH,WAYKAK,1.0
AFOVOH,SAQQAD,0.8999999761581421
AFOYAW,XANMUX,1.0
AFOYAW,AFOYIE,1.0
AFOYAW,LUYREE,0.8999999761581421
AFOYEB,TACPOD,0.8999999761581421
AFOYIE,LUYREE,0.8999999761581421
AFUDOX,SILKAC,0.8999999761581421
AFUDOX,OQETEK,0.8999999761581421
AFUDUD,MIRGIG,1.0
AFUDUD,KEZLIN,1.0
AFUDUD,UMIZEX,0.9142857193946838
AFUFEP,WOJZOM,1.0
AFUFEP,WOJYIF,1.0
AFUFEP,LUWMOH,1.0
AFUFEP,LUWMUN,0.9142857193946838
AGADUK,RAQLOL,0.8999999761581421
AGADUK,CAVSOJ,0.8999999761581421
AGADUK,CAVTAW,0.8999999761581421
AGAYIQ,AZAFIS,0.8999999761581421
AGAYIQ,HIVSIQ,0.8999999761581421
AGEDIC,NAFUMA11,0.8999999761581421
AGEDIC,DEHBEY,0.8999999761581421
AGEDIC,NAFUMA14,0.8999999761581421
AGEDIC,HIQKID,0.8999999761581421
AGEGOL,TIVMIW,1.0
AGEGOL,QIMHAY,1.0
AGEGOL,QIMHEC,1.0
AGEGOL,QIWFIN,1.0
AGEHAY,FOBKAK,1.0
AGEHAY,MINNEF,0.8999999761581421
AGEWUH,ATIBUA,1.0
AGEWUH,SIWPUL01,1.0
AGIREP,XASNUD,1.0
AGIREP,FUTZIF,1.0
AGIREP,PEJNOJ,1.0
AGIREP,CADPII,1.0
AGIREP,VIWZOR,1.0
AGIREP,XAPNIN,1.0
AGIREP,XASPEP,1.0
AGOFEJ,COQJEZ,0.8999999761581421
AGOFEJ,COQJAV,0.8999999761581421
AGONAM,CUKXAJ,1.0
AGONAM,UYOGOF,1.0
AGONAM,PAYTAM,1.0
AGONAM,DAHMIJ,1.0
AGONAM,MALWUU,1.0
AGONAM,RIJYIV,1.0
AGONEQ,CUKXAJ,1.0
AGONEQ,UYOGOF,1.0
AGONEQ,PAYTAM,1.0
AGONEQ,CUKXEN,1.0
AGOXAL02,AGOXAL03,1.0
AGSLFA,ZEKKUX,0.8999999761581421
AGULAQ,QUVCAM,1.0
AGULAQ,QUVCEQ,0.8999999761581421
AGULAQ,QUVBUF,0.8999999761581421
AGUMAR,KOLPUX,0.8999999761581421
AGUMAR,KOLQEI,0.8999999761581421
AGUMAR,LEHTID,0.8999999761581421
AGUMAR,QIHMUS,0.8999999761581421
AGUMAR,YORYUA,0.8999999761581421
AGUVEE,URUZIS,1.0
AGUVEE,AGUVOO,1.0
AGUVEE,URUZAK,1.0
AGUVOO,WELTUD,1.0
AGUVOO,URUZIS,1.0
AGUVOO,URUZEO,1.0
AGUVOO,URUZAK,1.0
AHAJUP,JIVROW,1.0
AHAJUP,YAVTOF,0.8999999761581421
AHAJUP,ZUYLOW,0.8999999761581421
AHAKEA,WUBHEI,0.8999999761581421
AHAKEA,AHALEB,0.8999999761581421
AHAKEA,DITSIK,0.8999999761581421
AHALEB,AHALEB01,1.0
AHALEB,AHALEB02,1.0
AHALEB,TINFED,0.8999999761581421
AHALEB,TINFIH,0.8999999761581421
AHALEB,WUBHEI,0.8999999761581421
AHALEB02,TINFED,0.8999999761581421
AHALEB02,WUBHEI,0.8999999761581421
AHEBAS,HOWSAP,1.0
AHEBAS,HOWRUI,1.0
AHEFAU,MUBJUO01,1.0
AHEMEG,BAHGUN02,1.0
AHEMEG,BAHGUN,1.0
AHEMEG,QERZUI01,1.0
AHEMEG,BUXCAZ,0.8999999761581421
AHEQAH,QIYDIN,0.8999999761581421
AHEQAH,QIYDIN01,0.8999999761581421
AHEQAH,CUSXIY,0.8999999761581421
AHEQAH,RUYVIS,0.8999999761581421
AHETAK,VEDGES,1.0
AHETAK,YIGGEB,1.0
AHETAK,YODRAM,1.0
AHIJOQ01,KEVRIP,1.0
AHIJOQ01,SOHYEV,0.8999999761581421
AHIYOH,MINFOH,1.0
AHIYOH,SUZXES,1.0
AHIYOH,NAXSUB,1.0
AHIYOH,YAJMUU,1.0
AHIYOH,MEGPAR,0.8999999761581421
AHIYUN,SUZXES,1.0
AHIYUN,NAXSUB,1.0
AHIYUN,YAJMUU,1.0
AHIYUN,MEGPAR,0.8999999761581421
AHIZOH,VILXOE,0.9000000357627869
AHIZOH,AHIZUN,0.8999999761581421
AHIZOH,PAFZEE,0.8999999761581421
AHIZUN,AJIJEI,0.9000000357627869
AHOBAB,ILAKAH,1.0
AHOBAB,WIWDEN,0.8999999761581421
AHOBAB,RUPZIM,0.8999999761581421
AHOKIR01,AHOKOX,0.9307692646980286
AHOKIR01,BECRUX04,0.8999999761581421
AHOKOX,VONBUX,0.8999999761581421
AHOKOX,YUSQEJ,0.8999999761581421
AHONEQ,OPENUT,1.0
AHONEQ,KAHWOG,1.0
AHONEQ,UHISEK,1.0
AHONEQ,LEPLAV,1.0
AHONEQ,OHIHOD,0.8999999761581421
AHONIU,VOJNAK,1.0
AHONIU,CELZUQ,0.8999999761581421
AHONIU,OQOCAA,0.8999999761581421
AHOSEV,OKAVEB,0.8999999761581421
AHOSEV,OKATOJ,0.8999999761581421
AJABIX,OGULUY,1.0
AJABIX,BOBTIW,1.0
AJABIX,SUHQUI,1.0
AJIFIJ,AVAXIF,0.8999999761581421
AJIFIJ,NUSSEA,0.8999999761581421
AJIFIJ,PURQEZ,0.8999999761581421
AJIJEI,NEBTIA,0.8999999761581421
AJIJEI,QULMIU,0.8999999761581421
AJIQIU,CUHYUB,0.8999999761581421
AJIQIU,VIXKOE,0.8999999761581421
AKAYIV,ECAFOG,1.0
AKOXIJ,UFATEA,1.0
AKUHOD,AKUHOD03,1.0
AKUHOD,XUBJAF,0.8999999761581421
AKUHOD,UCOCAR,0.8999999761581421
AKUHOD03,POPMUE,0.8999999761581421
AKUHOD03,XUBJAF,0.8999999761581421
ALATAK,OWITOE,0.8999999761581421
ALATAK,OWITEU,0.8999999761581421
ALATAK,OWITIY,0.8999999761581421
ALATAK,TIVWUR,0.8999999761581421
ALEHUW,FERCUD,0.8826086521148682
ALEHUW,FERCAJ,0.8826086521148682
ALEQIT,LOBQAV01,1.0
ALEQIT,LARYOU,1.0
ALEQIT,ZEDWAI,1.0
ALEQIT,BOJYIK,1.0
ALEQIT,BOJYIK01,1.0
ALEQIT,VOXKIE,1.0
ALICEE,KELJER,1.0
ALICII,KELJER,1.0
ALICII,QEJZUB,1.0
ALICII,LETDIY,1.0
ALICII,KELJAN,1.0
ALICII,KELJIV,1.0
ALIQUH,ISAQAV,1.0
ALIQUH,ALIRAO,1.0
ALIQUH,ALIRAO01,1.0
ALIRAO,ALIRAO01,1.0
ALIXAU,CEGJOO,0.8999999761581421
ALOVEC,IXODUV,1.0
ALOVEC,IDIWIB,1.0
ALOVEC,IXOFIL,1.0
ALOVEC,IDIWOH,1.0
ALOVEC,IDIWOH06,1.0
ALUJIB,TEPWIX,1.0
ALUJIB,BUVHEH,1.0
ALUJIB,CELDAA,1.0
ALUJOH,AMIXOK,1.0
ALUJOH,AVAQAP,1.0
ALUJOH,ZEDVOV,1.0
ALUJUN,REQDEX,1.0
ALUJUN,PEPLOM,0.8999999761581421
ALUKAU,UCEXEG,1.0
ALUKAU,HELNEU,1.0
ALUKAU,ATIKET,1.0
ALUKAU,NOFZEO,1.0
ALUKIC,ALULID,1.0
ALUKIC,ALULEZ,1.0
ALUKIC,KIVHON,0.8999999761581421
ALUKIC,ALUKOI,0.8999999761581421
ALUKIC,ALULAV,0.8999999761581421
ALUKOI,KIVHON,0.8999999761581421
ALULAV,ALULEZ,0.8999999761581421
ALULAV,KIVHON,0.8999999761581421
ALULEZ,KIVHON,0.8999999761581421
AMAFIE,HINBUC,0.8999999761581421
AMAFIE,AMAFUQ,0.8999999761581421
AMAFUQ,AMAGAX,1.0
AMAFUQ,HINBUC,0.8999999761581421
AMAFUQ,OCUGAX,0.8999999761581421
AMAJUU,WUKFAL,0.8999999761581421
AMALND,AQMAND01,1.0
AMALND,XUBJAF,0.8999999761581421
AMALND,MESNML,0.8999999761581421
AMBZAG10,RUPZIM,0.8999999761581421
AMBZAG10,WIWDEN,0.8999999761581421
AMIKOX,NABCIE,0.8999999761581421
AMIKOX,NIMTAE,0.8999999761581421
AMIWOJ,GEVXIQ,1.0
AMIWOJ,FEQXAB,1.0
AMIWOJ,GEVXAI,1.0
AMIWOJ,CUKXIR,0.8999999761581421
AMIWUP,XOJZEC,0.8999999761581421
AMIWUP,AMIXAW,0.8999999761581421
AMIXAW,TEBFUD,1.0
AMIXEA,CAQCAZ,0.8999999761581421
AMIXEA,CASTEW,0.8999999761581421
AMIXEA,MIJHOD,0.8999999761581421
AMIXIE,QIVKEL01,1.0
AMIXIE,NELREC,1.0
AMIXIE,NERMON,1.0
AMIXIE,NELRAY,1.0
AMIXIE,QIVKEL,1.0
AMIYIG,GOYPER,1.0
AMIYIG,SANLOK,1.0
AMIYIG,NUDNUW01,1.0
AMIZAZ,JEXXAM,1.0
AMIZAZ,XOBXIW,1.0
AMIZAZ,DADVAG06,1.0
AMIZAZ01,JEXXAM,1.0
AMIZAZ01,XOBXIW,1.0
AMIZAZ01,DADVAG06,1.0
AMIZAZ02,JEXXAM,1.0
AMIZAZ02,XOBXIW,1.0
AMIZAZ02,DADVAG06,1.0
AMOBEL,SIWQIA,1.0
AMOBEL,TAYZUQ03,1.0
AMOBEL,YANXIX04,1.0
AMOBEL01,TAYZUQ03,1.0
AMOBEL01,YANXIX04,1.0
AMOBEL02,TAYZUQ03,1.0
AMOBEL02,YANXIX04,1.0
AMOFAK,CUXQAO,1.0
AMOFAK,CUXPER,1.0
AMOFAK,KIYZID03,0.8999999761581421
AMOFAK,CUXQES,0.8999999761581421
AMOMUM,NUDNUW05,1.0
AMOMUM,FEFRMT01,1.0
AMOMUM,NUDPAE08,1.0
AMONAT,NUDNUW05,1.0
AMONAT,FEFRMT01,1.0
AMONAT,NUDPAE08,1.0
AMUCOB,WINJUY,0.8999999761581421
AMUCOB,XATNIP,0.8999999761581421
AMUCOB,XATNIP01,0.8999999761581421
AMURUX,MOPQIT,1.0
AMURUX,SIRBIG03,1.0
AMURUX,SIWZOP03,1.0
AMURUX,ILECIN,1.0
AMURUX,KAVRIK,1.0
AMURUX01,JEBGIJ,1.0
AMURUX01,NIWZIE05,1.0
AMURUX01,XAXBEF,1.0
AMURUX02,SIRBIG03,1.0
AMURUX02,SIWZOP03,1.0
AMURUX02,ILECIN,1.0
AMURUX02,KAVRIK,1.0
AMURUX06,SIRBIG03,1.0
AMURUX06,SIWZOP03,1.0
AMURUX07,SIRBIG03,1.0
AMURUX07,SIWZOP03,1.0
AMURUX08,SIRBIG03,1.0
AMURUX08,SIWZOP03,1.0
AMURUX09,SIRBIG03,1.0
AMURUX09,SIWZOP03,1.0
AMURUX10,SIRBIG03,1.0
AMURUX10,SIWZOP03,1.0
AMURUX11,SIRBIG03,1.0
AMURUX11,SIWZOP03,1.0
ANAWAP,ANAWOD,1.0
ANAWAP,ANAWIX,1.0
ANAWAP,YUDMIU,0.8999999761581421
ANAWAP,BUBVUR,0.8999999761581421
ANAWAP,NARPOO,0.8999999761581421
ANAWIX,ANAWOD,1.0
ANAWIX,YUDMIU,0.8999999761581421
ANAWIX,IVIPEK,0.8999999761581421
ANAWIX,PAMGIV,0.8999999761581421
ANAWOD,YUDMIU,0.8999999761581421
ANAYUL,VIMNEN,1.0
ANAYUL,NAHQIY,1.0
ANAYUL,BANLUA,1.0
ANAZAS,NAHQOE,1.0
ANAZAS,RAYJOT,0.8999999761581421
ANAZAS,UQUMID,0.8999999761581421
ANAZAS,DEFXEU,0.8999999761581421
ANAZAS,NAHQAQ,0.8999999761581421
ANAZAS,NAHQEU,0.8999999761581421
ANEQAM,FOQNOQ,0.8999999761581421
ANEQAM,FOQNUW,0.8999999761581421
ANEQAM,SIPVOD,0.8999999761581421
ANUGIA,ANUGOG,1.0
ANUGIA,DEKBON,0.9571428894996643
ANUGIA,IPUPOA,0.9571428894996643
ANUGIA,IPUPIU,0.9571428894996643
ANUGOG,DEKBON,0.9571428894996643
ANUGOG,IPUPOA,0.9571428894996643
ANUGUM,FAGXOD,0.9571428894996643
ANUGUM,PIJKEB,0.9571428894996643
APACAX,AVETAY,1.0
APACAX,IJEVIE,0.8999999761581421
APACAX,XUVQIQ,0.8999999761581421
APACAX,XUVQOW,0.8999999761581421
APACAX,TATPOV,0.7954545021057129
APANAI,NAHCIT02,1.0
APANAI,YUDDUX,1.0
APAYIB,HISSIN,1.0
APAYIB,SILKAC,1.0
APAYIB,WOJZIG,1.0
APAYIB,DIVSUY,1.0
APAYIB,NUHQAK,1.0
APAYIB,WOJYOL,1.0
APAYOH,XADDAJ01,1.0
APAYOH,WOJYUR,1.0
APAYOH,NUHRAL,1.0
APAYOH,APAZEY,1.0
APAYOH,YICXIU,0.9099999666213989
APAYUN,APAZIC,1.0
APAYUN,YUMFUJ,1.0
APAYUN,APAZOI,1.0
APAYUN,LUWMEX,1.0
APAZAU,SILKAC,1.0
APAZAU,WOJZIG,1.0
APAZAU,DIVSUY,1.0
APAZEY,XADDAJ01,1.0
APAZEY,WOJYUR,1.0
APAZEY,XADDAJ,1.0
APAZEY,LEDHEJ,0.9142857193946838
APAZEY,UKIQIP,0.8999999761581421
APAZIC,YUMFUJ,1.0
APAZIC,LUWMEX,1.0
APAZIC,APAZOI,1.0
APAZOI,YUMFUJ,1.0
APAZOI,LUWMEX,1.0
APAZOI,UKIQIP,0.8999999761581421
APEBED,VOLPAP,1.0
APEBED,JICYIG,1.0
APEBED,MIQSAJ,1.0
APETAS,JAWKIE,1.0
APETAS,VEVFAF,1.0
APETAS,ZUMNAY,1.0
APETAS,JAWKEA,0.8999999761581421
APOGOD,NUDNUW05,1.0
APOGOD,FEFRMT01,1.0
APOGOD,NUDPAE08,1.0
APUVIS,UFARAX,1.0
APUVIS,HEBKAC,0.8999999761581421
AQAJEI,SACCAD,1.0
AQAJEI,SACBUW,1.0
AQAJEI,RUVBUH,1.0
AQALUZ,MUQNOC,0.8999999761581421
AQALUZ,VOCQEJ,1.0
AQALUZ,AQALUZ01,1.0
AQALUZ,FEZWAJ,0.8999999761581421
AQALUZ01,TIKWIU,0.8068965077400208
AQALUZ01,VOCQEJ,1.0
AQALUZ01,FEZWAJ,0.8999999761581421
AQAMIO02,KIPZIU,1.0
AQAMIO02,KIPZAM,1.0
AQEQES,UGECEO,1.0
AQEQES,IGAHED02,1.0
AQEQES,IGAHED,1.0
AQEQES,KUHNEI,1.0
AQIQEY,NIDFEN,1.0
AQIQEY,QIKTUC,1.0
AQIQEY,BEPREV02,0.8999999761581421
AQIROJ,RAMRUV,1.0
AQIROJ,SIVGIP,1.0
AQIROJ,UJUPUM,1.0
AQIROJ,HOKMUR,1.0
AQIVIF,ECUFAM,1.0
AQIVIF,IFOQAV,1.0
AQIVIF,DANVEU,1.0
AQMAND01,UCOCAR,0.8999999761581421
AQMAND01,BAYJEQ,0.8999999761581421
AQMAND01,LEPLEZ01,0.8999999761581421
AQMAND01,LEPLEZ02,0.8999999761581421
AQOJUL,DESHOZ,1.0
AQOJUL,IVAZOU,1.0
AQOJUL,AQOJUL01,1.0
AQOJUL,WOWMEC,0.8999999761581421
AQOJUL01,HIHHUC,0.8999999761581421
AQOJUL01,DESHOZ,1.0
AQOJUL01,IVAZOU,1.0
AQOLID,AQOMEA,1.0
AQOMAW,UTEXIB,1.0
AQOMAW,UTEWUM,0.8999999761581421
AQOMAW,UTEXAT,0.8999999761581421
AQOMAW,UTEWOG,0.8999999761581421
AQOMEA,BIXVIQ,0.8999999761581421
AQOMEA,BIXVEM,0.8999999761581421
AQOROP,AQORUV,0.8999999761581421
AQUCUM,ORIVUI,1.0
AQUCUM,AQUDIB,1.0
AQUDIB,ORIVUI,1.0
AQULEF,AQULOP,0.8999999761581421
ARAVAR,OFIZAF,1.0
ARAVAR,XOHQER,1.0
ARAVAR,MUNNEP01,1.0
ARAVAR,OFIYUY,1.0
ARAVAR,RELLOK,1.0
ARIDIQ,OBIBAF,0.8999999761581421
ARIDIQ,NIRGAY,0.8999999761581421
ARIDIQ,UKOZOL,0.8999999761581421
ARINOF,YUKCAJ,1.0
AROFAP,TACJIS,1.0
AROFAP,HIHGUC,1.0
AROFAP,AROFET,1.0
AROFET,TACJIS,1.0
AROFET,HIHGUC,1.0
AROFET,EREGOY,1.0
AROFET,WIVRIE,1.0
AROFET,NEDVOJ,0.8999999761581421
AROVAE,MASXIN,1.0
AROVAE,NAWHOL,1.0
AROVAE,NAWHOL01,1.0
AROVAE,NEYHIJ,0.8999999761581421
ARUJED,COPTUX,1.0
ARUJED,VEZVUT,0.9590908885002136
ARUTIQ,UYIXIK,0.8999999761581421
ASACIH,POCLAV,0.8999999761581421
ASACIH,DACJUO,0.8999999761581421
ASACIH,POCKUO01,0.8999999761581421
ASALAH,ASALOV,0.8999999761581421
ASALEL,KIPZIU,0.8999999761581421
ASALEL,KIPZAM,0.8999999761581421
ASAMUE,VIRCEF,0.8999999761581421
ASAMUE,KAWBOB,0.8999999761581421
ASAMUE,UPOVOL,0.8999999761581421
ASAMUE,OHAZAZ,0.8999999761581421
ASEJIT,NAHHAI,1.0
ASEJIT,ASEKAM,1.0
ASEJIT,ASEJOZ01,1.0
ASEJIT,UDIDAO,0.8999999761581421
ASEJOZ,NAHHAI,1.0
ASEJOZ,ASEKAM,1.0
ASEJOZ,ASEJOZ01,1.0
ASEJOZ01,NAHHAI,1.0
ASEJOZ01,ASEKAM,1.0
ASEJOZ01,IYOQIY,1.0
ASEKAM,NAHHAI,1.0
ASEKAM,IYOQIY,1.0
ASEMUG,ASEMUG01,1.0
ASEMUG,NAHNLA10,0.8999999761581421
ASEMUG,MAGXOI,0.8999999761581421
ASEMUG,PEDLOZ,0.8999999761581421
ASEMUG,ULUCUZ,0.8999999761581421
ASEMUG01,NAHNLA10,0.8999999761581421
ASEMUG01,MAGXOI,0.8999999761581421
ASEMUG01,XELHUS,0.8999999761581421
ASIRAX,UQUTUX,1.0
ASIRAX,UQUTUX01,1.0
ASIRAX,OMUMIU,1.0
ASIRUR,REZFEK,1.0
ASIRUR,IREKUN,0.8999999761581421
ASIVAB,GEFTET,0.8999999761581421
ASIVAB,SEGWAF,0.8999999761581421
ASOHUL,IDIWOH02,1.0
ASUBIB,WANNEH,0.8999999761581421
ASUBIB,WANNIL,0.8999999761581421
ASUBIB,UBIBUF,0.8999999761581421
ASUBIB,DUDKAQ,0.8999999761581421
ASUKEE,KIKRAA,1.0
ASUKEE,ZIBRAD,1.0
ASUKEE,LETVUB,1.0
ASUKEE,YUZJOU,1.0
ASUKEE01,LETVUB,1.0
ASUQIO,SOTMUK02,0.8999999761581421
ASUQIO,YUBFUX01,0.8999999761581421
ASUQIO,YUBFUX,0.8999999761581421
ASUQIO,SOTMUK,0.8999999761581421
ASUQIO03,PEWGEF,1.0
ASUQIO03,CETHEQ,1.0
ASUQIO03,CUNFOH,1.0
ASUQIO04,CUNFOH01,1.0
ASUQIO04,PEWGEF,1.0
ASUQIO04,CETHEQ,1.0
ASUQIO04,CUNFOH,1.0
ASUQIO04,JETQOP,1.0
ASUQOV,EKAQIR01,1.0
ASUQOV,EKAQIR,1.0
ASUQOV,OBOHOE,0.8999999761581421
ATAFIK,CIZQUZ,1.0
ATAFIK,QOBGEV,1.0
ATAFIK,RIGTIL,1.0
ATEJOA,TETYAV,0.8999999761581421
ATEJOA,JEJWOL,0.8999999761581421
ATEJOA,PIDMEV01,0.8999999761581421
ATEJOA,PACGIM,0.8999999761581421
ATEJOA,WAHKOI,0.8999999761581421
ATEYED,CUMKIG03,1.0
ATEYED,CUMKIG,1.0
ATEYED,VADWON,1.0
ATEYED,COKFAK,0.887499988079071
ATEYUV,IDINER,1.0
ATEZAC,AYOZUL,1.0
ATEZAC,AYOZOF,0.8999999761581421
ATEZAC,ECINUC,0.8999999761581421
ATEZEG,ECINUC,1.0
ATEZEG,MIXZOK,0.8999999761581421
ATEZIK,QAMVEH,0.8999999761581421
ATEZIK,VOLQUJ,0.8999999761581421
ATEZIK,XISDIO,0.8999999761581421
ATIBOU01,ATIBOU02,1.0
ATIBOU01,ATICAH,1.0
ATIBOU01,JIXWUJ01,1.0
ATIBOU01,GOKKIA,1.0
ATIBOU01,WICGEV,1.0
ATIBOU02,YUKTUU06,1.0
ATIJUI,MEQKOL,1.0
ATIJUI,HOLQUW,0.8999999761581421
ATIJUI,SAHYOQ03,0.8999999761581421
ATIJUJ,CELNUE,1.0
ATIJUJ,PEGRAW,1.0
ATIJUJ,PEGRAW01,1.0
ATIJUJ,PEGREA,1.0
ATIKAP,LARYIO,1.0
ATIKAP,LARYIO01,1.0
ATIKET,NOFZEO,1.0
ATIKET,HELNEU,1.0
ATIXUX,EKUNON01,0.7954545021057129
ATIXUX,EKUNON,0.7954545021057129
ATOTIM,IDIWOH02,1.0
ATOTIM,IDIWOH03,1.0
ATOTIM,JUMCOL,1.0
ATOTIM,IXODUV,1.0
ATOTIM,IXOFIL,1.0
ATOTIM,IXOFUX01,1.0
ATURIS,JEMPEZ,1.0
ATURIS,ENIHUG,0.8999999761581421
AVAJUE02,XAFFOB,1.0
AVAJUE02,OXOZUY,0.8999999761581421
AVAQAP,ZEDVOV,1.0
AVAQET,YIXFIW,1.0
AVAQIX,SIVVAW,1.0
AVAQIX,UMAQAC,1.0
AVAQIX,KEJHIQ,1.0
AVAQIX,CESNUM,1.0
AVAQIX01,UMAQAC,1.0
AVAQIX01,KEJHIQ,1.0
AVAQIX01,KEJBOQ,1.0
AVAQIX01,NEBTAS,1.0
AVAQIX01,ROCZEQ,1.0
AVAQIX01,TOFQEM,1.0
AVELOD,NAVLIG,1.0
AVELOD,RULVUP,1.0
AVELOD,QAGTOH,1.0
AVELOD,XEDXOW,0.8999999761581421
AVEMAQ,RULVUP,0.8999999761581421
AVEMAQ,QAGTOH,0.8999999761581421
AVEMAQ,DEZCER,0.8999999761581421
AVESAW,LIHSEB,1.0
AVESAW,LIHSAX,1.0
AVESAW,AVESIE,1.0
AVESAW,TISLIR,1.0
AVESEA,LIHSAX,1.0
AVESEA,AVESIE,1.0
AVESEA,GAWHOD,1.0
AVESEA,LIHROK,1.0
AVESEA,LIHRUQ,1.0
AVESIE,LIHSAX,1.0
AVESIE,KAPNUM,1.0
AVESIE,MUPYUS,1.0
AVESOL,MULXOI,1.0
AVESOL,YOVCAP,1.0
AVESOL,QUQFIS,1.0
AVESOL,XOMHEO,1.0
AVETAY,XUVQIQ,0.8999999761581421
AVETAY,XUVQOW,0.8999999761581421
AVETAY,IJEVIE,0.8999999761581421
AVETAY,TATPOV,0.7954545021057129
AVETUS02,VICYOX,1.0
AVETUS02,AVEVAA02,1.0
AVETUS02,AVEVII02,0.8999999761581421
AVETUS02,TOYKAV,0.8999999761581421
AVEVAA02,AVEVII02,0.8999999761581421
AVEVAA02,AVEVEE02,0.8999999761581421
AVEVEE02,TOYKAV,1.0
AVEVEE02,AVEVII02,0.8999999761581421
AVIHIY,PUNYED,0.8999999761581421
AVIHOE,NIGGEQ,1.0
AVIHOE,RUFMUA,0.8999999761581421
AVIHOE,JALLOA,0.8999999761581421
AVILAT,VEGYIR,1.0
AVILAT,VEGXIQ,1.0
AVILAT,VEGXIQ01,1.0
AVILAT,DOTVUF,1.0
AVILAT,VUKHOZ,0.8999999761581421
AVIMIC,AVIMOI,1.0
AVIMIC,REYCUV,0.9035714268684387
AVIMOI,REYCUV,0.9035714268684387
AVIVAC,AVIVEG,1.0
AVIVAC,AVIVUW,1.0
AVIVEG,AVIVUW,1.0
AVOFUM,MIBQAR16,0.8999999761581421
AVOFUM,MIBQAR17,0.8999999761581421
AVOFUM,MIBQAR09,0.8999999761581421
AVOFUM,NIWQIV,0.8999999761581421
AVOGAT,AVOGEX,1.0
AVOGAT,NOKDOG,1.0
AVOGAT,AVOGAT01,1.0
AVOGAT,HOZFAF,0.8999999761581421
AVOGAT,WOHPIU,0.8999999761581421
AVOGAT01,NOKDOG,1.0
AVOGAT01,LATCIV,0.8999999761581421
AVOQOT,UDEPIE,0.8999999761581421
AVUCEA,VEMTAJ01,1.0
AVUCEA,JEDVUM,1.0
AVUCEA,FAHGAY,0.8999999761581421
AVUDAX,COWKAB,0.7749999761581421
AVUFED,AVUFED01,1.0
AVUFED,KIFGAJ,0.8999999761581421
AVUFED,DUNXUH15,0.8999999761581421
AVUFED01,KIFGAJ,0.8999999761581421
AVUFED01,DUNXUH15,0.8999999761581421
AVUKUY,AVULAF,1.0
AVUKUY,AWEYUX,1.0
AVUKUY,AWEZEI,1.0
AVUKUY,AVULEJ,1.0
AVUKUY,AWEZAE,1.0
AVULAF,AWEYUX,1.0
AVULAF,AWEZEI,1.0
AVULEJ,AWEYUX,1.0
AVULEJ,AWEZEI,1.0
AVUPOX,HUYQAU,0.8999999761581421
AVUPOX,QOVDAH,0.8999999761581421
AVUPOX,SOTTUR,0.8999999761581421
AVUYAR,SIWNIW,0.8999999761581421
AVUYAR,WOCFUR,0.8999999761581421
AVUYAR,SIWNES,0.8999999761581421
AVUYAR,KAKDAC,0.8999999761581421
AVUYAR,NUQYIH,0.8999999761581421
AVUYAR,QEKDOA,0.8999999761581421
AVUYAR,XELHUS,0.8999999761581421
AWAREV,IFELAH,0.8999999761581421
AWAREV,COMHUI,0.8999999761581421
AWAREV,IFEKIO,0.8999999761581421
AWARIZ,AWAROF,1.0
AWARIZ,VEWHIQ,1.0
AWARIZ,MAXHOJ02,0.8999999761581421
AWAROF,VEWHIQ,1.0
AWAROF,MELHOB,0.8999999761581421
AWEJAO,ZEDRAD,0.8999999761581421
AWEJAO,VAYDEG,0.8999999761581421
AWEJAO,ZEDQEG,0.8999999761581421
AWEJAO,IDEDAY,0.8999999761581421
AWELAP,WEBKAS,0.8999999761581421
AWEMUL,YAYPIZ,0.8999999761581421
AWEMUL,YAYPEV,0.8999999761581421
AWEMUL,DUZNET,0.8999999761581421
AWEYAE,POMXIA,1.0
AWEYAE,POKZIA,1.0
AWEYUX,AWEZEI,1.0
AWEYUX,AWEZAE,1.0
AWEZAE,AWEZEI,1.0
AWIBAL,AWIBEP,1.0
AWIBAL,LIXXAS,0.8999999761581421
AWIBAL,SONTEV,0.8999999761581421
AWIBEO,MOJDIA,1.0
AWIBEO,AWIBIS,1.0
AWIBEP,LIXXAS,0.8999999761581421
AWIBEP,SONTEV,0.8999999761581421
AWIBEP,RUSSII,0.8999999761581421
AWIBIS,MOJDIA,1.0
AWOFOI,JALLOA,1.0
AWOFOI,DOTSOV07,0.8999999761581421
AWOFOI,DOTSOV11,0.8999999761581421
AWOJOM,DIXBET01,0.8999999761581421
AWOJOM,DINYEG01,0.8999999761581421
AWOJOM,DIXBET,0.8999999761581421
AWOJOM,DINYEG,0.8999999761581421
AWOJOM,PICXOR,0.8137931227684021
AWOSIQ,ZEJDAV,0.8999999761581421
AWUROZ,EFOREY,0.8999999761581421
AXICOB,MENFAP,0.9099999666213989
AXINAX01,DIBQOW,1.0
AXINAX01,DIBQIQ,1.0
AXINAX01,DIBQEM,1.0
AXITAD,VOZHEX,0.8999999761581421
AXITAD,IPUSER,0.8999999761581421
AXITAD,UGUNOZ,0.8999999761581421
AXOBIA,AXOCEX,0.8999999761581421
AXOBIA,KMTSUL01,0.8999999761581421
AXOBIA,AXOCAT,0.8999999761581421
AXOCAT,KMTSUL01,0.8999999761581421
AXOCEW,XEGWIS,1.0
AXOCEW,XEGWUE,1.0
AXOCEW,KAHMOW,1.0
AXOCEW,XEGWAK,1.0
AXOCEW,XEGXIT,1.0
AXOCEW,XEGYEQ,1.0
AXOFOJ,AXOFOJ01,1.0
AXOVAL,SUTBUF,0.8999999761581421
AXOVAL,NEMSOP,0.8999999761581421
AXOVAL,AXOVIT,0.8999999761581421
AXOVAL,SOQSAU,0.8999999761581421
AXOVAL,SOQSAU01,0.8999999761581421
AXOVIT,BEWSOO,0.918181836605072
AXOVIT,BEWSUU,0.918181836605072
AXOVIT,NEMSOP,0.8999999761581421
AXOVIT,SUTBOZ,0.8999999761581421
AXOVIT,SUTBUF,0.8999999761581421
AXUZUO,AYABAD,1.0
AXUZUO,IFOPUO,1.0
AYABAD,IFOPUO,1.0
AYABEH,GEVMEA01,1.0
AYABEH,GEVMEA,1.0
AYABEH,JOSTIU,1.0
AYABEH,SAJLAT,1.0
AYAVON,TIVFEK,0.8999999761581421
AYAVON,XAGCIS01,0.8999999761581421
AYONOT,ROLCEC14,1.0
AYONOT,ROLCEC13,1.0
AYONOT,ROLCEC19,1.0
AYOZOF,DUGDUG,1.0
AYOZOF,MUGXIX,1.0
AYOZOF,XISDIO,1.0
AYOZUL,TISHAF,0.8999999761581421
AYUFIL,ZOMKAP01,0.8999999761581421
AYUFIL,ZOMPAU01,0.8999999761581421
AYUFIL,NOGCAO,0.8999999761581421
AYUFIL,GUBKUL,0.8999999761581421
AZADUC,AZAFEO,1.0
AZAFEO,AZAFIS,1.0
AZAFEO,HIVSIQ,0.8999999761581421
AZAFIS,HIVSIQ,0.8999999761581421
AZAVUU,IXETEM,0.8499999642372131
AZAYAD,ZEKRIS,1.0
AZAYAD,MICJOA,0.8999999761581421
AZAYAD,DUDKUK,0.8999999761581421
AZAYEH,MOHLIF,0.8999999761581421
AZAYEH,RIDCEN,0.8999999761581421
AZAYEH,VIBLAW,0.8999999761581421
AZIVAI,CECHAW,1.0
AZIVAI,MURFIQ,0.8999999761581421
AZIVAI,CAYSIE,0.8999999761581421
AZIVAI,CAYSOK,0.8999999761581421
AZIXUD,UJATEF,0.8999999761581421
AZIXUD,UJAQEC,0.8999999761581421
AZIXUD,UJAQIG,0.8999999761581421
AZIYIR,KODPUP,1.0
AZIYIR,CETFOX,1.0
AZIYIR,EJIDUW01,1.0
AZIYIR,AZIYOX,1.0
AZIYIR,AZIYOX01,1.0
AZIYIR,AZIYOX02,1.0
AZIYIR,OCUGEZ,1.0
AZIYOX,AZIYOX01,1.0
AZIYOX,AZIYOX02,1.0
AZIYOX,EJIDUW01,1.0
AZOCAU,GUDFER,0.8999999761581421
AZOCAU,PIZPIX02,0.8999999761581421
AZPYCD,JISGOH,0.8999999761581421
AZUCED,ONUQOE,0.8999999761581421
BABREE,DALSOA,1.0
BABREE,NOHFEX,0.8999999761581421
BABRII,VOLRAQ,1.0
BABRII,VOLQUJ,1.0
BABRII,JENKIX,1.0
BABRII,ERIRIG,1.0
BABRII,VOLQOD,1.0
BABRII,WOSZEL,1.0
BADHIA,SUXTAI,1.0
BADHIA,GATHAL,1.0
BADHIA,BADJIC,1.0
BADHOG,GATHAL,1.0
BADHOG,BADJIC,1.0
BADHOG,TAJTAC,1.0
BADHOG,TAJTAC01,1.0
BADHOG,TAJTIK,1.0
BADHOG,TAJTOQ,1.0
BADHUM,GATHAL,1.0
BADHUM,BADJIC,1.0
BADHUM01,GATHAL,1.0
BADHUM01,BADJIC,1.0
BADHUM01,TAJTAC,1.0
BADHUM01,TAJTAC01,1.0
BADHUM01,TAJTIK,1.0
BADHUM01,TAJTOQ,1.0
BADJAU,GATHAL,1.0
BADJAU,BADJIC,1.0
BADJIC,GATHAL,1.0
BADJIC,CAVMUJ,1.0
BADZAK,MIBQAR11,1.0
BADZAK,MIBQAR13,1.0
BADZAK,MIBQAR04,1.0
BAEDTA01,TAHFUF,1.0
BAEDTA01,HACVAI01,0.8999999761581421
BAEDTA01,WEKYES,0.8999999761581421
BAEDTA01,HACVAI,0.8999999761581421
BAFHIC,BAFHOI,1.0
BAFHIC,XAWDUX01,0.8999999761581421
BAFHIC,XAWDUX,0.8999999761581421
BAFHIC,DIRTEG,0.8999999761581421
BAFHOI,XAWDUX01,0.8999999761581421
BAFHOI,SOCJUR,0.8999999761581421
BAFHOI,SOCKAY,0.8999999761581421
BAFHOI,SOCKEC,0.8999999761581421
BAFQOQ,BAFREH,0.8999999761581421
BAFQOQ,BAFQUW,0.8999999761581421
BAFQOQ,QUJGAE,0.8999999761581421
BAFQOQ,BARKUD,0.8999999761581421
BAFQUW,ZAJKED,0.8999999761581421
BAFQUW,BOVQUZ,0.8999999761581421
BAFQUW,BARKUD,0.8999999761581421
BAFRAD,BARKUD,0.8999999761581421
BAFRAD,GUSWEX,0.8999999761581421
BAFRAD,ZAJKED,0.8999999761581421
BAFRAD,DULVEM,0.8999999761581421
BAFRAD,DULVEM02,0.8999999761581421
BAFREH,QUJFUX,0.8999999761581421
BAFREH,GUSWIB,0.8999999761581421
BAFREH,GUSWEX,0.8999999761581421
BAFREH,QUJGAE,0.8999999761581421
BAHGUN,POFFEX,1.0
BAHGUN,POFDEV,1.0
BAHGUN,EGOZAB,1.0
BAHGUN,QERZUI01,1.0
BAKGEB,VAHWOS01,0.8666666746139526
BAKGEB,TUFWUN,0.8666666746139526
BAKJEE,CANYIB,1.0
BAKJEE,BAKJOO,1.0
BAKJEE,BAKJII,1.0
BAKJEE,TIDNIF,1.0
BAKJEE,JALNUI,0.8999999761581421
BAKJEE,VOJGOS,0.8999999761581421
BAKJII,BAKJOO,1.0
BAKJII,LIDSIC,1.0
BAKJOO,LIDSIC,1.0
BAKJOO,JALNUI,0.8999999761581421
BAKJOO,VOJGOS,0.8999999761581421
BAKWIV,PUCTEN,1.0
BAKWIV,XAHZAI01,0.8999999761581421
BAKWIV,REGLOG,0.8999999761581421
BALFAV01,BALFAV04,1.0
BALFAV02,BALFAV04,1.0
BALFAV02,BALFAV03,1.0
BALFAV03,BALFAV04,1.0
BALLOP,CUSYIA,1.0
BALLOP,CUTMAH,1.0
BALLOP,CUSZEX,1.0
BALMUW,BAOXAL03,1.0
BALMUW,QQQBNA11,1.0
BALMUW,BAOXAL,1.0
BALMUW,BAOXAL02,1.0
BALMUW,YAMBIZ,1.0
BALMUW01,BAOXAL03,1.0
BALMUW01,QQQBNA11,1.0
BALMUW01,BAOXAL,1.0
BALMUW01,DUJQUW,0.8999999761581421
BAMNAH,BAMNEL,1.0
BAMNEL,NUHDUQ,0.8999999761581421
BAMNEL,ZOZBEX,0.8999999761581421
BANLUA,VIMNEN,1.0
BANLUA,NAHQIY,1.0
BANLUA,UQUMID,0.8999999761581421
BAOXAL,BAOXAL03,1.0
BAOXAL,YAMBIZ,1.0
BAOXAL02,BAOXAL03,1.0
BAOXAL02,YAMBIZ,1.0
BAOXAL02,WUYPUD,1.0
BAOXAL02,WEMCAU,0.8999999761581421
BAOXAL03,YAMBIZ,1.0
BAOXAL03,QQQBNA11,1.0
BAOXAL03,WUYPUD,1.0
BAPDAA,DUWGEJ,1.0
BAPDAA,COKPID,0.8999999761581421
BAQMOW,FAMTAO,1.0
BAQMOW,BAQXOG01,1.0
BAQMOW,BAQXOG,1.0
BAQMOW,BAQXOG02,1.0
BAQMOW,BAQXOG03,1.0
BAQMUC,FAFMAA,1.0
BAQMUC,YUHVEE,1.0
BAQMUC,QUMSOH,0.8999999761581421
BAQXAU,KAVSIL,0.8999999761581421
BAQXAU,ICEGED,0.8999999761581421
BAQXAU,VAHWOS,0.8999999761581421
BAQXOG,FAMTAO,1.0
BAQXOG,BAQXOG01,1.0
BAQXOG,BAQXOG02,1.0
BAQXOG,BAQXOG03,1.0
BAQXOG,HUKZES,1.0
BAQXOG01,FAMTAO,1.0
BAQXOG01,HUKZES,1.0
BAQXOG02,FAMTAO,1.0
BAQXOG03,FAMTAO,1.0
BAQXOG03,HUKZES,1.0
BAQXOG03,WACBEI,0.8999999761581421
BARHUY,BARKEL,0.8999999761581421
BARHUY,FIBXAS,0.8999999761581421
BARHUY,BARJAG,0.8999999761581421
BARHUY,BARKIP,0.8999999761581421
BARJAG,BARKIP,0.8999999761581421
BARJAG,FIBXAS,0.8999999761581421
BARJAG,BARKEL,0.8999999761581421
BARKEL,FIBXAS,0.8999999761581421
BARKEL,BARKIP,0.8999999761581421
BARKIP,FIBXAS,0.8999999761581421
BARKUD,DULVEM,0.8999999761581421
BARKUD,GUSWEX,0.8999999761581421
BARLEO,BARMAL,1.0
BASHAF,QIJLAW,1.0
BASHAF,JAKBUV,1.0
BASHAF,GANBAZ,1.0
BASHAF,DANZEX,1.0
BASHEJ,HAWVOQ01,1.0
BASHEJ,HAWVOQ,1.0
BASHIN,GANBIH,1.0
BASHIN,JAKBUV,1.0
BASHIN,GANBAZ,1.0
BASHIN,JAKBIJ,1.0
BASHIN,JAKBOP,1.0
BASHIN,JAKBOP01,1.0
BASHIN,KURHIQ,1.0
BASHOT,KEQLUQ,1.0
BASHOT,KEQLUQ01,1.0
BASHOT,BEXQIF,1.0
BASJUB,IKOTEH,1.0
BASJUB,IKOTAD,0.8999999761581421
BASJUB,IKOSUW,0.8999999761581421
BAXFIR,BAXGAK,1.0
BAXFIR,BAXFUD,1.0
BAXFIR,BAXFIR02,1.0
BAXFIR02,BAXFUD,1.0
BAXFIR02,XOCTUG,0.8999999761581421
BAXFUD,XOCTUG,0.8999999761581421
BAXGEP,YAFJEX,1.0
BAXLOD,FAMHAE01,0.8999999761581421
BAXLOD,FECYIX,0.8999999761581421
BAXSIE,HAFWIW,0.8999999761581421
BAXSIE,KEPMIB,0.8999999761581421
BAXSIE,NIKVAH,0.8999999761581421
BAXSIE,XEVMAM,0.8999999761581421
BAYJEQ,YOCMAF,0.8999999761581421
BAYJEQ,EPUJIJ,0.8999999761581421
BAYJEQ,VOCTOW,0.8999999761581421
BAYPUN,HIFVUO,0.8999999761581421
BAYPUN,HIFVUO01,0.8999999761581421
BAYPUN,GITTEJ,0.8999999761581421
BAYQAU,BAYQAU01,1.0
BAYQAU,BAYQAU11,1.0
BAYQAU,OWIGOR,0.8999999761581421
BAYQAU01,BAYQAU11,1.0
BAYQAU01,OWIGOR,0.8999999761581421
BAYQAU05,BAYQAU09,1.0
BAYQAU05,BAYQAU10,1.0
BAYQAU05,BAYQAU06,1.0
BAYQAU05,BAYQAU07,1.0
BAYQAU05,YUWHOO,0.8999999761581421
BAYQAU06,BAYQAU09,1.0
BAYQAU06,BAYQAU10,1.0
BAYQAU07,BAYQAU09,1.0
BAYQAU07,BAYQAU10,1.0
BAYQAU07,WEXCEJ,0.8999999761581421
BAYQAU07,YUWHOO,0.8999999761581421
BAYQAU09,BAYQAU10,1.0
BAYQAU09,WEXCEJ,0.8999999761581421
BAZBIQ,ZEGSAI,1.0
BAZBIQ,ZEGRUB,1.0
BAZBIQ,VITYOO,0.8999999761581421
BAZBOW,TOWPAY,1.0
BAZFUF,QOWRAV10,1.0
BAZFUF,BAZFUF01,1.0
BAZFUF,QOWRAV,1.0
BAZFUF,BAZGAM,1.0
BAZFUF,MIXZOK,0.8999999761581421
BAZFUF01,QOWRAV,1.0
BAZGAM,QOWRAV,1.0
BAZJET,BAZJIX,1.0
BEBFIY,QQQDHD02,1.0
BEBFIY,NOCLOH01,0.8999999761581421
BECDAP,UDESIG01,0.8999999761581421
BECDAP,WEBKEW,0.8999999761581421
BECDAP,UDESIG,0.8999999761581421
BECKOM,PEMREG,1.0
BECKOM,UVUFUN,0.8999999761581421
BECKOM,OZOGAN,0.8999999761581421
BECRUX,BECRUX07,1.0
BECRUX,BECRUX04,1.0
BECRUX,BECRUX02,1.0
BECRUX01,BECRUX04,1.0
BECRUX01,BECRUX02,1.0
BECRUX01,BECRUX03,1.0
BECRUX01,BECRUX05,1.0
BECRUX01,BECRUX06,1.0
BECRUX01,UXUXAO,0.8999999761581421
BECRUX02,BECRUX04,1.0
BECRUX03,BECRUX04,1.0
BECRUX03,BECRUX05,1.0
BECRUX03,BECRUX06,1.0
BEDHOJ,PARMIG,1.0
BEDHOJ,PEXSOB01,0.8999999761581421
BEDJEA,IFASOZ,0.8999999761581421
BEDJEA,LIQXIV,0.8999999761581421
BEDJEA,EJIDUW01,0.8999999761581421
BEDJOL,KORMOV,0.8999999761581421
BEDJOL,KORMUB,0.8999999761581421
BEDPAE,CUVFUW,0.8999999761581421
BEDPAE,HAJKOU,1.0
BEDPAE,SARBUK,0.8999999761581421
BEFKEF,IQEKUM,1.0
BEFKEF01,IQEKUM,1.0
BEFKEF01,RUVMAX,1.0
BEFKEF01,FUFREE,0.8999999761581421
BEGFID,FUFVEJ,0.8999999761581421
BEGFID,FIFPAM,0.8999999761581421
BEGFID,IWEQIK,0.8999999761581421
BEJKEJ,TEVVIC,1.0
BEJKEJ,TEVVOI,1.0
BEJKEJ,TEVVEY,1.0
BEJKEJ,ICAGOK,0.8999999761581421
BEJKEJ,KAGJOS,0.8999999761581421
BEKMOW,BEKNEN,1.0
BEKMOW,OGIJIY,0.8999999761581421
BEKMOW,LIBJAJ,0.8999999761581421
BEKMOW,YICRIM,0.8999999761581421
BEKNEN,OGIJIY,0.8999999761581421
BEKNEN,LIBJAJ,0.8999999761581421
BEKNEN,OBEMUE01,0.8999999761581421
BELHOR,ULIYEV,0.8999999761581421
BELHOR,FITHEW,0.8999999761581421
BELHOR,IXEDOE,0.8999999761581421
BELQAN,CITMAW,0.8999999761581421
BELQAN,CITLUP,0.8999999761581421
BELQAN,CITLOJ,0.8999999761581421
BELQAN,GEHXUP,0.8071428537368774
BELTOD,BELVEV,1.0
BELTOD,ZIGQIS,0.8999999761581421
BELVEV,ZIGQEO,0.8999999761581421
BELVEV,DARCUW,0.8999999761581421
BELVEV,DARFOT,0.8999999761581421
BENZOL,BEPBAB,0.8999999761581421
BENZOL,CUTMAH,0.8999999761581421
BENZOL,FAKLOU,0.8999999761581421
BENZUR,BEPBAB,0.8999999761581421
BENZUR,DEHRIR,0.8999999761581421
BEPBAB,CUSZIB,0.8999999761581421
BEPBAB,FAKLUA,0.8999999761581421
BEPBAB,CUTMAH,0.8999999761581421
BEPMAM,MAWVAK,1.0
BEPMAM,BEPMEQ,1.0
BEPMAM,BEPMIU,1.0
BEPMAM,BEPNIV,1.0
BEPMAM,BEPNOB,1.0
BEPMIU,MAWTUC,1.0
BEPNER,IBICAZ,1.0
BEPNER,IBICIH,1.0
BEPNER,IBICED,1.0
BEPNER,IBIDAA,1.0
BEPNOB,MAWTUC,1.0
BEPNUI,WANYIV,0.8999999761581421
BEPNUI,EBIFUS,0.8999999761581421
BEPNUI,EBIFIG,0.8999999761581421
BEPNUI,WANYOB,0.8999999761581421
BEPNUI,XEKCUN,0.8999999761581421
BEPPIY,HASNUN,1.0
BEPPIY,MAVFEV,1.0
BEPPIY,WEMDUP,1.0
BEPPOD,IBICED,1.0
BEPPOD,IBIDAA,1.0
BEPPOD,IBICIH,1.0
BEPREV,KEVBUK01,1.0
BEPREV,KEVBOE,1.0
BEPREV,BEPREV02,1.0
BEPREV,TEZJOA,0.8999999761581421
BEPREV01,KEVBUK01,1.0
BEPREV02,KEVBUK01,1.0
BEPREV02,KEVBOE,1.0
BEPREV02,NIDFEN,0.8999999761581421
BEPREV03,KEVBUK01,1.0
BEPREV03,KEVBOE,1.0
BEPREV03,LIGYOS,0.8999999761581421
BEPRIZ,WAQDOJ,0.8999999761581421
BEPRIZ,NOMPIQ,1.0
BEPRIZ,CIKPEU,1.0
BEPRIZ,NOMPOW,1.0
BEPRIZ,NOMPIQ01,1.0
BEPRIZ,DUPKIK,0.8999999761581421
BEPROF,KEVBUK01,1.0
BEPROF,KEVBOE,1.0
BEPROF,KEVBIY,1.0
BEPROF,KEVBUK,1.0
BEPROF,KEVCEV,1.0
BEQJUF,UQETOB,0.8999999761581421
BEQJUF,MUNLUE,0.8392857313156128
BERQIA,YIHZIA,1.0
BERQIA,YIHZIA02,1.0
BERQIA,VURMOL,0.8999999761581421
BERROH,BERRUN,0.8999999761581421
BESKUI,SURKAT,1.0
BESKUI,SURKEX,1.0
BESKUI,RUBTAK09,1.0
BESXED,MEYGAY,1.0
BESXED,REXBED,0.8999999761581421
BESXED,MALAMN,0.8999999761581421
BESXED,CIMZII,0.8999999761581421
BESXED,EDAKIE,0.8999999761581421
BESXED,MEYFUR,0.8999999761581421
BETDIP,YOSWUA,0.8999999761581421
BETDIP,GEDROY,0.8999999761581421
BETDIP,BETFEN,0.8999999761581421
BETDIP,CUWZIF,0.8999999761581421
BETDUB,CUWYAW,1.0
BETDUB,BETFUD,0.8999999761581421
BETFAJ,GEDSUF,0.8999999761581421
BETFEN,BETFIR,0.8999999761581421
BETFEN,GEDROY,0.8999999761581421
BETFUD,GEDRAK,0.8999999761581421
BETFUD,REHHET,0.8999999761581421
BETGAK,GEDQUD,0.8999999761581421
BETGAK,REHHET,0.8999999761581421
BETGAK,CUWYAW,0.8999999761581421
BETGEO,BETGIS,1.0
BETGEO,TEDHAN,0.8999999761581421
BETGEO,TEYLAN,0.8999999761581421
BETGIS,TEDHAN,0.8999999761581421
BETGIS,TEYLAN,0.8999999761581421
BETHIT,EHIVIB,0.8999999761581421
BETHUE,WEXCEJ,0.8999999761581421
BETHUE,DAYYIN,0.8999999761581421
BETRUQ,BIKMEP,0.8999999761581421
BETRUQ,BIKMEP01,0.8999999761581421
BEVSUR,SEHTEF,1.0
BEWCUD,UQOLUJ01,0.8999999761581421
BEWCUD,LEVFAW,0.8999999761581421
BEWCUD,UQOLUJ,0.8999999761581421
BEWCUD,TEPMUZ,0.8297297358512878
BEWSOO,BEWSUU,1.0
BEXQIF,KEQLUQ01,1.0
BEXQIF,KEQLUQ,1.0
BEXRIG,GANBED04,1.0
BEXRIG,GANBED01,1.0
BEXRIG,GANBON,1.0
BEXRIG,DIBWUH,1.0
BEXSAA,BEXSII,0.8999999761581421
BEXSAA,BEXSEE,0.8999999761581421
BEXSEE,BEXSII,0.8999999761581421
BEXVIL,VIDVUB,1.0
BEXVIL,HICZIE,0.8999999761581421
BEXVIL,HICZEA,0.8999999761581421
BEXVIL,HIDCUU,0.8999999761581421
BEZKOI,LOTJIP,0.8999999761581421
BEZKOI,POLBEZ,0.8999999761581421
BEZKOI,LOTJUB,0.8999999761581421
BEZKOI,ODIVUT,0.8999999761581421
BEZSEG,BEZSEG01,1.0
BEZSEG,QADKEL01,1.0
BEZSEG,QADKEL,1.0
BEZSEG,QADKEL02,1.0
BEZSEG,QADKEL03,1.0
BEZSEG,QADKEL04,1.0
BEZSEG,QADKEL05,1.0
BEZSEG01,QADKEL01,1.0
BEZSEG01,QADKEL02,1.0
BEZSEG01,QADKEL,1.0
BEZSEG01,QADKEL03,1.0
BEZSEG01,QADKEL04,1.0
BEZSEG01,QADKEL05,1.0
BEZSEG01,QOPHEI,1.0
BEZSIK,ROJSUF01,0.8999999761581421
BEZSIK,UHAXOS,0.8999999761581421
BEZSIK,NEKYIN,0.8999999761581421
BEZSIK,TIQGAC,0.8999999761581421
BEZSIK,ZEKKOR,0.8999999761581421
BEZSIK,ZEKKUX,0.8999999761581421
BIBQEL,XAYKOA,1.0
BIBQEL,NUBPIL,1.0
BIBQEL,SEKQEH,0.8999999761581421
BIBQOV,PENBOC,0.8999999761581421
BIBXOB,ZODXOH,0.8999999761581421
BIDHIG,QEBYON,0.8999999761581421
BIDHIG,YEKXET,0.8999999761581421
BIDHIG,HIPMIE,0.8999999761581421
BIDHIG,XIVTED,0.8999999761581421
BIDPAH,WAQDOK01,0.8999999761581421
BIDPAH,WAQDOK,0.8999999761581421
BIDPAH,GARLAP,0.8999999761581421
BIDPAH,GARLOD,0.8999999761581421
BIDPAH,QATKOO,0.8999999761581421
BIDPAH,YICZAO,0.8999999761581421
BIDPAH,ZIKJIO,0.8999999761581421
BIFJUX,KOGCIT,1.0
BIFJUX,GUXSIC,1.0
BIFJUX,XEVHAI,1.0
BIFJUX,CEHQOX,0.8999999761581421
BIFJUX,KAWTOT,0.8999999761581421
BIFNOW,MIYGIL,1.0
BIFNOW,PINFOK,0.8999999761581421
BIFNOW,PINFAW,0.8999999761581421
BIFSUF,DELTAQ01,1.0
BIFSUF,DELTAQ,1.0
BIFSUF,NULSUJ,1.0
BIFSUF,PIBJIV,1.0
BIGJEJ,DAMYUO,0.8999999761581421
BIHROC,OGOJAX,1.0
BIHROC,BIHRUI,1.0
BIHRUI,OGOJAX,1.0
BIHRUI,OGEBAF01,0.925000011920929
BIHRUI,HABQUY,0.887499988079071
BIHVEW,QAHREY,0.8999999761581421
BIHVEW,BUSSIT,0.8999999761581421
BIHVEW,DUBFEM,0.8999999761581421
BIHVEW,OHIZIO,0.8999999761581421
BIHVIA,NATXIR,0.8999999761581421
BIHVIA,MOMJIJ,0.8999999761581421
BIHVIA,MOKZOC,0.8999999761581421
BIHVIA,MOKZOC01,0.8999999761581421
BIJTAS,GENGIR,1.0
BIJTAS,KIJKIA,0.8999999761581421
BIJTAS,DARCUW,0.8999999761581421
BIJTAS,DARFOT,0.8999999761581421
BIJTAS,EQERAU,0.8999999761581421
BIKMAL,BIKMAL01,1.0
BIKMAL,IDUDES,0.8999999761581421
BIKMAL,PAQYAJ01,0.8999999761581421
BIKMAL01,IDUDES,0.8999999761581421
BIKMAL01,PAQYAJ01,0.8999999761581421
BIKMAL01,PAQXUC,0.8999999761581421
BIKMEP,BIKMEP01,1.0
BIKMEP,PAQXUC,0.8999999761581421
BIKMEP01,PAQXUC,0.8999999761581421
BIKMEQ,BIKNAN,1.0
BIKMEQ,BIKNIV,1.0
BIKMEQ,BIKMOA,1.0
BIKMEQ,BIKMUG,1.0
BIKMEQ01,BIKNAN,1.0
BIKMEQ01,BIKNIV,1.0
BIKMEQ01,BIKMOA,1.0
BIKMEQ01,BIKMUG,1.0
BIKMEQ01,DUPKAC,0.8999999761581421
BIKMOA,BIKNAN,1.0
BIKMUG,BIKNAN,1.0
BIKMUG,BIKNIV,1.0
BIKNAN,DAWPEZ,0.8999999761581421
BIKNIV,DAWPEZ,0.8999999761581421
BIKNIV,DUPKAC,0.8999999761581421
BIMDIL,PUWCOZ,0.8999999761581421
BIMDIL,MEFYUT,0.8999999761581421
BINROH,VOXTOT,1.0
BINROH,CIQQIE,0.8999999761581421
BINROH,BINSAU,0.8999999761581421
BINROH,XEDGIY,0.8999999761581421
BINRUN,XEDGIY,0.8999999761581421
BINRUN,VOXTOT,0.8999999761581421
BINRUN,BINSAU,0.8999999761581421
BINRUN,CIQQIE,0.8999999761581421
BINSAU,CIQQIE,0.8999999761581421
BINSAU,XEDGIY,0.8999999761581421
BINSAU,VOXTOT,0.8999999761581421
BIQNUN,BIQPEZ,0.8999999761581421
BIQNUN,BIQPID,0.8999999761581421
BIQNUN,PUVFIX01,0.8999999761581421
BIQPEZ,PUVFIX01,0.8999999761581421
BIQPID,PUVFIX01,0.8999999761581421
BIRBIQ,BIRBOW,0.8999999761581421
BIRBOW,BIRCAJ,0.8999999761581421
BIRBOW,BIRBUC,0.8999999761581421
BIRBUC,BIRCAJ,0.8999999761581421
BIRGAM,HIXWIU01,1.0
BIRGAM,REGLOG,1.0
BIRGAM,UPIXUN01,1.0
BIRGAM,REGLIA,1.0
BIRGAM,REGLUM,1.0
BIRGAM,XUBMEN,1.0
BISPAU,YOMBOS,1.0
BISPAU,TAKDIU,0.8999999761581421
BISPAU,QOJDUP,0.8999999761581421
BISPAU,LOFGOE,0.8999999761581421
BITLUL,DECVIT,1.0
BIVVOR,QADKAH01,0.8999999761581421
BIVXAG,NERVIP,1.0
BIVXAG,VOCKUT,1.0
BIVXAG,WOPWOP,1.0
BIVXAG,FAZPED,1.0
BIVXAG,FAZPIH,1.0
BIVXAG,NERVEL,1.0
BIVXAG,NERVIP01,1.0
BIVXAG,NERVOV,1.0
BIVXOT,QEGPUP,1.0
BIVXOT,QEGQEA,0.8999999761581421
BIVXOT,QEGPID,0.8999999761581421
BIXVEM,BIXVIQ,1.0
BIXVEM,OLICET,0.8999999761581421
BIXVIQ,OLICET,0.8999999761581421
BIYTAG,IJORUV,1.0
BIYTAG,QAZFAB,0.8999999761581421
BIYTAG,XOKJUD,0.8999999761581421
BIYTAG,USAGIG,0.8999999761581421
BIYTEJ,QARCET,0.5636363625526428
BIYTOU,SOBDOF,1.0
BIYTOU,GUKXEQ,0.8999999761581421
BIYTOU,QAZFAB,0.8999999761581421
BIYTOU,VIWNAR,0.8999999761581421
BIYVEM,BUKMUQ,0.8999999761581421
BIYVIQ,QAZFAB,1.0
BIYVIQ,LIZKUB,0.8999999761581421
BIZLUT,IXEFAS,0.8999999761581421
BIZLUT,IBOTEY,0.8999999761581421
BIZLUT,FITHEW,0.8999999761581421
BIZMEE,BIZMII,0.8999999761581421
BIZMEE,FITHAS,0.8999999761581421
BIZMII,FITHAS,0.8999999761581421
BOBTIW,BOGXIF,1.0
BOBTIW,SUHPIV,1.0
BOBTIW,BOBTUI,1.0
BOBTIW,BOGXIF02,1.0
BOBTIW,BOGXOL,1.0
BOBTUI,SUHPIV,1.0
BOBTUI,BOGXIF02,1.0
BOBTUI,BOGXOL,1.0
BODPAN,DOTSOV32,1.0
BODPAN,DOTSOV30,1.0
BODPAN,DOTSOV38,1.0
BOFJIQ,QAJFOY,0.8999999761581421
BOFJIQ,KOLQEI,0.8999999761581421
BOFJIQ,LEHTID,0.8999999761581421
BOGXIF02,SUHPIV,1.0
BOGXOL,SUHPIV,1.0
BOHJOZ,BOHXIH,1.0
BOHJOZ,BOHJUF,1.0
BOHJOZ,BOHKAM,1.0
BOHJUF,BOHKAM,1.0
BOHWUS,SIZGIS,0.8999999761581421
BOHWUS,SEHXIN,0.8999999761581421
BOHWUS,TECVEE,0.8999999761581421
BOHWUS,KENKOE,0.8999999761581421
BOHWUS,WEVYEE,0.8999999761581421
BOHXED,NIKVEL,1.0
BOHXED,NIKVAH,1.0
BOHXED,NIKTUZ,1.0
BOHXED,UHUNEQ,0.8999999761581421
BOJLOC,BOJLOC01,1.0
BOJLOC,PIJYOZ,0.8999999761581421
BOJLOC,MOHSEJ,0.8999999761581421
BOJLOC01,PIJYOZ,0.8999999761581421
BOJLOC01,MOHSEJ,0.8999999761581421
BOJYIK,YIXFUI,1.0
BOJYIK,ZEDWAI,1.0
BOJYIK,LOBQAV01,1.0
BOJYIK01,YIXFUI,1.0
BOJYIK01,ZEDWAI,1.0
BOJYIK01,LOBQAV01,1.0
BOJYIK01,VOXKIE,1.0
BOKQEZ,CIFHIK,1.0
BOKQEZ,CIFHOQ,1.0
BOKQEZ,TUCJAD,1.0
BOLGUF,BOLHOA,0.8999999761581421
BOLGUF,BOLHAM,0.8999999761581421
BOLGUF,BOLHEQ,0.8999999761581421
BOLHAM,BOLHOA,0.8999999761581421
BOLHAM,BOLHEQ,0.8999999761581421
BOLHEQ,BOLHOA,0.8999999761581421
BOLPAU,YOCGAZ,1.0
BOLPAU,ODODUI,1.0
BOLPAU,ENITIF,1.0
BOLPAU,ODODES,1.0
BOLPAU,ODODIW,1.0
BOLPAU,CANRUG,0.8999999761581421
BOLPAU,XUBGUY,0.8999999761581421
BOMCUB,PEKKAS,1.0
BOMCUB,NOQLOV01,1.0
BOMCUB,NOQLOV,1.0
BOMCUB,ETECIR,1.0
BOMCUB,JEBDOK,1.0
BOMCUB,NOQKEJ,0.8999999761581421
BONKUK,UHOKOR,1.0
BONKUK,FIVJAW,0.8999999761581421
BONKUK,OJANAO,0.8999999761581421
BOPHEV,JUXZUZ,1.0
BOPHEV,WOWBIV,1.0
BOPHEV,IRELIC,1.0
BOPHEV,WOWBER,1.0
BOPHEV,EKIJAL,0.8999999761581421
BOPHIZ,JUXZUZ,1.0
BOPHIZ,WOWBIV,1.0
BOPHIZ,IRELIC,1.0
BOPHIZ,WOWBER,1.0
BOPWIO,TUTZUD,0.8999999761581421
BOPWIO,HUWWEC,0.8999999761581421
BOPWIO,NUHBEY,0.8999999761581421
BOPWIO,UVIKIU,0.8999999761581421
BOPWIO,UVIKOA,0.8999999761581421
BOQWEK,NEHZIK,1.0
BOQWEK,METYIU,0.8999999761581421
BOSHUN,FIFPAM,1.0
BOSHUN,JOGHEU,1.0
BOSHUN,LUYZAH02,1.0
BOSHUN,LUYZAH,1.0
BOSHUN,LUYZAH01,1.0
BOSJUQ,VUNTUV,0.8999999761581421
BOVHEB,NUCRIN01,0.9678571820259094
BOVHEB,MOFTIL01,0.9678571820259094
BOVHEB,MOFTIL02,0.9678571820259094
BOVLII,KEPMIB,1.0
BOVLII,ZOFXAV,1.0
BOVLII,JALLEQ,0.8999999761581421
BOVQUZ,ZAJKED,1.0
BOVQUZ,GUSWIB,0.8999999761581421
BOVQUZ,GUSWEX,0.8999999761581421
BOVQUZ,QUJFUX,0.8999999761581421
BOVQUZ,QUJGAE,0.8999999761581421
BOWDIC,LASMAV,1.0
BOWDIC,VEDFOB,1.0
BOWDIC,KEJWAY,1.0
BOWDIC,OJOBAS,1.0
BOWDIC,YODRAM,1.0
BOWDOI,LASMAV,1.0
BOWDOI,VEDFOB,1.0
BOWDOI,KEJWAY,1.0
BOWDOI,YIGGEB,1.0
BOWDUO,LASMAV,1.0
BOWNUY,TEYLUH,1.0
BOWNUY,MIVFEE,1.0
BOWNUY,COTYIV,1.0
BOWNUY,TEYMES,1.0
BOWTAJ,JIZWIA,0.8999999761581421
BOWTAJ,GEVKID,0.8999999761581421
BOWTAJ,SIWGUB,0.8999999761581421
BOWZUK,NIQDOJ,1.0
BOWZUK,QASXIU,0.8999999761581421
BOXFAW,BOXFIE,0.8999999761581421
BOXMAE,LEDPAN,0.8999999761581421
BOXMAE,HOQKII,0.8999999761581421
BOXMAE,NUDMUW01,0.8999999761581421
BOYFUS,YUSVAK,1.0
BOYFUS,WIPJUC,0.8999999761581421
BOYFUS,UDEPUQ01,0.8999999761581421
BOYTEQ,LIJPOL,1.0
BOYTEQ,LIJPAX,1.0
BUBVUR,YUDMIU,1.0
BUBVUR,HUFMEC,0.8999999761581421
BUCWAZ,VIDWAI,0.9639999866485596
BUCWAZ,SIVGUB,0.8999999761581421
BUCXUT,DIKBAB01,1.0
BUCXUT,XUHJEQ01,0.8999999761581421
BUDDIO,HIPLUP,0.8999999761581421
BUDDIO,HIPMEA,0.8999999761581421
BUDDIO,YADGIW,0.8999999761581421
BUDDIO,XIVTED,0.8999999761581421
BUGSAY,GAJZEY,0.8999999761581421
BUGSAY,GAJZUO,0.8999999761581421
BUGSEC,GAKBAX,1.0
BUGSEC,SAJSAY,0.8999999761581421
BUGSEC,GAJZUO,0.8999999761581421
BUGSIG,YOXKEC,0.8999999761581421
BUGSIG,GAJZOI,1.0
BUGSIG,KUQWOK,0.8999999761581421
BUGSIG,XOVYUD,0.8999999761581421
BUHFER,TALKAT,1.0
BUHFER,PEFDEK,1.0
BUHFER,GAXROO,1.0
BUHFER,DITYEM02,1.0
BUKLOJ,VEGMIE,1.0
BUKLOJ,MOXDIN01,1.0
BUKLOJ,LAGWIB,1.0
BUKLOJ,CUZBUW,1.0
BUKLOJ,TEPWOD,0.8999999761581421
BUKLOJ,YEMGIH,0.8999999761581421
BUKLOJ01,VEGMIE,1.0
BUKLOJ01,MOXDIN01,1.0
BUKLOJ01,LAGWIB,1.0
BUKLOJ01,ESEQUO,1.0
BUKLOJ01,JOQQAJ,1.0
BUKLOJ01,LOMQOV,1.0
BUKLOJ01,MOXDIN,1.0
BUKLOJ01,VEGMIE01,1.0
BUKRUW,YATDUV,1.0
BUKRUW,NUVXOT,1.0
BUKRUW,YENTUJ,1.0
BUKRUW,LOWKUF,1.0
BUKTAE,NUVXOT,1.0
BUKTAE,YENTUJ,1.0
BUKTIM,NUVXOT,1.0
BUKTIM,YENTUJ,1.0
BUKTIM,RUWFOG,0.8999999761581421
BUKTOS,NUVXOT,1.0
BUKTOS,YENTUJ,1.0
BUKTOS,LOWKUF,1.0
BUNKUS,PIKYEQ,0.8999999761581421
BUNKUS,WASQEP,0.8999999761581421
BUNKUS,WASQIT,0.8999999761581421
BUPDUM,BUPFEY,1.0
BUPDUM,BUPFAU,1.0
BUPJUS,BUPKED,1.0
BUPJUS,PARBIW,0.9357142448425293
BUPJUS,VUHGAH,0.8999999761581421
BUPJUS,UVEPOB,0.8999999761581421
BUPKED,PARBIW,0.9357142448425293
BUPKED,VUHGAH,0.8999999761581421
BUPKED,UVEPOB,0.8999999761581421
BUPVEP,XEZVOP,1.0
BUPVEP,RAGCOS,1.0
BUPVEP,IDUQUT,0.8999999761581421
BUPVEP,PEWZAS,0.8999999761581421
BUQROV,WUXCEY,1.0
BUQROV,WUXCAU,1.0
BUQWER,XIPCEF01,1.0
BUQWER,QESBAR01,1.0
BUQWER,LAGHIL,1.0
BUQWER,VOJPOA,1.0
BUSMUZ,GUWDUY,1.0
BUSMUZ,JOGHIY,0.8999999761581421
BUSNAF,UYAQER,0.8999999761581421
BUSNAF,WOBMIL02,0.8499999642372131
BUSQIQ,GUKVIS,1.0
BUSQIQ,RAWZIA,1.0
BUSQIQ,GUKVAK,1.0
BUSQIQ,GUKVEO,1.0
BUSSIT,DUBFOW,1.0
BUSSIT,MOMJIJ,0.8999999761581421
BUSSIT,NATXIR,0.8999999761581421
BUSTAM,DUBGAJ,1.0
BUTCUQ,PONRUH,1.0
BUVHEH,CELDAA,1.0
BUVHEH,TEPWIX,1.0
BUVHEH,RUYGEY,0.8999999761581421
BUVHEH,RUYGEY01,0.8999999761581421
BUVNIR,JUKVEQ,1.0
BUVNIR,JUKVEQ01,1.0
BUVNIR,REDYEG,1.0
BUVNIR,VACFUB,1.0
BUVNIR,VACFUB01,1.0
BUVTUJ,BUVVIZ,0.8999999761581421
BUVVAR,BUVVEV,0.8999999761581421
BUVVAR,BUVVIZ,0.8999999761581421
BUVVEV,BUVVIZ,0.8999999761581421
BUVWOF02,BUVYIB,1.0
BUVWOF02,BUVXOG,1.0
BUVWOF02,BUVYIB01,1.0
BUVWOF03,BUVXOG,1.0
BUVWOF03,BUVYIB01,1.0
BUVWOF03,BUVXOG01,1.0
BUVWOF03,BUVYEX,1.0
BUVXOG,BUVYIB01,1.0
BUVXOG01,BUVYIB01,1.0
BUVYEX,BUVYIB01,1.0
BUVYIB01,NAGQET,0.8999999761581421
BUVYIB01,NAGQOD,0.8999999761581421
BUXCAZ,YODRAM,0.8999999761581421
BUXCAZ,VEDGES,0.8999999761581421
BUZKUE,PIZHOX,1.0
BUZKUE,PEBNER,1.0
BUZKUE,QONKOV,1.0
CABQEB,CIQYUX,1.0
CABQEB,XUWHAZ,1.0
CABSIK,XOVBIV,1.0
CADPII,XASPEP,1.0
CADPII,VIWZOR,1.0
CADQAB,YAZYIJ,1.0
CADQAB,YAZZEG,0.8999999761581421
CADQAB,OZUKOL,0.8999999761581421
CADQAB,ETEKAQ,0.8999999761581421
CADQOP,COKPEZ,0.8999999761581421
CADQOP,COKNUN02,0.8999999761581421
CADQOP,COKQOK,0.8999999761581421
CAGSAG,IDIXAU,1.0
CAGSAG,FECYUJ,1.0
CAGSAG,IYEXEP,1.0
CAGSAG,FECXUI,1.0
CAGSAG,PUWDEQ,1.0
CAGSAG,QAQSAD,1.0
CAGXIU,MUNLAJ,0.8999999761581421
CAGXIU,QUXQUX,0.8999999761581421
CAGXIU,HISFUM,0.8999999761581421
CAHMAZ,XOKKIS,1.0
CAHMAZ,IRISAD,1.0
CAHMAZ,OGESOJ,1.0
CAHMAZ,ETECAJ,1.0
CAHMON,MUPKUF01,1.0
CAHMON,CAHMON02,1.0
CAHMON02,MUPKUF01,1.0
CAHMON02,WABJAM,1.0
CAJHON,RISTAQ,1.0
CAJHON,MOMRIR,1.0
CAJHON,RISTEU,1.0
CAJHUS01,GOYPER,1.0
CAJHUS01,SANLOK,1.0
CAJHUS01,NUDNUW01,1.0
CAJHUS02,GOYPER,1.0
CAJHUS02,SANLOK,1.0
CAJHUS02,NUDNUW01,1.0
CAJHUS02,ZZZVMQ03,0.8999999761581421
CAJHUS03,PESTAL,1.0
CAJHUS03,GOYPER,1.0
CAJHUS03,SANLOK,1.0
CAJHUS03,NUDNUW01,1.0
CAJHUS03,GUWFIO,1.0
CAJHUS03,PESSAK01,1.0
CAJHUS04,GOYPER,1.0
CAJHUS04,SANLOK,1.0
CAJHUS04,NUDNUW01,1.0
CAJHUS04,PESSAK01,1.0
CAJHUS04,RATCUL01,1.0
CAJHUS04,RATCUL02,1.0
CAJHUS04,RATCUL03,1.0
CAJQEL,ZALREM,0.8999999761581421
CAKFEB01,TUTZUD,0.8999999761581421
CAKFEB01,DAHWAM,0.8999999761581421
CAKFEB01,YUWKIL,0.8999999761581421
CAKLOR,VESNEP,1.0
CALOXM13,QOWLOE,1.0
CALOXM13,CALOXM16,1.0
CALOXM13,PINFAW,1.0
CALOXM13,CALOXM15,1.0
CALOXM15,CALOXM16,1.0
CALOXM15,PINFAW,1.0
CALOXM15,SEVKAI,1.0
CALOXM16,PINFAW,1.0
CANRIU,ENISOK,0.8999999761581421
CANRIU,ZEXSOM,0.8999999761581421
CANRIU,CANRUG,0.8999999761581421
CANRIU,KOHDIW,0.8999999761581421
CANRIU,KOHLIE,0.8999999761581421
CANRIU,SEQJOQ,0.8999999761581421
CANRUG,SEQJOQ,0.8999999761581421
CANRUG,ENITAX,0.8999999761581421
CANRUG,HIHGEM,0.8999999761581421
CANRUG,RIJBAP,0.8999999761581421
CANYIB,LAZMEG,0.8999999761581421
CAQCAZ,EXOFIH,1.0
CAQCAZ,CEMJOV,1.0
CAQCAZ,CASTEW,1.0
CAQHOU,CAQVOI,1.0
CAQHOU,YUHHEQ,0.8999999761581421
CAQJOW,HALVEY,1.0
CAQJOW,HAJYAV,1.0
CAQJOW,CAQKAJ,1.0
CAQJOW,CAQKAJ01,1.0
CAQKAJ,HALVEY,1.0
CAQKAJ,HAJYAV,1.0
CAQKAJ,UMARIL,0.8999999761581421
CAQKAJ01,HALVEY,1.0
CAQKAJ01,HAJYAV,1.0
CARFOT,SICKOH,1.0
CARFOT,FAHNOT,0.9357142448425293
CARFOT,VAZTUO,0.8999999761581421
CARFUZ,FAHMIM,0.9357142448425293
CARFUZ,NOFMIG,0.8999999761581421
CARFUZ,NOFMIG01,0.8999999761581421
CARGEK,WUPVEK,1.0
CARGEK,UDICAN,1.0
CARGEK,MAGXOK,1.0
CARGEK,UDICER,1.0
CASPUJ,DIXKUR,0.8999999761581421
CASPUJ,DIXKUR01,0.8999999761581421
CASPUJ,SIDYAG,0.8999999761581421
CASPUJ,KUXHUI,0.8999999761581421
CASTEW,FEJHOS,1.0
CASTEW,EXOFIH,1.0
CASTEW,CEMJOV,1.0
CASTEW,LEMYUA,1.0
CASTEW,OXIXIE,0.8999999761581421
CATART04,CUGROM,1.0
CATDEH,CATDIL,1.0
CATDEH,CAYROK,1.0
CATDEH,CAYRIE,1.0
CATZIJ,LEGGAI,1.0
CATZIJ,TOVHUJ,0.9142857193946838
CATZIJ,PIJKOL,0.9142857193946838
CATZIJ,TISHAF,0.9099999666213989
CAVFEN,LECMUE,1.0
CAVFEN01,LECMUE,1.0
CAVFIR,LECMUE,1.0
CAVMUJ,GATHAL,1.0
CAVQOH,GUZXUU,0.8999999761581421
CAVQOH,GUZXUU01,0.8999999761581421
CAVSOJ,CAVTAW,1.0
CAVSOJ,RAQLOL,0.8999999761581421
CAVTAW,RAQLOL,0.8999999761581421
CAVVOM,XOJXAW,1.0
CAVVOM,XOJXEA,1.0
CAVVOM,XOJWID,1.0
CAWDOU,UGOSOY,1.0
CAWDOU,CAWDOU02,1.0
CAWDOU,OMATED,1.0
CAWDOU,ISAYOQ,1.0
CAWDOU,ISAYUW,1.0
CAWDOU02,UGOSOY,1.0
CAWDOU02,OMATED,1.0
CAWDOU02,ISAYOQ,1.0
CAWDOU02,ISAYUW,1.0
CAWVIH,UWAGAB04,1.0
CAWVIH,UWAGAB05,1.0
CAXSUR,OFAWEZ,0.8999999761581421
CAXSUR,DADXUE,0.8999999761581421
CAXSUR,IYEXEP,0.8999999761581421
CAXSUR,YICGUP,0.8999999761581421
CAXTEC,MAWCAR,0.8999999761581421
CAXTEC,EZIPEK,0.8999999761581421
CAXVII,SARHEA,1.0
CAXVII,CAXWIJ,1.0
CAXVII,KOSKUA,0.8999999761581421
CAXVOO,WOPSAX01,1.0
CAXVOO,WOPSOL01,1.0
CAXVOO,SARHAW,1.0
CAXVOO,COKMEW,1.0
CAXVUU,CAXWEF,1.0
CAXVUU,GUVZII,1.0
CAXWAB,WOPSAX01,1.0
CAXWAB,WOPSOL01,1.0
CAXWAB,SARHAW,1.0
CAXWAB,WOPSAX,1.0
CAXWAB,WOPSAX02,1.0
CAXWAB,WOPSOL,1.0
CAXWAB,WOQTUT,1.0
CAXWEF,GUVZII,1.0
CAXWIJ,SARHEA,1.0
CAXWIJ,KOSKUA,0.8999999761581421
CAXZOS,ERUNUC,1.0
CAXZUY,TEVVAU,1.0
CAXZUY,TEVVIC,1.0
CAXZUY,GAWZOW,1.0
CAXZUY,WURNOO,0.8999999761581421
CAYBAH,CAYBAH01,1.0
CAYBAH,HEJQIZ,0.8999999761581421
CAYBAH01,HEJQIZ,0.8999999761581421
CAYBAH01,VERQIU,0.8999999761581421
CAYDEN,CAYDOX03,1.0
CAYDEN,CAYDOX04,1.0
CAYDEN,CAYDOX,1.0
CAYDEN,CAYDOX01,1.0
CAYDEN,CAYDOX02,1.0
CAYDEN,CAYDUD,1.0
CAYDEN,CAYGIU,1.0
CAYDOX,CAYDOX04,1.0
CAYDOX,YEZFIU,0.8999999761581421
CAYDOX01,CAYDOX04,1.0
CAYDOX01,YEZFIU,0.8999999761581421
CAYDOX02,CAYDOX04,1.0
CAYDOX02,CAYDUD,1.0
CAYDOX02,CAYGIU,1.0
CAYRIE,CAYROK,1.0
CAYSIE,CAYSOK,0.8999999761581421
CAYSIE,CECHAW,0.8999999761581421
CAYSIE,MUMZAX,0.8258064389228821
CAYSOK,CAYYEG,1.0
CAYSOK,MURFIQ,1.0
CAYSOL,SAHBAF,1.0
CAYSOL,COXHON,1.0
CAYSOL,DALSER,1.0
CAYSOL,SAGZUW,1.0
CAYSOL,SAHBEJ,1.0
CAYSOL,XIPHIN,1.0
CAYYEG,MURFIQ,1.0
CAYYEG,CECHAW,0.8999999761581421
CAYYEG,YOVTOS,0.8999999761581421
CAZLIZ,UXUXAO,0.8999999761581421
CAZLOF,OCUTEM,0.8999999761581421
CAZLOF,QADKAH01,0.8999999761581421
CAZNEY,PEKDAM,0.8999999761581421
CAZNEY,PEKDEQ,0.8999999761581421
CDCACD,CDCACD01,1.0
CDLGLU01,CDLGLU11,1.0
CDLGLU01,CDLGLU10,1.0
CDLGLU01,CDLGLU02,1.0
CDLGLU02,CDLGLU11,1.0
CDLGLU02,CDLGLU10,1.0
CDLGLU10,CDLGLU11,1.0
CDLGLU11,HURNOX,0.8999999761581421
CEBGAS,JEKRAT,1.0
CECHAW,MURFIQ,0.8999999761581421
CECHAW,JITFAU,0.8999999761581421
CECVIQ,EDADET,1.0
CECVIQ,KOLPUX,0.8999999761581421
CECWIT,CEDTOX,1.0
CECWIT,YOYQAG,0.8999999761581421
CECWIT,YOYPUZ,0.8999999761581421
CEDFIC,CEDFUO,1.0
CEDFIC,PEGCEM,1.0
CEDFIC,FIVTUC,1.0
CEDFIC,NAGKOY,0.8999999761581421
CEDFIC,XUMVEH,0.8999999761581421
CEDFOI,CEDFUO,1.0
CEDFOI,PEGCEM,1.0
CEDFOI,FIVTUC,1.0
CEDFOI,GEVWUC,0.8999999761581421
CEDFOI,XUMVEH,0.8999999761581421
CEDFUO,KABXOC,0.8999999761581421
CEDFUO,PEGCEM,1.0
CEDFUO,FIVTUC,1.0
CEDTOX,YOYQIO,0.8999999761581421
CEDTOX,YOYPOT,0.8999999761581421
CEDYER,CEDYER01,1.0
CEDYER,UPIZOJ,0.9571428894996643
CEDYER,FICYUL01,0.8999999761581421
CEDYER,SIDRUT,0.8999999761581421
CEDYER,TEKYOX01,0.8999999761581421
CEDYER01,UPIZOJ,0.9571428894996643
CEDYER01,FICYUL01,0.8999999761581421
CEDYER01,ETUTIX,0.8999999761581421
CEFDAU,PURQEZ,1.0
CEFDAU,NUSSEA,1.0
CEFDAU,PUFXIY,0.8999999761581421
CEFHAZ,FUCTAY,0.8999999761581421
CEFNEJ,QIYDIN01,0.7749999761581421
CEGDUO,GUPBOJ01,0.8999999761581421
CEGDUO,OFERUN05,0.8999999761581421
CEHKUW,OVEHUT,1.0
CEHKUW,TOKDON,1.0
CEHKUW,CUMLUT,1.0
CEHKUW,SIZGEO,1.0
CEHKUW,SIZGIS,1.0
CEHKUW,DUYVAV,0.8999999761581421
CEHQOX,XEVHAI,0.8999999761581421
CEHQOX,WUKFEP,0.8999999761581421
CEHXIY,RANZAH,1.0
CEHXIY,DEYNIG,1.0
CEHXIY,RUPTED,1.0
CEHXIY,PEXJUY,1.0
CEHXIY,PEXJUY01,1.0
CEHXIY,RANYOU,1.0
CEHZAR01,JADRUC,1.0
CEJFOO,NERVIP,1.0
CEJFOO,FAZPIH,1.0
CEJFOO,WOPWOP,1.0
CEJFUU,ECOJIP,1.0
CEJFUU,KAFPUE,1.0
CEJFUU,WOHYOH,1.0
CEJGAB,LOBNUM,1.0
CEJNOU,QANZAH,0.8999999761581421
CEJWAR,RUPZIM,1.0
CEJXIA,HIPMOK,1.0
CEJXOG,UCEXOQ,1.0
CEJXOG,RESWUI02,1.0
CEJXOG,NELREC,1.0
CEJXOG,NELRAY,1.0
CEJXOG,NERMON,1.0
CEKHIL,MONPAI,0.8999999761581421
CEKHIL,FIPKOG,0.8999999761581421
CEKHIL,CUFGIV,0.8999999761581421
CEKHIL,WODREO,0.8071428537368774
CEKYIC,HIXWIU01,1.0
CEKYIC,REGLOG,1.0
CEKYIC,UPIXUN01,1.0
CEKYIC,HIXWIU,1.0
CEKYIC,XUBMEN,1.0
CELDAA,TEPWIX,1.0
CELNUE,PEGRAW,1.0
CELNUE,PEGREA,1.0
CELNUE,PEGSAX,0.8999999761581421
CELZEA,XOJLAK,0.8999999761581421
CELZEA,CIHNEO,0.8999999761581421
CELZEA,MUQSIA,0.8999999761581421
CELZEA,ZIVCAK,0.8999999761581421
CELZUQ,OQOCAA,1.0
CELZUQ,WEMFUR,0.8999999761581421
CEMBII,WIZMAV09,1.0
CEMBII,WIZMAV10,1.0
CEMBII,WIZMAV04,1.0
CEMBII,WAYKAK,0.8999999761581421
CEMJOV,EXOFIH,1.0
CEMJOV,LEMYUA,1.0
CEMJOV,FEJHOS,1.0
CEMLOY,XUBGUY,0.8999999761581421
CEMLOY,ENITEB,0.8999999761581421
CEMLOY,HIHGEM,0.8999999761581421
CENPUI,UWAGAB01,0.8999999761581421
CENPUI,OXOZUY,0.8999999761581421
CENPUI,DADLOM,0.8999999761581421
CENQAP,UWAFOO,1.0
CENQAP,EHIJAH,1.0
CENQAP,XAFFAN,1.0
CENQAP,XAFFER,1.0
CEPXON,WEHHUO,0.8999999761581421
CEPXON,IYOLAL,0.8999999761581421
CEPXON,CEPXUT,0.8999999761581421
CEPXON,DAKVIW,0.8999999761581421
CEPXUT,FEQSIF,1.0
CEPXUT,DAKVOC,0.8999999761581421
CEPXUT,IYOLAL,0.8999999761581421
CEPYII,WEHHUO,1.0
CEPYII,WEHJAW,1.0
CEPYII,WEHJEA,1.0
CEPYII,WEHHOI,1.0
CEPYII,DAKVIW,0.8999999761581421
CERPOF,XADLIX,1.0
CERPOF,CERPOF01,1.0
CERPOF,RUDRUE,1.0
CERPOF01,XADLIX,1.0
CERPOF01,RUDRUE,1.0
CERPOF01,FAHGAY,0.8999999761581421
CESNUM,WEBKOD,1.0
CESNUM,NEBTAS,1.0
CESNUM,GIMSUS,1.0
CESQUP,JEDDII,1.0
CESQUP,LEKNUN,1.0
CESQUP,WUMDIT,0.9142857193946838
CESQUP,DARCOQ,0.8999999761581421
CESQUP,GENGIR,0.8999999761581421
CESYEF,CESYEF01,1.0
CESYEF,NAMKAO,1.0
CESYEF,NUZSOR,1.0
CESYEF01,NAMKAO,1.0
CESYEF01,NUZSOR,1.0
CETFOX,NAJGAH,0.925000011920929
CETFUD,KEQNOK,1.0
CETFUD,FEYQOQ,0.925000011920929
CETFUD,SOWXAF,0.8999999761581421
CETFUD,SOWXIN,0.8999999761581421
CETHEQ,PEWGEF,1.0
CETHEQ,JETQOP,1.0
CETKOE,IVOCIH,1.0
CETNUL,REVYUO,1.0
CETPIB,UXOWIO,1.0
CETPIB,UXOWOU,1.0
CETPIB,OJOQEJ02,1.0
CETPIB,DOQFOE,1.0
CETPIB,KIVZAR,1.0
CETPIB02,UXOWIO,1.0
CEVPID,CEVPID01,1.0
CEVVEF,DENGAH,1.0
CEVVEF,CEVVIJ,1.0
CEVVEF,DENFUA,1.0
CEVVIJ,DENFUA,1.0
CEWQAZ,ULUVUT,1.0
CEWQAZ,CEWQED,1.0
CEWQAZ,RUMRUO,1.0
CEWQED,RUMRUO,1.0
CEWQED,OQOXAV,1.0
CEXJUN,CEXJUN02,1.0
CEXJUN,CEXJUN01,1.0
CEXJUN,CEXJUN03,1.0
CEXJUN,FELZOM,0.8999999761581421
CEXJUN,MURFEM,0.8999999761581421
CEXJUN01,CEXJUN02,1.0
CEXJUN01,CEXJUN03,1.0
CEXJUN02,CEXJUN03,1.0
CEXJUN02,FELZOM,0.8999999761581421
CEXJUN03,MURFEM,0.8999999761581421
CEXWEI,HILKAP01,0.8999999761581421
CEXWEI,JOJLOK,0.8999999761581421
CEXWEI,KAWHOI,0.8999999761581421
CEXWOS,IJUSUD,0.8999999761581421
CEXWOS,HILKAP01,0.8999999761581421
CEXWOS,MOGNAY,0.8999999761581421
CEYPUT,OJOBAS,1.0
CEYPUT,CEYPUT01,1.0
CEYPUT,VEDFER,1.0
CEYPUT,VEDFOB,1.0
CEYPUT,VEDFUH,1.0
CEYPUT,VEDGAO,1.0
CEYPUT,VEDGES,1.0
CEYPUT01,OJOBAS,1.0
CEZZEN,TOLYID,1.0
CEZZEN,CEZZIR,1.0
CEZZEN,TEDZUZ,1.0
CEZZIR,TOLYID,1.0
CEZZIR,TEDZUZ,1.0
CEZZIR,XIVLEW,0.8999999761581421
CIBTIR,ELOCUD,0.8999999761581421
CIBTIR,ECIWAO,0.8999999761581421
CIBTIR,ODIZOQ,0.8999999761581421
CIBTIR,QOZDOY,0.8999999761581421
CIBTIT,EKEXIC,1.0
CIBTIT,PUNYIH,1.0
CIBTIT,WEYQAU01,1.0
CIBTIT,ZUCXOK,1.0
CICYIX,SADBOQ,0.8999999761581421
CICYIX,UHASED,0.8999999761581421
CICYIX,UHATAA,0.8999999761581421
CIDPEM,COKFAK,1.0
CIDPEM,VADWON,0.887499988079071
CIFDOM,LIXWAR01,1.0
CIFDOM,OYOSAX,1.0
CIFDOM,EGUHET01,1.0
CIFDOM,LIXWAR,1.0
CIFDUS,EGUHET,1.0
CIFDUS,LIXWAR01,1.0
CIFDUS,OYOSAX,1.0
CIFDUS,EGUHET01,1.0
CIFDUS,LIWYOG,0.8999999761581421
CIFGOP,EDOWEC,1.0
CIFHAC,CUYXOK,0.8999999761581421
CIFHAC,IJASOC,0.8999999761581421
CIFHAC,DOSHID,0.8999999761581421
CIFHAC,KIVVOC,0.8999999761581421
CIFHIK,PASMOO,0.8999999761581421
CIFHOQ,ZIGXEU,1.0
CIFHOQ,ZIGXAQ,1.0
CIFHOQ,OQIQIQ,0.8999999761581421
CIFJAE,FIJDEI,0.8999999761581421
CIFJAE,HIYZEV,1.0
CIFJAE,DAFHOJ,1.0
CIFJAE,ZOZKAC,1.0
CIFJAE,ZOYKAB,1.0
CIFMAH,MIHJUL,1.0
CIFMAH,NIGPEA,1.0
CIFMAH,DIBQIQ,1.0
CIFMAH,HELDOT,1.0
CIFSAO,GAZZIS02,1.0
CIFSES,GAZZIS02,1.0
CIFSES,GAZZIS03,1.0
CIFSES,UNIDAY,1.0
CIFSES,FOSTOY,1.0
CIFSES,FOSTUE,1.0
CIFSES,GIWMAD,1.0
CIGDUT,RATSAI,1.0
CIGDUT,HAWWAF,1.0
CIGDUT,CIYZAM01,1.0
CIGFAB,HOXKOV,1.0
CIGFAB,FEFWOF,1.0
CIGFAB,HAWVUY,1.0
CIGFAB,RATRUB,1.0
CIGFAB,OQIQEM,0.8999999761581421
CIGFEF,IYOVOI,1.0
CIGFEF,VIYMAT,1.0
CIGFEF,SISQIW,1.0
CIGFEF,HAWVEI,1.0
CIGNAI,ZOFSIY,0.8999999761581421
CIGTUK,CIGVAS,0.8999999761581421
CIGTUK,CIGVEW,0.8999999761581421
CIGVAS,CIGVEW,1.0
CIGYEY,EDAPIK,1.0
CIGYEY,QIPROY,1.0
CIGYEY,WOSGUI,0.8999999761581421
CIGYEY,REHJIZ,0.8999999761581421
CIHFUU,SOWXOT,0.925000011920929
CIHFUU,POPSAQ,0.925000011920929
CIHFUU,OGESUP,0.8999999761581421
CIHNEO,XOJLAK,0.8999999761581421
CIHNEO,DUVVOH02,0.8999999761581421
CIHNEO,ZIZTIN,0.8999999761581421
CIHNEO,ZIVBUD,0.8999999761581421
CIJBAB,ZESPUL,1.0
CIJBAB,CIJBEF,0.8999999761581421
CIJBAB,ZESMUI,0.8999999761581421
CIJBAB,ZESPAR,0.8999999761581421
CIJBEF,ZESNET,1.0
CIJBEF,ZESPEV,0.8999999761581421
CIJBEF,ZESPIZ,0.8999999761581421
CIJBEF,ZESNUJ,0.8999999761581421
CIJBIJ,ZESNIX,1.0
CIJBIJ,ZESPOF,1.0
CIJBIJ,ZESNAP,0.8999999761581421
CIKCOQ,KETHEY,1.0
CIKCOQ,KETHEY02,1.0
CIKCOQ,KETHEY01,1.0
CIKPEU,NOMPIQ,1.0
CIKPEU,NOMPOW,1.0
CIKPEU,NOMPIQ01,1.0
CIKPEU,DUPKEG,0.8999999761581421
CIMFUB,GITWIQ,1.0
CIMFUB,YESZAA,1.0
CIMFUB,GITVAH,1.0
CIMZII,MEYFOL,0.8999999761581421
CIMZII,MEYDUP,0.8999999761581421
CIMZII,MEYGAY,0.8999999761581421
CIPMOF,CIPMUL,0.8999999761581421
CIPMOF,XAFYEK,0.8999999761581421
CIPMOF,XAFYIO,0.8999999761581421
CIPMOF,NOMFIG,0.8999999761581421
CIPMUL,NOLVAN,0.8999999761581421
CIPMUL,WOBBOG,1.0
CIPMUL,DIGTOE,0.8999999761581421
CIQHES,CIQHIW,1.0
CIQHES,YADGIW,1.0
CIQHES,ELOQON,0.8999999761581421
CIQHES,EVADIQ,0.8999999761581421
CIQHES,JOFPAX,0.8999999761581421
CIQHES,KIXBOL,0.8999999761581421
CIQHIW,YADGIW,1.0
CIQHIW,ELOQON,0.8999999761581421
CIQHIW,HIPMEA,0.8999999761581421
CIQHIW,JOFPAX,0.8999999761581421
CIQHOC,QUDGED,1.0
CIQHOC,LABZIA,1.0
CIQHOC,LACDUR,1.0
CIQHOC,LABZEW,1.0
CIQHOC,XOLSOI,1.0
CIQHOC,HIPMEA,0.8999999761581421
CIQHOC,LUYBIS,0.8999999761581421
CIQHOC,XIYQUU,0.8999999761581421
CIQQIE,VOXTOT,0.8999999761581421
CIQQIE,XEDGIY,0.8999999761581421
CIQYUX,XUWHAZ,1.0
CIQYUX,POVXII,0.8999999761581421
CIQYUX,ZNACEU05,0.8999999761581421
CISJAQ,PUSXIL01,1.0
CISJAQ,PUSXIL,1.0
CISJAQ,MAFZOK,1.0
CISMAU,PEPHOJ,0.8999999761581421
CISMAU,CISMEY01,0.8999999761581421
CISMAU,CISMEY,0.8999999761581421
CISMEY,CISMEY01,1.0
CISMEY,PEPHOJ,1.0
CISMEY01,PEPHOJ,1.0
CITLOJ,CITMIE,0.8999999761581421
CITLOJ,CITMAW,0.8999999761581421
CITLUP,CITMIE,0.8999999761581421
CITLUP,CITMAW,0.8999999761581421
CITMAW,CITMIE,0.8999999761581421
CITWUY,GOFDAH,0.8999999761581421
CITXUZ,RAWYAS,1.0
CITXUZ,EXOYAS,1.0
CITXUZ,PAFZEE,0.9000000357627869
CITZIP,NEVVIU,1.0
CITZIP,NEVVAM,1.0
CITZIP,NEVVIU02,1.0
CITZIP,DIXKOL,1.0
CITZIP,NEVVIU01,1.0
CIXNUT,UGUGUZ,0.8999999761581421
CIXNUT,MUFYAP,0.8999999761581421
CIXNUT,UGUHAG,0.8999999761581421
CIXNUT,UGUHEK,0.8999999761581421
CIXNUT,NEBSAR,0.8999999761581421
CIXNUT,UBUPAK,0.8999999761581421
CIYJAW,IDUWAH,0.8999999761581421
CIYJAW,JEFROE,0.8999999761581421
CIYZAM01,RATSAI,1.0
CIYZAM01,HAWWAF,1.0
CIYZEQ,OZAVOC,0.8999999761581421
CIYZEQ,OZAVES,0.8999999761581421
CIYZIU,OQIQIQ,1.0
CIYZIU,SOKWAS01,0.8999999761581421
CIZQOT,FABFOF,1.0
CIZQUZ,GUTYIE,1.0
CIZQUZ,WEZNUM,1.0
CIZQUZ,XIRHOW,1.0
COBLIP,ICECIE,0.8999999761581421
COBLIP,RUSTOP,0.8999999761581421
COCMOY,COCMUE,1.0
COCMOY,COCNEP,0.8999999761581421
COCMOY,ZIMTAS,0.8999999761581421
COCMUE,COCNEP,0.8999999761581421
COCMUE,ZIMTAS,0.8999999761581421
COCNEP,ZIMTAS,1.0
CODFEH,MNMLTH,1.0
CODFEH,SENNIJ,1.0
CODFEH,SEJSOQ,1.0
CODFEH,MEYDUP,0.8999999761581421
CODFEH,MEYGAY,0.8999999761581421
CODKOX,RUZHIE,0.8999999761581421
CODKOX,CODKOX01,1.0
CODKOX,MODDEP,0.8999999761581421
CODKOX,PELNEA01,0.8999999761581421
CODKOX,KIHTIF,0.8999999761581421
CODKOX01,QEHJOD,0.8999999761581421
CODKOX01,MODDEP,0.8999999761581421
CODKOX01,PELNEA01,0.8999999761581421
CODKOX01,KIHTUR,0.8999999761581421
CODQOD,KIHTOL,0.8999999761581421
CODQOD,KIHTIF,0.8999999761581421
CODQOD,OBUZIV,0.8999999761581421
CODQOD,CODQUJ,0.8999999761581421
CODQUJ,SESDEA,0.8999999761581421
CODQUJ,QEHJUJ,0.8999999761581421
CODQUJ,GIGWID,0.8999999761581421
CODSAR,QEHJUJ,0.8999999761581421
CODVAU,LICGOW,0.8999999761581421
CODVAU,XAJQAC,0.8999999761581421
COJHIT,SUTBIT,0.8999999761581421
COJHIT,QUPZAE,1.0
COJHIT,QUPZAE02,1.0
COJHIT,HADLOQ01,1.0
COJHIT,HADLOQ,1.0
COJHIT,SOHGUS,1.0
COKFAK,CUMKIG,0.887499988079071
COKMEW,SARGOJ,1.0
COKMEW,MIHWAE,1.0
COKMUM,QUJJUB01,1.0
COKMUM,IQISEH,1.0
COKMUM,COKNUN,1.0
COKMUM,FOCJAL,0.8999999761581421
COKNAT,COKPUP,1.0
COKNAT,OLEYAH,1.0
COKNAT,WIZDEP,1.0
COKNAT,COKQOK,1.0
COKNAT,WOBHEB01,1.0
COKNAT,WOBHIF01,1.0
COKNAT,WOBHIF02,1.0
COKNAT,WOBHIF03,1.0
COKNAT,WOBHOL,1.0
COKNIB02,OZULUS,1.0
COKNIB02,COKQAW,1.0
COKNIB02,OZUMAZ01,1.0
COKNOH,WOPSOL01,1.0
COKNOH,MIHWAE,1.0
COKNOH,COKPID,1.0
COKNOH,COKQIE,1.0
COKNOH,FOCJAL,0.8999999761581421
COKNOH01,WOPSOL01,1.0
COKNOH01,MIHWAE,1.0
COKNUN,QUJJUB01,1.0
COKNUN,OZULAY,1.0
COKNUN,OZUKUR01,1.0
COKNUN,ORIWET,1.0
COKNUN,OZUKOL,1.0
COKNUN,FOCJAL,0.8999999761581421
COKNUN01,QUJJUB01,1.0
COKNUN01,OZULAY,1.0
COKNUN01,OZUKUR01,1.0
COKNUN01,IQISEH,1.0
COKNUN01,YAZZEG,0.8999999761581421
COKNUN02,QUJJUB01,1.0
COKNUN02,OZULAY,1.0
COKNUN02,OZUKUR01,1.0
COKNUN02,ORIWET,1.0
COKNUN02,OZUKOL,1.0
COKNUN02,YAZZEG,0.8999999761581421
COKPEZ,YUFLIW,1.0
COKPEZ,NOSTUM,1.0
COKPEZ,VAGTAA,1.0
COKPEZ,NOSTUM01,1.0
COKPID,WOPSAX,1.0
COKPID,WOPSOL,1.0
COKPID,SARHAW,1.0
COKQAW,OZULUS,1.0
COKQAW,OZUMAZ01,1.0
COKQAW,DUWGEJ,0.8999999761581421
COKQEA,VAMQIM,1.0
COKQEA,VAMPUX,1.0
COKQEA,VAMQEI,1.0
COKQIE,WOPSAX,1.0
COKQIE,WOPSOL,1.0
COKQIE,YAZZEG,0.8999999761581421
COKQOK,WOBHIF01,1.0
COKROL,YAKBOE,1.0
COMFEQ,VATYEV,1.0
COMFEQ,SATROV,1.0
COMFEQ,EBIBID,1.0
COMFIU,QESNEK04,1.0
COMFIU,EBIBOJ,1.0
COMHOC,MAXHUP,0.8999999761581421
COMHOC,COMHUI,1.0
COMHOC,IFEKUA,0.8999999761581421
COMHUI,IFEKUA,0.8999999761581421
COMMUN,MUDTIP,0.8999999761581421
COMMUN,IJENOB,0.8999999761581421
COMMUN,OLIHOH,0.8999999761581421
COMVAC,TORXAB,1.0
COMVAC,TUFPOB,1.0
COMVAC,KEYZOF,1.0
COMVAC,TORXOP,1.0
COMVAC,TORXOP01,1.0
COPTUX,VEZVUT,0.9590908885002136
COQJAV,WIGQEL,1.0
COQJAV,WOYWOY,1.0
COQJAV,WIGQAH,1.0
COQJAV,WAHRIJ,0.8999999761581421
COQJEZ,WOYWOY,1.0
COQJEZ,WIGQAH,1.0
COQMEB,WAPYIX,0.8999999761581421
COQMEB,YINROF,0.8999999761581421
COQMEB,WAPZAQ,0.8999999761581421
COQMEB,WAPZEU,0.8999999761581421
COQMEB,YINQOE,0.8999999761581421
COQMEB,YINREV,0.8999999761581421
COQMIF,NIGPOL01,0.8999999761581421
COQMIF,OMOFED,0.8999999761581421
COQTEJ,XENKIM,0.8999999761581421
COQTEJ,TIHRUA,0.8999999761581421
COQTEJ,TIHTUC,0.8999999761581421
COQTEJ,KIKTIK,0.8999999761581421
COQTEJ,LIKZEN,0.8999999761581421
COQTEJ,RERVIW,0.8999999761581421
CORYUE,FIKRUN,0.809999942779541
COSWEO,NIRMUW,1.0
COTVOY,NUTQAV,0.8999999761581421
COTVOY,JIDXIG,0.8999999761581421
COTVUE,ECEDAU,0.8999999761581421
COTVUE,ECEDEY,0.8999999761581421
COTVUE,KEFBII,0.8999999761581421
COTVUE,DEXZIS,0.8999999761581421
COTXEQ,OKIXIQ,1.0
COTXEQ,OKIWUB02,1.0
COTXEQ,OKIYIR,1.0
COTXIU,OKIXIQ,1.0
COTXIU,OKIWUB02,1.0
COTXIU,OKIYIR,1.0
COTXOA,OKIXIQ,1.0
COTXOA,OKIWUB02,1.0
COTXOA,OKIYIR,1.0
COTXOA,OKITIM,1.0
COTXOA,OKITIM01,1.0
COTXOA,OKITIM02,1.0
COTXOA,OKIVAG,1.0
COTXOA,OKIVAG01,1.0
COTXOA,OKIVIO,1.0
COTXOA,OKIVIO01,1.0
COTXOA,OKIVIO02,1.0
COTXOA,OKIVUA,1.0
COTXOA,OKIWEL,1.0
COTXOA,OKIWEL01,1.0
COTXOA,OKIWEL02,1.0
COTXOA,OKIWUB,1.0
COTXOA,OKIWUB01,1.0
COTXOA,OKIYAJ01,1.0
COTYIV,TEYLUH,1.0
COTYIV,TEYMES,1.0
COTYIV,MIVFEE,1.0
COWKAB,EVINON,0.8999999761581421
COWLIK,TEXVOJ,1.0
COWLIK,VEMHOL,1.0
COWLIK,UKOYID,1.0
COWLIK,WERHOR,0.8999999761581421
COWMAD,DEJTES,0.8999999761581421
COWMEH,COWMIL,0.8999999761581421
COWMEH,WOHZAU01,0.8999999761581421
COWMEH,DAGDEV,0.8999999761581421
COWMEH,RORRIB,0.8999999761581421
COWMIL,DAGDEV,0.8999999761581421
COWMIL,DAGDIZ,0.8999999761581421
COWMIL,ECORIX,0.8999999761581421
COWMIL,UVIPIZ,0.8999999761581421
COWMOR,WOHZAU01,1.0
COWMOR,VEYKES,0.8999999761581421
COWMOR,UVIPIZ,0.8999999761581421
COWQUC,VIZQEC,1.0
COWQUC,COWRAJ,1.0
COWQUC,COWRIR,1.0
COWQUC,COWREN,1.0
COWQUC,COWROX,1.0
COWQUC,HISGAT,0.8999999761581421
COWRAJ,VIZQEC,1.0
COWRAJ,COWRIR,1.0
COWRAJ,HISGAT,0.8999999761581421
COWREN,VIZQEC,1.0
COWREN,COWRIR,1.0
COWREN,COWROX,1.0
COWREN,HISGIB,0.8999999761581421
COWREN,MUNLAJ,0.8999999761581421
COWRIR,VIZQEC,1.0
COWRIR,HISFUM,0.8999999761581421
COWRIR,LACFOM,0.8999999761581421
COWROX,VIZQEC,1.0
COWROX,HISGAT,0.8999999761581421
COWRUC,PITYUN02,1.0
COWRUC,COWSEN,1.0
COWRUC,COWSAJ,1.0
COWRUC,PITYUN,1.0
COWRUC,PITYUN01,1.0
COWSAJ,PITYUN02,1.0
COWSAJ,COWSEN,1.0
COWSAJ,PITYUN,1.0
COWSAJ,PITYUN01,1.0
COWSEN,PITYUN02,1.0
COXCOJ,COXCUP,1.0
COXCOJ,COXDAW,1.0
COXCOJ,COXDIE,1.0
COXDAW,COXDIE,1.0
COXFOL,WIMWEW,1.0
COXFOL,XADDOX,1.0
COXFOL,PIHNEB,0.8999999761581421
COXFOL,WENRIR,0.8999999761581421
COXHON,HUNBIB,1.0
COXHON,SAHBEJ,1.0
COXHON,SAGZUW,1.0
COXHON,JELPAS,1.0
COXHON,SAHBAF,1.0
COXHON,UFITEJ,1.0
COXKUW,MOBDIR,0.8999999761581421
COXKUW,MOFGOE,0.8999999761581421
COXKUW,DOJXUW,0.8999999761581421
COYTEQ,COYVAO,0.8999999761581421
COYTEQ,COYTUG01,0.8999999761581421
COYTEQ,KUQCIJ,0.8999999761581421
COYTEQ,COYTIU,0.8999999761581421
COYTEQ,COYVAO01,0.8999999761581421
COYTEQ,WOCHUS,0.8999999761581421
COYTIU,CUCKIV,0.8999999761581421
COYTIU,COYVAO01,0.8999999761581421
COYTIU,COYTUG,0.8999999761581421
COYTIU,COYTUG01,0.8999999761581421
COYTIU,KOFVOS,0.8999999761581421
COYTIU,KUQCIJ,0.8999999761581421
COYTUG,COYTUG01,1.0
COYTUG,COYVES01,0.8999999761581421
COYTUG01,COYVES01,0.8999999761581421
COYTUG01,HENYUV,0.8999999761581421
COYTUG01,HESVOR,0.8999999761581421
COYVAO,COYVAO01,1.0
COYVAO,WOCHUS,0.8999999761581421
COYVAO,KOFVOS,0.8999999761581421
COYVAO,KUQCIJ,0.8999999761581421
COYVAO01,WOCHUS,0.8999999761581421
COYVAO01,KUQCIJ,0.8999999761581421
COYVES,COYVES01,1.0
COYVES,HENYUV,0.8999999761581421
COYVES,KOFVOS,0.8999999761581421
COYVES,CUCKIV,0.8999999761581421
COYVES01,HENYUV,0.8999999761581421
COYVES01,KOFVOS,0.8999999761581421
COZGED,YELNIM,1.0
COZGED,ZZZSSS01,1.0
COZGED,COZGED01,1.0
COZGED,ORAWEL,1.0
COZGED,ODAHUY,0.8999999761581421
COZGED01,ORAWEL,1.0
COZGED01,ZZZSSS01,1.0
COZGED01,XAHZIQ,0.8999999761581421
COZMUA,EVUDAA,0.8999999761581421
COZMUA,XISXEE,0.8999999761581421
COZMUA,YERFUZ,0.8999999761581421
CUBHOY,GICXEY,0.7874999642372131
CUBHOY,GARTIF,0.7874999642372131
CUBHOY,GICXAU,0.7874999642372131
CUBKUF,FOQSUA,1.0
CUBKUF,FABGUM,0.8999999761581421
CUCITD,CUCITD01,1.0
CUCITD,CUCITD02,1.0
CUCITD,CUCITD03,1.0
CUCITD,VORKUK,1.0
CUCITD02,CUCITD03,1.0
CUCITD02,VORKUK,1.0
CUCITD03,DINNEV,0.8999999761581421
CUCITD03,LIHCIT01,0.8999999761581421
CUCKIV,WOCHUS,0.8999999761581421
CUFDOX,CUFFUF,1.0
CUFDOX,PEYVEV,1.0
CUFDOX,CUFFEP,1.0
CUFDUD,CUFFUF,1.0
CUFFEP,CUFFUF,1.0
CUFFEP,PEYVEV,1.0
CUFFIT,CUFFUF,1.0
CUFFIT,PEYVEV,1.0
CUFFOZ,CUFFUF,1.0
CUFFOZ,PEYVEV,1.0
CUFFOZ,IMUTUG,1.0
CUFFOZ,IMUVAO,1.0
CUFFOZ,IMUVES,1.0
CUFFOZ,TIKXAN,1.0
CUFFUF,PEYVEV,1.0
CUFFUF,ZUWXOG,1.0
CUFGIV,NUTYIM,0.9624999761581421
CUFGIV,FIPKUM,0.8999999761581421
CUFGIV,FIPKOG,0.8999999761581421
CUFGIV,MONPAI,0.8999999761581421
CUFJUK,EKIJEP01,1.0
CUFJUK,EKIJEP,1.0
CUFJUK,EKIJAL,0.8999999761581421
CUFJUK,IREKUN,0.8999999761581421
CUGLIB,XINWUO,0.8999999761581421
CUGLTM,CUGLTM02,1.0
CUGLTM,CUGLTM01,1.0
CUGLTM01,HURNOX,0.8999999761581421
CUGQUR,HIXZOD,1.0
CUGQUR,MUCNEE,0.8999999761581421
CUGQUR,MUCNEE01,0.8999999761581421
CUGSUT,QALNEW,0.8999999761581421
CUHYUB,HUCXAG,1.0
CUHYUB,HUCXIO,0.8999999761581421
CUHYUB,HUCXEK,0.8999999761581421
CUJCIV,ZAXSAV,1.0
CUJCIV,HUCXEK,1.0
CUJCIV,UTELOW,0.8999999761581421
CUJCIV,MAFWEY,0.8999999761581421
CUKBEQ,QEBYON,1.0
CUKBEQ,OPUKAN,1.0
CUKBEQ,OPUKAN01,1.0
CUKBEQ,JOFPAX,0.8999999761581421
CUKXAI,FIBJAE,1.0
CUKXAI,VEMHOL,1.0
CUKXAI,FIBHUW,1.0
CUKXAI,IMOVOX,0.8999999761581421
CUKXAJ,DAHMIJ,1.0
CUKXAJ,RIJYIV,1.0
CUKXAJ,UYOGOF,1.0
CUKXAJ,WOHPIU,0.8999999761581421
CUKXEN,DAHMIJ,1.0
CUKXEN,RIJYIV,1.0
CUKXEN,PAYTAM,1.0
CUKXEN,UYOGOF,1.0
CUKXEN,WONBAD,1.0
CUKXIR,VIHHEA,0.8999999761581421
CUKXIR,VITKOA,0.8999999761581421
CUMDIY,RAKPAV,1.0
CUMDIY,XESLAK,0.8999999761581421
CUMDOE,LEDJUA,1.0
CUMDOE,GESNOI,1.0
CUMFOG,SEYVIC01,0.8999999761581421
CUMFOG,SEYVIC,0.8999999761581421
CUMKIG,VADWON,1.0
CUMLUT,MITTAL,1.0
CUMLUT,NABLIM,1.0
CUMLUT,ODOXEK,1.0
CUMLUT,MITSAK,1.0
CUMLUT,MITSEO,1.0
CUMLUT,MITSIS,1.0
CUMLUT,MITSUE,1.0
CUMLUT,NEHMET,1.0
CUMLUT,TOKDON,1.0
CUNFOH,PEWGEF,1.0
CUNFOH,JETQOP,1.0
CUPLOP,DIFZUP,1.0
CUPLOP,EMUGUP,1.0
CUPLOP,FAGBOF,0.8999999761581421
CUPLOP,CUPMAC,0.8999999761581421
CUPLUV,FAGBUL,0.8999999761581421
CUPLUV,LEHGIR,0.8999999761581421
CUPLUV,FABCUI,0.8999999761581421
CUPLUV,EMUGUP,0.8999999761581421
CUPMEG,GUWNUI,0.8999999761581421
CUPMEG,EMUGUP,0.8999999761581421
CUPMEG,FAGBOF,0.8999999761581421
CUPMEG,FAGBUL,0.8999999761581421
CUQXAP,CUQXIX,0.8999999761581421
CUQXAP,JUPBUT,0.8999999761581421
CUQXIX,JUPBUT,0.8999999761581421
CURSEO,HOHJAR,1.0
CURSEO,LOBNUM,1.0
CURYOE01,PUDTOY,0.8999999761581421
CURYOE01,LABJOP,0.8999999761581421
CUSBUO,VIDSIN,0.785714328289032
CUSBUP,UYEBIL,1.0
CUSBUP,ZEZHUK,0.8999999761581421
CUSDIE,JOCWIJ,1.0
CUSDIE,OVIVIZ,0.8999999761581421
CUSQOX,OFACEF,0.8999999761581421
CUSXIY,ZARLIP,1.0
CUSXIY,ZARLEL,1.0
CUSXIY,KULLEK,0.8999999761581421
CUSYIA,YEVKES,1.0
CUSYIA,CUSZEX,1.0
CUSYIA,YEVKAO,1.0
CUSYOG,CUSZEX,1.0
CUSYOG,YEVKAO,1.0
CUSYOG,RBTCNQ12,0.8999999761581421
CUSYOG,RBTCNQ13,0.8999999761581421
CUSYUM,CUSZEX,1.0
CUSYUM,YEVKAO,1.0
CUSZAT,CUSZEX,1.0
CUSZAT,YEVKAO,1.0
CUSZAT,CUSZIB,1.0
CUSZAT,CUTMAH,1.0
CUSZAT,FAKLUA,0.8999999761581421
CUSZEX,YEVKAO,1.0
CUSZEX,DEHRIR,0.8999999761581421
CUSZEX,TONTIB,0.8999999761581421
CUSZIB,YEVKAO,1.0
CUTBEA,CUTBIE,0.8999999761581421
CUTBEA,CUTBOK,0.8999999761581421
CUTBIE,CUTBOK,0.8999999761581421
CUTCYM01,CUTCYM02,1.0
CUTCYM01,LORFUT,0.8999999761581421
CUTCYM01,DOJVUU,0.8999999761581421
CUTCYM02,LORFUT,0.8999999761581421
CUTCYM02,DOJVUU,0.8999999761581421
CUTGAA,SOBZIT,0.8999999761581421
CUTGAA,SOBZAL,0.8999999761581421
CUTGAA,SOBZEP,0.8999999761581421
CUTKUY,LOYBIM,0.8999999761581421
CUTKUY,LARNAV,0.8999999761581421
CUTKUY,QUBHAX,0.8999999761581421
CUTKUY,QUBHAX01,0.8999999761581421
CUTMAH,YEVKAO,1.0
CUTMAH,DEHRIR,0.8999999761581421
CUVHEH,CUVHIL,1.0
CUVHIL,CUVHIL01,1.0
CUVHIL,NUXYEL,0.8999999761581421
CUVTUJ,VAMQIM,1.0
CUVTUJ,GENMIY,1.0
CUVTUJ,ORIWAP,1.0
CUVTUJ,QOWLEU,1.0
CUVVOG,EKEKIQ,0.9639999866485596
CUVVOG,EKEKOW,0.9639999866485596
CUVVOG,GEFTET,0.8615384697914124
CUVVOG,SEGWAF,0.8615384697914124
CUWNIT,XAMGUQ,1.0
CUWNIT,GEPBEK,1.0
CUWNIT,WUHMUJ,1.0
CUWNIT,VUKTIG,0.8999999761581421
CUWNIT,ZEFRIN,0.8999999761581421
CUWNIT,ZEFSUA,0.8999999761581421
CUWNIT,ZEFSUA01,0.8999999761581421
CUWWOI,SONTEV,1.0
CUWWOI,IJATUI,1.0
CUWWOI,RUSSUU,1.0
CUWWOI,DUBXOP,0.8999999761581421
CUWWOI,DUBXUV,0.8999999761581421
CUWWOI,RUSTIJ,0.8999999761581421
CUWWOI,YICDAR,0.8999999761581421
CUWYAW,GEDSAL,0.8999999761581421
CUXLEO,DABMUR,1.0
CUXLEO,KINNAY,1.0
CUXLEO,KINNEC,1.0
CUXPER,CUXQAO,1.0
CUXPER,LIHFAK,0.8999999761581421
CUXPER,DAMYOI,0.8999999761581421
CUXPIV,KIYZID,0.8999999761581421
CUXPIV,KIYZID01,0.8999999761581421
CUXPIV,CUXQAO,0.8999999761581421
CUXPIV,CUXPUH,0.8999999761581421
CUXPIV,DAMYUO,0.8999999761581421
CUXPUH,DAMYUO,1.0
CUXPUH,CUXQIW,0.8999999761581421
CUXPUH,RIWXAX,0.8999999761581421
CUXPUH,XOXGUN,0.8999999761581421
CUXQAO,XOXGUN,0.8999999761581421
CUXQES,XOXGUN,0.8999999761581421
CUXQES,LIHDUC01,0.8999999761581421
CUXQES,LIHFAK,0.8999999761581421
CUXQIW,KIZBEC01,0.8999999761581421
CUYXOK,IJASOC,0.8999999761581421
CUYXOK,KIVVOC,0.8999999761581421
CUYXOK,DOSHID,0.8999999761581421
CUZBUW,MOXDIN,1.0
DABMEB,RAHTAV,0.8999999761581421
DABMUR,KINNAY,1.0
DABMUR,KINNEC,1.0
DACJUO,FIMXUW,0.8999999761581421
DADLOM,XAFFER,0.8999999761581421
DADLOM,OXOZUY,0.8999999761581421
DADLOM,VACKUI,0.8999999761581421
DADTOS,SIWPUL,1.0
DADTOS01,SIWPUL,1.0
DADTOS02,SIWPUL,1.0
DADTOS03,SIWPUL,1.0
DADTOS04,SIWPUL,1.0
DADTOS05,SIWPUL,1.0
DADTOS06,SIWPUL,1.0
DADTOS07,SIWPUL,1.0
DADTOS08,SIWPUL,1.0
DADTOS09,SIWPUL,1.0
DADTOS10,SIWPUL,1.0
DADTOS11,SIWPUL,1.0
DADTOS12,SIWPUL,1.0
DADTOS13,SIWPUL,1.0
DADTOS14,SIWPUL,1.0
DADTOS15,SIWPUL,1.0
DADTOS16,SIWPUL,1.0
DADTOS17,SIWPUL,1.0
DADTOS18,SIWPUL,1.0
DADTUY,DEFNIO,1.0
DADTUY,OXCFOR,1.0
DADTUY,YANBAR02,1.0
DADTUY01,DEFNIO,1.0
DADTUY01,OXCFOR,1.0
DADTUY01,YANBAR02,1.0
DADTUY05,DEFNIO,1.0
DADTUY05,OXCFOR,1.0
DADTUY05,YANBAR02,1.0
DADTUY06,DEFNIO,1.0
DADTUY06,OXCFOR,1.0
DADTUY06,YANBAR02,1.0
DADTUY07,DEFNIO,1.0
DADTUY07,OXCFOR,1.0
DADTUY07,YANBAR02,1.0
DADTUY08,DEFNIO,1.0
DADTUY08,OXCFOR,1.0
DADTUY08,YANBAR02,1.0
DADTUY09,DEFNIO,1.0
DADTUY09,OXCFOR,1.0
DADTUY09,YANBAR02,1.0
DADTUY10,DEFNIO,1.0
DADTUY10,OXCFOR,1.0
DADTUY10,YANBAR02,1.0
DADTUY11,DEFNIO,1.0
DADTUY11,OXCFOR,1.0
DADTUY11,YANBAR02,1.0
DADTUY12,DEFNIO,1.0
DADTUY12,OXCFOR,1.0
DADTUY12,YANBAR02,1.0
DADVAG03,JEXXAM07,1.0
DADVAG03,JEXXAM05,1.0
DADVAG03,DADVAG07,1.0
DADVAG04,JEXXAM05,1.0
DADVAG04,DADVAG07,1.0
DADVAG05,JEXXAM05,1.0
DADVAG05,DADVAG07,1.0
DADVAG05,ZIGLOT,1.0
DADVAG06,JEXXAM05,1.0
DADVAG06,DADVAG07,1.0
DADVAG06,DADVAG08,1.0
DADVAG06,DEFNOU,1.0
DADVAG07,JEXXAM05,1.0
DADVAG08,JEXXAM04,1.0
DADVAG08,JEXXAM06,1.0
DADXUE,EZULAO,1.0
DADXUE,LUWKIZ,1.0
DADXUE,EGUHOD02,1.0
DADXUE,EGUHOD01,1.0
DAFHID,QEZZED,1.0
DAFHID,LEPLAV,0.8999999761581421
DAFHID,OHIHUJ,0.8999999761581421
DAFHID,OHIHOD,0.8999999761581421
DAFHOJ,ZOZKAC,1.0
DAFHOJ,HIYZEV,1.0
DAFHOJ,ZOYKAB,1.0
DAFHOJ,HIYZEV01,1.0
DAFHOJ,DOJYAD,0.8999999761581421
DAFYAN,DAFYOB,1.0
DAFYAN,ONUKAL,0.8999999761581421
DAFYAN,VOBKAA,0.8999999761581421
DAFYOB,ONUKAL,0.8999999761581421
DAFYOB,VOBKAA,0.8999999761581421
DAGDEV,RORRIB,0.8999999761581421
DAGDEV,ECORIX,0.8999999761581421
DAGDEV,UVIPIZ,0.8999999761581421
DAGDEV,VEYKES,0.8999999761581421
DAGDIZ,DEJTES,1.0
DAGDIZ,DEJTIW,1.0
DAGDIZ,ECOROD,0.8999999761581421
DAGDIZ,VEYKES,0.8999999761581421
DAGGOK,YOYZUJ,1.0
DAGGOK,DAGGUQ,1.0
DAGGOK,WIWHOB01,1.0
DAGGOK,WIWHOB,1.0
DAGGUQ,WIWHOB01,1.0
DAGGUQ,WIWHOB,1.0
DAHMIJ,MALWUU,1.0
DAHMIJ,UYOGOF,1.0
DAHNOQ,XOTGUI,1.0
DAHNOQ,SATRIP,1.0
DAHNOQ,KOCDOX,1.0
DAHNOQ,SOPPIX,1.0
DAHNOQ,VATYAR,1.0
DAHNOQ,WEMDID,1.0
DAHNOQ,XUMBEN,1.0
DAHNUW,SATRIP,1.0
DAHNUW,KOCDOX,1.0
DAHNUW,LAMSOJ,1.0
DAHNUW,SOPPIX,1.0
DAHPAE,WEMCAU,1.0
DAHPAE,DECDUN,0.8999999761581421
DAHWAM,YUWKEH01,0.8999999761581421
DAHWAM,YUWKIL,0.8999999761581421
DAHWAM,UVIKIU,0.8999999761581421
DAHWAM,TUTZUD,0.8999999761581421
DAHWAM,YUWKEH,0.8999999761581421
DAJVES,HAWGEU,0.8999999761581421
DAJVES,NIKHUL,0.8999999761581421
DAJVES,NIKJAT,0.8999999761581421
DAJVES,OTAQAD,0.8999999761581421
DAJVES,ZIYWIQ,0.8999999761581421
DAJWET,NIKJAT,0.8999999761581421
DAJWET,OTIBUQ,0.8999999761581421
DAJWET,IFIQUM,0.8999999761581421
DAJWET,HAWGEU,0.8999999761581421
DAJWET,NIKHOF,0.8999999761581421
DAJWET,WINRAP,0.8999999761581421
DAKVIW,DAKVOC,0.8999999761581421
DAKVIW,IYOLAL,0.8999999761581421
DAKVOC,WEHJEA,1.0
DALSER,SAGZUW,1.0
DALSER,UFITEJ,1.0
DALSER,JELPAS,1.0
DALSOA,JIYKAG,0.8999999761581421
DALSOA,ZOYKEF,0.8999999761581421
DALSOA,XINTOG,0.8999999761581421
DALSUH,DALTAO,0.8999999761581421
DALSUH,NIRSUF,0.8999999761581421
DALSUH,JITJAA,0.8999999761581421
DALVAQ,DALVIY,0.8999999761581421
DALVAQ,DALVEU,0.8999999761581421
DALVEU,IKUTUF,1.0
DALVEU,DALVIY,0.8999999761581421
DAMYOI,LIHDUC01,0.8999999761581421
DAMYOI,RIWWOK,0.8999999761581421
DAMYUO,KIYZID01,0.8999999761581421
DANFUW,SAHYOS,0.8999999761581421
DANVEU,IFOQAV,1.0
DANVEU,IFOQAV01,1.0
DANVEU,LETFOH,1.0
DANWAS,MIVFUU,1.0
DANWAS,EHIVOH,1.0
DANWAS,TEDHAN,1.0
DANZEX,GANBIH,1.0
DANZEX,JAKBUV,1.0
DANZEX,FEZPUW,0.8999999761581421
DAPHAD01,WECBEN,1.0
DAPHAD01,XIYYEL,1.0
DAPHAD01,OHEGAJ,1.0
DAPHAD01,SEYQIW,1.0
DAPZAW,XOBDUO,1.0
DAPZAW,ZIJGUU01,1.0
DAPZAW,YEYLUJ,1.0
DAQRET,DAQRET01,1.0
DAQRET,PIZNOB,1.0
DAQRET,EBOJIP,1.0
DARCOQ,DARFOT,0.8999999761581421
DARDAD,PICCUC,0.8999999761581421
DARDAD,NIYZIG,0.8999999761581421
DARDIL,ZIGQEO,1.0
DARDIL,ZIGQIS,1.0
DARDIL,UKAQED,1.0
DARDUX,KIJKIA,1.0
DARFOT,KIJKOG,0.8999999761581421
DARQOF,FERCEN,1.0
DARQOF,FERCUD,1.0
DARQOF,FERCAJ,1.0
DASTEY01,VUKSIF,1.0
DASTEY01,HENSEB01,1.0
DASTEY01,VUKSEB,1.0
DASTEY01,HENSEB,1.0
DASTEY01,LEHFOW,1.0
DASTEY01,TAGTIH,0.8999999761581421
DASTEY01,TOWLIC,0.8999999761581421
DASTEY01,USUQOQ,0.8999999761581421
DASTEY02,HENSEB01,1.0
DASTEY02,VUKSEB,1.0
DASTEY02,YEKQOW,1.0
DASTEY02,MIMKIE,0.8999999761581421
DASTEY02,QIMFEA,0.8999999761581421
DASTEY02,WAMJUS,0.8999999761581421
DATPIY,IXUWUV,0.8999999761581421
DATPIY,NANZOS,0.8999999761581421
DATPIY,RASXEP,0.8999999761581421
DATPIY,LUXFOA,0.8999999761581421
DAWCIP,NEHGEO,1.0
DAWCIP,NEHGIS,1.0
DAWFEO,QEPNOR,0.8999999761581421
DAWFEO,QOSFAH,0.8999999761581421
DAWPEZ,DUPKAC,1.0
DAWWAC,KOYHIR,1.0
DAWWAC,QONKUB,0.8999999761581421
DAWWAC,QOMSES,0.8999999761581421
DAWWIJ,DAWWOP,0.8999999761581421
DAXFEQ,DAXFIU,0.8999999761581421
DAXKIY,JOJMEB,0.8999999761581421
DAXKIY,DUBFEM,0.8999999761581421
DAXNIA,HEWPIJ,1.0
DAXNIA,SIWQIA02,1.0
DAXNIA01,SIWQIA02,1.0
DAXNIA02,SIWQIA02,1.0
DAXNIA03,SIWQIA02,1.0
DAXNIA04,SIWQIA02,1.0
DAXNIA04,ELUQIM,1.0
DAXNIA04,ELUQIM01,1.0
DAXNIA04,ELUQIM04,1.0
DAXNIA04,ELUQIM05,1.0
DAXNIA04,ELUQIM06,1.0
DAXNIA04,ELUQIM07,1.0
DAXNIA04,ELUQIM08,1.0
DAXNIA04,ELUQIM09,1.0
DAXNIA04,ELUQIM10,1.0
DAXNIA04,ELUQIM11,1.0
DAXNIA04,ELUQIM12,1.0
DAXNIA04,ELUQIM13,1.0
DAYCIQ,WARWOC,1.0
DAYGUH,EBAQOP,1.0
DAYGUH,EBAQOP01,1.0
DAYGUH,IXEZES,0.8999999761581421
DAYGUH,ENAMIR,0.8999999761581421
DAYGUH,HIZFIH,0.8999999761581421
DAYGUH,HOPMUW,0.8999999761581421
DAYWOS,HIDMIS,0.8999999761581421
DAYWOS,YUMVAF,0.8999999761581421
DAYYIN,OKEPUR,1.0
DAZKEX,PELVUZ,0.8999999761581421
DAZKEX,ZEFSUA01,0.8999999761581421
DAZKEX,POKZIA,0.8999999761581421
DEBBIY,JOFCEO01,0.8999999761581421
DEBNUU,QAHTOI,0.8999999761581421
DEBNUU,QOTDUZ,0.8999999761581421
DEBNUU,XEBHOB,0.8999999761581421
DEBNUU,DINDUZ,0.8999999761581421
DEBNUU,DINDUZ01,0.8999999761581421
DEBNUU,FETBIQ,0.8999999761581421
DECDUN,NOQLOV,1.0
DECDUN,NOQLOV01,1.0
DECDUN,OPEGUM,1.0
DECVIT,MACKAE,1.0
DECVIT,EHAXUG01,0.8999999761581421
DECVIT,QUMQOF,0.8999999761581421
DECVIT,QUMRUM,0.8999999761581421
DECVIT,TOJNAJ,0.8999999761581421
DECXOB,DECYUI,0.8147058486938477
DEFKUU,IHAVIW,0.8999999761581421
DEFKUU,DINDUZ,0.8999999761581421
DEFKUU,YIKMAG,0.8999999761581421
DEFKUU,SOMQUG,0.8999999761581421
DEFNEK,FEFRMT,1.0
DEFNEK,PESSAK01,1.0
DEFNEK,XACLUL,1.0
DEFNIO,YANBAR01,1.0
DEFNIO,VIRJIQ,1.0
DEFNIO,OXCFOR,1.0
DEFNOU,JEXXAM04,1.0
DEFNOU,JEXXAM06,1.0
DEFXEU,NAHQAQ,0.8999999761581421
DEFXEU,NAHQEU,0.8999999761581421
DEFXEU,NAHQUK,0.8999999761581421
DEGBOI,EKAQEN,1.0
DEGBOI,OBOHOE,0.8999999761581421
DEGBOI,EKAQIR,0.8999999761581421
DEGBOI,HUPTOB,0.8999999761581421
DEGBOI,SIYGOZ,0.8999999761581421
DEGJIK,QOMSAO,1.0
DEGJIK,QONLEM,1.0
DEGJIK,LUGLUU,0.8999999761581421
DEGJIK,SIXDUZ,0.8999999761581421
DEGMAG01,ZESPIZ,0.8999999761581421
DEGMAG01,ZESPEV,0.8999999761581421
DEHBEY,PUNCUX,0.8999999761581421
DEHBEY,NDFUMA01,0.8999999761581421
DEHBIC,TEKDUI01,0.8999999761581421
DEHBIC,HIXWIU,0.8999999761581421
DEHBIC,MUCNEE01,0.8999999761581421
DEHFUR,XACFAJ,1.0
DEHFUR,XACFEN,0.8999999761581421
DEHHIK,FIFNOY02,1.0
DEHHIK,MOWQOF01,1.0
DEHHIK,JOGHIY,1.0
DEHHIK,MOWQOF,1.0
DEHHIK,SINLAE,1.0
DEHHOQ,FIFNIS,1.0
DEHYEV,XAJZAK,1.0
DEJCEB,DEPXAY,1.0
DEJCEB,IVAZUA01,1.0
DEJCEB,LALKEP,0.8999999761581421
DEJCEB,LALKIT,0.8999999761581421
DEJCIF,FEBPUY,1.0
DEJCIF,SOWTIJ,0.8999999761581421
DEJJEK,OXIXIE,0.8999999761581421
DEJJEK,FEQWUU,0.8999999761581421
DEJJEK,WOHPIU,0.8999999761581421
DEJTES,DEJTIW,1.0
DEKBON,HEHROE,1.0
DEKBON,LAYXAN,1.0
DEKBON,LAYXER,1.0
DEKGOS,TIDWIO,0.8999999761581421
DEKLEL,XEJJEC,0.8999999761581421
DEKLEL,GAMTOE,1.0
DEKLEL,GAMTAQ,1.0
DEKLEL,ECUCIP,0.8999999761581421
DEKLEL,ECUCOV,0.8999999761581421
DEKLEL,WEWGAH,0.8999999761581421
DEKLEL,YEGTEK,0.8999999761581421
DEKLIP,GAMTAQ,0.8999999761581421
DEKLIP,GAMTOE,0.8999999761581421
DEKLIP,WEWGAH,0.8999999761581421
DEKLIP,XEJJIG,0.8999999761581421
DEKPAL,XUWVEQ,1.0
DEKPAL,HAKWUM,1.0
DEKPAL,DEKPEP,1.0
DEKPAL,MESBAN,1.0
DEKPAL,GUXLIU,0.8999999761581421
DEKPEP,MESBAN,1.0
DEKPEP,HAKWUM,1.0
DEKPEP,SIJPUX,0.8999999761581421
DEKZEA,DEKZOK,0.925000011920929
DEKZEA,DELBED,0.925000011920929
DEKZIE,DEKZOK,1.0
DEKZOK,DELBED,1.0
DELTAQ,DELTAQ01,1.0
DELTAQ,PIBJIV,1.0
DELTAQ,WIDTAF,1.0
DELTAQ,DELTAQ02,1.0
DELTAQ01,PIBJIV,1.0
DELTAQ01,WIDTAF,1.0
DELTAQ01,HUWPIA,0.8999999761581421
DELTAQ02,PIBJIV,1.0
DELTAQ02,WIDTAF,1.0
DELTAQ02,HUWPIA,0.8999999761581421
DENQIZ,LACPEN,1.0
DEPJIR,SIWQIA03,1.0
DEPJIR,YUKVUW,1.0
DEPJIR,YUKVUW01,1.0
DEPJIR,YUKVUW02,1.0
DEPVUQ,DEPWAX,1.0
DEPXAY,IVAZUA01,1.0
DEPXAY,FEBPUY,0.8999999761581421
DEPXOM,WEYQAU13,1.0
DEPXOM,WEYQAU15,1.0
DEPXOM,WEYQAU10,1.0
DEPXOM,GUKKON,0.8999999761581421
DEPXOM,NIRNAD,0.8999999761581421
DEPXOM,OFEREX,0.8999999761581421
DEPXOM,SEHXIN,0.8999999761581421
DERBIO,MOXDOT,1.0
DERBIO,HURGOR,1.0
DESHOZ,IVAZOU,1.0
DESHOZ,KEYMEI,0.8999999761581421
DESVIJ,ROYSOP,1.0
DESVIJ,ROYSUV,0.8999999761581421
DESVOP,ROYTAC,1.0
DESVOP,ROYSAB,0.8999999761581421
DETRAX,KACSIS,1.0
DETRAX,MEWNAD,0.8999999761581421
DETRAX,DIXCET,0.8999999761581421
DETRAX,NOGCAO,0.8999999761581421
DETVUW,SOKKOT,1.0
DETVUW,SOKKUZ,1.0
DETVUW,SOMFIK,1.0
DETVUW,LUDBOC,0.8999999761581421
DEXXAF,OTIWOF,1.0
DEXXAF,JUPFOP,1.0
DEXXAF,OTIWOF02,1.0
DEXXAF,OTIWOF01,1.0
DEXXAF,OTIXAS,1.0
DEXXAF,ZIWTII,1.0
DEXZIS,KEFBOO,0.8999999761581421
DEXZIS,ECEDAU,0.8999999761581421
DEYNIG,RUPTED,1.0
DEYNIG,PEXJUY,1.0
DEYNIG,PEXJUY01,1.0
DEZCAO,DEZCIW,0.8999999761581421
DEZCAO,DEZCES,0.8999999761581421
DEZCER,NAVLIG,0.8999999761581421
DEZCER,QAGTOH,0.8999999761581421
DEZCER,XEDXOW,0.8999999761581421
DEZCES,DEZCIW,0.8999999761581421
DEZKAW,JOBKUI,0.8999999761581421
DEZKAW,HICSOE,0.8999999761581421
DIBJEF,FASGAK,1.0
DIBJEF,FASFUD,0.8999999761581421
DIBQEM,NIGNUO,1.0
DIBQEM,HELDOT,1.0
DIBQEM,NIGPAW,1.0
DIBQEM,NIGPEA,1.0
DIBQIQ,NIGNUO,1.0
DIBQIQ,HELDOT,1.0
DIBWUH,GANBED01,1.0
DIBWUH,GANBON,1.0
DIBWUH,GANBED03,1.0
DIBWUH,GANBED04,1.0
DIBWUH,GANBED06,1.0
DIBXAO,HAWVOQ02,1.0
DIBXAO,HAWVOQ01,1.0
DIBXAO,KEQMAX03,1.0
DIBXIW,XESCOO,0.8999999761581421
DIBZEV,DIBZOF,1.0
DIBZEV,IRAZEH,1.0
DIBZEV,UVUMEF,0.8999999761581421
DIBZEV,VOTNAV,0.8999999761581421
DICKEH,HABQUY,0.9590908885002136
DICPUD,QOHYET,0.8999999761581421
DICPUD,HURGUX01,0.8999999761581421
DICPUD,NUFTOY,0.8999999761581421
DIDBAV,ERUNUC,1.0
DIDBAV,DIDBEZ,1.0
DIDBAV,DIDBID,1.0
DIDBAV,ZILBAZ,1.0
DIDBEZ,ERUNUC,1.0
DIDBEZ,DIDBID,1.0
DIDBEZ,JODGIU,1.0
DIDBEZ,ZILBAZ,1.0
DIDBEZ,KUCFOF,0.8999999761581421
DIDBID,ERUNUC,1.0
DIDBID,JODGIU,1.0
DIDBIE,ICUDOC,0.8999999761581421
DIDBIE,GUWWIF,0.8999999761581421
DIDBIE,KAPHAL,0.8999999761581421
DIDVIW,SIWPUL02,1.0
DIFYEZ,HADQUA,0.8999999761581421
DIFZUP,EMUGUP,1.0
DIGPER,EBEWOZ,1.0
DIGPER,EBEWIT,1.0
DIGPER,EBEXIU02,1.0
DIGPER,EBEWOZ01,1.0
DIGPER,EBEXEQ,1.0
DIGPER,EBEXEQ01,1.0
DIGTEU,DIGTIY,0.8999999761581421
DIGTEU,WOBBOG,0.8999999761581421
DIGTEU,XAFYAG,0.8999999761581421
DIGTEU,NOMFOM,0.8999999761581421
DIGTOE,DIGTUK,0.8999999761581421
DIGTOE,XAFYEK,0.8999999761581421
DIGTUK,XAFXUZ,0.8999999761581421
DIGTUK,XAFYEK,0.8999999761581421
DIGTUK,NOMFUS,0.8999999761581421
DIGTUK,WOBBOG,0.8999999761581421
DIHVIB,SADLEQ,0.8999999761581421
DIHVIB01,MARXEK,0.8999999761581421
DIJCOP,KOLPOR,0.8999999761581421
DIJCOP,KIDLAL,1.0
DIJCOP,DIJCOP01,1.0
DIJCOP,KOLPUX,0.8999999761581421
DIJCOP01,KIDLAL,1.0
DIJCOP01,KOLQEI,0.8999999761581421
DIKBAB,YEGKOM,1.0
DIKBAB,WOHDED,1.0
DIKBAB,MEBMEM01,0.8999999761581421
DIKBAB01,XUHJEQ,0.8999999761581421
DIMBOS,HOXGAD,0.9639999866485596
DIMBOS,PULWEZ,1.0
DIMDAG,FIPKOG,0.9624999761581421
DIMDAG,FIPKOG01,0.9624999761581421
DIMDAG,NUTYEI,0.8999999761581421
DIMDAG,MAVRAE,0.8999999761581421
DIMDAG,NUTYIM,0.8999999761581421
DIMDAG,VIXZUZ,0.8999999761581421
DINDUZ,EXAHAM,1.0
DINDUZ,DINDUZ01,1.0
DINDUZ,EZOXEX,0.8999999761581421
DINDUZ,IHAVIW,0.8999999761581421
DINDUZ,XIPLOX,0.8999999761581421
DINDUZ01,EXAHAM,1.0
DINDUZ01,FETBIQ,0.8999999761581421
DINDUZ01,XEBHOB,0.8999999761581421
DINNEV,QASXAM,0.8999999761581421
DINYEG,DINYEG01,1.0
DINYEG,DIXBET01,0.8999999761581421
DINYEG01,DIXBET01,0.8999999761581421
DINYEG01,DIXBET,0.8999999761581421
DIQGUH,POMSOB,1.0
DIQGUH,OSAVEK,1.0
DIQGUH,PIMTAJ,1.0
DIQHAO,DIQHAO01,1.0
DIQHAO,YATDOP,1.0
DIQHAO,XALMII,1.0
DIQHAO,NIDFOX,1.0
DIQHAO,POTREX,1.0
DIQHAO,XALMOO,1.0
DIQHAO01,YATDOP,1.0
DIQHAO01,XALMII,1.0
DIQHAO01,POTREX,1.0
DIQHAO01,XALMOO,1.0
DIRTEG,XAWDUX,0.8999999761581421
DIRTEG,SOCKAY,0.8999999761581421
DITGUL,DITJIC,1.0
DITGUL,DITRUW,1.0
DITGUL,DITROQ,1.0
DITGUL,DITRIK,1.0
DITHAS,DITHEW01,1.0
DITHAS,DITHEW,1.0
DITHAS,DITJEY01,1.0
DITHAS,DITJOI,1.0
DITHEW,DITJEY01,1.0
DITHEW,DITJOI,1.0
DITJEY01,FATNAR,0.8999999761581421
DITJEY01,SERKEG,0.8999999761581421
DITJIB,SUKYON,0.8999999761581421
DITJIB,TOVKAS,0.8999999761581421
DITJIB,VEWKUF,0.8999999761581421
DITJIB,DITJOH,0.8999999761581421
DITJIC,DITRUW,1.0
DITJIC,DITROQ,1.0
DITJOH,VEWKUF,0.8999999761581421
DITJOH,SUKYON,0.8999999761581421
DITJOH,TOVKAS,0.8999999761581421
DITJOI,FIJNAO,0.8999999761581421
DITJOI,QIDTEF,0.8999999761581421
DITJOI,WUZKOS,0.8999999761581421
DITKAT01,WENRIR,1.0
DITKAT01,OQOCAA,0.8999999761581421
DITPON,WUDQIW,0.8999999761581421
DITPON,UFETAB01,0.8999999761581421
DITPON,UFETAB,0.8999999761581421
DITPUT,UFETAB,0.8999999761581421
DITPUT,WUDQIW,0.8999999761581421
DITPUT,UFETAB01,0.8999999761581421
DITRIK,DITRUW,1.0
DITRIK,DITROQ,1.0
DITRIK,DITSAD,1.0
DITROQ,DITRUW,1.0
DITROQ,DITSAD,1.0
DITRUW,DITSAD,1.0
DITSIK,TINFIH,0.8999999761581421
DITTEH,YIBMON,1.0
DITTEH,HOXSIY,1.0
DITTEH,FAGXOD,1.0
DITTEH,FAGXIX,1.0
DITWEK,VOYYAL,0.8999999761581421
DITXOU,YUJCOX,1.0
DITXOU,UGUQOC,1.0
DITXOU,UMEXUF,1.0
DITXOU,UNADIX,1.0
DITYEM02,GAXROO,1.0
DITYEM02,PEFDEK,1.0
DITYEM02,UQOSOJ,0.8999999761581421
DIVMUR,WEMBUN,1.0
DIVMUR,OJONOQ,1.0
DIVMUR,HAKYOH,0.8999999761581421
DIVNAY,EDIKEH,1.0
DIVNAY,OHUVIY,0.8999999761581421
DIVPUU,DIVQAB,1.0
DIVQAB,YIMBAA,0.8999999761581421
DIVSUY,WOJYOL,1.0
DIVSUY,NUHQAK,1.0
DIVSUY,WOJZIG,1.0
DIWMON,DIWNAA,0.8999999761581421
DIWMON,RORVAX,0.8999999761581421
DIWNAA,RORVAX,0.8999999761581421
DIXBET,DIXBET01,1.0
DIXCET,NIHDUD,0.8999999761581421
DIXCET,EPURIS,0.8999999761581421
DIXKOL,NEVVIU01,1.0
DIXKOL,QIRYAS,1.0
DIXKOL,NEVVAM,1.0
DIXKOL,NEVVIU,1.0
DIXKOL,NEVVIU02,1.0
DIXKUR,DIXKUR01,1.0
DIXKUR,KUXHUI,0.8999999761581421
DIXKUR01,KUXHUI,0.8999999761581421
DIXKUR01,KUXHIW,0.8999999761581421
DIXNUV01,IJEYON,1.0
DIXNUV01,OGUJIL,1.0
DIXNUV01,OGUJOR,1.0
DIXNUV01,WUZQOZ,1.0
DIXNUV01,XOCTUG,0.8999999761581421
DIXVUC01,DIXVUC04,1.0
DIXVUC01,DIXVUC03,1.0
DIXVUC01,DIXVUC02,1.0
DIXVUC01,JOJJEY,0.8999999761581421
DIXVUC02,DIXVUC04,1.0
DIXVUC02,DIXVUC03,1.0
DIXVUC03,DIXVUC04,1.0
DIXVUC03,JOJJAU,0.8999999761581421
DIXVUC04,TOHRUF,0.8999999761581421
DIXVUC04,TOHRUF01,0.8999999761581421
DIYRIO,UWIGOX,0.8999999761581421
DIYRIO,QAPGIZ,0.8999999761581421
DIYRIO,PATLON,0.8999999761581421
DODBUV,DOGBAE,1.0
DODBUV,KIHXUX,0.8999999761581421
DODBUV,KERFOF,0.8999999761581421
DODLOY,ROJPUD,0.8999999761581421
DODLOY,XOMROI,0.8999999761581421
DODLOY,XANDAU,0.8999999761581421
DODLOY,GEKJAK,0.8999999761581421
DODLOY,XOMRUO,0.8999999761581421
DODLUE,ROJPUD,0.8999999761581421
DODLUE,GEKJAK,0.8999999761581421
DODLUE,XOMRUO,0.8999999761581421
DODMIT,NERMON,1.0
DODMIT,RESWUI02,1.0
DODMIT,NELREC,1.0
DOGBAE,KIHXUX,0.8999999761581421
DOGBAE,KERFOF,0.8999999761581421
DOGBAE,NIKJAT,0.8999999761581421
DOGBAE,YITGOA,0.8999999761581421
DOHDOU02,XEHSIN,1.0
DOHDOU02,XEHRUY,1.0
DOHDOU02,NAXVOY03,1.0
DOHPIA,EBUTUS01,0.8999999761581421
DOHPIA,KOTBUS,0.8999999761581421
DOJTIH,DOJTON02,1.0
DOJTIH,DOJTON01,1.0
DOJTIH,DOJTON,1.0
DOJTIH,PIZPET,0.8999999761581421
DOJTON,DOJTON02,1.0
DOJTON,DOJTON01,1.0
DOJTON01,DOJTON02,1.0
DOJTON01,PUNCUX,0.8999999761581421
DOJTON02,KHMALA03,0.8999999761581421
DOJVUU,LORFED01,0.8999999761581421
DOJVUU,PAXSEM01,0.8999999761581421
DOJVUU,LORGAA,0.8999999761581421
DOJVUU,LORFED02,0.8999999761581421
DOJVUU,LORFUT,0.8999999761581421
DOJXIK,KUGQOT,1.0
DOJXIK,OHIHUJ,1.0
DOJXIK,KOQXUL,1.0
DOJXOQ,XOFFUT,0.8999999761581421
DOJXOQ,DOJXUW,0.8999999761581421
DOJXUW,VODBIA,1.0
DOJXUW,YUBGIN,0.8999999761581421
DOJXUW,VELHUS,0.8999999761581421
DOJYAD,NAMDOV,0.8999999761581421
DOJYAD,VELHUS,0.8999999761581421
DOLWAE,MUVJIX,1.0
DOLWAE,DOLWAE02,1.0
DOLWAE02,MUVJIX,1.0
DOLWAE02,WEQQUH,0.8999999761581421
DOLWEI,XOLSUO,1.0
DOLWEI,WEQQUH,0.8999999761581421
DOLWEI,LUYBIS,0.8999999761581421
DOMCUE,TASVUG,1.0
DOMDAL,TASVUG,1.0
DOMDAL,TASWAN,1.0
DOMKEX,MERLAZ,0.8999999761581421
DOMKEX,VETVAS,0.8999999761581421
DOMKEX,NIKKIC,0.8999999761581421
DOMKEX,OTIBUQ,0.8999999761581421
DOMKEX,HAWGEU,0.8999999761581421
DOMKEX,KERFOF,0.8999999761581421
DONNAW01,LOQLIN01,1.0
DONNAW01,SICDAL,1.0
DONNAW01,LOQLIN,1.0
DONNAW01,PTRPHT02,0.8999999761581421
DONNAW01,RUPRUQ,0.8999999761581421
DONNEA,LOQLIN01,1.0
DONNIE,LOQLIN01,1.0
DONNIE,SICDAL,1.0
DONNIE,LOQLIN,1.0
DONNIE,PTRPHT02,0.8999999761581421
DONNIE,RUPRUQ,0.8999999761581421
DOQFOE,SIKGAW,1.0
DOQFOE,HEMZOR,1.0
DORDUK,YIGKAD,1.0
DORDUK,ISOJOQ,1.0
DORDUK,NODKAT,1.0
DORDUK,KOTBIG,0.8999999761581421
DOSHID,KIVVOC,0.8999999761581421
DOTSOV05,JALLOA,0.8999999761581421
DOTSOV16,NALYEG,0.8999999761581421
DOTSOV18,NALYEG,0.8999999761581421
DOTSOV21,MOYVIG,0.8999999761581421
DOTSOV21,NALYEG,0.8999999761581421
DOTSOV25,MOYVIG,0.8999999761581421
DOTSOV26,MOYVIG,0.8999999761581421
DOTSOV29,GAVDUD,1.0
DOTSOV29,LUDLED,1.0
DOTSOV29,LUDLIH,1.0
DOTSOV29,NEHZOS,1.0
DOTSOV29,NEHZUY,1.0
DOTSOV29,YOZMEH,1.0
DOTSOV29,YOZMIL,1.0
DOTSOV29,YOZMOR,1.0
DOTSOV29,YOZMUX,1.0
DOTSOV29,YOZNAE,1.0
DOTSOV29,YOZNEI,1.0
DOTSOV29,YOZNIM,1.0
DOTSOV29,YOZNOS,1.0
DOTSOV29,YOZNUY,1.0
DOTSOV29,YOZPAG,1.0
DOTSOV35,ENATUJ,0.8999999761581421
DOTSOV35,YAYRAT,0.8999999761581421
DOTSOV38,QAWHIH,1.0
DOTSOV38,QAWHIH01,1.0
DOTSOV38,WULJUJ,1.0
DOTSOV38,XAMDUM01,1.0
DOTSOV38,XAMDUM02,1.0
DOTTEM,LOQLIN01,1.0
DOTTEM,SICDAL,1.0
DOTTEM,HEWPAB,0.8999999761581421
DOTVOZ,WAHREE,1.0
DOTVOZ,VEGXOW,1.0
DOTVOZ,TAFCIO01,1.0
DOTVUF,VEGXIQ,1.0
DOTVUF,VEGXIQ01,1.0
DOTVUF,VEGYIR,1.0
DOTWAL,ZUVTEP,1.0
DOTWAL,ESUMOU,0.8999999761581421
DOTWAL,NAFQIV,0.8999999761581421
DOYHIK,DOYHUW,1.0
DOYHIK,VOSWOR,1.0
DOYHIK,VOSWIL,1.0
DOYHIK,NUFBEX,1.0
DOYHIK,NUFBOH,1.0
DOYHIK,NUFBUN,1.0
DOYHIK,WUPZUE,1.0
DOYHOQ,VOSWOR,1.0
DOYHOQ,VOSWIL,1.0
DOZKIO,FIZPOV,0.8999999761581421
DOZKIO,LOSBOM,0.8999999761581421
DOZKIO,FIZQAI,0.8999999761581421
DOZKIO,FIZPUB,0.8999999761581421
DOZQUF,WUXPEK,0.8999999761581421
DUBFEM,VASFUT,1.0
DUBFEM,DUDMEV,1.0
DUBGAJ,VASFED,1.0
DUBGAJ,XECJUK01,0.8999999761581421
DUBGAJ,QAHREY,0.8999999761581421
DUBGAJ,VASFAZ,0.8999999761581421
DUBGAJ,XECJUK,0.8999999761581421
DUBGEN,MOMJIJ,0.8999999761581421
DUBGEN,VASFAZ,0.8999999761581421
DUBGEN,OHIZIO,0.8999999761581421
DUBGEN,MOKZOC,0.8999999761581421
DUBGEN,MOKZOC01,0.8999999761581421
DUBGEN,NATXEN,0.8999999761581421
DUBWON,FASVIH,0.8999999761581421
DUBXOP,DUBXUV,1.0
DUBXOP,IKUTIT,0.8999999761581421
DUBXOP,YICDAR,0.8999999761581421
DUBXUV,IKUTIT,0.8999999761581421
DUBXUV,RUSTEF,0.8999999761581421
DUDKAQ,OFODET,1.0
DUDKAQ,VALXEO,1.0
DUDKAQ,GIFJUD,0.8999999761581421
DUDKAQ,ZIDMIL,0.8999999761581421
DUDKEU,WANNEH,1.0
DUDKEU,WANNIL,1.0
DUDKEU,VALWUD,1.0
DUDKEU,VALXIS,0.8999999761581421
DUDKEU,VEYRAU,0.8999999761581421
DUDKEU,VIXWEF,0.8999999761581421
DUDKIY,UBIBUF,1.0
DUDKIY,HOGJIX,1.0
DUDKIY,DUDKOE,1.0
DUDKIY,IVUVIG,0.8999999761581421
DUDKIY,MICJOA,0.8999999761581421
DUDKIY,ZIDMIL,0.8999999761581421
DUDKOE,UBIBUF,1.0
DUDKOE,HOGJIX,1.0
DUDKOE,ZEKRIS,0.8999999761581421
DUDKUK,MICJOA,1.0
DUDKUK,VEYRAU,0.8999999761581421
DUDKUK,HOGJIX,0.8999999761581421
DUDMEV,VASFUT,1.0
DUDMEV,VASFAZ,0.8999999761581421
DUDVUV,SAYKIO,0.8999999761581421
DUDVUV,PEKCUF,0.8999999761581421
DUDZOT,TEWMUG,0.8999999761581421
DUDZOT,VALWOX,0.8999999761581421
DUDZOT,WISVEB,0.8999999761581421
DUDZOT,OFODAP,0.8999999761581421
DUDZOT,TOWPAY,0.8999999761581421
DUFLOH,HEHVOI,1.0
DUFLOH,YICQOS,1.0
DUFLOH,YICQOS01,1.0
DUGDOA,XISDUA,1.0
DUGDOA,DUGDOA01,1.0
DUGDOA,IGETUL,1.0
DUGDOA,OMUMEQ,1.0
DUGDOA01,IGETUL,1.0
DUGDOA01,OMUMEQ,1.0
DUGDUG,MUGXIX,1.0
DUGDUG,XISDIO,1.0
DUJQUW,QESNEK,0.8999999761581421
DUJQUW,QESNEK02,0.8999999761581421
DUKMUT,XULDOZ,0.8999999761581421
DUKMUT,ROMQAN,0.8999999761581421
DUKMUT,SEKYEP,0.8999999761581421
DUKMUT,XULDEP,0.8999999761581421
DUKMUT,UQERIT,0.8608695268630981
DUKXEO,MOXGAI,0.8999999761581421
DULMEE,UGIGEY,0.8999999761581421
DULVEM,DULVEM02,1.0
DULVEM,QUJFUX,0.8999999761581421
DULVEM,GUSWIB,0.8999999761581421
DULVEM,ZAJKED,0.8999999761581421
DULVEM02,QUJFUX,0.8999999761581421
DULVEM02,GUSWEX,0.8999999761581421
DUNXUH,DUNXUH21,1.0
DUNXUH,DUNXUH06,1.0
DUNXUH,DUNXUH13,1.0
DUNXUH,DUNXUH15,1.0
DUNXUH,EWAZIL,0.8999999761581421
DUNXUH06,DUNXUH21,1.0
DUNXUH06,DUNXUH13,1.0
DUNXUH06,DUNXUH15,1.0
DUNXUH13,DUNXUH21,1.0
DUNXUH13,LETHAU,0.8999999761581421
DUNXUH15,DUNXUH21,1.0
DUNXUH15,LETHAU,0.8999999761581421
DUNXUH21,IJEYEC,0.8999999761581421
DUPKEG,VEXTUO,0.8999999761581421
DUPKEG,NOMPOW,0.8999999761581421
DUPKEG,QAMKOH,0.8999999761581421
DUPKIK,QAMKOH,1.0
DUQSAK,YAQDIF,1.0
DUQSAK,RUSWUZ,0.8999999761581421
DUQSAK,LIVREP,0.8999999761581421
DUQSAK,UZIZOU,0.8999999761581421
DUQXAQ,PAPKOJ,0.8999999761581421
DURDAX,PEDWIH,1.0
DURDAX,ZUJVAD,1.0
DURDAX,DURDIF,1.0
DURDAX,REBVIG,1.0
DURDIF,PEDWIH,1.0
DURDIF,ZUJVAD,1.0
DURDIF,REBVIG,1.0
DUVMIR,UREVEU,1.0
DUVMIR,QAZFAB,0.8999999761581421
DUVNIS,XAVQIU,1.0
DUVNIS,XAPSIS,1.0
DUVNIS,JEDVUM,1.0
DUVNIS,XAVQIU01,1.0
DUVNIS01,XAVQIU,1.0
DUVNIS01,XAPSIS,1.0
DUVNIS01,JEDVUM,1.0
DUVVOH02,NEXRAM,1.0
DUVVOH02,MUQSIA,0.8999999761581421
DUVVOH02,IWERAD,0.8999999761581421
DUWBEE,QAPYOY,1.0
DUWBEE,SITDAD,1.0
DUWBEE,NETYET,1.0
DUWBEE,NETYIX,1.0
DUWDOQ,DUWFAE,0.8999999761581421
DUWFOS,HUHGUN,1.0
DUWFOS,ONATUT,1.0
DUWFOS,HUHHAU,0.8999999761581421
DUXGOU,GADDUN,0.8999999761581421
DUXGOU,UZUNOT,0.8999999761581421
DUXMAL,IDUSIM,0.8999999761581421
DUXMAL,SOZHOG,0.8999999761581421
DUYJIS,WASMIP01,0.8999999761581421
DUYTUN,RUFMUA01,0.8999999761581421
DUYTUN,RUDRUE,0.8999999761581421
DUYTUN,EBEXIU02,0.8999999761581421
DUYVAV,LAVTEJ,0.8999999761581421
DUYVAV,LAVTEJ01,0.8999999761581421
DUZNET,MAXFEY,0.8999999761581421
DUZNET,MAXFUO,0.8999999761581421
DUZNET,XANBOE,0.8999999761581421
DUZNET,MAXGEZ,0.8999999761581421
DUZNIX,MAXFOI,0.8999999761581421
DUZNIX,MAXFEY,0.8999999761581421
DUZNIX,MAXGOJ,0.8999999761581421
DUZNIX,MAXGUP,0.8999999761581421
DUZNUJ,MAXFUO,0.8999999761581421
DUZNUJ,MAXGEZ,0.8999999761581421
DUZNUJ,YAYPOF,0.8999999761581421
DUZNUJ,MAXGID,0.8999999761581421
DUZPAR,MAXFOI,0.8999999761581421
DUZPAR,MAXGOJ,0.8999999761581421
DUZPAR,YAYPOF,0.8999999761581421
DUZPAR,MAXGUP,0.8999999761581421
DUZPUL,QOYYOU,1.0
DUZPUL,UFAMIA,1.0
DUZPUL,UFOFUT,1.0
DUZPUL,UFAMEW,1.0
DUZPUL,UFAMUM,1.0
DUZPUL,KUFVAK,0.8999999761581421
DUZQAS,UFAMIA,1.0
DUZQAS,UFOFUT,1.0
DUZQAS,VITZEF,0.8999999761581421
EBANAY,LATCIV,1.0
EBANAY,OLOKEF,0.8999999761581421
EBANAY,UGECEO03,0.8999999761581421
EBAQOP,EBAQOP01,1.0
EBAQOP,VUNKOG,0.8999999761581421
EBAQOP,SIXPOG,0.8999999761581421
EBAQOP01,KUHRAI,0.8999999761581421
EBAQOP01,VUNKOG,0.8999999761581421
EBEWIT,EBEWOZ01,1.0
EBEWIT,EBEXEQ01,1.0
EBEWOZ,EBEWOZ01,1.0
EBEWOZ,EBEXEQ01,1.0
EBEWOZ,EBEXEQ,1.0
EBEWOZ,EBEXIU02,1.0
EBEWOZ01,EBEXEQ01,1.0
EBEXEQ,EBEXEQ01,1.0
EBEXEQ,EBEXIU02,1.0
EBEZOC,OMICOD,0.8999999761581421
EBEZOC,IKULUX,0.8999999761581421
EBEZOC,PUNCIL,0.8999999761581421
EBIBID,SATROV,1.0
EBIBID,VATYEV,1.0
EBIFIG,EBIFUS,1.0
EBIFIG,QETZEX,0.8999999761581421
EBIFIG,QETYUM,0.8999999761581421
EBIFUS,QETZEX,0.8999999761581421
EBIFUS,QETYUM,0.8999999761581421
EBIFUS,WANYER,0.8999999761581421
EBIHII,ZOHFUZ,1.0
EBIHII,LARPOL,1.0
EBIHII,WUCRUH,1.0
EBIMEJ,GIZVER,1.0
EBIMEJ,RAVDEZ,0.8999999761581421
EBIMEJ,RAVDID,0.8999999761581421
EBIMIN,HOGLEV,0.8999999761581421
EBIMIN,RAVCOI,0.8999999761581421
EBIMIN,OPURIB,0.8999999761581421
EBIMIN,EBIMOT,0.8999999761581421
EBIMOT,RAVCUO,0.8999999761581421
EBIMOT,HOGLEV,0.8999999761581421
EBIMOT,RAVDEZ,0.8999999761581421
EBINUA,ONAWEG01,1.0
EBINUA,EBINUA02,1.0
EBINUA,QOGRIO,0.8999999761581421
EBINUA,VUNBOW,0.8999999761581421
EBINUA01,ONAWEG,1.0
EBINUA01,ONAWAC,1.0
EBINUA01,ONAWEG02,1.0
EBINUA01,XOVBIV01,0.8999999761581421
EBINUA02,QOGRIO,0.8999999761581421
EBOJIP,PIZNOB,1.0
EBOJIP,GUDFER,0.8999999761581421
EBOJOW,ECOLOZ,0.8071428537368774
EBOTAS,FAHDUO,0.8999999761581421
EBOTAS,OSIYIZ,0.8999999761581421
EBOTAS,OSIYEV,0.8999999761581421
EBOTAS,OSIXUK,0.8999999761581421
EBOTEW,FAHDUO,0.8999999761581421
EBOTEW,OSIYEV,0.8999999761581421
EBOTEW,OSIYIZ,0.8999999761581421
EBOTIB,SURJOG,1.0
EBOTIB,SURHEU02,1.0
EBOTIB,RUBTAK09,1.0
EBUJUI,EBUKOD,1.0
EBUJUI,QIYSAT,0.8999999761581421
EBUJUI,QOFMUU,0.8999999761581421
EBUKOD,QIYSAT,0.8999999761581421
EBUKOD,QOFMUU,0.8999999761581421
EBUKOD,PAVDIA,0.8999999761581421
EBUKOD,XOVBIV01,0.8999999761581421
EBUREA,VAHVOR,0.8999999761581421
EBUREA,PENNAZ,0.8999999761581421
EBUREA,INOVEN,0.8999999761581421
EBUTIG,KOTPAM,0.8999999761581421
EBUTOM01,MOXNIY,0.8999999761581421
EBUTOM01,KOTPAM,0.8999999761581421
EBUTUS,PESSOX02,1.0
EBUTUS01,PESSOX02,1.0
EBUTUS01,PESSOX01,1.0
EBUTUS01,PESSOX,1.0
ECAHEX,ECAHOH,1.0
ECEDAU,ECEDAU01,1.0
ECEDAU,NUTQEZ,0.8999999761581421
ECEDAU,JIDXIG,0.8999999761581421
ECEDAU01,NUTQEZ,0.8999999761581421
ECEDEY,ECEDEY01,1.0
ECEDEY,IQUCOO,0.8999999761581421
ECEDEY,TOVHET,0.8999999761581421
ECEDEY,LIQFIC,0.8999999761581421
ECEDEY01,IQUCOO,0.8999999761581421
ECEDEY01,TOVHET,0.8999999761581421
ECEDEY01,KEWZET,0.8999999761581421
ECEDEY01,SOTXIK,0.8999999761581421
ECESEN,OHAZON,0.8999999761581421
ECESEN,OHEBAF,0.8999999761581421
ECESEN,OHAZUT,0.8999999761581421
ECESEN,JEGKEO,0.8999999761581421
ECEYUH,ECEZAO01,1.0
ECEYUH,NUYNAY,0.8999999761581421
ECEYUH,MINVUA01,0.8999999761581421
ECEZAO01,NUYNAY,0.8999999761581421
ECEZAO01,MINVUA01,0.8999999761581421
ECIWAO,QOZDOY,1.0
ECIWAO,OTIQAL,0.8999999761581421
ECIWAO,ELOCUD,0.8999999761581421
ECIWIW,IGUVAJ,1.0
ECIWIW,IGUVIR,1.0
ECIWIW,IGUTUB,1.0
ECIWIW,IGUTUB01,1.0
ECIWIW,IGUVAJ01,1.0
ECIWIW,IGUVIR01,1.0
ECIWOC,ICAGOK,0.8999999761581421
ECIWOC,KAGJOS,0.8999999761581421
ECIWOC,QOQWOK01,0.8999999761581421
ECIWOC,KUCFOF,0.8999999761581421
ECODIK,NIHDEQ,1.0
ECODIK,VOJPUG01,1.0
ECODIK,HAWZEM,1.0
ECOJIP,KAFPUE,1.0
ECOJIP,WOHYOH,1.0
ECORIX,ECOROD,0.8999999761581421
ECOROD,RORRIB,0.8999999761581421
ECUBUA,PASNAA01,1.0
ECUBUA,PASNAA,1.0
ECUBUA,KODKIZ,1.0
ECUCAH,ECUCAH02,1.0
ECUCAH,XUMVUY,0.8999999761581421
ECUCAH,XUMVAE01,0.8999999761581421
ECUCAH,XUMVOS,0.8999999761581421
ECUCAH02,XUMVUY,0.8999999761581421
ECUCAH02,XUMVAE01,0.8999999761581421
ECUCAH02,PASMUT,0.8999999761581421
ECUCEL,XUMVOS,0.8999999761581421
ECUCEL,PASMUT,0.8999999761581421
ECUCIP,GAMTOE,0.8999999761581421
ECUCIP,GAMTAQ,0.8999999761581421
ECUCOV,YEGTAG,0.8999999761581421
ECUCOV,WEWGAH,0.8999999761581421
ECUCOV,YEGTEK,0.8999999761581421
ECUDAI,GAMTIY,0.8999999761581421
ECUDAI,GAMTOE,0.8999999761581421
ECUDAI,YEGTEK,0.8999999761581421
ECUFIU,FIPPEA,1.0
ECUFIU,FIPPEA01,1.0
ECUFIU,FIPPAW,1.0
ECUFIU,FIPPEA02,1.0
ECUFIU,VAQSUD,1.0
ECUVEF,GIWFUP01,0.8999999761581421
ECUVEF,GIWFUP,0.8999999761581421
ECUVEF,QOKCID,0.8499999642372131
ECUZIN,ECUZIN01,1.0
EDADET,KOLQEI,0.8999999761581421
EDAJUP,REWVIB,0.8999999761581421
EDAKIE,MALAMN,0.8999999761581421
EDAKIE,MNMLTH,0.8999999761581421
EDAKIE,MEYDUP,0.8999999761581421
EDAPIK,QIPROY,1.0
EDAPIK,FOKWIN,0.8999999761581421
EDAPIK,WOSGUI,0.8999999761581421
EDAVOV,KEYFIF,1.0
EDAVOV,KEYFIF01,1.0
EDAVOV,KEYFUR,1.0
EDEPAG,IXISOZ02,1.0
EDEPAG,EHAZAO,1.0
EDEPAG,WECSAZ,1.0
EDEPAG,WOZDEW,1.0
EDEPEK,MITQEM,1.0
EDEPEK,HAXYIQ,1.0
EDEPEK,KAYBES,0.8999999761581421
EDEPEK,SISFAD,0.8999999761581421
EDEPEK,SISFAD01,0.8999999761581421
EDIMUZ,TACPOD,0.8999999761581421
EDIMUZ,TACPIX,0.8999999761581421
EDIMUZ,GAWMOI,0.8999999761581421
EDORUN,EDOSOI,1.0
EDOSEY,NAPSUV,1.0
EDOSEY,XICKOL,0.9624999761581421
EDOSEY,JALPAQ,0.9624999761581421
EDOWEC,IXUQOJ,1.0
EDOWEC,YAJNEF,1.0
EDOWIG,MIBQAR12,1.0
EDOWIG,MIBQAR14,1.0
EDOWIG,MIBQAR05,1.0
EDTASN,GETTIJ,0.8999999761581421
EDTASN,TAHFUF,0.8999999761581421
EDTASN,WEKYES,0.8999999761581421
EDUSUR,HOLQOQ,1.0
EDUSUR,JEBXUM,0.8999999761581421
EDUSUR,EZIPEK,0.8999999761581421
EDUSUR,MIQXIW,0.8999999761581421
EDUVAA,PIWVAV,1.0
EDUVEF,SABVUN01,0.8999999761581421
EDUVEF,YICRIM,0.8999999761581421
EDUVEF,OBEMUE01,0.8999999761581421
EFEGEC,YATTUK,1.0
EFEGEC,NIGFOZ,1.0
EFEGEC,SEHSII,1.0
EFESEP,EFESOZ,1.0
EFIRUH,XULHIW,0.8999999761581421
EFUFEQ,EHEPAJ,0.8999999761581421
EFUFEQ,ZEZQIG,0.8999999761581421
EFUFEQ,GUPJEG01,0.8999999761581421
EFUHEU,VACFUB01,1.0
EFUHEU,JUKVEQ01,1.0
EFUHEU,VACFUB,1.0
EFUHEU,REDYEG,1.0
EGAFOJ,EGAFUP,0.8999999761581421
EGEBEY,EGEBIC,0.8999999761581421
EGEHOO,PEGQUP,0.8999999761581421
EGEHOO,UDANEV,1.0
EGEHOO,TEFWOR,1.0
EGEHOO,WEMCIC,0.8999999761581421
EGEHOO,INOJAX,0.8999999761581421
EGELIM,SABVOH01,1.0
EGELIM,SABVUN,1.0
EGELIM,HAFQUC,1.0
EGELIM,KUNTAQ02,1.0
EGELOS,SABVOH01,1.0
EGELOS,SABVUN,1.0
EGELOS,HAFQUC,1.0
EGELUY01,SABVOH01,1.0
EGELUY01,SABVUN,1.0
EGELUY01,HAFQUC,1.0
EGEPUC,RAKPAV,0.8999999761581421
EGEPUC,YEMLOS,0.8999999761581421
EGEPUC,XESKOX,0.8999999761581421
EGEPUC,EWISEI,0.8999999761581421
EGEPUC,RAKPEZ,0.8999999761581421
EGEPUC,XESKEN,0.8999999761581421
EGIKUB,TOHYUM,1.0
EGIKUB,LOWQIX,1.0
EGIKUB,XINFUW,1.0
EGIKUB,WIMWIA,1.0
EGIKUB01,XINFUW,1.0
EGIKUB01,VODBIA,0.8999999761581421
EGOYEF,ROJTAM,0.8999999761581421
EGOYEF,JISSOU,0.8999999761581421
EGOYEF,TOKGOQ,0.8999999761581421
EGOYEF,JISSEK,0.8999999761581421
EGOYEF,JISSIO,0.8999999761581421
EGOYEF,JISSUA,0.8999999761581421
EGOZAB,POFFEX,1.0
EGOZAB,POFDEV,1.0
EGUHET01,LIXWAR,1.0
EGUHET01,LIXWAR01,1.0
EGUHET01,OYOSAX,1.0
EGUHOD01,LUWKIZ,1.0
EGUHOD01,EGUHOD02,1.0
EGUHOD01,EZULAO,1.0
EGUHOD02,LUWKIZ,1.0
EGUHOD02,EZULAO,1.0
EHAHIF,JOXPET,1.0
EHAHIF,SIYGIT,0.8999999761581421
EHAXUG,EHAXUG01,1.0
EHAXUG,TIPRIT01,1.0
EHAXUG,RISXAU,1.0
EHAXUG,FAFMEE,0.8999999761581421
EHAXUG,QUMSUN,0.8999999761581421
EHAXUG01,TIPRIT01,1.0
EHAXUG01,RISXAU,1.0
EHAZAO,WECSAZ01,1.0
EHAZAO,IXISIT02,1.0
EHAZAO,LARYEK03,1.0
EHAZAO,SIKYER,1.0
EHAZAO,WECSAZ,1.0
EHEPAJ,ZEZPIF,1.0
EHEPAJ,QETCUO,1.0
EHETER,MECWIB,1.0
EHETER,EHETER02,1.0
EHETER,EHETER01,1.0
EHETER01,MECWIB,1.0
EHETER01,EHETER02,1.0
EHETER01,YORCEP,1.0
EHETER01,WANMOO,0.8999999761581421
EHETER02,MECWIB,1.0
EHETER02,YORCEP,1.0
EHIJAH,XAFFAN,1.0
EHIJAH,XAFFER,1.0
EHISUJ,MUQSEW,1.0
EHISUJ,EYUGOV,1.0
EHISUJ,EYUHAI,1.0
EHISUJ,MOLTEN,0.8999999761581421
EHIVIB,FAFBUL,1.0
EHIVIB,MIVFOO,1.0
EHIVIB,MIVFII,1.0
EHIVOH,TEDHAN,1.0
EHIVOH,MIVFUU,1.0
EHODOV,MAFDII,1.0
EHODOV,IYUJAO,1.0
EHODOV,FOMDAO,0.8999999761581421
EHUSUX,HIDVEY,0.8560000061988831
EJIBUW,ODEQEW,0.8999999761581421
EJIBUW,ODEPUL,0.8999999761581421
EJIBUW,ODEPOF,0.8999999761581421
EJIDUW01,OCUGEZ,1.0
EJINIV,XUYYIA,1.0
EJINIV,XUYYEW,1.0
EJINIV,EJINIV01,1.0
EJINIV01,XUYYIA,1.0
EJINIV01,XUYYEW,1.0
EJINIV01,EMOXEK,0.8999999761581421
EJOPEZ,KABSAJ,1.0
EJOQUR,LOZQOI,0.8999999761581421
EJOQUR,TONMEQ,0.8999999761581421
EJOQUR,SERTER,0.8999999761581421
EJOQUR,QANFUJ,0.8999999761581421
EKADIF,YAPLUY,0.8999999761581421
EKAQEN,OBOHOE,0.8999999761581421
EKAQEN,EKAQIR,0.8999999761581421
EKAQEN,HUPTER,0.8999999761581421
EKAQIR,EKAQIR01,1.0
EKAQIR,SIYGAL,0.8999999761581421
EKAQIR,SIYGIT,0.8999999761581421
EKEKAH,LUWZUZ01,0.8999999761581421
EKEKAH,GURXIB02,0.8999999761581421
EKEKAH,GURXUN01,0.8999999761581421
EKEKAH,GURXOH,0.8999999761581421
EKEKEL,RAXCEA,1.0
EKEKIQ,EKEKOW,1.0
EKERIW,KOGYIP,1.0
EKERIW,FITSAD,1.0
EKERIW,GUWDUY,0.8999999761581421
EKEXIC,GINHOD,1.0
EKEXIC,WEYQAU,1.0
EKEXOI,XAPSIS,1.0
EKEXOI,TIVYAZ,1.0
EKEXOI,JEDVUM,1.0
EKEXOI,FIXLAC,1.0
EKEXOI,XAVQIU,1.0
EKEXOI,XAVQIU01,1.0
EKIGIQ,EKIGOW,0.8999999761581421
EKIGIQ,XUZFEE,0.8999999761581421
EKIGOW,XUZFEE,0.8999999761581421
EKIJAL,EKIJEP,0.8999999761581421
EKIJAL,REZFEK,0.8999999761581421
EKIJEP,EKIJEP01,1.0
EKIJEP,REZFEK,0.8999999761581421
EKIJEP,PORHOV,0.8666666746139526
EKIJEP01,PORHOV,0.8666666746139526
EKUNON,EKUNON01,1.0
EKUNON,ULOGIL,1.0
EKUNON,OCIHAK,1.0
EKUNON,EKUNON02,1.0
EKUNON01,ULOGIL,1.0
EKUNON01,OCIHAK,1.0
EKUNON01,HOZFIN,0.8999999761581421
EKUNON02,ULOGIL,1.0
EKUNON02,OCIHAK,1.0
EKUNON02,HOZFIN,0.8999999761581421
ELAPIQ,YUPSEI,1.0
ELAPIQ,XADGUG,0.8999999761581421
ELECOP,YUHHEQ,1.0
ELECOP,ETEKAQ,0.8999999761581421
ELECOP,VAMQOS,0.8999999761581421
ELERIY,UVEVUN,1.0
ELERIY,MUDTEL,0.7839999794960022
ELERIY,VUJBIM,0.7839999794960022
ELIJOZ,ELIKUG,0.8999999761581421
ELIJOZ,ELIKOA,0.8999999761581421
ELIJOZ,JUNBOL,0.8999999761581421
ELIJUF,ELILAN,0.8999999761581421
ELIJUF,ELIKUG,0.8999999761581421
ELIKAM,ELILAN,0.8999999761581421
ELIKEQ,LIXCIG,0.925000011920929
ELIKOA,LIXMEM,0.925000011920929
ELIKOA,RUWXEN,0.8999999761581421
ELIKUG,LIXMIQ,0.925000011920929
ELIKUG,RUWWUC,0.8999999761581421
ELILAN,LIXMAI,0.925000011920929
ELOCUD,OTIQAL,0.8999999761581421
ELOQON,LACJEH,0.8999999761581421
ELOQON,MUVJIX,0.8999999761581421
ELOQON,XOLSOI,0.8999999761581421
ELUQIM06,LICSAS,1.0
ELUQIM06,LICSAS01,1.0
ELUVEN,WISCOS,0.8999999761581421
EMAPAK,OFERUN08,1.0
EMAPAK,NIFREC,1.0
EMAPAK,NIFRAY,1.0
EMECOO,NUYNEC,0.8999999761581421
EMECOO,UKUDEL,0.8999999761581421
EMECOO,MIFFAJ01,0.8999999761581421
EMEGEJ,EMEGIN,0.8999999761581421
EMEYOK01,ETECAJ,1.0
EMEYOK01,OFIDAJ,1.0
EMEYOK02,ETECAJ,1.0
EMEYOK02,UTADOK,1.0
EMEYOK02,PEQTUB,1.0
EMEYOK02,XOKKIS,1.0
EMIGOX,MIHHIV,0.8999999761581421
EMIYUW,HERHEU,1.0
EMIYUW,GERBEN,1.0
EMIYUW,HERHAQ,1.0
EMIYUW,GAYXEM,1.0
EMOXEK,QUQGUF,0.8999999761581421
EMUBIZ,EXAXAE,1.0
EMUBIZ,EXAXAE03,1.0
EMUBIZ,USEVOF,1.0
EMUBIZ,WANJIF,1.0
EMUBIZ,XEDMEB,1.0
EMUBOF,EXAXAE,1.0
EMUBOF,EXAXAE03,1.0
EMUBOF,KANMIX,1.0
EMUBOF,WANJIF,1.0
ENAMIR,HIZFIH,1.0
ENAMIR,VUNKOG,0.8999999761581421
ENAMIR,NEYZAU,0.8999999761581421
ENANIS,TUPDIT,1.0
ENANIS,TUPDEP,1.0
ENANIS,TUPDIT04,1.0
ENANIS,TUPDOZ,1.0
ENANIS,XUKJUK,0.8999999761581421
ENATUJ,YAYRAT,1.0
ENEZUT,ENIBIN,1.0
ENEZUT,ENIBEJ,1.0
ENEZUT,ENIBAF,1.0
ENEZUT,YEZFIU,0.8999999761581421
ENIBAF,ENIBIN,1.0
ENIBAF,ENIBEJ,1.0
ENIBEJ,ENIBIN,1.0
ENIHUG,JEMPEZ,0.8999999761581421
ENISOK,ODIXIK,1.0
ENISOK,ODIXAC,1.0
ENISOK,NOZZUZ,1.0
ENISOK,ENITEB,1.0
ENISOK,NOZZOT,1.0
ENISOK,XATLIQ,1.0
ENITAX,YIVZOU,0.8999999761581421
ENITAX,IQOKEG,0.8999999761581421
ENITEB,NOZZOT,1.0
ENITEB,ODODOC,1.0
ENITEB,ODIXAC,1.0
ENITEB,ODIXIK,1.0
ENITEB,YIVZOU,0.8999999761581421
ENITIF,ODODES,1.0
ENITIF,YIVZOU,0.8999999761581421
ENIXIJ,UPOSUO,1.0
ENIXOP,UPOSUO,1.0
ENIXOP,UPOSOI,0.8999999761581421
ENIZEH,XADZOT,0.8999999761581421
ENOSAD,VALXOY,0.8999999761581421
ENOSAD,WANNIL,0.8999999761581421
EPEXII,OBUREL,0.8999999761581421
EPISOM,EXOGAB,0.804347813129425
EPOBAN,LATJEW,0.8999999761581421
EPOBAN,GAJROA,0.8999999761581421
EPOBAN,LATJIA,0.8999999761581421
EPOPEG,URUYUD,1.0
EPOPEG,URUYOX,1.0
EPOPEG,JONKEE,1.0
EPOXAJ,LECHUX,1.0
EPOXAJ,ZZZEJE01,0.8999999761581421
EPOXAJ,FAXNOI,0.8999999761581421
EPUJIJ,UCOCAR,0.8999999761581421
EPUREO,ZOMKAP,1.0
EPUREO,ZOMKAP01,1.0
EPUREO,GUBKUL,0.8999999761581421
EPUREO,NACKOT01,0.8999999761581421
EPUREO,NACKUZ,0.8999999761581421
EPURIS,LAXGOH03,1.0
EPURIS,NACKUZ,0.8999999761581421
EPUTUF,EPUVAN,0.8999999761581421
EQERAU,QICXUY,0.8999999761581421
EQOBUH,EQOCIW,1.0
EQOBUH,SIWHOY,1.0
EQOBUH,NAFGOR01,1.0
EQOBUH,NAFGOR,1.0
EQOCES01,EQOCIW,1.0
EQOCES01,SIWHOY,1.0
EQOCES01,NAFGOR01,1.0
EQOCES01,IMZYCO01,1.0
EQOCES01,SIWJEQ,1.0
EQOCIW,SIWHOY,1.0
EQOCIW,NAFGOR01,1.0
EQOCIW,NAFGOR,1.0
EQOCOC,SIWJAM,1.0
EQOCOC,VEJYEP01,1.0
EQOCOC,VEJYUV06,1.0
EQOCOC,KUDJOK,1.0
EQOCOC01,IMIDZB11,1.0
EQOCOC01,IMIDZB13,1.0
EQOCOC01,VEJYUF,1.0
EQUBIC,FOBXUQ,0.8999999761581421
EQUBIC,EQUBUO,0.8999999761581421
EQUBIC,UQOYAB,0.8999999761581421
EQUBIC,EQUBOI,0.8999999761581421
EQUBOI,EQUBUO,0.8999999761581421
EQUBOI,UQOYAB,0.8999999761581421
EQUBUO,UQOYAB,0.8999999761581421
EQUCUO02,EQUCUO09,1.0
EQUCUO03,EQUCUO09,1.0
EQUCUO03,EQUCUO11,1.0
EQUCUO05,EQUCUO09,1.0
EQUCUO05,EQUCUO11,1.0
EQUCUO05,QOQJUC,0.8999999761581421
EQUCUO07,EQUCUO09,1.0
EQUCUO07,EQUCUO11,1.0
EQUCUO07,LUDDOE,1.0
EQUCUO08,EQUCUO09,1.0
EQUCUO08,EQUCUO11,1.0
EQUCUO08,EQUCUO10,1.0
EQUCUO08,EQUCUO12,1.0
EQUCUO09,EQUCUO11,1.0
EQUCUO09,LUDDOE,1.0
EQUCUO10,EQUCUO11,1.0
EQUCUO10,EQUCUO12,1.0
EQUCUO10,LUDDOE,1.0
EQUCUO11,QOQJUC,0.8999999761581421
EQUCUO12,QOQJUC,0.8999999761581421
EQUMUA,EQUNAH,1.0
EQUNAH,EQUNEL,1.0
EQUNAH,EQUNIP,1.0
EQUNEL,EQUNIP,1.0
EQUWIW,SIJPUX,0.8999999761581421
EQUWIW,NUXLUN,0.8999999761581421
EQUWIW,NELVEG,0.8999999761581421
EQUWIW,SIRTEV,0.8999999761581421
EQUWIW,XEGQUW,0.8999999761581421
ERAJEO,HAYYOY,0.8999999761581421
ERALEQ,FAJHAC,0.8999999761581421
ERALEQ,FERHAN,0.8999999761581421
ERALEQ,FERGOA,0.8999999761581421
ERALUG,IXEJOM,1.0
ERALUG,OQUFAJ,1.0
ERALUG,OQUFAJ03,1.0
ERAMAN,SAVCEA,0.8999999761581421
ERAMAN,XEGJIE02,0.8999999761581421
ERAMER,TEMPAE,0.8999999761581421
ERANAO,WIZMAV08,1.0
ERARUM,WIZMAV10,1.0
ERARUM,WIZMAV,1.0
ERARUM,LIWYUM,0.8999999761581421
ERATAS,FEYZUF,1.0
ERATAS,FEYZUF01,1.0
ERATAS,FEYQUW,0.8999999761581421
EREGOY,TACJIS,1.0
EREGOY,HIHGUC,1.0
ERIQUS,LACFUS,1.0
ERIQUS,YAPQUC,1.0
ERIQUS,LIPZES,1.0
ERIQUS,XILBAW,1.0
ERIQUS,YICREI,1.0
ERIRIG,PUWDOA,1.0
ERIRIG,VOLRAQ,1.0
EROJUS,EROJUS02,1.0
EROJUS02,EROJUS06,1.0
EROJUS02,EROJUS04,1.0
EROJUS04,EROJUS06,1.0
ERUNUC,JODGIU,1.0
ERUNUC,ZILBAZ,1.0
ERUPEM,ERUPEM01,1.0
ERUPEM01,SUKREX,1.0
ERUPEM01,SUKREX01,1.0
ERUPEM01,VULKAQ,1.0
ESADUZ01,YILKAH,1.0
ESADUZ01,JUQPIW,1.0
ESADUZ01,ESADUZ02,1.0
ESADUZ01,POKZOG,1.0
ESADUZ01,WUHMOD,1.0
ESADUZ01,REFFIT,0.8999999761581421
ESADUZ02,YILKAH,1.0
ESADUZ02,JUQPIW,1.0
ESADUZ02,JUQSIZ,1.0
ESADUZ02,WUHMOD,1.0
ESEBOV,FEVWOV,1.0
ESEBOV,UNEJEE,1.0
ESEBOV,NEVDUQ,0.8590908646583557
ESEBOV,NIJZIR,0.8181818127632141
ESEDAJ,GOSDUP,1.0
ESEDIQ,FECYUJ,1.0
ESEQUO,MOXDIN01,1.0
ESEQUO,VEGMIE,1.0
ESEQUO,MOXDIN,1.0
ESEQUO,VEGMIE01,1.0
ESEVIH,NANYUX01,1.0
ESEVIH,FIWKUT,1.0
ESEVIH,VEHKIE,1.0
ESIFET,ESIFIX,1.0
ESIFIX,IPIHUM,0.8999999761581421
ESIFIX,XUNJEW,0.8999999761581421
ESIPUR,KAHMOW,0.8999999761581421
ESIPUR,OVIHOR01,0.8999999761581421
ESIPUR,VUKHOZ,0.8999999761581421
ESUMOU,MAZJEC,0.8999999761581421
ESUMOU,PADROD01,0.8999999761581421
ESURER,ESUSOC02,1.0
ESURER,ESUVOF,1.0
ESURER,ESUTAP,1.0
ESURER01,ESUTAP,1.0
ESURER01,RAJFAM,1.0
ESURER01,RAJFEQ,1.0
ESURER01,RIDDUE,1.0
ESURER01,RIHJUO,1.0
ESURER02,ESUTAP,1.0
ESUSAO,ESUTAP,1.0
ESUSOC,ESUTAP,1.0
ESUSOC,IPOVOA,1.0
ESUSOC01,ESUTAP,1.0
ESUSOC01,ESUTET01,1.0
ESUSOC01,ESUTIX,1.0
ESUSOC01,ESUVAR,1.0
ESUTAP,QANSUV,0.8999999761581421
ESUTET01,IPOVOA,1.0
ESUTIX,RAJFAM,1.0
ESUTIX,RAJFEQ,1.0
ESUTIX,RIDDUE,1.0
ESUTIX,RIHJUO,1.0
ESUTIX,QANSUV,0.8999999761581421
ESUVAR,RAJFAM,1.0
ESUVAR,RAJFEQ,1.0
ESUVAR,RIDDUE,1.0
ESUVAR,RIHJUO,1.0
ETAXUT,NUVYIO,1.0
ETAXUT,UKIBIB,0.8999999761581421
ETAXUT,PENVEM01,0.8999999761581421
ETEBOV,OKILIE,0.8999999761581421
ETECAJ,UTADOK,1.0
ETECAJ,IRISAD,1.0
ETECAJ,IRISAD01,1.0
ETECAJ,OGESOJ,1.0
ETECIR,PEKKAS,1.0
ETECIR,OPEGUM,1.0
ETECIR,NOQLOV,1.0
ETECIR,NOQLOV01,1.0
ETEJIX,ETEJIX01,1.0
ETEJIX,YAZYEF,1.0
ETEJIX,YAZYIJ,0.8999999761581421
ETEJIX01,YAZYEF,1.0
ETEJIX01,YAZYIJ,0.8999999761581421
ETEJUJ,FOCJAL,0.8999999761581421
ETEJUJ,LONWIW,0.8999999761581421
ETEJUJ,VAMRAF,0.8999999761581421
ETEKAQ,YAZZAC,1.0
ETEKEU,WOPSAX02,0.8999999761581421
ETEKEU,WOPSOL01,0.8999999761581421
ETEKEU,WOBHIF03,0.8999999761581421
ETIXOW,ETIXUC,1.0
ETIXOW,ETIYAJ,0.8999999761581421
ETIXUC,ETIYAJ,0.8999999761581421
ETIYAJ,ETIYEN,1.0
ETUTIX,TEKYOX01,0.8999999761581421
ETUTIX,YEFLIF,0.8999999761581421
ETUWEW,NAVYOA,1.0
ETUWEW,WEMDOJ,1.0
ETUWEW,ZAXLUH,0.8999999761581421
ETUWOG,JOQQAJ,1.0
ETUWOG,MOXDIN,1.0
ETUWOG,VEGMIE01,1.0
ETUXUM,XIGFEY,1.0
ETUXUM,MICDUX,1.0
ETUXUM,LUZYUA,1.0
ETUXUM,MEKVAA,0.8999999761581421
EVADEK,MEGQEW,1.0
EVADEK,FOBJUD,0.8999999761581421
EVADEK,FIZVIV,0.8999999761581421
EVADEK,LEKGOY,0.8999999761581421
EVADEK,LEKGOY01,0.8999999761581421
EVAKIV,EVAKOB,1.0
EVAKIV,IXISOX,1.0
EVAKIV,IXISAJ,1.0
EVAWUT,EVAXAA,0.8999999761581421
EVUBAY,WUDXUP,0.8999999761581421
EVUDAA,VANNEG,0.8999999761581421
EVUDAA,PUWDAM,0.8999999761581421
EVUDAA,XISXEE,0.8999999761581421
EVUDAA,YERFUZ,0.8999999761581421
EVUQOC,EVUQUI,0.8999999761581421
EVUYUQ,EVUZAX,1.0
EVUYUQ,QOTWON,0.8999999761581421
EVUYUQ,YUBTUM,0.8999999761581421
EVUZAX,QOTWON,0.8999999761581421
EWASIG01,VITYOO,0.8999999761581421
EWAZIL,KIFGAJ,1.0
EWETUW,RUYVAK,0.8999999761581421
EWETUW,OYEWEW,0.8999999761581421
EWETUW,YEKWOC,0.8999999761581421
EWETUW,YEYFEP,0.8999999761581421
EWEVAF,UDISAD,0.8999999761581421
EWEVAF,UDISIL,0.8999999761581421
EWEVAF,FAFHUS,0.8999999761581421
EWEVAF,TALFUJ,0.8999999761581421
EWEVAF,UDISUX,0.8999999761581421
EWIDUK,FAWCEN03,1.0
EWIDUK,XIZDIV,1.0
EWIDUK,VELVOY,1.0
EWIDUK,KAMZUV,1.0
EWISEI,IVEQEG01,0.8999999761581421
EWISEI,WUHMAP,0.8999999761581421
EWOBAV,EWOBEZ,1.0
EWUHIP,WUYWUK,0.79677414894104
EWUHIP,UMOVEZ03,0.7758620381355286
EWUKIS,FUVBAB,1.0
EWUKIS,PERQUB,1.0
EWUKIS,NANYUX01,1.0
EWUKIS,FIWKUT,1.0
EWUKIS,VEHKIE,1.0
EWUKIS,FUTYEA,1.0
EWUKIS,FUTYOK,1.0
EWUKIS,FUTZAX,1.0
EWUKIS,FUTZEB,1.0
EWUKIS,FUTZIF,1.0
EWUKIS,FUTZOL,1.0
EWUKIS,JEDVIA,1.0
EWUKIS,PEJNOJ,1.0
EWUKIS,PEJNUP,1.0
EWUKIS,PEJPAX,1.0
EWUKIS,PEJPEB,1.0
EWUKIS,PEPFAT,1.0
EXAHAM,FETBIQ,0.8999999761581421
EXAHAM,QOTDUZ,0.8999999761581421
EXAHAM,XIPLOX,0.8999999761581421
EXAXAE,USEVOF,1.0
EXAXAE,XEDMEB,1.0
EXAXAE,KANMIX,1.0
EXAXAE03,USEVOF,1.0
EXAXAE03,XEDMEB,1.0
EXAXAE03,KANMIX,1.0
EXAXAE03,SERKEG,0.8999999761581421
EXEQAA,EXEQII,1.0
EXEQAA,ZEGRIP,1.0
EXEQAA,ZEGROV,1.0
EXEQEE,HAWVUY,0.8999999761581421
EXEQEE,HAWWAF,0.8999999761581421
EXEQEE,FEZTIP01,0.8999999761581421
EXIDOF,QUTTII,1.0
EXIDOF,UGECEO,1.0
EXIDOF,KUHNEI,1.0
EXIDOF,WINCEC,1.0
EXIDOF,QUTTII01,1.0
EXIDOF,MUCNAA,0.8999999761581421
EXOFIH,FEJHOS,1.0
EXOGAB,IPUPIU,0.9099999666213989
EXOGAB,IPUPOA,0.9099999666213989
EXOXOE,EXOXOE01,1.0
EXOXUL,YUPSEI,0.8999999761581421
EXOXUL,UFUKUB02,0.8999999761581421
EXOXUL,EXOYAS,0.8999999761581421
EXOXUL,FOBDOS,0.8999999761581421
EXOYAS,RAWYAS,1.0
EXOYAS,PAFZEE,0.9000000357627869
EXOYAS,YUBGUZ,0.8999999761581421
EXOZEX,RULNOC,1.0
EXOZEX,EXOZIB,1.0
EXOZEX,HELCUY,0.8999999761581421
EXOZIB,RULNOC,1.0
EXOZIB,PANYOU,0.8999999761581421
EXUMEP,XAPRIR,1.0
EXUMEP,GUPJEG,1.0
EXUMEP,GAGXAO,1.0
EXUSUN,WOZDEW,1.0
EXUSUN,IXISIT02,1.0
EXUSUN,LARYEK,1.0
EXUTAU,WOZDEW,1.0
EXUTAU,IXISIT02,1.0
EXUTAU,LARYEK,1.0
EXUTIB,LABJAB,1.0
EYACOX,EYOCUS,0.8999999761581421
EYACOX,LUYHAP,0.8999999761581421
EYAPOK,ZELDIG,0.8999999761581421
EYAPOK,XEHXIT,0.8999999761581421
EYAPOK,TOWMEZ,0.8999999761581421
EYAPOK,NAGKEO,0.8999999761581421
EYIYES,EYOCUS,0.8999999761581421
EYIYES,RUVKAV,0.8999999761581421
EYIYES,LUYHAP,0.8999999761581421
EYOCUS,MEHMET,0.8571428656578064
EYOPOY,WOBNOS,1.0
EYOPOY,NUYWOU,1.0
EYOPUE,EYOQAL,0.8999999761581421
EYUGEL,YOXXUG01,1.0
EYUGOV,MUQSEW,1.0
EYUGOV,EYUHAI,1.0
EYUGUB,MASXIN,0.8999999761581421
EYUGUB,XEDKOJ,0.8999999761581421
EYUHAI,MUQSEW,1.0
EYUKOZ,QOPCEE,1.0
EYUKOZ,WAVDUT,0.8999999761581421
EYUKOZ,OPUFAH01,0.8999999761581421
EYUKOZ,SOGXES,0.8999999761581421
EYUKOZ,SOGXIW,0.8999999761581421
EYUKUF,XEFKOI,0.8999999761581421
EYUKUF,XEFGAQ,0.8999999761581421
EYULAM,VOQBUZ,1.0
EYULAM,PEJYIO,0.925000011920929
EYULAM,EYULEQ,0.925000011920929
EYULEQ,PEJYIO,1.0
EYULEQ,VOQBUZ,0.925000011920929
EYULIU,IDAJUS,1.0
EYULIU,VAKHIB,0.8999999761581421
EYULIU,VAKDOD,0.8999999761581421
EYUZUU,PEPXIS,1.0
EYUZUU,LIHREA,1.0
EYUZUU,LATPIG,1.0
EYUZUU01,PEPXIS,1.0
EYUZUU01,LIHREA,1.0
EYUZUU01,LATPIG,1.0
EZABOX,WEYDEM,1.0
EZABOX,PEQLAZ,1.0
EZABOX,MOGVEK,1.0
EZABOX,WODQOW,0.8999999761581421
EZATOP,OXEMOV,0.9142857193946838
EZILUV,EZIMAC,1.0
EZINAE,OKOSUE,0.8999999761581421
EZINAE,NAJTEA,0.8999999761581421
EZINAE,NAJTAW,0.8999999761581421
EZIPEK,MAWCEV,0.8999999761581421
EZOXEX,QAHTOI,0.8999999761581421
EZOXEX,FETBIQ,0.8999999761581421
EZOXEX,XIPLOX,0.8999999761581421
EZULAO,NOCMAU,0.8999999761581421
FABCUI,XALTUA,1.0
FABCUI,MIJFIU,1.0
FABCUI,LEHGIR,1.0
FABCUI,PERMEH,1.0
FABCUI,ODAHIK,0.8499999642372131
FABGOG,NEHZIK,0.8999999761581421
FABGOG,METYIU,0.8999999761581421
FABGUM,UZOBER,1.0
FABGUM,FOQSUA,0.8999999761581421
FABGUM,FOQTEL,0.8999999761581421
FABGUM,HUSPOB,0.8999999761581421
FABGUM,TIDLID,0.8999999761581421
FADCIZ03,FADKAZ,1.0
FADCIZ03,FADCIZ05,1.0
FADCIZ03,FADCIZ04,1.0
FADCIZ03,XULFOA,0.8999999761581421
FADCIZ04,FADKAZ,1.0
FADCIZ04,FADCIZ05,1.0
FADCIZ05,FADKAZ,1.0
FADCOF,NILCAP,1.0
FADCOF,FADCOF03,1.0
FADCOF,FADCOF02,1.0
FADCOF,WUYSUG,0.8999999761581421
FADCOF01,NILCAP,1.0
FADCOF01,FADCOF03,1.0
FADCOF01,FADCOF02,1.0
FADCOF01,WUZCUR,0.8999999761581421
FADCOF02,NILCAP,1.0
FADCOF02,FADCOF03,1.0
FADCOF02,WUYSUG,0.8999999761581421
FADCOF03,NILCAP,1.0
FADDAS,FADKON02,1.0
FADDAS,FADKON,1.0
FADDAS,WUZCUR,0.8999999761581421
FADKON,FADKON02,1.0
FADKON,XULFOA,0.8999999761581421
FADKON02,XULFOA,0.8999999761581421
FAFBUL,MIVFOO,1.0
FAFBUL,MIVFII,1.0
FAFHUS,UDISOR,1.0
FAFHUS,UDISIL,0.8999999761581421
FAFMAA,YUHVEE,1.0
FAFMAA,QUMRIA,0.8999999761581421
FAFMEE,HULCEW,1.0
FAGBOF,FAGBUL,1.0
FAGBOF,PERMEH,0.8999999761581421
FAGBUL,PERMEH,0.8999999761581421
FAGFUQ,QUYRAF,1.0
FAGFUQ,TACJEO,0.8999999761581421
FAGFUQ,OXALAB,0.8392857313156128
FAGQAI,QIYDAF,1.0
FAGQAI,QIYDAF01,1.0
FAGQAI,QIYDIN,1.0
FAGREM,LAGWUN,1.0
FAGREM,SAVMAE,1.0
FAGREM,WUDXAV,1.0
FAGREM,KOGGET,0.8999999761581421
FAGTAJ,RICHAN,1.0
FAGTAJ,RICHIV,1.0
FAGTAJ,RIHJIC,1.0
FAGTAJ,MULXOH,1.0
FAGXIX,XUKNIC,1.0
FAGXIX,FAGXOD,1.0
FAGXIX,PIJKEB,1.0
FAGXOD,XUKNIC,1.0
FAGXOD,WOJZAY,0.8999999761581421
FAHBIC,KEFFEI,1.0
FAHBOI,KEFFEI,1.0
FAHBOI,FAHBOI01,1.0
FAHBOI,FIGXEY,1.0
FAHBOI01,KEFFEI,1.0
FAHBOI01,FAHBOI02,1.0
FAHBOI02,FIGXEY,1.0
FAHDUO,OSIXUK,0.8999999761581421
FAHDUO,OSIYEV,0.8999999761581421
FAHDUO,OSIYIZ,0.8999999761581421
FAHDUO,OSIYOF,0.8999999761581421
FAHNOT,YERLIT,0.9333333373069763
FAHNOT,SICKOH,0.9357142448425293
FAHPOV,NUVYEK,1.0
FAHPOV,NOFHOG,0.8999999761581421
FAHPOV,UKIBUN,0.8999999761581421
FAHQIQ,IYUHUG,1.0
FAHQIQ,GALJAG,1.0
FAHQIQ,IFIPEV,1.0
FAHQIR,FAHQOX,1.0
FAHQIR,QIQTOB,1.0
FAHQIR,ONOCUR,0.9280000329017639
FAHQIR,FAHQUD,0.8999999761581421
FAHQIR,QIQVIX,0.8999999761581421
FAHQOX,QIQTOB,1.0
FAHQOX,ONOCUR,0.9280000329017639
FAHQOX,FAHQUD,0.8999999761581421
FAHQUD,QIQVIX,0.8999999761581421
FAJGOP,NUCYAN,1.0
FAJGOP,NUCYER,0.8999999761581421
FAJGOP,FAJGUV,0.8999999761581421
FAJGOP,FERGOA,0.8999999761581421
FAJGUV,NUCYER,1.0
FAJGUV,NUCYAN,0.8999999761581421
FAJGUV,XAMHEA,0.8999999761581421
FAJHAC,NUCYIV,1.0
FAJHAC,FERGUG,0.8999999761581421
FAJHAC,NUCYAN,0.8999999761581421
FAJYAS,WIQVAV,0.8999999761581421
FAJYAS,PELRIJ,0.8999999761581421
FAJYAS,GAHWIX,0.8999999761581421
FAJYAS,GIWZUK,0.8999999761581421
FAJYAS,UZIJUJ,0.8999999761581421
FAJYAS,WIQTUN,0.8999999761581421
FAJYEX,FAJZOI,1.0
FAJYEX,FAJYUN,1.0
FAJYEX,FAJYIB,1.0
FAJYEX,FAJZIC,1.0
FAJYIB,FAJYUN,1.0
FAKGOP,UJARAZ,1.0
FAKGOP,UJATOP,0.8999999761581421
FAKGOP,ISIKIF,0.8999999761581421
FAKGOP,UJAQUS,0.8999999761581421
FAKLUA,RBTCNQ12,0.8999999761581421
FAKLUA,TONTIB,0.8999999761581421
FALGIK,GIQHAQ,1.0
FALTUK,FAMQES,1.0
FALTUK,FAMQAO,1.0
FALTUK,FAMPUH,1.0
FALTUK,XIBZUF,0.7874999642372131
FAMBUS,REYCUV,0.8999999761581421
FAMHAE,FAMHAE01,1.0
FAMHAE01,FECYIX,1.0
FAMPUH,FAMQES,1.0
FAMPUH,FAMQAO,1.0
FAMPUH,XIBZUF,0.7874999642372131
FAMQAO,FAMQES,1.0
FAMQAO,XIBZUF,0.7874999642372131
FAMTAO,HUKZES,1.0
FANCIJ,FANDEG,0.8999999761581421
FANCIJ,VUGYIH,1.0
FANCIJ,VUGWUR,0.8999999761581421
FANCIJ,KUYLOH,0.8999999761581421
FANCIJ,VUGXAY,0.8999999761581421
FANWIC,OTOZOO,0.9027026891708374
FANWIC,PUFYOG,0.8999999761581421
FAPYEA,FAPYEA09,1.0
FAPYEA02,FAPYEA09,1.0
FAPYEA02,FAPYEA21,1.0
FAPYEA04,FAPYEA09,1.0
FAPYEA04,FAPYEA21,1.0
FAPYEA05,FAPYEA09,1.0
FAPYEA05,FAPYEA21,1.0
FAPYEA08,FAPYEA09,1.0
FAPYEA08,FAPYEA21,1.0
FAPYEA08,FAPYEA10,1.0
FAPYEA09,FAPYEA21,1.0
FAPYEA10,FAPYEA21,1.0
FAPYOM,GURXOH,1.0
FAPYOM,GURXIB01,0.8999999761581421
FAPYOM,LUWZUZ,0.8999999761581421
FAQFEK,QQQFJD02,0.8999999761581421
FAQFEK,HUMPIP,1.0
FAQFEK,MOBBOU,0.8999999761581421
FAQFEK,OWIVEW,0.8999999761581421
FAQLER,TIKTAL01,1.0
FAQLER,XAPCOJ06,1.0
FAQLER,XAPCOJ07,1.0
FAQLER,XAPCOJ05,1.0
FAQLER,XAPCOJ,1.0
FAQLER01,XAPCOJ07,1.0
FAQLER01,XAPCOJ05,1.0
FAQLER01,XAPCOJ,1.0
FAQYUR,WINJOS,0.8999999761581421
FAQYUR,NEMXEL,0.8999999761581421
FAQYUR,PETFEC,0.8999999761581421
FASFOX,PUFNUB,0.8999999761581421
FASFOX,FASGAK,0.8999999761581421
FASFUD,PUFNUB,1.0
FASFUD,XUGWAZ,0.8999999761581421
FASGAK,PUFNUB,0.8999999761581421
FASGAK,XUGWAZ,0.8999999761581421
FASQAT,QOZNAV,0.8999999761581421
FASQAT,TOLQAN,0.8999999761581421
FASQAT,TOLPIU,0.8999999761581421
FASQAT,TOLPEQ,0.8999999761581421
FASQUN,XEGXIT,1.0
FASQUN,PUQYAC,1.0
FASQUN,KAHMOW,1.0
FASQUN,XEGWAK,1.0
FASQUN,XEGWUE,1.0
FASQUN,XEGYEQ,1.0
FASQUN,YAPXIX,1.0
FASQUN,HUGLUS,0.8999999761581421
FASSAV,FASSEZ,0.8999999761581421
FASSEZ,FASSID,0.8999999761581421
FASSEZ,FASSOJ,0.8999999761581421
FASSID,FASSOJ,0.8999999761581421
FATMUK,XUCHOS,0.8999999761581421
FATMUK,REWVIB,0.8999999761581421
FATNAR,REWVIB,1.0
FATSAV,NABMUA,0.8999999761581421
FATTUP,TAHFUF,0.8999999761581421
FATTUP,HACVAI,0.8999999761581421
FATTUP,GETTIJ,0.8999999761581421
FAVGAN,FAVGER,1.0
FAVGAN,FAVHIW,0.8999999761581421
FAVGAN,FAVGUH,0.8999999761581421
FAVGER,FAVHIW,0.8999999761581421
FAVGER,FAVGUH,0.8999999761581421
FAVGER,FAVGIV,0.8999999761581421
FAVGIV,FAVHIW,0.8999999761581421
FAVGIV,FAVGUH,0.8999999761581421
FAVGIV,FAVHAO,0.8999999761581421
FAVGUH,FAVHAO,1.0
FAVGUH,FAVHIW,0.8999999761581421
FAVHAO,FAVHIW,0.8999999761581421
FAVKAP,PIZPAP,0.8999999761581421
FAVKAP,PIZPIX,0.8999999761581421
FAVKAP,SEDLAP01,0.8999999761581421
FAVKAP,UGIXOZ,0.8999999761581421
FAVKET,MARMOK,0.8999999761581421
FAVKET,MARMIE,0.8999999761581421
FAWCEN,MECWEX,1.0
FAWCEN,XIZDIV,1.0
FAWCEN,YUDWAX,1.0
FAWCEN,UZEWOM,1.0
FAWCEN,UZEWUS,1.0
FAWCEN02,MECWEX,1.0
FAWCEN02,XIZDIV,1.0
FAWCEN02,YUDWAX,1.0
FAWCEN02,FAWCEN04,1.0
FAWCEN02,YUDWEB,1.0
FAWCEN04,XIZDIV,1.0
FAWCEN04,YUDWAX,1.0
FAWCEN04,OFERUN09,1.0
FAWCEN04,VELVOY,1.0
FAWCEN04,XIZCUG,1.0
FAXNOI,ISEQIH,0.8999999761581421
FAXNOI,IJOMAW,0.8999999761581421
FAXNOI,ORONOA01,0.8999999761581421
FAXNOI,LECHUX,0.8999999761581421
FAXNOI,LIHCIT01,0.8999999761581421
FAYKOH,IYOLAL,0.8999999761581421
FAYXAF,FAYXEJ02,0.8999999761581421
FAYXAF,MEYGAY,0.8999999761581421
FAYXEJ02,QUQSIG,0.8999999761581421
FAZPED,WOPWOP,1.0
FAZPED,NERVOV,1.0
FAZPIH,WOPWOP,1.0
FAZPIH,NERVOV,1.0
FAZPIH,VOCKUT,1.0
FAZYOV,XOMSUP,0.8999999761581421
FEBPUY,WOWMEC,0.8999999761581421
FECWOB,FECWOB01,1.0
FECWOB,FIKSID,1.0
FECWOB,MOFTIL01,1.0
FECWOB,MOFTIL02,1.0
FECXAO,PEZCII,1.0
FECXAO,GAZZIS01,0.8999999761581421
FECXUI,WORKUL,1.0
FECXUI,PUWDEQ,1.0
FECXUI,WORLAS,1.0
FECYUJ,USAHAZ,1.0
FECYUJ,WORKUL,1.0
FECYUJ,IYEXEP,1.0
FECYUJ,QOHYET,0.8999999761581421
FECYUJ,REZXOK,0.8999999761581421
FECYUJ,XAPFOM,0.8999999761581421
FECZEU,FECZIY,1.0
FEDJUU,FEDKAB,0.8999999761581421
FEDJUU,VEZVUT,0.8999999761581421
FEDKAB,VEZVUT,0.8999999761581421
FEFRMT,NIHBEM,1.0
FEFRMT,NUDNUW09,1.0
FEFRMT,NUDPAE01,1.0
FEFRMT,VICBEQ,1.0
FEFRMT,YANVIV,1.0
FEFRMT,YANVIV01,1.0
FEFRMT,YANVIV02,1.0
FEFRMT,YEWKAP,1.0
FEFRMT01,NIHBEM,1.0
FEFRMT01,NUDNUW09,1.0
FEFRMT01,NUDPAE01,1.0
FEFWIZ,HAWVIM,1.0
FEFWIZ,HOXKIP,1.0
FEFWIZ,LEHROH,1.0
FEFWIZ,IYOVUO,1.0
FEFWIZ,IYOVIC,1.0
FEFWIZ,SISQAO,1.0
FEFWOF,HAWVUY,1.0
FEFWOF,RATRUB,1.0
FEFWOF,HOXKOV,1.0
FEHJIN,FEHJIN01,1.0
FEHJIN,LABPAH,0.8999999761581421
FEHJIN,FOBGUA,0.8999999761581421
FEHJIN,FOBHEL,0.8999999761581421
FEJFAE,YAQCEY,1.0
FEJFAE,IVEMED,1.0
FEJFAE,OTIQEP,1.0
FEJHOS,LEMYUA,1.0
FELXOM,YOCDUR,0.8999999761581421
FELXOM,NAJQUN,0.8999999761581421
FELXOM,HOGQIF,0.8999999761581421
FELXOM,NAJQOH,0.8999999761581421
FELZOM,MURFEM,1.0
FEMXED,VIXPUP,0.8999999761581421
FEMXED,ZECBOB,0.8999999761581421
FEMXED,VIXPUP02,0.8999999761581421
FEMXED,ZECBUH,0.8999999761581421
FENVOL,MAGBON,1.0
FENVOL,MAFZOK,1.0
FENVOL,MAFZIE,1.0
FENVOL,PUSXIL,1.0
FENVOL,MAFZUQ,1.0
FENVOL,MAGBIH,1.0
FENVOL,PUSXIL01,1.0
FENVOL,GINTUT,0.8999999761581421
FENVOL,GINVEF,0.8999999761581421
FENWAX01,YIDJAX,0.8999999761581421
FENWAX01,VOJRIW,0.8999999761581421
FENWAX01,FETHIW,0.8999999761581421
FENWAX01,FETHIW01,0.8999999761581421
FENZEF,XUMSIJ,0.8999999761581421
FENZEF,XUMSEF,0.8999999761581421
FENZEF,REKWUB,0.8999999761581421
FENZEF,REKXAI,0.8999999761581421
FENZEF,REKXIQ,0.8999999761581421
FEPGAL,JUDYIS,0.9035714268684387
FEPGAL,SUDRIU,0.9035714268684387
FEPGEP,XOLFAH,0.9035714268684387
FEPPEY,NEBQOD,1.0
FEPPEY,REXYAX,1.0
FEQWUU,SAZPUH,1.0
FEQWUU,NATQUW,1.0
FEQWUU,MIRLUU,1.0
FEQXAB,NATRAD,1.0
FEQXAB,GEVXAI,1.0
FEQXAB,GEVXIQ,1.0
FERCAJ,FERCUD,1.0
FERGOA,FERHAN,0.8999999761581421
FERGOA,FERGUG,0.8999999761581421
FERGUG,NUCYER,0.8999999761581421
FERGUG,NUCYAN,0.8999999761581421
FERGUG,NUCYIV,0.8999999761581421
FERHAN,XAMHEA,1.0
FERHAN,NUCYIV,0.8999999761581421
FERHAN,NUCYER,0.8999999761581421
FESBEM,TEYHIR,1.0
FESBEM,UFAMUM,1.0
FESBEM,MOLQEL,1.0
FESBEM,SITDEH,1.0
FESBEM,UFAMEW,1.0
FESBEM,UFAMIA,1.0
FESBEM,UFOFUT,1.0
FESYEK,HEKTUO01,0.9099999666213989
FESYEK,QEKLID,0.9099999666213989
FESYEK,VASYAS,0.8285714387893677
FETBIQ,IHAVIW,1.0
FETHIW,FETHIW01,1.0
FETHIW,VOJRUI,0.8999999761581421
FETHIW,VOJRIW,0.8999999761581421
FETHIW,VOJROC,0.8999999761581421
FETHIW01,VOJRUI,0.8999999761581421
FETHIW01,MAJPUJ,0.8999999761581421
FEVDIV,LIDSEY,0.925000011920929
FEVDIV,LIDSEY01,0.925000011920929
FEVDIV,JAMSEY,0.925000011920929
FEVRIJ,YIFLUX,0.8999999761581421
FEVRIJ,ZEYJIZ,0.8999999761581421
FEVRIJ,IYUQAV,0.8999999761581421
FEVRIJ,FEVRUV,0.8999999761581421
FEVRIJ,YIFKEG,0.8999999761581421
FEVRUV,TEKTAH,0.8999999761581421
FEVRUV,YIFLUX,0.8999999761581421
FEVRUV,IYUQAV,0.8999999761581421
FEVRUV,IYUQID,0.8999999761581421
FEVWUB,YEYCUC,0.918181836605072
FEVWUB,XIJVIY,0.918181836605072
FEWTAF,ITETEH,1.0
FEWTAF,SIYXIH10,1.0
FEWTAF,SIYXIH,1.0
FEWTAF,OZUBOC,1.0
FEWTAF,GELVID,0.8999999761581421
FEXCAO01,SEQSOY,1.0
FEXJUQ,ITETEH,1.0
FEXJUQ,SIYXIH10,1.0
FEXJUQ,SIYXIH,1.0
FEXJUQ,GELVID,0.8999999761581421
FEXKAX,ITETEH,1.0
FEXKAX,SIYXIH10,1.0
FEXKAX,SIYXIH,1.0
FEXNUU,NAMDUD,1.0
FEXNUU,FOSTOY,0.8999999761581421
FEYQOQ,FEYQUW,1.0
FEYQOQ,QITYOI,1.0
FEYQUW,QITYOI,1.0
FEYZUF,FEYZUF01,1.0
FEZPAC,GANBED04,0.8999999761581421
FEZPAC,KEQMAX03,0.8999999761581421
FEZPAC,FEZPEG,0.8999999761581421
FEZPEG,FEZPUW,0.8999999761581421
FEZPEG,VINMUD,0.8999999761581421
FEZPOQ,KEQMAX,0.8999999761581421
FEZPOQ,KEQLUQ,0.8999999761581421
FEZPUW,VINMOX01,0.8999999761581421
FEZPUW,HAWVOQ,0.8999999761581421
FEZTIP,INOMOP01,1.0
FEZTIP,INOMIJ,1.0
FEZTIP,INOMOP,1.0
FEZTIP,OZAVES,1.0
FEZTIP,OQIQEM,0.8999999761581421
FEZTIP01,INOMIJ,1.0
FEZTIP01,INOMOP,1.0
FEZTIP01,OZAVES,1.0
FEZWAJ,KIPZIU,0.8999999761581421
FEZWAJ,KIPZAM,0.8999999761581421
FIBHUW,FIBJAE,1.0
FIBHUW,UKOYID,1.0
FIBJAE,UKOYID,1.0
FIBJAE,VEMHOL,1.0
FIBWOF,RIHKIF,0.8999999761581421
FIBWOF,REQCAU,0.8999999761581421
FIBWOF,IDAJAZ,0.8999999761581421
FIBWOF,JEHCUX,0.8999999761581421
FIBWOF,OFIRUQ,0.8999999761581421
FIBXEW,OPOBOL,0.8999999761581421
FICKIN,ZERNAN,0.8999999761581421
FICKIN,ZERNUH,0.8999999761581421
FICKIN,ZERNOB,0.8999999761581421
FICLIM,PEDLOZ,1.0
FICLIM,GIXVOZ,0.8999999761581421
FICLIM,MAGXOI,0.8999999761581421
FICLIM,HAWZEK01,0.8999999761581421
FICLIM,KAKDAC,0.8999999761581421
FICLIM,QEKDOA,0.8999999761581421
FICYUL01,YEFLIF,1.0
FICYUL01,YEFLIF01,1.0
FICYUL01,YEFLIF02,1.0
FIDGAD,YIWZOV,1.0
FIDXEX,FIDYIC,0.8999999761581421
FIDXEX,TAFBEJ,0.8999999761581421
FIDXEX,TAFBIN,0.8999999761581421
FIDYIC,TONLOY,0.8999999761581421
FIDYIC,FIDYOI,0.8999999761581421
FIDYOI,NUCREJ,0.5785713791847229
FIDYOI,TONLOY,0.8999999761581421
FIDYOI,TAFBIN,0.8999999761581421
FIDYOI,TAFBOT,0.8999999761581421
FIFFUX,LICGOW,1.0
FIFGEI,IFIPEV,1.0
FIFGEI,GALHOS,1.0
FIFGEI,GALHUY,1.0
FIFGEI,GALJAG,1.0
FIFGEI,IYUHUG,1.0
FIFNIS,GIMBIN01,1.0
FIFNIS,FIFNIS01,1.0
FIFNIS01,GIMBIN01,1.0
FIFNIS01,GIMBIN,1.0
FIFNIS01,GIMBIN02,1.0
FIFNIS01,GIMBIN05,1.0
FIFNOY,MOWQOF,1.0
FIFNOY,FIFNOY02,1.0
FIFNOY,FIFNUE,1.0
FIFNOY,YUCZOM,0.8999999761581421
FIFNOY01,MOWQOF,1.0
FIFNOY01,FIFNOY02,1.0
FIFNOY01,FIFNUE,1.0
FIFNOY01,FIFNUE01,1.0
FIFNOY01,SINLAE,1.0
FIFNOY02,MOWQOF,1.0
FIFNOY02,FIFNUE,1.0
FIFNOY02,FIFNUE01,1.0
FIFNUE,MOWQOF,1.0
FIFNUE,JOGHIY,1.0
FIFNUE,MOWQOF01,1.0
FIFNUE01,MOWQOF,1.0
FIFPAM,JOGHEU,1.0
FIFPAM,LUYZAH01,1.0
FIFPAM,FIFPAM01,1.0
FIFPAM,LUYZAH,1.0
FIFPAM,LUYZAH02,1.0
FIFPAM01,JOGHEU,1.0
FIFPAM01,LUYZAH01,1.0
FIGXAU,UXEDUX,1.0
FIGXAW,FIHLOZ,0.8999999761581421
FIGXEY,KEFFEI,1.0
FIJFAG,MEFYUT,1.0
FIJFAG,RAHBUZ,1.0
FIJFAG,PUWCOZ,0.8999999761581421
FIJNAO,XEDMEB,0.8999999761581421
FIJYAZ,JEMMOE01,1.0
FIJYAZ,TAZSAP02,1.0
FIJYAZ,TAZSAP01,1.0
FIJYAZ,TAZSAP,1.0
FIKPUN,ZESTID,0.8999999761581421
FIKPUN,JENKIX,0.804347813129425
FIKPUN,WOSZEL,0.804347813129425
FIKZIK,YATNEO,0.8999999761581421
FILYAC,MOXDEJ,1.0
FILYAC,XADDUD,1.0
FILYAC,XADDOX,1.0
FILYAC,TIPDOM,0.8999999761581421
FIMXUW,POCKUO01,0.8999999761581421
FINFUG,IBEYEU,0.8999999761581421
FINFUG,HURGOR,0.8999999761581421
FINFUG,MOFVAG,0.8999999761581421
FINFUG,URUFIY,0.8999999761581421
FIPKOG,FIPKOG01,1.0
FIPKOG,FIPKUM,0.8999999761581421
FIPKOG01,FIPKUM,0.8999999761581421
FIPKOG01,MONPAI,0.8999999761581421
FIPKUM,VUNJAR,1.0
FIPKUM,VIXZUZ,0.9624999761581421
FIPKUM,YODWUL,0.800000011920929
FIPPAW,FIPPEA01,1.0
FIPPAW,FIPPEA02,1.0
FIPPAW,VAQSUD,1.0
FIPPEA,FIPPEA01,1.0
FIPPEA,FIPPEA02,1.0
FIPPEA01,FIPPEA02,1.0
FIPPEA02,VAQSUD,1.0
FIPWUY,FIPXAF,1.0
FIQCUG,FIQDAN,1.0
FIQCUG,SAHXAD,1.0
FIQCUG,FIQDER,0.8999999761581421
FIQCUG,ZOXGOK,0.8307692408561707
FIQDAN,SAHXAD,1.0
FIQDAN,FIQDER,0.8999999761581421
FIQDAN,ZOXGOK,0.8307692408561707
FIQDER,SAHXAD,0.8999999761581421
FIQDER,ZOXGOK,0.8307692408561707
FIQKIC,ZECBOB,0.8999999761581421
FIQKIC,ZECCAO,0.8999999761581421
FIQKIC,VIXPUP,0.8999999761581421
FIQKIC,ZECBUH,0.8999999761581421
FIQZEM,SUXWIT,1.0
FIQZEM,SETFUT,1.0
FIQZOV,RANZAI,1.0
FIQZOV,IHILUI,1.0
FIQZOV,ZIMSEV,1.0
FIQZOV,XETPOC,1.0
FIQZOV,ZIMSIZ,1.0
FIRGIW,NUVLOG,1.0
FISGOF,SEMNIJ,0.8448275923728943
FISGOF,LURRIA,0.8448275923728943
FISGOF,WEBTOP,0.8071428537368774
FISHUN,FISJEZ,1.0
FISJEZ,ZIMTUN,0.8035714030265808
FISJEZ,ZIMVAV,0.8035714030265808
FISQEG,XUDVAV,1.0
FISQOQ,WEKXAM,0.8999999761581421
FISZIT,KABMOS,0.8999999761581421
FITCUJ,FITDIY,1.0
FITDEU,FITDIY,1.0
FITDEU,FITDOE,1.0
FITDEU,FITDUK,1.0
FITDEU,FITFOG,1.0
FITDIY,FITDOE,1.0
FITDIY,FITDUK,1.0
FITDIY,FITFOG,1.0
FITFEW,FITFIA,1.0
FITFEW,FITFUM,1.0
FITFEW,FITGAT,1.0
FITFIA,FITFUM,1.0
FITFIA,FITGAT,1.0
FITGUL,FITHIA,1.0
FITGUL,FITHEW,1.0
FITSAD,XIQZIH,1.0
FITSAD,MOFFES,0.8999999761581421
FITZOX,SEGJOG,1.0
FITZOX,JIGQOI,1.0
FITZOX,LIVNEJ,0.8999999761581421
FITZOX,WABTOK,0.8999999761581421
FIVJAW,MESGEX,0.8999999761581421
FIVJAW,UHOKOR,0.8999999761581421
FIVRUA,LUCKAX,0.9307692646980286
FIVRUA,SAHWUW,0.8999999761581421
FIVTUC,PEGCEM,1.0
FIWKUT,NIWYEZ,1.0
FIWKUT,NURMUJ,1.0
FIWKUT,REGREC,1.0
FIWKUT,RIFDUG01,1.0
FIWKUT,RUPVAB,1.0
FIXKUV,UFUKUB01,1.0
FIXKUV,HUZJIW,1.0
FIXKUV,UFUKUB03,1.0
FIXKUV,XADHER,0.8999999761581421
FIXMEH,MITSUE,1.0
FIXMEH,FUMJAA,1.0
FIXMEH,NABLIM,1.0
FIXMEH,NEHMET,1.0
FIXYET,WAMJUS,1.0
FIXYET,SUQJEV,0.8999999761581421
FIXYET,TAGTIH,0.8999999761581421
FIXYET,FIXYIX,0.8999999761581421
FIXYET,LARNIE,0.8999999761581421
FIXYIX,KIJVUX,1.0
FIXYIX,KIJVOR,0.8999999761581421
FIXYIX,XIFHIF,0.8999999761581421
FIYQOW,TOVHAP,0.8999999761581421
FIYQOW,HICZEA,0.8999999761581421
FIYQOW,VIDWIQ,0.8999999761581421
FIYQOW,HICZIE,0.8999999761581421
FIYQOW,HIDCUU,0.8999999761581421
FIZPOV,FIZPUB,1.0
FIZPOV,LOSBOM,0.8999999761581421
FIZPOV,FIZQAI,0.8999999761581421
FIZPUB,LOSBOM,0.8999999761581421
FIZPUB,FIZQAI,0.8999999761581421
FIZQAI,LOSBOM,0.8999999761581421
FIZVER,MEGQAS,1.0
FIZVER,MINFIB,0.8999999761581421
FIZVIV,MEGQIA,1.0
FIZVIV,JUVWUU,0.8999999761581421
FIZVIV,SARMEE,0.8999999761581421
FOBDOS,UFUKUB02,0.8999999761581421
FOBDOS,WAMRIN,0.8999999761581421
FOBDOS,NEBTIA,0.8999999761581421
FOBDOS,TAMRAD,0.8999999761581421
FOBGUA,LABPAH,0.8999999761581421
FOBGUA,LABPEL,0.8999999761581421
FOBGUA,LABPOV,0.8999999761581421
FOBHEL,LABNIN,0.8999999761581421
FOBHEL,LABPUB,0.8999999761581421
FOBJAJ,QITDOO,1.0
FOBJAJ,MEGNIX,1.0
FOBJAJ,FOJKOG,0.8999999761581421
FOBJEN,FOJKIA,0.8999999761581421
FOBJEN,SARMEE,0.8999999761581421
FOBJEN,WOJJOV,0.8999999761581421
FOBJIR,MEGPEV,1.0
FOBJIR,YAJNEF,0.8999999761581421
FOBJIR,MINNEF,0.8999999761581421
FOBJOX,SARMEE,1.0
FOBJOX,MEGPIZ,1.0
FOBJOX,SETFUT,0.8999999761581421
FOBJOX,WOJJOV,0.8999999761581421
FOBJUD,YICRAE,0.8999999761581421
FOBJUD,MEGQEW,0.8999999761581421
FOBKAK,KIXXOG01,0.8999999761581421
FOBKAK,MEGQEW,0.8999999761581421
FOBNAN,ROYTOQ,0.8999999761581421
FOBSEW,WEDNUQ,0.8999999761581421
FOBSEW,KAVSAD,0.8999999761581421
FOBSEW,KAVRUW,0.8999999761581421
FOBSEW,KAVSEH,0.8999999761581421
FOBSEW,PURROK,0.8999999761581421
FOBYAX,RAKZEI,1.0
FOBYAX,UDEWEG,0.8999999761581421
FOBYAX,RAKYIL,0.8999999761581421
FOBYAX,GAKSOB,0.8999999761581421
FOBYAX,KEWYET,0.8999999761581421
FOBYAX,VUKPUN,0.8999999761581421
FOCREW,FOCYUT,1.0
FOCREW,FOCZEE,1.0
FOCREW,FOCZAA,1.0
FOCYUT,FOCZEE,1.0
FOCYUT,FOCZAA,1.0
FOCYUT,IZIBUQ,0.8999999761581421
FOCZAA,FOCZEE,1.0
FODGOW,YINDAC,0.8999999761581421
FODGOW,LIXMEM,0.8999999761581421
FODGOW,LIXCIG,0.8999999761581421
FODGUB,FODGUB01,1.0
FODGUB,FODGUB02,1.0
FODGUB,HOQKII,1.0
FODGUB,LEDPAN,1.0
FODGUB01,FODGUB02,1.0
FODGUB01,HOQKII,1.0
FODGUB01,LEDPAN,1.0
FODGUB02,HOQKII,1.0
FODGUB02,LEDPAN,1.0
FODNIX,LIXMAI,0.8999999761581421
FODNIX,UHUXOM,0.8999999761581421
FODVEB,SISBAZ,1.0
FODVEB,HOQGAX,1.0
FODVEB,SISBED,0.8999999761581421
FOJHUJ,OQUFAJ,0.8999999761581421
FOJHUJ,SOLCED,0.8999999761581421
FOJHUJ,ZIWLAV,0.8999999761581421
FOJKIA,PAXFEC,1.0
FOJKIA,XINJEL,1.0
FOJKIA,QUZZES,1.0
FOJKIA,MEGQIA,0.8999999761581421
FOJKOG,PAXFEC,1.0
FOJKOG,XINJEL,1.0
FOJKOG,QUZZES,1.0
FOKWIN,WOSGUI,1.0
FOKWIN,QIPROY,0.8999999761581421
FOKWIN,REHJIZ,0.8999999761581421
FOKWOT,TULLIX,1.0
FOKWOT,FOKWUZ,1.0
FOKWOT,UHUXIG,1.0
FOKWOT,JUNBOL,0.925000011920929
FOKWUZ,TULLIX,1.0
FOKWUZ,UHUXIG,1.0
FOKWUZ,JUNBOL,0.925000011920929
FOKWUZ,QAQMON,0.8999999761581421
FOKWUZ,UHUXOM,0.8999999761581421
FOKYIP,SILKAC,0.8999999761581421
FOKYIP,PIJKEB,0.8999999761581421
FOKYIP,UKIQIP,0.8999999761581421
FOMDAO,GOXZIE,0.8999999761581421
FOMDAO,ZEFROT,0.8999999761581421
FOMDAO,ZEFRUZ,0.8999999761581421
FOMDAO,ZEFSOU,0.8999999761581421
FOMDAO,ZEFSOU01,0.8999999761581421
FOMWOV,KEVKAA,0.8999999761581421
FOMWOV,TIHRUA,0.8999999761581421
FOMWOV,LIKZEN,0.8999999761581421
FOMWOV,KIKTIK,0.8999999761581421
FOMWOV,XENKIM,0.8999999761581421
FONPUV,JUYJIY,0.8624999523162842
FOPFAS,PIVBEC,0.7923077344894409
FOQNOQ,FOQPAE02,1.0
FOQNOQ,FOQNUW,1.0
FOQNOQ,FOQNUW01,1.0
FOQNOQ,JUTCUY,1.0
FOQNOQ,ZIQWUU,0.8999999761581421
FOQNOQ01,FOQNUW,1.0
FOQNOQ01,FOQNUW01,1.0
FOQNOQ01,JUTCUY,1.0
FOQNOQ01,ZIQWUU,0.8999999761581421
FOQNUW,FOQNUW02,1.0
FOQNUW,FOQNUW01,1.0
FOQNUW,FOQPAE,1.0
FOQNUW,FOQPAE01,1.0
FOQNUW01,FOQNUW02,1.0
FOQNUW01,FOQPAE,1.0
FOQNUW01,FOQPAE01,1.0
FOQNUW01,JUTCUY,1.0
FOQNUW02,SIPVOD,0.8999999761581421
FOQPAE,SIPVOD,0.8999999761581421
FOQPAE01,SATRAJ,1.0
FOQSUA,TIDLID,0.8999999761581421
FOQSUA,FOQTEL,0.8999999761581421
FOQSUA,HUSPOB,0.8999999761581421
FOQTEL,TIDLID,1.0
FORWUF,FORWUF02,1.0
FORWUF,FORWUF01,1.0
FORWUF,YICRIM,0.8999999761581421
FORWUF01,FORWUF02,1.0
FORWUF01,MIFFAJ01,0.8999999761581421
FORWUF02,OBEMUE01,0.8999999761581421
FORWUF02,OGIJIY,0.8999999761581421
FORWUF02,YICRIM,0.8999999761581421
FOSTOY,GAZZIS03,1.0
FOSTOY,NAMDUD,0.8999999761581421
FOSTUE,GAZZIS03,1.0
FOSTUE,RAYMIP,1.0
FOWVUK,PEJFAN,0.8999999761581421
FOWVUK,FOWWIZ,0.8999999761581421
FOWWEV,PEJFAN,0.8999999761581421
FOWWEV,FOWWIZ,0.8999999761581421
FOXPUE,QOZFUG,1.0
FOXPUE,FOXQIT,0.8999999761581421
FOXPUE,UFEVIL,0.8999999761581421
FOXQIT,UFEVEH,1.0
FOXQIT,UFEVIL,1.0
FOXQIT,QOZFUG,0.8999999761581421
FUBNOH,NOMQAJ01,1.0
FUBNOH,NOMQAJ,1.0
FUBNOH,VEXVAW,0.8999999761581421
FUDGES,FUDGIW,1.0
FUDGES,OBOGUK,0.9526315927505493
FUDGES,YENZID,0.8999999761581421
FUDGES,YENZAV,0.8999999761581421
FUDGES,YENZEZ,0.8999999761581421
FUDGIW,OBOGUK,0.9526315927505493
FUDGIW,YENZID,0.8999999761581421
FUDGIW,FUDGUI,0.8999999761581421
FUDGIW,FUDHAP,0.8999999761581421
FUDGIW,FUDHET,0.8999999761581421
FUDGIW,YEPBAZ,0.8999999761581421
FUDGOC,YEPBAZ,0.8999999761581421
FUDGOC,FUDHAP,0.8999999761581421
FUDGOC,FUDGUI,0.8999999761581421
FUDGOC,YENZAV,0.8999999761581421
FUDGUI,FUDHAP,1.0
FUDGUI,FUDHET,1.0
FUDGUI,YENZAV,0.8999999761581421
FUDGUI,YENZEZ,0.8999999761581421
FUDGUI,YEPBAZ,0.8999999761581421
FUDHAP,FUDHET,1.0
FUDHET,YENZID,0.8999999761581421
FUDHET,YENZUP,0.8999999761581421
FUFREE,RATVEP,0.8999999761581421
FUFREE,IQEKUM,0.8999999761581421
FUFREE,PUPXII,0.8999999761581421
FUFREE,PUPXII01,0.8999999761581421
FUFRII,OKILAW,0.7749999761581421
FUFRII,IQEKOG,0.8999999761581421
FUFRII,PEZRUJ,0.8999999761581421
FUFRII,PEZRUJ01,0.8999999761581421
FUFVEJ,LETVUB,1.0
FUFXOU,PEGPOI,0.8999999761581421
FUFXOU,PEGQAV,0.8999999761581421
FUFXOU,GIDKOU,0.8999999761581421
FUFXOU,MULQOA,0.8999999761581421
FUFXOU,PEGQID,0.8999999761581421
FUJRIM,WUWVUG,0.8999999761581421
FULQOT,QOZXUZ,1.0
FULQOT,SISPUH,1.0
FULQOT,HAWVAE,1.0
FUMJAA,MITSUE,1.0
FUMJAZ,XEVXUT,1.0
FUMJAZ,FUMJAZ01,1.0
FUMJAZ,XADWIK01,0.8999999761581421
FUMJAZ,XADWIK02,0.8999999761581421
FUMJAZ,NAGRUL,0.8031250238418579
FUMJAZ01,XEVXUT,1.0
FUMJAZ01,PIHJIB,0.8999999761581421
FUMJAZ01,NAGRUL,0.8031250238418579
FUMQIP,TOTVUV,1.0
FUMQIP,WUXCEY,0.8999999761581421
FUNVIU,ONUKAL,1.0
FUQJUX,QOMRUH,1.0
FUQJUX,QOMSAO,1.0
FUQJUX,QONLEM,1.0
FUQJUX,LUGLUU,0.8999999761581421
FUQREQ,NDFUMA01,1.0
FUQREQ,IDAZAQ,1.0
FUQRIU,SEDLAP01,1.0
FUQRIU,SEDLAP,1.0
FURRUG,FURRUG01,1.0
FURSES,XIYDAN,1.0
FURSES,XIYCUG,1.0
FURSES,UGOCAW,1.0
FURSES,LIZWEX,1.0
FURSES,PIBBEK,1.0
FUTDII,XITYOP,0.8999999761581421
FUTDII,YOGKOW,0.8999999761581421
FUTDII,YOGKEM,0.8999999761581421
FUTYEA,NURMUJ,1.0
FUTYOK,NURMUJ,1.0
FUTZAX,NURMUJ,1.0
FUTZEB,NURMUJ,1.0
FUTZIF,NURMUJ,1.0
FUTZOL,NURMUJ,1.0
FUVBAB,NIWYAV,1.0
FUVDEH,FUVDEH09,1.0
FUVDEH,FUVDEH11,1.0
FUVDEH,FUVDEH04,1.0
FUVDEH01,FUVDEH09,1.0
FUVDEH01,FUVDEH11,1.0
FUVDEH01,FUVDEH04,1.0
FUVDEH02,FUVDEH06,1.0
FUVDEH02,IFEPUG07,1.0
FUVDEH02,IFEPUG10,1.0
FUVDEH03,FUVDEH07,1.0
FUVDEH03,FUVDEH09,1.0
FUVDEH03,FUVDEH11,1.0
FUVDEH03,FUVDEH04,1.0
FUVDEH03,FUVDEH05,1.0
FUVDEH03,FUVDEH08,1.0
FUVDEH03,FUVDEH10,1.0
FUVDEH03,FUVDEH12,1.0
FUVDEH03,FUVDEH13,1.0
FUVDEH03,FUVFUZ,1.0
FUVDEH03,FUVGAG,1.0
FUVDEH03,FUVGAG01,1.0
FUVDEH04,FUVDEH09,1.0
FUVDEH04,FUVDEH11,1.0
FUVDEH05,FUVDEH09,1.0
FUVDEH05,FUVDEH11,1.0
FUVDEH08,FUVDEH09,1.0
FUVDEH08,FUVDEH11,1.0
FUVDEH08,FUVDEH10,1.0
FUVDEH08,FUVDEH12,1.0
FUVDEH08,FUVDEH13,1.0
FUVDEH08,FUVFUZ,1.0
FUVDEH08,FUVGAG,1.0
FUVDEH08,FUVGAG01,1.0
FUVDEH09,FUVDEH11,1.0
FUVDEH10,FUVDEH11,1.0
FUVDEH10,FUVDEH12,1.0
FUVDEH10,FUVDEH13,1.0
FUVDEH10,FUVFUZ,1.0
FUVDEH10,FUVGAG,1.0
FUVDEH10,FUVGAG01,1.0
FUVYOL,OCUGAX,1.0
FUVYOL,HINBUC,0.8999999761581421
FUWFIO,LABQOV,1.0
FUWFIO,GULWIU,1.0
FUWFIO,FUWFOU,1.0
FUWFIO,FUWFUA,1.0
FUWFIO,MUQZII,1.0
FUWFOU,LABQOV,1.0
FUWFOU,GULWIU,1.0
FUWFOU,NASGIZ,1.0
FUWFOU,NASGIZ01,1.0
FUWFUA,LABQOV,1.0
FUWFUA,GULWEQ,1.0
FUWFUA,HEDHOP,1.0
FUWFUA,HEDHUV,1.0
FUXCOS,XOPKIX,0.949999988079071
GACBIY,WUPZUE,0.7826086282730103
GACBIY,VOSWOR,0.7826086282730103
GACTIQ,HIQKEY,0.8999999761581421
GACTIQ,YEKREO,0.7882353067398071
GACTOW,ZUCXOK,1.0
GACTOW,IREGOD,1.0
GACVIS,TONBUU,1.0
GACVIS,XUJPOI,1.0
GACVIS,PUNYON,1.0
GADDOH,GADFAV,1.0
GADDUN,GADFAV,1.0
GADDUN,UZUNOT,0.8999999761581421
GADFAV,UZUNOT,0.8999999761581421
GAFBEX,NACKOT01,1.0
GAFBEX,KACSIS,0.8999999761581421
GAFBEX,GUBKUL,0.8999999761581421
GAFBEX,XOCROY,0.8999999761581421
GAFRAI,ZUVTEP,0.8999999761581421
GAFRAI,LICSUM,0.8999999761581421
GAFREN,LONHON,1.0
GAFREN,LIPZES,1.0
GAFREN,YICREI,1.0
GAFREN,XILBAW,1.0
GAFROX,GAFRUD,0.8999999761581421
GAFXIV,GOKBUE,0.8999999761581421
GAFXIV,TAZSAP01,0.8999999761581421
GAFXOB,MURTUO,0.8999999761581421
GAGDAW,XEMNUB,0.9419354796409607
GAGDAW,XEMPAJ,0.9419354796409607
GAGDAW,OKEHIW,0.8999999761581421
GAGDAW,UQOGAK,0.8999999761581421
GAGDAW,XAPPOV,0.8999999761581421
GAGQAI,TEYLIV,1.0
GAGSUF,GAGTOA,1.0
GAGTAM,GAGTOA,1.0
GAGTAM,GAGTEQ,1.0
GAGTAM,GAGTUG,1.0
GAGTEQ,GAGTOA,1.0
GAGTEQ,GAGTUG,1.0
GAGWOB,RAKBIO01,1.0
GAGXAO,XAPRIR,1.0
GAGXAO,GUPJEG,1.0
GAGXAO,GUPJEG01,1.0
GAGXAO,XAPRIR02,1.0
GAHWIX,GIWZUK,0.8999999761581421
GAHWIX,WIQTUN,0.8999999761581421
GAJROA,LATJIA,0.8999999761581421
GAJROA,LATJEW,0.8999999761581421
GAJTOC,GAJVAQ,0.8999999761581421
GAJTOC,OVICUS,0.8999999761581421
GAJTOC,RUBGUS,0.8999999761581421
GAJVIY,PIWLIT,1.0
GAJVIY,IYEXIT,1.0
GAJVIY,PIWLAL,1.0
GAJVIY,VAJNAW,1.0
GAJVIY,MEXYUM,0.8999999761581421
GAJVIY,SAQQIL,0.8999999761581421
GAJZEY,GAKBAX,0.8999999761581421
GAJZEY,XOVYUD,0.8999999761581421
GAJZOI,KUQWIE,0.8999999761581421
GAJZOI,SAJSAY,0.8999999761581421
GAJZUO,GAKBAX,0.8999999761581421
GAJZUO,SAJSAY,0.8999999761581421
GAKSOB,RAKZEI,0.8999999761581421
GAKSOB,UFURAO,0.8999999761581421
GAKSOB,RAKZAE,0.8999999761581421
GAKSOB,UFUQUH,0.8999999761581421
GAKSOB,VUKPIB,0.8999999761581421
GAKXUN,PIDVUW,1.0
GAKXUN,VURQIJ,1.0
GAKXUN,UQIWIC,1.0
GALHOS,IFIPEV,1.0
GALHOS,GALHUY,1.0
GALHOS,GALJAG,1.0
GALHOS,IYUHUG,1.0
GALHOS,SIRNOZ,0.8999999761581421
GALHOS,URUFIY,0.8999999761581421
GALHUY,IFIPEV,1.0
GALHUY,GALJAG,1.0
GALHUY,MUNLEN,0.8999999761581421
GALJAG,IYUHUG,1.0
GALLEM,HOFSUS,0.8999999761581421
GALLEM,PUPXII01,0.8999999761581421
GAMFEG,GAMFEG01,1.0
GAMFEI,NIPHAY,1.0
GAMFEI,GAMKUD,1.0
GAMKUD,NIPHAY,1.0
GAMTAQ,GAMTOE,1.0
GAMTIY,XEJJIG,0.8999999761581421
GAMTIY,GAMTOE,0.8999999761581421
GAMTIY,YEGTAG,0.8999999761581421
GANBAZ,QIJLAW,1.0
GANBAZ,JAKBIJ,1.0
GANBAZ,GANBUT,1.0
GANBAZ,JAKBOP,1.0
GANBAZ,JAKBOP01,1.0
GANBAZ,JAKBUV,1.0
GANBAZ01,QIJLAW,1.0
GANBAZ01,JAKBIJ,1.0
GANBAZ01,GANBUT,1.0
GANBAZ01,GANBIH,1.0
GANBAZ01,KURHIQ,1.0
GANBAZ02,QIJLAW,1.0
GANBAZ02,JAKBIJ,1.0
GANBAZ02,GANBUT,1.0
GANBED01,GANBED06,1.0
GANBED01,GANBON,1.0
GANBED03,GANBED06,1.0
GANBED03,GANBON,1.0
GANBED04,GANBED06,1.0
GANBED04,GANBON,1.0
GANBED06,GANBON,1.0
GANBIH,GANBUT,1.0
GANBIH,JAKBOP01,1.0
GANBIH,SABFUX,1.0
GANBUT,QIJLAW,1.0
GANBUT,JAKBIJ,1.0
GANBUT,SABFUX,1.0
GANGEJ,GANHAG01,1.0
GANGEJ,TUMGUD,1.0
GANGEJ,ZOMPAU,1.0
GANGEJ,ZOMPAU01,1.0
GANMAL,XEZDAH,0.8999999761581421
GANMAL,XADGEQ,0.8999999761581421
GAPQEU,QIKZES,1.0
GAPQEU,VUKTOM,0.8999999761581421
GAPQEU,VUKTEC,0.8999999761581421
GAQKOB,ZEGSOW,1.0
GAQYIH,GIMWAB,1.0
GAQYIH,XAZGAG,0.8999999761581421
GARLAP,ZOFZUR,0.8999999761581421
GARLAP,GARLET,0.8999999761581421
GARLAP,GARLIX,0.8999999761581421
GARLAP,YICYUH,0.8999999761581421
GARLET,YICZAO,0.8999999761581421
GARLET,GARLUJ,0.8999999761581421
GARLET,GARLIX,0.8999999761581421
GARLIX,GARLUJ,0.8999999761581421
GARLIX,GARLOD,0.8999999761581421
GARLIX,GARMAQ,0.8999999761581421
GARLIX,QATKOO,0.8999999761581421
GARLIX,YICYUH,0.8999999761581421
GARLOD,YICYUH,1.0
GARLOD,WAQDOK,0.8999999761581421
GARLOD,WAQDOK01,0.8999999761581421
GARLOD,YICZAO,0.8999999761581421
GARLUJ,YICYUH,0.8999999761581421
GARLUJ,GARMAQ,0.8999999761581421
GARLUJ,ZOFZUR,0.8999999761581421
GARMAQ,QATKOO,0.8999999761581421
GARMAQ,WAQDOK,0.8999999761581421
GARQAU,XILTUK,1.0
GARQAU,NUCBIY,1.0
GARQAU,NUWVEI,1.0
GARQEY,XILTUK,1.0
GARSUQ,GICXAU,1.0
GARSUQ,GICXOI,0.8999999761581421
GARSUQ,GARTEB,0.8999999761581421
GARTAX,GICXEY,1.0
GARTEB,GICXEY,0.8999999761581421
GARTEB,GARTIF,0.8999999761581421
GARTEB,GICXAU,0.8999999761581421
GARTIF,GICXOI,1.0
GARTIF,GICXEY,0.8999999761581421
GASSUR,ITAFEQ01,1.0
GASSUR,ITAFEQ,1.0
GASSUR,GASTEC,0.8999999761581421
GASTEC,ITAFEQ,0.8999999761581421
GATHAL,HOJNUR01,1.0
GATHAL,HOJNUR,1.0
GATHAL,HAZGOF05,1.0
GATHAL,XAFBEN,0.8999999761581421
GATHAL,XAFBOX,0.8999999761581421
GAVDUD,ZOFDUV,1.0
GAWHOD,LIHRUQ,1.0
GAWHOD,TISLIR,1.0
GAWJEV,WISTID,1.0
GAWJEV,POHLUV,0.8181818127632141
GAWJEV,POHMAC,0.8181818127632141
GAWJEV,POHLOP,0.8181818127632141
GAWMOI,TACPET,0.8999999761581421
GAWMOI,RUQSAX,0.8999999761581421
GAWMOI,ILIFOY,0.8999999761581421
GAWMOI,MUPRUL,0.8999999761581421
GAWMOJ,GISNED,1.0
GAWMOJ,GISMAY,1.0
GAWMOJ,TACJEO,1.0
GAWMOJ,PURJAO,1.0
GAWMOJ,PURJES,1.0
GAWMOJ,PURJIW,1.0
GAWZOW,TEVVAU,1.0
GAWZOW,TEVVOI,1.0
GAWZOW,TEVVEY,1.0
GAWZOW,TEVVIC,1.0
GAXROO,PEFDEK,1.0
GAXROO,UQOSOJ,0.8999999761581421
GAXWIN,ZIYWIQ,0.8999999761581421
GAXWIN,NEZPOA,0.8999999761581421
GAXWIN,NIKJEX,0.8999999761581421
GAXWIN,WINRAP,0.8999999761581421
GAYFOD,QIJFIB,1.0
GAYFOD,XIRYIJ,1.0
GAYFOD,SOMSIY,0.8999999761581421
GAYFUJ,QIJFEX,0.8999999761581421
GAYFUJ,XISMUK,0.8999999761581421
GAYGAQ,XISMUK,1.0
GAYGAQ,HUJVOX,1.0
GAYGAQ,QIJFEX,1.0
GAYGAQ,SOMSIY,0.8999999761581421
GAYGEU,XIRYEF,1.0
GAYGEU,HICTIZ,0.8999999761581421
GAYGEU,QIJFAT,0.8999999761581421
GAYPED,VEJHEZ,0.8999999761581421
GAYPED,MEFZUU,0.8999999761581421
GAYPED,VEJHID,0.8999999761581421
GAYXEM,GERBEN,1.0
GAYXEM,HERHAQ,1.0
GAYXIQ,RIHSEJ,0.8999999761581421
GAYXUC,RUYTUC,0.8999999761581421
GAYXUC,JEJWOL,0.8999999761581421
GAYXUC,YEYFEP,0.8999999761581421
GAZCUI,GAZDAP,1.0
GAZCUI,PEHLIA,0.8999999761581421
GAZCUI,HOKLIE,0.8999999761581421
GAZCUI,HOKLOK,0.8999999761581421
GAZDAP,PEHLIA,0.8999999761581421
GAZDAP,HOKLIE,0.8999999761581421
GAZZIS,GIWMAD,1.0
GAZZIS,GAZZIS02,1.0
GAZZIS,QAMVEH,0.8999999761581421
GAZZIS,QAMVEH01,0.8999999761581421
GAZZIS01,GIWMAD,1.0
GAZZIS01,GAZZIS02,1.0
GAZZIS01,GAZZIS03,1.0
GAZZIS01,GAZZIS04,1.0
GAZZIS01,GAZZIS05,1.0
GAZZIS02,GIWMAD,1.0
GAZZIS02,IWEWOY,1.0
GAZZIS02,RAYMIP,1.0
GAZZIS02,UNIDAY,1.0
GAZZIS03,GIWMAD,1.0
GAZZIS03,UNIDAY,1.0
GAZZIS04,GIWMAD,1.0
GAZZIS05,GIWMAD,1.0
GEBYIY,TALLAW,0.8999999761581421
GEBYIY,TALKUP,0.8999999761581421
GEBYOE,TALLAW,1.0
GEDGUU,GEDXOF,1.0
GEDGUU,GEDXIZ,1.0
GEDGUU,GEDPAJ,0.8999999761581421
GEDLEI,PUFWOE,1.0
GEDLEI,PUFVUJ,1.0
GEDLEI,PODJEZ,0.8999999761581421
GEDLEI,USICAB02,0.8999999761581421
GEDPAJ,GEDPEN,1.0
GEDPAJ,GEDXIZ,0.8999999761581421
GEDPEN,GEDXIZ,0.8999999761581421
GEDQUD,GEDSAL,1.0
GEDQUD,GEDRAK,1.0
GEDQUD,GEDSUF,1.0
GEDRAK,GEDSAL,1.0
GEDRAK,GEDSUF,1.0
GEDROY,YOSWUA,0.8999999761581421
GEDSAL,GEDSUF,1.0
GEDXUL,NABVAQ,1.0
GEDXUL,ZEFDOG,0.8999999761581421
GEDXUL,KIKFIV,0.8999999761581421
GEDXUL,ZEFDEW,0.8999999761581421
GEFSUG,QIPVAO,0.8999999761581421
GEFTET,SEGWAF,1.0
GEGGEG,GEGGIK01,1.0
GEGGEG01,GEGGIK01,1.0
GEGGIK01,VULFIT,1.0
GEGGIK01,VULFOZ,1.0
GEGGIK01,RIQVOD,0.8999999761581421
GEGGIK01,RIQVUJ,0.8999999761581421
GEGGUW,GEGHAD,1.0
GEGGUW,VULFOZ,0.8999999761581421
GEGGUW,VULFIT,0.8999999761581421
GEGGUW,RIQVOD,0.8999999761581421
GEGHAD,VULFOZ,0.8999999761581421
GEGHAD,VULFIT,0.8999999761581421
GEGSIW,IWEQOR,0.8999999761581421
GEGSIW,LASMUP,0.8999999761581421
GEHDAB,MOGMIE,0.8999999761581421
GEHDAB,NAXKOO01,0.8999999761581421
GEHDAB,LAPPAW,0.8999999761581421
GEHDAB,QAWROW,0.8999999761581421
GEHNAI,GEHQOZ,1.0
GEHQAL,GEHQOZ,1.0
GEHQAL,XISXOM,1.0
GEHQAL,XISXIG,1.0
GEHQOZ,XISXOM,1.0
GEHQOZ,XISXIG,1.0
GEJJEL,XESFIL,1.0
GEJJEL,MISQAH,1.0
GEJJEL,GEJJEL02,1.0
GEJJEL,IPIGIY,0.8999999761581421
GEJJEL02,XESFIL,1.0
GEJJEL02,MISQAH,1.0
GEJJEL02,GUDFIV,0.8999999761581421
GEJQEU,QQQAWM01,0.8999999761581421
GEJQEU,QUMPUK,0.8999999761581421
GEKJAK,XOMRUO,0.8999999761581421
GEKJAK,XANDAU,0.8999999761581421
GEKJAK,XOMROI,0.8999999761581421
GEKQUI,GEKQUI01,1.0
GEKQUI,GEKQUI02,1.0
GEKQUI,RISVUL,0.8999999761581421
GEKQUI01,GEKQUI02,1.0
GEKQUI01,RISVUL,0.8999999761581421
GEKQUI02,RISVUL,0.8999999761581421
GELDUZ,GIKREY,0.8999999761581421
GELDUZ,WAVDUT,1.0
GELDUZ,OGUZIA,1.0
GELDUZ,OVABUJ,0.8999999761581421
GELVEZ02,ITETEH,0.8999999761581421
GELVEZ02,GELVID01,0.8999999761581421
GELVID,GELVID01,1.0
GELVID,GEZRIP,0.8999999761581421
GELVID01,ITETEH,0.8999999761581421
GELVID01,WIKQAJ,0.8999999761581421
GENGEL,OFIDOX,0.8999999761581421
GENGEL,NEMXUB,0.8999999761581421
GENGEL,VILNUZ,0.8999999761581421
GENGEL,NEMXEL,0.8999999761581421
GENGEL,PETFEC,0.8999999761581421
GENMEU,SICRUU,1.0
GENMEU,KOSJIN,1.0
GENMEU,KOSJOT,1.0
GENMIY,VAMPOR,1.0
GENMIY,ORIWAP,1.0
GEPBEK,XAMGUQ,1.0
GEPBEK,WUHMUJ,1.0
GEPBEK,USAYOE,1.0
GEQQEB,QAWRIQ,0.8999999761581421
GEQQEB,QAWROW,0.8999999761581421
GEQQEB,MIZJUB,0.8999999761581421
GEQQUR,YIHZIA,0.8999999761581421
GEQQUR,MIZJUB,0.8999999761581421
GEQQUR,TEPJAB,0.8999999761581421
GEQQUR,VURMOL,0.8999999761581421
GERBEN,HERHAQ,1.0
GERBEN,HERHEU,1.0
GERBEN,PEZCII,0.8999999761581421
GERXIN,IXEJIG,1.0
GERXIN,HERJOG,1.0
GERXIN,RUBLAD03,1.0
GESDUF,GESFAN,0.8999999761581421
GESDUF,LITCUO,0.8199999928474426
GESFAN,LITCIC,0.8199999928474426
GESFEQ,LETFUN,1.0
GESFEQ,SAKDEQ,1.0
GESFEQ,NERCOE,1.0
GESNOI,LEDJUA,1.0
GESNOI,QOVDAH,0.8999999761581421
GESNOI,IVEQEG01,0.8999999761581421
GETTIJ,HACVAI01,0.8999999761581421
GETTIJ,HACVAI,0.8999999761581421
GETWEJ,OYIVOI,0.8999999761581421
GETWEJ,WENDIE,0.8999999761581421
GETWEJ,MOFTIL01,0.8999999761581421
GETWUZ,GETXAG01,0.8999999761581421
GEVKID,RICHAN,0.8999999761581421
GEVKID,TOBQEH,0.8999999761581421
GEVMEA,SAJLAT,1.0
GEVMEA,JOSTIU,1.0
GEVMEA,WICGIB,1.0
GEVMEA01,SAJLAT,1.0
GEVMEA01,JOSTIU,1.0
GEVMEA01,WICGIB,1.0
GEVMEA02,SAJLAT,1.0
GEVMEA02,JOSTIU,1.0
GEVMEA02,WICGIB,1.0
GEVVUB,ZIGFEC,1.0
GEVVUB,ZIGFIG,1.0
GEVVUB,GEVWAI,1.0
GEVWAI,ZIGFEC,1.0
GEVWAI,ZIGFIG,1.0
GEVWUC,PEGCEM,0.8999999761581421
GEVXIQ,NATRAD,1.0
GEVZUE,SEZCUY,0.8999999761581421
GEVZUE,SEZCOS,0.8999999761581421
GEVZUE,SEZCIM01,0.8999999761581421
GEZFIC,RAPFOG,0.8999999761581421
GEZFIC,GEZFOI,0.8999999761581421
GEZFOI,RAPFOG,0.8999999761581421
GEZRIP,SIYXIH10,0.8999999761581421
GEZRIP,WIKQAJ,0.8999999761581421
GICXAU,GICXOI,0.8999999761581421
GICXEY,GICXOI,0.8999999761581421
GICYIC,YAQNOV,0.8999999761581421
GICYIC,HOWROC,0.8999999761581421
GIDKOU,MULQOA,1.0
GIDKOU,TEFWOR,0.8999999761581421
GIFFAE,NUVDOY,1.0
GIFFAE,NUVFAM,0.8999999761581421
GIFFAE,SOGSAJ,0.8999999761581421
GIFFAE,YEDBOB,0.8999999761581421
GIFFEI,NUVDUE,1.0
GIFFEI,OKASEZ,0.8999999761581421
GIFFEI,NUVDIS,0.8999999761581421
GIFFEI,SOGSAJ,0.8999999761581421
GIFFEI,SOGSAJ01,0.8999999761581421
GIFJUD,LEPSEH,0.8999999761581421
GIFJUD,WICLEC,0.8999999761581421
GIFVEY,ZAWTUO,0.8999999761581421
GIFVEY,ZAWTIC,0.8999999761581421
GIFVEY,HIZJEH,0.8999999761581421
GIGBEF,GIGBOP,1.0
GIGBUU,XEVMUG,0.8999999761581421
GIGBUU,XEVMUG01,0.8999999761581421
GIGBUU,HAFWIW,0.8999999761581421
GIGBUU,MIVMUA,0.8999999761581421
GIGGEL,NEVSUF03,1.0
GIGGEL,NEVSUF09,1.0
GIGWID,GIGWID01,1.0
GIGWID,QEHJUJ,0.8999999761581421
GIGWID,KIHTOL,0.8999999761581421
GIGWID,KIHTOL01,0.8999999761581421
GIGWID,OBUZIV,0.8999999761581421
GIKLUK,NEFTUP,0.804347813129425
GIKLUK,VUMCEM,0.804347813129425
GIKMOD,LUSZIJ01,1.0
GIKMOD,LUSZOP,1.0
GIKMOD,LUSZIJ,1.0
GIKMOD01,LUSZIJ,1.0
GIKMOD02,LUSZIJ,1.0
GIKMOD02,HUCBOX,1.0
GIKMOD02,HUCBOX01,1.0
GIKMOD02,HUCBOX02,1.0
GIKMOD02,KUKMUA,1.0
GIKMOD02,LUSZOP01,1.0
GIKMOD02,LUSZUV,1.0
GIKMOD02,LUTCAF,1.0
GIKMOD03,LUSZIJ,1.0
GIKMOD03,HUCBOX,1.0
GIKMOD03,HUCBOX01,1.0
GIKMOD03,HUCBOX02,1.0
GIKMOD04,LUSZIJ,1.0
GIKMOD05,LUSZIJ,1.0
GIKMOD06,LUSZIJ,1.0
GIKMOD06,WOFROZ,0.8999999761581421
GIKMOD07,LUSZIJ,1.0
GIKMOD08,LUSZIJ,1.0
GIKMOD09,LUSZIJ,1.0
GIKMOD09,IZAVUA,0.8999999761581421
GIKMOD09,IZAVUA01,0.8999999761581421
GIKMOD10,LUSZIJ,1.0
GIKMOD11,LUSZIJ,1.0
GIKPIB,GORWUF,1.0
GILGAM,KAXKIG,1.0
GIMBIN,GIMBIN01,1.0
GIMBIN,GIMBIN02,1.0
GIMBIN,GIMBIN05,1.0
GIMGOZ,GIMHAM,1.0
GIMGUF,GIMHAM,1.0
GIMSUS,ROCZEQ,1.0
GIMSUS,WEBKIX,1.0
GIMSUS,KEJBOQ,1.0
GIMSUS,KEJHIQ,1.0
GIMSUS,TOFQEM,1.0
GIMWAB,XAZGAG,0.8999999761581421
GIMWAB,IZEVAM,0.8999999761581421
GIMWAB,IZEVOA,0.8999999761581421
GINDAL,GINLEX,1.0
GINDAL,RIHSEJ,0.8999999761581421
GINDAL,YICPEI,0.8999999761581421
GINDAL,GUDVOS,0.800000011920929
GINLEX,RIHSEJ,0.8999999761581421
GINLEX,YICPEI,0.8999999761581421
GINTUT,OGUREO,0.9142857193946838
GINVAB,RIYWED,1.0
GINVAB,MAFZIE,0.8999999761581421
GINVAB,GINVEF,0.8999999761581421
GINVEF,MAFZIE,0.8999999761581421
GINVEF,RIYWED,0.8999999761581421
GINYAG,TOBKEC,0.8999999761581421
GINYAG,TOBKAY,0.8999999761581421
GINYAG,GUVBOQ,0.8181818127632141
GINYIO,GINYOU,0.9678571820259094
GINYIO,GINYUA,0.9678571820259094
GINYIO,RAVWAO,0.8999999761581421
GINYOU,GINYUA,1.0
GINYOU,RAVWUI,0.8999999761581421
GINYOU,RAVWAO,0.8678571581840515
GINYUA,RAVWUI,0.8999999761581421
GIPCIU,PEBGAH,0.8999999761581421
GIPCIU,UVIKOA,0.8999999761581421
GIPCIU,NUHBEY,0.8999999761581421
GIPCIU,TUTZUD,0.8999999761581421
GIQHAQ,RUXWEM,1.0
GIQHAQ,RUXWEM01,1.0
GIQHAQ,RUXWEM03,1.0
GIQZIQ,NAWKII,1.0
GIQZIQ,LEVNOQ01,1.0
GIQZIQ,LEVNOQ,1.0
GIQZIQ,TAGTUT,1.0
GIRHIZ,JEFGEH,1.0
GISLOK,HURGUX01,0.8999999761581421
GISLOK,TONBII,0.8999999761581421
GISMAY,PURJES,1.0
GISMAY,RUMWUS,1.0
GISMAY,TACJEO,1.0
GITBOC,NENXIO,0.8999999761581421
GITBOC,GITBUI,1.0
GITBOC,OROZUR,1.0
GITBOC,TAHFAL,0.8999999761581421
GITBUI,OROZUR,1.0
GITBUI,TAHFAL,0.8999999761581421
GITLEC,MELJET02,1.0
GITLEC,MELJET,1.0
GITLEC,MELJET01,1.0
GITLEC,IJUSUD,1.0
GITLEC,JOJLOK,0.8999999761581421
GITTEJ,IMIDZB02,1.0
GITTEJ,VEJYUV05,1.0
GITTEJ,VEJYUV04,1.0
GITTOT,OBATUJ,1.0
GITTOT,GITTOT01,1.0
GITVAH,YESZII,1.0
GITVAH,YESYUT,1.0
GITWIQ,YESXIG,1.0
GIWFUP,GIWFUP01,1.0
GIWFUP,QOKBUO,0.8714286088943481
GIWFUP01,QOKBUO,0.8714286088943481
GIWMAD,IWEWOY,1.0
GIWVAK,TEDPIC,0.8999999761581421
GIWYIX,WUFHIQ,0.8999999761581421
GIWYIX,SOCJUR,0.7942857146263123
GIWZUK,WIQVAV,0.8999999761581421
GIWZUK,PELRIJ,0.8999999761581421
GIXGOK,MOHMUT,1.0
GIXGOK,USOSUS,1.0
GIXGOK,PAYZIB,0.8999999761581421
GIXNAF,WEBVIK,0.8999999761581421
GIXVOZ,ULUCUZ,1.0
GIXVOZ,NAHNLA10,0.8999999761581421
GIXVOZ,XELHUS,0.8999999761581421
GIYSAJ03,YAPXIX,0.8999999761581421
GIYTUE,GIZNOT,1.0
GIYTUE,YIKGEF01,1.0
GIYTUE,YIKGEF,1.0
GIZJOP,VEJYUV06,1.0
GIZJOP,VEJYEP01,1.0
GIZJOP,KEVLEE,1.0
GIZNOT,YIKGEF01,1.0
GIZNOT,YIKGEF,1.0
GIZNOT,YORYUA,0.8999999761581421
GIZVER,RAVCUO,0.8999999761581421
GIZXET,LIVREP,1.0
GIZXET,TIRQOB,1.0
GIZXET,UZOBES,0.8999999761581421
GIZXET,XEZREC,0.8999999761581421
GOCTID,VIFPUY03,1.0
GOCTID,VIFPUY04,1.0
GOGMIA,VEYTID,0.8999999761581421
GOGMIA,MAKWIG,0.8999999761581421
GOJDOZ,YEMHOO,0.8999999761581421
GOKBUE,RUVRUX,1.0
GOKBUE,YOXYAN,0.8999999761581421
GOKBUE,REQKEF,0.8999999761581421
GOKKIA,SIWPUL02,1.0
GONMON,GONMUT,0.8999999761581421
GONMON,GONNAA,0.8999999761581421
GONMUT,GONNAA,0.8999999761581421
GONTAG,JIRLII,0.8999999761581421
GONTAG,JASMOG,0.8999999761581421
GONTAG,YUDMIU,0.8999999761581421
GOQSIQ,VEJYUV05,1.0
GOQXAN,HEBKIK,1.0
GOSDEZ,OKAYOQ,0.8999999761581421
GOSDEZ,MIFLIY,0.8999999761581421
GOSDUP,MIFKUJ,1.0
GOSDUP,QEDZEG,1.0
GOVSER,PIKYEQ,1.0
GOXGAD,KUCDOD,0.8999999761581421
GOXZIE,PARNON,1.0
GOXZIE,XOPLOE,1.0
GOXZIE,PARNIH,1.0
GOXZIE,LEDLEN,1.0
GOYPER,NIHBEM01,1.0
GOYPER,NUDPAE10,1.0
GOYPER,UYOYUD,1.0
GOYPER,WEZWEE,1.0
GOYPER,XACLOF,1.0
GOYPER,XACLUL,1.0
GOYPER,XACLUL01,1.0
GOYPER,XACLUL02,1.0
GOYPER,YUKVAC,1.0
GUBKUL,ZOMKAP,0.8999999761581421
GUBKUL,ZOMKAP01,0.8999999761581421
GUCHUJ,MURCEH,1.0
GUCHUJ,VITKUG,1.0
GUCHUJ,PORVID,1.0
GUCHUJ,VITKOA,1.0
GUCHUJ,YIQSOH,1.0
GUDBEO,QUZVEO,0.8999999761581421
GUDBEO,SUQJEV,0.8999999761581421
GUDBEO,KIJVOR,0.8999999761581421
GUDCIT,XUKHUI,0.8714286088943481
GUDCIT,HIQNOM,0.8714286088943481
GUDCIT,HIQNUS,0.8714286088943481
GUDDUF,WADFAL,0.8999999761581421
GUDDUF,YUDVIC,0.8999999761581421
GUDDUF,YUCNEQ,0.8999999761581421
GUDDUF,KHMALA03,0.8999999761581421
GUDFER,PIZPIX01,0.8999999761581421
GUDFER,PIZPIX02,0.8999999761581421
GUDFER,PUNCUX,0.8999999761581421
GUDFIV,UCUPEN,0.8999999761581421
GUDFIV,MODWUX01,0.8999999761581421
GUDJOG,GUHPAC,1.0
GUDVOS,YICPEI,0.800000011920929
GUDVOS,YEXCUC,0.800000011920929
GUFXOW,VEYSAW,0.8999999761581421
GUFXOW,ORUKET,0.8999999761581421
GUFXOW,ORUKIX,0.8999999761581421
GUFXOW,LENGAO,0.8999999761581421
GUGNON,UYAPOA,1.0
GUGNON,JENKET,1.0
GUGNON,VOLRAQ,1.0
GUGNON,JENKIX,1.0
GUHNUU,GUHPEG,0.8999999761581421
GUHNUU,GUHPAC,0.8999999761581421
GUHPAC,GUHPEG,1.0
GUHPAC,SOKDON,0.8999999761581421
GUHPEG,SOKDON,0.8999999761581421
GUJFIB,OSAXIQ,1.0
GUJFIB,HUCXEK,0.8999999761581421
GUJFIB,HUCXOU,0.8999999761581421
GUJFIB,HUCXAG,0.8999999761581421
GUJTIP,VIQQUJ,1.0
GUJTIP,IDUTAF,0.8999999761581421
GUJTIP,IDUSIM02,0.8999999761581421
GUKKON,NIRNAD,1.0
GUKKON,XEZRIF,1.0
GUKQUZ,YEVTUR,0.8999999761581421
GUKVAK,GUKVIS,1.0
GUKVAK,GUKVEO,1.0
GUKVAK,RAWZIA,1.0
GUKVEO,GUKVIS,1.0
GUKVEO,RAWZIA,1.0
GUKVIS,RAWZIA,1.0
GUKXEQ,GUKXIU,1.0
GUKXEQ,NOGNUU,1.0
GUKXEQ,QIDSII,0.8999999761581421
GUKXIU,NOGNUU,1.0
GUKXIU,QIDSII,0.8999999761581421
GUKZES,MUMBIH,0.8999999761581421
GULWEQ,MUQZII,1.0
GULWEQ,GULWOA,1.0
GULWEQ,NASGIZ,1.0
GULWEQ,LABQOV,1.0
GULWEQ,ROCZOA,1.0
GULWEQ,ROCZUG,1.0
GULWIU,MUQZII,1.0
GULWIU,GULWOA,1.0
GULWIU,NASGIZ,1.0
GULWIU,LABQOV,1.0
GULWOA,MUQZII,1.0
GULWOA,NASGIZ,1.0
GULWOA,HEDHOP,1.0
GULWOA,HEDHUV,1.0
GULWOA,SIXDUZ,0.8999999761581421
GUMHUT,ZANQOW,0.8999999761581421
GUMHUT,UDEWEG,0.8999999761581421
GUMHUT,RAKYEH,0.8999999761581421
GUMHUT,KAPMAS,0.8999999761581421
GUMHUT,RAKYIL,0.8999999761581421
GUPBEZ,GUPBEZ01,1.0
GUPBEZ,GUPBEZ02,1.0
GUPBEZ,IGITOJ,1.0
GUPBEZ,GUSPUG,1.0
GUPBEZ01,GUPBEZ02,1.0
GUPBEZ01,IGITOJ,1.0
GUPBEZ01,GUSPUG,1.0
GUPBEZ01,NEYYOG,1.0
GUPBEZ01,WUZDOL,1.0
GUPBEZ01,WUZFAZ,1.0
GUPBEZ02,IGITOJ,1.0
GUPBEZ02,WUZDOL,1.0
GUPBEZ02,WUZFAZ,1.0
GUPBOJ01,OFERUN05,0.8999999761581421
GUPBOJ03,GUPBUP,1.0
GUPCOK01,GUPCOK07,1.0
GUPCOK01,GUPCOK05,1.0
GUPCOK01,GUPCOK03,1.0
GUPCOK01,WANMOO,0.8999999761581421
GUPCOK03,GUPCOK07,1.0
GUPCOK03,GUPCOK05,1.0
GUPCOK03,WANMOO,0.8999999761581421
GUPCOK05,GUPCOK07,1.0
GUPJEG,GUPJEG01,1.0
GUPJEG,XAPRIR,1.0
GUPJEG,XAPRIR02,1.0
GUPJEG01,QITVIZ,0.8999999761581421
GUPRIU,GUPROA,1.0
GUPRIU,SIZNIA,0.8999999761581421
GURXIB,GURXIB02,1.0
GURXIB,GURXIB01,1.0
GURXIB,LUXBAI,1.0
GURXIB,GURXUN,0.8999999761581421
GURXIB,GURXUN01,0.8999999761581421
GURXIB,KUBXUC,0.8999999761581421
GURXIB01,GURXIB02,1.0
GURXIB01,LUXBAI,1.0
GURXIB02,LUXBAI,1.0
GURXIB02,LUWZUZ,0.8999999761581421
GURXIB02,LUWZUZ01,0.8999999761581421
GURXOH,LUWZUZ,0.8999999761581421
GURXUN,GURXUN01,1.0
GURXUN,KUBXUC,0.8999999761581421
GURXUN01,KUBXUC,0.8999999761581421
GUSNEN01,QALGUH,1.0
GUSNEN01,LURMAO,1.0
GUSNEN01,REZXEA,1.0
GUSNEN01,LURLOB,1.0
GUSPUG,IGITOJ,1.0
GUSPUG,NEYYOG,1.0
GUSWEX,QUJGAE,0.8999999761581421
GUSWEX,GUSWIB,0.8999999761581421
GUSWEX,ZAJKED,0.8999999761581421
GUTZEB,TEWVUP,0.8999999761581421
GUVBOQ,ZEHJEE,0.918181836605072
GUVBOQ,MEFHUC,1.0
GUWDUY,JOGHIY,0.8999999761581421
GUWFIO,RATCUL01,1.0
GUWFIO,NIKYOW02,1.0
GUWNUI,REMMIG,1.0
GUWWIF,ICUHIA,0.8999999761581421
GUWWIF,ICUDOC,0.8999999761581421
GUWWIF,YIVZEI,0.8999999761581421
GUWWIF,TILFUQ,0.8999999761581421
GUWWIF,TILFUQ01,0.8999999761581421
GUWWOL,XUKKET02,0.8999999761581421
GUWWOL,SIVJAI,0.8999999761581421
GUWWOL,REQRUD,0.8999999761581421
GUXLIU,WOWGEU02,1.0
GUXQAR,VIHHEA,1.0
GUXQAR,YAQZUN,0.8999999761581421
GUXSIC,XEVHAI,1.0
GUXSIC,KOGCIT,1.0
GUXSIC,ZIDDIB,0.8999999761581421
GUXSUO,HAXYIQ,0.8999999761581421
GUXSUO,OMURIY,0.8999999761581421
GUXTID,UDISOR,0.8999999761581421
GUXTID,UDISUX,0.8999999761581421
GUXTID,UDITEI,0.8999999761581421
GUXZIJ,GUYBAE,1.0
GUXZIJ,OVUDAL,1.0
GUXZIJ,OXUPIH,1.0
GUXZIJ,OVUCOY,1.0
GUXZIJ,MAXFEY,0.8999999761581421
GUXZIJ,MAXGOJ,0.8999999761581421
GUXZOP,OXUPIH,1.0
GUXZOP,OVUCOY,1.0
GUXZOP,MAXFEY,0.8999999761581421
GUXZOP,MAXFUO,0.8999999761581421
GUXZUV,OXUPIH,1.0
GUXZUV,OVUCOY,1.0
GUXZUV,YAYPIZ,1.0
GUXZUV,YAYPOF,1.0
GUXZUV,MAXGAV,0.8999999761581421
GUZVUU,ZUBFUZ,0.8999999761581421
GUZXUU,GUZXUU01,1.0
HABQUY,SEMNEF,0.8920000195503235
HABZEQ,XUZRIU,1.0
HABZEQ,XEVSIB,1.0
HACPOR,MAGVOG25,0.8999999761581421
HACPOR,MAGVOG27,0.8999999761581421
HACVAI,HACVAI01,1.0
HACVAI,WEKYES,0.8999999761581421
HACVAI01,TAHFUF,0.8999999761581421
HACVAI01,WEKYES,0.8999999761581421
HADLOQ,QUPZAE01,1.0
HADLOQ,QUPZAE02,1.0
HADLOQ01,QUPZAE01,1.0
HADLOQ01,QUPZAE02,1.0
HAFDUQ,HAFGUT,1.0
HAFDUQ,HAFFAY,1.0
HAFDUQ,HAFFEC,1.0
HAFDUQ,HAFGON,1.0
HAFFAY,HAFFEC,1.0
HAFFAY,HAFGON,1.0
HAFQOW,KUNTAQ02,1.0
HAFQOW,SABWAU01,1.0
HAFQOW,HAFQUC,1.0
HAFQOW,SABVOH01,1.0
HAFQOW,SABVUN,1.0
HAFQOW,SABWAU,1.0
HAFQUC,SABWAU01,1.0
HAFQUC,SABVOH01,1.0
HAFVUH,VITZAB,0.8999999761581421
HAFVUH,VITYOO,0.8999999761581421
HAFVUH,VITZOP,0.8999999761581421
HAFWAO,UFAMUM,1.0
HAFWAO,UFAMIA,1.0
HAFWIW,UHUNEQ,1.0
HAFWIW,NAHBAC,0.8999999761581421
HAGTIV,KOZSID,1.0
HAGTIV,ZELJIM,1.0
HAGTIV,KOZSOJ,1.0
HAHPIQ,XINLEO,0.8999999761581421
HAHPIQ,NUHFAY,1.0
HAHPIQ,HAHPOW,1.0
HAHPOW,NUHFAY,1.0
HAJDII,VUKJOC,1.0
HAJDII,LOZSUQ,1.0
HAJDII,VUKTOM,1.0
HAJDII,NEQTIP,1.0
HAJKOU,SARBOE,0.8999999761581421
HAJTEU01,RUGHEI,1.0
HAJVAS,RUGJOU,1.0
HAJVAS01,RUGJOU,1.0
HAJVAS01,HOFORD01,1.0
HAJVIA,UXEDUX,1.0
HAJVIA,UXEDEH,1.0
HAJVIA,ISIYUF05,1.0
HAJVIA01,UXEDUX,1.0
HAJVIA01,UXEDEH,1.0
HAJVIA01,ISIYUF05,1.0
HAJVUM,RUGJUA,1.0
HAJVUM,HAJVUM03,1.0
HAJVUM,HAJVUM01,1.0
HAJVUM,HAJVUM02,1.0
HAJVUM01,HAJVUM03,1.0
HAJVUM02,HAJVUM03,1.0
HAJWOH,HAJWOH01,1.0
HAJWOH,LEBZIE,1.0
HAJWOH01,LEBZIE,1.0
HAJWOH01,NAFORM,0.8999999761581421
HAJXAU,RUGKAH,1.0
HAJXAU,HAJXAU01,1.0
HAJXIC,YFORMD03,1.0
HAJXIC,HAJXOI,1.0
HAJXIC,YFORMD02,1.0
HAJXIC,LEBMAJ,1.0
HAJXIC,WIHTIS,1.0
HAJXOI,YFORMD02,1.0
HAJYAV,HALVEY,1.0
HAJYAV,OKELOH,0.8999999761581421
HAJYEZ,HALVAU,1.0
HAJYEZ,OKELIB,1.0
HAKCIG,LENRUS,0.8999999761581421
HAKWUM,MESBAN,1.0
HAKXEX,HAKXEX01,1.0
HAKXEX,JESCEQ,0.8999999761581421
HAKXEX,MASZEO,0.8999999761581421
HAKXEX,MUQSIA,0.8999999761581421
HAKXEX,ZIZTIN,0.8999999761581421
HAKXEX,ZIZTIN01,0.8999999761581421
HAKXEX01,ZIVCEO,0.8999999761581421
HAKXEX01,JESCEQ,0.8999999761581421
HAKXEX01,MASZEO,0.8999999761581421
HAKXEX01,XOJLAK,0.8999999761581421
HAKYOH,JAHVUJ01,1.0
HAKYOH,JAHVUJ,1.0
HAKYOH,XIYYEL,0.8999999761581421
HALVAU,OKELIB,1.0
HAMJOW,IPURIV,0.8999999761581421
HANWAW,TATPOV,0.8999999761581421
HAPTOJ,ZOMPAU,0.8999999761581421
HAPTOJ,MEWNAD,0.8999999761581421
HAPTOJ,NIHDUD,0.8999999761581421
HAQRID,SITCUW,1.0
HAQRID,KALXUT,1.0
HAQRID,UFAMIA,1.0
HAQRID,VITZEF,0.8999999761581421
HASNIB,WEMDUP,1.0
HASNIB,MAVFEV,1.0
HASNIB,LEYPAI,1.0
HASNOH,QESNEK02,1.0
HASNUN,MAVFEV03,1.0
HASNUN,WEMDUP,1.0
HASNUN,LEYPAI,1.0
HASNUN,NAVYUG,1.0
HAVXUZ,PAFPAQ,0.8999999761581421
HAVXUZ,OHIHET,0.8999999761581421
HAVXUZ,OHIHIX,0.8999999761581421
HAVXUZ,YAMKOP,0.8999999761581421
HAWDIU,RUGXOI,0.8999999761581421
HAWDIU,XINTOG,0.8999999761581421
HAWDIU,JIYKOU,0.8999999761581421
HAWDIU,IKAFEH,0.8999999761581421
HAWFIV,HIBSUG06,1.0
HAWFIV,HIBSUG01,1.0
HAWFIV,HIBSUG04,1.0
HAWFIV,OVAJAX,1.0
HAWGEU,SOJGOO,1.0
HAWSIK,HAWSOQ,1.0
HAWVAE,SISPUH,1.0
HAWVAE,QOZXUZ,1.0
HAWVAE,HOXKUB,0.8999999761581421
HAWVEI,VIYMAT,1.0
HAWVEI,IYOVOI,1.0
HAWVEI,SISQIW,1.0
HAWVOQ,HAWVOQ03,1.0
HAWVOQ,MAKROG,1.0
HAWVOQ,KEQMAX01,1.0
HAWVOQ01,HAWVOQ03,1.0
HAWVOQ01,MAKROG,1.0
HAWVOQ01,KEQMAX01,1.0
HAWVOQ03,MAKROG,1.0
HAWVOQ03,KEQMAX01,1.0
HAWVOQ04,MAKROG,1.0
HAWVOQ04,KEQMAX01,1.0
HAWVOQ04,KEQMAX,1.0
HAWVOQ04,KEQMAX03,1.0
HAWVOQ05,MAKROG,1.0
HAWVOQ05,KEQMAX01,1.0
HAWVOQ05,KEQMAX,1.0
HAWVOQ05,KEQMAX03,1.0
HAWVOQ06,MAKROG,1.0
HAWVOQ06,KEQMAX01,1.0
HAWVUY,RATRUB,1.0
HAWVUY,HOXKOV,1.0
HAWVUY,HOXKUB,0.8999999761581421
HAWWAF,RATSAI,1.0
HAWWEK,UXOWOU,1.0
HAWWEK,OJOQEJ02,1.0
HAWWEK,KIVZAR,1.0
HAWWEK,SIKGAW,1.0
HAWZEK01,XELHUS,1.0
HAWZEK01,ULUCUZ,0.8999999761581421
HAWZEM,VOJPUG01,1.0
HAWZEM,KAKTIA,1.0
HAWZEM,KAKTIA01,1.0
HAWZEM,NIHDEQ,1.0
HAWZEM,SAHDAH,0.8999999761581421
HAXYIQ,WUKFEP,0.8999999761581421
HAXZIQ,QUQGEP,1.0
HAXZIQ,INESIE,1.0
HAXZIQ,LICROF,1.0
HAXZIQ,VOCNOQ,1.0
HAXZIQ,VOWCIV,1.0
HAYQAC,HAYSUY,0.8999999761581421
HAYQAC,MAQBIS,0.8999999761581421
HAYQAC,MAQBAK,0.8999999761581421
HAYQAC,HAYQEG,0.8999999761581421
HAYQEG,MAQBAK,0.8999999761581421
HAYQEG,MAQBIS,0.8999999761581421
HAYYOY,LONVAN,0.8999999761581421
HAYZEP,UPOZAB,0.8999999761581421
HAYZEP,JEGWUQ,0.8999999761581421
HAYZEP,JEGXAX,0.8999999761581421
HAZBOA,ULEHEA,1.0
HAZBOA,UZATAR,0.8999999761581421
HAZGOF,HAZGOF17,1.0
HAZGOF03,HAZGOF17,1.0
HAZGOF03,ZUBKEO,0.8999999761581421
HAZGOF04,HAZGOF17,1.0
HAZGOF04,ZAZBUZ,0.8999999761581421
HAZGOF05,HAZGOF17,1.0
HAZGOF05,ZUBKEO,0.8999999761581421
HAZGOF06,HAZGOF17,1.0
HAZGOF06,ZAZBUZ,0.8999999761581421
HAZGOF16,HAZGOF17,1.0
HAZGOF16,HOJNIF,1.0
HAZGOF16,HOJNOL,1.0
HAZGOF16,HOJNUR,1.0
HAZGOF16,HOJPAZ,1.0
HAZGOF16,TAJTAC,1.0
HAZGOF16,TAJTAC01,1.0
HAZGOF16,TAJTIK,1.0
HAZGOF16,TAJTOQ,1.0
HAZNON,HAZPIJ01,1.0
HAZNON,HAZPAB,1.0
HAZNON,HAZPIJ02,1.0
HAZNON,HAZPIJ,1.0
HAZNON,HAZPOP,1.0
HAZNON,LUPDEH,0.8999999761581421
HAZPAB,HAZPIJ02,1.0
HAZPAB,LUPDEH,0.8999999761581421
HAZPIJ,HAZPIJ02,1.0
HAZPIJ,HAZPOP,1.0
HAZPOP,LUPDEH,0.8999999761581421
HAZPOP,ZEFLAZ01,0.8999999761581421
HEBJEF,XACSIG,0.9357142448425293
HEBJEF,QOKCAV,0.9333333373069763
HEBKAC,UFAQOK,1.0
HEBKAC,UFAQEA,1.0
HEBNAF,YIXZEM,0.8999999761581421
HEBNAF,QUNXEE,0.8999999761581421
HEBNAF,TUPDEP,0.8999999761581421
HEDHOP,ROCZOA,1.0
HEDHOP,NASGEV,0.8999999761581421
HEDHUV,ROCZOA,1.0
HEDHUV,NASGIZ,1.0
HEDHUV,NASGIZ01,1.0
HEDHUV,PANYEK,1.0
HEDHUV,ROCZUG,1.0
HEFSUJ,ZIWRIJ,1.0
HEFSUJ,ZIZTOT,1.0
HEFSUJ,OYIHAH,0.8999999761581421
HEHROE,LAYXER,1.0
HEHROE,LAYWOA,1.0
HEHROE,LAYXAN,1.0
HEHSEV,HOXKUB,0.8999999761581421
HEHSEV,XICNOO,0.8999999761581421
HEJCIL,UVASAM01,0.8999999761581421
HEJFUA,HEJGEL,1.0
HEJFUA,HEJGIP,1.0
HEJGEL,HEJGIP,1.0
HEJGIP,IZIBUQ,0.8999999761581421
HEJQAR,QUNMUI,1.0
HEJQAR,HEJQUL,1.0
HEJQAR,HEJQOF,1.0
HEJQAR,HEJRAS,1.0
HEJQAR,QUNMOC,1.0
HEJQAR,LAJWUQ,0.8999999761581421
HEJQIZ,LAJWUQ,0.8999999761581421
HEJQIZ,VERQIU,0.8999999761581421
HEJQOF,QUNMUI,1.0
HEJQOF,HEJQUL,1.0
HEJQOF,HEJRAS,1.0
HEJQOF,QUNMOC,1.0
HEJQUL,QUNMUI,1.0
HEJQUL,VERQIU,0.8999999761581421
HEJQUL,WUJKUI,0.8999999761581421
HEJRAS,QUNMUI,1.0
HEJRAS,QUNMOC,1.0
HEJRAS,WUJKUI,0.8999999761581421
HEKTAU,ZASJAG,1.0
HEKTAU,QIKTUC,0.8999999761581421
HEKTUO,IYAZAL,1.0
HEKTUO,NOLRIR,1.0
HEKTUO,QEKLID,1.0
HEKTUO01,NOLRIR,1.0
HEKTUO01,QEKLID,1.0
HELCUY,PANYOU,1.0
HELCUY,KAWBOB,0.8999999761581421
HELDOT,IZUKIZ,0.8999999761581421
HELNAQ,MAPGOC,1.0
HELNAQ,VALVAI,1.0
HELNAQ,KIKMAV,1.0
HELNEU,NOFZEO,1.0
HELNIY,YIXFIW,1.0
HELNIY,ZEDVUB,1.0
HEMZOR,OJOQEJ,1.0
HEMZOR,HEMZUX,1.0
HEMZOR,UXOWIO,1.0
HEMZOR,UXOWOU,1.0
HEMZUX,OJOQEJ,1.0
HEMZUX,OJOQEJ01,1.0
HEMZUX,OJOQEJ02,1.0
HEMZUX,UXOWIO,1.0
HEMZUX,UXOWOU,1.0
HENSEB,LEHFOW,1.0
HENSEB01,VUKSEB,1.0
HENYUV,HESVOR,1.0
HENYUV,KUQCIJ,0.8999999761581421
HEPLIA,HEPLUM,1.0
HEPLIA,HEPLOG,0.8999999761581421
HEPLIA,HEPQOL,0.8999999761581421
HEPLIA,HEPQUR,0.8999999761581421
HEPLOG,HEPQOL,0.8999999761581421
HEPLOG,HEPQUR,0.8999999761581421
HEPLOG,HEPLUM,0.8999999761581421
HEPLUM,HEPQOL,0.8999999761581421
HEPLUM,HEPQUR,0.8999999761581421
HEPQOL,HEPQUR,0.8999999761581421
HEQTAB,VITZOP,0.8999999761581421
HEQTAB,KESFUM,0.8999999761581421
HERHAQ,HERHEU,1.0
HERHAQ,ZESTID,0.804347813129425
HERHEU,ZESTID,0.804347813129425
HERHIY,RIBSIH,1.0
HERHIY,HERHOE,1.0
HERHOE,RIBSIH,1.0
HERHUK,NIHGET,1.0
HERHUK,RIBSON,1.0
HERHUK,HERHUK02,1.0
HERHUK,TOVJIZ,0.8624999523162842
HERHUK02,RIBSON,1.0
HERHUK02,TOVJIZ,0.8624999523162842
HERJAS,UMOBEF08,0.8999999761581421
HERJAS,UMOVEZ04,0.8999999761581421
HERJOG,RUBLAD03,1.0
HERJOG,IXEJIG,1.0
HERJOG,SELKIG,1.0
HERJOG,SELKUS,1.0
HERYIN,NUFYET,0.8999999761581421
HERYIN,NUFYAP,0.8999999761581421
HERYIN,HERYOT,0.8999999761581421
HERYIN,NUFYIX,0.8999999761581421
HERYIN,QIXNES,0.8999999761581421
HERYIN,QIXNIW,0.8999999761581421
HERYOT,NUFYAP,0.8999999761581421
HERYOT,QIXNES,0.8999999761581421
HERYOT,NOHFOG,0.8999999761581421
HERYOT,NUFYIX,0.8999999761581421
HESVOR,KUQCIJ,0.8999999761581421
HEWPAB,SEVROC,0.8999999761581421
HEWPIJ01,TEVZIE,1.0
HEWPIJ01,TESGOO,1.0
HEWPIJ01,RATDAS01,1.0
HEWPIJ01,RATDAS02,1.0
HEWPIJ01,YANXIX,1.0
HEWPIJ01,YANXIX04,1.0
HIBGEF,XAXBEF,1.0
HIBSUG,HIBSUG01,1.0
HIBSUG,HIBSUG04,1.0
HIBSUG,HIBSUG02,1.0
HIBSUG,HIBSUG03,1.0
HIBSUG,HIBSUG05,1.0
HIBSUG,HIBSUG07,1.0
HIBSUG01,HIBSUG04,1.0
HIBSUG01,NICOPB01,0.8999999761581421
HIBSUG01,NICOPB03,0.8999999761581421
HIBSUG02,HIBSUG04,1.0
HIBSUG02,XALXIS,0.8999999761581421
HIBSUG02,XALXIS01,0.8999999761581421
HIBSUG03,HIBSUG04,1.0
HIBSUG03,HIBSUG05,1.0
HIBSUG03,HIBSUG07,1.0
HIBSUG04,OVAJAX,1.0
HIBSUG05,HIBSUG07,1.0
HICCUU,HICNIT,0.8999999761581421
HICCUU,HICNOZ,0.8999999761581421
HICFOP,SUZTAI,0.8999999761581421
HICFOP,XIPHIN,0.8999999761581421
HICFOP,IRANIA,0.8999999761581421
HICGEG,KUMXEW,1.0
HICGEG,VEJYOZ,1.0
HICNIT,HICNUF,1.0
HICNIT,HICNOZ,1.0
HICTIZ,QIJFEX,0.8999999761581421
HICTIZ,XIRYIJ,0.8999999761581421
HICTIZ,QIJFAT,0.8999999761581421
HICTIZ,SOMJOV,0.8999999761581421
HICZEA,HIDCUU,0.8999999761581421
HICZEA,HIDDAB,0.8999999761581421
HICZEA,HICZIE,0.8999999761581421
HICZIE,TOVHAP,0.8999999761581421
HIDDAB,VIDWIQ,0.8999999761581421
HIDDAB,TOVHAP,0.8999999761581421
HIDDON,XELHUS,0.8999999761581421
HIDDON,SIWNES,0.8999999761581421
HIDDON,NAHNLA10,0.8999999761581421
HIDDON,NUQYIH,0.8999999761581421
HIDMIS,VIHHUR,0.8999999761581421
HIDMIS,PIHNIF,0.8999999761581421
HIFMEP,PUKJIO01,1.0
HIFMEP,PUKJIO02,1.0
HIFMEP,PUKJIO,1.0
HIFVOI,IMIDZB07,1.0
HIFVOI,IMIDFE,0.8999999761581421
HIFVUO,IMIDZB07,1.0
HIFVUO01,IMIDZB07,1.0
HIFWAV,IMIDZB07,1.0
HIFZAY,WILGEE,0.8999999761581421
HIGWOL,HIGXIG,0.8999999761581421
HIGWOL,HIGXEC,0.8999999761581421
HIGWOL,KABSIR,0.8999999761581421
HIGXAY,HIGXEC,0.8999999761581421
HIGXAY,TOBSIO,0.8999999761581421
HIGXAY,HIGXIG,0.8999999761581421
HIGXEC,HIGXIG,0.8999999761581421
HIGXEC,TOBSIO,0.8999999761581421
HIGXIG,TOBSIO,0.8999999761581421
HIGXIG,KABSIR,0.8999999761581421
HIHGAI,NOZZOT,0.8999999761581421
HIHGAI,YIVZOU,0.8999999761581421
HIHGAI,ODODIW,0.8999999761581421
HIHGEM,ZEXSOM,1.0
HIHGUC,WIVRIE,1.0
HIHGUC,TACJIS,1.0
HIHNUJ,OWIHIN,1.0
HIHNUJ,MUQYEE,1.0
HIHNUJ,OTEHAY,1.0
HIHNUJ,ZEGREL,1.0
HIJSOK,LEDCAA,0.8999999761581421
HIJSOK,MUTDIQ,0.8999999761581421
HILKAP01,REMJOJ,0.8999999761581421
HINBUC,OCUGAX,0.8999999761581421
HIPLUP,QEBYON,0.8999999761581421
HIPLUP,VOPCIO,0.8999999761581421
HIPMAW,PEFRID01,1.0
HIPMAW,PEFRID,1.0
HIPMAW,WEQQUH,0.8999999761581421
HIPMEA,HIPMIE,0.8999999761581421
HIPMOK,LACJEH,0.8999999761581421
HIPMOK,PEFRID,0.8999999761581421
HIQJEZ,ZOFZUR,1.0
HIQJOI,PEDMER,0.8999999761581421
HIQJOI,IZUKEV,1.0
HIQJOI,HIQJUO,1.0
HIQJOI,RIFYAI,1.0
HIQJOI,HIQKAV,1.0
HIQJOI,HIQKEZ,1.0
HIQJUO,IZUKEV,1.0
HIQJUO,RIFYAI,1.0
HIQKAV,IZUKEV,1.0
HIQKAV,RIFYAI,1.0
HIQKEZ,IZUKEV,1.0
HIQKEZ,RIFYAI,1.0
HIQKID,PIZPOD,0.8999999761581421
HIQKOJ,PETWOC,1.0
HIQKOJ,ZUXPOZ,1.0
HIQKOJ,KOVJAI01,1.0
HIQKOJ,KOVJAI,1.0
HIQNOM,HIQNUS,1.0
HIQNOM,XUKHUI,1.0
HIQNUS,XUKHUI,1.0
HIQPAA,MIVWEU,0.8999999761581421
HIQPAA,HIQPEE,0.8999999761581421
HIQPAA,TUKYIJ,0.8999999761581421
HIQPEE,MIGVED,1.0
HIQPEE,JORQOY,0.8999999761581421
HIQXEM,WULBIQ,0.8999999761581421
HIQXEM,WULBEM,0.8999999761581421
HISFUM,UTUNED,0.8999999761581421
HISFUM,UQEFED,0.8999999761581421
HISGIB,UTUNED,0.8999999761581421
HISGIB,MUNLAJ,0.8999999761581421
HISGIB,SAQCIZ,0.8999999761581421
HISHUO,XEKCAT01,1.0
HISHUO,XEKCAT,1.0
HISHUO,PEXFAA,1.0
HISJAW,SUVMIH,0.8999999761581421
HISJAW,RILVOZ,0.8999999761581421
HISJEA,MOYMET,1.0
HISJEA,JEGCAA01,0.8999999761581421
HISJEA,REFVEF,0.8999999761581421
HISJEA,OPOCEC,0.8999999761581421
HISJIE,JOFZOV,0.8999999761581421
HISJIE,QOPZIF,0.8999999761581421
HISJIE,NAPZOV,0.8999999761581421
HISSUZ,HISTIO,0.8999999761581421
HISSUZ,WENKEH,0.9470588564872742
HISSUZ,HISTUA,0.8999999761581421
HISTEK,WENKOR,0.9470588564872742
HISTEK,HISTOU,0.8999999761581421
HISTEK,HISTUA,0.8999999761581421
HISTOU,WENLAE,0.9470588564872742
HISTOU,HISTUA,0.8999999761581421
HIVQAG,KAFQAL,1.0
HIVQAG,IVEMIH01,1.0
HIVQAG,IVEMED,1.0
HIVQAG,OTIQEP,1.0
HIVQAG,UMABOB,1.0
HIVQAG,XEQLEM,0.8999999761581421
HIXWIU,XUBMEN,1.0
HIXWIU,UPIXUN,1.0
HIXWIU,HIXWIU01,1.0
HIXWIU01,XUBMEN,1.0
HIXWIU01,REGLIA,1.0
HIXWIU01,REGLOG,1.0
HIXWIU01,REGLUM,1.0
HIXWIU01,UPIXUN,1.0
HIXWIU01,UPIXUN01,1.0
HIXWIU01,UPIXUN03,1.0
HIXZOD,PIHSAB,0.8999999761581421
HIXZOD,ODAHUY,0.8999999761581421
HIYZEV,ZOYKAB,1.0
HIYZEV,ZOZKAC,1.0
HIYZEV01,ZOYKAB,1.0
HIYZEV01,ZOZKAC,1.0
HIYZEV01,XOFFUT,0.8999999761581421
HIZFIH,SIXPOG,0.8999999761581421
HIZJEH,ZAWTIC,0.8999999761581421
HIZJEH,ZAWTUO,0.8999999761581421
HIZQEN,HIZQEN01,1.0
HIZQEN,HIZQOX,1.0
HIZQEN,QUSBIQ,1.0
HOFORD01,RUGJOU,1.0
HOFSUS,IQEKUM,1.0
HOFSUS,RUVMAX,1.0
HOGJIX,UBIBUF,1.0
HOGLEV,RAVFEB,0.8999999761581421
HOGLEV,RAVCUO,0.8999999761581421
HOGQIF,NAJQUN,0.8999999761581421
HOGQIF,YOCDUR,0.8999999761581421
HOGQIF,NAJQOH,0.8999999761581421
HOHJAR,LOBNUM,1.0
HOJNUR,HOJPAZ,1.0
HOKLIE,HOKLOK,1.0
HOKLOK,PEHLIA,0.8999999761581421
HOKMUR,RAMSAC,1.0
HOKMUR,SIVGIP,1.0
HOKMUR,RAMRUV,1.0
HOLQOQ,XIVMEW,0.8999999761581421
HOLQOQ,JEBXUM,0.8999999761581421
HOPHUP,LIWFUS,1.0
HOPHUP,ODELOZ,1.0
HOPHUP,JEXPUY,0.8999999761581421
HOPMUW,NEYYUN,0.8999999761581421
HOPMUW,IXEZES,0.8999999761581421
HOPMUW,IXEZIW,0.8999999761581421
HOPVEP,NUVDEO,1.0
HOPVEP,YEDBOB,0.8999999761581421
HOPVEP,NUVDOY,0.8999999761581421
HOPVIT,NUVDIS,1.0
HOPVIT,NUVFAM,0.8999999761581421
HOPVIT,NUVDEO,0.8999999761581421
HOQGAX,SISBAZ,1.0
HOQGAX,SISBED,0.8999999761581421
HORCOH,HORCUN,0.8999999761581421
HORHAX,HORHAX01,1.0
HORHAX,HORHAX03,1.0
HORHAX,HORHAX02,1.0
HORHAX01,HORHAX03,1.0
HORHAX01,HORHAX02,1.0
HORHAX02,HORHAX03,1.0
HORHAY,HORHEC,1.0
HORHAY,HORHOM,1.0
HORHAY,HORHIG,1.0
HORHEC,HORHOM,1.0
HORHEC,HORHIG,1.0
HORHIG,HORHOM,1.0
HOSPEL,PIZHOX,1.0
HOVGEG,MOFWEL,0.8999999761581421
HOVGEG,XOGWUN,0.8999999761581421
HOVGEG,VAYFAE,0.8999999761581421
HOVPUF,UVINAP,1.0
HOVQUG,LIHCAI,0.8999999761581421
HOVQUG,NIBSAU01,0.8999999761581421
HOVQUG,PATPOR,0.8999999761581421
HOVQUG,PATPEH,0.8999999761581421
HOWPEQ,HOWPOA,1.0
HOWPEQ,YIKJUZ,1.0
HOWPEQ,URUYUD,0.8999999761581421
HOWPOA,YIKJUZ,1.0
HOWPOA,URUYUD,0.8999999761581421
HOWROC,YAQNOV,0.8999999761581421
HOWRUI,HOWSAP,1.0
HOXFOQ,HOXFUW,1.0
HOXGIL,HOXGOR,1.0
HOXGIL,HOXGUX,1.0
HOXGIL,OWISOD,0.8999999761581421
HOXGOR,HOXGUX,1.0
HOXGOR,OWISOD,0.8999999761581421
HOXGUX,OWISOD,0.8999999761581421
HOXKIP,IYOVIC,1.0
HOXKIP,SISQAO,1.0
HOXKOV,OQIQEM,0.8999999761581421
HOYCEF,LAWSEJ01,0.8999999761581421
HOYCEF,XITDEL,0.8999999761581421
HOYCEF,XUMVIM,0.8999999761581421
HOYCEF,KEGYAX,0.8999999761581421
HOYCEF,KEGYEB,0.8999999761581421
HOYQIX,IPUPOA,1.0
HOZDIL,HOZDOR,1.0
HOZDIL,MAXFOI,0.8999999761581421
HOZDOR,MAXFAU,0.8999999761581421
HOZDOR,MAXFOI,0.8999999761581421
HOZDOR,MAXGOJ,0.8999999761581421
HOZFAF,WOHPIU,1.0
HOZFAF,JEGQOE,0.8999999761581421
HOZFIN,PEFBIM,0.8999999761581421
HOZFIN,VOYWUB,0.8999999761581421
HOZQOD01,OTIXAS,0.8999999761581421
HOZQOD01,RAFRUL,0.8999999761581421
HOZWUQ,RAPBIT,1.0
HOZWUQ,RAPBEP01,1.0
HOZWUQ,NAHBAC,1.0
HOZWUQ,RAPBEP,1.0
HUBHAO,HUBHES,1.0
HUBHAO,HUWWEC,1.0
HUBHES,HUWWEC,1.0
HUBHES,YUWKIL,0.8999999761581421
HUCBOX,LUSZOP01,1.0
HUCBOX,LUSZIJ,1.0
HUCBOX,LUSZUV,1.0
HUCBOX,LUTCAF,1.0
HUCBOX01,LUSZOP01,1.0
HUCBOX02,LUSZOP01,1.0
HUCBOX02,IZAVUA,0.8999999761581421
HUCBOX02,IZAVUA01,0.8999999761581421
HUCFAO,KAWBOB,1.0
HUCFAO,UPOVOL,0.8999999761581421
HUCFAO,VIRCEF,0.8999999761581421
HUCMOH,HUCMOH02,1.0
HUCMOH,VIDSIN,0.8999999761581421
HUCMOH02,VIDSIN,0.8999999761581421
HUCWOT,UTEMAJ,0.8999999761581421
HUCWOT,VIXKOE,0.8999999761581421
HUCWOT,MAFWEY,0.8999999761581421
HUCWUZ,UTELIQ,0.8999999761581421
HUCWUZ,HUCXAG,0.8999999761581421
HUCWUZ,VIXKOE,0.8999999761581421
HUCXAG,HUCXEK,0.8999999761581421
HUCXEK,ZAXSAV,1.0
HUCXIO,WAQZEW,0.8999999761581421
HUCXOU,ZAXSAV,0.8999999761581421
HUCXOU,VIXKOE,0.8999999761581421
HUCXOU,UTELIQ,0.8999999761581421
HUCXOU,WAQZEW,0.8999999761581421
HUDWUA,IZEWAN,0.8999999761581421
HUDWUA,MALSOK,0.8181818127632141
HUDWUA,QEHZIP,0.8181818127632141
HUFHEX,HUFJAV,1.0
HUFHEX,TAMHUM,1.0
HUFHEX,HUFJEZ,1.0
HUFHIB,TAMHUM,1.0
HUFHIB,HUFJEZ,1.0
HUFHIB,TAMJAU,1.0
HUFHOH,TAMHUM,1.0
HUFHOH,HUFJEZ,1.0
HUFHOH,TAMJAU,1.0
HUFHUN,TAMHUM,1.0
HUFHUN,HUFJEZ,1.0
HUFHUN,HUFJID,1.0
HUFJEZ,TAMHUM,1.0
HUFJID,TAMHUM,1.0
HUFJID,TAMJAU,1.0
HUFMAY,PAMGIV,0.8999999761581421
HUFMAY,IVIPEK,0.8999999761581421
HUFMAY,HUFMEC,0.8999999761581421
HUFMAY,JIRLII,0.8999999761581421
HUFMEC,PAMHES01,0.8999999761581421
HUFMEC,JIRLII,0.8999999761581421
HUFYIS,SUCCUR,1.0
HUFYIS,YUBMIS,0.8999999761581421
HUFYIS,LISUCC01,0.8999999761581421
HUGLOM,PUQYAC,0.8999999761581421
HUGLOM,OVIHOR03,0.8999999761581421
HUGLOM,TAFCIO01,0.8999999761581421
HUGLOM,VUKHOZ,0.8999999761581421
HUGLUS,OVIHOR02,0.8999999761581421
HUGLUS,WAHREE,0.8999999761581421
HUGLUS,VEGXUC,0.8999999761581421
HUHGUN,ONATUT,1.0
HUHGUN,HUHHAU,0.8999999761581421
HUHHAU,ONATUT,0.8999999761581421
HUHHIC,HUHJAW,0.805263102054596
HUJVOX,QIJFEX,1.0
HUJVOX,XISMUK,1.0
HUKZOE,HUKZUK,0.8999999761581421
HUKZOE,HULBAT,0.8999999761581421
HUKZOE,HULBIB,0.8999999761581421
HULBAT,HULBIB,0.8999999761581421
HULCEW,MACKAE,0.8999999761581421
HULCEW,TOJNEN,0.8999999761581421
HUMPIP,RORQOE,0.8999999761581421
HUNBIB,UFITEJ,1.0
HUNBIB,XIPHIN,1.0
HUNBIB,SAGZUW,1.0
HUNCUQ,SAQCIZ,0.8999999761581421
HUPTER,VAQRUC,0.8999999761581421
HUPTER,OLURUI,0.8999999761581421
HUPTER,OLURUI01,0.8999999761581421
HUPTOB,SIYGOZ,1.0
HUPTOB,OBOHOE,0.8999999761581421
HURGOR,MOXDOT,1.0
HURGOR,IBEXUJ,0.8999999761581421
HURGOR,XAPMUY,0.8999999761581421
HURGUX,HURGUX01,1.0
HURGUX,TUXNEF,1.0
HURGUX,LIXWAR,0.8999999761581421
HURGUX,YICGUP,0.8999999761581421
HURGUX01,TUXNEF,1.0
HURGUX01,LIXWAR,0.8999999761581421
HURNOX,SGLUTM02,0.8999999761581421
HURNOX,SGLUTM01,0.8999999761581421
HURQUG,LICSUM,0.8999999761581421
HURQUG,MAZJAY,0.8999999761581421
HURQUG,PADROD,0.8999999761581421
HURQUG,PADROD01,0.8999999761581421
HUSJUC,MINCUJ,0.8999999761581421
HUSJUC,REGYOT,0.8999999761581421
HUSJUC,MINDAQ,0.8999999761581421
HUSJUC,SENXAN,0.8999999761581421
HUSJUC,SENXER,0.8999999761581421
HUSPOB,UZOBER,0.8999999761581421
HUTZAX01,WUHNUK,1.0
HUTZAX01,POKZIA,1.0
HUWHIQ,POVXII,1.0
HUWHIQ,QQQFUV02,1.0
HUWHIQ,QOTWON,1.0
HUWPIA,JOGHIY,0.8999999761581421
HUWWEC,NUHBIC,0.8999999761581421
HUWWEC,NUHBIC01,0.8999999761581421
HUWZIK,TAQGEZ,1.0
HUWZIK,KAVSIL,1.0
HUWZIK,ICEGED,1.0
HUYQAU,SAQYIT,1.0
HUYQEY,XESKOX,0.8999999761581421
HUYQEY,IVEQEG01,0.8999999761581421
HUYQEY,SOTTUR,0.8999999761581421
HUYQEY,XESKUD,0.8999999761581421
HUYXOP,WIZSOP,0.8999999761581421
HUYXOP,HUYYAC,0.8999999761581421
HUYXOP,PELWEK,0.8999999761581421
HUYXUV,WIZSOP,1.0
HUYXUV,PAPKAV,1.0
HUYXUV,VUMCIQ,1.0
HUYXUV,HUYYAC,0.8999999761581421
HUYXUV,PAQDAP,0.8999999761581421
HUYYAC,PAQDAP,1.0
HUYYAC,VUMCIQ,0.8999999761581421
HUYYAC,PELWEK,0.8999999761581421
HUZFEO,NEFTUP,0.8999999761581421
HUZFEO,YAMKOP,0.8999999761581421
HUZFIS,MEFSOI,0.8999999761581421
HUZJIW,OGUPIQ,1.0
HUZJIW,UFUKUB01,1.0
HUZJIW,UFUKUB02,1.0
IBAPEJ,TANKIE,0.8999999761581421
IBAPEJ,YORZEL,0.8999999761581421
IBAPEJ,QIHMUS,0.8999999761581421
IBEXUJ,INECOV,1.0
IBEXUJ,SEQWUI,1.0
IBEXUJ,OPUJUG,0.8999999761581421
IBEXUJ,SEQWIW,0.8999999761581421
IBEYAQ,KIHTED,1.0
IBEYAQ,IBEYIY,0.8999999761581421
IBEYAQ,OPUJUG,0.8999999761581421
IBEYAQ,SEQWUI,0.8999999761581421
IBEYEU,SAQQEH,0.8999999761581421
IBEYEU,SAQQIL,0.8999999761581421
IBEYEU,SEQWIW,0.8999999761581421
IBEYIY,SAQQIL,1.0
IBEYIY,ZALLEG,0.8999999761581421
IBEYIY,SAQQAD,0.8999999761581421
IBEYIY,MIBMER,0.8999999761581421
IBOTEY,IBOTIC,1.0
IBOTEY,QIBTAW,1.0
IBOTEY,IXEDOE,1.0
IBOTEY,IXEFAS,0.8999999761581421
IBOTIC,QIBTAW,1.0
IBOTIC,IXEDOE,1.0
IBOTIC,IXEFAS,0.8999999761581421
IBOTIC,YUNXAI,0.8999999761581421
ICAGOK,WURNOO,1.0
ICAGOK,KAGJOS,1.0
ICAREL,QOWRAV03,1.0
ICAREL,QOWRAV04,1.0
ICAWAM,SUVMAZ,1.0
ICAWUF,OTIPAK,0.925000011920929
ICAWUF,JUKXIW01,0.925000011920929
ICECIE,RUSTOP,0.8999999761581421
ICEGED,TAQGEZ,1.0
ICEGED,KAVSIL,1.0
ICOWON,JOSNAG,1.0
ICOWON,JOSNAG01,1.0
ICUDOC,ICUHIA,1.0
ICUDOC,XUKKET01,0.8999999761581421
ICUDOC,REQRUD,0.8999999761581421
ICUHIA,XUKKET01,0.8999999761581421
ICUHIA,REQRUD,0.8999999761581421
IDAJAZ,IDAJAZ01,1.0
IDAJAZ,IDAJIH,0.8999999761581421
IDAJAZ,MOYBIL,0.8999999761581421
IDAJAZ,OFIRUQ,0.8999999761581421
IDAJAZ01,IDAJIH,0.8999999761581421
IDAJAZ01,MOYBIL,0.8999999761581421
IDAJAZ01,WUJGAJ,0.8999999761581421
IDAJAZ01,ZIZTEJ,0.8999999761581421
IDAJIH,REQCAU,0.8999999761581421
IDAJIH,OFIRUQ,0.8999999761581421
IDAJIH,WUJGAJ,0.8999999761581421
IDAJUS,YIYHAQ,0.8999999761581421
IDAJUS,VAKHIB,0.8999999761581421
IDAJUS,ILOWAI,0.8999999761581421
IDAJUS,JUMZIC,0.8999999761581421
IDAXIW,QOTFAH,1.0
IDAXIW,NAKYUV,0.8999999761581421
IDAZAQ,NDFUMA01,1.0
IDAZAQ,WADDUD,0.8999999761581421
IDEDAY,VAYDOQ,0.8999999761581421
IDEDAY,ZEDQEG,0.8999999761581421
IDINER,NIGPAW,0.8999999761581421
IDIWIB,WIHWIU,1.0
IDIWOH,WIHWIU,1.0
IDIWOH01,IDIWOH06,1.0
IDIWOH01,WIHWIU,1.0
IDIWOH01,IXOFUX01,1.0
IDIWOH02,IDIWOH06,1.0
IDIWOH02,WIHWIU,1.0
IDIWOH02,IXODUV,1.0
IDIWOH02,IXOFIL,1.0
IDIWOH03,IDIWOH06,1.0
IDIWOH03,WIHWIU,1.0
IDIWOH03,UFIROR,1.0
IDIWOH03,XAVDEF,1.0
IDIWOH05,IDIWOH06,1.0
IDIWOH05,WIHWIU,1.0
IDIWOH05,JUMCOL,1.0
IDIWOH05,JUMCUR,1.0
IDIWOH05,JUMDAY,1.0
IDIWOH05,UFIROR,1.0
IDIWOH05,XAVDEF,1.0
IDIWOH06,WIHWIU,1.0
IDIWOH06,JUMCOL,1.0
IDIWOH06,JUMCUR,1.0
IDIWOH06,JUMDAY,1.0
IDIWUN,PIWLAL,1.0
IDIWUN,KULMEK,1.0
IDIWUN,ROZXEL,1.0
IDIWUN,RUBBOH,1.0
IDIWUN,NIGBOW,0.8999999761581421
IDIZAX,SEGVEH,0.8999999761581421
IDIZAX,MUDJAW,0.8999999761581421
IDIZAX,ZETPUL,0.8999999761581421
IDIZAX,ZETQAS,0.8999999761581421
IDOBUB,OYIVOI,1.0
IDOBUB,OGURAK,1.0
IDOBUB,NUCRIN01,0.8999999761581421
IDUDES,PAQYEN,0.8999999761581421
IDUDES,PAQYIR,0.8999999761581421
IDUQUT,MODWUX01,1.0
IDUQUT,REQKEF,1.0
IDUQUT,XESFOR,0.8999999761581421
IDUREG,UYEWIG02,0.8999999761581421
IDUSIM,UNABUH01,1.0
IDUSIM,IDUTIN,1.0
IDUSIM,IDUSIM02,1.0
IDUSIM,RORJOZ,1.0
IDUSIM,SOZHOG,1.0
IDUSIM01,IDUTEJ,1.0
IDUSIM01,IDUSIM02,1.0
IDUSIM01,IDUTAF,1.0
IDUSIM01,SOZHOG,1.0
IDUSIM01,VIQQUJ,0.8999999761581421
IDUSIM02,VIQQUJ,0.8999999761581421
IDUTAF,RORJOZ,1.0
IDUWAH,JEFROE,0.8999999761581421
IFACIC01,IWOSET,1.0
IFACIC01,IPIGIY,0.8999999761581421
IFASOZ,QITYOI,0.8999999761581421
IFASOZ,MOLTAJ,0.8999999761581421
IFASOZ,XOVPON,0.8999999761581421
IFASOZ,PARHEW,0.8999999761581421
IFEKIO,IFEKUA,1.0
IFEKIO,IFELAH,1.0
IFEKUA,IFELAH,1.0
IFEPUG,IFEQER,1.0
IFEPUG,IFEPUG03,1.0
IFEPUG01,IFEQER,1.0
IFEPUG01,IFEPUG03,1.0
IFEPUG02,IFEQER,1.0
IFEPUG02,IFEPUG03,1.0
IFEPUG02,IFEQAN,1.0
IFEPUG03,IFEQER,1.0
IFEPUG07,IFEPUG10,1.0
IFEQAN,IFEQER,1.0
IFIQUM,NIKKIC,0.8999999761581421
IFIQUM,KIHXUX,0.8999999761581421
IFIQUM,ZIYWIQ,0.8999999761581421
IFIQUM,IFIRAT,0.8999999761581421
IFIQUM,LUNJEL,0.8999999761581421
IFIQUM,NEZPOA,0.8999999761581421
IFIRAT,WINRAP,0.8999999761581421
IFIRAT,NIKHUL,0.8999999761581421
IFIWIE,POBJOH,0.8999999761581421
IFIWIE,SOGXET,0.8999999761581421
IFIWIE,TEKDUI01,0.8999999761581421
IFIWIE,ODAHUY,0.8999999761581421
IFOQAV,IFOQAV01,1.0
IFOQAV,LETFOH,1.0
IFOQAV01,NONXUK,0.8999999761581421
IGAHED,OCACUR,1.0
IGAHED,UGECEO01,1.0
IGAHED,KUHNEI,1.0
IGAHED,SACMOA,1.0
IGAHED,UGECEO,1.0
IGAHED,UGECEO03,1.0
IGAHED01,OCACUR,1.0
IGAHED01,UGECEO01,1.0
IGAHED01,KUHNEI,1.0
IGAHED02,OCACUR,1.0
IGAHED02,UGECEO01,1.0
IGAHED02,KUHNEI,1.0
IGAHED02,SACMOA,1.0
IGAHED02,WINCEC,1.0
IGAHED03,OCACUR,1.0
IGAHED03,UGECEO01,1.0
IGAHED03,KUHNEI,1.0
IGAHED03,QUTTII01,1.0
IGETUL,OMUMEQ,1.0
IGINIX,KIYQOA,1.0
IGINIX,IGINIX01,1.0
IGINIX,KIYQIU,1.0
IGINIX,WUKFEP,0.8999999761581421
IGINIX01,KIYQOA,1.0
IGINIX01,KIYQIU,1.0
IGITOJ,WUZFAZ,1.0
IGITOJ,NEYYOG,1.0
IGITOJ,WUZDOL,1.0
IGIZOP,MAXJAY,0.8999999761581421
IGIZOP,IGIZUV,1.0
IGIZOP,MAXJEC,0.8999999761581421
IGIZUV,MAXJEC,0.8999999761581421
IGONUP,YICCOE,1.0
IGONUP,VIRJIQ,1.0
IGONUP02,VIRJIQ,1.0
IGOPAX,VIRJIQ,1.0
IGOPEB,VIRJIQ,1.0
IGUFOH,UWAGAB06,1.0
IGUFOH,KEDQAN,1.0
IGUJOL,VUKJUI,0.8999999761581421
IGUJOL,ZEFSOU,0.8999999761581421
IGUJOL,ZEFSEK,0.8999999761581421
IGUSAF,MELJET,0.8999999761581421
IGUSAF,MELJET02,0.8999999761581421
IGUSAF,JOJLOK,0.8999999761581421
IGUTUB,IGUVIR,1.0
IGUTUB,IGUTUB01,1.0
IGUTUB,IGUVAJ,1.0
IGUTUB,IGUVAJ01,1.0
IGUTUB,IGUVIR01,1.0
IGUTUB01,IGUVIR,1.0
IGUTUB01,KUCFOF,0.8999999761581421
IGUVAJ,IGUVIR,1.0
IGUVAJ01,IGUVIR,1.0
IGUVAJ01,IGUVIR01,1.0
IHAVIW,SOMQUG,0.8999999761581421
IHAVIW,QAHTOI,0.8999999761581421
IHILUI,RANZAI,1.0
IHILUI,XETPOC,1.0
IHILUI,ZIMSEV,1.0
IHILUI,ZIMSIZ,1.0
IHOSUV,OQUSEA,1.0
IHOSUV,IHOTEG,1.0
IHOSUV,YUBTUM,0.8999999761581421
IHOTEG,OQUSEA,1.0
IHOTEG,XUWHAZ,0.8999999761581421
IJASES,KINFAQ,1.0
IJASES,IJASES01,1.0
IJASES,KINFEU,1.0
IJASES01,KINFEU,1.0
IJASOC,KIVVOC,0.8999999761581421
IJATUI,SONTEV,1.0
IJATUI,RUSSUU,1.0
IJATUI,LEPFOC,0.8999999761581421
IJATUI,RUSTAB,0.8999999761581421
IJECUW,NEBQES,0.8999999761581421
IJECUW,XUGREY,0.8999999761581421
IJECUW,NEBPOB,0.8999999761581421
IJECUW,LUVBAH,0.8999999761581421
IJENER,MUPLOA,0.8999999761581421
IJENER,IJENOB,0.8999999761581421
IJENOB,MUPLOA,1.0
IJENOB,OLIHOH,0.8999999761581421
IJEVIE,XUVQOW,1.0
IJEVIE,XUVQIQ,1.0
IJEWUP,PIKCUK,0.8999999761581421
IJEWUP,IMACND,0.8999999761581421
IJEWUP,SEGVEH,0.8999999761581421
IJEWUP,ZETQEW,0.8999999761581421
IJEXIF,NURMUJ,1.0
IJEYEC,LETHAU,1.0
IJEYEC,IZAVUA01,0.8999999761581421
IJEYON,WUZQOZ,1.0
IJEYON,OGUJIL,1.0
IJOMAW,LAPMEU,1.0
IJOMAW,YUDDUX,0.8999999761581421
IJOMAW,ORONOA01,0.8999999761581421
IJOVEJ,NOCLOH02,1.0
IJOVEJ,NOCLOH,1.0
IJOVEJ,KIZQAO,1.0
IJOVEJ,NOCLOH01,1.0
IJOVEJ01,NOCLOH02,1.0
IJOVEJ01,NOCLOH,1.0
IJOVEJ01,KIZQAO,1.0
IJOVEJ01,NOCLOH01,1.0
IJOVEJ01,SEVROC,1.0
IJUKIJ,WEHHEZ,1.0
IJUKIJ,ZOZXAP,1.0
IJUKIJ,ZOZWUI,1.0
IJUSUD,MELJET01,1.0
IJUSUD,MELJET02,1.0
IJUSUD,MELJET,1.0
IJUSUD,JOJLOK,0.8999999761581421
IKAFEH,RUGXOI01,0.8999999761581421
IKENAP,MUWRUT,0.8137931227684021
IKOSUW,IKOTEH,0.8999999761581421
IKOSUW,IKOTAD,0.8999999761581421
IKOTAD,IKOTEH,0.8999999761581421
IKULUX,XISGEN,0.8999999761581421
IKULUX,OMICOD,0.8999999761581421
IKULUX,PUNCIL,0.8999999761581421
IKUTIT,RUSTIJ,1.0
IKUTIT,LEPFOC,0.8999999761581421
ILAKAH,WIWDEN,0.8999999761581421
ILECIN,WOSMUO01,1.0
ILIFOY,KDGLUC01,0.8999999761581421
ILIFOY,RUQSAX,0.8999999761581421
ILIFOY,QUMGAI,0.8999999761581421
ILOWAI,JUMZIC,1.0
ILOWAI,YIYHAQ,0.8999999761581421
ILOWAI,UFUROF,0.8999999761581421
ILOWAI,VAKDIX,0.8999999761581421
ILOWAI,VAKHIB,0.8999999761581421
ILUFEB,TUGSOE,1.0
ILUFEB,KEHDOS,0.8999999761581421
ILUFEB,WEJWAL,0.8999999761581421
IMACND,NDAIAH,1.0
IMACND,ZETQIA,1.0
IMACND,ZETQEW,0.8999999761581421
IMACND,PIKCUK,0.8999999761581421
IMACND,PRIMIN,0.8999999761581421
IMACZN01,PRIMIN,0.8999999761581421
IMACZN01,SEGVAD,0.8999999761581421
IMACZN01,SEGVOR,0.8999999761581421
IMACZN01,TISWEZ,0.8999999761581421
IMIDFE,SINWAQ,0.8999999761581421
IMIDFE,IMIDZB10,0.8999999761581421
IMIDZB04,VEJYUF,1.0
IMIDZB04,KUMXEW,1.0
IMIDZB04,VEJYUF01,1.0
IMIDZB04,PAJSAX,1.0
IMIDZB04,VEJYEP,1.0
IMIDZB04,VEJYIT,1.0
IMIDZB04,VEJYIT01,1.0
IMIDZB04,VEJYOZ,1.0
IMIDZB04,VEJYUF09,1.0
IMIDZB04,VEJYUV03,1.0
IMIDZB04,VEJYUV04,1.0
IMIDZB04,VEJYUV05,1.0
IMIDZB05,VEJYUF,1.0
IMIDZB05,KUMXEW,1.0
IMIDZB05,VEJYUF01,1.0
IMIDZB07,VEJYUF,1.0
IMIDZB07,KUMXEW,1.0
IMIDZB07,VEJYUF01,1.0
IMIDZB09,VEJYUF,1.0
IMIDZB09,KUMXEW,1.0
IMIDZB09,VEJYUF01,1.0
IMIDZB09,KUMXAS,1.0
IMIDZB10,KUMXAS,1.0
IMIDZB10,VEJYUF,1.0
IMIDZB10,VEJYUF01,1.0
IMIDZB11,KUMXAS,1.0
IMIDZB11,VEJYUF,1.0
IMIDZB11,VEJYUF01,1.0
IMIDZB13,KUMXAS,1.0
IMIDZB13,VEJYUF,1.0
IMIDZB13,VEJYUF01,1.0
IMIRUS,IMISON,1.0
IMIRUS,IMISAZ,1.0
IMISAZ,IMISON,1.0
IMOVOX,UKOYID,0.8999999761581421
IMUTUG,TIKXAN,1.0
IMUVAO,TIKXAN,1.0
IMUVES,TIKXAN,1.0
IMZYCO01,OWIGOR,1.0
IMZYCO01,SIWHOY,1.0
INECOV,SEQWUI,1.0
INECOV,NIGBOW,0.8999999761581421
INESIE,LICROF,1.0
INESIE,VOCNOQ,1.0
INESIE,VOWCIV,1.0
INEXEG,INEXIK,1.0
INEXEG,NUCPEI,0.8999999761581421
INEXIK,NUCPEI,0.8999999761581421
INICPB,POCMEA03,1.0
INICPB,POCMEA,1.0
INICPB,INICPB02,1.0
INICPB,POCMEA01,1.0
INICPB,POCMEA04,1.0
INICPB,TUTQOP,1.0
INICPB,SAHDAH,0.8999999761581421
INICPB01,POCMEA03,1.0
INICPB01,POCMEA,1.0
INICPB01,INICPB02,1.0
INICPB01,POCMEA01,1.0
INICPB01,POCMEA04,1.0
INICPB02,POCMEA03,1.0
INICPB02,POCMEA,1.0
INICPB02,POCMEA01,1.0
INICPB02,POCMEA04,1.0
INOBOD,PEFREZ,1.0
INOBOD,NIRMUW,1.0
INOBOD,WEXGIR01,1.0
INOJAX,WOGLAG,0.8999999761581421
INOMIJ,INOMOP,1.0
INOMOP,OZAVES,1.0
INOVEN,PENNAZ,0.8999999761581421
IPANIX,ULAXUB,0.8999999761581421
IPANIX,RIQDON,0.8999999761581421
IPANIX,RIQDIH,0.8999999761581421
IPEBIQ,IPEBOW,1.0
IPEBIQ,ZISYAD,1.0
IPEBIQ,IPEBUC,1.0
IPEBOW,ZISYAD,1.0
IPEBUC,ZISYAD,1.0
IPIGIY,SUCCUR,0.8999999761581421
IPIHOF,IPIHUL,0.8999999761581421
IPIHOF,IPIJAT,0.8999999761581421
IPIHUL,IPIJAT,0.8999999761581421
IPIHUM,XUNJEW,0.8999999761581421
IPIJUM,MITGOL,1.0
IPIJUM,QETSOY01,1.0
IPIJUM,UZATAR,1.0
IPOVOA,RIDDUE,1.0
IPOWOA,VUNMOI,1.0
IPOWOA,VUNNID,1.0
IPOWOA,VUNNEZ,1.0
IPOWOA,PASNEE,1.0
IPUPIU,IPUPOA,1.0
IPUPIU,OQETEK,0.8999999761581421
IPURIV,ISISUZ,0.8999999761581421
IPUSER,VOZHEX,0.8999999761581421
IPUSER,UGUNOZ,0.8999999761581421
IQEKOG,PURQUP,0.8999999761581421
IQEKOG,PURQOJ,0.8999999761581421
IQEKOG,PEZRUJ,0.8999999761581421
IQEKOG,PEZRUJ01,0.8999999761581421
IQEKUM,RUVMAX,1.0
IQISEH,ORIWET,1.0
IQISEH,OZULAY,1.0
IQISEH,QUJJUB01,1.0
IQOJAB,TOHQEO,0.8999999761581421
IQUCOO,JIDXIG,1.0
IQUCOO,JOVYAW,0.8999999761581421
IQUCOO,KEWZET,0.8999999761581421
IRANIA,QESNEK03,0.8999999761581421
IRANIA,QESNEK04,0.8999999761581421
IRAZEH,UVUMEF,0.8999999761581421
IREGOD,WEYQAU02,1.0
IREGOD,WEYQAU12,1.0
IREKUN,JUYBAI,0.8999999761581421
IRELIC,JUYBAI,1.0
IRELIC,JUXZUZ,1.0
IRISAD,UTADOK,1.0
IRISAD01,UTADOK,1.0
IRISAD01,OGESOJ,1.0
IRISAD01,PEQTUB,1.0
ISAYOQ,ISAYUW,1.0
ISAYOQ,UGOSOY,1.0
ISAYUW,OMATED,1.0
ISAYUW,UGOSOY,1.0
ISEGIY,QUMSUN,0.8999999761581421
ISEGIY,QUMRIA,0.8999999761581421
ISEGIY,QUMRUM,0.8999999761581421
ISENEB,KITZAR,0.8999999761581421
ISENEB,LULJAE,0.8999999761581421
ISEQIH,LECHUX,0.8999999761581421
ISEQIH,ZZZEJE02,0.8999999761581421
ISEQIH,QASXAM,0.8999999761581421
ISEQIH,WAJCAM,0.8999999761581421
ISIKIF,ISILEC,1.0
ISIKIF,UJATOP,0.8999999761581421
ISIKIF,UJARAZ,0.8999999761581421
ISIKIF,UJAQOM,0.8999999761581421
ISIKIF,UJAQUS,0.8999999761581421
ISIKIF,UVUDEW,0.7923077344894409
ISISUZ,UNACIW,1.0
ISISUZ,UNABUH,1.0
ISISUZ,UNACES,1.0
ISITUZ,XIKGEG03,1.0
ISITUZ,ISITUZ01,1.0
ISITUZ,XIKGEG02,1.0
ISIYUF,ISIYUF01,1.0
ISIYUF,UXEDUX,1.0
ISIYUF,ISIYUF02,1.0
ISIYUF,ISIYUF05,1.0
ISIYUF01,UXEDUX,1.0
ISIYUF01,UXEDAD,1.0
ISIYUF01,UXEDEH,1.0
ISIYUF01,UXEDIL,1.0
ISIYUF01,UXEDIL01,1.0
ISIYUF01,UXEDIL02,1.0
ISIYUF01,UXEDIL03,1.0
ISIYUF02,UXEDUX,1.0
ISIYUF02,UXEDAD,1.0
ISIYUF02,UXEDEH,1.0
ISIYUF02,UXEDIL,1.0
ISIYUF02,UXEDIL01,1.0
ISIYUF02,UXEDIL02,1.0
ISIYUF02,UXEDIL03,1.0
ISIYUF05,UXEDUX,1.0
ISOJOQ,YIGKAD,1.0
ISOJOQ,NODKAT,1.0
ISUCUV,TONBII,1.0
ISUCUV,REZXOK,1.0
ISUCUV,XAPFOM,0.8999999761581421
ISUCUV,KOJMED,0.8999999761581421
ITAHEQ,QESTOA,0.8999999761581421
ITAHEQ,XUNJOG,0.8999999761581421
ITETEH,OZUBOC,1.0
ITETEH,SIYXIH10,1.0
ITETEH,SIYXIH,1.0
ITIPAE,YUKVUW01,1.0
ITIPAE,TESGUU,1.0
ITIWAK,OKIYAJ01,1.0
ITIWAK,SAHYAD02,1.0
ITIWAK,OKITIM01,1.0
ITIWEO,OKIYAJ01,1.0
ITIWEO,SAHYAD02,1.0
ITIWEO,OKITIM01,1.0
ITIWIS,OKIYAJ01,1.0
ITIWIS,SAHYAD02,1.0
ITIWIS,OKITIM01,1.0
ITIWOY,OKIYAJ01,1.0
ITIWOY,SAHYAD02,1.0
ITIWOY,OKITIM01,1.0
ITIWUE,OKIYAJ01,1.0
ITIXAM,OSADIX,1.0
ITIXAM,YINCIJ,0.9217391610145569
ITIXAM,PODGEW,0.8999999761581421
ITOBAV,ITOBEZ,0.8999999761581421
IVEMED,YAQCEY,1.0
IVEMED,IVEMIH01,1.0
IVEMIH,YAQCEY,1.0
IVEMIH,IVEMIH01,1.0
IVEMIH,OTIQEP,1.0
IVEMIH,UMABOB,1.0
IVEMIH01,YAQCEY,1.0
IVEMIH01,OTIQEP,1.0
IVEQEG01,LEDJUA,0.8999999761581421
IVEQEG01,SAQYIT,0.8999999761581421
IVOGUX,IYOQAQ,1.0
IVOGUX,NAHGUB,1.0
IVOGUX,UDIDAO,0.8999999761581421
IVOLEM,IVOLUC,1.0
IVOLEM,UTUNED,1.0
IVOLEM,VODQIP,0.8999999761581421
IVOLIQ,IVOLUC,1.0
IVOLIQ,UTUNED,1.0
IVOLOW,LACFOM,1.0
IVOLOW,SAQCIZ,1.0
IVOLOW,KAXQOR01,0.8999999761581421
IVOLUC,UTUNED,1.0
IVUVIG,WICLEC,0.8999999761581421
IVUVIG,TOWPEC,0.8999999761581421
IVUVIG,OFODET,0.8999999761581421
IWACUE,LICSUM,0.8999999761581421
IWACUE,ULUPUM,0.8999999761581421
IWEPUW,UVETUL,1.0
IWEPUW,UVEVAT,1.0
IWEPUW,UVEVEX,1.0
IWEQAD,NEFTOJ,1.0
IWEQAD,LECFEG,1.0
IWEQAD,OHAGOV,1.0
IWEQAD,OHAGOV01,1.0
IWEQEH,XAPTEQ,0.8999999761581421
IWEQEH,LASMID,0.8999999761581421
IWEQIK,YEYLUJ,0.8999999761581421
IWEQIK,LETVUB,0.8999999761581421
IWEQIK,OJOQAF02,0.8999999761581421
IWEQOR,UVETUL,1.0
IWEQOR,UVEVAT,1.0
IWEQOR,UVEVEX,1.0
IWERAD,ZIVCAK,0.8999999761581421
IWERAD,ZIZTIN01,0.8999999761581421
IWOSET,OFUWIV,0.8999999761581421
IWOSET,OFUWIV01,0.8999999761581421
IWOSET,OFUWIV02,0.8999999761581421
IXACOZ,IXACOZ01,1.0
IXACOZ,IXACOZ02,1.0
IXACOZ,XULHIW,0.8999999761581421
IXACOZ01,IXACOZ02,1.0
IXACOZ01,XULHIW,0.8999999761581421
IXACOZ02,XULHIW,0.8999999761581421
IXAJUN,JALPAQ,1.0
IXAJUN,XICKOL,1.0
IXAJUN,NAPSUV,0.9624999761581421
IXEDOE,QIBTAW,1.0
IXEDUK,YUNXAI,1.0
IXEDUK,IXEFAS,0.8999999761581421
IXEDUK,WEHPIJ,0.8999999761581421
IXEJIG,RUBLAD03,1.0
IXEJIG,SELKUS,1.0
IXEJOM,OQUFAJ03,1.0
IXEJOM,OQUFAJ,1.0
IXETEM,OFOJAX,0.949999988079071
IXETEM,WIZMAV04,0.8499999642372131
IXEZES,WUZYUM,1.0
IXEZES,IXEZIW,1.0
IXEZES,SIXPOG,0.8999999761581421
IXEZIW,WUZYUM,1.0
IXEZIW,NEYYUN,0.8999999761581421
IXIQIQ,XAGPON,1.0
IXIQIQ,YUBGIN,1.0
IXISAJ,IXISOX,1.0
IXISIT02,YIXFOC,1.0
IXISIT02,WOZDEW,1.0
IXISIT02,WECSAZ01,1.0
IXISIT02,IXISOZ02,1.0
IXISIT02,IXITIU02,1.0
IXISIT02,IXITOA02,1.0
IXISIT02,SIKYER,1.0
IXISOZ02,WOZDEW,1.0
IXISOZ02,WECSAZ01,1.0
IXISOZ02,SIKYER,1.0
IXISOZ02,ZEDVIP,1.0
IXITIU02,WOZDEW,1.0
IXITIU02,WECSAZ01,1.0
IXITOA02,WOZDEW,1.0
IXITOA02,WECSAZ01,1.0
IXODUV,PEPLIG,1.0
IXOFIL,PEPLIG,1.0
IXOFIL,WIDQEG,1.0
IXOFIL,WIHWIU,1.0
IXOFUX01,PEPLIG,1.0
IXOGUZ,WIVVII,0.8999999761581421
IXOGUZ,YUYLEL,0.8714286088943481
IXOGUZ,RUGYOJ,0.8714286088943481
IXOSUL,IXOTAS,1.0
IXUQOJ,YAJNEF,1.0
IXUQOJ,QATLEE,1.0
IYEXEP,MIMRAB01,1.0
IYEXEP,MIMRAB,1.0
IYIMUA,NUNSOG,0.8999999761581421
IYIMUA,NUNSIA,0.8999999761581421
IYOQAQ,NAHGUB,1.0
IYOQAQ,PIBBEK,0.8999999761581421
IYOQIY,NAHHAI,1.0
IYOQIY,UDIDAO,0.8999999761581421
IYOVIC,LEHROH,1.0
IYOVIC,IYOVUO,1.0
IYOVIC,SISQAO,1.0
IYOVOI,VIYMAT,1.0
IYOVOI,SISQIW,1.0
IYOVUO,SISQAO,1.0
IYUJAO,MAFDII,1.0
IYUJAO,QIKZIW,0.8999999761581421
IYUQAV,IYUQID,1.0
IYUQAV,ZEYJIZ,1.0
IYUQAV,YIFKEG,0.8999999761581421
IYUQAV,YIFLUX,0.8999999761581421
IYUQID,ZEYJIZ,1.0
IYUQID,TEKTAH,0.8999999761581421
IZAJIE,NIHBEM02,1.0
IZAJIE,NIKYOW01,1.0
IZAJIE,NUDNUW,1.0
IZAVUA,IZAVUA01,1.0
IZAVUA01,KIFGAJ,0.8999999761581421
IZAXIR,UTEFOP,1.0
IZAXIR,KALYIH,1.0
IZAXIR,PAMQEB,1.0
IZENEI,MICJOA,0.8999999761581421
IZENEI,LEPSIL,0.8999999761581421
IZENEI,VALXIS,0.8999999761581421
IZENEI,VIXWEF,0.8999999761581421
IZENOS,LEPSIL,1.0
IZENOS,LEPSEH,1.0
IZENOS,IZENUY,1.0
IZENUY,LEPSIL,1.0
IZENUY,LEPSEH,1.0
IZENUY,TOWPEC,1.0
IZEPAF,OCUNAC,1.0
IZEPAF,IZEPEJ,1.0
IZEPAF,LURMAO,1.0
IZEPAF,MINVUA02,1.0
IZEPAF,QALGUH,1.0
IZEPEJ,OCUNAC,1.0
IZEPEJ,LURMAO,1.0
IZEPEJ,REZXEA,1.0
IZEQUB,WEMKEG,0.8999999761581421
IZEVAM,IZEVOA,1.0
IZEWAN,QEHYOU,0.918181836605072
IZEWAN,QEHZAH,0.918181836605072
IZIBUQ,QEDZEG,0.8999999761581421
IZIDIG,NIKYOW01,1.0
IZIDIG,NUDNUW,1.0
IZIDIG01,NIKYOW01,1.0
IZIDIG01,NUDNUW,1.0
IZIDOM,NIKYOW01,1.0
IZIDOM,NUDNUW,1.0
IZUKEV,RIFYAI,1.0
IZUKIZ,WOQRUR,0.8999999761581421
IZUKIZ,WOSZEL,0.8999999761581421
IZUPEA,JEXXAM05,1.0
IZUPEA,JEXXAM06,1.0
IZUPEA,NIFORM01,1.0
JABYUH,JABYUH01,1.0
JACJIH,LAJDUV01,1.0
JACJIH,LAJDUV02,1.0
JACJIH,LAJDUV,1.0
JACSUE,VESNEP,0.925000011920929
JADBEY,LUKXAR,0.8999999761581421
JADBEY,JEGKAK,0.8999999761581421
JADRUC,XUJDAI02,0.8999999761581421
JAFLOU,JAFLUA,0.8999999761581421
JAFLOU,MUNLUE,0.8392857313156128
JAFLUA,MAKFOW,0.8392857313156128
JAFQIT,ODOMIF,1.0
JAFQIT,PEFWAB,1.0
JAFQIT,NAXTAI,1.0
JAFQIT,NAYZUK,0.8999999761581421
JAFQIT,NAZBAT,0.8999999761581421
JAHSIV,UBUBIF,1.0
JAHVUJ,JAHVUJ01,1.0
JAKBIJ,KURHIQ,1.0
JAKBOP,KURHIQ,1.0
JAKBOP,SABFUX,1.0
JAKBOP01,KURHIQ,1.0
JAKBOP01,SABFUX,1.0
JAKBUV,KURHIQ,1.0
JAKBUV,QIJLAW,1.0
JALLEQ,KEPGAN,1.0
JALLEQ,MIVMUA,0.8999999761581421
JALLEQ,XEVMIU,0.8999999761581421
JALNUI,VOJGOS,1.0
JALPAQ,XICKOL,1.0
JALPAQ,NAPSUV,0.9624999761581421
JALTUL,MAGVOG09,0.8999999761581421
JAMSEY,XOMCIN,1.0
JAMSEY,LIDSEY01,1.0
JAMSEY,LIDSEY,1.0
JARMEU,JARMEU10,1.0
JASMOG,PAMHES,1.0
JASMOG,PAMHES01,1.0
JASMOG,RITFAE,1.0
JAVNIE,QONKOV,1.0
JAVNIE,NASGEV,0.8999999761581421
JAWKEA,ZUMNAY,0.8999999761581421
JAWKEA,MOHHAT,0.8999999761581421
JAWKIE,ZUMNAY,1.0
JAWKIE,VEVFAF,1.0
JAXNUU,QONKOV,1.0
JEBBOK,YUKVUW01,1.0
JEBBOK,TESGOO,1.0
JEBDOK,PEKKAS,1.0
JEBDOK,OPEGUM,1.0
JEBJUY,JEBKEJ,0.8999999761581421
JEBXUM,KOKKIF,0.8999999761581421
JEBXUM,NIMXAK,0.8999999761581421
JECFOP,JECGUW,1.0
JECFOP,UKAZAJ,0.8999999761581421
JECGUW,UKAZAJ,0.8999999761581421
JEDDII,NIYZIG,1.0
JEDDII,LEKNUN,1.0
JEDKIP,SIWPUL02,1.0
JEDKIP,NAFORM,0.8999999761581421
JEDKIP01,SIWPUL02,1.0
JEDVEW,QISNIR,1.0
JEDVEW,QISNEN,1.0
JEDVEW,MITSEO,1.0
JEDVIA,RIFDUG01,1.0
JEDVUM,PUNYED,1.0
JEDVUM,TIVYAZ,1.0
JEDVUM,VEMTAJ01,1.0
JEGCAA01,REFVEF,1.0
JEGCAA01,TEQVIW,1.0
JEGCAA01,PIFXOU,1.0
JEGCAA01,SIDCAL,0.8999999761581421
JEGJUD,SEFPOJ,0.8999999761581421
JEGJUD,LUKXAR,0.8999999761581421
JEGJUD,JEGKAK,0.8999999761581421
JEGJUD,QITVEV,0.8999999761581421
JEGKAK,XAPRIR02,0.8999999761581421
JEGKAK,QITVEV,0.8999999761581421
JEGKAK,SEFPOJ,0.8999999761581421
JEGKAK,ZEZPUR,0.8999999761581421
JEGKEO,OHAZUT,0.8999999761581421
JEGKEO,OHEBAF,0.8999999761581421
JEGWUQ,JEGXAX,1.0
JEGWUQ,JOJKOK,0.8999999761581421
JEGXAX,JOJKOK,0.8999999761581421
JEGXEB,OVUNIE,0.8999999761581421
JEHCUX,REQCAU,0.8999999761581421
JEHCUX,MOYBIL,0.8999999761581421
JEHCUX,OFIRUQ,0.8999999761581421
JEHTOG,VUNBOW,0.9526315927505493
JEJWEB,VIKBUP,1.0
JEJWEB,TETYAV,1.0
JEJWEB,VAXKIR,1.0
JEJWOL,TETYAV,0.8999999761581421
JEJWOL,KUKHAB,0.8999999761581421
JEJWOL,LIKBAL,0.8999999761581421
JELPAS,SAHBEJ,1.0
JELPAS,XIPHIN,1.0
JEMMOE01,TAZSAP01,1.0
JEMMOE01,XETPIW,1.0
JENKET,VOLRAQ,1.0
JENKET,JENKIX,1.0
JENKIX,VOLRAQ,1.0
JENKIX,WONJUG,0.8999999761581421
JEPWIN01,MAHGAG,1.0
JEPWIN01,TUTHUM,0.8999999761581421
JEPWIN01,TUTJAU,0.8999999761581421
JESCEQ,ZIVCAK,0.8999999761581421
JESCEQ,XEYNUM,0.8999999761581421
JESCEQ,MUQSIA,0.8999999761581421
JETVOW,QEHYEK,1.0
JETVUC,QEHYEK,1.0
JETVUC,QEHZEL,1.0
JETVUC,QEHZIP,1.0
JETVUC,QEHYOU,1.0
JETVUC,QEHZAH,1.0
JETVUC,QEJBEP,1.0
JETZAK,ROLZAU,1.0
JETZAK,KIFKEQ,1.0
JETZAK,PAZDOM,0.8999999761581421
JEXLEG,JEXLIK,1.0
JEXLEG,VOSSUT,0.8999999761581421
JEXLEG,VOTHIX,0.8999999761581421
JEXLEG,VOTHOD,0.8999999761581421
JEXLIK,VOSSUT,0.8999999761581421
JEXLIK,VOTHIX,0.8999999761581421
JEXPOS,ODELOZ,0.8999999761581421
JEXPOS,TOHJIL,0.8999999761581421
JEXPOS,NELVEG,0.8999999761581421
JEXPOS,SIRTEV,0.8999999761581421
JEXPUY,ODOJUN,0.8999999761581421
JEXPUY,WOWGEU02,0.8999999761581421
JEXPUY,TOHJIL,0.8999999761581421
JEXWOZ,SIWPUL,1.0
JEXWOZ01,SIWPUL,1.0
JEXWOZ02,SIWPUL,1.0
JEXWOZ03,SIWPUL,1.0
JEXWOZ04,SIWPUL,1.0
JEXWOZ05,SIWPUL,1.0
JEXWUF,OXCFOR,1.0
JEXWUF,VERZID,1.0
JEXWUF01,OXCFOR,1.0
JEXWUF01,VERZID,1.0
JEXXAM,JEXXAM06,1.0
JEXXAM,NIFORM01,1.0
JEXXAM,NIFORM02,1.0
JEXXAM,NIFORM03,1.0
JEXXAM,ZIGLOT,1.0
JEXXAM02,JEXXAM06,1.0
JEXXAM02,NIFORM01,1.0
JEXXAM02,XOBXIW,1.0
JEXXAM03,JEXXAM06,1.0
JEXXAM03,NIFORM01,1.0
JEXXAM04,JEXXAM06,1.0
JEXXAM04,NIFORM01,1.0
JEXXAM05,JEXXAM06,1.0
JEXXAM05,NIFORM01,1.0
JEXXAM06,NIFORM01,1.0
JEXXAM06,NIFORM02,1.0
JEXXAM06,NIFORM03,1.0
JICYIG,MIQSAJ,1.0
JICYIG,XANLOP,1.0
JICYIG,VOLPAP,1.0
JIFGAJ,OGAFUA,0.9379310607910156
JIGQOI,SEGJOG,1.0
JIGQOI,LIVNEJ,0.8999999761581421
JIGQOI,WABTOK,0.8999999761581421
JIGQOI,XUBHEI,0.8999999761581421
JIRLII,PAMGIV,0.8999999761581421
JISSEK,JISSUA,0.8999999761581421
JISSEK,TOKHAD,0.8999999761581421
JISSEK,TOKGOQ,0.8999999761581421
JISSIO,JISSOU,0.8999999761581421
JISSIO,RUBGAX,0.8999999761581421
JISSOU,RUBGAX,0.8999999761581421
JISSOU,TOKGOQ,0.8999999761581421
JISSOU,TOKHAD,0.8999999761581421
JISSUA,RUBGAX,0.8999999761581421
JISVAJ,SEFPUP,1.0
JISVAJ,ZEZQIG,1.0
JISVAJ,QITVIZ,0.8999999761581421
JITJAA,SEGSEF,1.0
JITQIN,JITQOT,1.0
JITQIN,LIRTIQ,1.0
JITQIN,LIRTEM,1.0
JITQIN,LIRTUC,1.0
JITQOT,LIRTIQ,1.0
JITQOT,LIRTEM,1.0
JITQOT,LIRTUC,1.0
JIVFUQ,NOSHEK,0.8999999761581421
JIVFUQ,NOSHIO,0.8999999761581421
JIVROW,ZUYLOW,0.8999999761581421
JIVROW,YAVTOF,0.8999999761581421
JIXWUJ,SIWPUL,1.0
JIYGII,NIPWIT01,0.8999999761581421
JIYGII,NEVVIU02,0.8999999761581421
JIYGII,NUDMIK,0.8999999761581421
JIYKAG,JIYKIO,1.0
JIYKAG,JIYKOU,1.0
JIYKIO,JIYKOU,1.0
JIYKIO,XINTOG,0.8999999761581421
JIYKIO,ZOYKEF,0.8999999761581421
JIYKUA,NAWXER,0.8999999761581421
JIYKUA,JIYSUI,0.8999999761581421
JIYKUA,JIYPEP,0.8999999761581421
JIYKUA,JIYTAP,0.8999999761581421
JIYPAL,JIYTAP,0.8999999761581421
JIYPAL,JIYPEP,0.8999999761581421
JIYPAL,JIYSUI,0.8999999761581421
JIYPEP,JIYSUI,0.8999999761581421
JIYPEP,JIYTAP,0.8999999761581421
JIYSUI,JIYTAP,0.8999999761581421
JIZWAS,MILQIJ,1.0
JIZWAS,KUNTAQ,1.0
JIZWAS,JIZWIA,1.0
JIZWIA,KUNTAQ,1.0
JIZWIA,SABVUN01,1.0
JIZWIA,KUNTAQ03,1.0
JOBKOC,JOBKUI,1.0
JOCLOD,NULRUH,0.8999999761581421
JOCWIJ,OVIVIZ,0.8999999761581421
JODFEP,JODGOA,1.0
JODGAM,JODGEQ,1.0
JODGAM,ODIZOQ,1.0
JODGAM,ODIZOQ01,1.0
JODGAM,OTIQAL,0.8999999761581421
JODGEQ,ODIZOQ,1.0
JODGEQ,ODIZOQ01,1.0
JODGEQ,OTIQAL,0.8999999761581421
JOFDOZ,JOFDOZ01,1.0
JOFDOZ,UTEXUN,1.0
JOFDOZ,SEBBOT,1.0
JOFKIA01,UYUSAJ,0.8999999761581421
JOFZOV,TOJWIZ,1.0
JOFZOV,QOPZIF,0.8999999761581421
JOFZOV,NAPZOV,0.8999999761581421
JOGHEU,LUYZAH,1.0
JOGHEU,LUYZAH02,1.0
JOGHIY,MOWQOF,1.0
JOGHIY,MOWQOF01,1.0
JOJHUM01,JOJHUM02,1.0
JOJHUM01,KOBGOY02,0.8999999761581421
JOJHUM01,JOJJEY,0.8999999761581421
JOJHUM02,KOBGOY02,0.8999999761581421
JOJHUM02,JOJJAU,0.8999999761581421
JOJJAU,JOJJEY,0.8999999761581421
JOJJIC01,TOHRUF,0.8999999761581421
JOJJIC01,TOHRUF01,0.8999999761581421
JOJKOK,UPOZAB,1.0
JOJLOK,MELJET,0.8999999761581421
JOJMEB,MOKZOC01,0.8999999761581421
JOJMEB,MOKZOC,0.8999999761581421
JOJMEB,VASFED,0.8999999761581421
JONKEE,URUYOX,1.0
JONKEE,URUZEO,1.0
JONKEE,KOMFUO,1.0
JONKEE,KOMGAV,1.0
JOPWUI,XAPQAI01,1.0
JOPWUI,XAPQAI,1.0
JOQQAJ,VEGMIE01,1.0
JOQQAJ,MOXDIN01,1.0
JOQQAJ,LAGWIB,1.0
JOQQAJ,LOMQOV,1.0
JORDAX,MOSBIG,1.0
JORDAX,XOKJUD,1.0
JORQOY,MIVWEU,1.0
JORQOY,MIYHAE,1.0
JORQOY,YEVQUM,1.0
JORQOY,YEYVOO,1.0
JOSNAG01,NEZMEM,0.925000011920929
JOSTIU,WICGIB,1.0
JOVYAW,KEFBEE,1.0
JOVYAW,KEFBII,1.0
JOVYAW,KEFBOO,1.0
JOXPET,SIYGUF,0.8999999761581421
JOYHOW,KIKBEN,1.0
JUDYIS,SUDRIU,1.0
JUDYIS,XOLFAH,0.8999999761581421
JUGMUV,XUYDIF,0.918181836605072
JUJMIM,JUJMOS,1.0
JUJMOS,JUJNAF,1.0
JUJMOS,JUJMUY,1.0
JUJMUY,JUJNAF,1.0
JUKVEQ01,VACFUB,1.0
JUKVEQ01,VACFUB01,1.0
JUKVEQ01,REDYEG,1.0
JUKXIW01,OTIPAK,1.0
JUMCOL,WIHWIU,1.0
JUMCOL,PEPLEC,1.0
JUMCOL,PEPLIG,1.0
JUMCOL,PEPLOM,1.0
JUMCOL,POWYEH,1.0
JUMCUR,WIHWIU,1.0
JUMCUR,PEPLEC,1.0
JUMCUR,PEPLIG,1.0
JUMCUR,PEPLOM,1.0
JUMCUR,POWYEH,1.0
JUMDAY,WIHWIU,1.0
JUMDAY,WIDQEG,1.0
JUMZIC,VAKDIX,0.8999999761581421
JUMZIC,KUZPEC,0.8999999761581421
JUMZIC,YIYHAQ,0.8999999761581421
JUNBOL,TULLIX,0.925000011920929
JUNBUR,QISNEN,1.0
JUNBUR,QISNAJ,1.0
JUNBUR,MITSIS,1.0
JUPFOP,XAZFEJ,1.0
JUPFOP,ZIWTII,1.0
JUPFOP,OTIXAS,1.0
JUPFOP,OTIWOF,1.0
JUPFOP,XAZGAG,1.0
JUQPIW,WUHMOD,1.0
JUQPIW,POKZOG,1.0
JUQSIZ,WUHMOD,1.0
JUQSIZ,POKZOG,1.0
JUQSIZ,YILKAH,1.0
JUSKAL,JUSKEP,1.0
JUSKAL,JUSKIT,1.0
JUSKAL,LITCIC,0.8999999761581421
JUSKAL,LITDAV,0.8999999761581421
JUSKEP,JUSKIT,1.0
JUSKEP,LITCIC,0.8999999761581421
JUSKEP,LITCUO,0.8999999761581421
JUSKIT,LITDAV,0.8999999761581421
JUSKIT,LITCUO,0.8999999761581421
JUTCUY,SATRAJ,1.0
JUTCUY,ZIQWUU,0.8999999761581421
JUVROJ,UJAQOM,1.0
JUVROJ,UJARED,0.8999999761581421
JUVROJ,UJATOP,0.8999999761581421
JUVWUU,PEFWAB,1.0
JUVWUU,NAXTAI,1.0
JUVWUU,MINFIB,1.0
JUVWUU,PEFWEF,1.0
JUVWUU,MEGQIA,0.8999999761581421
JUWSUR,ORIVUI,0.7941176295280457
JUWSUR,ORIWET,0.7941176295280457
JUXSEC,VITZAB,1.0
JUXSEC,JUXSIG,1.0
JUXSEC,NIRPAI,0.8999999761581421
JUXSIG,VITZAB,1.0
JUXSIG,NIRPAI,0.8999999761581421
JUXZIN,JUXZOT,1.0
JUXZIN,MUXVIM,1.0
JUXZOT,MUXVIM,1.0
JUXZOT,UMARIL,0.8999999761581421
JUXZUZ,WOWBIV,1.0
JUXZUZ,JUYBAI,1.0
JUYBAI,WOWBIV,1.0
JUYBAI,WOWBER,1.0
KABNIL,YIQSOH,1.0
KABNIL,MEMGAN,1.0
KABNIL,XOJZEC,1.0
KABNIL,PORVID,1.0
KABSIR,TOBSIO,0.8999999761581421
KABXIW,PEGCEM,0.8999999761581421
KABXIW,XUMVEH,0.8999999761581421
KACSIS,LAXGOH03,0.8999999761581421
KAFPUE,WOHYOH,1.0
KAGCAY,NUVXUZ,1.0
KAGJOS,WURNOO,1.0
KAHMOW,PUQXUV,1.0
KAHMOW,XEGXIT,1.0
KAHWOG,UHISEK,1.0
KAHWOG,LEPLAV,1.0
KAHWOG,OPENUT,1.0
KAHWOG,RASKIH,0.8999999761581421
KAHWOG,RASKON,0.8999999761581421
KAKCAD,OMUMIU,0.8999999761581421
KAKCAD,QOWRAV12,0.8999999761581421
KAKCEH01,KAKCEH02,1.0
KAKCEH01,NALWOO,1.0
KAKCEH01,WOQRUR,1.0
KAKCEH02,NALWOO,1.0
KAKCEH02,WOQRUR,1.0
KAKDAC,NAHNLA10,0.8999999761581421
KAKDAC,SIWNES,0.8999999761581421
KAKDAC,RENQIK,0.8999999761581421
KAKTIA,UFUNIS,1.0
KAKTIA,VOJPUG01,1.0
KAKTIA01,UFUNIS,1.0
KAKTIA01,VOJPUG01,1.0
KALXUT,MOLQEL,1.0
KALXUT,TEYHIR,1.0
KALXUT,SITCUW,1.0
KALYIH,PAMQEB,1.0
KALYIH,UTEFOP,1.0
KALYIH,LIYVOG,0.9571428894996643
KALYIH,LIYVOG01,0.9571428894996643
KALYIH,YIXXAG,0.9571428894996643
KAMXUU,QUJLAK,1.0
KAMXUU,QUJKUD,1.0
KAMXUU,QUJLAK02,1.0
KAMXUU,KUKPOX,1.0
KAMZUV,MECWEX,1.0
KAMZUV,YUDWEB,1.0
KAPHAL,REQRUD,0.8999999761581421
KAPHAL,TILFUQ01,0.8999999761581421
KAPHAL,MUZKAU,0.8999999761581421
KAPMAS,UFURAO,0.8999999761581421
KAPMAS,RAKYAD,0.8999999761581421
KAPMAS,TATCAV,0.8999999761581421
KAPMAS,TATCID,0.8999999761581421
KAPNUM,LIHSAX,1.0
KAPNUM,TISLIR,1.0
KAPNUM,MUPYUS,1.0
KARPOI,KARREA,1.0
KARPOI,KARREA01,1.0
KARPOI,KARPOI01,1.0
KARPOI01,KARREA,1.0
KARPOI01,KARREA01,1.0
KARREA,KARREA01,1.0
KARRIE,OTARUX,0.8999999761581421
KARRIE,OTARUX02,0.8999999761581421
KASPIF,MENFAP,0.800000011920929
KAVJAT,LAPLEW01,0.8999999761581421
KAVJAT,LAPLEW,0.8999999761581421
KAVJAT,MOGMIE,0.8999999761581421
KAVJEX,KAVJEX01,1.0
KAVJEX,MOGMIE,0.8999999761581421
KAVJEX01,QAWRIQ,0.8999999761581421
KAVRIK,WOSMUO01,1.0
KAVROQ,TEVZEA,1.0
KAVROQ,YUKVUW01,1.0
KAVROQ,TESGOO,1.0
KAVRUW,PURROK,0.8999999761581421
KAVRUW,KAVSEH,0.8999999761581421
KAVRUW,KAVSAD,0.8999999761581421
KAVSAD,KAVSEH,0.8999999761581421
KAVSAD,WEDNUQ,0.8999999761581421
KAVSAD,PURROK,0.8999999761581421
KAVSEH,PURROK,0.8999999761581421
KAVSEH,WEDNUQ,0.8999999761581421
KAVSIL,TAQGEZ,1.0
KAVSIL,TUFWUN,0.8999999761581421
KAWBOB,PANYOU,0.8999999761581421
KAWBOB,TOHYOF,0.8999999761581421
KAWHOI,MELJET01,0.8999999761581421
KAWHOI,MOGNAY,0.8999999761581421
KAWNED,KAWPOP,1.0
KAWPEF,KAWPIJ,1.0
KAWPOP,KAWPUV,1.0
KAWTOT,XEVHOW,0.8999999761581421
KAWTOT,XEVHIQ,0.8999999761581421
KAWTOT,MOJPAE,0.8999999761581421
KAXJOL,KAXJUR,1.0
KAXJOL,KAXKAY,0.8999999761581421
KAXJOL,KAXKIG,0.8999999761581421
KAXJUR,KAXKAY,0.8999999761581421
KAXKAY,KAXKIG,0.8999999761581421
KAXQOR01,QUXRIM,1.0
KAXQOR01,QUXRAE,1.0
KAXQOR01,OKAYAC,1.0
KAYBAO,XEVGOV,1.0
KAYBAO,KAYBAO01,1.0
KAYBAO,PEXTES,1.0
KAYBAO,RAHXEE,0.8999999761581421
KAYBAO01,XEVGOV,1.0
KAYBAP,KAYBET,1.0
KAYBAP,WUKFEP,0.8999999761581421
KAYBAP,XEVHOW,0.8999999761581421
KAYBES,SISFAD01,0.8999999761581421
KAYBES,MOJPAE,0.8999999761581421
KAYBES,WUKFEP,0.8999999761581421
KAYBET,XEVGUB,0.8999999761581421
KAYCIY,WUZKUY,0.8999999761581421
KAYCIY,REWTUL,0.8999999761581421
KAYCIY,SOQRUM,0.8999999761581421
KAZXEQ,SENSAI,0.8590908646583557
KAZXEQ,SENSIQ,0.8590908646583557
KDGLUC01,RUQSAX,1.0
KEBDIG,YOYPUZ,1.0
KEBDIG,YOYPOT,1.0
KEBDIG,YOYQAG,1.0
KEBDIG,YOYPIN,1.0
KEDJAG,KEDJAG11,1.0
KEDJAG,KEDJAG21,1.0
KEDJAG,KEDJAG13,1.0
KEDJAG01,KEDJAG15,1.0
KEDJAG02,KEDJAG15,1.0
KEDJAG11,KEDJAG19,1.0
KEDJAG13,KEDJAG15,1.0
KEDJAG13,KEDJAG17,1.0
KEDJAG13,KEDJAG25,1.0
KEDJAG13,KEDJAG27,1.0
KEDJAG13,KIRFIA,1.0
KEDJAG17,MAKSAT,0.8999999761581421
KEDJAG25,KHOXAL03,0.8999999761581421
KEDJAG25,KHOXAL12,0.8999999761581421
KEDJAG27,KHOXAL03,0.8999999761581421
KEDJAG27,KHOXAL12,0.8999999761581421
KEDJEL,ZALLEG,1.0
KEDJEL,SAQQAD,1.0
KEDQAN,VAGMEX,1.0
KEDZIF,VAKLIF,1.0
KEDZIF,QUSBIQ,1.0
KEFBEE,KEFBII,1.0
KEFBEE,KEFBOO,1.0
KEFBEE,VUJBEI,0.9526315927505493
KEFBEE,SOTXIK,0.8999999761581421
KEFBEE,TOVHET,0.8999999761581421
KEFBII,KEFBOO,1.0
KEFBII,MUDTAH,0.9526315927505493
KEFBII,SOTXIK,0.8999999761581421
KEFBOO,MUDTAH,0.9526315927505493
KEFBOO,VUJBEI,0.9526315927505493
KEGKUF,QEMGOH,1.0
KEGKUF,QEMGIB,1.0
KEGKUF,UGAGIV,0.8999999761581421
KEGYAX,KEGYEB,1.0
KEHDOS,WEJWAL,1.0
KEHDOS,TUGSOE,0.8999999761581421
KEHFUA,KEHGAH,0.8999999761581421
KEHGEL,KEHGIP,0.8999999761581421
KEHGEL,KEHGOV,0.8999999761581421
KEHWAY,KEHWEC,1.0
KEHWAY,KEHWAY03,1.0
KEHWAY,KEHWAY01,1.0
KEHWAY,KEHWAY02,1.0
KEHWAY01,KEHWEC,1.0
KEHWAY01,KEHWAY03,1.0
KEHWAY02,KEHWEC,1.0
KEHWAY02,KEHWAY03,1.0
KEHWAY03,KEHWEC,1.0
KEJBOQ,WEBKIX,1.0
KEJBOQ,WEBKOD,1.0
KEJKAO,KEPKUO,0.8999999761581421
KEJKAO,XEXPUN,0.8999999761581421
KEJKAO,KEPKEY,0.8999999761581421
KEJWAY,VEDFUH,1.0
KEJWAY,VEDFER,1.0
KEKLEU,KEKLIY,0.8999999761581421
KEKRIE,YAVSIA,0.8999999761581421
KEKRIE,WODVOB,0.8999999761581421
KEKRIE,YAVVUP,0.8999999761581421
KEKRIE,YAVVID,0.8999999761581421
KELJAN,YEMGED,1.0
KELJAN,LETDOE,1.0
KELJER,YEMGED,1.0
KELJER,LETDOE,1.0
KELJER,QALHES,1.0
KELJER,VIRPOC,0.8999999761581421
KELJIV,YEMGED,1.0
KELJIV,LETDOE,1.0
KELJIV,ODUMIK,1.0
KELZIM,PUKTAR,0.8999999761581421
KELZIM,PUKSUK,0.8999999761581421
KELZIM,PUKTEV,0.8999999761581421
KELZIM,PUKSOE,0.8999999761581421
KELZIM,PUKTIZ,0.8999999761581421
KENKOE,WEVYEE,1.0
KENKOE,RABWAS,0.8999999761581421
KENSEE,KEPFIX04,1.0
KENSEE,KEPFIX,1.0
KENSEE,KENSEE04,1.0
KENSEE03,KEPFIX,1.0
KENSEE03,KENSEE04,1.0
KENSEE03,KENSEE05,1.0
KENSEE03,KEPFIX01,1.0
KENSEE03,KEPFIX02,1.0
KENSEE03,KEPFIX03,1.0
KENSEE03,KEPFIX05,1.0
KENSEE04,KEPFIX,1.0
KENSEE05,KEPFIX,1.0
KENSEE05,KEPFIX01,1.0
KENSEE05,KEPFIX02,1.0
KENSEE05,KEPFIX03,1.0
KENSEE05,KEPFIX05,1.0
KENTEF04,KENVIL,1.0
KENTEF04,KENTEF05,1.0
KENTEF04,KENVOR01,1.0
KENTEF04,KENVIL02,1.0
KENTEF04,KENVOR,1.0
KENTEF05,KENVIL,1.0
KENTEF05,KENVOR01,1.0
KENTEF05,KENVIL02,1.0
KENTEF05,KENVOR,1.0
KENVIL,KENVOR01,1.0
KENVIL02,KENVOR01,1.0
KENVOR,KENVOR01,1.0
KENXUZ,KEPMUQ,1.0
KENXUZ,KEPMUQ01,1.0
KENXUZ,KEPNAX06,1.0
KENYAG,KEPMUQ01,1.0
KENYAG,KEPNAX06,1.0
KENYEK,KEPMUQ01,1.0
KENYEK,KEPNAX06,1.0
KENYIO,KEPMUQ01,1.0
KENYIO,KEPNAX06,1.0
KEPFIX03,KEPFIX05,1.0
KEPKEY,XEXPUN,1.0
KEPKEY,KEPKUO,1.0
KEPKEY,XIDCEU,0.8999999761581421
KEPKUO,XEXPUN,1.0
KEPMIB,ZOFXAV,1.0
KEPMIB,MIVMUA,0.8999999761581421
KEPMUQ01,KEPNAX03,1.0
KEPMUQ01,KEPNAX06,1.0
KEPMUQ02,KEPNAX03,1.0
KEPMUQ02,KEPNAX06,1.0
KEPMUQ03,KEPNAX03,1.0
KEPMUQ03,KEPNAX06,1.0
KEPMUQ04,KEPNAX03,1.0
KEPMUQ04,KEPNAX06,1.0
KEPMUQ05,KEPNAX03,1.0
KEPMUQ05,KEPNAX06,1.0
KEPMUQ06,KEPNAX03,1.0
KEPMUQ06,KEPNAX06,1.0
KEPMUQ07,KEPNAX03,1.0
KEPMUQ07,KEPNAX06,1.0
KEPNAX02,KEPNAX03,1.0
KEPNAX02,KEPNAX06,1.0
KEPNAX02,KEPNAX05,1.0
KEPNAX03,KEPNAX06,1.0
KEPNAX05,KEPNAX06,1.0
KEQLUQ,KEQLUQ01,1.0
KEQMAX,KEQMAX01,1.0
KEQMAX,KEQMAX03,1.0
KEQMAX03,MAKROG,1.0
KEQNOK,QITYOI,0.925000011920929
KEQNOK,LOWREW,0.8999999761581421
KEQNOK,SOWYEK01,0.8999999761581421
KERFOF,OTIBUQ,0.8999999761581421
KERGUM01,KERHEX01,1.0
KERGUM01,KERHAT01,1.0
KERGUM01,KESCAP01,1.0
KERHAT01,KESCAP01,1.0
KERHAT01,RAMPIH,0.8999999761581421
KESCAP01,RAMPIH,0.8999999761581421
KESFIA,KESFOG,1.0
KESFUM,UXIQOJ,1.0
KESFUM,YOZYOD,0.8999999761581421
KESFUM,TIKSUE,0.8999999761581421
KETHEY,KETHEY01,1.0
KETHEY,KETHEY02,1.0
KETHEY01,KETHEY02,1.0
KEVBIY,KEVCEV,1.0
KEVBIY,KEVBOE,1.0
KEVBIY,KEVBUK,1.0
KEVBIY,KEVBUK01,1.0
KEVBOE,KEVCEV,1.0
KEVBUK,KEVCEV,1.0
KEVBUK01,KEVCEV,1.0
KEVKAA,TIHROU,0.8999999761581421
KEVKAA,KIKTIK,1.0
KEVKAA,TIHTUC,0.8999999761581421
KEVLEE,KUDJOK,1.0
KEVLEE,VEJYUV06,1.0
KEVLEE,YUWHOO,0.8999999761581421
KEVRIP,SOGXET,0.8999999761581421
KEWYET,RAKZAE,0.8999999761581421
KEWYET,TATCAV,0.8999999761581421
KEWZET,LIQFIC,1.0
KEWZET,LIQFEY,0.8999999761581421
KEYBOI,KEYCAV,0.8999999761581421
KEYFIF01,KEYFUR,1.0
KEYMEI,SOWTIJ,0.8999999761581421
KEYROX,RAMRUV,1.0
KEYROX,SIVGIP,1.0
KEYROX,SIVGOV,1.0
KEYROX,TEBSAW,1.0
KEYROX,WIFGUP,0.8999999761581421
KEYSEO,OSIWOD,0.8999999761581421
KEYZIZ,UQOWUU,1.0
KEYZOF,TORXOP01,1.0
KEYZOF,TUFPOB,1.0
KEYZOF,LAQJUI,0.8999999761581421
KEYZOF,LAQKAP,0.8999999761581421
KEYZUL,TORXOP01,1.0
KEYZUL,TUFPOB,1.0
KEZBAU,TORXOP01,1.0
KEZBAU,TUFPOB,1.0
KEZBAU,TORXOP,1.0
KEZBAU,LAQJUI,0.8999999761581421
KEZBAU,LAQKAP,0.8999999761581421
KEZGII,UNUNEY,1.0
KEZGII,LICGOW,0.8999999761581421
KEZGII,XIXCOZ,0.8999999761581421
KEZGII,RIBSED,0.8999999761581421
KEZGII,WOBQEL,0.8999999761581421
KEZLIN,LUWNAU,0.9142857193946838
KEZLIN,UMIZEX,0.9142857193946838
KHMALA03,UGIXOZ,0.8999999761581421
KHMALA03,PUNCUX,0.8999999761581421
KHOXAL03,KHOXAL12,1.0
KIBXEZ,KIBXID,1.0
KIBXEZ,KIBXOJ,1.0
KIBXID,KIBXOJ,1.0
KIBXUP,KIBYEA,1.0
KIBXUP,KIBYAW,1.0
KIBYAW,KIBYEA,1.0
KIDLAL,YIKGEF,0.8999999761581421
KIDLAL,YORZEL,0.8999999761581421
KIFKAM,NOCKOG,1.0
KIFKEQ,ROLZAU,1.0
KIFKEQ,OGEQAU,0.8999999761581421
KIFKEQ,SAQQOR,0.8999999761581421
KIHTIF,MODDEP,0.8999999761581421
KIHTIF,QEHJUJ,0.8999999761581421
KIHTIF,SESDIE,0.8999999761581421
KIHTOL,KIHTOL01,1.0
KIHTOL,SESDEA01,0.8999999761581421
KIHTOL,MODDEP,0.8999999761581421
KIHTOL01,SESDEA01,0.8999999761581421
KIHTOL01,QEHJIX,0.8999999761581421
KIHTOL01,QEHJUJ,0.8999999761581421
KIHTOL01,SESDEA,0.8999999761581421
KIHTUR,SESDIE,0.8999999761581421
KIHTUR,QEHJIX,0.8999999761581421
KIHXUX,WAWGOQ,0.8999999761581421
KIHXUX,NIKJIB,0.8999999761581421
KIHXUX,ZIYWIQ,0.8999999761581421
KIJVOR,XIFHIF,1.0
KIJVOR,SALXIP,0.8999999761581421
KIJVUX,XOPLUL,0.8999999761581421
KIJVUX,PICBAH,0.8999999761581421
KIKFIV,ZEFDOG,0.8999999761581421
KIKMAV,VUDQOB,1.0
KIKMAV,REQDIB,1.0
KIKMAV,VALVAI,1.0
KIKRAA,PEKZIP,1.0
KIKTIK,RERVIW,0.8999999761581421
KINGUM,SURHEU02,1.0
KINGUM,RUBTAK09,1.0
KINNAY,KINNEC,1.0
KINNAY,RAHTAV,0.8999999761581421
KINNEC,RAHTAV,0.8999999761581421
KIPZAM,KIPZIU,1.0
KIRKIH,RECJAM,0.9035714268684387
KITZAR,YURCOF,0.8999999761581421
KITZAR,TEQLAE,0.8999999761581421
KIVZAR,OJOQEJ01,1.0
KIVZAR,OJOQEJ02,1.0
KIVZAR,ZEBHOG,0.8999999761581421
KIXBOL,TOHMIO,0.8999999761581421
KIXBOL,XIYQUU,0.8999999761581421
KIXSAN,VESBEC,0.8999999761581421
KIXSAN,VESCED01,0.8999999761581421
KIXSAN,QUHMOX,0.8999999761581421
KIXXOG,XINPOC,1.0
KIXXOG,KIXXOG01,1.0
KIXXOG,QUZZES,0.8999999761581421
KIXXOG01,XINPOC,1.0
KIXXOG01,QUZZES,0.8999999761581421
KIXXOG01,MEGPAR,0.8999999761581421
KIXXOG01,TOWMUP,0.8999999761581421
KIYCON,NIMVOW,0.8999999761581421
KIYCON,WORNEY,0.8999999761581421
KIYMEM01,MINFIB,0.8999999761581421
KIYMEM01,MINNEF,0.8999999761581421
KIYMIQ,LEKGOY,0.8999999761581421
KIYMIQ,XINPOC,0.8999999761581421
KIYMIQ,MEGPEV,0.8999999761581421
KIYMIQ,QOLFIH,0.8999999761581421
KIYQIU,KIYQOA,1.0
KIYQIU,RAHXEE,0.8999999761581421
KIYZID,KIYZID01,1.0
KIYZID,KIZBEC01,1.0
KIYZID,KIYZID03,1.0
KIYZID01,KIZBEC01,1.0
KIYZID01,KIYZID03,1.0
KIYZID03,KIZBEC01,1.0
KIZQAO,NOCLOH02,1.0
KIZQAO,NOCLOH,1.0
KIZQAO,SEVROC,1.0
KNTMET01,VOTXIN,0.8999999761581421
KNTMET01,SEYKUD,0.8999999761581421
KOBGAK,NIPROU,0.8999999761581421
KOBGOY02,TOHRUF01,0.8999999761581421
KOBMAS,SIJCUM,0.8999999761581421
KOBMAS,TAXLIQ,0.8999999761581421
KOBMAS,ZIFZUM,0.7874999642372131
KOBPIB,VIRCEF,1.0
KOBPIB,RULNOC,0.8999999761581421
KOCDOX,SATRIP,1.0
KOCDOX,WEMDID,1.0
KOCWAB,OGURAK,0.8999999761581421
KOCWAB,OYIVOI,0.8999999761581421
KODKIZ,PASNAA,1.0
KOGCAL,TEHCAM,0.8999999761581421
KOGCAL,SISFAD01,0.8999999761581421
KOGCAL,UHISIO,0.8999999761581421
KOGCAL,SISFAD,0.8999999761581421
KOGCIT,XEVHAI,1.0
KOGGET,YETQOG,1.0
KOGGET,XADGOA,0.8999999761581421
KOHDIW,KOHLIE,1.0
KOHRIK,KOHROQ,0.8999999761581421
KOHRIK,KOHSAD,0.8999999761581421
KOHROQ,KOHSAD,0.8999999761581421
KOJMED,YICGOJ,0.8999999761581421
KOJMED,LIWYOG,0.8999999761581421
KOKCUJ,XEHGIC,1.0
KOKCUJ,XEHGUO,1.0
KOKCUJ,KOKDAQ,1.0
KOKCUJ,XEHGOI,1.0
KOKDAQ,XEHGUO,1.0
KOKKIF,XIVMEW01,1.0
KOKKIF,XIVMEW,1.0
KOLQEI,LEHTID,0.8999999761581421
KOLWUE,YELYOE,1.0
KOLWUE,UFARUP,1.0
KOLWUE,WEMDAV,0.8999999761581421
KOMFUO,URUZAK,1.0
KOMFUO,KOMGAV,1.0
KOMGAV,URUZAK,1.0
KONFEA,ODONOL,0.8999999761581421
KOQXUL,NAMDOV,1.0
KOQXUL,KUGQOT,1.0
KOQXUL,OHIHUJ,1.0
KORMOV,KORMUB,1.0
KORMOV,QOKBUO,0.9333333373069763
KORMOV,RAJFAL,0.8999999761581421
KORMUB,QOKBUO,0.9333333373069763
KOSGEG,KOTDII,1.0
KOSGEG,KOSGOQ,1.0
KOSGIK,KOTCUT,0.8999999761581421
KOSGIK,KOTDOO,0.8999999761581421
KOSGOQ,KOTDII,1.0
KOSGOQ,KOTDOO,0.8999999761581421
KOSGUW,KOTDOO,1.0
KOSGUW,PEWDEC,0.8999999761581421
KOSGUW,LIRTEM,0.8999999761581421
KOSGUW,KOTCUT,0.8999999761581421
KOSJAF,KOSKIO01,1.0
KOSJAF,SICRUU,1.0
KOSJAF,KOSJIN,1.0
KOSJEJ,SICRUU,1.0
KOSJEJ,KOSJIN,1.0
KOSJEJ,KOSJOT,1.0
KOSJEJ,KOSJUZ,1.0
KOSJEJ,KOSKAG,1.0
KOSJIN,SICRUU,1.0
KOSJOT,SICRUU,1.0
KOSJUZ,SICRUU,1.0
KOSKAG,SICRUU,1.0
KOSKUA,SARHEA,0.8999999761581421
KOSLIP,KOSLOV,1.0
KOTBOM,KOTBUS,1.0
KOTBOM,KOTRES,0.8999999761581421
KOTBUS,KOTRES,0.8999999761581421
KOTPAM,PEWDEC,0.8999999761581421
KOTRES,LIRTUC,0.8999999761581421
KOTRES,PESTAK,0.8999999761581421
KOTRIW,LIRNUW,0.8999999761581421
KOVJAI,ZUXPOZ,1.0
KOVJAI01,ZUXPOZ,1.0
KOXFUA,KOXGIP,0.8999999761581421
KOXFUA,KOXGEL,0.8999999761581421
KOXGEL,KOXGIP,0.8999999761581421
KOYHIR,QONKUB,0.8999999761581421
KOYHIR,PANYEK,0.8999999761581421
KOZNEU,MAQDUD,0.8999999761581421
KOZNEU,MAQDUD01,0.8999999761581421
KOZSEZ,ZELJIM,0.8999999761581421
KOZSEZ,KOZSID,0.8999999761581421
KOZSEZ,KOZSOJ,0.8999999761581421
KOZSID,ZELJIM,1.0
KOZSID,KOZSOJ,1.0
KOZSOJ,ZELJIM,1.0
KUBXUC,LUXBAI,0.8999999761581421
KUBXUC,LUWZUZ01,0.8999999761581421
KUDJOK,VEJYEP01,1.0
KUFBEU,KULPUD,1.0
KUFBEU,MIZQOB,1.0
KUFBEU,YEBLAT,1.0
KUFVAK,TIKSOY,0.8999999761581421
KUGQOT,NAMDOV,1.0
KUGQOT,OHIHUJ,1.0
KUHDEX01,VERQOA,0.8999999761581421
KUHNEI,UGECEO01,1.0
KUHVOZ,VAQTAK,1.0
KUHVOZ,SAKDAM01,1.0
KUHVOZ,SAKDAM,1.0
KUHVOZ01,SAKDAM01,1.0
KUHVOZ01,SAKDAM,1.0
KUJMIN,QISNEN,1.0
KUJMIN,QISNAJ,1.0
KUJMIN,MITSUE,1.0
KUKHAB,TETYAV,1.0
KUKHAB,VAXKIR,1.0
KUKMUA,LUSZUV,1.0
KUKPOX,QUJKUD,1.0
KUKPOX,QUJLAK,1.0
KUKPOX,QUJLAK01,1.0
KUKPOX,QUJLAK02,1.0
KULLAG,KULLEK,1.0
KULLAG,RUYVIS,0.8999999761581421
KULLEK,RUYVIS,0.8999999761581421
KULMEK,QUSWIK,1.0
KULMEK,XALDAS,1.0
KULPUD,MIZQOB,1.0
KULPUD,YEBLAT,1.0
KUMXAS,KUMXEW,1.0
KUMXEW,PAJSAX,1.0
KUNMUD,WUNVEH,1.0
KUNMUD,WUNVAD,1.0
KUNMUD,SAHYAD01,1.0
KUNTAQ,SABVUN01,1.0
KUNTAQ,SIWGUB,0.8999999761581421
KUNTAQ02,SABWAU,1.0
KUNTAQ03,TOBQEH,0.8999999761581421
KUNTAQ03,UKUDEL,0.8999999761581421
KUQWIE,KUQWOK,1.0
KUQWIE,XOVYUD,1.0
KUQWOK,XOVYUD,1.0
KURHIQ,SABFUX,1.0
KUXHIW,POCDUI,0.8999999761581421
KUXHIW,SIDXUZ,0.8999999761581421
KUXREC,YAXCAC,1.0
KUXREC,YAXBUV02,1.0
KUXREC,POJTUE,1.0
KUXREC,NEHZAE,1.0
KUYGOC,TADWIG,0.8999999761581421
KUYGOC,XAHPON,0.8999999761581421
KUYLOH,VUGXEC,0.8999999761581421
KUYLOH,VUGYED,0.8999999761581421
KUZHEU,PIRTAN,1.0
KUZPEC,UFUROF,0.8999999761581421
KUZPEC,YIYHAQ,0.8999999761581421
KUZPEC,VAKDOD,0.8999999761581421
LABJOP,PUDTOY,0.8999999761581421
LABNIN,LABPUB,1.0
LABNIN,LABNUZ,0.8999999761581421
LABNIN,LABPEL,0.8999999761581421
LABNIN,LIGRAW,0.8999999761581421
LABNOT,LIGRAW,0.8999999761581421
LABNOT,LABPUB,0.8999999761581421
LABNUZ,LABPAH,0.8999999761581421
LABNUZ,LABPUB,0.8999999761581421
LABPAH,LIGRAW,0.8999999761581421
LABPAH,LABPOV,0.8999999761581421
LABPOV,LIGRAW,0.8999999761581421
LABZEW,XOLSOI,1.0
LABZEW,LACDUR,1.0
LABZIA,XOLSOI,1.0
LABZIA,LACDUR,1.0
LABZIA,LACJEH,1.0
LABZIA,YEKXET,1.0
LACDUR,XOLSOI,1.0
LACDUR,XOLSUO,0.8999999761581421
LACFOM,SAQCIZ,1.0
LACFUS,RUBZIY02,1.0
LACFUS,RUBZIY03,1.0
LACFUS,LONHON,1.0
LACFUS,LIPZES,1.0
LACFUS,RUBZIY,1.0
LACFUS,WILQIS,1.0
LACJEH,XOLSOI,1.0
LACJEH,XIVTED,0.8999999761581421
LACYOE,LACYUK,1.0
LADQEP,PIBGAK,1.0
LADQUF,XUDNAN,1.0
LADQUF,PIBGAK,0.8999999761581421
LAGHIL,QESBAR01,1.0
LAGHIL,XIPCEF,1.0
LAGHIL,WIQRUL,1.0
LAGHIL,QESBAR,1.0
LAGWEX,QUSBIQ,1.0
LAGWEX,PULQUK,1.0
LAGWEX,VAKLIF,1.0
LAGWIB,MOXDIN01,1.0
LAGWIB,MOXDIN,1.0
LAGWUN,WUDXAV,1.0
LAGWUN,SAVMAE,1.0
LAJDUV,LAJDUV02,1.0
LAJTAR,WAYWAW,1.0
LAJTAR,MUHQAH,1.0
LAJTAR,UYIXEG,0.8999999761581421
LAJWUQ,LAJXIF,0.8999999761581421
LAJWUQ,VERPUF,0.8999999761581421
LAJXAX,UFOBEZ,0.8999999761581421
LAJXAX,QUNMOC,0.8999999761581421
LAJXIF,VERPUF,0.8999999761581421
LAJXIF,UFOBEZ,0.8999999761581421
LALKEP,LALKIT,1.0
LALPIZ,OPAPIF,0.8999999761581421
LALPIZ,LALPOF,0.8999999761581421
LALPIZ,OPAPEB,0.8999999761581421
LALPOF,OPAPIF,0.8999999761581421
LALPOF,OPAPEB,0.8999999761581421
LALXON,MOXNUK,1.0
LALXON,YIGJOQ,1.0
LALXON,YIGJEG,1.0
LALXON,YIGJUW,1.0
LAMSOJ,XUMBEN,1.0
LAMSOJ,VATYAR,1.0
LAMSOJ,WEMDID,1.0
LANCIO,WAVFOP,0.8999999761581421
LANCIO,QISJEJ,1.0
LANCIO,NIGHOA,0.8999999761581421
LANCIO,XAMDOF,0.8999999761581421
LAPLEW,LAPMIB,1.0
LAPLEW,LAPMAT,1.0
LAPLEW,LAPNAU,1.0
LAPLEW,MIZJUB,0.8999999761581421
LAPLEW01,LAPMAT,1.0
LAPLEW01,LAPNAU,1.0
LAPLEW01,MOGMIE,0.8999999761581421
LAPLOG01,LAPMAT,1.0
LAPLOG01,LAPNAU,1.0
LAPLUM,LAPMIB,1.0
LAPLUM,LAPMEX,1.0
LAPMAT,LAPNAU,1.0
LAPMEU,NAHCIT02,0.8999999761581421
LAPMEU,ORONOA01,0.8999999761581421
LAPMEU,WAJCAM,0.8999999761581421
LAPMUN,LAPNAU,1.0
LAPMUN,LAPNUO,1.0
LAPMUN,LAPPAW,1.0
LAPMUN,LAPPEA,1.0
LAQJUI,LAQKAP,1.0
LAQJUI,NOGMEC,0.8999999761581421
LAQKAP,NOGMAY,0.8999999761581421
LAQKAP,NOGMEC,0.8999999761581421
LARBOW,LARBOW01,1.0
LARBOW,MOHSAF,0.9678571820259094
LARBOW01,MOHSAF,0.9678571820259094
LARNAV,LOYBIM,0.8999999761581421
LARPEB,LARPOL,1.0
LARPEB,NINVAI,1.0
LARPEB,ZOHFUZ,1.0
LARPEC,RIGTIL,1.0
LARPEC,LIKFOB,1.0
LARPEC,YUJCOX,1.0
LARPOL,NINVAI,1.0
LARPOL,ZOHFUZ,1.0
LARPOL,WUCRUH,1.0
LARYEK,YIXFOC,1.0
LARYEK,WOZDEW,1.0
LARYEK,WECSAZ01,1.0
LARYEK,NIWQIV,0.8999999761581421
LARYEK03,YIXFOC,1.0
LARYEK03,WOZDEW,1.0
LARYEK03,WECSAZ01,1.0
LARYIO,LARYIO01,1.0
LARYOU,ZEDWAI,1.0
LARYOU,YIXFUI,1.0
LARYOU,QACTUJ,1.0
LASDEQ,UJATIJ,0.8999999761581421
LASDEQ,UJAQAY,0.8999999761581421
LASDEQ,UJAQEC,0.8999999761581421
LASMAV,VEDFOB,1.0
LASMAV,VEDGAO,1.0
LASMID,SOWCOY01,1.0
LASMID,LASMUP,1.0
LASMID,LASNAW,1.0
LASMID,SOWCOY,1.0
LASMUP,SOWCOY01,1.0
LASMUP,LASNAW,1.0
LASMUP,SOWCOY,1.0
LASNAW,SOWCOY01,1.0
LASNAW,SOWCOY,1.0
LASWUZ,YESYON,0.8999999761581421
LASYOU,ORAWAH,0.9437500238418579
LATCIV,SUKRIB,0.8999999761581421
LATJEW,LATJIA,0.8999999761581421
LATPIG,LIHREA,1.0
LATPIG,PEPXIS,1.0
LATPIG,PIPFOL,0.8999999761581421
LAVTEJ,LAVTEJ01,1.0
LAVTEJ,RIBRAY,1.0
LAVTEJ,NIGFUF,1.0
LAVTEJ01,RIBRAY,1.0
LAVTEJ01,NIGFUF,1.0
LAVTIN,SEHSUU,1.0
LAVTIN,LAVTOT,1.0
LAVTIN,NIGFIT,1.0
LAVTOT,NIGFIT,1.0
LAWHOJ,LAWHUP,1.0
LAWHOJ,QEHGOC02,0.8999999761581421
LAWHOJ,QEHGOC01,0.8999999761581421
LAWHUP,QEHGOC02,0.8999999761581421
LAWSEJ,XUMVOS,1.0
LAWSEJ,LAWSEJ01,1.0
LAWSEJ,ROGRAH,0.8999999761581421
LAWSEJ,XUMVIM,0.8999999761581421
LAWSEJ01,XUMVOS,1.0
LAWSEJ01,ROGRAH,0.8999999761581421
LAYQUA,TEJBUI,1.0
LAYQUA,LUSYEF,1.0
LAYWOA,LAYXER,1.0
LAYWOA,LAYXAN,1.0
LAYXAN,LAYXER,1.0
LEBMAJ,YFORMD02,1.0
LEBMAJ,YFORMD,1.0
LEBMAJ,YFORME02,1.0
LECFEG,OHAGOV,1.0
LECFEG,OHAGOV01,1.0
LECFUW,UKAKEY,1.0
LECFUW,UKAKOI,1.0
LECHUX,ZZZEJE02,0.8999999761581421
LEDCAA,MUTDIQ,0.8999999761581421
LEDHEJ,XADDAJ,0.9142857193946838
LEDLEN,YAVYAW,1.0
LEDLEN,PARNON,1.0
LEDLEN,PARNIH,1.0
LEDLEN,XOPLOE,1.0
LEDLEN,REFFIT,0.8999999761581421
LEDPAN,TEQNUZ,0.8999999761581421
LEDQAP,MERBOD,0.8999999761581421
LEDQAP,YACSAY,0.8999999761581421
LEGGAI,PIJKUR,0.9142857193946838
LEGGAI,TOVHUJ,0.9142857193946838
LEGGAI,TISHAF,0.9099999666213989
LEHFOW,VUKSEB,1.0
LEHFOW,YEKQOW,1.0
LEHGIR,PERMEH,1.0
LEHGIR,MIJFIU,1.0
LEHTID,YORZEL,0.8999999761581421
LEKGOY,LEKGOY01,1.0
LEKGOY,YICRAE,1.0
LEKGOY01,YICRAE,1.0
LEKNUN,NIYZIG,1.0
LEKNUN,WUMDIT,0.9142857193946838
LEKSIG,TEJYIT,0.8999999761581421
LELCUB01,NOFQOQ,1.0
LELCUB01,NOFQEG,1.0
LELCUB01,MIYGUX,1.0
LELDUD,NIKQIK,1.0
LELMIA,OZAVOC,1.0
LELMIA,LELMIA01,1.0
LELMIA,LELMIA02,1.0
LELMIA01,OZAVOC,1.0
LELMIA01,LELMIA02,1.0
LELMIA02,OZAVOC,1.0
LENGAO,ORAGOF,0.8999999761581421
LENGAO,VEYSAW,1.0
LENGAO,ORUKET,0.8999999761581421
LENRIG,LENRUS,0.8999999761581421
LENRIG,YUMFES,0.8999999761581421
LENRUS,YUMFES,0.8999999761581421
LEPFOC,LOCNIB,0.8999999761581421
LEPFOC,RUSSII,0.8999999761581421
LEPLAV,OPENUT,1.0
LEPLAV,UHISEK,1.0
LEPLEZ01,LEPLEZ02,1.0
LEPLEZ02,MESNML,0.8999999761581421
LEPLEZ02,VOCTOW,0.8999999761581421
LEPSEH,LEPSIL,1.0
LEPSEH,TOWPEC,1.0
LEPSIL,TOWPEC,1.0
LEPSOR,LEPTIM01,1.0
LEPSOR,LEPTIM,1.0
LEPSOR,ROYMID,0.8999999761581421
LEPSUX,LEPTEI,1.0
LEPSUX,LEPTIM01,1.0
LEPSUX,LEPTIM,1.0
LEPSUX,LEPTOS,1.0
LEPSUX,LEPTUY,1.0
LEPSUX,ROYMID,0.8999999761581421
LEPTIM,LEPTIM01,1.0
LEPTIM,LEPTOS,1.0
LEPTIM,LEPTUY,1.0
LEPTIM,PEGCIP,0.8999999761581421
LEPTOS,ROYMID,0.8999999761581421
LETDAQ,ODUMIK,1.0
LETDAQ,QALHES,1.0
LETDAQ,QEJZUB,1.0
LETDAQ,PIPFOL,0.8999999761581421
LETDIY,ODUMIK,1.0
LETDIY,QALHES,1.0
LETDOE,ODUMIK,1.0
LETDOE,QALHES,1.0
LETDOE,QEJZUB,1.0
LETFEW,ODUMIK,1.0
LETFEW,QALHES,1.0
LETFEW,QEJZUB,1.0
LETFEW,YEMGED,1.0
LETROT,TITBUV,1.0
LETROT,MUGHED,1.0
LEVFAW,UQOLUJ01,0.8999999761581421
LEVFAW,UQOLUJ,0.8999999761581421
LEVNOQ,LEVNOQ01,1.0
LEVNOQ,NAWKII,1.0
LEVNOQ,TAGTUT,1.0
LEVNOQ01,NAWKII,1.0
LEVNOQ01,TAGTUT,1.0
LEYBEZ,MIXZOK,1.0
LEYBEZ,UQUTUX,0.8999999761581421
LEYPAI,MAVFEV03,1.0
LEYPAI,WEMDUP,1.0
LEYPAI,MAVFEV,1.0
LEYPAI,OJONOQ,0.8999999761581421
LEZTIW,WENXOF,0.8999999761581421
LIBJAJ,OGIJIY,0.8999999761581421
LIBJAJ,UKUDEL,0.8999999761581421
LIBNIU,OQIQIQ,0.8999999761581421
LIBNIU,MIQSAJ,0.8999999761581421
LIBZIG,ZAFWUB,1.0
LIBZIG,PIZPAP,1.0
LIBZIG,LINSAF,1.0
LICDOX01,LICDOX02,1.0
LICDOX01,SEGJOG,0.8999999761581421
LICDOX01,LIVNEJ,0.8999999761581421
LICDOX02,SEGJOG,0.8999999761581421
LICDOX02,LIVNEJ,0.8999999761581421
LICDOX02,WABTOK,0.8999999761581421
LICDOX02,XUBHEI,0.8999999761581421
LICGOW,RIBSED,1.0
LICGOW,XAJQAC,0.8999999761581421
LICSAS,TEVZEA,1.0
LICSAS01,TEVZEA,1.0
LICSEW,SIRBIG04,1.0
LICSEW02,SIRBIG04,1.0
LICSEW03,SIRBIG04,1.0
LICSUM,PADROD,0.8999999761581421
LIDSAU,LIDSEY01,1.0
LIDSAU,XOMCIN,1.0
LIDSAU,LIDSEY,1.0
LIDSEY,LIDSEY01,1.0
LIDSEY,XOMCIN,1.0
LIDSEY01,XOMCIN,1.0
LIDSIC,TIDNIF,1.0
LIDZOP,VIZQEC,0.8999999761581421
LIGQEA,QOWRAV06,1.0
LIGQEA,QOWRAV07,1.0
LIGQEA,NAFSOF,1.0
LIGYOS,NIDFOX,0.8999999761581421
LIGYOS,LORROB01,0.8999999761581421
LIHCAI,NIBRUN,1.0
LIHCAI,NIBSAU01,1.0
LIHCAI,PATPOR,0.8999999761581421
LIHDUC01,RIWWOK,1.0
LIHDUC01,LIHFAK,1.0
LIHFAK,RIWWOK,1.0
LIHREA,PEPXIS,1.0
LIHROK,LIHSAX,1.0
LIHROK,TISLIR,1.0
LIHRUQ,LIHSAX,1.0
LIHRUQ,TISLIR,1.0
LIHSAX,TISLIR,1.0
LIJNOJ,PIHJOH01,1.0
LIJPAX,PIHJOH01,1.0
LIJPAX,LIJPOL,1.0
LIJPAX,PIHJIB,0.8999999761581421
LIJPAX01,PIHJOH01,1.0
LIJPAX01,LIJPOL,1.0
LIJPAX02,PIHJOH01,1.0
LIJPAX02,LIJPOL,1.0
LIJPOL,PIHJOH01,1.0
LIJPOL,PIHJOH02,1.0
LIJPOL,PIHJOH03,1.0
LIJWOR,SIWPUL02,1.0
LIJWOR01,SIWPUL02,1.0
LIJWOR02,SIWPUL02,1.0
LIJWOR03,SIWPUL02,1.0
LIJWOR04,SIWPUL02,1.0
LIJWOR05,SIWPUL02,1.0
LIJWOR06,SIWPUL02,1.0
LIJWUX02,SIRBIG04,1.0
LIKBAL,NAPFUG,0.8999999761581421
LIKBAL,XEBHOC,0.8999999761581421
LIKBAL,RUYVAK,0.8999999761581421
LIKZEN,TIHRUA,0.8999999761581421
LIKZEN,RERVIW,0.8999999761581421
LIKZEN,TIHTUC,0.8999999761581421
LIKZEN,XENKIM,0.8999999761581421
LINCUJ,VIMRAM,0.8999999761581421
LINDAQ,XORRON,0.8999999761581421
LINDAQ,LINDEU,0.8999999761581421
LINDEU,XORRON,0.8999999761581421
LINDEU,VIMRAM,0.8999999761581421
LINGAQ,LINGEU,1.0
LINGEU,LINJEX,1.0
LINGEU,TOGCUN,1.0
LINGEU,LINJOH,1.0
LINJEX,TOGCUN,1.0
LINJOH,TOGCUN,1.0
LINJOH,YIWZOV,0.8999999761581421
LINSAF,PIZPAP,1.0
LIPQIL,YUNJOH,1.0
LIPQIL,YUNJEX,1.0
LIPQIL,LIPRAE,1.0
LIPQIL,YUNHUL,1.0
LIPQIL,YUNJUN,1.0
LIPQIL,YUNKIC,1.0
LIPQOR,YUNJOH,1.0
LIPQOR,YUNJEX,1.0
LIPQOR,LIPRAE,1.0
LIPRAE,YUNJOH,1.0
LIPRAE,YUNJEX,1.0
LIPZES,RUBZIY,1.0
LIPZES,LONHON,1.0
LIPZES,WILQIS,1.0
LIQFEY,LIQFIC,0.8999999761581421
LIQFEY,TOVHET,0.8999999761581421
LIQXIV,WAVCAX,0.8999999761581421
LIQXIV,OFIDUD,0.8999999761581421
LIRNUW,LIRPOS,1.0
LIRNUW,VITJUF,1.0
LIRNUW,MOXNIY,1.0
LIRPAE,YIGHUU,1.0
LIRPAE,YIGJAC,1.0
LIRPAE,YIGJIK,1.0
LIRPIM,LIRPOS,1.0
LIRPOS,VITJUF,1.0
LIRPOS,MOXNIY,1.0
LIRTEM,LIRTIQ,1.0
LIRTEM,LIRTUC,1.0
LIRTUC,PULTAT,0.8999999761581421
LISUCC01,XEQNEM,0.8999999761581421
LITCIC,LITCUO,0.8999999761581421
LITCIC,LITDAV,0.8999999761581421
LITCUO,LITDAV,0.8999999761581421
LIVLAF,OYIHAH,0.8999999761581421
LIVLAF,WEBVAC,0.8999999761581421
LIVLUZ,YIXYUB,1.0
LIVLUZ,LUFCAS,1.0
LIVLUZ,XOVFOF,1.0
LIVLUZ,XOVFOF01,1.0
LIVLUZ,UYECAE,0.8999999761581421
LIVNEJ,SEGJOG,0.8999999761581421
LIVNEJ,WABTOK,0.8999999761581421
LIVREP,TIRQOB,1.0
LIVREP,UZIZOU,0.8999999761581421
LIVTAN,LIVTER,0.8999999761581421
LIVTER,YEMXEW,0.6294118165969849
LIVTIT,SUFROA,1.0
LIVWUK,LIVWUK06,1.0
LIVWUK,LIVWUK04,1.0
LIVWUK,LIVWUK02,1.0
LIVWUK01,LIVWUK04,1.0
LIVWUK02,LIVWUK04,1.0
LIVWUK02,LOCHIU,0.8999999761581421
LIVWUK03,LIVWUK04,1.0
LIVWUK03,LIVWUK05,1.0
LIVWUK03,LIVWUK07,1.0
LIVWUK04,LOCHIU,0.8999999761581421
LIVWUK05,LIVWUK07,1.0
LIWFUS,ODELOZ,1.0
LIWFUS,UXUPEK,0.8999999761581421
LIWFUS,XEGQUW,0.8999999761581421
LIWYOG,YICGEZ,0.8999999761581421
LIWYUM,VUQJUN,0.8999999761581421
LIWYUM,SEQWOC,0.8999999761581421
LIXCIG,YINDOQ,0.8999999761581421
LIXDAZ,QAQMON,0.8999999761581421
LIXDAZ,YINDOQ,0.8999999761581421
LIXMAI,YINDAC01,0.8999999761581421
LIXMAI,QAQMON,0.8999999761581421
LIXMEM,UHUXIG,0.8999999761581421
LIXMIQ,YINDAC,0.8999999761581421
LIXMIQ,UHUXOM,0.8999999761581421
LIXWAR,LIXWAR01,1.0
LIXWAR01,OYOSAX,1.0
LIXXAS,LOCNIB,1.0
LIXXAS,RUSTAB,1.0
LIXXAS,RUSSII,0.8999999761581421
LIYVOG,LIYVOG01,1.0
LIYVOG,YIXXAG,1.0
LIYVOG01,YIXXAG,1.0
LIZKUB,WANJIF,0.8999999761581421
LIZKUB,NABMUA01,0.8999999761581421
LIZWEX,XIYDAN,1.0
LIZWEX,PIBBEK,1.0
LIZWEX,UGOCAW,1.0
LOBQAV01,QACTUJ,1.0
LOBQAV01,YIXFUI,1.0
LOBQAV01,ZEDWAI,1.0
LOCNIB,RUSTAB,1.0
LOCNIB,RUSSII,0.8999999761581421
LOFGOE,TAKDIU,0.8999999761581421
LOFGOE,QOJDUP,0.8999999761581421
LOLREL,OWIHUZ,0.8999999761581421
LOLREL,OWIJIP,0.8999999761581421
LOMQOV,VEGMIE01,1.0
LOMQOV,MOXDIN,1.0
LOMQOV,MOXDIN01,1.0
LONHON,RUBZIY02,1.0
LONHON,YICREI,1.0
LONVAN,LONVER,1.0
LONWIW,YUFLIW,1.0
LONWIW,OPAGIX,1.0
LONWIW,NOSTUM01,1.0
LONWIW,OTOLIU,0.8999999761581421
LOQFAA,SIXDUZ,1.0
LOQFAA,NASGIZ01,0.8999999761581421
LOQLIN,MEGQAT,1.0
LOQLIN,QOVWOO,1.0
LOQLIN01,MEGQAT,1.0
LOQLIN01,MEQKOL,0.8999999761581421
LOQVOC,ODOKAU,1.0
LOQVOC,NUXMIC01,1.0
LORFED01,LORFED02,1.0
LORFED01,LORFUT,0.8999999761581421
LORFED02,PAXSEM01,0.8999999761581421
LORFUT,LORGAA,0.8999999761581421
LORGAA,LORGAA03,1.0
LORGAA,LORGAA04,1.0
LORGAA,LORGAA05,1.0
LORGAA,SAHTIF01,0.8999999761581421
LORGAA03,LORGAA04,1.0
LORGAA03,LORGAA05,1.0
LORGAA03,SEDTIF,0.8999999761581421
LORGAA04,LORGAA05,1.0
LORGAA04,SEDTIF,0.8999999761581421
LORGAA05,SAHTIF01,0.8999999761581421
LORROB01,XALMII,0.8999999761581421
LOSYAV,PUZJIF,1.0
LOSYID,PUZJIF,1.0
LOSYID,PUZKUS,1.0
LOSYID,YABPAU,1.0
LOTJIP,LOTJUB,0.8999999761581421
LOTJIP,ODIVUT,0.8999999761581421
LOTJUB,POLBEZ,0.8999999761581421
LOTJUB,ODIVUT,0.8999999761581421
LOVGUA,RAPXEN,0.8999999761581421
LOVGUA,RAPXIR,0.8999999761581421
LOVGUA,RAPXOX,0.8999999761581421
LOWKUF,RUWFOG,0.8999999761581421
LOWREW,SOWYEK01,1.0
LOWREW,MOLTIR,0.8999999761581421
LOWREW,SOWWUY,0.8999999761581421
LOYBIM,QUBHAX,0.8999999761581421
LOYBIM,QUBHAX01,0.8999999761581421
LOZQOI,TONMEQ,0.8999999761581421
LOZQOI,SERTER,0.8999999761581421
LOZQOI,SERTER01,0.8999999761581421
LOZSUQ,VUKTOM,1.0
LOZSUQ,NEQTIP,1.0
LOZSUQ,TEPJOP,0.8999999761581421
LOZXEF,SERTER01,0.8999999761581421
LOZXEF,QANFUJ,0.8999999761581421
LOZXEF,TONMEQ,0.8999999761581421
LOZXEF,TONMAM,0.8999999761581421
LUCDIW,QOHYET,1.0
LUCDIW,YICGEZ,0.8999999761581421
LUDBOC,MAQRAA,0.8999999761581421
LUDBOC,OQIQEM,0.8999999761581421
LUDLED,ZOFDUV,1.0
LUDLIH,ZOFDUV,1.0
LUDRUZ,WIVGAK,1.0
LUDRUZ,WEWFIQ,1.0
LUDRUZ,MIXXOI,1.0
LUDRUZ,WIVFUD,1.0
LUDRUZ,NIRBOG,0.8999999761581421
LUFBUL,YUWDIF,1.0
LUFBUL,UYECAE,0.8999999761581421
LUFNAC,LUFNIK,1.0
LUFNAC,LUFNAC05,1.0
LUFNAC,LUFNAC04,1.0
LUFNAC01,LUFNAC05,1.0
LUFNAC01,LUFNAC04,1.0
LUFNAC03,LUFNAC05,1.0
LUFNAC03,LUFNAC04,1.0
LUFNAC03,TUTGUL,1.0
LUFNAC03,TUTHIA,1.0
LUFNAC03,TUTHOG,1.0
LUFNAC03,TUTHUM,1.0
LUFNAC03,TUTJAU,1.0
LUFNAC04,LUFNAC05,1.0
LUGLOO,MUQZEE,1.0
LUGLOO,VUKKET,1.0
LUGLOO,PENLEB,0.8999999761581421
LUGLOO,XEGREJ,0.8031250238418579
LUGLUU,NASGEV,1.0
LUGVUF,UMAWUB,1.0
LUKLIN,REGYOT,1.0
LUKLIN,SENXAN,0.8999999761581421
LUKLIN,MINCIX,0.8999999761581421
LULJAE,YURCOF,0.8999999761581421
LUMDEC,METYIU,1.0
LUNJEL,YITGOA,1.0
LUNJEL,OTABES,0.8999999761581421
LUNRAO,VAMWAI,1.0
LUNRAO,LUNRAO02,1.0
LUNRAO,WOQJIW03,1.0
LUNRAO,WOQJIW04,1.0
LUNRAO,QESPIO,0.8999999761581421
LUNRAO02,VAMWAI,1.0
LUNRAO02,WOQJIW03,1.0
LUNRAO02,WOQJIW04,1.0
LURLOB,QALGUH,1.0
LURLOB,REZXEA,1.0
LURLOB,OCUNAC,1.0
LURMAO,QALGUH,1.0
LURMAO,REZXEA,1.0
LURMAO,MINVUA02,1.0
LURMAO,OCUNAC,1.0
LURRIA,SEMNIJ,1.0
LUSHOX01,MAHTAR01,1.0
LUSHOX01,SAMVEK,1.0
LUSHOX01,LUSHOX02,1.0
LUSHOX01,LUSHOX03,1.0
LUSHOX02,SAMVEK,1.0
LUSHOX03,SAMVEK,1.0
LUSHOX03,MAHTAR,1.0
LUSYEF,TEJBUI,1.0
LUSZIJ,LUSZOP01,1.0
LUVBAH,NEBQAO,0.8999999761581421
LUVBAH,NEBPUH,0.8999999761581421
LUWMEX,YUMFUJ,1.0
LUWMIB,WOJZAY,1.0
LUWMOH,WOJYIF,1.0
LUWMOH,WOJZOM,1.0
LUWMOH,LUWMUN,0.9142857193946838
LUWMUN,WOJZOM,0.9142857193946838
LUWNAU,UMIZEX,1.0
LUWZUZ,LUWZUZ01,1.0
LUXFOA,YELYOE,0.8999999761581421
LUXFOA,WEMCEY,0.8999999761581421
LUXFOA,PATLAZ,0.8999999761581421
LUXFOA,UYOFIY,0.8999999761581421
LUYBIS,TOHMIO,1.0
LUYBIS,XOLSOI,0.8999999761581421
LUYHAP,RUVKAV,1.0
LUYHAP,MEHMET,0.9571428894996643
LUYMUO,UMELUU,1.0
LUYMUO,UMORIY,1.0
LUYMUO,UMEMAB,1.0
LUYZAH,LUYZAH01,1.0
LUYZAH,LUYZAH02,1.0
LUZYUA,XIGFEY,1.0
LUZYUA,MICDUX,1.0
MACHIJ,SOQSAU,0.8999999761581421
MACHIJ,SUTBOZ,0.8999999761581421
MACKAE,VUQHUL01,0.8999999761581421
MACUFR02,SANMAX,1.0
MACUFR02,ROLCEC15,1.0
MACUFR03,ROLCEC15,1.0
MACUFR04,ROLCEC15,1.0
MACUFR05,ROLCEC15,1.0
MACUFR06,ROLCEC15,1.0
MACUFR07,ROLCEC15,1.0
MACUFR11,ROLCEC15,1.0
MACUFR12,ROLCEC15,1.0
MACUFR13,ROLCEC15,1.0
MACUFR14,ROLCEC15,1.0
MAFBOM,TABFOT,0.8999999761581421
MAFBOM,MAFBUS,1.0
MAFDII,MIQCUL,0.8999999761581421
MAFJIO,UQERIT,0.821739137172699
MAFZIE,MAFZUQ,1.0
MAFZIE,PUSXIL,1.0
MAFZIE,PUSXIL01,1.0
MAFZOK,MAFZUQ,1.0
MAFZOK,MAGBIH,1.0
MAFZUQ,PUSXIL,1.0
MAFZUQ,PUSXIL01,1.0
MAGMOZ,ROLCEC15,1.0
MAGMOZ01,ROLCEC15,1.0
MAGMOZ02,ROLCEC15,1.0
MAGMOZ03,ROLCEC15,1.0
MAGMOZ04,ROLCEC15,1.0
MAGNEQ,ROLCEC15,1.0
MAGNEQ01,ROLCEC15,1.0
MAGVOG,MAGVOG13,1.0
MAGVOG,MAGVOG14,1.0
MAGVOG,MAGVOG18,1.0
MAGVOG01,MAGVOG14,1.0
MAGVOG01,MAGVOG18,1.0
MAGVOG02,MAGVOG14,1.0
MAGVOG02,MAGVOG18,1.0
MAGVOG03,MAGVOG14,1.0
MAGVOG03,MAGVOG18,1.0
MAGVOG04,MAGVOG14,1.0
MAGVOG04,MAGVOG18,1.0
MAGVOG05,MAGVOG14,1.0
MAGVOG05,MAGVOG18,1.0
MAGVOG05,MICDIL,0.8999999761581421
MAGVOG06,MAGVOG14,1.0
MAGVOG06,MAGVOG18,1.0
MAGVOG07,MAGVOG14,1.0
MAGVOG07,MAGVOG18,1.0
MAGVOG08,MAGVOG14,1.0
MAGVOG08,MAGVOG18,1.0
MAGVOG09,MAGVOG14,1.0
MAGVOG09,MAGVOG18,1.0
MAGVOG10,MAGVOG14,1.0
MAGVOG10,MAGVOG18,1.0
MAGVOG11,MAGVOG14,1.0
MAGVOG11,MAGVOG18,1.0
MAGVOG12,MAGVOG14,1.0
MAGVOG14,MAGVOG18,1.0
MAGVOG16,MAGVOG18,1.0
MAGVOG16,MEKVAA,0.8999999761581421
MAGVOG17,MAGVOG18,1.0
MAGVOG17,MAGVOG20,1.0
MAGVOG17,MAGVOG22,1.0
MAGVOG17,MAGVOG24,1.0
MAGVOG17,MAGVOG25,1.0
MAGVOG17,MAGVOG27,1.0
MAGVOG17,MAGVOG30,1.0
MAGVOG17,MICDIL,0.8999999761581421
MAGXOI,NUQYIH,0.8999999761581421
MAGXOI,NAHNLA10,0.8999999761581421
MAGXOI,SIWNES,0.8999999761581421
MAGXOK,UDICAN,1.0
MAGXOK,UDICER,1.0
MAHGAG,TUTHUM,0.8999999761581421
MAHTAR,XUDSUK,1.0
MAJMOA,VIRJIQ,1.0
MAJMOA01,VIRJIQ,1.0
MAJMOA02,VIRJIQ,1.0
MAJMOA03,VIRJIQ,1.0
MAJMOA04,VIRJIQ,1.0
MAJMOA05,VIRJIQ,1.0
MAJMOA06,VIRJIQ,1.0
MAJMOA07,VIRJIQ,1.0
MAJMOA08,VIRJIQ,1.0
MAJPUJ,VOJRUI,1.0
MAJPUJ,VOJRIW,0.8999999761581421
MAJPUJ,VOJSAP,0.8999999761581421
MAJPUJ,XIFXAM,0.8999999761581421
MAKFIQ,MUNLUE,0.8999999761581421
MAKFIQ,MAKFOW,0.8999999761581421
MAKFOW,MUNLUE,0.8999999761581421
MAKGEN,WENSUG,0.8999999761581421
MAKGEN,MAKGOX,0.8999999761581421
MAKGEN,OKILUR,0.8999999761581421
MAKGEN,MAKHAK,0.8999999761581421
MAKGOX,OKILUR,0.8999999761581421
MAKGOX,OKIQEG,0.8999999761581421
MAKHAK,OKILUR,0.8999999761581421
MAKHAK,OKIQEG,0.8999999761581421
MAKHOY,RIFDUG01,1.0
MAKSAT,OHUVIY,1.0
MAKWIG,VEYTID,0.8999999761581421
MALAMN,SENNOP,1.0
MALAMN,SENNIJ,1.0
MALAMN,SEJSOQ,1.0
MALAMN,MEYFUR,0.8999999761581421
MALAMN01,SENNIJ,1.0
MALAMN01,SEJSOQ,1.0
MALAMN01,REXBED,0.8999999761581421
MALFUD,NISCOJ,0.8999999761581421
MALFUD,PUFXUL,0.8999999761581421
MALWUU,UYOGOF,1.0
MANLAP,QEPZUH,0.8999999761581421
MANLAP,QEPZOB,0.8999999761581421
MAPFIS,NIVFUT,1.0
MAPGOC,VALVAI,1.0
MAQBAK,MAQBIS,0.8999999761581421
MAQDUD,MAQDUD01,1.0
MAQDUD,YIXFUI,0.8999999761581421
MAQDUD01,YIXFUI,0.8999999761581421
MAQJUK,MAQKAR,1.0
MAQJUK,WEKWIT,1.0
MAQJUK,WEKWOZ,1.0
MAQJUK,MAQKAR01,1.0
MAQKAR01,WEKWOZ,1.0
MAQKAR01,WEKWIT,1.0
MAQRAA,MAQRAA01,1.0
MAQRAA,SOKWAS01,0.8999999761581421
MAQRAA01,SOKWAS01,0.8999999761581421
MARLID,MARLOJ,1.0
MARLID,MARMOK,0.8999999761581421
MARLID,MARMIE,0.8999999761581421
MARLOJ,MARMOK,0.8999999761581421
MARLUP,MARMIE,1.0
MARXEK,SIZGEO,0.8999999761581421
MARXEK,TECVOO,0.8999999761581421
MASXIN,NAWHOL,1.0
MASXIN,NAWHOL01,1.0
MASZEO,RUBJOO,1.0
MASZEO,MUQSIA,0.8999999761581421
MASZEO,ZIVCAK,0.8999999761581421
MAVFEV,WEMDUP,1.0
MAVFEV,NAVYUG,1.0
MAVFEV03,WEMDUP,1.0
MAVFEV03,NAVYUG,1.0
MAVRAE,VIXZUZ,0.8999999761581421
MAVRAE,NUTYIM,0.8999999761581421
MAVRAE,NUTYEI,0.8999999761581421
MAWBUK,NIMXAK,1.0
MAWCAR,NIMXAK,1.0
MAWCAR,MAWCIZ,1.0
MAWCEV,NIMXAK,1.0
MAWCEV,MAWCIZ,1.0
MAWCIZ,NIMXAK,1.0
MAWWAK,MAWWAK09,1.0
MAWWAK,MAWWAK01,1.0
MAWWAK,MAWWAK12,1.0
MAWWAK,MAWWAK02,1.0
MAWWAK01,MAWWAK09,1.0
MAWWAK01,MAWWAK12,1.0
MAWWAK02,MAWWAK09,1.0
MAWWAK02,MAWWAK12,1.0
MAWWAK02,MAWWAK05,1.0
MAWWAK02,MAWWAK08,1.0
MAWWAK02,MAWWAK11,1.0
MAWWAK05,MAWWAK09,1.0
MAWWAK05,MAWWAK12,1.0
MAWWAK08,MAWWAK09,1.0
MAWWAK08,MAWWAK12,1.0
MAWWAK08,MAWWAK11,1.0
MAWWAK09,MAWWAK12,1.0
MAWWAK11,MAWWAK12,1.0
MAXDUM,MAXDUM01,1.0
MAXDUM,OXUPIH,0.8999999761581421
MAXDUM01,OXUPIH,0.8999999761581421
MAXDUM01,YAYPAR,0.8999999761581421
MAXDUM01,YAYPEV,0.8999999761581421
MAXFAU,TOBHAT,0.8999999761581421
MAXFAU,MAXGAV,0.8999999761581421
MAXFAU,TAJQAY,0.8999999761581421
MAXFAU,TAJQEC,0.8999999761581421
MAXFEY,OXUPIH,0.8999999761581421
MAXFEY,UXUWOB,0.8999999761581421
MAXFEY,UXUYOD,0.8999999761581421
MAXFIA,XAYMUF,1.0
MAXFOI,TAJQEC,0.8999999761581421
MAXFOI,MAXGAV,0.8999999761581421
MAXFOI,MAXGEZ,0.8999999761581421
MAXFOI,XANBOE,0.8999999761581421
MAXFUO,XANBOE,0.8999999761581421
MAXFUO,UXUYOD,0.8999999761581421
MAXFUO,MAXGUP,0.8999999761581421
MAXGAV,OXUPIH,0.8999999761581421
MAXGEZ,MAXGOJ,0.8999999761581421
MAXGEZ,XANBOE,0.8999999761581421
MAXGID,UXUWOB,0.8999999761581421
MAXGID,WIVKIX,0.8999999761581421
MAXGOJ,YAYPAR,0.8999999761581421
MAXGOJ,UXUWOB,0.8999999761581421
MAXGOJ,UXUYOD,0.8999999761581421
MAXHIE,MAXHOK,0.8999999761581421
MAXHIE,MAXKAZ,0.8999999761581421
MAXHIE,MAXJIG,0.8999999761581421
MAXHIE,MAXJOM,0.8999999761581421
MAXHOJ02,VEWHIQ,0.8999999761581421
MAXHOJ02,MELHOB,0.8999999761581421
MAXHOK,MAXKAZ,0.8999999761581421
MAXHOK,MAXJIG,0.8999999761581421
MAXHOK,MAXJOM,0.8999999761581421
MAXJEC,MAXJIG,0.8999999761581421
MAXJIG,MAXJOM,0.8999999761581421
MAXJIG,MAXKAZ,0.8999999761581421
MAXJOM,MAXKAZ,0.8999999761581421
MAZJAY,ZUVTEP,0.8999999761581421
MAZJAY,ULUPUM01,0.8999999761581421
MAZJAY,URXDAC10,0.8999999761581421
MEBMEM01,WOHDED,0.8999999761581421
MECWEX,OFERUN09,1.0
MECWEX,YUDWAX,1.0
MECWEX,YUDWEB,1.0
MECWIB,YORCEP,1.0
MEFHUC,TOBKEC,0.8181818127632141
MEFYUT,RAHBUZ,1.0
MEFZUU,VEJHEZ,0.8999999761581421
MEFZUU,VEJHID,0.8999999761581421
MEGNIX,QITDOO,1.0
MEGNIX,VUXGOM,0.8999999761581421
MEGNIX,TOWMUP,0.8999999761581421
MEGNOD,MEGPIZ,0.8999999761581421
MEGNOD,MEGPAR,0.8999999761581421
MEGNOD,MEGQAS,0.8999999761581421
MEGPEV,YAJNEF,0.8999999761581421
MEGPIZ,SARMEE,1.0
MEGPIZ,SETFUT,0.8999999761581421
MEGQAT,QOVWOO,1.0
MEGVAY,ZZZDZA02,1.0
MEHMET,RUVKAV,0.9571428894996643
MEHMET,SEMNEF,0.8560000061988831
MEKVAA,MICDIL,1.0
MELHOB,VEWHIQ,0.8999999761581421
MELJET,MELJET02,1.0
MELJET01,MELJET02,1.0
MELJET01,MOGNAY,0.8999999761581421
MEMCEP,YUSWIU,0.8999999761581421
MEMCEP,YUSWEQ,0.8999999761581421
MEMCUF,ROLCEC15,1.0
MEMGAN,MURCEH,1.0
MEMGAN,VITKUG,1.0
MEMGAN,PORVID,1.0
MEMGAN,YIQSOH,1.0
MEMGAN,OXIXIE,0.8999999761581421
MEQKOL,YICREI,0.8999999761581421
MEQPEG,ZESNAP,0.8999999761581421
MEQPEG,ZESMUI,0.8999999761581421
MEQPEG,ZESNOD,0.8999999761581421
MEQPEG,ZESPEV,0.8999999761581421
MERBOD,YACSAY,0.8999999761581421
MESBAN,SIRTEV,0.8999999761581421
MESGEX,OJANAO,0.8999999761581421
MESGEX,YIQBEF,0.8999999761581421
MESGEX,YIQBEF01,0.8999999761581421
MESTAG,OHEGAJ,1.0
MESTAG,WECBEN,1.0
MESTAG,XIYYEL,1.0
MESTAG,SEYQIW,1.0
METHAX,RUXWEM,1.0
METHAX,REPCIZ,1.0
METHAX,RUXWEM01,1.0
METHAX,RUXWEM03,1.0
METJIH,WETBAB,1.0
METJIH,OFIDUD,1.0
METJIH,OGESUP,1.0
METJIH01,OFIDUD,1.0
METJIH01,OGESUP,1.0
METJIH01,WETBAB01,1.0
METJIH01,SOWXEJ,0.8999999761581421
METYIU,NEHZIK,0.8999999761581421
MEWNAD,NIHDUD,1.0
MEWNAD,NACKUZ,0.8999999761581421
MEXYUM,WAYKAK,0.8999999761581421
MEYDUP,REXBED,1.0
MEYFOL,QUQSIG,1.0
MEYFOL,MEYFUR,0.8999999761581421
MEYFUR,MEYGAY,0.8999999761581421
MEYFUR,REXBED,0.8999999761581421
MEZSAL,NEMXUB,0.8999999761581421
MEZSAL,POPQIW,0.8999999761581421
MEZSAL,WINJUY,0.8999999761581421
MGFORD,XEHSAF,1.0
MGFORD,SIWZOP03,1.0
MGFORD01,XEHSAF,1.0
MGFORD01,SIWZOP03,1.0
MGFORD02,XEHSAF,1.0
MGFORD02,SIWZOP03,1.0
MGFORD03,XEHSAF,1.0
MGFORD03,SIWZOP03,1.0
MIBMER,TOWNEA,1.0
MIBMER,XAYDOT,1.0
MIBMER,SAQQEH,0.8999999761581421
MIBQAR01,TEPWOD,0.8999999761581421
MICDEJ,YINCOP,1.0
MICDEJ,YINCEF,1.0
MICDEJ,YINCUV,1.0
MICDEJ,YINDOQ,1.0
MICDEJ,YINCIJ,1.0
MICDEJ,YINDAC,1.0
MICDEJ,YINDAC01,1.0
MICDEJ,YINDAC02,1.0
MICDOR,MICFAF,0.8999999761581421
MICDOR,NASCAN,0.8999999761581421
MICDOR,UHOYIZ,0.8999999761581421
MICDUX,XIGFEY,1.0
MICFAF,NASCAN,1.0
MICFAF,UHOYIZ,0.8999999761581421
MIFFAJ,MIFFAJ01,1.0
MIFFAJ01,SIWGUB,0.8999999761581421
MIFGEP,YAYQOH,1.0
MIFGEP,MIFGEP01,1.0
MIFKUJ,QEDZEG,1.0
MIFKUJ,TONQOD,1.0
MIFLIY,OFOQUY,0.8999999761581421
MIFPUO,YOYNOR,1.0
MIFPUO,YOYNUX,1.0
MIFPUO,YOYPAF,1.0
MIFQIE,YEXCOW,1.0
MIFQIE,YICPEI,1.0
MIFQIE,YEXCUC,1.0
MIGVED,NOFQEG,0.8999999761581421
MIHHIU,MIHHOA,1.0
MIHHIU,MIHHUG,1.0
MIHHIV,RIPNUB,1.0
MIHHOA,MIHHUG,1.0
MIHWAE,SARHAW,1.0
MIHWAE,WOPSOL01,1.0
MIJFIU,PERMEH,1.0
MIJHOD,QIWPET,1.0
MIJHOD,OXIXIE,0.8999999761581421
MIJHOD,WEMGAY,0.8999999761581421
MIKVEK,ONIXOZ,1.0
MIKVEK,ORAWAH,1.0
MILROQ,NUCBOE,0.8999999761581421
MIMBOC,MIMBUI,0.8999999761581421
MIMBOC,MIMFUM,0.8999999761581421
MIMBOC,MIMCAP,0.8999999761581421
MIMBOC,MIMCIX,0.8999999761581421
MIMCAP,MIMCIX,0.8999999761581421
MIMCAP,MIMCUJ,0.8999999761581421
MIMCAP,MIMFUM,0.8999999761581421
MIMCIX,MIMCUJ,0.8999999761581421
MIMCUJ,MIMFUM,0.8999999761581421
MIMRAB,WORLAS,1.0
MIMRAB,YICGID,0.8999999761581421
MIMRAB01,WORLAS,1.0
MIMRAB01,WORKUL,1.0
MIMVEJ,XALXIS,1.0
MIMVEJ,XALXIS01,1.0
MINCET,MINDAQ,1.0
MINCET,MINCUJ,1.0
MINCET,MINCOD,1.0
MINCIX,MINDAQ,1.0
MINCIX,MINCUJ,1.0
MINCIX,MINCOD,1.0
MINCOD,MINDAQ,1.0
MINCOD,MINCUJ,1.0
MINCUJ,MINDAQ,1.0
MINFIB,PEFWEF,1.0
MINFIB,NAXTAI,1.0
MINFIB,MINNEF,0.8999999761581421
MINKAX,MINKEB,1.0
MINKAX,TELMII01,1.0
MINKAX,TELMII,1.0
MINKEB,TELMII01,1.0
MINKEB,TELMII,1.0
MINKUR,TELMII,0.8999999761581421
MINLON,YESZEE,1.0
MINLON,YESZAA,1.0
MINMAA01,YESZEE,1.0
MINMAA01,YESZAA,1.0
MINMAA01,YESYUT,1.0
MINMAA01,YESZII,1.0
MINNEF,TIGZAN,0.8999999761581421
MINQIK,MINQOQ,0.8999999761581421
MINVUA01,RICHIV,0.8999999761581421
MINVUA02,QALGUH,1.0
MINVUA02,REZXEA,1.0
MINVUA02,YEDKOI,1.0
MIQCUL,USAYOE,0.8999999761581421
MIQCUL,ZEFSEK,0.8999999761581421
MIQKUT,RUPVAB,1.0
MIQLAA,RUPVAB,1.0
MIQLEE,RUPVAB,1.0
MIQLII,RUPVAB,1.0
MIQSAJ,XANLOP,1.0
MIQXIW,NIMXAK,0.8999999761581421
MIRLUU,NATQUW,1.0
MIRLUU,SAZPUH,1.0
MISQAH,XESFIL,1.0
MITGIF,NATREH,0.8999999761581421
MITGIF,NATRAD,0.8999999761581421
MITGIF,YAQZUN,0.8999999761581421
MITGOL,QETSOY01,1.0
MITSAK,PARKUQ01,1.0
MITSEO,PARKUQ01,1.0
MITSEO,PEXTUI,1.0
MITSIS,PARKUQ01,1.0
MITSIS,PUNDUY,1.0
MITSIS,QISNAJ,1.0
MITSIS,QISNEN,1.0
MITSIS,QISNIR,1.0
MITSUE,PARKUQ01,1.0
MITSUE,PARKUQ,1.0
MIVFEE,TEYLUH,1.0
MIVFEE,TEYMES,1.0
MIVFII,MIVFOO,1.0
MIVFUU,TEDHAN,1.0
MIVMUA,XEVMIU,0.8999999761581421
MIVMUA,XEVMUG,0.8999999761581421
MIVMUA,XEVMUG01,0.8999999761581421
MIVWEU,YEVQUM,1.0
MIVWEU,MIYHAE,1.0
MIVWEU,YEYVOO,1.0
MIXBEC,PEWLUA,0.845714271068573
MIXBEC,REWNEO01,0.845714271068573
MIXBEC,PODKUQ,0.8105263710021973
MIXXOI,WIVFUD,1.0
MIXXOI,WEWFIQ,1.0
MIXXOI,WIVGAK,1.0
MIYGIL,PINFOK,0.8999999761581421
MIYGIL,PINFOK02,0.8999999761581421
MIYGUX,NOFQEG,1.0
MIYHAE,YEYVOO,1.0
MIYHAE,TUKYIJ,1.0
MIZJUB,VURMOL,1.0
MIZJUB,QAWRIQ,0.8999999761581421
MIZQOB,YEBLAT,1.0
MNMLTH,SENNIJ,1.0
MNMLTH,SEJSOQ,1.0
MNMLTH,QUQSIG,0.8999999761581421
MOBBOU,RORQOE,0.8999999761581421
MOBBOU,OWIVEW,0.8999999761581421
MOBDIR,MOFGOE,1.0
MOBDIR,WEMFUR,0.8999999761581421
MOCKAR,TOVGUI,0.8999999761581421
MOCKEV,XIJSUH,1.0
MOCKEV,OFOCUI,1.0
MOCKEV,PIDRAY,0.7428571581840515
MODBOX,MUCNEE,1.0
MODBOX,WEMRIS,1.0
MODBOX,SUHHOT,1.0
MODBOX,MUCNEE01,1.0
MODJOG,VOVKUO,1.0
MODJOG,YAQZUN,1.0
MODJOG,YAQZAT,1.0
MODJOG,UVEXAV,0.8999999761581421
MODWUX01,REQKEF,1.0
MODWUX01,SIBJAP,0.8999999761581421
MOFDUI,TAPVUC,0.8999999761581421
MOFDUI,MOFFOE,0.8999999761581421
MOFDUI,MOFFIY,0.8999999761581421
MOFFES,YUCZOM,1.0
MOFFES,XEDGOC01,0.8999999761581421
MOFFIY,TAPVUC,0.8999999761581421
MOFFIY,MOFFOE,0.8999999761581421
MOFFOE,TAPVUC,0.8999999761581421
MOFGOE,WEMFUR,0.8999999761581421
MOFTIL01,MOFTIL02,1.0
MOFTIL01,NUCRIN01,1.0
MOFTIL01,WENDIE,1.0
MOFTIL02,NUCRIN01,1.0
MOFTIL02,WENDIE,1.0
MOFTUY,MOFVAG,1.0
MOFTUY,PECKAM,0.8999999761581421
MOFTUY,URUFOE,0.8999999761581421
MOFVAG,PECKAM,0.8999999761581421
MOFVAG,MUNLEN,0.8999999761581421
MOFWEL,VAYFAE,0.8999999761581421
MOFWEL,XOGWUN,0.8999999761581421
MOGVEK,WEYDEM,1.0
MOGVEK,PEQLAZ,1.0
MOHHAT,ZUMNAY,0.8999999761581421
MOHLIF,TOWPAY,0.8999999761581421
MOHLIF,RIDCEN,0.8999999761581421
MOHLIF,VALWOX,0.8999999761581421
MOHSEJ,PIJYOZ,0.8999999761581421
MOJPAE,TEHCAM,1.0
MOJPAE,ZIDDIB,0.8999999761581421
MOKZOC,MOKZOC01,1.0
MOKZOC,VASFIH,0.8999999761581421
MOLQEL,UFOFUT,1.0
MOLQEL,UFAMUM,1.0
MOLQEL,SITCUW,1.0
MOLQEL,SITDEH,1.0
MOLQEL,TEYHIR,1.0
MOLTAJ,MOLTEN,0.925000011920929
MOLTAJ,WAVCAX,0.8999999761581421
MOLTEN,SOWYEK01,0.8999999761581421
MOLTIR,YIXZIQ,1.0
MOLTIR,SAXYOH,1.0
MOMRIR,RISTEU,1.0
MONPAI,VUNJAR,0.8999999761581421
MOSBIG,XOKJUD,1.0
MOSBIG,VIWNAR,0.8999999761581421
MOWQOF,SINLAE,1.0
MOWQOF,XEDGOC01,0.8999999761581421
MOWQOF01,SINLAE,1.0
MOXDEJ,WIMWEW,1.0
MOXDEJ,XADDOX,1.0
MOXDEJ,XADDUD,1.0
MOXDEJ,WEMFUR,0.8999999761581421
MOXDIN,VAKREG,1.0
MOXDIN01,VEGMIE,1.0
MOXDIN01,VEGMIE01,1.0
MOXDOT,XAPMUY,0.8999999761581421
MOXNIY,VITJUF,1.0
MOXNUJ,MOXPEV,1.0
MOXNUJ,QULMUG,1.0
MOXNUK,YIGJEG,1.0
MOXNUK,YIGJUW,1.0
MOXNUK,YIGJOQ,1.0
MOXNUK,NOFDUI,1.0
MOXPIZ,MOXPOF,1.0
MOXPIZ,QULMUG,0.7839999794960022
MOXPOF,QULMUG,0.7839999794960022
MOYBIL,REQCAU,0.8999999761581421
MOYBIL,WUJGAJ,0.8999999761581421
MOYBIL,ZIZTEJ,0.8999999761581421
MOYMET,OPOCEC,0.8999999761581421
MOYMET,PIFXOU,0.8999999761581421
MOYMET,SIDCAL,0.8999999761581421
MOYNEU,MOYNIY,0.8999999761581421
MOZFIR,ODAJIO,0.8999999761581421
MOZFIR,XAHZAI,0.8999999761581421
MOZFIR,ORIHIH,0.8999999761581421
MUCNAA,UVEXAV,0.8999999761581421
MUCNAA,PAYTAM,0.8999999761581421
MUCNEE,WEMRIS,1.0
MUCNEE,ORIHIH,1.0
MUCNEE,SUHHOT,1.0
MUCNEE01,WEMRIS,1.0
MUCNEE01,ORIHIH,1.0
MUCNEE01,SUHHOT,1.0
MUDJAW,TUCQAK,1.0
MUDJAW,RUXXAJ01,0.8999999761581421
MUDJAW,SEGVAD,0.8999999761581421
MUDJAW,PRIMIN,0.8999999761581421
MUDTAH,VUJBEI,1.0
MUDTEL,VUJBIM,1.0
MUDTEL,UVEVUN,0.7839999794960022
MUFSOX,XAYKOA,0.8999999761581421
MUFSOX,XEKYOE,0.8999999761581421
MUFSOX,PARBIW,0.8999999761581421
MUFSOX,SEKQEH,0.8999999761581421
MUFXUI,UBUPEO,0.8999999761581421
MUFXUI,UGUHEK,0.8999999761581421
MUFXUI,NEBSAR,0.8999999761581421
MUFXUI,UGUHAG,0.8999999761581421
MUFYAP,UBUPEO,0.8999999761581421
MUFYAP,UGUHAG,0.8999999761581421
MUFYAP,UBUPAK,0.8999999761581421
MUGGIF,QUJHIN,0.8999999761581421
MUGHED,TITBUV,1.0
MUGHED,QANSUV,0.8999999761581421
MUGQAI,RANLAV,0.9526315927505493
MUGXIX,XISDIO,1.0
MUHQAH,WAYWAW,1.0
MUHQAH,UYIXEG,0.8999999761581421
MULQOA,VERQOZ01,0.8999999761581421
MULQOA,PEGQAV,0.8999999761581421
MULQOA,WEMCIC,0.8999999761581421
MULXOH,RICHAN,1.0
MULXOH,RICHIV,1.0
MULXOH,RIHJIC,1.0
MUNDOQ,SEQSIS,0.8999999761581421
MUNDOQ,SEQSEO01,0.8999999761581421
MUNDOQ,SEQSUE,0.8999999761581421
MUNLAJ,PUGFII,0.8999999761581421
MUNNEP01,OFIYUY,1.0
MUNNEP01,OFIZAF,1.0
MUPKUF,WABJAM,1.0
MUPKUF01,WABJAM,1.0
MUPKUF02,WABJAM,1.0
MUPKUF03,WABJAM,1.0
MUPLIT,QAPPON,0.8999999761581421
MUPLIT,QAPPUT,0.8999999761581421
MUPLOA,OLIHOH,0.8999999761581421
MUPRUL,QUMGAI,0.8999999761581421
MUPRUL,TACPAP,0.8999999761581421
MUPRUL,RUQSAX,0.8999999761581421
MUPYUS,VIWPAT,0.8999999761581421
MUQSEW,WAVCAX,0.925000011920929
MUQSIA,NEXRAM,0.8999999761581421
MUQSIA,RUBJOO,0.8999999761581421
MUQSOG,XEYPAU,0.8999999761581421
MUQSOG,ZIZTIN01,0.8999999761581421
MUQYEE,OWIJEL,1.0
MUQYEE,OWIJAH,1.0
MUQYEE,YAZFOW,1.0
MUQZEE,VUKKET,1.0
MUQZEE,PENLEB,0.8999999761581421
MUQZEE,XEGREJ,0.8031250238418579
MUQZII,NASGIZ,1.0
MUQZII,NASGIZ01,1.0
MURBEI,OWIJEL,1.0
MURBEI,OWIJAH,1.0
MURBEI,YAZFOW,1.0
MURBEI,TONKEN,1.0
MURCEH,VITKUG,1.0
MURCEH,PORVID,1.0
MURCEH,VITKOA,1.0
MURCEH,XOJZEC,1.0
MURTUO,RANZAI,0.8999999761581421
MURTUO,RAGCOS,0.8999999761581421
MUSCIN,YOZQEK,0.8999999761581421
MUSCIN,YURKEC,0.8999999761581421
MUTZUX,VEGXIQ,0.8999999761581421
MUTZUX,OVIHOR03,0.8999999761581421
MUTZUX,VEGXUC,0.8999999761581421
MUWRIH,WEJPOT,0.8999999761581421
MUWRIH,MUWRUT,0.8999999761581421
MUWRUT,WEJPOT,0.8999999761581421
MUXHOD,WUVMAB04,1.0
MUXHOD,WUVMAB03,1.0
MUXHOD,YOXXUG,1.0
MUXVIM,OKELOH,0.8999999761581421
MUXVIM,UMARIL,0.8999999761581421
MUZKAU,TILFUQ,0.8999999761581421
MUZKAU,SIVJAI,0.8999999761581421
MUZKAU,SIVJAI01,0.8999999761581421
NABCIE,OHAQAQ,0.8999999761581421
NABCIE,NIMTAE,0.8999999761581421
NABLIM,ODOXEK,1.0
NABLIM,PEXTUI,1.0
NABLIM,TOKDON,1.0
NABMUA,NABMUA01,1.0
NACKOT01,XOCROY,0.8999999761581421
NACKUZ,ZOMKAP,0.8999999761581421
NACKUZ,XOCROY,0.8999999761581421
NACYAS,XOVQUU01,0.8999999761581421
NACYAS,POQXOJ,0.8999999761581421
NADZID,SEHTEF,1.0
NAFGOR,NAFGOR01,1.0
NAFGOR,SIWHOY,1.0
NAFGOR,SIWJEQ,1.0
NAFGOR01,OWIGOR,1.0
NAFORM,PADKIP10,0.8999999761581421
NAFQIV,ULUPUM,1.0
NAFQIV,ULUPUM01,1.0
NAFSOF,QOWRAV04,1.0
NAFTOG,NAFTUM,0.8999999761581421
NAFTUM,NAFWOJ,0.8999999761581421
NAFUMA11,NAFUMA14,1.0
NAFUMA11,NAFUMA15,1.0
NAFUMA11,NAFUMA13,1.0
NAFUMA13,NAFUMA14,1.0
NAFUMA13,NAFUMA15,1.0
NAFUMA13,PIZPOD,0.8999999761581421
NAFUMA14,NAFUMA15,1.0
NAFUMA14,PIZPOD,0.8999999761581421
NAFWEZ,SAPQOS,0.8999999761581421
NAFWEZ,SAPRAF,1.0
NAFWEZ,SAPQUY,0.8999999761581421
NAFYEA,VUHJAK,0.8999999761581421
NAFYEA,UDOVOA,0.8999999761581421
NAFYEA,UDOVUG,0.8999999761581421
NAGBOO,SIYGOZ,0.8999999761581421
NAGBOO,SIYGAL,0.8999999761581421
NAGBOO,OLURUI01,0.8999999761581421
NAGKEO,TOWMEZ,0.8999999761581421
NAGKOY,VAWCED,1.0
NAGKOY,VAWCAZ,1.0
NAGQET,NAGQOD,1.0
NAGROF,QUJHIN,0.8147058486938477
NAGRUL,XEVXUT,0.8031250238418579
NAHBAC,RAPBEP01,1.0
NAHBAC,WUVGOL,1.0
NAHBAC,RAPBEP,1.0
NAHCIT02,YUDDUX,1.0
NAHCIT02,ORONOA,0.8999999761581421
NAHGUB,PAXKEH,0.8999999761581421
NAHNLA10,RENQIK,0.8999999761581421
NAHQAQ,NAHQEU,1.0
NAHQAQ,NAHQOE,0.8999999761581421
NAHQIY,VIMNEN,1.0
NAHQIY,RAYJOT,0.8999999761581421
NAHQOE,NAHQUK,0.8999999761581421
NAHQOE,RAYJOT,0.8999999761581421
NAHQUK,UQUMID,1.0
NAJQOH,NAJQUN,1.0
NAJQUN,YOCDUR,0.8999999761581421
NAJTAW,NAJTEA,0.8999999761581421
NAJTAW,OKOSUE,0.8999999761581421
NAJTEA,OKOSUE,0.8999999761581421
NAKYUV,PUFXIY,0.8999999761581421
NAKYUV,PURQEZ,0.8999999761581421
NAKYUV,NUSSEA,0.8999999761581421
NALWOO,WOQRUR,1.0
NALYEG,NIGGEQ,0.8999999761581421
NAMDOV,OHIHUJ,1.0
NAMDUD,OHUKIM,0.8999999761581421
NAMKAO,NUZSOR,1.0
NANYUX,RIFDUG01,1.0
NANYUX01,RIFDUG01,1.0
NANYUX01,REGREC,1.0
NANYUX01,RUPVAB,1.0
NANYUX02,RIFDUG01,1.0
NANYUX03,RIFDUG01,1.0
NANZOS,YELYOE,0.8999999761581421
NAOXAL,NAOXAL07,1.0
NAOXAL,NAOXAL13,1.0
NAOXAL,NAOXAL08,1.0
NAOXAL03,NAOXAL13,1.0
NAOXAL03,NAOXAL08,1.0
NAOXAL04,NAOXAL13,1.0
NAOXAL04,NAOXAL08,1.0
NAOXAL05,NAOXAL13,1.0
NAOXAL05,NAOXAL08,1.0
NAOXAL06,NAOXAL13,1.0
NAOXAL08,NAOXAL13,1.0
NAOXAL09,NAOXAL13,1.0
NAOXAL10,NAOXAL13,1.0
NAOXAL11,NAOXAL13,1.0
NAOXAL12,NAOXAL13,1.0
NAOXAL12,NAOXAL14,1.0
NAOXAL12,NAOXAL18,1.0
NAOXAL18,WEMBUN,0.8999999761581421
NAPFUG,TETYAV,1.0
NAPFUG,VAXKIR,1.0
NAPSUV,XICKOL,0.9624999761581421
NAPZOV,TOJWEV,0.8999999761581421
NAPZOV,TOJWIZ,0.8999999761581421
NARPOO,NARPUU,0.8999999761581421
NARPUU,YUDMIU,0.8999999761581421
NARPUU,PAMGIV,0.8999999761581421
NARTUX,SETVOF,0.8999999761581421
NASCAN,UHOYIZ,0.8999999761581421
NASGIZ,PANYEK,1.0
NASGIZ,ROCZOA,1.0
NASGIZ,ROCZUG,1.0
NATKOL,QAGDIO,0.79749995470047
NATQUW,SAZPUH,1.0
NATREH,NATREH01,1.0
NATREH,NATREH02,1.0
NATREH01,NATREH02,1.0
NATXEN,VASFAZ,1.0
NATXEN,OHIZIO,0.8999999761581421
NATXEN,QAHREY,0.8999999761581421
NATXIR,VASFIH,1.0
NAVBAQ01,ZAZVEE,0.8526315689086914
NAVJAW01,VAMQUY,1.0
NAVJAW01,QOWLEU,1.0
NAVJAW01,VAMPOR,1.0
NAVLIG,QAGTOH,1.0
NAVLIG,RULVUP,1.0
NAVLIG,XEDXOW,0.8999999761581421
NAVYOA,WEMDOJ,1.0
NAVYUG,WEMDUP,1.0
NAWHOL,NAWHOL01,1.0
NAWHOL,XEDKOJ,0.8999999761581421
NAWKII,YICGID,0.8999999761581421
NAXKOO01,TEPJAB,1.0
NAXSUB,YAJMUU,1.0
NAXSUB,SUZXES,1.0
NAXTAI,PEFWAB,1.0
NAXTAI,PEFWEF,1.0
NAXVOY03,XEHRUY,1.0
NAYZOE,XEBHOC,1.0
NAYZOE,XAWVUN,1.0
NAYZUK,NAZBAT,1.0
NAYZUK,QATLEE,0.8999999761581421
NAYZUK,QITDOO,0.8999999761581421
NAYZUK,WOJJOV,0.8999999761581421
NAZBAT,QATLEE,0.8999999761581421
NDAIAH,ZETQIA,1.0
NDAIAH,PRIMIN,0.8999999761581421
NDAIAH,SEGVOR,0.8999999761581421
NDAIAH,TISWEZ,0.8999999761581421
NEBPOB,NEBPUH,1.0
NEBPOB,NEBQES,1.0
NEBPOB,NEBQAO,1.0
NEBPOB,XUGREY,0.8999999761581421
NEBPUH,NEBQES,1.0
NEBPUH,NEBQAO,1.0
NEBPUH,XUGREY,0.8999999761581421
NEBQAO,NEBQES,1.0
NEBQOD,REXYAX,1.0
NEBSAR,UGUHAG,0.8999999761581421
NEBSAR,UGUHEK,0.8999999761581421
NEBTAS,TOFQEM,1.0
NEBTAS,UMAQAC,1.0
NEBTIA,XADHER,0.8999999761581421
NEFTUP,VUMCEM,1.0
NEFTUP,TUJBIL,0.8999999761581421
NEFTUP,OHIHIX,0.8999999761581421
NEGQIC,YEMSOB,0.8999999761581421
NEGQIC,YEMRIU,0.8999999761581421
NEGQIC,YEMRUG,0.8999999761581421
NEGQIC,YEMROA,0.8999999761581421
NEGQIC,YEMSAN,0.8999999761581421
NEGQIC,YEMSIV,0.8999999761581421
NEHGEO,NEHGIS,1.0
NEHZAE,YAXBOP,1.0
NEHZAE,SETQEP,1.0
NEHZOS,ZOFDUV,1.0
NEHZUY,ZOFDUV,1.0
NEJYUY,OKANOF,0.8999999761581421
NEKYIN,ZEKKOR,0.8999999761581421
NEKYIN,UZOFOF,0.8999999761581421
NEKYIN,YOWPIK,0.8999999761581421
NELRAY,RESWUI02,1.0
NELREC,RESWUI02,1.0
NELREC,QIVKEL,1.0
NELREC,QIVKEL01,1.0
NELVEG,ODOJUN,1.0
NELVEG,SIJPUX,0.8999999761581421
NEMSOP,SOQSAU01,0.8999999761581421
NEMSOP,SUTBUF,0.8999999761581421
NEMSOP,SUTBOZ,0.8999999761581421
NEMXEL,PETFEC,1.0
NEMXEL,OFIDOX,0.8999999761581421
NEMXEL,WINJOS,0.8999999761581421
NEMXUB,YAWKOX,1.0
NEMXUB,NEYHIJ,0.8999999761581421
NENHAQ,PIJJEZ,1.0
NEQTIP,VUKTOM,1.0
NEQTIP,TEPJOP,0.8999999761581421
NEQTIP,ZEFRUZ,0.8999999761581421
NEQZAN,PIXLUG,0.8999999761581421
NEQZAN,PIXLOA,0.8999999761581421
NEQZAN,SAZPIV,0.8999999761581421
NERCOE,SAKDEQ,1.0
NERMON,RESWUI02,1.0
NERVAJ,PURSIG,1.0
NERVAJ,NERVEN,0.8999999761581421
NERVAJ,PURSAY,0.8999999761581421
NERVAJ,PURRUR,0.8999999761581421
NERVAJ,PURSEC,0.8999999761581421
NERVEL,VOCKUT,1.0
NERVEL,NERVIP,1.0
NERVEL,NERVIP01,1.0
NERVEL,NERVOV,1.0
NERVEN,PURRUR,1.0
NERVEN,PURSAY,0.8999999761581421
NERVEN,SAJDIT,0.8999999761581421
NERVIP,VOCKUT,1.0
NERVIP01,VOCKUT,1.0
NERVIP01,WOPWOP,1.0
NERVOV,VOCKUT,1.0
NETYET,QAPYOY,1.0
NETYET,SITDAD,1.0
NETYIX,QAPYOY,1.0
NETYIX,SITDAD,1.0
NEVDUQ,UNEJEE,0.8590908646583557
NEVJIJ,WEFDES,0.8999999761581421
NEVKUX,NEVSUF04,1.0
NEVSUF03,NEVSUF04,1.0
NEVSUF03,NEVSUF08,1.0
NEVTIU02,NEVWOD,1.0
NEVTIU02,NEVTIU03,1.0
NEVTIU02,NEVTIU07,1.0
NEVTIU03,NEVTIU07,1.0
NEVVAM,QIRYAS,1.0
NEVVIU,QIRYAS,1.0
NEVVIU,TEQNUZ,0.8999999761581421
NEVVIU01,QIRYAS,1.0
NEVVIU01,NIPWIT,0.8999999761581421
NEVVIU01,NIPWIT01,0.8999999761581421
NEVVIU02,QIRYAS,1.0
NEWPUB,NEWPUB01,1.0
NEWPUB01,NEWPUB02,1.0
NEXRAM,ZIVBUD,0.8999999761581421
NEXRAM,XOJLAK,0.8999999761581421
NEYHIJ,POPQIW,0.8999999761581421
NEYHIJ,WINJOS,0.8999999761581421
NEYYUN,WUZYUM,0.8999999761581421
NEYZAU,SIXPOG,0.8999999761581421
NEYZAU,WUZYUM,0.8999999761581421
NEZPOA,OTAQAD,0.8999999761581421
NEZPOA,SOJGOO,0.8999999761581421
NEZPOA,VETVAS,0.8999999761581421
NEZWOG01,OPUFAH01,0.8999999761581421
NEZWOG01,QUTNID,0.8999999761581421
NEZWOG01,SOGXES,0.8999999761581421
NIBRUN,NIBSAU01,1.0
NIBRUN,PATPEH,0.8999999761581421
NIBSAU,RUVMIF,0.8999999761581421
NIBSAU01,PATPEH,0.8999999761581421
NIBSAU01,PATPOR,0.8999999761581421
NICOPB01,NICOPB03,1.0
NIDFEN,QIKTUC,1.0
NIDFOX,POTREX,1.0
NIDFOX,XALMII,1.0
NIFNOI,SEFTUU,1.0
NIFNOI,NIFNUO,1.0
NIFNOI,NIFPIE,1.0
NIFORM02,ZZZVMQ03,0.8999999761581421
NIFPOK,OFERUN,1.0
NIFPOK,OFERUN04,1.0
NIFPOK,OFERUN08,1.0
NIFQAX,OFERUN,1.0
NIFQAX,OFERUN04,1.0
NIFQAX,OFERUN08,1.0
NIFQAX,SEFTOO,1.0
NIFQAX,SEFTUU,1.0
NIFQAX,SEFVAC,1.0
NIFQAX,SEFVEG,1.0
NIFQAX,SEFVEG02,1.0
NIFQAX,SEFWAD,1.0
NIFQAX,SEFWEH,1.0
NIFQIF,TUDJIM,1.0
NIFQIF,TUDJOS,1.0
NIFQIF,TUDJUY,1.0
NIFQIF,TUDKAF,1.0
NIFQIF,TUDKEJ,1.0
NIFQOL,TUDHUW,1.0
NIFQOL,TUDJAE,1.0
NIFREC,OFERUN,1.0
NIFREC,OFERUN04,1.0
NIFREC,OFERUN08,1.0
NIGDIS,TEKYOA,1.0
NIGFOZ,YATTUK,1.0
NIGFOZ,SEHSII,1.0
NIGFUF,RIBRAY,1.0
NIGGIU,SEHTAB,1.0
NIGGIU,SADLIU,1.0
NIGHOA,QISJEJ,0.8999999761581421
NIGHOA,XAMDOF,0.8999999761581421
NIGNUO,WONJUG,0.8999999761581421
NIGPOL,OMOFED02,1.0
NIGPOL,OMOFED03,1.0
NIGPOL,NIGPOL01,1.0
NIGPOL,OMOFED,1.0
NIGPOL01,OMOFED03,1.0
NIHBAI,NUDPAE,1.0
NIHBAI,NIHBIQ,1.0
NIHBAI,SANLOK,1.0
NIHBAI01,NIHBIQ,1.0
NIHBAI01,SANLOK,1.0
NIHBAI02,NIHBIQ,1.0
NIHBAI02,SANLOK,1.0
NIHBAI02,RATCUL01,1.0
NIHBAI02,RATCUL02,1.0
NIHBAI02,RATCUL03,1.0
NIHBEM,NIHBIQ,1.0
NIHBEM,SANLOK,1.0
NIHBEM,RATCUL01,1.0
NIHBEM,RATCUL02,1.0
NIHBEM,RATCUL03,1.0
NIHBEM02,NIHBIQ,1.0
NIHBEM02,SANLOK,1.0
NIHBEM02,NIHBIQ01,1.0
NIHBEM02,NIHBIQ02,1.0
NIHBIQ,SANLOK,1.0
NIHBIQ01,SANLOK,1.0
NIHBIQ02,SANLOK,1.0
NIHDEQ,UFUNIS,1.0
NIHDEQ,VOJPUG01,1.0
NIHDEQ,UFUMUD,1.0
NIHDEQ,UFUMUD01,1.0
NIHDEQ,UFUMUD02,1.0
NIHDEQ,UFUNAK,1.0
NIHDEQ,UGEPEB,1.0
NIHDEQ,UGEPEB01,1.0
NIHDEQ,SAHDAH,0.8999999761581421
NIJZIR,UNEJEE,0.8181818127632141
NIKHOF,OTABES,0.8999999761581421
NIKHOF,OTIBUQ,0.8999999761581421
NIKHUL,NIKJAT,0.8999999761581421
NIKHUL,OTIBUQ,0.8999999761581421
NIKHUL,VETVAS,0.8999999761581421
NIKJEX,NIKJIB,0.8999999761581421
NIKJIB,NIKKIC,1.0
NIKJIB,VETVAS,0.8999999761581421
NIKJIB,ZIYWIQ,0.8999999761581421
NIKKIC,VETVAS,0.8999999761581421
NIKKIC,ZIYWIQ,0.8999999761581421
NIKPUV,NIKQAC,1.0
NIKPUV,NIKQIK,1.0
NIKPUV,WAMREJ,0.7899999618530273
NIKQAC,NIKQIK,1.0
NIKTUZ,NIKVAH,1.0
NIKTUZ,NIKVEL,1.0
NIKTUZ,XEVMAM,0.8999999761581421
NIKTUZ,XEVMIU,0.8999999761581421
NIKVAH,NIKVEL,1.0
NIKYOW01,XACLUL02,1.0
NIKYOW01,NUDPAE02,1.0
NIKYOW02,XACLUL02,1.0
NIKYOW02,NUDPAE02,1.0
NIKYUC,XACLUL02,1.0
NIKYUC,NUDPAE02,1.0
NIKYUC,XACLOF,1.0
NIKYUC,XACLUL,1.0
NIKYUC,XACLUL01,1.0
NIKZAJ,XACLUL02,1.0
NIKZAJ,NUDPAE02,1.0
NIKZAJ,RUGGOR,0.8999999761581421
NILCAO,NILCOC,0.8999999761581421
NILCAO,NILCES,0.8999999761581421
NILCAO,NILCUI,0.8999999761581421
NILCAO,NILCIW,0.8999999761581421
NILCES,NILCUI,0.8999999761581421
NILCES,NILCIW,0.8999999761581421
NILCIW,NILCOC,0.8999999761581421
NILCIW,NILCUI,0.8999999761581421
NILCOC,NILCUI,0.8999999761581421
NIMPOQ,UMOBEF09,0.781818151473999
NIMPOQ,UMOBEF01,0.781818151473999
NIMTAE,OHAQAQ,1.0
NIMVOW,WORNEY,0.8999999761581421
NIMWEN,NIMWUD,1.0
NIMWUD,UNAHEY,0.8999999761581421
NINVAI,ZOHFUZ,1.0
NINVAI,WUCRUH,1.0
NIPWIT,NIPWIT01,1.0
NIRBOG,TOGCUN,0.8999999761581421
NIRGAY,VAXTEV,0.8999999761581421
NIRMUW,PEFREZ,1.0
NIRMUW,WEXGIR01,1.0
NIRNAD,XEZRIF,1.0
NIRPAI,TOXNIF,1.0
NIRPAI,TOXMUQ,1.0
NIRPAI,NIRPOW,1.0
NIRPEM,TOXNIF,1.0
NIRPEM,TOXMUQ,1.0
NIRPEM,NIRPOW,1.0
NIRPEM,YEYDUE,1.0
NIRPOW,TOXNIF,1.0
NIRPOW,TOXMUQ,1.0
NIRPOW,YEYDUE,1.0
NIRSUF,SEGSEF,0.8999999761581421
NIRTAM,NIRTEQ,1.0
NIRTAM,NIRVIW,1.0
NIRTAM,ZIQREZ,0.8999999761581421
NIRTAM,ZIQROJ,0.8999999761581421
NIRTEQ,NIRVIW,1.0
NIRTEQ,ZIQREZ,0.8999999761581421
NIRVIW,ZIQREZ,0.8999999761581421
NIRVIW,ZIQRAV,0.8999999761581421
NIRVIW,ZIQRUP,0.8999999761581421
NISCOJ,PUFXUL,0.8999999761581421
NISPOV,XOJXEA,1.0
NISPOV,XOJWID,1.0
NISPOV,RAXCAW,1.0
NISPOV,RAXCEA,1.0
NISPOV,RUSZUB,0.8999999761581421
NISPOV,UNISUH,0.8826086521148682
NIVFUT,NIVFUT01,1.0
NIVFUT,OKAVEB,0.8999999761581421
NIVFUT01,OKAVEB,0.8999999761581421
NIVFUT01,OKATOJ,0.8999999761581421
NIVFUT01,OKATUP,0.8999999761581421
NIWPIU,XAXBEF,1.0
NIWQIV,YEMGIH,0.8999999761581421
NIWYOJ,RIFDUG01,1.0
NIWZIE,XAXBEF,1.0
NIWZIE01,XAXBEF,1.0
NIWZIE02,XAXBEF,1.0
NIWZIE03,XAXBEF,1.0
NIWZIE04,XAXBEF,1.0
NIWZIE05,XAXBEF,1.0
NIWZIE06,XAXBEF,1.0
NIWZIE07,XAXBEF,1.0
NIWZIE08,XAXBEF,1.0
NIWZIE09,XAXBEF,1.0
NIWZIE10,XAXBEF,1.0
NIWZIE11,XAXBEF,1.0
NIWZIE12,XAXBEF,1.0
NIWZIE13,XAXBEF,1.0
NIWZIE14,XAXBEF,1.0
NIWZIE15,XAXBEF,1.0
NIWZIE16,XAXBEF,1.0
NIWZIE17,XAXBEF,1.0
NIWZIE18,XAXBEF,1.0
NIWZIE19,XAXBEF,1.0
NOBLUM,NOBMAT,1.0
NOBLUM,VIWXOP,1.0
NOBLUM,VIWXIJ,1.0
NOBLUM,NOBLUM01,1.0
NOBLUM,SIDXUZ,0.8999999761581421
NOBLUM,SIDYIO,0.8999999761581421
NOBLUM01,VIWXOP,1.0
NOBLUM01,VIWXIJ,1.0
NOBLUM01,POCDUI,0.8999999761581421
NOBWUY,UGOCEA,1.0
NOCKOG,SURKAT,0.8999999761581421
NOCLOH,NOCLOH02,1.0
NOCLOH01,NOCLOH02,1.0
NOCLOH01,QQQDHD02,0.8999999761581421
NOCLOH02,SEVROC,1.0
NODKAT,YIGKAD,1.0
NOFDUI,YIGJUW,1.0
NOFDUI,YIGJOQ,1.0
NOFDUI,YIGJEG,1.0
NOFHOG,WUPTUY01,0.8999999761581421
NOFHOG,WUPVAG,0.8999999761581421
NOFHOG,RUKDIM,0.8999999761581421
NOFHOG,UKIBUN,0.8999999761581421
NOFMIG,NOFMIG01,1.0
NOFMIG,XACSIG,0.8999999761581421
NOFMIG01,XACSIG,0.8999999761581421
NOGCAO,XOCROY,0.8999999761581421
NOGMAY,NOGMEC,0.8999999761581421
NOGNUU,REWTUL,0.8999999761581421
NOHFEX,NOHFEX01,1.0
NOHFEX,RUGXOI01,0.8999999761581421
NOHFEX,ZOYKEF,0.8999999761581421
NOHFEX01,RUGXOI01,0.8999999761581421
NOHFEX01,ZOYKEF,0.8999999761581421
NOHFOG,QIXNIW,1.0
NOHFOG,NUFYET,0.8999999761581421
NOHFOG,QIXNES,0.8999999761581421
NOLRIR,QEKLID,1.0
NOMFIG,XAFYEK,0.8999999761581421
NOMFIG,NOMFOM,0.8999999761581421
NOMFOM,WOBBOG,0.8999999761581421
NOMFUS,WOBCAT,0.8999999761581421
NOMFUS,XAFYIO,0.8999999761581421
NOMPIQ,NOMPIQ01,1.0
NOMPIQ,NOMPOW,1.0
NOMPIQ,VEXTUO,0.8999999761581421
NOMPIQ,VEXVAW,0.8999999761581421
NOMPIQ01,NOMQAJ,0.8999999761581421
NOMPIQ01,NOMQAJ01,0.8999999761581421
NOMPOW,QAMKOH,0.8999999761581421
NOMQAJ,NOMQAJ01,1.0
NOMQAJ,VEXTUO,0.8999999761581421
NOMQAJ01,VEXTUO,0.8999999761581421
NOMQAJ01,VEXVAW,0.8999999761581421
NONXUK,VAQSUD,0.8999999761581421
NOQLOV,PEKKAS,1.0
NOQLOV,OPEGUM,1.0
NOQLOV01,PEKKAS,1.0
NOSHEK,NOSHIO,1.0
NOSTUM,VAGTAA01,1.0
NOSTUM,NOSTUM01,1.0
NOSTUM,VAGTAA,1.0
NOSTUM,VAGTAA02,1.0
NOSTUM01,VAGTAA01,1.0
NOSTUM01,OPAGIX,1.0
NOSTUM01,VOGTIV,1.0
NOZZOT,NOZZUZ,1.0
NOZZOT,ODIXIK,1.0
NOZZOT,ODIXAC,1.0
NOZZOT,RIHZUF,0.8999999761581421
NOZZUZ,ODIXIK,1.0
NOZZUZ,ODIXAC,1.0
NOZZUZ,ODODOC,1.0
NOZZUZ,XATLIQ,1.0
NOZZUZ,XUBGUY,0.8999999761581421
NUBBAP,RIFDUG01,1.0
NUBPIL,XAYKOA,1.0
NUBPIL,PARBIW,0.8999999761581421
NUBPIL,XEKYOE,0.8999999761581421
NUCBIY,NUWVEI,1.0
NUCBIY,XILVIA,1.0
NUCBOE,NUWVOS,0.8999999761581421
NUCBOE,XILTOE,0.8999999761581421
NUCYAN,NUCYIV,0.8999999761581421
NUCYAN,NUCYER,0.8999999761581421
NUCYIV,XAMHEA,0.8999999761581421
NUDLIJ,NUDLOP,1.0
NUDLOP,NUDNEH,1.0
NUDLOP,NUDMIK,1.0
NUDMEG,NUDNEH,1.0
NUDMEG,NUDMIK,1.0
NUDMEG,NUDMUW01,1.0
NUDMIK,NUDNEH,1.0
NUDMUW01,NUDNEH,1.0
NUDMUW01,TEQNUZ,0.8999999761581421
NUDNUW,NUDPAE10,1.0
NUDNUW01,NUDPAE10,1.0
NUDNUW01,UYOYUD,1.0
NUDNUW01,WEZWEE,1.0
NUDNUW01,XACLOF,1.0
NUDNUW01,XACLUL,1.0
NUDNUW01,XACLUL01,1.0
NUDNUW01,XACLUL02,1.0
NUDNUW01,YUKVAC,1.0
NUDNUW05,NUDPAE10,1.0
NUDNUW09,NUDPAE10,1.0
NUDPAE01,NUDPAE10,1.0
NUDPAE02,NUDPAE10,1.0
NUDPAE07,NUDPAE10,1.0
NUDPAE08,NUDPAE10,1.0
NUDPAE08,VICBEQ,1.0
NUDPAE08,RUGGUX,0.8999999761581421
NUDPAE09,NUDPAE10,1.0
NUFBEX,WUPZUE,1.0
NUFBOH,WUPZUE,1.0
NUFBUN,WUPZUE,1.0
NUFTOY,QAQSAD,0.8999999761581421
NUFYAP,QIXNIW,0.8999999761581421
NUFYAP,NUFYIX,0.8999999761581421
NUFYAP,NUFYET,0.8999999761581421
NUFYET,QIXNIW,0.8999999761581421
NUFYET,NUFYIX,0.8999999761581421
NUHBEY,YUWKIL,0.8999999761581421
NUHBEY,TUTZUD,0.8999999761581421
NUHBIC,NUHBIC01,1.0
NUHBIC,TUTZUD,0.8999999761581421
NUHBIC01,TUTZUD,0.8999999761581421
NUHBIC01,UVIKIU,0.8999999761581421
NUHBIC01,UVIKOA,0.8999999761581421
NUHDOK,ZOYZIY,1.0
NUHDOK,NUHDOK01,1.0
NUHDOK,TIDWIO,1.0
NUHDOK01,ZOYZIY,1.0
NUHDOK01,TIDWIO,1.0
NUHDUQ,ZOZBAT,1.0
NUHDUQ,ZOZBEX,1.0
NUHQAK,SILKAC,1.0
NUHQAK,WOJYOL,1.0
NUHRAL,XADDAJ01,1.0
NUHRAL,WOJYUR,1.0
NUHRAL,XADDAJ,1.0
NULROB,NULRUH,1.0
NULRUH,QOJVAM,0.8105263710021973
NULSUJ,WIDTAF,1.0
NULSUJ,PIBJIV,1.0
NUMMOX,SEGVUX,0.8999999761581421
NUMMOX,SEGVOR,0.8999999761581421
NUMMOX,TISWEZ,0.8999999761581421
NUMMOX,SEGVIL,0.8999999761581421
NUNNUH,XUJPOI,1.0
NUNNUH,PUNYON,1.0
NUNNUH,XUJPEY,1.0
NUNNUH,XUJPIC,1.0
NUNNUH,XUJQAV,1.0
NUNPAP,XUJPOI,1.0
NUNPAP,PUNYON,1.0
NUNPAP,XUJPEY,1.0
NUNPAP,XUJPIC,1.0
NUNPAP,XUJQAV,1.0
NUNSIA,NUNSOG,1.0
NUQYIH,RENQIK,1.0
NURMUJ,RIFDUG01,1.0
NURMUJ,PEJNOJ,1.0
NURMUJ,PEJNUP,1.0
NURMUJ,PEJPAX,1.0
NURMUJ,PEJPEB,1.0
NURMUJ,PEPFAT,1.0
NUSSEA,PURQEZ,1.0
NUSSEA,QOTFAH,0.8999999761581421
NUTQAV,YAGHUM,1.0
NUTQAV,YUGLES,1.0
NUTQAV,NUTQEZ,1.0
NUTQAV,WEBTOP,0.804347813129425
NUTQEZ,VUJBIM,0.9526315927505493
NUTYEI,VIXZUZ,0.8999999761581421
NUVDEO,NUVDIS,0.8999999761581421
NUVDEO,YEDBOB,0.8999999761581421
NUVDIS,YEDBOB,0.8999999761581421
NUVDIS,XUDYAX,0.8999999761581421
NUVDIS,NUVDOY,0.8999999761581421
NUVDOY,OKASEZ,0.8999999761581421
NUVFAM,XUDYAX,0.8999999761581421
NUVLOG,VARWUI,0.8999999761581421
NUVXOT,YENTUJ,1.0
NUVYEK,WUPTUY01,0.8999999761581421
NUVYEK,WUPVAG,0.8999999761581421
NUWVEI,XILTUK,1.0
NUWVEI,XILVAS,1.0
NUWVEI,XILTOE,1.0
NUWVEI,XILVEW,1.0
NUWVEI,XILVIA,1.0
NUWVIM,XILTUK,1.0
NUWVIM,XILVAS,1.0
NUWVIM,XILTOE,1.0
NUWVIM,XILVEW,1.0
NUWVIM,XILVIA,1.0
NUWVOS,XILTUK,1.0
NUWVOS,XILVAS,1.0
NUXLUN,UXUPEK,1.0
NUXLUN,NUXLUN01,1.0
NUXLUN,NUXLUN02,1.0
NUXLUN01,UXUPEK,1.0
NUXLUN01,NUXLUN02,1.0
NUXLUN01,YEYMAQ,0.8999999761581421
NUXLUN02,UXUPEK,1.0
NUXMIC01,ODOKAU,1.0
NUXMIC01,VUZVER,0.8999999761581421
NUYNAY,NUYNEC,1.0
NUYNAY,RICHIV,0.8999999761581421
NUYNAY,RICHAN,0.8999999761581421
NUYNEC,RICHIV,0.8999999761581421
NUYNEC,RICHAN,0.8999999761581421
NUYWEK,OHAKEO,1.0
NUYWEK,UQIWIC,1.0
NUZLOK,PUGFII,1.0
NUZLOK,WITJOA,1.0
NUZLOK,PUGGOP,1.0
NUZLOK,WITJUG,1.0
OBAHAD,OBAHOR,1.0
OBAHIL,OBAHOR,1.0
OBAHIL,OBAJAF,1.0
OBAHOR,OBAJAF,1.0
OBEMUE01,SIWGUB,0.8999999761581421
OBIXEE,YAFWEI,0.8999999761581421
OBODEQ,SADLEQ,1.0
OBODEQ,TECVEE,0.8999999761581421
OBOHOE,VAQRUC,0.8999999761581421
OBOHOE,SIYGOZ,0.8999999761581421
OBUZIV,QEHJIX,0.8999999761581421
OCACUR,UGECEO,1.0
OCACUR,UGECEO03,1.0
OCACUR,UGECEO01,1.0
OCACUR,OLOKEF,0.8999999761581421
OCAKUB,PUYREI,1.0
OCAKUB,VUQKAU,1.0
OCAKUB,VUQJUN,1.0
OCAKUB,VUQJUN01,1.0
OCAKUB,VUQKAU01,1.0
OCAKUB,VUQKAU02,1.0
OCIHAK,ULOGIL,1.0
OCIHAK,XADGOA,0.8999999761581421
OCIHAK,YETQOG,0.8999999761581421
OCOKOJ,WOPXAA,0.8999999761581421
OCOKOJ,ZEBHOG,0.8999999761581421
OCOKOJ,SIKGAW,0.8999999761581421
OCUMOR,OCUNAE02,1.0
OCUMOR,OCUNAE,1.0
OCUMOR,OCUNAE01,1.0
OCUNAC,QALGUH,1.0
OCUNAC,XAFBEN,0.8999999761581421
OCUNAC,XAFBOX,0.8999999761581421
OCUNAE,OCUNAE02,1.0
OCUNAE,UKEXEP,0.8999999761581421
OCUNAE01,OCUNAE02,1.0
OCUNAE01,UKEXEP,0.8999999761581421
OCUNAE02,UKEXEP,0.8999999761581421
OCUPOS,OCUPUY,0.9307692646980286
OCUPOS,UXUXAO,0.8999999761581421
OCUPUY,VONBUX02,0.8999999761581421
OCUPUY,YUSQIN,0.8999999761581421
OCURAG,OCUTAI,1.0
OCURIO,OCUTAI,1.0
OCURIO,QADKAH,1.0
OCURIO,PENXUC,1.0
OCURIO,QADKAH01,1.0
OCUSUB,OCUTAI,1.0
OCUSUB,QADKAH,1.0
OCUSUB,OCUTEM,1.0
OCUSUB,PENXUC,1.0
OCUSUB,VUZVER,0.8999999761581421
OCUSUB,WIVKOD,0.8999999761581421
OCUTAI,QADKAH,1.0
OCUTAI,VUZVER,0.8999999761581421
OCUTEM,QADKAH,1.0
OCUTEM,OFIVAA,1.0
ODAHUY,XIFXUG,0.8999999761581421
ODAJIO,QALNEW,1.0
ODAJIO,UNIRUF14,0.8999999761581421
ODAJIO,UNIRUF15,0.8999999761581421
ODELOZ,UXUPEK,0.8999999761581421
ODELOZ,XEGQEG,0.8999999761581421
ODELOZ,XEGQEG01,0.8999999761581421
ODEPOF,ODEPUL,1.0
ODEPOF,ODEQEW,1.0
ODEPOF,ODEQAS,0.8090909123420715
ODEPUL,ODEQEW,1.0
ODEPUL,ODEQAS,0.8090909123420715
ODEQAS,ODEQEW,0.8090909123420715
ODIVUT,POLBEZ,0.8999999761581421
ODIXAC,XATLIQ,1.0
ODIXAC,RIJBAP,0.8999999761581421
ODIXIK,ODODOC,1.0
ODIXIK,XATLIQ,1.0
ODIXIK,RIJBAP,0.8999999761581421
ODIZOQ,ODIZOQ01,1.0
ODODES,ODODUI,1.0
ODODIW,ODODUI,1.0
ODOJUN,XEGQEG,0.8999999761581421
ODOJUN,XEGQEG01,0.8999999761581421
ODOJUN,YEYMAQ,0.8999999761581421
ODOKAU,SIJQAE,0.8999999761581421
ODOKAU,WIVKOD,0.8999999761581421
ODOXEK,PARKUQ01,1.0
ODOXEK,SIZGEO,1.0
ODOXEK,SIZGIS,1.0
ODOXEK,ULOGAE,1.0
ODUMIK,YEMGED,1.0
ODUNEH,VAJNAW,1.0
ODUNEH,QUSWIK,1.0
ODUNEH,QUSWIK01,1.0
ODUNIL,WEMJUU,0.8999999761581421
ODUNIL,PUNSUN,0.8999999761581421
ODUNIL,PUNSIB,0.8999999761581421
ODUNIL,WEMJII,0.8999999761581421
OFAWAV,OFAWEZ,1.0
OFAWAV,OYOSAX,0.8999999761581421
OFAWAV,PARFOF01,0.8999999761581421
OFAWAV,TUXNEF,0.8999999761581421
OFAWAV,YICKIH,0.8999999761581421
OFAWEZ,OYOSAX,0.8999999761581421
OFAWEZ,PARFOF01,0.8999999761581421
OFEREX,SEHXIN,1.0
OFEREX,POFGUO,0.8999999761581421
OFERUN04,SEFTOO,1.0
OFERUN04,SEFTUU,1.0
OFERUN04,SEFVAC,1.0
OFERUN04,SEFVEG,1.0
OFERUN04,SEFVEG02,1.0
OFERUN04,SEFWAD,1.0
OFERUN04,SEFWEH,1.0
OFERUN09,YUDWAX,1.0
OFIDOX,POPQIW,0.8999999761581421
OFIDOX,XATNIP01,0.8999999761581421
OFIDUD,WETBAB01,1.0
OFIDUD,OGESUP,1.0
OFIRUQ,RIHKIF,0.8999999761581421
OFIVAA,QADKAH,1.0
OFIVAA,SIJQAE,0.8999999761581421
OFIYUY,OFIZAF,1.0
OFIYUY,XOHQER,1.0
OFIYUY,RELLOK,1.0
OFIZAF,XOHQER,1.0
OFODAP,WIRCOS,1.0
OFODAP,WISVEB,1.0
OFODAP,TEWMUG,0.8999999761581421
OFODAP,TOWPAY,0.8999999761581421
OFODET,VALXEO,1.0
OFOQUY,YUNJUO,1.0
OFOQUY,OKAYOQ,1.0
OFOQUY,YUNJOI,1.0
OFOVOX,OXAPEJ,0.8999999761581421
OFUVUI,OFUWET,0.8999999761581421
OFUVUI,OFUWIX,0.8999999761581421
OFUVUI,OFUWAP,0.8999999761581421
OFUVUI,OFUWOD,0.8999999761581421
OFUWAP,OFUWIX,0.8999999761581421
OFUWAP,OFUWOD,0.8999999761581421
OFUWIV,OFUWIV01,1.0
OFUWIV,OFUWIV02,1.0
OFUWIV01,OFUWIV02,1.0
OFUWIX,OFUWOD,0.8999999761581421
OFUYUL,RUGXIC,1.0
OFUYUL,RUGXUO,1.0
OFUYUL,RUGXOI,1.0
OFUYUL,RUGXOI01,1.0
OGALAK,OGALAK01,1.0
OGALAK,RAPBEP01,0.8999999761581421
OGALAK01,RAPBEP01,0.8999999761581421
OGEBAF,OGEBAF01,1.0
OGEBAF01,OGOJAX,0.925000011920929
OGEQAU,RUXWEM03,0.8999999761581421
OGEQAU,WIZMAV09,0.8999999761581421
OGESUP,WETBAB01,1.0
OGIJIY,TOBQEH,0.8999999761581421
OGIYAF,OXCFOR,1.0
OGIYAF,VERZID,1.0
OGIYAF,SOJKOT,1.0
OGIYAF,SOJKOT01,1.0
OGIYAF,SOJKOT02,1.0
OGIYAF,SOJKOT03,1.0
OGIYAF,SOJKOT04,1.0
OGIYAF,SOJKOT06,1.0
OGUJIL,WUZQOZ,1.0
OGUJIL,OGUJOR,1.0
OGUJOR,WUZQOZ,1.0
OGULUY,SUHPAN,1.0
OGULUY,SUHNIT,1.0
OGUPIQ,UFUKUB01,1.0
OGUPIQ,UFUKUB03,1.0
OGUPIQ,UFUKUB02,1.0
OGUPIQ,TAMRAD,0.8999999761581421
OGUPIQ,WAMRIN,0.8999999761581421
OGUPIQ,WAMRIN02,0.8999999761581421
OGUPIQ,YUBGUZ,0.8999999761581421
OGURAK,OYIVOI,1.0
OGUZIA,WAVDUT,1.0
OHAGAH,OHAGIP,1.0
OHAGAH,UQOGAK,0.8999999761581421
OHAGAH,OKEHOC,0.8999999761581421
OHAGAH,OKEHIW,0.8999999761581421
OHAGAH,XAPPOV,0.8999999761581421
OHAGEL,WAZFAH,0.8999999761581421
OHAGEL,WAZFUB,0.8999999761581421
OHAGEL,WAZFOV,0.8999999761581421
OHAGEL,QAFHEN,0.8999999761581421
OHAGIP,UQOGAK,0.8999999761581421
OHAGIP,OKEHOC,0.8999999761581421
OHAGIP,XAPPOV,0.8999999761581421
OHAGOV,OLUGUZ,1.0
OHAGOV,OLUHAG,1.0
OHAGOV,XAPTEQ,0.8999999761581421
OHAGOV01,OLUGUZ,1.0
OHAGOV01,UFOSAM,0.8999999761581421
OHAGOV01,XAPTEQ,0.8999999761581421
OHAKEO,VURQIJ,1.0
OHAKEO,UYECIM,0.8999999761581421
OHAKIS,VURQIJ,1.0
OHAKIS,UYEBIL,0.8999999761581421
OHAKOY,VURQIJ,1.0
OHAYUS,XUGQIB,0.8999999761581421
OHAYUS,VALGAT,0.8999999761581421
OHAZAZ,TOHYOF,0.8999999761581421
OHAZAZ,PANYOU,0.8999999761581421
OHAZUT,OHEBAF,0.8999999761581421
OHEGAJ,XIYYEL,1.0
OHEGAJ,WECBEN,1.0
OHEGAJ,SEYQIW,1.0
OHIHET,PAFPAQ,1.0
OHIHET,TUJBIL,1.0
OHIHIX,OSUGUG,1.0
OHIHIX,VUMCEM,0.8999999761581421
OHIHIX,YAMKOP,0.8999999761581421
OHIHOD,WIMWIA,0.8999999761581421
OHIZIO,VASFAZ,0.8999999761581421
OHIZIO,VASFIH,0.8999999761581421
OHOROS,SAQFUM,1.0
OHOROS,SAQFUM01,1.0
OHUKIM,XISDIO,0.8999999761581421
OHUKIM,XISDOU,0.8999999761581421
OJAKOA,OJAKUG,0.8999999761581421
OJANAO,YIQBEF,0.8999999761581421
OJEXEI,VIDJID,1.0
OJEXEI,ZAQXEX,0.8999999761581421
OJEXEI,QUJLAK01,0.8999999761581421
OJOBAS,VEDGES,1.0
OJOBAS,VEDFER,1.0
OJOBAS,VEDFOB,1.0
OJOBAS,VEDFUH,1.0
OJOBAS,VEDGAO,1.0
OJONOQ,WEMBUN,1.0
OJOQEJ,SIKGAW,1.0
OJOQEJ,UXOWIO,1.0
OJOQEJ,OJOQEJ01,1.0
OJOQEJ,OJOQEJ02,1.0
OJOQEJ01,SIKGAW,1.0
OJOQEJ01,UXOWIO,1.0
OJOQEJ01,UXOWOU,1.0
OKANOF,WUMLIB,0.8999999761581421
OKANOF,YOYPOT,0.7942857146263123
OKASEZ,XUDYEB,0.8999999761581421
OKATOJ,OKAVEB,0.8999999761581421
OKATUP,OKAVAX,1.0
OKAYAC,QUXREI,1.0
OKAYAC,QUWYEO,1.0
OKAYAC,QUXQUX,1.0
OKAYAC,QUXRAE,1.0
OKAYAC,QUXROS,1.0
OKAYAC,QUXRUY,1.0
OKAYAC,UQEFED,1.0
OKAYAC,ZERQOE,1.0
OKAYAC,VODQUB,0.8999999761581421
OKAYOQ,OKAYUW,1.0
OKAYOQ,YUNJOI,1.0
OKAYOQ,YUNJUO,1.0
OKAYOQ,OKAZAD,1.0
OKAYUW,YUNJOI,1.0
OKAYUW,YUNJUO,1.0
OKAZAD,YUNJOI,1.0
OKAZAD,YUNJUO,1.0
OKEHIW,XAPPOV,0.8999999761581421
OKEHIW,OKEHOC,0.8999999761581421
OKEHIW,UQOGAK,0.8999999761581421
OKEHIW,XEMNUB,0.8419354557991028
OKEHIW,XEMPAJ,0.8419354557991028
OKEHOC,UQOGAK,0.8999999761581421
OKELEX,XIHXET,1.0
OKELEX,XIHWUI,1.0
OKELOH,UMARIL,0.8999999761581421
OKIJUO,OKIKAV,1.0
OKIJUO,OKIKEZ,1.0
OKIKAV,OKIKEZ,1.0
OKILEA,OKILIE,1.0
OKILEA,PUPXII01,0.79677414894104
OKILUR,OKIQEG,1.0
OKILUR,WENSOA,1.0
OKINEC,OKINIG,1.0
OKINEC,OKIPII,0.8999999761581421
OKINEC,VALXEL,0.8999999761581421
OKINEC,OKINUS,0.8999999761581421
OKINIG,OKIPII,0.8999999761581421
OKINIG,VALXEL,0.8999999761581421
OKINIG,OKINUS,0.8999999761581421
OKINUS,VALXEL,0.8999999761581421
OKINUS,OKIPII,0.8999999761581421
OKIQEG,WENSOA,1.0
OKITIM,YINNOB,1.0
OKIVIO01,YINNUH,1.0
OKIWUB02,SAHYAD,1.0
OKIWUB02,SAHYAD01,1.0
OKIWUB02,SAHYAD02,1.0
OKIWUB02,SAHYAD03,1.0
OKIWUB02,SAHYIL,1.0
OKIXIQ,SAHYAD,1.0
OKIXIQ,SAHYAD01,1.0
OKIXIQ,SAHYAD02,1.0
OKIXIQ,SAHYAD03,1.0
OKIXIQ,SAHYIL,1.0
OKIYIR,SAHYAD,1.0
OKIYIR,SAHYAD01,1.0
OKIYIR,SAHYAD02,1.0
OKIYIR,SAHYAD03,1.0
OKIYIR,SAHYIL,1.0
OKUTAR,OKUTEV,1.0
OLEYAH,WOBHIF03,1.0
OLEYAH,WOBHIF02,1.0
OLEYAH,ORIVOC,1.0
OLEYAH,WIZDEP,1.0
OLEYAH,WOBHEB01,1.0
OLEYAH,WOBHIF01,1.0
OLEYAH,WOBHOL,1.0
OLOGEC,YAYSOJ,1.0
OLOGEC,XEZMEW,1.0
OLOGEC,XEZMOG,0.8999999761581421
OLOKEF,WIHDUN,1.0
OLOKEF,WONBAD,0.8999999761581421
OLUGUZ,OLUHAG,1.0
OLURUI,OLURUI01,1.0
OLURUI,SIYGUF,0.8999999761581421
OLURUI,VAQRUC,0.8999999761581421
OMATED,UGOSOY,1.0
OMICOD,XISGEN,1.0
OMICOD,PUNCIL,0.8999999761581421
OMOFED,OMOFED03,1.0
OMOTAM,XUGDOU,1.0
OMOTAM,XUGDUA,1.0
OMUMIU,UQUTUX,1.0
OMUMIU,UQUTUX01,1.0
OMURIY,PEXTES,0.8999999761581421
OMURIY,RAHXEE,0.8999999761581421
OMURIY,XEVHIQ,0.8999999761581421
ONAWAC,ONAWEG02,1.0
ONAWAC,ONAWEG,1.0
ONAWEG,ONAWEG02,1.0
ONOCUR,QIQTOB,0.9280000329017639
ONUKAL,VOBKAA,0.8999999761581421
OPAGIX,VOGTIV,1.0
OPAGIX,VAGTAA02,1.0
OPAPEB,OPAPIF,0.8999999761581421
OPENUT,UHISEK,1.0
OPIFUQ,RANWAH,0.8999999761581421
OPOCEC,SIDCAL,0.8999999761581421
OPUFAH01,SOGXES,1.0
OPUFAH01,QUTNID,0.8999999761581421
OPUJUG,XAPMUY,1.0
OPUJUG,YIQVUR,0.8999999761581421
OPUKAN,QEBYON,1.0
OPUKAN,OPUKAN01,1.0
OPUKAN01,QEBYON,1.0
OPUKAN01,VOPCIO,0.8999999761581421
OPURIB,RAVFAX,0.8999999761581421
OPURIB,RAVFIF,0.8999999761581421
OQIJOO,OQIJUU,1.0
OQIQUB01,OQIRAI,1.0
OQOXAV,USUBUG,1.0
OQOXAV,RUMRUO,1.0
OQOXAV,WERHOR,0.8999999761581421
OQUFAJ,OQUFAJ03,1.0
OQUSEA,ZNACEU05,0.8999999761581421
ORAWEL,ZZZSSS01,1.0
ORAWEL,YELNIM,1.0
ORIHIH,WEMRIS,1.0
ORIHIH,SUHHOT,1.0
ORIVOC,WOBHIF02,1.0
ORIVOC,YUHHEQ,0.8999999761581421
ORIWAP,WIZDAL,1.0
ORIWAP,QOWLEU,1.0
ORIWET,OZULAY,1.0
ORONOA,ORONOA01,1.0
ORONOA,ZZZEJE02,1.0
ORONOA,ZZZEJE01,1.0
ORONOA,WAJCAM,0.8999999761581421
ORONOA01,ZZZEJE02,1.0
ORONOA01,ZZZEJE01,1.0
ORONOA01,QASXAM,0.8999999761581421
OROZUR,XIVLEW,0.8999999761581421
ORUKET,XIFHEC,0.8999999761581421
ORUKET,XIFHIG,0.8999999761581421
ORUKET,ORUKIX,0.8999999761581421
ORUKIX,XIFHEC,0.8999999761581421
ORUKIX,VEYSAW,0.8999999761581421
ORUKIX,XIFHIG,0.8999999761581421
OSAVEK,PIMTAJ,1.0
OSAVEK,POMSOB,1.0
OSAVEK,SUCLOT,1.0
OSAVIO,RUFMUA01,1.0
OSAVIO,TECVOO,1.0
OSAVIO,TECVEE,1.0
OSAVIO,RUFMUA,1.0
OSAVUA,QUJKEM,1.0
OSAVUA,QUJKAI,1.0
OSIWOD,OSIXIY,1.0
OSIWOD,OSIXEU,1.0
OSIWOD,OSIWUJ,1.0
OSIWUJ,OSIXEU,1.0
OSIXUK,OSIYEV,0.8999999761581421
OSIXUK,OSIYAR,0.8999999761581421
OSIXUK,OSIYOF,0.8999999761581421
OSIYAR,OSIYOF,0.8999999761581421
OSIYAR,OSIYEV,0.8999999761581421
OSIYAR,OSIYIZ,0.8999999761581421
OSIYEV,OSIYOF,0.8999999761581421
OTABES,YAKBOE,1.0
OTABES,VETVAS,0.8999999761581421
OTAQAD,ZIYWIQ,0.8999999761581421
OTARUX,OTARUX02,1.0
OTAWIR,TEZJOA,1.0
OTECAT,RIXPIZ,1.0
OTECAT,OTECEX,1.0
OTECAT,OTEDOI,1.0
OTECEX,OTEDOI,1.0
OTEGOL,OTEHAY,1.0
OTEGOL,ZEGREL,1.0
OTEGOL,YAZFOW,1.0
OTEGOL,OWIHEJ,1.0
OTEGOL,OWIHUZ,1.0
OTEGOL,OWIJAH,1.0
OTEGOL,OWIJEL,1.0
OTEGOL,OWIJIP,1.0
OTEGOL,OWIJOV,1.0
OTEGUR,OTEHAY,1.0
OTEGUR,ZEGREL,1.0
OTEGUR,YAZFOW,1.0
OTEGUR,VITYOO,0.8999999761581421
OTEHAY,ZEGREL,1.0
OTEHAY,YAZFOW,1.0
OTIQAL,QOZDOY,0.8999999761581421
OTIQEP,YAQCEY,1.0
OTIWOF,OTIWOF02,1.0
OTIWOF,OTIXAS,1.0
OTIWOF01,OTIWOF02,1.0
OTIWOF01,OTIXAS,1.0
OTIWOF01,RAFRUL,1.0
OTIWOF02,OTIXAS,1.0
OTIWOF02,RIYXIG,1.0
OTIWOF02,XAZGAG,1.0
OTIXAS,RIYXIG,1.0
OTODEI,OTODIM,1.0
OTOLIU,YAZYIJ,0.8999999761581421
OTOLIU,OZUKOL,0.8999999761581421
OTOZOO,PUFYOG,0.8027026653289795
OVABUJ,QUTNID,0.8999999761581421
OVICUS,RUBGUS,0.8999999761581421
OVIHOR01,PUQXUV,1.0
OVIHOR01,XEGYEQ,1.0
OVIHOR02,PUQXUV,1.0
OVIHOR02,XEGYEQ,1.0
OVIHOR03,PUQXUV,1.0
OVIHOR03,XEGYEQ,1.0
OVIHOR03,VAGKOF,0.8999999761581421
OVUCOY,XANBOE,0.8999999761581421
OVUCOY,YAYPAR,0.8999999761581421
OVUCOY,YAYPEV,0.8999999761581421
OWIGOR,SIWJEQ,1.0
OWIHEJ,OWIHUZ,1.0
OWIHEJ,OWIJAH,1.0
OWIHEJ,OWIJEL,1.0
OWIHEJ,OWIJIP,1.0
OWIHEJ,OWIJOV,1.0
OWIHUZ,ZEGREL,1.0
OWIJAH,TONKEN,1.0
OWIJEL,ZEGREL,1.0
OWIJEL,VITZOP,0.8999999761581421
OWIJIP,YAZFOW,1.0
OWIJOV,VITZOP,0.8999999761581421
OWITAQ,OWIVAS,1.0
OWITAQ,TIVWUR,0.8999999761581421
OWITAQ,OWITIY,0.8999999761581421
OWITAQ,OWITEU,0.8999999761581421
OWITAQ,OWITOE,0.8999999761581421
OWITEU,OWIVAS,0.8999999761581421
OWITEU,OWITOE,0.8999999761581421
OWITEU,OWITIY,0.8999999761581421
OWITIY,TIVWUR,0.8999999761581421
OWITIY,OWITOE,0.8999999761581421
OWITOE,OWIVAS,0.8999999761581421
OWIVAS,TIVWUR,0.8999999761581421
OWIVEW,RORQOE,0.8999999761581421
OXALAB,QUYRAF,0.8392857313156128
OXCFOR,VIRJIQ,1.0
OXCFOR,YANBAR,1.0
OXCFOR,YANBAR02,1.0
OXCFOR,YANBAR03,1.0
OXOLAP,WUPTUY,1.0
OXOLAP,RUKDIM,1.0
OXOLAP,XULGIW,1.0
OXOLAP,WUPTUY01,1.0
OXOZUY,XAFFER,0.8999999761581421
OXOZUY,VACLAP,0.8999999761581421
OXUPIH,UZUSEO,1.0
OYEWEW,OYEWIA,1.0
OYEWEW,PACGIM,0.8999999761581421
OYIHAH,WEBVIK,0.8999999761581421
OYIHAH,WEBVAC,0.8999999761581421
OZOGAN,UVUFUN,1.0
OZOGAN,PEMREG,0.8999999761581421
OZUBOC,SIYXIH10,1.0
OZUBOC,WIKQAJ,0.8999999761581421
OZUKOL,OZULAY,1.0
OZUKUR01,OZULAY,1.0
OZUKUR01,QUJJUB01,1.0
OZULUS,OZUMAZ01,1.0
PACGIM,VEWREX,0.8999999761581421
PACYIE,ZOMXAC,1.0
PACYIE,VIRPOC,0.8999999761581421
PADROD,PADROD01,1.0
PADROD,ZUVTEP,0.8999999761581421
PADROD01,URXDAC10,0.8999999761581421
PAFPAQ,TUJBIL,1.0
PAFPAQ,VUMCEM,0.8999999761581421
PAFPAQ,YAMKOP,0.8999999761581421
PAFZEE,RAWYAS,0.9000000357627869
PAJSAX,VEJYEP,1.0
PAMGIV,YUDMIU,0.8999999761581421
PAMHES01,RITFAE,1.0
PAMQEB,UTEFOP,1.0
PAMTOO,RAJFAL,0.8999999761581421
PANYEK,ROCZUG,1.0
PANYOU,UPOVOL,0.8999999761581421
PAPKAV,WIZSOP,1.0
PAPKAV,VUMCIQ,1.0
PAPKAV,QISXIB,0.8999999761581421
PAPKID,PAPKUP,0.8999999761581421
PAPKID,PAPKOJ,0.8999999761581421
PAPKOJ,PAPKUP,0.8999999761581421
PAPPAZ,VUHHIQ,1.0
PAPPED,PAPPIH,1.0
PAQDAP,PELWEK,0.8999999761581421
PAQPEF,PAQPOP,0.8999999761581421
PAQXUC,PAQYAJ,1.0
PAQXUC,PAQYAJ01,1.0
PAQYEN,PAQYIR,1.0
PAQYEN,PAQYEN01,1.0
PAQYEN01,PAQYIR,1.0
PARFOF,PARFOF01,1.0
PARFOF,TEWVUP,1.0
PARFOF01,TEWVUP,1.0
PARHEW,TILHED,0.8999999761581421
PARKUQ01,PUNDUY,1.0
PARKUQ01,QISNAJ,1.0
PARKUQ01,QISNEN,1.0
PARKUQ01,QISNIR,1.0
PARMIG,PEXSOB01,0.8999999761581421
PARNIH,PARNON,1.0
PARNIH,YAVYAW02,1.0
PARNIH,XOPLOE,1.0
PARNIH,YAVYAW,1.0
PARNIH,YAVYAW01,1.0
PARNON,YAVYAW02,1.0
PARNON,XOPLOE,1.0
PASGEX01,PASGEX05,1.0
PASGEX01,PASGEX02,1.0
PASGEX01,PASGIB,1.0
PASGEX01,PASGEX04,1.0
PASGEX01,PASGIB02,1.0
PASGEX01,PASGIB03,1.0
PASGEX04,PASGIB,1.0
PASGEX04,PASGIB02,1.0
PASGEX04,PASGIB03,1.0
PASMUT,PASNII,0.8999999761581421
PASNEE,VUNNID,1.0
PASNII,XITDEL,0.8999999761581421
PASNII,XITDAH,0.8999999761581421
PASNII,XUMVUY,0.8999999761581421
PATLAZ,RASXEP,0.8999999761581421
PATLON,QAPGIZ,0.8999999761581421
PATLON,UWIGOX,0.8999999761581421
PATPEH,PATPOR,0.8999999761581421
PAVDIA,QOFMUU,1.0
PAVDIA,QIYSAT,1.0
PAVLEE,PAVLOO,1.0
PAVLEE,PAVLUU,1.0
PAVLEE,PAVLII,1.0
PAVLII,PAVLOO,1.0
PAVLII,PAVLUU,1.0
PAVLOO,PAVLUU,1.0
PAXFEC,QUZZES,1.0
PAXFEC,XINJEL,1.0
PAXKEH,PIBBEK,0.8999999761581421
PAXKEH,XIYDAN,0.8999999761581421
PAXKEH,XIYCUG,0.8999999761581421
PAXNOU,PAXPAI,1.0
PAXNOU,PAXPEM,1.0
PAXNOU,PAXPIQ,1.0
PAXPEM,PAXPIQ,1.0
PAXSEM01,SEDTIF,0.8999999761581421
PAYTAM,WONBAD,1.0
PAYZIB,USOSUS,0.8999999761581421
PAZDOM,PUYREI01,0.8999999761581421
PAZDOM,UVAHIK,0.8999999761581421
PAZDOM,URUFIY,0.8999999761581421
PEBNER,VUQJEX,1.0
PEBWEB,PEBWIF,0.8999999761581421
PECKAM,VUQJUN01,1.0
PECKAM,PUYREI,1.0
PECKAM,VUQJUN,1.0
PECKEQ,VUQJUN01,1.0
PECKEQ,PUYREI,1.0
PECKEQ,VUQJUN,1.0
PECKEQ,VUQKAU,1.0
PECKEQ,VUQKAU01,1.0
PECKEQ,VUQKAU02,1.0
PEDWIH,ZUJVAD,1.0
PEDWIH,REBVIG,1.0
PEFBIM,XADGOA,0.8999999761581421
PEFREZ,WEXGIR01,1.0
PEFRID,PEFRID01,1.0
PEFRID,TOHMIO,0.8999999761581421
PEFRID01,XOLSUO,0.8999999761581421
PEFWAB,PEFWEF,1.0
PEGBAG,PEGCEL,1.0
PEGBAG,PEGCAH,1.0
PEGBAG,ZAWCAE,1.0
PEGBEK,PEGCAH,1.0
PEGBEK,ZAWCAE,1.0
PEGBEK01,PEGCAH,1.0
PEGBEK01,ZAWCAE,1.0
PEGCAH,ZAWCAE,1.0
PEGCIP,UFIHUP,0.8999999761581421
PEGPOI,UDANEV,0.8999999761581421
PEGPOI,VERQOZ01,0.8999999761581421
PEGPOI,PEGQID,0.8999999761581421
PEGQAV,WOGLAG,0.8999999761581421
PEGQAV,TEFWOR,0.8999999761581421
PEGQID,WOGLAG,0.8999999761581421
PEGQOJ,UYOFIY,1.0
PEGQOJ,WEMDAV,0.8999999761581421
PEGRAW,PEGREA,1.0
PEGRAW,PEGRAW01,1.0
PEGRAW,PEGSAX,0.8999999761581421
PEGRAW01,PEGREA,1.0
PEGRAW01,PEGSAX,0.8999999761581421
PEHWUW,PEHXAD,0.8999999761581421
PEHWUW,WARWOC,0.8999999761581421
PEHXAD,WARWOC,0.8999999761581421
PEJDUF,PEJFAN,1.0
PEJMUN,TEYHIP,1.0
PEJSAA,TIWPAS,0.8999999761581421
PEJSAA,PEJSUU,0.8999999761581421
PEJYIO,VOQBUZ,0.925000011920929
PEKCUF,PEKDEQ,1.0
PEKCUF,PEKDAM,1.0
PEKCUF,SAYKIO,0.8999999761581421
PEKDAM,PEKDEQ,1.0
PELNEA,PELNEA01,1.0
PELNEA,QEHJUJ,0.8999999761581421
PELNEA,QEHJIX,0.8999999761581421
PELNEA01,QEHJUJ,0.8999999761581421
PELNEA01,QEHJIX,0.8999999761581421
PELNEA01,SESDIE,0.8999999761581421
PELRIJ,WIQTUN,0.8999999761581421
PELRIJ,UZIJUJ,0.8999999761581421
PELRIJ,WIQVAV,0.8999999761581421
PELVUZ,VUKTAY,1.0
PELVUZ,USAYOE,0.8999999761581421
PELVUZ,TEPJEF,0.8999999761581421
PELVUZ,TEPJOP,0.8999999761581421
PELWEK,WIZSOP,0.8999999761581421
PEMGAR,PEMGEV,1.0
PEMREG,UVUFUN,0.8999999761581421
PENBAO,PENBOC01,0.8999999761581421
PENBAO,PENBOC,0.8999999761581421
PENBOC,PENBOC01,1.0
PENLEB,QITZUP,1.0
PENLEB,VUKKET,0.8999999761581421
PENVEM01,UKIBIB,1.0
PEPLEC,REQDEX,0.8999999761581421
PEPLIG,XAVDEF,1.0
PEQLAZ,WEYDEM,1.0
PEQTUB,UTADOK,1.0
PESSAK01,SANLOK,1.0
PESSAK01,VICBEQ,1.0
PESSOX,PESSOX01,1.0
PESSOX,PESSOX02,1.0
PESSOX01,PESSOX02,1.0
PESTAK,PESTAK02,1.0
PETFEC,WINJUY,0.8999999761581421
PEVQEO,YOQYIO,0.8999999761581421
PEWDEC,WIKHAC,1.0
PEWDEC,YIGJUW,0.8999999761581421
PEWGEF,YUBFOR,0.8999999761581421
PEWJUW,ZNACEU,0.8999999761581421
PEWJUW,PIPFUP,0.8999999761581421
PEWLUA,REWNEO01,1.0
PEWLUA,PODKUQ,0.845714271068573
PEWZAS,ZAMBIY,1.0
PEWZAS,TAZSAP02,0.8999999761581421
PEXFAA,XEKCAT,1.0
PEXJUY,RANYOU,1.0
PEXJUY01,RANYOU,1.0
PEXTES,XEVGOV,1.0
PEXTES,UHISIO,0.8999999761581421
PEYVEV,TIKXAN,1.0
PEZCII,WIMBIG,0.8999999761581421
PEZRUJ,PEZRUJ01,1.0
PEZRUJ,PURQUP,0.8999999761581421
PEZRUJ,PURQOJ,0.8999999761581421
PEZRUJ01,PURQUP,0.8999999761581421
PEZRUJ01,PURQOJ,0.8999999761581421
PIBBEK,XIYDAN,1.0
PIBBEK,UGOCAW,1.0
PIBBEK,XIYCUG,1.0
PIBGAK,XUDNAN,0.8999999761581421
PICBAH,QUZVEO,0.8999999761581421
PICBAH,YUSWEQ,0.8999999761581421
PICBAH,YUSWIU,0.8999999761581421
PICCUC,PICDAJ,1.0
PICCUC,WUMDIT,0.9142857193946838
PICCUC,WUSLED,0.8999999761581421
PICDAJ,WUSLED,0.8999999761581421
PICWOP,SOSQEY01,1.0
PIDMEV,TETYAV,1.0
PIDMEV,VAXKIR,1.0
PIDMEV,VEHFAS,1.0
PIDMEV01,TETYAV,1.0
PIDMEV01,VAXKIR,1.0
PIDMEV01,VEHFAS,1.0
PIDMEV01,RUYVAK,0.8999999761581421
PIDVOQ,ZEZHUK,1.0
PIFPIE,TETYAV,1.0
PIFPIE,VAXKIR,1.0
PIFPIE,VEHFAS,1.0
PIFXOU,TEQVIW,1.0
PIFXOU,REFVEF,1.0
PIHJOH01,PIHJOH03,1.0
PIHJOH02,PIHJOH03,1.0
PIHNEB,TIRFIK,1.0
PIHNEB,XADDUD,0.8999999761581421
PIHNIF,VIHHUR,0.8999999761581421
PIHNIF,YIFSIS,0.8999999761581421
PIHNIF,XUKJEU,0.8999999761581421
PIHSAB,XIFXUG,1.0
PIHSAB,UNIRUF07,0.8999999761581421
PIJJEZ,SENXAN,0.8999999761581421
PIJJEZ,SENXER,0.8999999761581421
PIJKEB,XUKNIC,1.0
PIJKEB,PUGSER,1.0
PIJKOL,TOVHUJ,1.0
PIJKOL,PIJKUR,1.0
PIJKUR,TOVHUJ,1.0
PIKCUK,ZETQAS,1.0
PIKCUK,SEGVEH,1.0
PIKYIU,WASQEP,0.8999999761581421
PIKYIU,WASQIT,0.8999999761581421
PIMTAJ,SUCLOT,1.0
PIMTAJ,POMSOB,1.0
PINFAW,QOWLOE01,1.0
PINFAW,SEVKAI,1.0
PINFOK,QOWLOE01,1.0
PINFOK,SEVKAI,1.0
PINFOK02,QOWLOE01,1.0
PINFOK02,SEVKAI,1.0
PINPAG,QIDQUS,0.8999999761581421
PIPFOL,QALHES,0.8999999761581421
PIPFUP,ZNACEU,0.8999999761581421
PIQMOT,UWAGAB02,0.8999999761581421
PIQPUC,REFWIL,1.0
PIQPUC,PIQQAJ,1.0
PIQPUC,PIQQEN,1.0
PIQPUC,PIQQIR,1.0
PIQQAJ,REFWIL,1.0
PIQQAJ,PIQQEN,1.0
PIQQAJ,PIQQIR,1.0
PIQQEN,REFWIL,1.0
PIQQIR,REFWIL,1.0
PIQSOX,SUKRIB,1.0
PIQSOX,PIQSOX01,1.0
PIQSOX01,SUKRIB,1.0
PIQSOX01,YICVEL,0.8999999761581421
PIRGEE,PIRGOO,1.0
PIRGOO,PIRHAB,1.0
PITPEP,WEMLAD,0.8999999761581421
PITYUN,PITYUN02,1.0
PITYUN01,PITYUN02,1.0
PIWLAL,VAJNAW,1.0
PIWLAL,PIWLOZ,1.0
PIWLEP,VAJNAW,1.0
PIWLEP,PIWLOZ,1.0
PIWLEP,QUSWIK,1.0
PIWLEP,QUSWIK01,1.0
PIWLOZ,VAJNAW,1.0
PIWLOZ,QUSWIK,1.0
PIWLOZ,QUSWIK01,1.0
PIWLOZ,XALDAS,1.0
PIXLOA,SAZPIV,0.8999999761581421
PIXLOA,PIXLUG,0.8999999761581421
PIXLUG,SAZPIV,1.0
PIZPAP,WADFEP,0.8999999761581421
PIZPET,WADDOX,1.0
PIZPET,WADFEP,0.8999999761581421
PIZPET,YUDVIC,0.8999999761581421
PIZPIX,PIZPIX01,1.0
PIZPIX,WADFAL,1.0
PIZPIX,PIZPIX02,1.0
PIZPIX,RIBZOS,0.8999999761581421
PIZPIX01,WADFAL,1.0
PIZPIX01,PIZPIX02,1.0
PIZPIX01,UGIXOZ,0.8999999761581421
PIZPIX01,YUDVIC,0.8999999761581421
PIZPIX02,WADFAL,1.0
PIZPIX02,WADDOX,0.8999999761581421
POBGAQ,POBGOE,1.0
POBGAQ01,POBGOE,1.0
POBGAQ01,POBGAQ02,1.0
POBGAQ02,POBGOE,1.0
POBJOH,SOGXET,1.0
POCDUI,SIDYEK,0.8999999761581421
POCMEA,TUTQOP,1.0
POCMEA01,TUTQOP,1.0
PODKUQ,YUZPIU,0.8999999761581421
PODKUQ,REWNEO01,0.845714271068573
PODKUQ,QAGDIO,0.8153846263885498
POFDEV,POFFEX,1.0
POFDEV,QERZUI01,1.0
POFFEX,QERZUI01,1.0
POHLOP,POHMAC,0.8999999761581421
POHLOP,POHLUV,0.8999999761581421
POHLOP,WISTID,0.8181818127632141
POHLUV,POHMAC,0.8999999761581421
POHLUV,WISTID,0.8181818127632141
POHMAC,WISTID,0.8181818127632141
POJTUE,SETQIT,1.0
POJTUE,SETQAL,1.0
POJTUE,XUDSIY,1.0
POKZOG,YILKAH,1.0
POMSOB,SUCLOT,1.0
POPICR01,POPICR12,1.0
POPICR01,POPICR15,1.0
POPICR01,POPICR13,1.0
POPICR01,POPICR14,1.0
POPICR01,TLPICR,0.8999999761581421
POPICR13,POPICR15,1.0
POPICR13,TLPICR,0.8999999761581421
POPICR14,POPICR15,1.0
POPICR14,ZZZBQY02,0.8999999761581421
POPICR15,ZZZBQY02,0.8999999761581421
POPQIW,VILNUZ,1.0
POPSAQ,SOWXOT,1.0
POPSAQ,SOWXIN,0.8999999761581421
POQXOJ,XOVQUU01,0.8999999761581421
PORHOV,YEJDAV,0.8999999761581421
PORLEP,QASXIU,1.0
PORLEP,VIWMOF,0.8999999761581421
PORLEP,VIWMIZ,0.8999999761581421
PORVID,VITKUG,1.0
PORVID,XOJZEC,1.0
PORVID,YICVEL,0.8999999761581421
POSFOU,POSGAH,1.0
POSFOU,POSGOV,0.8999999761581421
POSFOU,POSGUB,0.8999999761581421
POSGAH,POSGUB,0.8999999761581421
POSGOV,POSGUB,0.8999999761581421
POTREX,QIKVAK,0.8999999761581421
POVRAU,POVREY,0.8999999761581421
POVXII,QQQFUV02,1.0
POVXII,QOTWON,1.0
POVXII,ZNACEU05,0.8999999761581421
POWYEH,WIDQEG,1.0
POWYEH,WIHWIU,1.0
PTRPHT02,ZEFNIH01,1.0
PUCTEN,XAHZAI02,0.8999999761581421
PUDSIR,PUDSIR01,1.0
PUDSIR,YURKEC,0.8999999761581421
PUDSIR,YOZQEK,0.8999999761581421
PUDSIR,YURKIG,0.8999999761581421
PUDSIR01,YURKEC,0.8999999761581421
PUDTAK,SIVGAH,0.8999999761581421
PUFNUB,XUGWAZ,0.8999999761581421
PUGFII,PUGJEI,1.0
PUGFII,WITJUG,1.0
PUGFII,PUGGOP,1.0
PUGFII,WITJOA,1.0
PUGGOP,PUGJEI,1.0
PUGGOP,WITJUG,1.0
PUGGOP,WITJOA,1.0
PUGJEI,WITJUG,1.0
PUGSER,XUKNIC,1.0
PUKJIO,PUKJIO02,1.0
PUKJIO,PUKJIO01,1.0
PUKJIO01,PUKJIO02,1.0
PUKSOE,PUKTAR,0.8999999761581421
PUKSOE,PUKTIZ,0.8999999761581421
PUKSOE,PUKSUK,0.8999999761581421
PUKSOE,PUKTEV,0.8999999761581421
PUKSUK,PUKTEV,0.8999999761581421
PUKSUK,PUKTAR,0.8999999761581421
PUKSUK,PUKTIZ,0.8999999761581421
PUKTAR,PUKTEV,0.8999999761581421
PUKTEV,PUKTIZ,0.8999999761581421
PULQUK,QUSBIQ,1.0
PULTAT,YIGJAC,0.8999999761581421
PUNCIL,XISGEN,0.8999999761581421
PUNDUY,YEYRAY,1.0
PUNSIB,PUNSUN,1.0
PUNSIB,WEMJUU,0.8999999761581421
PUNSIB,TIJPOT,0.8999999761581421
PUNSIB,WEMJII,0.8999999761581421
PUNSUN,WEMJUU,0.8999999761581421
PUNSUN,TIJPOT,0.8999999761581421
PUNSUN,WEMJII,0.8999999761581421
PUNYED,XAPSIS,1.0
PUNYED,TIVYAZ,1.0
PUNYIH,WEYQAU08,1.0
PUNYIH,ZUCXOK,1.0
PUNYON,XUJPOI,1.0
PUNYON,VEMSUC,1.0
PUPVEB,ZZZUKQ02,1.0
PUPVEB,SROXAL01,1.0
PUPVEB,XORDAJ,1.0
PUPXII,PUPXII01,1.0
PUPXII01,RATVEP,0.8999999761581421
PUQBOT,ZEZPUR,0.8999999761581421
PUQBOT,XAPRIR,0.8999999761581421
PUQXUV,PUQYAC,1.0
PUQXUV,XEGWAK,1.0
PUQXUV,XEGWUE,1.0
PUQYAC,XEGWAK,1.0
PUQYAC,XEGWUE,1.0
PUQYAC,YAPXIX,1.0
PURJAO,PURJES,1.0
PURJAO,PURJIW,1.0
PURJES,RUMWUS,1.0
PURJES,TACJEO,1.0
PURJIW,WAGYUA,1.0
PURQOJ,PURQUP,1.0
PURROK,WEDNUQ,0.8999999761581421
PURRUR,SAJDIT,0.8999999761581421
PURRUR,PURSAY,0.8999999761581421
PURRUR,PURSIG,0.8999999761581421
PURSAY,SAJDIT,0.8999999761581421
PURSAY,PURSEC,0.8999999761581421
PURSEC,PURSIG,0.8999999761581421
PURSEC,SAJDIT,0.8999999761581421
PURSIG,SAJDIT,0.8999999761581421
PUTNEZ,YICQOS,0.8999999761581421
PUTNEZ,YICQOS01,0.8999999761581421
PUTNEZ,SEKXUE,0.8999999761581421
PUTNEZ,YICQUY,0.8999999761581421
PUWCOZ,RAHBUZ,0.8999999761581421
PUWDAM,VANNIK,0.8999999761581421
PUWDAM,VANNEG,0.8999999761581421
PUWDAM,YERFUZ,0.8999999761581421
PUWDEQ,USAHAZ,1.0
PUWDEQ,WORLAS,1.0
PUYREI,VUQKAU01,1.0
PUYREI,VUQKAU,1.0
PUYREI,VUQJUN,1.0
PUYREI01,VUQKAU01,1.0
PUYREI01,VUQKAU,1.0
PUYREI01,VUQJUN,1.0
PUYZUF,PUZBAO,1.0
PUZJIF,YABPAU,1.0
PUZJIF,PUZKUS,1.0
PUZKUS,YABPAU,1.0
QACTUJ,VOXKIE,1.0
QACTUJ,ZEDWAI,1.0
QADKAH,QADKAH01,1.0
QADKEL,QADKEL02,1.0
QADKEL,YOXYAN,1.0
QADKEL01,QADKEL02,1.0
QADKEL01,QADKEL03,1.0
QADKEL01,QADKEL04,1.0
QADKEL01,QADKEL05,1.0
QADKEL01,QOPHEI,1.0
QADKEL01,UCUPEN,1.0
QADKEL03,YOXYAN,1.0
QADKEL04,UCUPEN,1.0
QADKEL05,QOPHEI,1.0
QADYOK,VUNHAN,1.0
QAFHEN,WAZFOV,0.8999999761581421
QAFHEN,WAZFIP,0.8999999761581421
QAGTOH,RULVUP,1.0
QAHPEX,SIWPUL,1.0
QAHPEX01,SIWPUL,1.0
QAHPEX02,SIWPUL,1.0
QAHPEX03,SIWPUL,1.0
QAHPEX04,SIWPUL,1.0
QAHPEX05,SIWPUL,1.0
QAHPEX06,SIWPUL,1.0
QAHPEX07,SIWPUL,1.0
QAHREY,XECJUK01,0.8999999761581421
QAHREY,XECJUK,0.8999999761581421
QAHTOI,YIKMAG,0.8999999761581421
QAHTOI,XEBHOB,0.8999999761581421
QAJLAP,XILXUN,0.8999999761581421
QAJLAP,XILWUM,0.8999999761581421
QAJLAP,SEYDUW,0.8999999761581421
QAKFIU,WIZKOH,0.8999999761581421
QALGUH,REZXEA,1.0
QALGUH,YEDKOI,1.0
QALNEW,UNIRUF14,0.8999999761581421
QAMJEU,QOGREK,0.8105263710021973
QAMJEU,QOGRIO,0.8105263710021973
QAMVEH,QAMVEH01,1.0
QANFUJ,TONMAM,0.8999999761581421
QANFUJ,TONMEQ,0.8999999761581421
QANSEE,SAZQEQ,1.0
QANSEE,YOVTOS,1.0
QANYAG01,QANYAG02,1.0
QANYAG01,VEXYOM,1.0
QANYAG01,SIDRUT,0.8999999761581421
QANYAG02,VEXYOM,1.0
QANYAG02,TEKYOX01,0.8999999761581421
QAPGIZ,UWIGOX,0.8999999761581421
QAPPON,QAPPUT,1.0
QAPYOY,SITDAD,1.0
QAPYOY,VITZEF,0.8999999761581421
QAPYOY,VITZOP,0.8999999761581421
QAQSAD,USAHAZ,1.0
QASXAM,ZZZEJE01,0.8999999761581421
QASYUH,QATBAR,0.8999999761581421
QATKOO,YICZAO,1.0
QATKOO,ZOFZUR,0.8999999761581421
QATLEE,YAJNEF,1.0
QATPUX,REGJIW01,1.0
QATPUX,REGJIW,1.0
QATPUX,QATPUX01,1.0
QATPUX,QATPUX02,1.0
QATPUX,REGJIW02,1.0
QATPUX01,TIPROZ,1.0
QATPUX02,TIPROZ,1.0
QECPOG,QECPUM,0.8999999761581421
QEDZEG,TONQOD,1.0
QEGPID,QEGQEA,0.8999999761581421
QEGPID,QEGPUP,0.8999999761581421
QEGPUP,QEGQEA,0.8999999761581421
QEHGOC,QEHGOC02,1.0
QEHGOC01,QEHGOC02,1.0
QEHJIX,SESDEA01,0.8999999761581421
QEHYEK,QEJBEP,1.0
QEHYOU,QEJBEP,1.0
QEHZAH,QEJBEP,1.0
QEHZEL,QEJBEP,1.0
QEHZIP,QEJBEP,1.0
QEKDOA,RENQIK,0.8999999761581421
QEMGIB,QEMGOH,1.0
QEMGIB,UGAGIV,0.8999999761581421
QEMGOH,UGAGIV,0.8999999761581421
QEPNOR,QOSFAH,0.8999999761581421
QEPZOB,QEPZUH,1.0
QESBAR,VOJPOA,1.0
QESBAR,WIQRUL,1.0
QESBAR,XIPCEF,1.0
QESBAR01,VOJPOA,1.0
QESBAR01,WIQRUL,1.0
QESBAR01,XIPCEF,1.0
QESNEK,QESNEK02,1.0
QESNEK01,QESNEK02,1.0
QESNEK01,QESNEK03,1.0
QESNEK01,QESNEK04,1.0
QESPIO,WOQJIW03,0.8999999761581421
QESPIO,VAMWAI,0.8999999761581421
QESTOA,XUNJOG,0.8999999761581421
QESYOD,QESYUJ,1.0
QETCUO,ZEZPIF,1.0
QETSOA,XOCGUU,0.8999999761581421
QETSOY01,UZATAR,1.0
QETYUM,QETZEX,1.0
QETYUM,XEKCUN,0.8999999761581421
QETZEX,XEKCUN,0.8999999761581421
QETZEX,WANYIV,0.8999999761581421
QETZEX,WANYOB,0.8999999761581421
QEXHIN,SIVGIP,0.8999999761581421
QEXHIN,TEBSAW,0.8999999761581421
QEXHIN,WIFGUP,0.8999999761581421
QEYKIR,TAVDAY,0.8999999761581421
QEYKIR,TAVDEC,0.8999999761581421
QEYKIR,XESCIK,0.8999999761581421
QEYKIR,TAVSER,0.8999999761581421
QEZZED,RASKIH,0.8999999761581421
QICXUY,UKAQED,1.0
QICXUY,ZIGQEO,1.0
QICXUY,ZIGQIS,1.0
QIDSII,WUZKUY,1.0
QIDSII,REWTOF,1.0
QIFMAW,QIFMEA,0.8999999761581421
QIFMEA,QIFMIE,0.8999999761581421
QIHMUS,TANKIE,0.8999999761581421
QIHPIJ,QIHPUV,0.8999999761581421
QIJFAT,XISMUK,0.8999999761581421
QIJFEX,XISMUK,1.0
QIJFIB,XIRYIJ,1.0
QIJFIB,SOMJOV,0.8999999761581421
QIKTUC,QIKVAK,0.8999999761581421
QIKVAK,XALMII,0.8999999761581421
QIKVAK,QOZSIJ,0.8699999451637268
QIKZES,VUKTOM,0.8999999761581421
QIKZIW,USAYOE,0.8999999761581421
QIKZIW,ZEFROT,0.8999999761581421
QIMFEA,TAGTIH,1.0
QIMFEA,TOWLIC,0.8999999761581421
QIMFUQ,QIMHAY,1.0
QIMFUQ,QIWFIN,1.0
QIMFUQ,TIVMIW,1.0
QIMFUQ,QIMHEC,1.0
QIMHAY,QIWFIN,1.0
QIMHAY,TIVMIW,1.0
QIMHAY,QUMSOH,0.8999999761581421
QIMHEC,QIWFIN,1.0
QIMHEC,TIVMIW,1.0
QIMHEC,QUMSOH,0.8999999761581421
QINSUD,SIWPUL,1.0
QINSUD01,SIWPUL,1.0
QIQTOB,QIQVIX,0.8999999761581421
QISFUV,QISGAC,0.8999999761581421
QISNEN,YEYRAY,1.0
QISXIB,VUMCIQ,0.8999999761581421
QISXIB,WIZSOP,0.8999999761581421
QITVEV,QUTDAL,0.8999999761581421
QITVEV,QUTDAL01,0.8999999761581421
QITVIZ,SEFPUP,0.8999999761581421
QITZUP,VUKKET,0.8999999761581421
QIVKEL,XASJUZ,1.0
QIVKEL01,XASJUZ,1.0
QIWCOQ,QIWCUW,0.8999999761581421
QIWCOQ,QIWDAD,0.8999999761581421
QIWCUW,QIWDAD,0.8999999761581421
QIWFIN,TIVMIW,1.0
QIYDAF01,QIYDIN,1.0
QIYDAF01,QIYDIN01,1.0
QIYDIN,QIYDIN01,1.0
QIYDIN01,ZARLEL,0.8999999761581421
QIYDIN01,ZARLIP,0.8999999761581421
QIYSAT,QOFMUU,1.0
QIYSAT,XOVBIV01,0.8999999761581421
QOCKAV,QOCKEZ,1.0
QOGREK,QOGROU,1.0
QOGREK,QOGRIO,1.0
QOGREK,VUNBOW,0.8999999761581421
QOGRIO,QOGROU,1.0
QOGRIO,VUNBOW,0.8999999761581421
QOGROU,VUNBOW,0.8999999761581421
QOHYET,YICGOJ,0.8999999761581421
QOJDUP,TAKDIU,0.8999999761581421
QOLFIH,TOWMUP,1.0
QOLFIH,XINPOC,0.8999999761581421
QONKOV,VUQJEX01,1.0
QOPCEE,WAVDUT,0.8999999761581421
QOPCEE,QUTNID,0.8999999761581421
QOPCEE,SOGXIW,0.8999999761581421
QOPHEI,YOXYAN,1.0
QOPPOC,SALLAT,0.8999999761581421
QOPZIF,TEQVES,1.0
QOPZIF,SUVMAZ,1.0
QOQWOK,QOQWOK01,1.0
QOQWOK,TEVVIC,0.8999999761581421
QOQWOK01,TEVVIC,0.8999999761581421
QOSXAY,QOVDAH,1.0
QOSXAY,XESKOX,0.8999999761581421
QOTDUZ,SOMQUG,0.8999999761581421
QOTDUZ,XEBHOB,0.8999999761581421
QOTWON,QQQFUV02,1.0
QOVXEG,VEJZEQ,1.0
QOVXEG,VEJZUG,1.0
QOVXEG,QOVXIK,1.0
QOVXIK,VEJZEQ,1.0
QOVXIK,VEJZUG,1.0
QOWLEU,WIZDAL,1.0
QOWRAV,QOWRAV04,1.0
QOWRAV02,QOWRAV04,1.0
QOWRAV02,QOWRAV06,1.0
QOWRAV02,QOWRAV07,1.0
QOWRAV02,QOWRAV08,1.0
QOWRAV02,QOWRAV09,1.0
QOWRAV02,QOWRAV12,1.0
QOWRAV09,QOWRAV12,1.0
QOZFUG,UFEVEH,0.8999999761581421
QOZFUG,UFEVIL,0.8999999761581421
QOZNAV,TOLPIU,0.8999999761581421
QOZNAV,TOLPEQ,0.8999999761581421
QOZNAV,TOLQAN,0.8999999761581421
QOZPEC,QOZPIG,1.0
QOZPIG,QOZPOM,0.8999999761581421
QOZSIJ,TEZJOA,0.9699999690055847
QOZXUZ,SISPUH,1.0
QOZYUA,QOZYUA02,1.0
QOZYUA,QOZYUA01,1.0
QOZYUA,QOZYUA03,1.0
QOZYUA01,QOZYUA03,1.0
QQQAWM01,REGJIW02,1.0
QQQAWM01,QQQAWM02,1.0
QQQAWM01,TIPROZ,1.0
QQQAWM01,QUMPUK,0.8999999761581421
QQQAWM02,REGJIW02,1.0
QQQAWM02,QUMPUK,0.8999999761581421
QQQBNA11,WUYPUD,1.0
QQQDSD01,ZZZFUU02,1.0
QQQDSD01,ZAXLUH,1.0
QQQDSD01,QQQDSD03,1.0
QQQDSD01,RBOXAL01,1.0
QQQDSD03,ZZZFUU02,1.0
QQQDSD03,ZAXLUH,1.0
QUBHAX,QUBHAX01,1.0
QUHMOX,VESBIG,0.8999999761581421
QUHMOX,VESBOM01,0.8999999761581421
QUJFUX,QUJGAE,1.0
QUJKAI,QUJKEM,1.0
QUJKAI,YAZYEF,0.8999999761581421
QUJKUD,QUJLAK02,1.0
QUJKUD,QUJLAK01,1.0
QUJLAK,QUJLAK02,1.0
QUJLAK,QUJLAK01,1.0
QUJLAK01,QUJLAK02,1.0
QUJLAK02,VIDJID,0.8999999761581421
QULMIU,WAMRIN02,0.8999999761581421
QULMIU,WAMRIN,0.8999999761581421
QULMIU,XADHER,0.8999999761581421
QULMUG,WOSGIW,0.8999999761581421
QUMGAI,TACPAP,0.8999999761581421
QUMJUF,QUMKAM,0.8999999761581421
QUMPUK,QUMQAR,0.8999999761581421
QUMPUK,QUMQUL,0.8999999761581421
QUMPUK,QUMSAT,0.8999999761581421
QUMQAR,QUMROG,0.8999999761581421
QUMQAR,TOJNAJ,0.8999999761581421
QUMQAR,QUMQIZ,0.8999999761581421
QUMQAR,QUMSIB,0.8999999761581421
QUMQEV,QUMSUN,0.8999999761581421
QUMQEV,QUMSIB,0.8999999761581421
QUMQIZ,QUMQOF,0.8999999761581421
QUMQIZ,QUMROG,0.8999999761581421
QUMQOF,RISXAU,0.8999999761581421
QUMQOF,QUMSUN,0.8999999761581421
QUMQUL,QUMROG,0.8999999761581421
QUMQUL,QUMRUM,0.8999999761581421
QUMQUL,QUMSAT,0.8999999761581421
QUMREW,QUMSAT,0.8999999761581421
QUMREW,QUMSOH,0.8999999761581421
QUMREW,XOTWIO,0.8999999761581421
QUMREW,QUMROG,0.8999999761581421
QUMREW,TOJNEN,0.8999999761581421
QUMRIA,TIPROZ,0.8999999761581421
QUMROG,QUMRUM,0.8999999761581421
QUMROG,WACBEI,0.8999999761581421
QUMRUM,QUMSIB,0.8999999761581421
QUMSAT,XOTWIO,0.8999999761581421
QUMSUN,YUHVEE,0.8999999761581421
QUMXUS,XAGCIS01,0.8999999761581421
QUMXUS,XAGCIS02,0.8999999761581421
QUMXUS,TIVFAG,0.8999999761581421
QUNXEE,YIXZEM,1.0
QUNXEE,YIXZAI,1.0
QUNXEE,TUPDIT04,0.8999999761581421
QUPZAE,QUPZAE01,1.0
QUPZAE,SOHGUS,1.0
QUPZAE,QUPZAE02,1.0
QUPZAE01,SOHGUS,1.0
QUPZAE01,QUPZAE02,1.0
QUPZAE02,SUTBEP,0.8999999761581421
QUPZAE02,SOHGUS,1.0
QUPZIM,VICDOC,1.0
QUPZIM,QUPZIM01,1.0
QUPZIM,QUPZIM02,1.0
QUPZIM01,VICDOC,1.0
QUPZIM01,QUPZIM02,1.0
QUPZIM02,VICDOC,1.0
QUQFIS,XOMHEO,1.0
QUQFIS,YOVCAP,1.0
QUQGUF,XUYYIA,0.8999999761581421
QUQGUF,SOSQIC01,0.8999999761581421
QURNEY,WEQNEO,0.8999999761581421
QUSWIK01,ROZXEL,1.0
QUSWIK01,RUBBOH,1.0
QUTDAL,QUTDAL01,1.0
QUTDAL,ZEZPIF,0.8999999761581421
QUTDAL01,ZEZPIF,0.8999999761581421
QUTTII01,WINCEC,1.0
QUTTII01,WIHDUN,0.8999999761581421
QUVBUF,QUVCAM,0.8999999761581421
QUVBUF,QUVCEQ,0.8999999761581421
QUVBUF,SIBMEY,0.8999999761581421
QUVCAM,QUVCEQ,0.8999999761581421
QUVCAM,SIBMEY,0.8999999761581421
QUVCEQ,SIBMEY,0.8999999761581421
QUVZEO,SEZDAF,1.0
QUVZEO,SEZCIM02,1.0
QUVZEO,QUVZIS,1.0
QUVZEO,SEZCUY01,1.0
QUVZEO,SEZDAF01,1.0
QUVZIS,SEZDAF,1.0
QUVZIS,SEZCIM02,1.0
QUVZIS,SEZCUY01,1.0
QUVZIS,SEZDAF01,1.0
QUWYEO,ZERQOE,1.0
QUXRAE,QUXROS,1.0
QUXRAE,QUXRUY,1.0
QUXRAE,ZERQOE,1.0
QUYRAF,TACJEO,0.8999999761581421
QUZVEO,YUSWEQ,1.0
QUZVEO,YUSWIU,1.0
QUZVEO,TAGTIH,0.8999999761581421
QUZVEO,TOWLIC,0.8999999761581421
QUZVEO,USUQOQ,0.8999999761581421
QUZZES,XINJEL,1.0
RABWAS,UDUMIP,1.0
RABWAS,UDUMIP02,1.0
RABWAS,UDUMIP03,1.0
RABWAS,WEVYEE,0.8999999761581421
RAFRUL,RIYXIG,1.0
RAFRUL,ZIWTII,1.0
RAGCOS,XEZVOP,1.0
RAGCOS,TEYREW01,0.8999999761581421
RAGMOE,RUYTOW,1.0
RAGMOE,RUYTUC,1.0
RAGMOE,RUYTIQ,1.0
RAGMOE,RUYQIN03,1.0
RAGMOE,RUYQOT,1.0
RAGREY,XEDGOC01,0.8999999761581421
RAHXEE,SISFAD,0.8999999761581421
RAHXEE,XEVGUB,0.8999999761581421
RAJPIE,RODSAG01,1.0
RAJPIE,RODSAG,1.0
RAJPIE,REFBAH,1.0
RAJPIE,REFBAH01,1.0
RAKBIO,RAKBIO02,1.0
RAKBIO,RAKBIO01,1.0
RAKBIO01,RAKBIO02,1.0
RAKPAV,RAKPEZ,1.0
RAKPAV,SOTTUR,0.8999999761581421
RAKPAV,WUHMAP,0.8999999761581421
RAKPEZ,WUHMAP,0.8999999761581421
RAKPEZ,XESKUD,0.8999999761581421
RAKPEZ,YEMLOS,0.8999999761581421
RAKYAD,VUKPUN,0.8999999761581421
RAKYAD,RAKZEI,0.8999999761581421
RAKYAD,TATCEZ,0.8999999761581421
RAKYAD,UGOXIX01,0.8999999761581421
RAKYEH,TATCID,0.8999999761581421
RAKYEH,RAKZEI,0.8999999761581421
RAKYIL,RAKZEI,0.8999999761581421
RAKYIL,VUKPUN,0.8999999761581421
RAKZAE,VUKPIB,0.8999999761581421
RAKZEI,UGOXIX01,0.8999999761581421
RAMRUV,SIVGIP,1.0
RAMRUV,SIVGOV,1.0
RAMRUV,TEBSAW,1.0
RAMRUV,UJUPUM,1.0
RAMSUT,RAMSUT01,1.0
RAMSUT,VUQHUL01,1.0
RAMSUT01,VUQHUL01,1.0
RANNOM,RANPAA,0.8999999761581421
RANNOM,RANNUS,0.8999999761581421
RANNUS,RANPAA,0.8999999761581421
RANYOU,RUPTED,1.0
RANZAI,ZIMSIZ,1.0
RAPBEP,WUVGOL,1.0
RAPXIR,RAPXOX,0.8999999761581421
RASKIH,RASKON,1.0
RASKIH,WENRIR,0.8999999761581421
RASKIH,TIRFIK,0.8999999761581421
RASKON,WENRIR,0.8999999761581421
RASKON,TIRFIK,0.8999999761581421
RASXEP,WEMCEY,1.0
RASXEP,RIHFUL,0.8999999761581421
RASXEP,WEMDAV,0.8999999761581421
RASXEP,XETHIO,0.8999999761581421
RATDAS01,SANMEB,1.0
RATDAS01,TESGUU,1.0
RATDAS02,SANMEB,1.0
RATDAS02,TESGUU,1.0
RATVEP,RUVMAX,0.8999999761581421
RAVCOI,RAVDEZ,0.8999999761581421
RAVCOI,RAVDID,0.8999999761581421
RAVCOI,RAVCUO,0.8999999761581421
RAVCOI,RAVDUP,0.8999999761581421
RAVCUO,RAVDEZ,0.8999999761581421
RAVCUO,RAVDUP,0.8999999761581421
RAVDEZ,RAVDID,0.8999999761581421
RAVDID,RAVDUP,0.8999999761581421
RAVDUP,RAVFAX,0.8999999761581421
RAVDUP,RAVFEB,0.8999999761581421
RAVDUP,RAVFIF,0.8999999761581421
RAVFEB,RAVFIF,0.8999999761581421
RAVGAY,RAVGIG,0.8999999761581421
RAVVIU,VIRJIQ,1.0
RAVVIU01,VIRJIQ,1.0
RAVVOA,VIRJIQ,1.0
RAVVOA01,VIRJIQ,1.0
RAVVOA02,VIRJIQ,1.0
RAVWAO,RAVWES,0.9678571820259094
RAWZIA,WIHDUN,0.8999999761581421
RAXCAW,XOJWOJ,1.0
RAXCAW,XOJXEA,1.0
RAXCAW,UGUKUD,1.0
RAXCEA,XOJWOJ,1.0
RAXCEA,XOJXEA,1.0
RAXYOF,SIBDEO,0.8999999761581421
RAZGOQ,VUNNID,1.0
RAZGOQ,VUNNEZ,1.0
RBOXAL01,ZZZFUU02,1.0
RBOXAL01,ZZZFUU01,1.0
RBOXAL01,ZAXLUH,1.0
RBTCNQ12,RBTCNQ13,1.0
RBTCNQ13,TONTIB,0.8999999761581421
REBVIG,ZUJVAD,1.0
REDPEW,VINKEL,0.8999999761581421
REDPEW,VINJAG,0.8999999761581421
REDPEW,VINWOH,0.8999999761581421
REDPEW,VINKIP,0.8999999761581421
REDYEG,VACFUB01,1.0
REFBAH,REFBAH01,1.0
REFBAH,RODSAG,1.0
REFFIT,TIXVON,1.0
REFVEF,TEQVIW,1.0
REGLIA,REGLOG,1.0
REGLIA,REGLUM,1.0
REGLIA,XUBMEN,1.0
REGREC,VEHKIE,1.0
REGXOS,YESZAA,0.8999999761581421
REGYOT,SENXER,0.8999999761581421
REGYOT,SENXAN,0.8999999761581421
REHHET,REHHIX,1.0
REHJIZ,WOSGUI,0.8999999761581421
REJVOS,XEHSAF,1.0
REJVOS,SIWZOP03,1.0
REKWUB,REKXAI,1.0
REKWUB,XUMSEF,0.8999999761581421
REKWUB,REKXIQ,0.8999999761581421
REKXAI,XUMSEF,0.8999999761581421
REKXAI,REKXIQ,0.8999999761581421
REKXIQ,XUMSEF,0.8999999761581421
REKXIQ,XUMSIJ,0.8999999761581421
RELLOK,XOHQER,1.0
RENQIK,XELHUS,0.8999999761581421
REPCIZ,RUXWEM03,1.0
REQCAU,RIHKIF,0.8999999761581421
REQDIB,VALVAI,1.0
REQRUD,SIVJAI01,0.8999999761581421
REQRUD,SIVJAI,0.8999999761581421
REQSEO,WOZKUR,0.8999999761581421
REQSIS,XUKKET02,0.8999999761581421
REQSIS,XUKKET01,0.8999999761581421
REQSIS,YIVZEI,0.8999999761581421
REVROC,REVRUI,0.8999999761581421
REWTOF,WUZKUY,1.0
REWTUL,USAGIG,1.0
REWTUL,XUCHOS01,0.8999999761581421
REWTUL,XUCHOS,0.8999999761581421
REWVIB,USEVOF,0.8999999761581421
REYCEF,REYCUV,1.0
REZJIR,SIWPUL,1.0
REZJIR02,SIWPUL,1.0
REZJIR03,SIWPUL,1.0
REZJIR04,SIWPUL,1.0
REZXEA,YEDKOI,1.0
REZXIE,XEQNEM,1.0
REZXIE,XEQNEM02,1.0
REZXIE,YOXZOC,1.0
REZXIE01,XEQNEM,1.0
REZXOK,TONBII,1.0
RIBCAJ,RUKDIM,0.8363636136054993
RIBCAJ,WUPTUY01,0.8363636136054993
RIBSED,WOBQEL,0.8999999761581421
RIBSED,XAJQAC,0.8999999761581421
RIBZOS,WADDUD,1.0
RIBZOS,YUDVIC,0.8999999761581421
RICHAN,RIHJIC,1.0
RICHAN,RICHIV,1.0
RICHIV,RIHJIC,1.0
RIDCEN,VALWOX,0.8999999761581421
RIFDUG01,VEHKIE,1.0
RIFPEB,SUXYOA,0.8999999761581421
RIFPEB,SUXYEQ,0.8999999761581421
RIFPEB,SUXYIU,0.8999999761581421
RIFPEB,SUXYAM,0.8999999761581421
RIFQIG,RIFQIG01,1.0
RIFQIG01,XAKVOV,1.0
RIFQIG01,XAKVIP,1.0
RIHFUL,TEFWIL,0.8999999761581421
RIHFUL,UFARUP,0.8999999761581421
RIHJIC,UKUDEL,0.8999999761581421
RIHKIF,ZIZTEJ,0.8999999761581421
RIHSEJ,YEXCOW,0.8999999761581421
RIHZUF,XUBGUY,0.8999999761581421
RIHZUF,ZEXSOM,0.8999999761581421
RIJBAP,SEQJOQ,0.8999999761581421
RIJBAP,XUBGUY,0.8999999761581421
RIJYIV,UYOGOF,1.0
RIJYIV,WONBAD,1.0
RILVOZ,SUVMIH,1.0
RIPNOV,RIPNUB,1.0
RIPNOV,VEJZOA,1.0
RIPNOV,RIPPAJ,1.0
RIPNUB,VEJZOA,1.0
RIPNUB,VELVIS,1.0
RIPPAJ,VEJZOA,1.0
RIQDIH,RIQDUT,0.8999999761581421
RIQDIH,RIQDON,0.8999999761581421
RIQDON,RIQDUT,0.8999999761581421
RIQVOD,RIQVUJ,0.8999999761581421
RIQVUJ,VULFOZ,0.8999999761581421
RISXAT01,VAKLIF,0.8999999761581421
RISXAT01,VAKREG,0.8999999761581421
RISXAU,TIPRIT01,1.0
RISXAU,TOJNAJ,0.8999999761581421
RIWDUY,VIRJIQ,1.0
RIYXIG,XAZGAG,1.0
ROFREL,ROFREL01,1.0
ROFREL,TAKTEH,0.8999999761581421
ROFREL01,TAKTEH,0.8999999761581421
ROGLOP,UFATEA01,1.0
ROGLOP,UFATEA,1.0
ROGRAH,YEMHOO,1.0
ROGRAH,RUVKOJ,0.8999999761581421
ROJPUD,XANDAU,1.0
ROJPUD,XOMRUO,0.8999999761581421
ROJSUF01,YOWPIK,0.8999999761581421
ROJSUF01,ZEKKUX,0.8999999761581421
ROJSUF01,ZEKKOR,0.8999999761581421
ROLCEC,ROLCEC15,1.0
ROLCEC01,ROLCEC15,1.0
ROLCEC02,ROLCEC15,1.0
ROLCEC03,ROLCEC15,1.0
ROLCEC04,ROLCEC15,1.0
ROLCEC05,ROLCEC15,1.0
ROLCEC06,ROLCEC15,1.0
ROLCEC07,ROLCEC15,1.0
ROLCEC08,ROLCEC15,1.0
ROLCEC09,ROLCEC15,1.0
ROLCEC10,ROLCEC15,1.0
ROLCEC11,ROLCEC15,1.0
ROLCEC13,ROLCEC15,1.0
ROLCEC13,ROLCEC18,1.0
ROLCEC13,ROLCEC19,1.0
ROLCEC13,YUKVOQ,1.0
ROLCEC13,YUKVOQ01,1.0
ROLCEC13,YUKVOQ02,1.0
ROLCEC13,YUKVOQ03,1.0
ROLCEC13,YUKVOQ04,1.0
ROLCEC13,YUKVOQ05,1.0
ROLCEC13,YUKVOQ06,1.0
ROLCEC13,YUKVOQ07,1.0
ROLCEC19,YUKVOQ,1.0
ROLCEC19,YUKVOQ01,1.0
ROLCEC19,YUKVOQ02,1.0
ROLCEC19,YUKVOQ03,1.0
ROLCEC19,YUKVOQ04,1.0
ROLCEC19,YUKVOQ05,1.0
ROLCEC19,YUKVOQ06,1.0
ROLCEC19,YUKVOQ07,1.0
ROLZAU,YIQVUR,0.8999999761581421
ROLZEZ,VUGXOM,1.0
ROLZEZ,VUGXIG,0.8999999761581421
ROLZEZ,VUGWUR,0.8999999761581421
ROLZEZ,VUGXAY,0.8999999761581421
ROLZEZ,VUGXEC,0.8999999761581421
ROMQAN,ROMQER,1.0
ROMQAN,XULDOZ,0.8999999761581421
ROMQAN,XULDEP,0.8999999761581421
ROMQAN,SEKYEP,0.8999999761581421
ROMQER,XULDOZ,0.8999999761581421
ROMQER,XULDEP,0.8999999761581421
ROMQER,UQERIT,0.8608695268630981
RORJOZ,UNACIW,1.0
RORLIV,XIKGEG01,1.0
RORLIV,VINMOX01,1.0
RORLIV,VINMUD,1.0
RORRIB,WOHZAU01,0.8999999761581421
ROYREE,ROYRII,0.8999999761581421
ROYRII,ROYRUU,0.8999999761581421
ROYROO,ROYTOQ,1.0
ROYROO,ROYSUV,0.8999999761581421
ROYROO,ROYRUU,0.8999999761581421
ROYROO,ROYTAC,0.8999999761581421
ROYRUU,ROYSAB,0.8999999761581421
ROYSAB,ROYSEF,0.8999999761581421
ROYSAB,ROYSUV,0.8999999761581421
ROYSAB,ROYTAC,0.8999999761581421
ROYSEF,ROYTAC,0.8999999761581421
ROYSEF,ROYSUV,0.8999999761581421
ROYSEF,ROYTOQ,0.8999999761581421
ROYTAC,ROYTOQ,0.8999999761581421
RUBBOH,YIQVUR,0.8999999761581421
RUBJOO,ZIZTIN,0.8999999761581421
RUBLAD03,SELKUS,1.0
RUBLAD03,SELKIG,1.0
RUBTAK,SURHEU02,1.0
RUBTAK,RUBTAK09,1.0
RUBTAK01,SURHEU02,1.0
RUBTAK01,RUBTAK09,1.0
RUBTAK03,SURHEU02,1.0
RUBTAK03,RUBTAK09,1.0
RUBTAK07,SURHEU02,1.0
RUBTAK07,RUBTAK09,1.0
RUBTAK08,SURHEU02,1.0
RUBTAK08,RUBTAK09,1.0
RUBTAK08,SURHEU01,1.0
RUBTAK08,SURHEU03,1.0
RUBTAK08,SURKAT,1.0
RUBTAK08,SURKEX,1.0
RUBTAK08,UFOSEQ,1.0
RUBTAK08,UFOSOA,1.0
RUBTAK09,SURHEU02,1.0
RUBTAK09,ZONBAH,1.0
RUBZIY,XILBAW,1.0
RUBZIY,RUBZIY02,1.0
RUBZIY,RUBZIY03,1.0
RUBZIY,YAPQUC,1.0
RUBZIY,YICREI,1.0
RUBZIY02,XILBAW,1.0
RUBZIY02,YAPQUC,1.0
RUBZIY03,XILBAW,1.0
RUBZIY03,YAPQUC,1.0
RUDQUD,RUDQUD01,1.0
RUDRUE,XADLIX,1.0
RUFMUA,TECVEE,1.0
RUFMUA,TECTUS,1.0
RUFMUA,TECVOO,1.0
RUFMUA01,TECVEE,1.0
RUFMUA01,TECTUS,1.0
RUGGOR,WIHTEO,1.0
RUGHEI,WIHSUD,1.0
RUGXOI,RUGXOI01,1.0
RUGXOI,RUGXUO,1.0
RUGXUO,XINTOG,0.8999999761581421
RUGXUO,ZOYKEF,0.8999999761581421
RUGYOJ,YUYLEL,1.0
RUKDIM,WUPTUY01,1.0
RUKDIM,XULGIW,1.0
RUKDOS,UKIBUN,1.0
RUKDOS,WUPVAG,1.0
RULNOC,TOHYOF,0.8999999761581421
RULNOC,UPOVOL,0.8999999761581421
RUMRUO,USUBUG,1.0
RUPRUQ,SICDAL,0.8999999761581421
RUPRUQ,TEPWOD,0.8999999761581421
RUPVAB,VEHKIE,1.0
RUQSAX,TACPIX,0.8999999761581421
RUSSII,RUSSUU,0.8999999761581421
RUSSUU,SONTEV,1.0
RUSSUU,RUSTEF,0.8999999761581421
RUSWOT,UZOBAO,1.0
RUSWOT,UZOBES,0.8999999761581421
RUSWOT,XEZRAY,0.8999999761581421
RUSWUZ,UZIZOU,1.0
RUSWUZ,RUSXAG,0.8999999761581421
RUSWUZ,XEZQOL,0.8999999761581421
RUSWUZ,XEZREC,0.8999999761581421
RUSXAG,UZIZUA,1.0
RUSXAG,XEZRAY,0.8999999761581421
RUSXAG,XEZQOL,0.8999999761581421
RUSXEK,XEZQUR,1.0
RUSZUB,XOJXEA,0.8999999761581421
RUVBER,RUVBOB,1.0
RUVBUH,SACBUW,1.0
RUVBUH,ZAQXEX,1.0
RUVBUH,VIDJID,0.8999999761581421
RUVKOJ,XUMVUY,0.8999999761581421
RUVKOJ,XUMVOS,0.8999999761581421
RUVKOJ,XITDEL,0.8999999761581421
RUVRUX,WUVMAB02,0.8999999761581421
RUVRUX,TAZSAP02,0.8999999761581421
RUWWOW,RUWXEN,1.0
RUWWOW,RUWXAJ,1.0
RUWWOW,RUWWUC,1.0
RUWWUC,RUWXEN,1.0
RUWWUC,RUWXAJ,1.0
RUWXAJ,RUWXEN,1.0
RUXWEM,TOWNEA,0.8999999761581421
RUXXAJ,RUXXAJ01,1.0
RUXXAJ01,SEGVIL,0.8999999761581421
RUXXAJ01,TUCQAK,0.8999999761581421
RUYGEY,RUYGEY01,1.0
RUYNEG,XEGKUR,1.0
RUYNEG,YUDFOU,1.0
RUYNEG,XEGJOK,1.0
RUYNEG,SAVCEA,0.8999999761581421
RUYQIN03,RUYTIQ,1.0
RUYQIN03,XAWVUN,0.8999999761581421
RUYQIN03,XEBHOC,0.8999999761581421
RUYQOT,RUYTIQ,1.0
RUYQOT,RUYTUC,1.0
RUYQOT,WAHKOI,0.8999999761581421
RUYTIQ,RUYTUC,1.0
RUYTUC,VEWREX,0.8999999761581421
RUYVAK,YEKWOC,0.8999999761581421
RUYVIS,ZARLEL,0.8999999761581421
RUZCAS,RUZCIA,0.8999999761581421
RUZCAS,RUZCEW,0.8999999761581421
RUZCAS,YAZVAZ,0.8999999761581421
RUZCEW,RUZCIA,0.8999999761581421
RUZCIA,YAZPAT,1.0
RUZCIA,YAZVAZ,1.0
SABVOH01,SABVUN,1.0
SABVOH01,SABWAU01,1.0
SABVOH01,SABWAU,1.0
SABVUN,SABWAU01,1.0
SABWAU,SABWAU01,1.0
SACBUW,ZAQXEX,1.0
SACMOA,WINCEC,1.0
SACMOA,VUMYAF,0.8999999761581421
SADBOQ,VUNCUD,0.8999999761581421
SADBOQ,UHASED,0.8999999761581421
SADBUW,UHASED,0.8999999761581421
SADBUW,UHATAA,0.8999999761581421
SADBUW,VUNCIR,0.8999999761581421
SADBUW,VUNCUD,0.8999999761581421
SAGZUW,SAHBEJ,1.0
SAHBAF,SAHBEJ,1.0
SAHBAF,XIPHIN,1.0
SAHBEJ,UFITEJ,1.0
SAHWEG,SAHYOS,0.8999999761581421
SAHWUW,XUFWOM,0.9307692646980286
SAHYAD,WUNTIJ,1.0
SAHYAD,WUNTUV,1.0
SAHYAD,WUNVAD,1.0
SAHYAD,WUNVEH,1.0
SAHYAD02,YINNUH,1.0
SAHYIL,YINNUH,1.0
SAJLEX,SAKFAO,1.0
SAJSAY,XOVYUD,0.8999999761581421
SALXIP,YEKQOW,0.8999999761581421
SALXIP,SUQJEV,0.8999999761581421
SALXIP,XOPLUL,0.8999999761581421
SAMVEK,XUDSUK,1.0
SAMVIO,WURKEB,1.0
SAMXUC,VINTEU,0.8999999761581421
SAMXUC,SAMYIR,0.8999999761581421
SAMXUC,SAMYEN,0.8999999761581421
SAMYEN,SAMYIR,0.8999999761581421
SANLOK,UYOYUD,1.0
SANLOK,WEZWEE,1.0
SANLOK,YUKVAC,1.0
SANMEB,ZNFORD,1.0
SANMEB,ZNFORD05,1.0
SANMEB,ZNFORD01,1.0
SANMEB,ZNFORD02,1.0
SANMEB,ZNFORD04,1.0
SANMEB,ZNFORD06,1.0
SANMEB,ZNFORD07,1.0
SANMEB,ZNFORD08,1.0
SANMEB,ZNFORD09,1.0
SAPQUY,SAPRAF,0.8999999761581421
SAQFUM,SAQFUM01,1.0
SAQQAD,ZALLEG,1.0
SAQQEH,VUQKAU01,0.8999999761581421
SAQQEH,VUQKAU02,0.8999999761581421
SAQQOR,ZALLEG,0.8999999761581421
SAQQOR,TOWNEA,0.8999999761581421
SAQSAF,SAQSAF01,1.0
SAQSAF,SAQSEJ,1.0
SAQSAF,UFIKAX,0.8999999761581421
SAQSAF01,SAQSEJ,1.0
SAQSAF01,UFIJIE,0.8999999761581421
SAQSEJ,UFIJUQ,0.8999999761581421
SAQYIT,XESKUD,0.8999999761581421
SARBOE,SARBUK,1.0
SARHAW,WOPSAX,1.0
SATRIP,XUMBEN,1.0
SATRIP,ZIGMIN,1.0
SATROV,VATYEV,1.0
SAVCEA,XEGJUQ,0.8999999761581421
SAVMAE,WUDXAV,1.0
SAVMAE,VOYWUB,0.8999999761581421
SAXYOH,YIXZIQ,1.0
SAXYOH,SOWYEK01,0.8999999761581421
SAZQUI,WELWES,0.8999999761581421
SEBBOT,UTEXUN,1.0
SEDLAP,WADFEP,0.8999999761581421
SEFPUP,ZEZQIG,1.0
SEFTOO,TUDJOS,1.0
SEFTUU,TUDJOS,1.0
SEFVAC,TUDJOS,1.0
SEFVEG,TUDJOS,1.0
SEFVEG02,TUDJOS,1.0
SEFWAD,TUDJOS,1.0
SEFWEH,TUDJOS,1.0
SEGJOG,XUBHEI,0.8999999761581421
SEGVAD,SEGVUX,1.0
SEGVAD,ZETPUL,1.0
SEGVAD,SEGVIL,0.8999999761581421
SEGVAD,TUCQAK,0.8999999761581421
SEGVEH,ZETQAS,1.0
SEGVEH,SEGVUX,0.8999999761581421
SEGVIL,ZETQEW,1.0
SEGVIL,ZETPUL,0.8999999761581421
SEGVIL,TUCQAK,0.8999999761581421
SEGVOR,TISWEZ,1.0
SEGVUX,ZETPUL,1.0
SEHSII,YATTUK,1.0
SEHSII,XEZRIF,0.8999999761581421
SEJSOQ,SENNIJ,1.0
SEKQEH,XEKYOE,0.8999999761581421
SEKQEH,XAYKOA,0.8999999761581421
SEKXUE,YICQOS01,0.8999999761581421
SEKXUE,YICQUY,0.8999999761581421
SEKYEP,XULDOZ,0.8999999761581421
SEKYEP,XULDEP,0.8999999761581421
SELKIG,SELKUS,1.0
SENSAI,SENSIQ,1.0
SENXAN,SENXER,1.0
SEQSEO01,SEQSUE,1.0
SEQSEO01,SEQSIS,1.0
SEQSEO01,SEQSOY,0.8999999761581421
SEQSIS,SEQSUE,1.0
SERJUV,SERKEG,1.0
SERJUV,WUZKOS,0.8999999761581421
SERKEG,UREVEU,0.8999999761581421
SERTER,SERTER01,1.0
SERTER,TONMAM,0.8999999761581421
SERTER01,TONMAM,0.8999999761581421
SESDEA,SESDEA01,1.0
SETFUT,SUXWIT,1.0
SETQAL,YAXBUV,1.0
SETQAL,XUDSIY,1.0
SETQEP,YAXBUV,1.0
SETQEP,XUDSIY,1.0
SETQEP,YAXBUV02,1.0
SETQEP,YAXCAC,1.0
SETQIT,YAXBUV,1.0
SETQIT,XUDSIY,1.0
SETQIT,YAXBUV02,1.0
SETQIT,YAXCAC,1.0
SETQOZ,YAXBUV,1.0
SETQOZ,XUDSIY,1.0
SETQUF,YAXBUV,1.0
SETQUF,XUDSIY,1.0
SETQUF,VAGVAC,1.0
SEYDUW,XILXOH,0.8999999761581421
SEYDUW,WULYIL,0.8999999761581421
SEYDUW,VEGNAY01,0.8999999761581421
SEYDUW,SEYFAE,0.8999999761581421
SEYDUW,VEGNAY,0.8999999761581421
SEYDUW,XILWUM,0.8999999761581421
SEYFAE,XILXUN,0.8999999761581421
SEYFAE,VEGNAY01,0.8999999761581421
SEYKUD,VOTXIN,0.8999999761581421
SEYQIW,WECBEN,1.0
SEYQIW,XIYYEL,1.0
SEYVIC,SEYVIC01,1.0
SEZCIM,SEZCIM01,1.0
SEZCIM,SEZCOS,1.0
SEZCIM,SEZCUY,1.0
SEZCIM01,SEZCOS,1.0
SEZCIM01,SEZCUY,1.0
SEZCIM02,SEZCUY01,1.0
SEZCIM02,SEZDAF,1.0
SEZCIM02,SEZDAF01,1.0
SEZCOS,SEZCUY,1.0
SGLUTM01,SGLUTM02,1.0
SIBJAP,XESFOR,0.8999999761581421
SICDAL,ZEFNIH01,0.8999999761581421
SICKOH,VAZTUO,0.8999999761581421
SIDCAL,TEQVIW,0.8999999761581421
SIDRUT,YEFLIF02,0.8999999761581421
SIDXUZ,VIWXIJ,0.8999999761581421
SIDXUZ,SIDYAG,0.8999999761581421
SIDYAG,SIDYEK,0.8999999761581421
SIDYAG,SIDYIO,0.8999999761581421
SIDYEK,SIDYIO,0.8999999761581421
SIDYIO,VIWXOP,0.8999999761581421
SIJCUM,TAXLIQ,0.8999999761581421
SIJPUX,TOHJIL,0.8999999761581421
SIJPUX,WIKLOT,0.8999999761581421
SIJQAE,VUZVER,0.8999999761581421
SIJQAE,WIVKOD,0.8999999761581421
SIJYEQ,XOHTOE,0.8999999761581421
SIJYEQ,XADGOA,0.8999999761581421
SIJYEQ,YETQOG,0.8999999761581421
SIKCIA,TEVFAD01,1.0
SIKYER,WECSAZ,1.0
SIKYER,WECSAZ01,1.0
SIKYER,WOZDEW,1.0
SINXET,VARWOC,1.0
SINXET,VARWUI,0.8999999761581421
SINXET,VARWIW,0.8999999761581421
SIRBIG,XEHRUY,1.0
SIRBIG01,XEHRUY,1.0
SIRBIG03,XEHRUY,1.0
SIRBIG04,XEHRUY,1.0
SIRNOZ,XAPMUY,0.8999999761581421
SIRTEV,TOHJIL,0.8999999761581421
SISBAZ,SISBED,0.8999999761581421
SISDUW,SISPUI,0.8999999761581421
SISDUW,SISNUG,0.8999999761581421
SISDUW,SISPOC,0.8999999761581421
SISFAD,SISFAD01,1.0
SISNUG,SISPOC,0.8999999761581421
SISNUG,SISPUI,0.8999999761581421
SISPOC,SISPUI,0.8999999761581421
SITCUW,UFOFUT,1.0
SITCUW,YOZYUJ,1.0
SITDEH,YOZYUJ,1.0
SITDEH,TEYHIR,1.0
SIVGIP,TEBSAW,1.0
SIVGUB,VIDWAI,0.8639999628067017
SIVJAI,SIVJAI01,1.0
SIVJAI,WOZKUR,0.8999999761581421
SIVJAI01,WOZKUR,0.8999999761581421
SIVJAI01,YIVZEI,0.8999999761581421
SIVSOH,WIVGAK,0.8999999761581421
SIVSOH,YIWZOV,0.8999999761581421
SIWPUL,SIWPUL03,1.0
SIWPUL,VERZEZ,1.0
SIWPUL,VIRJEM,1.0
SIWPUL02,SIWPUL03,1.0
SIWPUL02,WICGEV,1.0
SIWPUL02,WIHVAL,1.0
SIWPUL02,WIHVEP,1.0
SIWPUL03,XOHFIK,1.0
SIWQIA01,ZNFORD,1.0
SIWQIA01,SIWYOO,1.0
SIWQIA01,ZNFORD05,1.0
SIWQIA02,ZNFORD,1.0
SIWQIA02,SIWYOO,1.0
SIWQIA02,ZNFORD05,1.0
SIWQIA02,TESGOO,1.0
SIWQIA02,TESGUU,1.0
SIWQIA02,TEVZEA,1.0
SIWQIA02,TEVZIE,1.0
SIWQIA02,VERZUP,1.0
SIWQIA02,VERZUP01,1.0
SIWSIC,SIWTEZ,0.8999999761581421
SIWSUO,SIWTEZ,1.0
SIWYOO,ZNFORD,1.0
SIWYOO,ZNFORD05,1.0
SIWZOP03,XEHRUY,1.0
SIWZOP03,XEHSOT,1.0
SIWZOP03,WOSMUO,1.0
SIWZOP03,WOSMUO01,1.0
SIWZOP03,XAXBAB,1.0
SIWZOP03,XAXBEF,1.0
SIWZOP03,XEHSAF,1.0
SIXNEV,ZIJMUD,0.8999999761581421
SIXPOG,VUNKOG,0.8999999761581421
SIXPOG,WUZYUM,0.8999999761581421
SIXWON,WAQDOK01,0.7827585935592651
SIXWON,WAQDOK,0.7827585935592651
SIYGAL,VAQRUC,0.8999999761581421
SIYQEX,WIYZOU,0.8999999761581421
SIYQEX,XOWTAF,0.8999999761581421
SIYXIH,SIYXIH10,1.0
SIYXIH,WIKQAJ,0.8999999761581421
SIZNIA,SOBBIW,0.8999999761581421
SOBBIW,SOBBOC,1.0
SOBYUE,SOBZAL,1.0
SOBZAL,SOBZIT,0.8999999761581421
SOBZAL,SOBZEP,0.8999999761581421
SOBZEP,SOBZIT,0.8999999761581421
SOCCET,SOCCIX,1.0
SOCCET,ZICNIL,0.9052631258964539
SOCCIX,ZICNIL,0.9052631258964539
SOCJUR,SOCKEC,1.0
SOCJUR,SOCKAY,1.0
SOCJUR,XAWDUX,0.8999999761581421
SOCJUR,XAWDUX01,0.8999999761581421
SOCKAY,SOCKEC,1.0
SOCKEC,XAWDUX,0.8999999761581421
SOCKEC,XAWDUX01,0.8999999761581421
SOGSAJ,SOGSAJ01,1.0
SOGWIV,UGANIB,1.0
SOGWIV,SUZTAI,1.0
SOGWIV,WOBFOK,1.0
SOHYEV,SOHYOF,1.0
SOHYEV,XAHZIQ,1.0
SOHYEV,UNIRUF,0.8999999761581421
SOHYOF,XAHZIQ,1.0
SOHYOF,UNIRUF,0.8999999761581421
SOJGOO,WINRAP,0.8999999761581421
SOJKOT,YANBAR02,1.0
SOJKOT01,YANBAR02,1.0
SOJKOT02,YANBAR02,1.0
SOJKOT03,YANBAR02,1.0
SOJKOT04,YANBAR02,1.0
SOJKOT06,YANBAR02,1.0
SOKKOT,SOMFEG,1.0
SOKKOT,SOMFIK,1.0
SOKKUZ,SOMFEG,1.0
SOKKUZ,SOMFIK,1.0
SOKWAS01,VOLPAP,0.8999999761581421
SOLBOM,SOLCED,1.0
SOLBOM,SOLBUS,1.0
SOLBUS,SOLCED,1.0
SOMFAC,SOMFEG,1.0
SOMFAC,SOMFIK,1.0
SOMFEG,SOMFIK,1.0
SOMJOV,XIRYIJ,0.8999999761581421
SOMQUG,XEBHOB,0.8999999761581421
SOMSIY,XIRYEF,0.8999999761581421
SONTEV,YICDAR,0.8999999761581421
SOPPIX,ZIGMIN,1.0
SOQRUM,XUCHOS,1.0
SOQRUM,XUCHOS02,1.0
SOQRUM,XUCHOS01,1.0
SOQSAU,SOQSAU01,1.0
SOQSAU,SUTBUF,0.8999999761581421
SOQSAU01,SUTBUF,0.8999999761581421
SOSQIC01,XOHNEO,1.0
SOTMUK,SOTMUK02,1.0
SOTMUK,YUBFUX01,0.8999999761581421
SOTMUK,YUBFUX,0.8999999761581421
SOTMUK01,YUBFOR,0.8999999761581421
SOTMUK02,YUBFUX01,0.8999999761581421
SOTMUK02,YUBFUX,0.8999999761581421
SOWTIJ,WOWMEC,0.8999999761581421
SOWWUY,SOWXIN,0.8999999761581421
SOWXAF,SOWXIN,1.0
SOWXAF,SOWXEJ,0.925000011920929
SOWXEJ,SOWXIN,0.925000011920929
SOWXOT,SOWXUZ,0.8999999761581421
SOZHOG,UNABUH,1.0
SOZHOG,UNACES,1.0
SOZHOG,UNACIW,1.0
SRFORA04,SRFORM02,1.0
SRFORA05,SRFORM02,1.0
SRFORA05,SRFORA06,1.0
SRFORA06,SRFORM02,1.0
SROXAL01,ZZZUKQ02,1.0
SROXAL01,XORDAJ,1.0
SUCCUR,WUVMAB03,0.8999999761581421
SUDRIU,XOLFAH,0.8999999761581421
SUHMIS,SUHNAL,1.0
SUHMIS,SUHNIT,1.0
SUHMIS,SUHPAN,1.0
SUHMIS,SUHPIV,1.0
SUHMIS,SUHQES,1.0
SUHMIS,SUHQUI,1.0
SUHNAL,SUHNIT,1.0
SUHNAL,SUHPAN,1.0
SUHNAL,SUHPIV,1.0
SUHNAL,SUHQES,1.0
SUHNAL,SUHQUI,1.0
SUKREX,SUKREX01,1.0
SUKREX,VULKAQ,1.0
SUKREX01,VULKAQ,1.0
SUKRIB,VUMYAF,0.8999999761581421
SUKYIH,YERFUZ,0.8999999761581421
SUKYIH,XISXEE,0.8999999761581421
SUKYON,VEWKUF,0.8999999761581421
SUQJEV,TOWLIC,0.8999999761581421
SURHEU01,SURKAT,1.0
SURHEU01,SURKEX,1.0
SURHEU01,UFOSEQ,1.0
SURHEU01,UFOSOA,1.0
SURHEU02,SURKAT,1.0
SURHEU02,SURKEX,1.0
SURHEU02,ZONBAH,1.0
SURHEU03,SURKAT,1.0
SURHEU03,SURKEX,1.0
SURHEU03,UFOSEQ,1.0
SURHEU03,UFOSOA,1.0
SURKAT,SURKEX,1.0
SUTBOZ,SUTBUF,0.8999999761581421
SUVMAZ,TEQVES,1.0
SUVMAZ,TOJWEV,0.8999999761581421
SUXWIT,XINPOC,0.8999999761581421
SUXYAM,SUXYIU,0.8999999761581421
SUXYAM,SUXYOA,0.8999999761581421
SUXYAM,SUXYEQ,0.8999999761581421
SUXYEQ,SUXYOA,0.8999999761581421
SUXYEQ,SUXYIU,0.8999999761581421
SUXYIU,SUXYOA,0.8999999761581421
SUZTAI,WOBFOK,1.0
SUZTAI,UGANIB,1.0
SUZXES,YICRAE,0.8999999761581421
TACJIS,WIVRIE,1.0
TACPAP,TACPIX,1.0
TACPAP,TACPET,1.0
TACPAP,TACPOD,1.0
TACPET,TACPIX,1.0
TACPET,TACPOD,1.0
TACPIX,TACPOD,1.0
TADWEC,TOHSAL,0.8999999761581421
TADWIG,XAHPON,0.8999999761581421
TAFBEJ,TONLOY,1.0
TAFBEJ,TAFBIN,1.0
TAFBEJ,TAFBOT,1.0
TAFBIN,TONLOY,1.0
TAFBIN,TAFBOT,1.0
TAFBOT,TONLOY,1.0
TAFCIO01,WAHREE,1.0
TAFCIO01,VEGXOW,1.0
TAFCIO01,VAGKOF,0.8999999761581421
TAGTIH,YEKQOW,0.8999999761581421
TAGTUT,YICGEZ,0.8999999761581421
TAHFAL,UGUKIR,0.8999999761581421
TAHFAL,UGUKEN,0.8999999761581421
TAHFUF,WEKYES,0.8999999761581421
TAJQAY,TAJQEC,1.0
TAKTAD,TAKTEH,1.0
TAKTAD,TAKTUX,1.0
TAKTAD,TAKTOR,1.0
TAKTAD,TAKTIL,1.0
TAKTEH,TAKTUX,1.0
TAKTEH,TAKTOR,1.0
TAKTIL,TAKTUX,1.0
TAKTIL,TAKTOR,1.0
TAKTOR,TAKTUX,1.0
TAKTUX,UXIQOJ,0.8999999761581421
TALBEQ,TALLAW,0.8999999761581421
TALBEQ,TALKUP,0.8999999761581421
TALFUJ,UDISAD,1.0
TALFUJ,TALGEU,0.8999999761581421
TALFUJ,UMAWUB,0.8999999761581421
TALGEU,UDISUX,1.0
TALGEU,UDISAD,0.8999999761581421
TALGEU,UDITEI,0.8999999761581421
TALKUP,UDITEJ,0.8999999761581421
TALLAW,UDITEJ,0.8999999761581421
TAMRAD,YUBGUZ,0.8999999761581421
TANKIE,YIKGEF,0.8999999761581421
TARPUY,UNOGOU,0.8999999761581421
TASVUG,TASWAN,1.0
TASVUG,TASWER,0.8999999761581421
TASWAN,TASWER,0.8999999761581421
TATBUO,VUKPUN,1.0
TATCAV,UFURAO,0.8999999761581421
TATCAV,TATCEZ,0.8999999761581421
TATCAV,UFUQUH,0.8999999761581421
TATCAV,UGOXIX01,0.8999999761581421
TATCEZ,UFURAO,0.8999999761581421
TATCID,UFURAO,0.8999999761581421
TAVDAY,TAVDEC,1.0
TAVDAY,TAVSER,1.0
TAVDAY,XESCIK,0.8999999761581421
TAVDEC,TAVSER,1.0
TAVDEC,XESCIK,0.8999999761581421
TAXLIQ,TAXLIQ01,1.0
TAYZUQ02,ZNFORD,1.0
TAYZUQ02,ZNFORD05,1.0
TAYZUQ03,ZNFORD,1.0
TAYZUQ03,ZNFORD05,1.0
TAYZUQ04,ZNFORD,1.0
TAYZUQ04,ZNFORD05,1.0
TAZSAP,XETPIW,1.0
TAZSAP,TAZSAP01,1.0
TAZSAP,TAZSAP02,1.0
TAZSAP01,XETPIW,1.0
TAZSAP02,XETPIW,1.0
TEBFUD,YICVEL,0.8999999761581421
TEBSAW,UJUPUM,1.0
TECTUS,TECVOO,1.0
TECTUS,TECVEE,1.0
TECTUS,YOQYEK,1.0
TECVEE,TECVOO,1.0
TECVEE,YOQYEK,1.0
TECVOO,YOQYEK,1.0
TEDMEX,XORGUI,0.8999999761581421
TEDPIC,TEJXIQ,1.0
TEDWIL,TEDWIL01,1.0
TEDWIL01,TEDWIL08,1.0
TEDWIL01,TEDWIL07,1.0
TEDWIL02,TEDWIL08,1.0
TEDWIL02,TEDWIL07,1.0
TEDWIL06,TEDWIL08,1.0
TEDWIL06,TEDWIL07,1.0
TEDWIL06,TEDWIL09,1.0
TEDWIL07,TEDWIL08,1.0
TEDWIL07,TEDWIL09,1.0
TEDZUZ,TOLYID,1.0
TEFWIL,WEMDAV,0.8999999761581421
TEFWIL,XEJVEP,0.8999999761581421
TEFWOR,UDANEV,1.0
TEFWOR,VERQOZ01,0.8999999761581421
TEHCAM,XEVHOW,0.8999999761581421
TEKTAH,YIFLUX,0.8999999761581421
TEKTAH,ZEYJIZ,0.8999999761581421
TELMII,TELMII01,1.0
TEPJEF,VUKTIG,1.0
TEPJEF,ZEFRUZ,0.8999999761581421
TEPMUZ,VEJHEZ,0.9205881953239441
TEPPEL,VAQLAC,0.79677414894104
TEQKEH,UXACAY,1.0
TEQKEH,TEQLAE,1.0
TEQLAE,YURCOF,0.8999999761581421
TESGOO,ZNFORD,1.0
TESGOO,ZNFORD05,1.0
TESGUU,ZNFORD,1.0
TESGUU,ZNFORD05,1.0
TETYAV,VEHFAS,1.0
TEVVAU,TEVVEY,1.0
TEVVAU,TEVVIC,1.0
TEVVAU,TEVVOI,1.0
TEVVEY,TEVVIC,1.0
TEVVEY,TEVVOI,1.0
TEVZEA,ZNFORD,1.0
TEVZEA,ZNFORD05,1.0
TEVZIE,ZNFORD,1.0
TEVZIE,ZNFORD05,1.0
TEWMUG,VIBLAW,0.8999999761581421
TEWMUG,VALWOX,0.8999999761581421
TEXVOJ,VEMHOL,1.0
TEXVOJ,UKOYID,1.0
TEYBOQ,TEYBUW,1.0
TEYHIR,UFOFUT,1.0
TEYKOA,UNINUC01,1.0
TEYKOA,UNINOW,1.0
TEYKOA,UNINUC,1.0
TEYKUG,UNINUC01,1.0
TEYLAN,UNINUC01,1.0
TEYLAN,UNINOW,1.0
TEYLAN,UNINUC,1.0
TEYLER,UNINUC01,1.0
TEYLER,UNINOW,1.0
TEYLER,UNINUC,1.0
TEYLIV,TEYMAO,1.0
TEYLUH,TEYMES,1.0
TEYREW01,TIPJIM,0.8999999761581421
TEYREW01,TIPJIM01,0.8999999761581421
TIDWIO,ZOYZIY,1.0
TIGZAN,VUXGOM,1.0
TIHRUA,TIHTUC,0.8999999761581421
TIHTUC,XENKIM,0.8999999761581421
TIJPOT,WEMJII,0.8999999761581421
TIJPOT,WEMJUU,0.8999999761581421
TIKSOY,XAPCOJ,1.0
TIKSUE,XAPCOJ,1.0
TIKTAL,XAPCOJ,1.0
TIKTAL,TIKTOZ,1.0
TIKTOZ,XAPCOJ,1.0
TIKTOZ,XAPCOJ05,1.0
TIKTOZ,XAPCOJ07,1.0
TIKXAN,ZUWXOG,1.0
TILFUQ,TILFUQ01,1.0
TILFUQ,XUKKET02,0.8999999761581421
TILFUQ01,XUKKET02,0.8999999761581421
TILFUQ01,WOZKUR,0.8999999761581421
TINFED,TINFIH,1.0
TINFED,WUBHEI,0.8999999761581421
TINFIH,WUBHEI,0.8999999761581421
TIPDOM,VODBIA,0.8999999761581421
TIPDOM,VELHUS,0.8999999761581421
TIPJIM,TIPJIM01,1.0
TIPRIT01,WACBEI,0.8999999761581421
TIPRIT01,XOTWIO,0.8999999761581421
TIPZOJ,YOSLIB04,1.0
TIPZOJ,YOSLIB03,1.0
TIPZOJ,YOSLIB01,1.0
TIPZOJ,YOSLIB,1.0
TIPZOJ,YOSLIB02,1.0
TIQGAC,ZEKKUX,0.8999999761581421
TIQGAC,UZOFOF,0.8999999761581421
TIQGEG,TIQGEG01,1.0
TIQGEG,TIQGIK,1.0
TIQGEG,TIVFAG,1.0
TIQGEG,TIVFEK,1.0
TIQGEG,TIVFIO,1.0
TIQGIK,TIVFAG,1.0
TIQGIK,TIVFEK,1.0
TIQGIK,TIVFIO,1.0
TIRFIK,VODBIA,0.8999999761581421
TIRQOB,UZOBES,0.8999999761581421
TIRQOB,XEZQOL,0.8999999761581421
TIVYAZ,VEMTAJ01,1.0
TIVYAZ,XAPSIS,1.0
TIVYAZ,XAVQIU,1.0
TIVYAZ,XAVQIU01,1.0
TIZVED,TIZVIH01,1.0
TIZVED,TIZVIH,1.0
TOBKAY,TOBKEC,0.8999999761581421
TOGCUN,YIWZOV,0.8999999761581421
TOHJIL,WIKLOT,1.0
TOHMIO,WEQQUH,0.8999999761581421
TOHQEO,VACKUI,0.800000011920929
TOHRUF,TOHRUF01,1.0
TOHSAL,XONLES01,0.7906976938247681
TOHSAL,XONLES,0.7906976938247681
TOJDAY,WUHHUC,0.8999999761581421
TOJGOQ,TOJHEH,0.8999999761581421
TOJGOQ,TOJHAD,0.8999999761581421
TOJGOQ,TOJHIL,0.8999999761581421
TOJHAD,TOJHIL,0.8999999761581421
TOJWEV,ZISFEO01,0.8999999761581421
TOJWIZ,ZISFEO01,0.8999999761581421
TOKDON,YEYRAY,1.0
TOKGOQ,TOKHAD,1.0
TOKKUB,TOKLIQ,0.8285714387893677
TOLPEQ,TOLPIU,0.8999999761581421
TOLPEQ,TOLQAN,0.8999999761581421
TOLPIU,TOLQAN,0.8999999761581421
TONBOO,XIHSEN01,1.0
TONBOO,XIHSAJ01,1.0
TONBOO,XIHSAJ,1.0
TONBOO,VEFLUP,1.0
TONKEN,YAZFOW,1.0
TONMAM,TONMEQ,1.0
TORJAN,TORKES,1.0
TORJER,TORKES,1.0
TORJER,TORJIV,1.0
TORJIV,TORKES,1.0
TOTVUV,WUXCEY,0.8999999761581421
TOTVUV,WUXCAU,0.8999999761581421
TOVHAP,VIDWIQ,0.8999999761581421
TOVKAS,VEWKUF,0.8999999761581421
TOVWAE,XIJSUH,0.804347813129425
TOWMEZ,XEHXIT,0.8999999761581421
TOWNEA,XAYDOT,1.0
TOXMUQ,TOXNIF,1.0
TOXNIF,YEYDUE,1.0
TOXNIF,UXIQOJ,0.8999999761581421
TUCJAD,ZIGXEU,1.0
TUCJAD,XIYFOA,1.0
TUCJAD,ZIGXAQ,1.0
TUDHUW,TUDJAE,1.0
TUDHUW,TUDJIM,1.0
TUDHUW,TUDJOS,1.0
TUDHUW,TUDJUY,1.0
TUDHUW,TUDKAF,1.0
TUDHUW,TUDKEJ,1.0
TUDJAE,TUDJIM,1.0
TUDJAE,TUDJOS,1.0
TUDJAE,TUDJUY,1.0
TUDJAE,TUDKAF,1.0
TUDJAE,TUDKEJ,1.0
TUFWUN,VAHWOS01,0.8999999761581421
TUGSOE,WEJWAL,0.8999999761581421
TUJBIL,VUMCEM,0.8999999761581421
TUKYIJ,YEYVOO,1.0
TULGIS,TULGOY,0.8999999761581421
TULLIX,UHUXIG,1.0
TUMDAI,TUMRUQ,0.8999999761581421
TUMGUD,ZOMPAU01,1.0
TUPDEP,TUPDIT,1.0
TUPDEP,TUPDIT04,1.0
TUPDEP,TUPDOZ,1.0
TUPDIT,TUPDIT04,1.0
TUPDIT,TUPDOZ,1.0
TUPDIT04,XUKJUK,0.8999999761581421
TUTGUL,TUTJAU,1.0
TUTGUL,TUTHOG,1.0
TUTHIA,TUTJAU,1.0
TUTHIA,TUTHOG,1.0
TUTHIA,TUTHUM,1.0
TUTHOG,TUTJAU,1.0
TUTHUM,TUTJAU,1.0
TUXNEF,YICGUP,0.8999999761581421
UBUPAK,UBUPEO,0.8999999761581421
UBUPEO,UGUHEK,0.8999999761581421
UBUPEO,UGUHAG,0.8999999761581421
UCOCAR,VOCTOW,0.8999999761581421
UCOCAR,YOCMAF,0.8999999761581421
UCUPEN,YOXYAN,1.0
UDANAQ,XEQRAO,0.8999999761581421
UDANAQ,VAHTUW,0.8608695268630981
UDEPOK,UDEPUQ01,1.0
UDEPOK,WIPJUC,1.0
UDEPOK,YUSVAK,0.8999999761581421
UDEPUQ01,WIPJUC,1.0
UDEPUQ01,YUSVAK,0.8999999761581421
UDESIG,UDESIG01,1.0
UDESIG,WEBKEW,0.8999999761581421
UDESIG01,WEBKEW,0.8999999761581421
UDEWEG,VUKPIB,0.8999999761581421
UDEWEG,UFUQUH,0.8999999761581421
UDEWOQ,UDEWUW,0.8999999761581421
UDEWOQ,VUKPOH,0.8999999761581421
UDEWOQ,VUSDUJ,0.8999999761581421
UDEWUW,VUSDUJ,0.8999999761581421
UDEWUW,VUKPOH,0.8999999761581421
UDISAD,UDISEH,0.8999999761581421
UDISEH,UDITEI,0.8999999761581421
UDISEH,UDISUX,0.8999999761581421
UDISIL,UDITEI,0.8999999761581421
UDISUX,UDITEI,0.8999999761581421
UDOVOA,YOJSUM,1.0
UDOVOA,UDOVUG,1.0
UDOVUG,VUHJAK,0.8999999761581421
UDUMIP,UDUMIP02,1.0
UDUMIP,UDUMIP03,1.0
UDUMIP02,UDUMIP03,1.0
UFAMIA,YOZYOD,1.0
UFAMIA,YOZYUJ,1.0
UFARUP,YELYOE,1.0
UFARUP,XETHIO,0.8999999761581421
UFENAW,YEMGIH,0.8999999761581421
UFETAB,UFETAB01,1.0
UFETAB,WUDQIW,0.8999999761581421
UFETAB01,WUDQIW,0.8999999761581421
UFEVEH,UFEVIL,1.0
UFIHUP,UFIKIG,1.0
UFIJIE,UFIJUQ,0.8999999761581421
UFIJIE,UFIKAX,0.8999999761581421
UFIJUQ,UFIKAX,0.8999999761581421
UFIROR,WIDQEG,1.0
UFIRUX,VACFOV01,1.0
UFIRUX,VACFOV,1.0
UFIRUX,VIFPUY,1.0
UFIRUX,VIFPUY01,1.0
UFIRUX,VIFPUY02,1.0
UFIRUX,VIFPUY04,1.0
UFIRUX,VIFPUY05,1.0
UFOBAV,UFOBEZ,1.0
UFOBEZ,VERPUF,0.8999999761581421
UFOBEZ,VERQOA,0.8999999761581421
UFOFUT,YOZYOD,1.0
UFOFUT,YOZYUJ,1.0
UFOSAM,UVEVEX,0.8999999761581421
UFOSAM,UVETUL,0.8999999761581421
UFOZIB,UFOZOH,0.8999999761581421
UFUKUB01,UFUKUB03,1.0
UFUKUB01,UFUKUB02,1.0
UFUKUB02,UFUKUB03,1.0
UFUKUB02,VAFCAH01,0.8999999761581421
UFUKUB02,XADGUG,0.8999999761581421
UFUMUD,VOJPUG01,1.0
UFUMUD01,VOJPUG01,1.0
UFUMUD02,VOJPUG01,1.0
UFUNAK,VOJPUG01,1.0
UFUNIS,VOJPUG01,1.0
UFUQUH,UFURAO,0.8999999761581421
UFUROF,YIYHAQ,0.8999999761581421
UFUROF,VAKDOD,0.8999999761581421
UGANIB,WOBFOK,1.0
UGEPEB,VOJPUG01,1.0
UGEPEB01,VOJPUG01,1.0
UGOCAW,XIYDAN,1.0
UGOCAW,XIYCUG,1.0
UGUKEN,UGUKIR,1.0
UGUKIR,YOTQIJ,0.8999999761581421
UGUKUD,XOJXEA,1.0
UGUKUD,XOJWID,1.0
UGUKUD,XOJWOJ,1.0
UGUKUD,XOJXIE,1.0
UGUNOZ,VOZHEX,0.8999999761581421
UGUXAV,YAWZUS,1.0
UGUXAV,UGUXUP,1.0
UGUXAV,UGUXUP02,1.0
UGUXUP,UGUXUP02,1.0
UHASED,UHATAA,0.8999999761581421
UHASED,VUNCIR,0.8999999761581421
UHASED,VUNCUD,0.8999999761581421
UHATAA,VUNCIR,0.8999999761581421
UHAXOS,ZEKKOR,0.8999999761581421
UHOKOR,YIQBEF,0.8999999761581421
UHOKOR,YIQBEF01,0.8999999761581421
UHUNEQ,XEVMUG01,0.8999999761581421
UJAQAY,UJAQEC,0.8999999761581421
UJAQAY,UJATIJ,0.8999999761581421
UJAQEC,UJATIJ,0.8999999761581421
UJAQEC,UJATEF,0.8999999761581421
UJAQIG,UJATEF,0.8999999761581421
UJAQIG,UJATIJ,0.8999999761581421
UJAQOM,UJATOP,0.8999999761581421
UJAQOM,UJARED,0.8999999761581421
UJAQUS,UJATOP,0.8999999761581421
UJARAZ,UJATOP,0.8999999761581421
UJARAZ,UJARED,0.8999999761581421
UJATEF,UJATIJ,0.8999999761581421
UJEFOE,YICGUP,0.8999999761581421
UJUPUM,UQOWUU,0.8999999761581421
UKAKEY,UKAKOI,1.0
UKALAV,UKALEZ,0.8999999761581421
UKAQED,ZIGQEO,1.0
UKAQED,ZIGQIS,1.0
UKIBUN,WUPVAG,1.0
UKOYID,VEMHOL,1.0
UKOYOJ,UKOYUP,1.0
UKOZOL,VAXTEV,0.8999999761581421
ULAQAB,ULAQEF,0.8999999761581421
ULEHEA,UZATAR,0.8999999761581421
ULUPUM,ULUPUM01,1.0
UMAQAC,WEBKIX,1.0
UMAQAC,WEBKOD,1.0
UMELUU,UMORIY,1.0
UMELUU,UMEMAB,1.0
UMELUU,YUJNIB,0.8999999761581421
UMEMAB,UMORIY,1.0
UMOBEF01,UMOVEZ,1.0
UMOBEF01,UMOBEF08,1.0
UMOBEF01,UMOBEF03,1.0
UMOBEF02,UMOBEF08,1.0
UMOBEF03,UMOBEF08,1.0
UMOBEF07,UMOBEF08,1.0
UMOBEF07,UMOBEF09,1.0
UMOBEF07,UMOVEZ03,1.0
UMOBEF07,UMOVEZ04,1.0
UMOBEF07,UMOVOJ,1.0
UMOBEF09,UMOVEZ03,1.0
UMOBEF09,UMOVEZ04,1.0
UMOBEF09,UMOVOJ,1.0
UMODEH,UMODEH10,1.0
UMODEH,UMODEH11,1.0
UMODEH,UMODEH15,1.0
UMODEH04,UMODEH11,1.0
UMODEH04,UMODEH15,1.0
UMODEH08,UMODEH11,1.0
UMODEH08,UMODEH15,1.0
UMODEH08,UMOZUT,1.0
UMODEH08,UMUBAH,1.0
UMODEH08,UMUBEL,1.0
UMODEH08,UMUBIP,1.0
UMODEH08,UMUBOV,1.0
UMODEH09,UMODEH11,1.0
UMODEH09,UMODEH15,1.0
UMODEH09,UMODEH14,1.0
UMODEH09,UMODEH16,1.0
UMODEH09,UMODEH17,1.0
UMODEH09,UMODEH18,1.0
UMODEH09,UMODEH19,1.0
UMODEH09,UMODEH20,1.0
UMODEH09,UMODEH21,1.0
UMODEH09,UMODEH22,1.0
UMODEH09,UMODEH23,1.0
UMODEH09,UMODEH24,1.0
UMODEH09,UMODEH25,1.0
UMODEH11,UMODEH15,1.0
UMODEH14,UMODEH15,1.0
UMODEH14,UMODEH16,1.0
UMODEH14,UMODEH17,1.0
UMODEH14,UMODEH18,1.0
UMODEH14,UMODEH19,1.0
UMODEH14,UMODEH20,1.0
UMODEH14,UMODEH21,1.0
UMODEH14,UMODEH22,1.0
UMODEH14,UMODEH23,1.0
UMODEH14,UMODEH24,1.0
UMODEH14,UMODEH25,1.0
UMODEH14,UMOZUT,1.0
UMODEH14,UMUBAH,1.0
UMODEH14,UMUBEL,1.0
UMODEH14,UMUBIP,1.0
UMODEH14,UMUBOV,1.0
UNINOW,UNINUC,1.0
UNINOW,UNINUC01,1.0
UNIROZ,UNISIU,1.0
UNIROZ,UNISEQ01,1.0
UNIRUF07,XIFXUG,0.8999999761581421
UNISEQ,UNISEQ02,1.0
UNISUH,UNIWEV,0.8999999761581421
UNISUH,UNITES,0.8999999761581421
UNITES,UNIWEV,0.8999999761581421
UNITES,WUMDOZ,0.7839999794960022
UNIWEV,XOJXEA,0.7826086282730103
UNUNEY,XIXCIT,0.8999999761581421
UNUNEY,XAJQAC,0.8999999761581421
UPIXUN,UPIXUN01,1.0
UPIXUN,UPIXUN03,1.0
UPIXUN01,UPIXUN03,1.0
UPOSIC,UPOSOI,1.0
UPOSIC,UPOSUO,0.8999999761581421
UPOSOI,UPOSUO,0.8999999761581421
UQEFED,VODQUB,0.8999999761581421
UQERIT,XULDOZ,0.8608695268630981
UQIWIC,VURQIJ,1.0
UQIWIC,WOBNOS,1.0
UQOLUJ,UQOLUJ01,1.0
UQUTUX,UQUTUX01,1.0
URUFOE,XAPMUY,0.8999999761581421
URUFOE,XALDAS,0.8999999761581421
URUYOX,URUZAK,1.0
URUYOX,URUZIS,1.0
URUYUD,URUZAK,1.0
URUYUD,URUZIS,1.0
URUYUD,URUZEO,1.0
URUZAK,URUZIS,1.0
URUZEO,URUZIS,1.0
URXDAC10,ZUVTEP,0.8999999761581421
USAHAZ,WORKUL,1.0
USAHAZ,XAPFOM,0.8999999761581421
USAYOE,XAMGUQ,1.0
USAYOE,WUHMUJ,1.0
USAYOE,ZEFRIN,0.8999999761581421
USEVOF,XEDMEB,1.0
USEVOF,WANJIF,1.0
UTADOK,XOKKIS,1.0
UTELIQ,UTELOW,1.0
UTELIQ,UTEMAJ,1.0
UTELIQ,WAQZEW,0.8999999761581421
UTELOW,UTEMAJ,1.0
UTEWOG,UTEXIB,0.8999999761581421
UTEWOG,UTEWUM,0.8999999761581421
UTEWOG,UTEXAT,0.8999999761581421
UTEWUM,UTEXAT,0.8999999761581421
UTEXAT,UTEXIB,0.8999999761581421
UVAHIK,WIZMAV10,1.0
UVAHIK,WIZMAV,1.0
UVARIT,WOJZOK01,1.0
UVARIT,WOJZOK,1.0
UVARIT,UVASAM,1.0
UVARIT,UVASAM01,1.0
UVASAM,WOJZOK,1.0
UVASAM01,WOJZOK,1.0
UVELIR,ZZZDZA02,1.0
UVELIR,UVELIR01,1.0
UVELIR,YUBTUM,0.8999999761581421
UVELIR01,ZZZDZA02,1.0
UVEPOB,VUHGAH,1.0
UVETUL,UVEVEX,1.0
UVETUL,UVEVAT,1.0
UVEVAT,UVEVEX,1.0
UVEVUN,VUJBIM,0.7839999794960022
UVEXAV,YICVEL,0.8999999761581421
UVIKIU,UVIKOA,1.0
UVIKOA,YUWKIL,0.8999999761581421
UVUDAS,UVUDOG,1.0
UVUDAS,UVUFOI,0.8999999761581421
UVUDAS,UVUFIC,0.8999999761581421
UVUDOG,UVUFOI,0.8999999761581421
UVUDOG,UVUFIC,0.8999999761581421
UVUFIC,UVUFOI,0.8999999761581421
UVUMEF,VOTNAV,0.8999999761581421
UWAGAB02,XAFFIV,0.8999999761581421
UWAGAB03,UWAGAB06,1.0
UWAGAB03,VAGMAT,1.0
UWAGAB03,VAGMEX,1.0
UWAGAB06,VACLAP,0.8999999761581421
UXOWOU,ZEBHOG,0.8999999761581421
UXUWOB,UXUYOD,1.0
UYAPOA,WOSZEL,1.0
UYAPOA,VOLQUJ,1.0
UYAQER,WOBMIL02,0.8499999642372131
UYEBIL,UYECIM,0.8999999761581421
UYEBUX,UYECAE,0.8999999761581421
UYECAE,XOVFOF,0.8999999761581421
UYECIM,ZEZHUK,0.8999999761581421
UYOFIY,WEMCEY,0.8999999761581421
UYOGOF,WONBAD,1.0
UYOHUM,ZULXEL,1.0
UZEWOM,VELVOY,1.0
UZEWOM,XIZCUG,1.0
UZEWUS,VELVOY,1.0
UZEWUS,XIZCUG,1.0
UZIJUJ,WIQVAV,0.8999999761581421
UZIJUJ,WIQTUN,0.8999999761581421
UZIZOU,YAQDIF,0.8999999761581421
UZIZUA,XEZRAY,0.8999999761581421
UZIZUA,XEZQUR,0.8999999761581421
UZOBAO,YAQDIF,0.8999999761581421
UZOFOF,ZEKKUX,0.8999999761581421
UZOFOF,YOWPIK,0.8999999761581421
UZUSEO,YAYPIZ,1.0
UZUSEO,WIVKIX,1.0
VABJIS,VABJUE,1.0
VABLIU,VABLUG,1.0
VABLIU,VABMER,1.0
VABLUG,VABMER,1.0
VACFOV,VIFPUY02,1.0
VACFOV,VIFPUY01,1.0
VACFOV,VIFPUY05,1.0
VACFOV01,VIFPUY02,1.0
VACFOV01,VIFPUY01,1.0
VACFOV01,VIFPUY05,1.0
VACFUB,VACFUB01,1.0
VACKUI,XAFFIV,1.0
VACKUI,XAFFAN,0.8999999761581421
VAFCAH01,XADGUG,1.0
VAFCAH01,YUPSEI,0.8999999761581421
VAGTAA,YUFLIW,1.0
VAGTAA,VAGTAA01,1.0
VAGTAA,VAGTAA02,1.0
VAGTAA,VOGTIV,1.0
VAGTAA01,YUFLIW,1.0
VAGTAA02,YUFLIW,1.0
VAGVAC,YAXBUV02,1.0
VAHTUW,XEQRAO,0.8608695268630981
VAHWIM,VAHWOS02,1.0
VAHWIM,VAHWOS,1.0
VAHWIM,VAHWOS01,1.0
VAHWIM,VEMMAC,1.0
VAHWIM,VEMMIK,0.8999999761581421
VAHWOS,VAHWOS01,1.0
VAHWOS01,VEMMAC,1.0
VAHWOS01,VEMMIK,0.8999999761581421
VAJNAW,XALDAS,1.0
VAKDIX,VAKHIB,0.8999999761581421
VAKDIX,VAKDOD,0.8999999761581421
VAKDIX,YIYHAQ,0.8999999761581421
VAKREG,VEGMIE,1.0
VALWOX,VIBLAW,0.8999999761581421
VALWUD,WANNEH,1.0
VALWUD,WANNIL,1.0
VALWUD,VALXEO,0.8999999761581421
VALXIS,VIXWEF,1.0
VALXIS,VALXOY,0.8999999761581421
VALXOY,VEYRAU,0.8999999761581421
VAMPOR,VAMQIM,1.0
VAMQIM,WIZDAL,1.0
VAMQUY,WIZDAL,1.0
VAMWAI,WOQJIW04,1.0
VAMWAI,WOQJIW03,1.0
VANHEA,YEMSIV,0.8999999761581421
VANHEA,YEMSOB,0.8999999761581421
VANHEA,YEMRIU,0.8999999761581421
VANHEA,YEMROA,0.8999999761581421
VANHEA,YEMRUG,0.8999999761581421
VANNEG,VANNIK,1.0
VANNEG,XISXEE,0.8999999761581421
VANNIK,XISXEE,0.8999999761581421
VAPBAR,VAPBEV,1.0
VARWIW,VARWOC,0.8999999761581421
VARWIW,VARWUI,0.8999999761581421
VARWIW,VEQBID,0.8999999761581421
VARWOC,VARWUI,0.8999999761581421
VARWOC,VEQBID,0.8999999761581421
VARWUI,VEQBID,0.8999999761581421
VASGII,VASGOO,1.0
VASYAS,VASYEW,0.8999999761581421
VATYAR,WEMDID,1.0
VATYEV,VEDRAY,0.8999999761581421
VATZAS,WADDUD,0.8999999761581421
VAYDEG,VAYDOQ,1.0
VAYDEG,ZEDQEG,0.8999999761581421
VAYDOQ,ZEDQEG,0.8999999761581421
VAYFAE,XOGWUN,1.0
VEDGES,YIGGEB,1.0
VEFLUP,XIHSAJ01,1.0
VEFLUP,XIHSEN01,1.0
VEFLUP,XIHSAJ,1.0
VEFLUP,XIHSEN,1.0
VEGBUG,VULKIX,0.8999999761581421
VEGNAY,VEGNAY01,1.0
VEGNAY,YOLWUT,0.9052631258964539
VEGNAY,XILXOH,0.8999999761581421
VEGNAY,XILXUN,0.8999999761581421
VEGNAY01,YOLWUT,0.9052631258964539
VEGNAY01,WULYIL,0.8999999761581421
VEGNAY01,XILXOH,0.8999999761581421
VEGXIQ,VEGXIQ01,1.0
VEGXIQ,VEGYIR,1.0
VEGXIQ01,VEGYIR,1.0
VEGXUC,YAPXIX,0.8999999761581421
VEHJOJ,XASNUD,1.0
VEHJOJ,XASPEP,1.0
VEHKEA,XASNUD,1.0
VEHKEA,XASPEP,1.0
VEHKIE,XASNUD,1.0
VEHKIE,XASPEP,1.0
VEJHEZ,VEJHID,0.8999999761581421
VEJYEP,VEJYIT,1.0
VEJYEP,VEJYIT01,1.0
VEJYEP,VEJYOZ,1.0
VEJYEP,VEJYUF,1.0
VEJYEP,VEJYUF01,1.0
VEJYEP,VEJYUF09,1.0
VEJYEP,VEJYUV03,1.0
VEJYEP,VEJYUV04,1.0
VEJYEP,VEJYUV05,1.0
VEJYEP01,VEJYUV06,1.0
VEJZEQ,VEJZUG,1.0
VEJZOA,VELVIS,1.0
VEJZUG,YIMBUU,0.8999999761581421
VEJZUG,YIMCAB,0.8999999761581421
VELVOY,YUDWAX,1.0
VELVOY,YUDWEB,1.0
VEMMIK,WOLREV,0.8548386693000793
VEMSUC,XUJQAV,1.0
VEMSUC,XUJPEY,1.0
VEMSUC,XUJPIC,1.0
VEMSUC,XUJPOI,1.0
VEMTAJ01,XAVQIU,1.0
VEMTAJ01,XAPSIS,1.0
VERZID,VIRJIQ,1.0
VERZID,YANBAR,1.0
VERZID,YANBAR02,1.0
VERZID,YANBAR03,1.0
VESBAY,XEHSAF,1.0
VESBAY,XEHSOT,1.0
VESBEC,VESBEC01,1.0
VESBEC,VESBUS01,0.8999999761581421
VESBEC,VESBIG01,0.8999999761581421
VESBEC,VESBUS,0.8999999761581421
VESBEC01,VESBUS01,0.8999999761581421
VESBEC01,VESBIG01,0.8999999761581421
VESBIG,VESBIG01,1.0
VESBIG,VESBUS,0.8999999761581421
VESBIG,VESBOM01,0.8999999761581421
VESBIG,VESCED,0.8999999761581421
VESBIG,VESCED01,0.8999999761581421
VESBIG01,VESBUS,0.8999999761581421
VESBIG01,VESBOM01,0.8999999761581421
VESBUS,VESBUS01,1.0
VESBUS,VESCED,0.8999999761581421
VESBUS,VESCED01,0.8999999761581421
VESBUS01,VESCED,0.8999999761581421
VESCED,VESCED01,1.0
VETSOE,VETTAR,0.8999999761581421
VETTAR,ZUCKIT,0.8999999761581421
VETTAR,VETTIZ,0.8999999761581421
VETTIZ,ZUCKIT,0.8999999761581421
VEVFAF,ZUMNAY,1.0
VEWREX,YEKWOC,0.8999999761581421
VEYRAU,ZIDMIL,1.0
VEYRAU,WICLEC,0.8999999761581421
VEYSAW,XIFHEC,0.8999999761581421
VEYSAW,XIFHIG,0.8999999761581421
VEZVUT,VEZWEE,1.0
VIBLAW,WISVEB,0.8999999761581421
VIFPUY,VIFPUY04,1.0
VIFPUY01,VIFPUY04,1.0
VIFPUY02,VIFPUY04,1.0
VIFPUY02,VIFPUY05,1.0
VIGHID,VONQOG,0.8999999761581421
VIGHID,XEXSEA,0.8999999761581421
VIHHUR,YUMVOT,0.8999999761581421
VIJGUS,XAHZAI02,0.8999999761581421
VIJGUS,XAHZAI01,0.8999999761581421
VIJGUS,WEMRIS,0.8999999761581421
VIKRIT,VIKSEQ,1.0
VIKROZ,VIKSEQ,1.0
VIKROZ,VIKSIU,1.0
VIKSEQ,VIKSIU,1.0
VIKTOB,VIKTUH,0.8999999761581421
VIKTOB,VIKVIX,0.8999999761581421
VIKTOB,VIKVAP,0.8999999761581421
VIKTUH,VIKVIX,0.8999999761581421
VIKTUH,VIKVAP,0.8999999761581421
VIKVAP,VIKVIX,0.8999999761581421
VILNUZ,WINJUY,0.8999999761581421
VILXOE,YUPSEI,0.8999999761581421
VILXOE,YUBGUZ,0.8999999761581421
VIMRAM,XORRON,0.8999999761581421
VINHUY,VINJAG,1.0
VINHUY,VINKOV,0.8999999761581421
VINHUY,VINKIP,0.8999999761581421
VINHUY,VINKEL,0.8999999761581421
VINJAG,VINKOV,0.8999999761581421
VINJAG,VINKIP,0.8999999761581421
VINJAG,VINWOH,0.8999999761581421
VINKEL,VINKIP,0.8999999761581421
VINKIP,VINKOV,0.8999999761581421
VINKIP,VINWOH,0.8999999761581421
VIRPOC,VIWPAT,0.8999999761581421
VITKOA,YIQSOH,1.0
VITKUG,YIQSOH,1.0
VITZAB,VITZOP,0.8999999761581421
VIWMIZ,VIWMOF,1.0
VIWNAR,WUZKOS,0.8999999761581421
VIWXIJ,VIWXOP,1.0
VIWZOR,XASPEP,1.0
VIXPUP,VIXPUP02,1.0
VIXPUP,VIXPUP01,1.0
VIXPUP,ZECBUH,0.8999999761581421
VIXPUP,ZECCAO,0.8999999761581421
VIXPUP01,VIXPUP02,1.0
VIXPUP01,ZECBUH,0.8999999761581421
VIXPUP01,ZECBOB,0.8999999761581421
VIXPUP02,ZECBUH,0.8999999761581421
VIXPUP02,ZECCAO,0.8999999761581421
VIXWEF,ZEKRIS,0.8999999761581421
VIXZUZ,VUNJAR,0.9624999761581421
VIYSON,VIYTAA,1.0
VIYTAA,WOZWEP,0.8999999761581421
VOCKUT,WOPWOP,1.0
VODQIP,VODQUB,0.8999999761581421
VODQIP,WITJOA,0.8999999761581421
VOGTIV,YUFLIW,1.0
VOHSAM,ZZZFUI04,1.0
VOHSAM,ZZZFUI03,1.0
VOHSAM,ZZZFUI02,1.0
VOHSAM,ZZZFUI01,1.0
VOHSIU,ZZZFUI04,1.0
VOHSIU,ZZZFUI03,1.0
VOHSIU,ZZZFUI02,1.0
VOJRIW,YIVPOJ,0.8999999761581421
VOJROC,VOJRUI,0.8999999761581421
VOJROC,VOJSAP,0.8999999761581421
VOJROC,YIDJAX,0.8999999761581421
VOJSAP,YIDJAX,0.8999999761581421
VOJSAP,XIFXAM,0.8999999761581421
VOKBUU,VOKNAM,0.8269230723381042
VOKBUU,VOKCIJ,0.796226441860199
VOKCAB,VOKCIJ,0.8392857313156128
VOKLUE,VOKMAL,0.8363636136054993
VOKLUE,VOKMUF,0.823913037776947
VOKMAL,VOKNAM,0.8379999995231628
VOKMUF,VOKNEQ,0.8714286088943481
VOKMUF,VOKNAM,0.8588235378265381
VOLPAP,XANLOP,1.0
VOLQOD,VOLQUJ,1.0
VOLQOD,VOLRAQ,1.0
VOLQUJ,WOSZEL,1.0
VONBUX,VONBUX02,1.0
VONBUX,VONBUX01,1.0
VONBUX,VONCUY,1.0
VONBUX,VONCOS,1.0
VONBUX,VONDAF,1.0
VONBUX01,VONBUX02,1.0
VONBUX01,VONCUY,1.0
VONBUX01,VONCOS,1.0
VONBUX01,VONDAF,1.0
VONBUX02,VONCUY,1.0
VONBUX02,YUSQEJ,0.8999999761581421
VONBUX02,YUSQIN,0.8999999761581421
VONCOS,VONCUY,1.0
VONCOS,VONDAF,1.0
VONDAF,YUSQEJ,0.8999999761581421
VONDAF,YUSQIN,0.8999999761581421
VONQOG,XEXSEA,0.8999999761581421
VORSAY,VORSEC,1.0
VOSSUT,VOTHOD,0.8999999761581421
VOSSUT,VOTHIX,0.8999999761581421
VOSWIL,VOSWOR,1.0
VOSWIL,WUPZUE,1.0
VOTHIX,VOTHOD,0.8999999761581421
VOVKUO,XAGPUT,1.0
VOVKUO,YAQZUN,1.0
VOVKUO,VOVLAV,1.0
VOVKUO,YAQZAT,1.0
VOVLAV,XAGPUT,1.0
VOVLAV,YAQZUN,1.0
VOVLAV,YAQZAT,1.0
VOYWUB,WUDXAV,0.8999999761581421
VUGWUR,VUGYED,0.8999999761581421
VUGWUR,VUGXEC,0.8999999761581421
VUGXAY,VUGYIH,0.8999999761581421
VUGXEC,VUGXOM,0.8999999761581421
VUGXEC,VUGXIG,0.8999999761581421
VUGXIG,VUGXOM,0.8999999761581421
VUGXIG,VUGYED,0.8999999761581421
VUGXOM,VUGYIH,0.8999999761581421
VUGYED,VUGYIH,0.8999999761581421
VUKJUI,YAVYAW01,0.8999999761581421
VUKJUI,VUKTEC,0.8999999761581421
VUKKET,XEGREJ,0.8031250238418579
VUKPIB,VUKPUN,0.8999999761581421
VUKPOH,VUSDUJ,0.8999999761581421
VUKSEB,YEKQOW,1.0
VUKSUR,ZEFRUZ,0.8999999761581421
VUKSUR,ZEFRIN,0.8999999761581421
VUKTAY,ZEFSOU,0.8999999761581421
VUKTAY,ZEFSOU01,0.8999999761581421
VULFIT,VULFOZ,1.0
VULKET,VULKIX,1.0
VUMCEM,YAMKOP,0.8999999761581421
VUMCIQ,WIZSOP,1.0
VUMYAF,WINCEC,0.8999999761581421
VUNCIR,VUNCUD,0.8999999761581421
VUNJAR,YODWUL,0.800000011920929
VUNNEZ,VUNNID,1.0
VUNYUZ,XAGCUE,1.0
VUNYUZ,XAGDAL,1.0
VUQJUN,VUQKAU,1.0
VUQJUN01,VUQKAU,1.0
VUQJUN01,VUQKAU01,1.0
VUQJUN01,VUQKAU02,1.0
WAHRIJ,WOYWIS,0.8999999761581421
WAHRIJ,WIGQIP,0.8999999761581421
WAMJUS,XOPLUL,0.8999999761581421
WAMRIN,WAMRIN02,1.0
WANJIF,XEDMEB,1.0
WANNEH,WANNIL,1.0
WANNIL,XIJSUH,0.8999999761581421
WANYER,WANYOB,0.8999999761581421
WANYIV,WANYOB,1.0
WANYOB,XEKCUN,0.8999999761581421
WAPYIX,WAPYUJ,0.8999999761581421
WAPYIX,YINRIZ,0.8999999761581421
WAPYIX,YINREV,0.8999999761581421
WAPYIX,WAPYOD,0.8999999761581421
WAPYIX,WAPZAQ,0.8999999761581421
WAPYOD,WAPZIY,1.0
WAPYOD,YINQOE,0.8999999761581421
WAPYOD,WAPZEU,0.8999999761581421
WAPYOD,YINQUK,0.8999999761581421
WAPYOD,YINRIZ,0.8999999761581421
WAPYOD,YINROF,0.8999999761581421
WAPYUJ,YINQUK,0.8999999761581421
WAPYUJ,WAPZIY,0.8999999761581421
WAPYUJ,YINREV,0.8999999761581421
WAPYUJ,YINRIZ,0.8999999761581421
WAPZAQ,WAPZEU,0.8999999761581421
WAPZAQ,YINREV,0.8999999761581421
WAPZAQ,YINROF,0.8999999761581421
WAPZEU,YINRIZ,0.8999999761581421
WAPZEU,WAPZIY,0.8999999761581421
WAPZIY,YINQOE,0.8999999761581421
WAQDOK,WAQDOK01,1.0
WASQEP,WASQIT,1.0
WAVJIP,WOZPOS,0.8999999761581421
WAZFAH,WAZFIP,1.0
WAZFAH,WAZFOV,1.0
WAZFAH,WAZFUB,1.0
WAZFIP,WAZFOV,1.0
WAZFIP,WAZFUB,1.0
WAZFOV,WAZFUB,1.0
WAZMUH,WAZNAO,0.8999999761581421
WAZMUH,XAJZAK,0.8999999761581421
WAZNAO,XAJZAK,0.8999999761581421
WECBEN,XIYYEL,1.0
WECSAZ,WOZDEW,1.0
WECSAZ01,WOZDEW,1.0
WECSAZ01,YIXFOC,1.0
WECSAZ01,ZEDVIP,1.0
WEFDAO,WEFDES,0.8999999761581421
WEHHEZ,ZOZWUI,1.0
WEHHEZ,ZOZXAP,1.0
WEHHOI,WEHJAW,1.0
WEHHOI,WEHJEA,1.0
WEHHUO,WEHJAW,1.0
WEHHUO,WEHJEA,1.0
WEHJAW,WEHJEA,1.0
WEHPIJ,YUNXAI,0.8999999761581421
WEHTAG,ZIQVEC,0.8999999761581421
WEHTAG,ZOFSIY,0.8999999761581421
WEKWIT,WEKWOZ,1.0
WEMCIC,WOGLAG,0.8999999761581421
WEMDAV,XETHIO,0.8999999761581421
WEMDID,XUMBEN,1.0
WEMDID,ZIGMIN,1.0
WEMGAY,WIHDUN,0.8999999761581421
WEMJII,WEMJUU,0.8999999761581421
WEMYOC,WEMYOC01,1.0
WENKEH,WENLAE,0.8999999761581421
WENKEH,WENKOR,0.8999999761581421
WENKEH,WENKIL,0.8999999761581421
WENKIL,WENKOR,0.8999999761581421
WENKIL,WENLAE,0.8999999761581421
WENRIR,XOFFUT,0.8999999761581421
WEQMEL,WEQMIP,1.0
WERCEE,WERDAB,0.8999999761581421
WERCEE,WERCII,0.8999999761581421
WERCEE,WERCUU,0.8999999761581421
WERCEE,WERCOO,0.8999999761581421
WERCII,WERCOO,0.8999999761581421
WERCII,WERCUU,0.8999999761581421
WERCOO,WERCUU,0.8999999761581421
WESYAV,WILDUR,0.8999999761581421
WESYAV,WESYEZ,0.8999999761581421
WESYAV,WILFAZ,0.8999999761581421
WESYEZ,WILDUR,1.0
WESYEZ,WILFAZ,1.0
WESYEZ,WILFED,1.0
WESYEZ,WILFON,1.0
WETQOB,XUJJUI,1.0
WEWFIQ,WIVFUD,1.0
WEWFIQ,WIVGAK,1.0
WEWFIQ,ZAZVEE,0.8526315689086914
WEWGAH,XEJJIG,0.8999999761581421
WEWHIS,XAGRAA,0.8999999761581421
WEWHIS,WEWHOY,0.8999999761581421
WEWHOY,XAGRAA,0.8999999761581421
WEYDEM,XUHJEQ,0.8999999761581421
WEYDEM,XUHJEQ01,0.8999999761581421
WEYQAU01,ZUCXOK,1.0
WEZWUU,XIVLOE,1.0
WEZWUU,XIVLUK,1.0
WICLEC,ZIDMIL,0.8999999761581421
WIFRIP,XILLIP,0.8999999761581421
WIFRIP,ZOXFAV,0.8999999761581421
WIFRIP,XILLEL,0.8999999761581421
WIFRIP,WIFROV,0.8999999761581421
WIFROV,XILLEL,1.0
WIFROV,XILLIP,1.0
WIGPUA,WIGQIP,1.0
WIGPUA,WOYWOY,1.0
WIGQAH,WIGQIP,1.0
WIGQAH,WOYWOY,1.0
WIGQAH,WOYWIS,1.0
WIGQIP,WOYWOY,1.0
WIHTEO,XACLUL,0.8999999761581421
WIHTIS,YFORME02,1.0
WIHTIS,YFORMD,1.0
WIKLOT,WOWGEU02,0.8999999761581421
WILDUR,WILFAZ,1.0
WILDUR,WILFED,1.0
WILDUR,WILFON,1.0
WILFAZ,WILFED,1.0
WILFAZ,WILFON,1.0
WILGEE,WILGOO,1.0
WILQIS,XILBAW,1.0
WIMWEW,XADDUD,1.0
WIMWEW,XADDOX,1.0
WINJOS,WINJUY,0.8999999761581421
WIPJUC,YUSVAK,0.8999999761581421
WIRCOS,WISVEB,1.0
WITMIX,WITMOD,0.8999999761581421
WIVFUD,ZAZVEE,0.8526315689086914
WIVKIX,YAYPIZ,1.0
WIVVII,XEBHOC,0.8714286088943481
WIVVII,XAWVUN,0.8714286088943481
WIWHOA,XOMPEV,1.0
WIWHOA,XOHTOE02,1.0
WIWHOA,XOHSUJ,1.0
WIWHOA,XOHTOE,1.0
WIXJIW,WIXJIW01,1.0
WIXJIW,XASHAA,0.8999999761581421
WIXJIW01,XASHAA,0.8999999761581421
WIYZOU,XOWTAF,0.8999999761581421
WIZMAV,WIZMAV06,1.0
WIZMAV04,WIZMAV06,1.0
WIZMAV05,WIZMAV06,1.0
WIZMAV05,WIZMAV07,1.0
WIZMAV05,WIZMAV09,1.0
WIZMAV05,WIZMAV10,1.0
WIZMAV05,WIZMAV12,1.0
WIZMAV07,WIZMAV09,1.0
WIZMAV07,WIZMAV10,1.0
WIZMAV07,WIZMAV12,1.0
WOBCAT,XAFXOT,1.0
WOBCAT,XAFXUZ,0.8999999761581421
WOBCEX,WOBCIB,0.8999999761581421
WOBCEX,XAFYEK,0.8999999761581421
WOBCEX,XAFYIO,0.8999999761581421
WOBCIB,XAFXUZ,0.8999999761581421
WOBCIB,XAFYAG,0.8999999761581421
WOBHEB01,YAZYIJ,0.8999999761581421
WOBHOL,YAZYIJ,0.8999999761581421
WOBMIL02,WOBMIL03,1.0
WOBQEL,XIXCIT,0.8999999761581421
WOBQEL,XIXCOZ,0.8999999761581421
WODQOW,XUHJEQ01,1.0
WODQOW,XUHJEQ,1.0
WODVOB,YAVVID,0.8999999761581421
WODVOB,YAVVEZ,0.8999999761581421
WODVOB,YAVTUN,0.8999999761581421
WOJYIF,WOJZOM,1.0
WOJYOL,WOJZIG,1.0
WOJYUR,XADDAJ,1.0
WOJYUR,XADDAJ01,1.0
WOJZOM,XUDVAV,0.8999999761581421
WOPSAX,WOPSOL,1.0
WOPSAX01,WOPSOL,1.0
WOPSAX02,WOPSOL,1.0
WOPSAX02,WOPSOL01,1.0
WOPSAX02,WOQTUT,1.0
WOQJIW03,WOQJIW04,1.0
WOSMUO,XEHSAF,1.0
WOSMUO01,XEHSAF,1.0
WOYHUP,WOYJAX,1.0
WOYHUP,WOYJEB,1.0
WOYHUP,WOYJIF,0.8999999761581421
WOYJAX,WOYJEB,1.0
WOYJAX,WOYJIF,0.8999999761581421
WOYJAX,WOYJOL,0.8999999761581421
WOYJEB,WOYJIF,0.8999999761581421
WOYJEB,WOYJOL,0.8999999761581421
WOYJIF,WOYJOL,1.0
WOYWIS,WOYWOY,1.0
WOZDEW,YIXFOC,1.0
WOZDEW,ZEDVIP,1.0
WUCRUH,ZOHFUZ,1.0
WUDTIA,WUDTOG,0.8999999761581421
WUDTOG,WUDVEY,0.8999999761581421
WUDTOG,WUDTUM,0.8999999761581421
WUDTUM,WUDVEY,0.8999999761581421
WUFHIQ,XAWDUX,0.7942857146263123
WUHMAP,XESKEN,0.8999999761581421
WUHMUJ,XAMGUQ,1.0
WUKFEP,XEVHOW,1.0
WULBEM,WULBIQ,0.8999999761581421
WULYIL,XILWUM,0.8999999761581421
WUMDIT,WUMDOZ,0.8999999761581421
WUMDOZ,XAWXUR,0.8999999761581421
WUNTIJ,WUNVAD,1.0
WUNTIJ,WUNTUV,1.0
WUNTIJ,WUNVEH,1.0
WUNTUV,WUNVAD,1.0
WUNTUV,WUNVEH,1.0
WUPTUY01,XULGIW,1.0
WUVGOL,XEVMAM,0.8999999761581421
WUVMAB,YOXXUG,1.0
WUVMAB,XEZVOP,0.8999999761581421
WUVMAB01,YOXXUG,1.0
WUVMAB02,YOXXUG,1.0
WUVMAB03,YOXXUG,1.0
WUVMAB04,YOXXUG,1.0
WUVMAB04,ZAMBIY,0.8999999761581421
WUXCAU,WUXCEY,1.0
WUXYIZ,WUXYOF,1.0
WUXYIZ,WUXZAS,0.9000000357627869
WUXYOF,WUXZAS,0.9000000357627869
WUYPUD,YAMBIZ,1.0
WUYSUG,XULFOA,0.8999999761581421
WUYSUG,WUZCUR,0.8999999761581421
WUYWAQ,WUYWIY,1.0
WUYWAQ,WUYWOE,1.0
WUYWAQ,WUZGEF01,1.0
WUYWAQ,WUZGEF,1.0
WUYWAQ,WUYYIA,0.8999999761581421
WUYWIY,WUYWOE,1.0
WUYWIY,WUZGEF01,1.0
WUYWIY,WUZGEF,1.0
WUYWOE,WUZGEF01,1.0
WUYWOE,WUZGEF,1.0
WUYWUK,WUYYIA,0.8999999761581421
WUYWUK,WUZGEF,0.8999999761581421
WUYWUK,WUZGEF01,0.8999999761581421
WUYYIA,WUZGEF,0.8999999761581421
XACLUL,YANVIV,1.0
XACLUL,YANVIV01,1.0
XACLUL,YANVIV02,1.0
XACLUL,YEWKAP,1.0
XADCOW,YAXBUV,1.0
XADCOW,YAXBUV02,1.0
XADCOW,XUDSIY,1.0
XADDAJ,YICXIU,0.9099999666213989
XADDAJ01,YICXIU,0.9099999666213989
XADGEQ,XEZDAH,0.8999999761581421
XADWIK01,XADWIK02,1.0
XADZIN,XADZOT,1.0
XAFBEN,XAFBOX,1.0
XAFFIV,XAFFOB,0.8999999761581421
XAFXUZ,XAFYAG,0.8999999761581421
XAFYEK,XAFYIO,0.8999999761581421
XAGCAM,XAGCEQ,1.0
XAGCEO,XAGCIS02,1.0
XAGCEO,XAGCIS,1.0
XAGCEO,XAGCIS01,1.0
XAGCIS,XAGCIS02,1.0
XAGCIS,XAGCIS01,1.0
XAGCIS01,XAGCIS02,1.0
XAGCUE,XAGDAL,1.0
XAGPON,YUBGIN,1.0
XAGPUT,YAQZAT,1.0
XAGPUT,YAQZUN,1.0
XAHZAI,XIJXAS,1.0
XAHZAI,ZZZRZW06,1.0
XAHZAI,ZZZLZE02,1.0
XAHZAI01,XIJXAS,1.0
XAHZAI01,ZZZRZW06,1.0
XAHZAI01,ZZZLZE02,1.0
XAHZAI02,XIJXAS,1.0
XAHZAI02,ZZZRZW06,1.0
XAHZAI02,ZZZLZE02,1.0
XAJQAC,XIXCIT,0.8999999761581421
XAJQAC,XIXCOZ,0.8999999761581421
XAKVIP,XAKVOV,1.0
XALMII,YATDOP,1.0
XALMOO,YATDOP,1.0
XALXIS,XALXIS01,1.0
XANMUX04,XANMUX08,1.0
XAPNIN,XASPEP,1.0
XAPQAI,XAPQAI01,1.0
XAPRIR,XAPRIR02,1.0
XASNUD,XASPEP,1.0
XATNIP,XATNIP01,1.0
XATNIP,XEDKOJ,0.8999999761581421
XAWDUX,XAWDUX01,1.0
XAWVUN,XEBHOC,1.0
XAWXUR,ZIGQIS,0.9142857193946838
XAWXUR,ZIGQEO,0.9142857193946838
XAXBAB,XEHSAF,1.0
XAXBEF,XEHSAF,1.0
XAXGIO,YUHMAR,0.8920000195503235
XAYKOA,XEKYOE,0.8999999761581421
XAZDEK,ZAYWUU,1.0
XAZDEK,XAZDIO,1.0
XECJUK,XECJUK01,1.0
XEFGAQ,XEFKOI,1.0
XEGJIE,XEGKEB,1.0
XEGJIE,XEGJOK,1.0
XEGJIE02,XEGKEB,1.0
XEGJIE02,XEGJOK,1.0
XEGJIE02,XEGJUQ,1.0
XEGJOK,XEGKEB,1.0
XEGJOK,YUDFOU,1.0
XEGJUQ,XEGKEB,1.0
XEGKEB,YUDFOU,1.0
XEGQEG,XEGQEG01,1.0
XEGQUW,YEYMAQ,0.8999999761581421
XEGWAK,XEGWUE,1.0
XEHDOG,XEHDUM,1.0
XEHGOI,XEHGUO,1.0
XEHRUY,XEHSAF,1.0
XEHRUY,XEHSOT,1.0
XEHTIO,XOTROP,0.8999999761581421
XEHTIO,XOTRIJ,0.8999999761581421
XEMNUB,XEMPAJ,1.0
XEQLEM,XUNTEH01,0.8999999761581421
XEQNEM,YOXZOC,1.0
XEQNEM,YOXXOA03,1.0
XEQNEM,YOXXOA,1.0
XEQNEM02,YOXZOC,1.0
XEQNEM02,YOXXOA03,1.0
XEQNEM02,YOXXOA,1.0
XESKUD,YEMLOS,1.0
XETPOC,ZIMSEV,1.0
XETPOC,ZIMSIZ,1.0
XEVGOV,XEVHIQ,0.8999999761581421
XEVMAM,XEVMUG,0.8999999761581421
XEVMAM,XEVMUG01,0.8999999761581421
XEVMUG,XEVMUG01,1.0
XEVSIB,XUZRIU,1.0
XEXLET,XEXMEU,0.8999999761581421
XEXLET,XEXMAQ,0.8999999761581421
XEXLIX,XEXMEU,1.0
XEXLIX,XEXMAQ,1.0
XEXLIX,XEXLUJ,1.0
XEXLUJ,XEXMEU,1.0
XEXLUJ,XEXMAQ,1.0
XEXMAQ,XEXMEU,1.0
XEXPUN,XIDCEU,0.8999999761581421
XEYNOG,XEYNUM,1.0
XEYNOG,XEYPAU,1.0
XEYNOG,ZIVCAK,0.8999999761581421
XEYNUM,XEYPAU,1.0
XEYNUM,ZIVCAK,0.8999999761581421
XEYPAU,ZIVCAK,0.8999999761581421
XEZMEW,YAYSOJ,1.0
XEZMEW,XEZMOG,0.8999999761581421
XEZMOG,YAYSOJ,0.8999999761581421
XEZNEY,XEZNIC,1.0
XEZQOL,XEZQUR,0.8999999761581421
XEZQOL,YAQDIF,0.8999999761581421
XEZQUR,XEZREC,0.8999999761581421
XICNOO,XICYIT,1.0
XICNOO,XICNOO02,1.0
XICNOO,XICNOO01,1.0
XICNOO01,XICYIT,1.0
XICNOO01,XICNOO02,1.0
XICNOO02,XICYIT,1.0
XIDCEV,XIDCIZ,0.8999999761581421
XIFHEC,XIFHIG,0.8999999761581421
XIHSAJ,XIHSEN,1.0
XIHSAJ,XIHSEN01,1.0
XIHSAJ01,XIHSEN,1.0
XIHSAJ01,XIHSEN01,1.0
XIHSEN,XIHSEN01,1.0
XIHWUI,XIHXET,1.0
XIJVIY,YEYCUC,1.0
XIJXAS,ZZZRZW14,1.0
XIJXAS,ZZZRZW13,1.0
XIKGEG01,XIKGEG02,1.0
XILLEL,XILLIP,1.0
XILLEL,ZOXFAV,0.8999999761581421
XILLEL,ZOXFEZ,0.8999999761581421
XILLIP,ZOXFAV,0.8999999761581421
XILLIP,ZOXFEZ,0.8999999761581421
XILWUM,XILXUN,0.8999999761581421
XILXOH,YOLXAA,0.9052631258964539
XIPLOX,YIKMAG,0.8999999761581421
XISXEE,YERFUZ,0.8999999761581421
XITDAH,XUMVUY,1.0
XITDAH,XUMVAE01,1.0
XITDEL,XUMVIM,1.0
XITYOP,YOGKOW,0.8999999761581421
XITYOP,YOGKEM,0.8999999761581421
XIVLEW,YOTQIJ,0.8999999761581421
XIVMEW,XIVMEW01,1.0
XIXCIT,XIXCOZ,1.0
XIYFOA,ZIGXEU,1.0
XIYFOA,ZIGXAQ,1.0
XIYQUU,XOLSOI,0.8999999761581421
XIZCUG,YUDWAX,1.0
XIZDIV,YUDWAX,1.0
XOBBOI,XOBBUO,1.0
XOBDUO,ZIJGUU01,1.0
XOBDUO,YEYLUJ,1.0
XOBXIW,ZIGLOT,1.0
XOFQOA,XOFRER,0.8999999761581421
XOGGOR,XOGGOR01,1.0
XOHNEO,XUYYEW,0.8999999761581421
XOHSUJ,XOHTOE,1.0
XOHSUJ,XOHTOE02,1.0
XOJLAK,ZIVBUD,0.8999999761581421
XOJLEO,ZIVCAK,0.8999999761581421
XOJLEO,ZIZTIN,0.8999999761581421
XOJWID,XOJWOJ,1.0
XOJWID,XOJXEA,1.0
XOJWID,XOJXIE,1.0
XOLSOI,YEKXET,1.0
XOMHEO,YOVCAP,1.0
XONLES,XONLES01,1.0
XOPLOE,YAVYAW,1.0
XOPLOE,YAVYAW01,1.0
XOPLOE,YAVYAW02,1.0
XOPLUL,YUSWEQ,0.8999999761581421
XORDAJ,ZZZUKQ02,1.0
XOTRIJ,XOTSAC,0.8999999761581421
XOVFOF,XOVFOF01,1.0
XOVQUU,XOVQUU01,1.0
XOWSUY,XOWTAF,1.0
XUBGUY,ZEXSOM,0.8999999761581421
XUBJAF,XUBJAF02,1.0
XUBJAF02,YOCMAF,0.8999999761581421
XUCHOS,XUCHOS02,1.0
XUCHOS,XUCHOS01,1.0
XUCHOS01,XUCHOS02,1.0
XUDSIY,YAXBUV02,1.0
XUDYAX,XUDYEB,1.0
XUGDOU,XUGDUA,1.0
XUHJEQ,XUHJEQ01,1.0
XUJCUB,XUJDAI02,0.8999999761581421
XUJDAI,XUJDAI01,1.0
XUJDAI,XUJDAI03,1.0
XUJDAI,XUJDAI02,1.0
XUKJEU,YUMVOT,1.0
XUKJEU,YIFSIS,0.8999999761581421
XUKJUK,YIXZEM,0.8999999761581421
XUKJUK,YIXZAI,0.8999999761581421
XUKKET01,XUKKET02,1.0
XULDEP,XULDOZ,1.0
XUMMEZ,XUMMOJ,1.0
XUMSEF,XUMSIJ,0.8999999761581421
XUMVAE01,XUMVUY,1.0
XUNHAQ,XUNSEG,1.0
XUNHAQ,XUNSOQ,1.0
XUNHAQ,XUNROP,1.0
XUNHAQ,XUNSAC,1.0
XUNHAQ,XUNSIK,1.0
XUNHAQ,XUNSUW,1.0
XUNHAQ,XUNTEH01,1.0
XUNJIA,XUNJOG,1.0
XUNROP,XUNSEG,1.0
XUNROP,XUNSOQ,1.0
XUNSAC,XUNSEG,1.0
XUNSAC,XUNSOQ,1.0
XUNSAC,XUNSIK,1.0
XUNSAC,XUNSUW,1.0
XUNSAC,XUNTEH01,1.0
XUNSEG,XUNSOQ,1.0
XUNSIK,XUNSOQ,1.0
XUNSIK,XUNSUW,1.0
XUNSIK,XUNTEH01,1.0
XUVQIQ,XUVQOW,1.0
XUYYEW,XUYYIA,1.0
YADGIW,YEKXET,0.8999999761581421
YANBAR,YANBAR02,1.0
YANXIX,YANXIX04,1.0
YANXIX04,ZNFORD,1.0
YANXIX04,ZNFORD01,1.0
YANXIX04,ZNFORD02,1.0
YANXIX04,ZNFORD04,1.0
YANXIX04,ZNFORD05,1.0
YANXIX04,ZNFORD06,1.0
YANXIX04,ZNFORD07,1.0
YANXIX04,ZNFORD08,1.0
YANXIX04,ZNFORD09,1.0
YAVSIA,YAVVEZ,0.8999999761581421
YAVSIA,YAVVUP,0.8999999761581421
YAVSIA,YAVTUN,0.8999999761581421
YAVSIA,YAVVOJ,0.8999999761581421
YAVTOF,ZUYLOW,0.8999999761581421
YAVTUN,YAVVAV,0.8999999761581421
YAVTUN,YAVVUP,0.8999999761581421
YAVVAV,YAVVEZ,0.8999999761581421
YAVVAV,YAVVID,0.8999999761581421
YAVVEZ,YAVVID,0.8999999761581421
YAVVEZ,YAVVOJ,0.8999999761581421
YAVVID,YAVVOJ,0.8999999761581421
YAVVOJ,YAVVUP,0.8999999761581421
YAVYAW,YAVYAW02,1.0
YAVYAW01,YAVYAW02,1.0
YAXBUV,YAXCAC,1.0
YAXBUV02,YAXCAC,1.0
YAYPAR,YAYPEV,1.0
YAZZAC,YUFLIW,0.8999999761581421
YEFLIF,YEFLIF01,1.0
YEFLIF,YEFLIF02,1.0
YEFLIF01,YEFLIF02,1.0
YEFTAH,YEFTOV,0.8999999761581421
YEFTIP,YEFTOV,0.8999999761581421
YEKHUU,YEKJEG,0.8999999761581421
YELNIM,ZZZSSS01,1.0
YEMGIH,YOQYIO,1.0
YEMRIU,YEMSIV,0.8999999761581421
YEMRIU,YEMROA,0.8999999761581421
YEMRIU,YEMRUG,0.8999999761581421
YEMROA,YEMSIV,0.8999999761581421
YEMROA,YEMSER,0.8999999761581421
YEMROA,YEMSOB,0.8999999761581421
YEMRUG,YEMSER,0.8999999761581421
YEMSAN,YEMSIV,0.8999999761581421
YEMSAN,YEMSER,0.8999999761581421
YEMSAN,YEMSOB,0.8999999761581421
YEMSER,YEMSIV,0.8999999761581421
YEMSER,YEMSOB,0.8999999761581421
YENZAV,YENZEZ,0.8999999761581421
YENZEZ,YENZID,0.8999999761581421
YENZEZ,YENZUP,0.8999999761581421
YENZID,YENZUP,0.8999999761581421
YENZID,YEPBAZ,0.8999999761581421
YESXAY,YESYUT,1.0
YESXOM,YESYON,1.0
YESYED,YESYON,1.0
YESYUT,YESZEE,1.0
YESZAA,YESZEE,1.0
YESZAA,YESZII,1.0
YEVQUM,YEYVOO,1.0
YEXCOW,YICPEI,1.0
YEXCOW,YEXCUC,1.0
YEXCUC,YICPEI,1.0
YEYLUJ,ZIJGUU01,1.0
YFORMD,YFORME02,1.0
YFORMD,YFORMD02,1.0
YFORMD02,YFORME02,1.0
YICGEZ,YICGOJ,0.8999999761581421
YICGOJ,YICKIH,1.0
YICQOS,YICQOS01,1.0
YIDJAX,YIDJAX01,1.0
YIDJAX,YIVPOJ,1.0
YIFKEG,YIFLUX,1.0
YIFLUX,ZEYJIZ,0.8999999761581421
YIFSIS,YUMVOT,0.8999999761581421
YIGGEB,YODRAM,1.0
YIGHUU,YIGJAC,1.0
YIGHUU,YIGJIK,1.0
YIGJAC,YIGJIK,1.0
YIGJEG,YIGJUW,1.0
YIGJEG,YIGJOQ,1.0
YIHZIA,YIHZIA02,1.0
YIKGEF,YIKGEF01,1.0
YILZIF,YIMBAA,0.8999999761581421
YIMBUU,YIMCAB,1.0
YIMCIJ,YIMCUV,1.0
YIMCIJ,YIMQAP,1.0
YIMCUV,YIMQAP,1.0
YIMQET,YIMQOD,1.0
YINCEF,YINDAC02,1.0
YINCIJ,YINDAC02,1.0
YINCIJ,YINCUV,1.0
YINCIJ,YINDAC,1.0
YINCIJ,YINDAC01,1.0
YINCIJ,YINDOQ,1.0
YINCUV,YINDAC02,1.0
YINDAC,YINDAC02,1.0
YINDAC01,YINDAC02,1.0
YINDAC01,YINDOQ,1.0
YINQOE,YINQUK,0.8999999761581421
YINQOE,YINRIZ,0.8999999761581421
YINQUK,YINRIZ,0.8999999761581421
YINREV,YINRIZ,0.8999999761581421
YIQBEF,YIQBEF01,1.0
YITGOA,ZIYWIQ,0.8999999761581421
YIXFIW,ZEDVUB,1.0
YIXFUI,ZEDWAI,1.0
YIXFUI,YOQYIO,0.8999999761581421
YIXZAI,YIXZEM,1.0
YOGKEM,YOGKOW,1.0
YOLZIK,YOMNUL01,1.0
YOLZIK,YOMNUL02,1.0
YOLZIK,YOMNUL10,1.0
YOMNUL,YOMNUL02,1.0
YOMNUL,YOMNUL10,1.0
YOMNUL,YOMNUL09,1.0
YOMNUL02,YOMNUL10,1.0
YOMNUL09,YOMNUL10,1.0
YOSLIB,YOSLIB03,1.0
YOSLIB01,YOSLIB03,1.0
YOSLIB02,YOSLIB03,1.0
YOWPIK,ZEKKOR,0.8999999761581421
YOXXOA,YOXXOA01,1.0
YOXXOA,YOXXOA03,1.0
YOXXOA,YOXZOC,1.0
YOXXOA01,YOXXOA03,1.0
YOXXOA01,YOXZOC,1.0
YOYNUX,YOYPAF,1.0
YOYPIN,YOYPOT,1.0
YOYPIN,YOYQAG,1.0
YOYPIN,YOYPUZ,1.0
YOYPOT,YOYQAG,1.0
YOYPUZ,YOYQAG,1.0
YOYQIO,YOYQOU,1.0
YOYQIO,YOYRAH,1.0
YOYQIO,YOYQUA,1.0
YOYQOU,YOYRAH,1.0
YOYQUA,YOYRAH,1.0
YOZMEH,ZOFDUV,1.0
YOZMIL,ZOFDUV,1.0
YOZMOR,ZOFDUV,1.0
YOZMUX,ZOFDUV,1.0
YOZNAE,ZOFDUV,1.0
YOZNEI,ZOFDUV,1.0
YOZNIM,ZOFDUV,1.0
YOZNOS,ZOFDUV,1.0
YOZNUY,ZOFDUV,1.0
YOZPAG,ZOFDUV,1.0
YOZQAG,YOZQEK,1.0
YOZQEK,YURKIG,0.8999999761581421
YOZROW,YOZRUC,1.0
YOZROW,YOZSAJ,1.0
YOZRUC,YOZSAJ,1.0
YUBFUX,YUBFUX01,1.0
YUBMIS,YUDCOQ01,1.0
YUBMIS,YUBMIS01,1.0
YUBMIS,YUDCOQ,1.0
YUBMIS01,YUDCOQ01,1.0
YUBMIS01,YUDCOQ,1.0
YUCCUV,YUCDUW,0.8999999761581421
YUCCUV,YUCDEG,0.8999999761581421
YUCCUV,YUCDOQ,0.8999999761581421
YUCDEG,YUCDIK,0.8999999761581421
YUCDIK,YUCDOQ,0.8999999761581421
YUCNEQ,YUDVIC,0.8999999761581421
YUDCOQ,YUDCOQ01,1.0
YUDCOQ,ZAMBIY,0.8999999761581421
YUKVUW,ZNFORD06,1.0
YUKVUW,ZNFORD08,1.0
YUKVUW01,ZNFORD06,1.0
YUKVUW01,ZNFORD08,1.0
YUKVUW02,ZNFORD06,1.0
YUKVUW02,ZNFORD08,1.0
YUNHUL,YUNJOH,1.0
YUNHUL,YUNKIC,1.0
YUNJEX,YUNJOH,1.0
YUNJEX,YUNKIC,1.0
YUNJOH,YUNKIC,1.0
YUNJUN,YUNKIC,1.0
YUQMUU,YUQNAB,1.0
YURKAY,YURKEC,0.8999999761581421
YURKEC,YURKIG,0.8999999761581421
YUSQEJ,YUSQIN,1.0
YUSWEQ,YUSWIU,1.0
YUWKEH,YUWKEH01,1.0
YUZBIG,YUZCAZ,1.0
YUZBOM,YUZCAZ,1.0
YUZBOM,YUZBUS,1.0
YUZBUS,YUZCAZ,1.0
YUZPOA,ZELQAK,0.9419354796409607
ZARLEL,ZARLIP,1.0
ZASTUK,ZASVEW,0.8999999761581421
ZAVPET,ZAVQIY,0.8999999761581421
ZAVPET,ZAVQOE,0.8999999761581421
ZAVPET,ZAVQAQ,0.8999999761581421
ZAVPET,ZAVPIX,0.8999999761581421
ZAVPET,ZAVRAR,0.8999999761581421
ZAVPIX,ZAVPOD,0.8999999761581421
ZAVPIX,ZAVREV,0.8999999761581421
ZAVPOD,ZAVQUK,0.8999999761581421
ZAVPOD,ZAVRAR,0.8999999761581421
ZAVPOD,ZAVPUJ,0.8999999761581421
ZAVPUJ,ZAVQOE,0.8999999761581421
ZAVPUJ,ZAVQAQ,0.8999999761581421
ZAVQAQ,ZAVREV,0.8999999761581421
ZAVQOE,ZAVRAR,0.8999999761581421
ZAVQUK,ZAVREV,0.8999999761581421
ZAWBUX,ZAWCIM,1.0
ZAWBUX,ZAWCAE,1.0
ZAWCAE,ZAWCIM,1.0
ZAWTIC,ZAWTUO,0.8999999761581421
ZAXLUH,ZZZFUU02,1.0
ZAXLUH,ZZZFUU01,1.0
ZAZBUZ,ZUBKEO,1.0
ZECBOB,ZECCAO,0.8999999761581421
ZECBOB,ZECBUH,0.8999999761581421
ZECBUH,ZECCAO,0.8999999761581421
ZECKID,ZIJVOF01,1.0
ZECKID,ZIJVIZ01,1.0
ZECKID,ZIJVOF02,1.0
ZECKID,ZIJVIZ,1.0
ZEFDEW,ZEFDOG,0.8999999761581421
ZEFRIN,ZEFSOU01,0.8999999761581421
ZEFROT,ZEFSEK,0.8999999761581421
ZEFSOU,ZEFSOU01,1.0
ZEFSUA,ZEFSUA01,1.0
ZEGRIP,ZEGROV,1.0
ZEGRUB,ZEGSAI,1.0
ZEKKOR,ZEKKUX,1.0
ZERNOB,ZERNUH,0.8999999761581421
ZESMUI,ZESNAP,0.8999999761581421
ZESMUI,ZESPEV,0.8999999761581421
ZESNET,ZESNUJ,0.8999999761581421
ZESNET,ZESNOD,0.8999999761581421
ZESNET,ZESPIZ,0.8999999761581421
ZESNOD,ZESPUL,0.8999999761581421
ZESNOD,ZESPAR,0.8999999761581421
ZESNUJ,ZESPAR,0.8999999761581421
ZESNUJ,ZESPOF,0.8999999761581421
ZESNUJ,ZESPIZ,0.8999999761581421
ZESPAR,ZESPIZ,0.8999999761581421
ZETQAS,ZETQIA,0.8999999761581421
ZICNUX,ZICZAP,0.8999999761581421
ZIGFEC,ZIGFIG,1.0
ZIHFUR,ZIHFUR01,1.0
ZIJVIZ,ZIJVIZ01,1.0
ZIJVIZ,ZIJVOF02,1.0
ZIJVIZ,ZIJVOF01,1.0
ZIJVIZ01,ZIJVOF02,1.0
ZIJVOF01,ZIJVOF02,1.0
ZIMSEV,ZIMSIZ,1.0
ZIMTUN,ZIMVAV,0.8999999761581421
ZIPKER,ZIPKUH,0.8999999761581421
ZIQRAV,ZIQROJ,0.8999999761581421
ZIQRAV,ZIQRID,0.8999999761581421
ZIQRAV,ZIQREZ,0.8999999761581421
ZIQRAV,ZIQRUP,0.8999999761581421
ZIQREZ,ZIQRID,0.8999999761581421
ZIQREZ,ZIQRUP,0.8999999761581421
ZIQRID,ZIQRUP,0.8999999761581421
ZIQRID,ZIQROJ,0.8999999761581421
ZIQROJ,ZIQRUP,0.8999999761581421
ZIQVAY,ZOFSIY,1.0
ZIQVAY,ZIQVEC,1.0
ZIQVEC,ZOFSIY,1.0
ZIVBUD,ZIZTIN,0.8999999761581421
ZIWKEY,ZIWKIC,1.0
ZIWKEY,ZIWNIF,1.0
ZIWKEY,ZIWLEZ,1.0
ZIWKEY,ZIWKOI,1.0
ZIWKEY,ZIWKUO,1.0
ZIWKEY,ZIWLAV,1.0
ZIWKIC,ZIWNIF,1.0
ZIWKIC,ZIWLEZ,1.0
ZIWKOI,ZIWNIF,1.0
ZIWKOI,ZIWLEZ,1.0
ZIWKUO,ZIWNIF,1.0
ZIWKUO,ZIWLEZ,1.0
ZIWLAV,ZIWNIF,1.0
ZIWLAV,ZIWLEZ,1.0
ZIWLEZ,ZIWNIF,1.0
ZIZTIN,ZIZTIN01,1.0
ZNGLUD,ZNGLUD01,1.0
ZNGLUD,ZNGLUD02,1.0
ZNGLUD01,ZNGLUD02,1.0
ZOFZAX,ZOFZEB,1.0
ZOMKAP,ZOMKAP01,1.0
ZOMPAU,ZOMPAU01,1.0
ZOXFAV,ZOXFEZ,1.0
ZOYKAB,ZOZKAC,1.0
ZOYZAQ,ZOYZAQ01,1.0
ZOZBAT,ZOZBEX,1.0
ZOZWUI,ZOZXAP,1.0
ZZZEJE01,ZZZEJE02,1.0
ZZZFUI01,ZZZFUI04,1.0
ZZZFUI01,ZZZFUI03,1.0
ZZZFUI02,ZZZFUI04,1.0
ZZZFUI02,ZZZFUI03,1.0
ZZZFUI03,ZZZFUI04,1.0
ZZZFUU01,ZZZFUU02,1.0
ZZZLZE02,ZZZRZW14,1.0
ZZZLZE02,ZZZRZW13,1.0
ZZZLZE02,ZZZRZW06,1.0
ZZZRZW06,ZZZRZW14,1.0
ZZZRZW06,ZZZRZW13,1.0
ZZZRZW13,ZZZRZW14,1.0
