source,target,weight
ABAVIJ,BOWDIC,1.0
ABAVIJ,CEYPUT,1.0
ABAVOP,BOWDIC,1.0
ABAVOP,AHETAK,1.0
ABEFUL,XUGWAZ,0.8999999761581421
ABEFUL,PUFNUB,0.8999999761581421
ABEFUL,FASFUD,0.8999999761581421
ABEFUL,FASFOX,0.8999999761581421
ABIWOX,EDAJUP,1.0
ABIWOX,EXAXAE03,0.8999999761581421
ABUFOU,QUBHAX,0.8999999761581421
ABUFUA,QUBHAX,0.8999999761581421
ABUFUA,CUTKUY,0.8999999761581421
ABUFUA,QUBHAX01,0.8999999761581421
ABUFUA,LARNAV,0.8999999761581421
ABUFUA,LOYBIM,0.8999999761581421
ACAJIY,WILNEL,0.8999999761581421
ACAJOG,KIYCIH,1.0
ACAJOG,NIMVOW,0.8999999761581421
ACAJOG,WORNEY,0.8999999761581421
ACAKEX,NIMWUD,0.8999999761581421
ACAKUM,ZOFZIF,0.8999999761581421
ACAKUM,ACALAT,0.8999999761581421
ACAKUM,ACALEX,0.8999999761581421
ACAKUM,ACALIB,0.8999999761581421
ACALAT,ZOFZIF,0.8999999761581421
ACALAT,ACALIB,0.8999999761581421
ACALEX,ZOFZIF,0.8999999761581421
ACALEX,ACALIB,0.8999999761581421
ACALIB,ZOFZIF,0.8999999761581421
ACIBOE,XASNUD,1.0
ACIBOE,FUTZIF,1.0
ACIBOE,PEJNOJ,1.0
ACMPCD,DEFFEC,0.8999999761581421
ACOBEC,BADJIC,1.0
ACOBEC,BADJAU,1.0
ACOBEC,TAJTAC,1.0
ACODAA,SOMJOV,1.0
ACODAA,ACODEE,1.0
ACODAA,XIRYIJ,0.8999999761581421
ACODAA,GAYFUJ,0.8999999761581421
ACODAA,QIJFAT,0.8999999761581421
ACODED,BELTOD,0.8999999761581421
ACODED,DARDAD,0.8999999761581421
ACODEE,SOMJOV,1.0
ACODEE,XIRYIJ,0.8999999761581421
ACODEE,SOMSIY,0.8999999761581421
ACODIH,LEKPAV,1.0
ACODIH,CESQUP,1.0
ACODIH,PICCUC,1.0
ACODON,KIJKIA,1.0
ACODON,DARDAD,0.8999999761581421
ACOFIK,SAHWEG,0.8999999761581421
ACOFIK,SAHYOS,0.8999999761581421
ACOFIK,ACUREY,0.8999999761581421
ACOFIK,DANFUW,0.8999999761581421
ACOVEU,PUCTIR,0.8999999761581421
ACOVEU,BAKWIV,0.8999999761581421
ACOVEU,AHIJOQ01,0.8999999761581421
ACUREY,DANFUW,1.0
ACUREY,SAHYOS,0.8999999761581421
ACUREY,SAHWEG,0.8999999761581421
ACUYAB,MEVMEI,0.8999999761581421
ACUYAB,IZEQUB,0.8999999761581421
ACUYAB,WEMKEG,0.8999999761581421
ADASIJ,ADASUV,0.8999999761581421
ADASIJ,ADASOP,0.8999999761581421
ADASOP,SIVGUB,0.9639999866485596
ADASOP,ADASUV,0.8999999761581421
ADATOQ,ADATUW,1.0
ADATUW,ADAVEI,1.0
ADEGIA,LARYIO01,1.0
ADEZUH,WUXCEY,1.0
ADEZUH,FUMQIP,0.8999999761581421
ADINCU,VABLUG,0.8999999761581421
ADINCU,VABMER,0.8999999761581421
ADINCU,VABLIU,0.8999999761581421
ADODUU,SAYKIO,0.8999999761581421
ADODUU,PEKCUF,0.8999999761581421
ADONEP,EMUBIZ,1.0
AFIPUB,RAMSUT01,1.0
AFIPUB,RAMSUT,1.0
AFIPUB,VUQHUL01,1.0
AFIPUB,QUMRUM,0.8999999761581421
AFIXAO,EQOCES01,1.0
AFIXAO,IMZYCO01,1.0
AFIXAO,NAFGOR01,1.0
AFIXAO,SIWHOY,1.0
AFOJIO,FEQXAB,1.0
AFOJIO,AMIWOJ,1.0
AFOJIO,GEVXIQ,1.0
AFOJIO,NATRAD,1.0
AFORCD,ZZZSGO01,1.0
AFORCD,MUPKUF01,1.0
AFORCD,CAHMON,1.0
AFOTUL,VAJNAW,0.8999999761581421
AFOTUL,MOFTUY,0.8999999761581421
AFOTUL,MOFVAG,0.8999999761581421
AFOTUL,SIRNOZ,0.8999999761581421
AFOVAT,SEQWIW,1.0
AFOVAT,RUXWEM,0.8999999761581421
AFOVAT,QUSWIK01,0.8999999761581421
AFOVAT,NIGBOW,0.8999999761581421
AFOVEX,URUFOE,0.8999999761581421
AFOVEX,NIGBOW,0.8999999761581421
AFOVIB,IBEYEU,1.0
AFOVIB,PAZDOM,0.8999999761581421
AFOVIB,XAYDOT,0.8999999761581421
AFOYAW,XANMUX,1.0
AFOYAW,AFOYIE,1.0
AFOYEB,TACPOD,0.8999999761581421
AFUDOX,SILKAC,0.8999999761581421
AFUDOX,OQETEK,0.8999999761581421
AGEDIC,DEHBEY,0.8999999761581421
AGEDIC,NAFUMA14,0.8999999761581421
AGEGOL,TIVMIW,1.0
AGEGOL,QIMHAY,1.0
AGEGOL,QIWFIN,1.0
AGEHAY,FOBKAK,1.0
AGEHAY,MINNEF,0.8999999761581421
AGEWUH,ATIBUA,1.0
AGEWUH,SIWPUL01,1.0
AGIREP,XASNUD,1.0
AGIREP,FUTZIF,1.0
AGIREP,PEJNOJ,1.0
AGIREP,CADPII,1.0
AGIREP,VIWZOR,1.0
AGIREP,XASPEP,1.0
AGOFEJ,COQJEZ,0.8999999761581421
AGOFEJ,COQJAV,0.8999999761581421
AGONAM,CUKXAJ,1.0
AGONAM,UYOGOF,1.0
AGONAM,PAYTAM,1.0
AGONAM,DAHMIJ,1.0
AGONAM,RIJYIV,1.0
AGONEQ,CUKXAJ,1.0
AGONEQ,UYOGOF,1.0
AGONEQ,PAYTAM,1.0
AGONEQ,CUKXEN,1.0
AGSLFA,ZEKKUX,0.8999999761581421
AGUMAR,KOLPUX,0.8999999761581421
AGUMAR,KOLQEI,0.8999999761581421
AGUMAR,LEHTID,0.8999999761581421
AGUMAR,QIHMUS,0.8999999761581421
AGUMAR,YORYUA,0.8999999761581421
AGUVEE,URUZIS,1.0
AGUVEE,URUZAK,1.0
AHAJUP,JIVROW,1.0
AHAJUP,YAVTOF,0.8999999761581421
AHAJUP,ZUYLOW,0.8999999761581421
AHAKEA,WUBHEI,0.8999999761581421
AHAKEA,AHALEB,0.8999999761581421
AHALEB,AHALEB01,1.0
AHALEB,AHALEB02,1.0
AHALEB,TINFED,0.8999999761581421
AHALEB,WUBHEI,0.8999999761581421
AHALEB02,TINFED,0.8999999761581421
AHALEB02,WUBHEI,0.8999999761581421
AHEBAS,HOWSAP,1.0
AHEBAS,HOWRUI,1.0
AHEMEG,BAHGUN02,1.0
AHEMEG,BAHGUN,1.0
AHEMEG,QERZUI01,1.0
AHEMEG,BUXCAZ,0.8999999761581421
AHEQAH,QIYDIN,0.8999999761581421
AHEQAH,QIYDIN01,0.8999999761581421
AHEQAH,CUSXIY,0.8999999761581421
AHETAK,VEDGES,1.0
AHETAK,YIGGEB,1.0
AHIJOQ01,SOHYEV,0.8999999761581421
AHIYOH,MINFOH,1.0
AHIYOH,SUZXES,1.0
AHIYOH,NAXSUB,1.0
AHIYOH,YAJMUU,1.0
AHIYOH,MEGPAR,0.8999999761581421
AHIYUN,SUZXES,1.0
AHIYUN,NAXSUB,1.0
AHIYUN,YAJMUU,1.0
AHIYUN,MEGPAR,0.8999999761581421
AHOBAB,WIWDEN,0.8999999761581421
AHOBAB,RUPZIM,0.8999999761581421
AHOKIR01,BECRUX04,0.8999999761581421
AHONEQ,OPENUT,1.0
AHONEQ,KAHWOG,1.0
AHONEQ,UHISEK,1.0
AHONEQ,LEPLAV,1.0
AHONIU,OQOCAA,0.8999999761581421
AJIJEI,NEBTIA,0.8999999761581421
AJIJEI,QULMIU,0.8999999761581421
AKOXIJ,UFATEA,1.0
AKUHOD03,POPMUE,0.8999999761581421
AKUHOD03,XUBJAF,0.8999999761581421
ALATAK,OWITEU,0.8999999761581421
ALATAK,TIVWUR,0.8999999761581421
ALEQIT,LOBQAV01,1.0
ALEQIT,LARYOU,1.0
ALEQIT,ZEDWAI,1.0
ALEQIT,BOJYIK,1.0
ALEQIT,BOJYIK01,1.0
ALEQIT,VOXKIE,1.0
ALICEE,KELJER,1.0
ALICII,KELJER,1.0
ALICII,QEJZUB,1.0
ALICII,LETDIY,1.0
ALICII,KELJAN,1.0
ALIQUH,ISAQAV,1.0
ALIQUH,ALIRAO,1.0
ALOVEC,IXOFIL,1.0
ALOVEC,IDIWOH06,1.0
ALUJIB,BUVHEH,1.0
ALUJIB,CELDAA,1.0
ALUJOH,AMIXOK,1.0
ALUJOH,AVAQAP,1.0
ALUJOH,ZEDVOV,1.0
ALUJUN,PEPLOM,0.8999999761581421
ALUKAU,UCEXEG,1.0
ALUKAU,HELNEU,1.0
ALUKAU,NOFZEO,1.0
ALUKIC,ALULID,1.0
ALUKIC,ALULEZ,1.0
ALUKIC,KIVHON,0.8999999761581421
ALUKIC,ALUKOI,0.8999999761581421
ALUKOI,KIVHON,0.8999999761581421
ALULEZ,KIVHON,0.8999999761581421
AMAFUQ,AMAGAX,1.0
AMAFUQ,HINBUC,0.8999999761581421
AMBZAG10,RUPZIM,0.8999999761581421
AMBZAG10,WIWDEN,0.8999999761581421
AMIKOX,NABCIE,0.8999999761581421
AMIWOJ,GEVXIQ,1.0
AMIWOJ,FEQXAB,1.0
AMIWOJ,CUKXIR,0.8999999761581421
AMIWUP,XOJZEC,0.8999999761581421
AMIWUP,AMIXAW,0.8999999761581421
AMIXAW,TEBFUD,1.0
AMIXIE,QIVKEL01,1.0
AMIXIE,NELREC,1.0
AMIXIE,NERMON,1.0
AMIXIE,QIVKEL,1.0
AMIZAZ,JEXXAM,1.0
AMIZAZ,DADVAG06,1.0
AMIZAZ01,JEXXAM,1.0
AMIZAZ01,DADVAG06,1.0
AMIZAZ02,JEXXAM,1.0
AMIZAZ02,DADVAG06,1.0
AMOFAK,CUXQAO,1.0
AMOFAK,CUXPER,1.0
AMOFAK,KIYZID03,0.8999999761581421
AMOFAK,CUXQES,0.8999999761581421
AMUCOB,WINJUY,0.8999999761581421
AMURUX,MOPQIT,1.0
AMURUX,SIRBIG03,1.0
AMURUX,SIWZOP03,1.0
AMURUX,ILECIN,1.0
AMURUX,KAVRIK,1.0
AMURUX02,SIRBIG03,1.0
AMURUX02,SIWZOP03,1.0
AMURUX02,ILECIN,1.0
AMURUX02,KAVRIK,1.0
AMURUX06,SIRBIG03,1.0
AMURUX06,SIWZOP03,1.0
AMURUX07,SIRBIG03,1.0
AMURUX07,SIWZOP03,1.0
AMURUX08,SIRBIG03,1.0
AMURUX08,SIWZOP03,1.0
AMURUX09,SIRBIG03,1.0
AMURUX09,SIWZOP03,1.0
AMURUX10,SIRBIG03,1.0
AMURUX10,SIWZOP03,1.0
AMURUX11,SIRBIG03,1.0
AMURUX11,SIWZOP03,1.0
ANAWIX,YUDMIU,0.8999999761581421
ANAWIX,PAMGIV,0.8999999761581421
ANAYUL,VIMNEN,1.0
ANAYUL,NAHQIY,1.0
ANAYUL,BANLUA,1.0
ANAZAS,UQUMID,0.8999999761581421
ANAZAS,DEFXEU,0.8999999761581421
ANAZAS,NAHQAQ,0.8999999761581421
ANAZAS,NAHQEU,0.8999999761581421
ANEQAM,FOQNOQ,0.8999999761581421
ANEQAM,FOQNUW,0.8999999761581421
ANUGIA,ANUGOG,1.0
ANUGIA,DEKBON,0.9571428894996643
ANUGIA,IPUPOA,0.9571428894996643
ANUGIA,IPUPIU,0.9571428894996643
ANUGOG,DEKBON,0.9571428894996643
ANUGOG,IPUPOA,0.9571428894996643
APACAX,AVETAY,1.0
APACAX,IJEVIE,0.8999999761581421
APACAX,XUVQIQ,0.8999999761581421
APACAX,XUVQOW,0.8999999761581421
APANAI,NAHCIT02,1.0
APANAI,YUDDUX,1.0
APAYIB,HISSIN,1.0
APAYIB,SILKAC,1.0
APAYIB,WOJZIG,1.0
APAYIB,DIVSUY,1.0
APAYIB,NUHQAK,1.0
APAYIB,WOJYOL,1.0
APAYOH,XADDAJ01,1.0
APAYOH,WOJYUR,1.0
APAYOH,NUHRAL,1.0
APAYOH,APAZEY,1.0
APAYOH,YICXIU,0.9099999666213989
APAYUN,APAZIC,1.0
APAYUN,YUMFUJ,1.0
APAYUN,APAZOI,1.0
APAZEY,XADDAJ01,1.0
APAZEY,WOJYUR,1.0
APAZEY,XADDAJ,1.0
APAZEY,UKIQIP,0.8999999761581421
APAZIC,YUMFUJ,1.0
APAZIC,APAZOI,1.0
APAZOI,YUMFUJ,1.0
APAZOI,UKIQIP,0.8999999761581421
APETAS,JAWKIE,1.0
APETAS,VEVFAF,1.0
APETAS,ZUMNAY,1.0
APUVIS,UFARAX,1.0
APUVIS,HEBKAC,0.8999999761581421
AQALUZ01,TIKWIU,0.8068965077400208
AQALUZ01,VOCQEJ,1.0
AQALUZ01,FEZWAJ,0.8999999761581421
AQIQEY,QIKTUC,1.0
AQIQEY,BEPREV02,0.8999999761581421
AQMAND01,UCOCAR,0.8999999761581421
AQMAND01,BAYJEQ,0.8999999761581421
AQMAND01,LEPLEZ02,0.8999999761581421
AQOJUL,DESHOZ,1.0
AQOJUL,IVAZOU,1.0
AQOJUL,AQOJUL01,1.0
AQOJUL,WOWMEC,0.8999999761581421
AQOJUL01,HIHHUC,0.8999999761581421
AQOJUL01,DESHOZ,1.0
AQOJUL01,IVAZOU,1.0
AQOLID,AQOMEA,1.0
AQOMAW,UTEXIB,1.0
AQOMAW,UTEWUM,0.8999999761581421
AQOMAW,UTEXAT,0.8999999761581421
AQOMAW,UTEWOG,0.8999999761581421
AQOMEA,BIXVEM,0.8999999761581421
AQUDIB,ORIVUI,1.0
ARAVAR,OFIZAF,1.0
ARAVAR,XOHQER,1.0
ARAVAR,OFIYUY,1.0
ARAVAR,RELLOK,1.0
ARIDIQ,OBIBAF,0.8999999761581421
ARIDIQ,NIRGAY,0.8999999761581421
AROFAP,TACJIS,1.0
AROFAP,HIHGUC,1.0
AROFAP,AROFET,1.0
AROFET,TACJIS,1.0
AROFET,HIHGUC,1.0
AROFET,EREGOY,1.0
AROFET,WIVRIE,1.0
AROVAE,MASXIN,1.0
AROVAE,NAWHOL01,1.0
AROVAE,NEYHIJ,0.8999999761581421
ARUJED,COPTUX,1.0
ARUJED,VEZVUT,0.9590908885002136
ASACIH,POCLAV,0.8999999761581421
ASACIH,DACJUO,0.8999999761581421
ASALAH,ASALOV,0.8999999761581421
ASALEL,MUQNOC,0.8999999761581421
ASALEL,KIPZIU,0.8999999761581421
ASALEL,KIPZAM,0.8999999761581421
ASAMUE,VIRCEF,0.8999999761581421
ASAMUE,KAWBOB,0.8999999761581421
ASAMUE,UPOVOL,0.8999999761581421
ASAMUE,OHAZAZ,0.8999999761581421
ASEJIT,NAHHAI,1.0
ASEJIT,ASEKAM,1.0
ASEJIT,ASEJOZ01,1.0
ASEJIT,UDIDAO,0.8999999761581421
ASEJOZ,NAHHAI,1.0
ASEJOZ,ASEKAM,1.0
ASEJOZ,ASEJOZ01,1.0
ASEJOZ01,NAHHAI,1.0
ASEJOZ01,ASEKAM,1.0
ASEJOZ01,IYOQIY,1.0
ASEKAM,NAHHAI,1.0
ASEKAM,IYOQIY,1.0
ASEMUG,NAHNLA10,0.8999999761581421
ASEMUG,MAGXOI,0.8999999761581421
ASEMUG,PEDLOZ,0.8999999761581421
ASIRAX,UQUTUX,1.0
ASIRAX,OMUMIU,1.0
ASIRUR,REZFEK,1.0
ASIRUR,IREKUN,0.8999999761581421
ASOHUL,IDIWOH02,1.0
ASUBIB,WANNIL,0.8999999761581421
ASUBIB,UBIBUF,0.8999999761581421
ASUBIB,DUDKAQ,0.8999999761581421
ASUKEE,KIKRAA,1.0
ASUKEE,ZIBRAD,1.0
ASUKEE,LETVUB,1.0
ASUQIO,SOTMUK02,0.8999999761581421
ASUQIO,YUBFUX01,0.8999999761581421
ASUQIO,YUBFUX,0.8999999761581421
ASUQIO,SOTMUK,0.8999999761581421
ASUQIO04,CUNFOH01,1.0
ASUQIO04,PEWGEF,1.0
ASUQIO04,CUNFOH,1.0
ASUQIO04,JETQOP,1.0
ASUQOV,EKAQIR,1.0
ASUQOV,OBOHOE,0.8999999761581421
ATEJOA,TETYAV,0.8999999761581421
ATEJOA,JEJWOL,0.8999999761581421
ATEJOA,PIDMEV01,0.8999999761581421
ATEJOA,WAHKOI,0.8999999761581421
ATEYED,CUMKIG03,1.0
ATEYED,CUMKIG,1.0
ATEYED,VADWON,1.0
ATEYUV,IDINER,1.0
ATEZEG,ECINUC,1.0
ATEZEG,MIXZOK,0.8999999761581421
ATEZIK,QAMVEH,0.8999999761581421
ATEZIK,VOLQUJ,0.8999999761581421
ATEZIK,XISDIO,0.8999999761581421
ATIBOU01,ATIBOU02,1.0
ATIBOU01,ATICAH,1.0
ATIBOU01,JIXWUJ01,1.0
ATIBOU01,GOKKIA,1.0
ATIBOU02,YUKTUU06,1.0
ATIJUI,MEQKOL,1.0
ATIJUI,HOLQUW,0.8999999761581421
ATIJUI,SAHYOQ03,0.8999999761581421
ATIJUJ,CELNUE,1.0
ATIJUJ,PEGRAW,1.0
ATIKAP,LARYIO,1.0
ATIKAP,LARYIO01,1.0
ATOTIM,IDIWOH02,1.0
ATOTIM,IDIWOH03,1.0
ATOTIM,JUMCOL,1.0
ATOTIM,IXOFIL,1.0
AVAQAP,ZEDVOV,1.0
AVAQET,YIXFIW,1.0
AVAQIX01,SIVVAW,1.0
AVAQIX01,UMAQAC,1.0
AVAQIX01,KEJBOQ,1.0
AVAQIX01,NEBTAS,1.0
AVAXIF,QOTFAH,0.8999999761581421
AVELOD,NAVLIG,1.0
AVELOD,RULVUP,1.0
AVELOD,QAGTOH,1.0
AVELOD,XEDXOW,0.8999999761581421
AVESAW,LIHSEB,1.0
AVESAW,LIHSAX,1.0
AVESAW,AVESIE,1.0
AVESAW,TISLIR,1.0
AVESEA,LIHSAX,1.0
AVESEA,AVESIE,1.0
AVESEA,GAWHOD,1.0
AVESEA,LIHRUQ,1.0
AVESIE,LIHSAX,1.0
AVESIE,MUPYUS,1.0
AVETAY,XUVQIQ,0.8999999761581421
AVETAY,XUVQOW,0.8999999761581421
AVETAY,IJEVIE,0.8999999761581421
AVETUS02,VICYOX,1.0
AVETUS02,AVEVAA02,1.0
AVETUS02,AVEVII02,0.8999999761581421
AVEVAA02,AVEVII02,0.8999999761581421
AVEVAA02,AVEVEE02,0.8999999761581421
AVEVEE02,AVEVII02,0.8999999761581421
AVIHIY,PUNYED,0.8999999761581421
AVIHOE,NIGGEQ,1.0
AVIHOE,RUFMUA,0.8999999761581421
AVIHOE,JALLOA,0.8999999761581421
AVILAT,VEGXIQ,1.0
AVILAT,DOTVUF,1.0
AVOFUM,MIBQAR16,0.8999999761581421
AVOFUM,MIBQAR17,0.8999999761581421
AVOFUM,MIBQAR09,0.8999999761581421
AVOFUM,NIWQIV,0.8999999761581421
AVOGAT,AVOGEX,1.0
AVOGAT,NOKDOG,1.0
AVOGAT,AVOGAT01,1.0
AVOGAT,WOHPIU,0.8999999761581421
AVOGAT01,NOKDOG,1.0
AVUCEA,HURGEH,1.0
AVUCEA,VEMTAJ01,1.0
AVUCEA,JEDVUM,1.0
AVUCEA,FAHGAY,0.8999999761581421
AVUFED,AVUFED01,1.0
AVUFED,KIFGAJ,0.8999999761581421
AVUFED,DUNXUH15,0.8999999761581421
AVUFED01,KIFGAJ,0.8999999761581421
AVUFED01,DUNXUH15,0.8999999761581421
AVUKUY,AVULAF,1.0
AVUKUY,AWEYUX,1.0
AVUKUY,AWEZEI,1.0
AVULAF,AWEYUX,1.0
AVULAF,AWEZEI,1.0
AVUYAR,SIWNIW,0.8999999761581421
AVUYAR,WOCFUR,0.8999999761581421
AVUYAR,SIWNES,0.8999999761581421
AVUYAR,NUQYIH,0.8999999761581421
AVUYAR,XELHUS,0.8999999761581421
AWAREV,IFELAH,0.8999999761581421
AWAREV,COMHUI,0.8999999761581421
AWAROF,VEWHIQ,1.0
AWELAP,WEBKAS,0.8999999761581421
AWEYUX,AWEZEI,1.0
AWOFOI,JALLOA,1.0
AWOFOI,DOTSOV07,0.8999999761581421
AWOFOI,DOTSOV11,0.8999999761581421
AWOJOM,DIXBET01,0.8999999761581421
AWOJOM,DINYEG01,0.8999999761581421
AWOJOM,DIXBET,0.8999999761581421
AWOSIQ,ZEJDAV,0.8999999761581421
AWUROZ,EFOREY,0.8999999761581421
AXITAD,IPUSER,0.8999999761581421
AXITAD,UGUNOZ,0.8999999761581421
AXOBIA,AXOCEX,0.8999999761581421
AXOBIA,KMTSUL01,0.8999999761581421
AXOCEW,XEGWIS,1.0
AXOCEW,XEGWUE,1.0
AXOCEW,KAHMOW,1.0
AXOCEW,XEGYEQ,1.0
AXOVIT,SUTBOZ,0.8999999761581421
AXOVIT,SUTBUF,0.8999999761581421
AXUZUO,AYABAD,1.0
AXUZUO,IFOPUO,1.0
AYABAD,IFOPUO,1.0
AYONOT,ROLCEC14,1.0
AYONOT,ROLCEC13,1.0
AYONOT,ROLCEC19,1.0
AYOZOF,DUGDUG,1.0
AYOZOF,MUGXIX,1.0
AYOZOF,XISDIO,1.0
AYOZUL,TISHAF,0.8999999761581421
AZADUC,AZAFEO,1.0
AZAFEO,AZAFIS,1.0
AZAFEO,HIVSIQ,0.8999999761581421
AZAFIS,HIVSIQ,0.8999999761581421
AZAYEH,MOHLIF,0.8999999761581421
AZIVAI,CECHAW,1.0
AZIVAI,MURFIQ,0.8999999761581421
AZIVAI,CAYSIE,0.8999999761581421
AZIXUD,UJATEF,0.8999999761581421
AZIXUD,UJAQEC,0.8999999761581421
AZIYIR,KODPUP,1.0
AZIYIR,CETFOX,1.0
AZIYIR,EJIDUW01,1.0
AZIYIR,AZIYOX,1.0
AZIYIR,AZIYOX01,1.0
AZIYIR,OCUGEZ,1.0
AZIYOX,AZIYOX01,1.0
AZIYOX,EJIDUW01,1.0
AZOCAU,GUDFER,0.8999999761581421
AZOCAU,PIZPIX02,0.8999999761581421
AZPYCD,JISGOH,0.8999999761581421
AZUCED,ONUQOE,0.8999999761581421
BABRII,VOLRAQ,1.0
BABRII,VOLQUJ,1.0
BABRII,JENKIX,1.0
BABRII,VOLQOD,1.0
BABRII,WOSZEL,1.0
BADHOG,SUXTAI,1.0
BADHOG,GATHAL,1.0
BADHOG,BADJIC,1.0
BADHOG,TAJTAC,1.0
BADHUM01,GATHAL,1.0
BADHUM01,BADJIC,1.0
BADHUM01,TAJTAC,1.0
BADJAU,GATHAL,1.0
BADJAU,BADJIC,1.0
BADJIC,GATHAL,1.0
BADZAK,MIBQAR11,1.0
BADZAK,MIBQAR13,1.0
BADZAK,MIBQAR04,1.0
BAFHOI,XAWDUX01,0.8999999761581421
BAFHOI,SOCJUR,0.8999999761581421
BAFHOI,SOCKEC,0.8999999761581421
BAFQUW,ZAJKED,0.8999999761581421
BAFQUW,BOVQUZ,0.8999999761581421
BAFQUW,BARKUD,0.8999999761581421
BAFRAD,BARKUD,0.8999999761581421
BAFRAD,GUSWEX,0.8999999761581421
BAFRAD,ZAJKED,0.8999999761581421
BAFRAD,DULVEM,0.8999999761581421
BAFREH,QUJFUX,0.8999999761581421
BAFREH,GUSWEX,0.8999999761581421
BAFREH,QUJGAE,0.8999999761581421
BAHGUN,POFFEX,1.0
BAHGUN,POFDEV,1.0
BAHGUN,EGOZAB,1.0
BAHGUN,QERZUI01,1.0
BAKJEE,CANYIB,1.0
BAKJEE,BAKJOO,1.0
BAKJEE,BAKJII,1.0
BAKJEE,TIDNIF,1.0
BAKJEE,JALNUI,0.8999999761581421
BAKJII,BAKJOO,1.0
BAKJOO,JALNUI,0.8999999761581421
BAKWIV,XAHZAI01,0.8999999761581421
BAKWIV,REGLOG,0.8999999761581421
BALFAV01,BALFAV04,1.0
BALFAV02,BALFAV04,1.0
BALFAV02,BALFAV03,1.0
BALFAV03,BALFAV04,1.0
BALLOP,CUTMAH,1.0
BALLOP,CUSZEX,1.0
BALMUW,BAOXAL03,1.0
BALMUW,QQQBNA11,1.0
BALMUW,BAOXAL,1.0
BALMUW,BAOXAL02,1.0
BALMUW,YAMBIZ,1.0
BALMUW01,BAOXAL03,1.0
BALMUW01,QQQBNA11,1.0
BALMUW01,BAOXAL,1.0
BALMUW01,DUJQUW,0.8999999761581421
BAMNAH,BAMNEL,1.0
BAMNEL,NUHDUQ,0.8999999761581421
BAMNEL,ZOZBEX,0.8999999761581421
BANLUA,VIMNEN,1.0
BANLUA,NAHQIY,1.0
BANLUA,UQUMID,0.8999999761581421
BAOXAL,BAOXAL03,1.0
BAOXAL,YAMBIZ,1.0
BAOXAL02,BAOXAL03,1.0
BAOXAL02,YAMBIZ,1.0
BAOXAL02,WUYPUD,1.0
BAOXAL02,WEMCAU,0.8999999761581421
BAOXAL03,YAMBIZ,1.0
BAOXAL03,QQQBNA11,1.0
BAOXAL03,WUYPUD,1.0
BAQMOW,FAMTAO,1.0
BAQMOW,BAQXOG,1.0
BAQMOW,BAQXOG03,1.0
BAQMUC,FAFMAA,1.0
BAQMUC,YUHVEE,1.0
BAQMUC,QUMSOH,0.8999999761581421
BAQXOG,FAMTAO,1.0
BAQXOG,BAQXOG03,1.0
BAQXOG03,FAMTAO,1.0
BAQXOG03,WACBEI,0.8999999761581421
BARJAG,FIBXAS,0.8999999761581421
BARKUD,DULVEM,0.8999999761581421
BARKUD,GUSWEX,0.8999999761581421
BASHIN,GANBIH,1.0
BASHIN,JAKBUV,1.0
BASHIN,GANBAZ,1.0
BASHIN,JAKBIJ,1.0
BASHIN,JAKBOP,1.0
BASHIN,JAKBOP01,1.0
BASHIN,KURHIQ,1.0
BASJUB,IKOTEH,1.0
BASJUB,IKOSUW,0.8999999761581421
BAXFIR02,BAXGAK,1.0
BAXFIR02,BAXFUD,1.0
BAXFIR02,XOCTUG,0.8999999761581421
BAXFUD,XOCTUG,0.8999999761581421
BAXGEP,YAFJEX,1.0
BAYJEQ,YOCMAF,0.8999999761581421
BAYJEQ,VOCTOW,0.8999999761581421
BAYQAU,BAYQAU01,1.0
BAYQAU,BAYQAU11,1.0
BAYQAU,OWIGOR,0.8999999761581421
BAYQAU01,BAYQAU11,1.0
BAYQAU01,OWIGOR,0.8999999761581421
BAYQAU05,BAYQAU09,1.0
BAYQAU05,BAYQAU10,1.0
BAYQAU05,BAYQAU06,1.0
BAYQAU05,BAYQAU07,1.0
BAYQAU05,YUWHOO,0.8999999761581421
BAYQAU06,BAYQAU09,1.0
BAYQAU06,BAYQAU10,1.0
BAYQAU07,BAYQAU09,1.0
BAYQAU07,BAYQAU10,1.0
BAYQAU07,YUWHOO,0.8999999761581421
BAYQAU09,BAYQAU10,1.0
BAZBOW,TOWPAY,1.0
BAZFUF,QOWRAV10,1.0
BAZFUF,BAZFUF01,1.0
BAZFUF,QOWRAV,1.0
BAZFUF,BAZGAM,1.0
BAZFUF,MIXZOK,0.8999999761581421
BAZFUF01,QOWRAV,1.0
BAZGAM,QOWRAV,1.0
BECKOM,PEMREG,1.0
BECKOM,UVUFUN,0.8999999761581421
BECKOM,OZOGAN,0.8999999761581421
BECRUX01,BECRUX07,1.0
BECRUX01,BECRUX04,1.0
BECRUX01,BECRUX02,1.0
BECRUX01,BECRUX03,1.0
BECRUX01,BECRUX05,1.0
BECRUX02,BECRUX04,1.0
BECRUX03,BECRUX04,1.0
BECRUX03,BECRUX05,1.0
BEDJOL,KORMOV,0.8999999761581421
BEDJOL,KORMUB,0.8999999761581421
BEFKEF,IQEKUM,1.0
BEFKEF01,IQEKUM,1.0
BEFKEF01,RUVMAX,1.0
BEFKEF01,FUFREE,0.8999999761581421
BEGFID,FUFVEJ,0.8999999761581421
BEGFID,FIFPAM,0.8999999761581421
BEGFID,IWEQIK,0.8999999761581421
BEJKEJ,TEVVIC,1.0
BEJKEJ,TEVVEY,1.0
BEJKEJ,ICAGOK,0.8999999761581421
BEJKEJ,KAGJOS,0.8999999761581421
BEKMOW,BEKNEN,1.0
BEKMOW,OGIJIY,0.8999999761581421
BEKMOW,LIBJAJ,0.8999999761581421
BEKNEN,OGIJIY,0.8999999761581421
BEKNEN,LIBJAJ,0.8999999761581421
BELQAN,CITMAW,0.8999999761581421
BELTOD,BELVEV,1.0
BELTOD,ZIGQIS,0.8999999761581421
BELVEV,ZIGQEO,0.8999999761581421
BELVEV,DARFOT,0.8999999761581421
BENZOL,BEPBAB,0.8999999761581421
BENZOL,CUTMAH,0.8999999761581421
BENZUR,BEPBAB,0.8999999761581421
BENZUR,DEHRIR,0.8999999761581421
BEPBAB,CUSZIB,0.8999999761581421
BEPBAB,FAKLUA,0.8999999761581421
BEPBAB,CUTMAH,0.8999999761581421
BEPMAM,MAWVAK,1.0
BEPMAM,BEPMEQ,1.0
BEPMAM,BEPMIU,1.0
BEPMAM,BEPNIV,1.0
BEPNER,IBICAZ,1.0
BEPNER,IBICED,1.0
BEPNUI,EBIFUS,0.8999999761581421
BEPNUI,EBIFIG,0.8999999761581421
BEPNUI,WANYOB,0.8999999761581421
BEPNUI,XEKCUN,0.8999999761581421
BEPPIY,HASNUN,1.0
BEPPIY,WEMDUP,1.0
BEPPOD,IBICED,1.0
BEPREV,KEVBUK01,1.0
BEPREV,KEVBOE,1.0
BEPREV,BEPREV02,1.0
BEPREV,TEZJOA,0.8999999761581421
BEPREV01,KEVBUK01,1.0
BEPREV02,KEVBUK01,1.0
BEPREV02,KEVBOE,1.0
BEPREV03,KEVBUK01,1.0
BEPREV03,KEVBOE,1.0
BEPRIZ,WAQDOJ,0.8999999761581421
BEPRIZ,NOMPIQ,1.0
BEPRIZ,CIKPEU,1.0
BEPRIZ,NOMPOW,1.0
BEPRIZ,NOMPIQ01,1.0
BEPRIZ,DUPKIK,0.8999999761581421
BEPROF,KEVBUK01,1.0
BEPROF,KEVBOE,1.0
BEPROF,KEVBIY,1.0
BEPROF,KEVCEV,1.0
BERQIA,YIHZIA02,1.0
BERQIA,VURMOL,0.8999999761581421
BESKUI,SURKAT,1.0
BESKUI,SURKEX,1.0
BESKUI,RUBTAK09,1.0
BESXED,MEYGAY,1.0
BESXED,MALAMN,0.8999999761581421
BESXED,EDAKIE,0.8999999761581421
BESXED,MEYFUR,0.8999999761581421
BETDIP,GEDROY,0.8999999761581421
BETDIP,BETFEN,0.8999999761581421
BETDIP,CUWZIF,0.8999999761581421
BETFEN,BETFIR,0.8999999761581421
BETFEN,GEDROY,0.8999999761581421
BETGAK,GEDQUD,0.8999999761581421
BETGAK,REHHET,0.8999999761581421
BEVSUR,SEHTEF,1.0
BEWCUD,UQOLUJ01,0.8999999761581421
BEXSAA,BEXSII,0.8999999761581421
BEXVIL,VIDVUB,1.0
BEXVIL,HICZIE,0.8999999761581421
BEXVIL,HICZEA,0.8999999761581421
BEZKOI,LOTJIP,0.8999999761581421
BEZKOI,POLBEZ,0.8999999761581421
BEZKOI,ODIVUT,0.8999999761581421
BEZSEG,BEZSEG01,1.0
BEZSEG,QADKEL01,1.0
BEZSEG,QADKEL,1.0
BEZSEG,QADKEL02,1.0
BEZSEG,QADKEL03,1.0
BEZSEG,QADKEL05,1.0
BEZSEG01,QADKEL01,1.0
BEZSEG01,QADKEL02,1.0
BEZSEG01,QADKEL,1.0
BEZSEG01,QADKEL03,1.0
BEZSEG01,QADKEL05,1.0
BEZSEG01,QOPHEI,1.0
BEZSIK,ROJSUF01,0.8999999761581421
BEZSIK,NEKYIN,0.8999999761581421
BEZSIK,ZEKKOR,0.8999999761581421
BEZSIK,ZEKKUX,0.8999999761581421
BIBQOV,PENBOC,0.8999999761581421
BIBXOB,ZODXOH,0.8999999761581421
BIDHIG,QEBYON,0.8999999761581421
BIDHIG,YEKXET,0.8999999761581421
BIDHIG,HIPMIE,0.8999999761581421
BIDHIG,XIVTED,0.8999999761581421
BIDPAH,HIQJEZ,0.8999999761581421
BIDPAH,WAQDOK01,0.8999999761581421
BIDPAH,WAQDOK,0.8999999761581421
BIDPAH,GARLAP,0.8999999761581421
BIDPAH,GARLOD,0.8999999761581421
BIDPAH,QATKOO,0.8999999761581421
BIDPAH,YICZAO,0.8999999761581421
BIFJUX,GUXSIC,1.0
BIFJUX,XEVHAI,1.0
BIFJUX,CEHQOX,0.8999999761581421
BIFNOW,PINFOK,0.8999999761581421
BIFNOW,PINFAW,0.8999999761581421
BIGJEJ,DAMYUO,0.8999999761581421
BIHRUI,OGOJAX,1.0
BIHRUI,OGEBAF01,0.925000011920929
BIHVEW,QAHREY,0.8999999761581421
BIHVEW,BUSSIT,0.8999999761581421
BIHVEW,DUBFEM,0.8999999761581421
BIHVEW,OHIZIO,0.8999999761581421
BIHVIA,NATXIR,0.8999999761581421
BIHVIA,MOMJIJ,0.8999999761581421
BIHVIA,MOKZOC,0.8999999761581421
BIJTAS,KIJKIA,0.8999999761581421
BIJTAS,DARFOT,0.8999999761581421
BIJTAS,EQERAU,0.8999999761581421
BIKMAL,BIKMAL01,1.0
BIKMAL01,PAQXUC,0.8999999761581421
BIKMEP,BIKMEP01,1.0
BIKMEP,PAQXUC,0.8999999761581421
BIKMEP01,PAQXUC,0.8999999761581421
BIKMEQ,BIKNAN,1.0
BIKMEQ,BIKMOA,1.0
BIKMEQ,BIKMUG,1.0
BIKMEQ01,BIKNAN,1.0
BIKMEQ01,BIKMOA,1.0
BIKMEQ01,BIKMUG,1.0
BIKMOA,BIKNAN,1.0
BIKMUG,BIKNAN,1.0
BIMDIL,MEFYUT,0.8999999761581421
BINROH,VOXTOT,1.0
BINROH,CIQQIE,0.8999999761581421
BINROH,BINSAU,0.8999999761581421
BINRUN,VOXTOT,0.8999999761581421
BINRUN,BINSAU,0.8999999761581421
BINRUN,CIQQIE,0.8999999761581421
BINSAU,CIQQIE,0.8999999761581421
BINSAU,VOXTOT,0.8999999761581421
BIQPID,PUVFIX01,0.8999999761581421
BIRBIQ,BIRBOW,0.8999999761581421
BIRBOW,BIRBUC,0.8999999761581421
BIRGAM,HIXWIU01,1.0
BIRGAM,REGLOG,1.0
BIRGAM,UPIXUN01,1.0
BIRGAM,REGLIA,1.0
BIRGAM,XUBMEN,1.0
BISPAU,YOMBOS,1.0
BISPAU,QOJDUP,0.8999999761581421
BISPAU,LOFGOE,0.8999999761581421
BITLUL,DECVIT,1.0
BIVXAG,VOCKUT,1.0
BIVXAG,WOPWOP,1.0
BIVXAG,FAZPED,1.0
BIVXAG,FAZPIH,1.0
BIVXAG,NERVEL,1.0
BIVXAG,NERVOV,1.0
BIVXOT,QEGPUP,1.0
BIVXOT,QEGQEA,0.8999999761581421
BIVXOT,QEGPID,0.8999999761581421
BIYTEJ,LUGLUU,0.550000011920929
BIYTOU,SOBDOF,1.0
BIYTOU,GUKXEQ,0.8999999761581421
BIYTOU,QAZFAB,0.8999999761581421
BIZLUT,ULIYEV,0.8999999761581421
BIZLUT,IXEFAS,0.8999999761581421
BIZLUT,IBOTEY,0.8999999761581421
BIZLUT,FITHEW,0.8999999761581421
BIZMEE,FITHAS,0.8999999761581421
BOBTIW,BOGXIF,1.0
BOBTIW,SUHPIV,1.0
BOBTIW,BOBTUI,1.0
BOBTUI,SUHPIV,1.0
BODPAN,DOTSOV32,1.0
BODPAN,DOTSOV30,1.0
BODPAN,DOTSOV38,1.0
BOFJIQ,QAJFOY,0.8999999761581421
BOFJIQ,KOLQEI,0.8999999761581421
BOFJIQ,LEHTID,0.8999999761581421
BOHJOZ,BOHXIH,1.0
BOHJOZ,BOHJUF,1.0
BOHWUS,SIZGIS,0.8999999761581421
BOHWUS,SEHXIN,0.8999999761581421
BOHWUS,TECVEE,0.8999999761581421
BOHWUS,KENKOE,0.8999999761581421
BOHWUS,WEVYEE,0.8999999761581421
BOHXED,NIKTUZ,1.0
BOHXED,UHUNEQ,0.8999999761581421
BOJYIK,YIXFUI,1.0
BOJYIK,ZEDWAI,1.0
BOJYIK,LOBQAV01,1.0
BOJYIK01,YIXFUI,1.0
BOJYIK01,ZEDWAI,1.0
BOJYIK01,LOBQAV01,1.0
BOJYIK01,VOXKIE,1.0
BOLGUF,BOLHOA,0.8999999761581421
BOLGUF,BOLHAM,0.8999999761581421
BOLGUF,BOLHEQ,0.8999999761581421
BOLHAM,BOLHOA,0.8999999761581421
BOLHAM,BOLHEQ,0.8999999761581421
BOLHEQ,BOLHOA,0.8999999761581421
BOLPAU,YOCGAZ,1.0
BOLPAU,ODODUI,1.0
BOLPAU,ENITIF,1.0
BOLPAU,ODODIW,1.0
BOLPAU,CANRUG,0.8999999761581421
BOLPAU,XUBGUY,0.8999999761581421
BOMCUB,PEKKAS,1.0
BOPHEV,JUXZUZ,1.0
BOPHEV,WOWBER,1.0
BOPHIZ,JUXZUZ,1.0
BOPHIZ,WOWBER,1.0
BOPWIO,TUTZUD,0.8999999761581421
BOPWIO,HUWWEC,0.8999999761581421
BOPWIO,NUHBEY,0.8999999761581421
BOPWIO,UVIKIU,0.8999999761581421
BOQWEK,NEHZIK,1.0
BOQWEK,METYIU,0.8999999761581421
BOSHUN,FIFPAM,1.0
BOSHUN,JOGHEU,1.0
BOSHUN,LUYZAH,1.0
BOSJUQ,VUNTUV,0.8999999761581421
BOVHEB,NUCRIN01,0.9678571820259094
BOVHEB,MOFTIL01,0.9678571820259094
BOVHEB,MOFTIL02,0.9678571820259094
BOVQUZ,ZAJKED,1.0
BOVQUZ,GUSWEX,0.8999999761581421
BOVQUZ,QUJFUX,0.8999999761581421
BOVQUZ,QUJGAE,0.8999999761581421
BOWDIC,LASMAV,1.0
BOWDIC,VEDFOB,1.0
BOWDIC,KEJWAY,1.0
BOWDIC,OJOBAS,1.0
BOWDUO,LASMAV,1.0
BOWNUY,TEYLUH,1.0
BOWNUY,MIVFEE,1.0
BOWTAJ,JIZWIA,0.8999999761581421
BOWTAJ,GEVKID,0.8999999761581421
BOWTAJ,SIWGUB,0.8999999761581421
BOWZUK,NIQDOJ,1.0
BOWZUK,QASXIU,0.8999999761581421
BOXFAW,BOXFIE,0.8999999761581421
BOXMAE,LEDPAN,0.8999999761581421
BOXMAE,HOQKII,0.8999999761581421
BOXMAE,NUDMUW01,0.8999999761581421
BOYFUS,YUSVAK,1.0
BOYFUS,WIPJUC,0.8999999761581421
BOYFUS,UDEPUQ01,0.8999999761581421
BUCWAZ,VIDWAI,0.9639999866485596
BUCWAZ,SIVGUB,0.8999999761581421
BUCXUT,DIKBAB01,1.0
BUCXUT,XUHJEQ01,0.8999999761581421
BUDDIO,HIPLUP,0.8999999761581421
BUDDIO,HIPMEA,0.8999999761581421
BUDDIO,YADGIW,0.8999999761581421
BUDDIO,XIVTED,0.8999999761581421
BUGSAY,GAJZEY,0.8999999761581421
BUGSAY,GAJZUO,0.8999999761581421
BUGSIG,YOXKEC,0.8999999761581421
BUGSIG,XOVYUD,0.8999999761581421
BUHFER,TALKAT,1.0
BUHFER,PEFDEK,1.0
BUHFER,GAXROO,1.0
BUHFER,DITYEM02,1.0
BUKLOJ,VEGMIE,1.0
BUKLOJ,MOXDIN01,1.0
BUKLOJ,TEPWOD,0.8999999761581421
BUKLOJ,YEMGIH,0.8999999761581421
BUKLOJ01,VEGMIE,1.0
BUKLOJ01,MOXDIN01,1.0
BUKLOJ01,ESEQUO,1.0
BUKLOJ01,LOMQOV,1.0
BUKLOJ01,MOXDIN,1.0
BUKLOJ01,VEGMIE01,1.0
BUKTIM,YATDUV,1.0
BUKTIM,NUVXOT,1.0
BUKTIM,YENTUJ,1.0
BUKTIM,RUWFOG,0.8999999761581421
BUNKUS,GOVSER,0.8999999761581421
BUNKUS,WASQEP,0.8999999761581421
BUPDUM,BUPFEY,1.0
BUPJUS,BUPKED,1.0
BUPJUS,PARBIW,0.9357142448425293
BUPJUS,VUHGAH,0.8999999761581421
BUPKED,PARBIW,0.9357142448425293
BUPKED,VUHGAH,0.8999999761581421
BUQWER,XIPCEF01,1.0
BUQWER,QESBAR01,1.0
BUQWER,LAGHIL,1.0
BUQWER,VOJPOA,1.0
BUSMUZ,JOGHIY,0.8999999761581421
BUSNAF,UYAQER,0.8999999761581421
BUSSIT,MOMJIJ,0.8999999761581421
BUSSIT,NATXIR,0.8999999761581421
BUSTAM,DUBGAJ,1.0
BUVHEH,CELDAA,1.0
BUVNIR,JUKVEQ,1.0
BUVNIR,JUKVEQ01,1.0
BUVNIR,REDYEG,1.0
BUVNIR,VACFUB,1.0
BUVNIR,VACFUB01,1.0
BUVTUJ,BUVVIZ,0.8999999761581421
BUVVAR,BUVVIZ,0.8999999761581421
BUVWOF02,BUVYIB,1.0
BUVWOF02,BUVXOG,1.0
BUVWOF02,BUVYIB01,1.0
BUVWOF03,BUVXOG,1.0
BUVWOF03,BUVYIB01,1.0
BUVWOF03,BUVXOG01,1.0
BUVWOF03,BUVYEX,1.0
BUVXOG,BUVYIB01,1.0
BUVXOG01,BUVYIB01,1.0
BUVYEX,BUVYIB01,1.0
BUXCAZ,VEDGES,0.8999999761581421
CABSIK,XOVBIV,1.0
CADPII,XASPEP,1.0
CADPII,VIWZOR,1.0
CADQAB,YAZYIJ,1.0
CADQAB,YAZZEG,0.8999999761581421
CADQAB,OZUKOL,0.8999999761581421
CADQAB,ETEKAQ,0.8999999761581421
CAGSAG,IDIXAU,1.0
CAGSAG,FECYUJ,1.0
CAGSAG,IYEXEP,1.0
CAGSAG,FECXUI,1.0
CAGSAG,QAQSAD,1.0
CAGXIU,MUNLAJ,0.8999999761581421
CAGXIU,QUXQUX,0.8999999761581421
CAGXIU,HISFUM,0.8999999761581421
CAHMON,MUPKUF01,1.0
CAHMON,CAHMON02,1.0
CAHMON02,MUPKUF01,1.0
CAHMON02,WABJAM,1.0
CAJHON,RISTAQ,1.0
CAJHON,MOMRIR,1.0
CAJHUS03,PESTAL,1.0
CAJHUS03,GOYPER,1.0
CAJHUS03,SANLOK,1.0
CAJHUS03,NUDNUW01,1.0
CAJHUS03,GUWFIO,1.0
CAJHUS03,PESSAK01,1.0
CAJHUS04,GOYPER,1.0
CAJHUS04,SANLOK,1.0
CAJHUS04,NUDNUW01,1.0
CAJHUS04,PESSAK01,1.0
CAJHUS04,RATCUL01,1.0
CAKLOR,VESNEP,1.0
CALOXM13,QOWLOE,1.0
CALOXM13,CALOXM16,1.0
CALOXM13,PINFAW,1.0
CALOXM16,PINFAW,1.0
CANRIU,ENISOK,0.8999999761581421
CANRIU,ZEXSOM,0.8999999761581421
CANRIU,CANRUG,0.8999999761581421
CANRIU,SEQJOQ,0.8999999761581421
CANRUG,SEQJOQ,0.8999999761581421
CANRUG,ENITAX,0.8999999761581421
CANYIB,LAZMEG,0.8999999761581421
CAQCAZ,CEMJOV,1.0
CAQCAZ,CASTEW,1.0
CAQHOU,YUHHEQ,0.8999999761581421
CAQJOW,HALVEY,1.0
CAQJOW,HAJYAV,1.0
CAQJOW,CAQKAJ,1.0
CAQKAJ,HALVEY,1.0
CAQKAJ,HAJYAV,1.0
CARFOT,FAHNOT,0.9357142448425293
CARGEK,WUPVEK,1.0
CARGEK,MAGXOK,1.0
CARGEK,UDICER,1.0
CASPUJ,DIXKUR,0.8999999761581421
CASPUJ,DIXKUR01,0.8999999761581421
CASPUJ,SIDYAG,0.8999999761581421
CASTEW,CEMJOV,1.0
CASTEW,OXIXIE,0.8999999761581421
CATART04,CUGROM,1.0
CATDIL,CAYROK,1.0
CATZIJ,LEGGAI,1.0
CATZIJ,TOVHUJ,0.9142857193946838
CATZIJ,TISHAF,0.9099999666213989
CAVFEN,CAVFEN01,1.0
CAVQOH,GUZXUU01,0.8999999761581421
CAWDOU,UGOSOY,1.0
CAWDOU,CAWDOU02,1.0
CAWDOU,OMATED,1.0
CAWDOU,ISAYUW,1.0
CAWDOU02,UGOSOY,1.0
CAWDOU02,OMATED,1.0
CAWDOU02,ISAYUW,1.0
CAWVIH,UWAGAB04,1.0
CAWVIH,UWAGAB05,1.0
CAXTEC,MAWCAR,0.8999999761581421
CAXVUU,CAXWEF,1.0
CAXVUU,GUVZII,1.0
CAXWAB,WOPSAX01,1.0
CAXWAB,WOPSOL01,1.0
CAXWAB,SARHAW,1.0
CAXWAB,WOPSAX,1.0
CAXWAB,WOPSAX02,1.0
CAXWAB,WOPSOL,1.0
CAXWAB,WOQTUT,1.0
CAXWEF,GUVZII,1.0
CAXZOS,ERUNUC,1.0
CAYBAH01,HEJQIZ,0.8999999761581421
CAYDEN,CAYDOX03,1.0
CAYDEN,CAYDOX04,1.0
CAYDEN,CAYDOX,1.0
CAYDEN,CAYDOX01,1.0
CAYDEN,CAYDOX02,1.0
CAYDOX,CAYDOX04,1.0
CAYDOX,YEZFIU,0.8999999761581421
CAYDOX01,CAYDOX04,1.0
CAYDOX01,YEZFIU,0.8999999761581421
CAYDOX02,CAYDOX04,1.0
CAYRIE,CAYROK,1.0
CAYSIE,CECHAW,0.8999999761581421
CAYSOL,SAHBAF,1.0
CAYSOL,COXHON,1.0
CAYSOL,DALSER,1.0
CAYSOL,SAGZUW,1.0
CAYSOL,SAHBEJ,1.0
CAYSOL,XIPHIN,1.0
CAZLOF,QADKAH01,0.8999999761581421
CDLGLU01,CDLGLU11,1.0
CDLGLU01,CDLGLU10,1.0
CDLGLU01,CDLGLU02,1.0
CDLGLU02,CDLGLU11,1.0
CDLGLU02,CDLGLU10,1.0
CDLGLU10,CDLGLU11,1.0
CDLGLU11,HURNOX,0.8999999761581421
CECHAW,MURFIQ,0.8999999761581421
CECWIT,NEJYUY,0.7942857146263123
CECWIT,CEDTOX,1.0
CECWIT,YOYQAG,0.8999999761581421
CECWIT,YOYPUZ,0.8999999761581421
CEDFIC,CEDFUO,1.0
CEDFIC,PEGCEM,1.0
CEDFIC,FIVTUC,1.0
CEDFIC,NAGKOY,0.8999999761581421
CEDFIC,XUMVEH,0.8999999761581421
CEDFOI,CEDFUO,1.0
CEDFOI,PEGCEM,1.0
CEDFOI,FIVTUC,1.0
CEDFOI,XUMVEH,0.8999999761581421
CEDFUO,KABXOC,0.8999999761581421
CEDFUO,PEGCEM,1.0
CEDFUO,FIVTUC,1.0
CEDTOX,YOYQIO,0.8999999761581421
CEDTOX,YOYPOT,0.8999999761581421
CEDYER,CEDYER01,1.0
CEDYER,UPIZOJ,0.9571428894996643
CEDYER,FICYUL01,0.8999999761581421
CEDYER01,UPIZOJ,0.9571428894996643
CEDYER01,FICYUL01,0.8999999761581421
CEDYER01,ETUTIX,0.8999999761581421
CEFDAU,NUSSEA,1.0
CEFDAU,PUFXIY,0.8999999761581421
CEGDUO,GUPBOJ01,0.8999999761581421
CEGDUO,OFERUN05,0.8999999761581421
CEHKUW,OVEHUT,1.0
CEHKUW,TOKDON,1.0
CEHKUW,CUMLUT,1.0
CEHKUW,SIZGIS,1.0
CEHKUW,DUYVAV,0.8999999761581421
CEHQOX,XEVHAI,0.8999999761581421
CEHQOX,WUKFEP,0.8999999761581421
CEHXIY,RANZAH,1.0
CEHXIY,DEYNIG,1.0
CEHXIY,RUPTED,1.0
CEHXIY,PEXJUY,1.0
CEHXIY,PEXJUY01,1.0
CEHXIY,RANYOU,1.0
CEJGAB,CURSEO,1.0
CEJNOU,QANZAH,0.8999999761581421
CEJWAR,RUPZIM,1.0
CEJXIA,LACJEH,0.8999999761581421
CEJXOG,UCEXOQ,1.0
CEJXOG,RESWUI02,1.0
CEJXOG,NELREC,1.0
CEJXOG,NERMON,1.0
CEKHIL,MONPAI,0.8999999761581421
CEKHIL,FIPKOG,0.8999999761581421
CEKHIL,CUFGIV,0.8999999761581421
CEKYIC,HIXWIU01,1.0
CEKYIC,REGLOG,1.0
CEKYIC,UPIXUN01,1.0
CEKYIC,HIXWIU,1.0
CEKYIC,XUBMEN,1.0
CELNUE,PEGRAW,1.0
CELNUE,PEGSAX,0.8999999761581421
CEMBII,WIZMAV09,1.0
CEMBII,WIZMAV10,1.0
CEMBII,WIZMAV04,1.0
CENQAP,EHIJAH,1.0
CENQAP,XAFFAN,1.0
CENQAP,XAFFER,1.0
CEPXON,WEHHUO,0.8999999761581421
CEPXON,IYOLAL,0.8999999761581421
CEPXON,CEPXUT,0.8999999761581421
CEPXON,DAKVIW,0.8999999761581421
CEPXUT,FEQSIF,1.0
CEPXUT,IYOLAL,0.8999999761581421
CEPYII,WEHHUO,1.0
CEPYII,WEHJAW,1.0
CEPYII,WEHJEA,1.0
CEPYII,WEHHOI,1.0
CEPYII,DAKVIW,0.8999999761581421
CERPOF01,RUDRUE,1.0
CERPOF01,FAHGAY,0.8999999761581421
CESNUM,NEBTAS,1.0
CESNUM,GIMSUS,1.0
CESQUP,JEDDII,1.0
CESQUP,LEKNUN,1.0
CESQUP,WUMDIT,0.9142857193946838
CESYEF,CESYEF01,1.0
CESYEF,NAMKAO,1.0
CESYEF01,NAMKAO,1.0
CETFUD,KEQNOK,1.0
CETFUD,FEYQOQ,0.925000011920929
CETFUD,SOWXAF,0.8999999761581421
CETFUD,SOWXIN,0.8999999761581421
CETKOE,IVOCIH,1.0
CETPIB02,UXOWIO,1.0
CEVPID,CEVPID01,1.0
CEVVEF,DENGAH,1.0
CEVVEF,DENFUA,1.0
CEWQED,ULUVUT,1.0
CEWQED,RUMRUO,1.0
CEXJUN,CEXJUN02,1.0
CEXJUN,CEXJUN03,1.0
CEXJUN,FELZOM,0.8999999761581421
CEXJUN,MURFEM,0.8999999761581421
CEXJUN02,CEXJUN03,1.0
CEXJUN02,FELZOM,0.8999999761581421
CEXJUN03,MURFEM,0.8999999761581421
CEXWOS,IJUSUD,0.8999999761581421
CEXWOS,HILKAP01,0.8999999761581421
CEXWOS,MOGNAY,0.8999999761581421
CEYPUT,OJOBAS,1.0
CEYPUT,CEYPUT01,1.0
CEYPUT,VEDFER,1.0
CEYPUT,VEDFOB,1.0
CEYPUT,VEDGAO,1.0
CEYPUT,VEDGES,1.0
CEYPUT01,OJOBAS,1.0
CEZZEN,CEZZIR,1.0
CEZZIR,XIVLEW,0.8999999761581421
CIBTIT,EKEXIC,1.0
CIBTIT,PUNYIH,1.0
CIBTIT,WEYQAU01,1.0
CICYIX,UHASED,0.8999999761581421
CICYIX,UHATAA,0.8999999761581421
CIFDOM,LIXWAR01,1.0
CIFDOM,OYOSAX,1.0
CIFDOM,EGUHET01,1.0
CIFDOM,LIXWAR,1.0
CIFDUS,EGUHET,1.0
CIFDUS,LIXWAR01,1.0
CIFDUS,OYOSAX,1.0
CIFDUS,EGUHET01,1.0
CIFDUS,LIWYOG,0.8999999761581421
CIFGOP,YAJNEF,1.0
CIFHAC,CUYXOK,0.8999999761581421
CIFHAC,KIVVOC,0.8999999761581421
CIFHIK,ZIGXEU,1.0
CIFHIK,PASMOO,0.8999999761581421
CIFHOQ,ZIGXEU,1.0
CIFHOQ,OQIQIQ,0.8999999761581421
CIFJAE,FIJDEI,0.8999999761581421
CIFJAE,DAFHOJ,1.0
CIFJAE,ZOZKAC,1.0
CIFJAE,ZOYKAB,1.0
CIFMAH,DIBQOW,1.0
CIFMAH,MIHJUL,1.0
CIFMAH,DIBQIQ,1.0
CIFMAH,HELDOT,1.0
CIFSAO,GAZZIS02,1.0
CIFSES,GAZZIS02,1.0
CIFSES,GAZZIS03,1.0
CIFSES,UNIDAY,1.0
CIFSES,FOSTOY,1.0
CIFSES,GIWMAD,1.0
CIGFAB,HOXKOV,1.0
CIGFAB,HAWVUY,1.0
CIGFAB,RATRUB,1.0
CIGFAB,OQIQEM,0.8999999761581421
CIGFEF,HAWVEI,1.0
CIGNAI,ZOFSIY,0.8999999761581421
CIGVAS,CIGVEW,1.0
CIGYEY,EDAPIK,1.0
CIGYEY,WOSGUI,0.8999999761581421
CIGYEY,REHJIZ,0.8999999761581421
CIHNEO,XOJLAK,0.8999999761581421
CIHNEO,DUVVOH02,0.8999999761581421
CIHNEO,ZIZTIN,0.8999999761581421
CIHNEO,ZIVBUD,0.8999999761581421
CIJBAB,CIJBEF,0.8999999761581421
CIJBAB,ZESMUI,0.8999999761581421
CIJBAB,ZESPAR,0.8999999761581421
CIJBEF,ZESNET,1.0
CIJBEF,ZESPEV,0.8999999761581421
CIJBEF,ZESPIZ,0.8999999761581421
CIJBEF,ZESNUJ,0.8999999761581421
CIKPEU,NOMPIQ,1.0
CIKPEU,NOMPOW,1.0
CIKPEU,NOMPIQ01,1.0
CIPMUL,NOLVAN,0.8999999761581421
CIPMUL,XAFXOT,0.8999999761581421
CIPMUL,WOBBOG,1.0
CIPMUL,DIGTOE,0.8999999761581421
CIQHES,CIQHIW,1.0
CIQHES,YADGIW,1.0
CIQHES,ELOQON,0.8999999761581421
CIQHES,KIXBOL,0.8999999761581421
CIQHIW,YADGIW,1.0
CIQHIW,ELOQON,0.8999999761581421
CIQHIW,HIPMEA,0.8999999761581421
CIQHOC,QUDGED,1.0
CIQHOC,LABZIA,1.0
CIQHOC,LACDUR,1.0
CIQHOC,XOLSOI,1.0
CIQHOC,HIPMEA,0.8999999761581421
CIQHOC,LUYBIS,0.8999999761581421
CIQQIE,VOXTOT,0.8999999761581421
CIQYUX,XUWHAZ,1.0
CIQYUX,POVXII,0.8999999761581421
CISMAU,PEPHOJ,0.8999999761581421
CISMAU,CISMEY01,0.8999999761581421
CISMEY01,PEPHOJ,1.0
CITMAW,CITMIE,0.8999999761581421
CITWUY,GOFDAH,0.8999999761581421
CITXUZ,RAWYAS,1.0
CITXUZ,EXOYAS,1.0
CITZIP,NEVVIU,1.0
CITZIP,NEVVAM,1.0
CITZIP,NEVVIU02,1.0
CITZIP,DIXKOL,1.0
CITZIP,NEVVIU01,1.0
CIXNUT,UGUGUZ,0.8999999761581421
CIXNUT,MUFYAP,0.8999999761581421
CIXNUT,NEBSAR,0.8999999761581421
CIYZEQ,OZAVOC,0.8999999761581421
CIYZEQ,OZAVES,0.8999999761581421
CIYZIU,OQIQIQ,1.0
CIYZIU,SOKWAS01,0.8999999761581421
CIZQOT,FABFOF,1.0
CIZQOT,CIZQUZ,1.0
CIZQOT,QOBGEV,1.0
CIZQUZ,GUTYIE,1.0
CIZQUZ,WEZNUM,1.0
CIZQUZ,XIRHOW,1.0
COCMOY,COCMUE,1.0
COCMOY,ZIMTAS,0.8999999761581421
COCMUE,ZIMTAS,0.8999999761581421
CODFEH,MNMLTH,1.0
CODFEH,SENNIJ,1.0
CODFEH,SEJSOQ,1.0
CODFEH,MEYDUP,0.8999999761581421
CODFEH,MEYGAY,0.8999999761581421
CODKOX,RUZHIE,0.8999999761581421
CODKOX,CODKOX01,1.0
CODKOX,MODDEP,0.8999999761581421
CODKOX,PELNEA01,0.8999999761581421
CODKOX,KIHTIF,0.8999999761581421
CODKOX01,QEHJOD,0.8999999761581421
CODKOX01,MODDEP,0.8999999761581421
CODKOX01,PELNEA01,0.8999999761581421
CODKOX01,KIHTUR,0.8999999761581421
CODQUJ,SESDEA,0.8999999761581421
CODQUJ,QEHJUJ,0.8999999761581421
CODQUJ,GIGWID,0.8999999761581421
CODSAR,QEHJUJ,0.8999999761581421
CODVAU,LICGOW,0.8999999761581421
CODVAU,XAJQAC,0.8999999761581421
COJHIT,SUTBIT,0.8999999761581421
COJHIT,QUPZAE,1.0
COJHIT,QUPZAE02,1.0
COJHIT,SOHGUS,1.0
COKNAT,COKPUP,1.0
COKNAT,OLEYAH,1.0
COKNAT,WOBHEB01,1.0
COKNAT,WOBHIF03,1.0
COKNAT,WOBHOL,1.0
COKNOH,SARGOJ,1.0
COKNOH,WOPSOL01,1.0
COKNOH,MIHWAE,1.0
COKNOH,COKPID,1.0
COKNOH,FOCJAL,0.8999999761581421
COKNUN,QUJJUB01,1.0
COKNUN,OZULAY,1.0
COKNUN,OZUKUR01,1.0
COKNUN,ORIWET,1.0
COKNUN,OZUKOL,1.0
COKNUN,FOCJAL,0.8999999761581421
COKNUN01,QUJJUB01,1.0
COKNUN01,OZULAY,1.0
COKNUN01,OZUKUR01,1.0
COKNUN01,IQISEH,1.0
COKNUN01,YAZZEG,0.8999999761581421
COKNUN02,QUJJUB01,1.0
COKNUN02,OZULAY,1.0
COKNUN02,OZUKUR01,1.0
COKNUN02,ORIWET,1.0
COKNUN02,OZUKOL,1.0
COKNUN02,YAZZEG,0.8999999761581421
COKPEZ,YUFLIW,1.0
COKPEZ,VAGTAA,1.0
COKPEZ,NOSTUM01,1.0
COKPID,WOPSAX,1.0
COKPID,WOPSOL,1.0
COKPID,SARHAW,1.0
COKQAW,OZULUS,1.0
COKQAW,DUWGEJ,0.8999999761581421
COKQEA,VAMQIM,1.0
COKQEA,VAMPUX,1.0
COKQEA,VAMQEI,1.0
COKROL,YAKBOE,1.0
COMFIU,QESNEK04,1.0
COMFIU,EBIBOJ,1.0
COMHUI,MAXHUP,0.8999999761581421
COMHUI,IFEKUA,0.8999999761581421
COMVAC,TORXAB,1.0
COMVAC,TUFPOB,1.0
COMVAC,KEYZOF,1.0
COMVAC,TORXOP01,1.0
COPTUX,VEZVUT,0.9590908885002136
COQJAV,WIGQEL,1.0
COQJAV,WOYWOY,1.0
COQJAV,WIGQAH,1.0
COQJAV,WAHRIJ,0.8999999761581421
COQJEZ,WOYWOY,1.0
COQJEZ,WIGQAH,1.0
COQMEB,WAPYIX,0.8999999761581421
COQMEB,WAPZAQ,0.8999999761581421
COQMEB,WAPZEU,0.8999999761581421
COQMEB,YINQOE,0.8999999761581421
COQMEB,YINREV,0.8999999761581421
COQTEJ,XENKIM,0.8999999761581421
COQTEJ,TIHRUA,0.8999999761581421
COQTEJ,TIHTUC,0.8999999761581421
COQTEJ,LIKZEN,0.8999999761581421
CORYUE,FIKRUN,0.809999942779541
COSWEO,NIRMUW,1.0
COTVUE,ECEDAU,0.8999999761581421
COTVUE,ECEDEY,0.8999999761581421
COTVUE,KEFBII,0.8999999761581421
COTXEQ,OKIXIQ,1.0
COTXEQ,OKIWUB02,1.0
COTXEQ,OKIYIR,1.0
COTXIU,OKIXIQ,1.0
COTXIU,OKIWUB02,1.0
COTXIU,OKIYIR,1.0
COTXOA,OKIXIQ,1.0
COTXOA,OKIWUB02,1.0
COTXOA,OKIYIR,1.0
COTXOA,OKITIM,1.0
COTXOA,OKITIM01,1.0
COTXOA,OKIVIO01,1.0
COTXOA,OKIYAJ01,1.0
COWLIK,TEXVOJ,1.0
COWLIK,VEMHOL,1.0
COWLIK,UKOYID,1.0
COWLIK,WERHOR,0.8999999761581421
COWMAD,DEJTES,0.8999999761581421
COWMEH,COWMIL,0.8999999761581421
COWMEH,WOHZAU01,0.8999999761581421
COWMEH,DAGDEV,0.8999999761581421
COWMIL,DAGDEV,0.8999999761581421
COWMIL,DAGDIZ,0.8999999761581421
COWMIL,ECORIX,0.8999999761581421
COWMIL,UVIPIZ,0.8999999761581421
COWMOR,WOHZAU01,1.0
COWMOR,UVIPIZ,0.8999999761581421
COWQUC,VIZQEC,1.0
COWQUC,COWRIR,1.0
COWQUC,COWREN,1.0
COWREN,VIZQEC,1.0
COWREN,COWRIR,1.0
COWREN,HISGIB,0.8999999761581421
COWREN,MUNLAJ,0.8999999761581421
COWRIR,VIZQEC,1.0
COWRIR,HISFUM,0.8999999761581421
COWRUC,PITYUN02,1.0
COWRUC,COWSEN,1.0
COWRUC,COWSAJ,1.0
COWRUC,PITYUN,1.0
COWRUC,PITYUN01,1.0
COWSAJ,PITYUN02,1.0
COWSAJ,COWSEN,1.0
COWSAJ,PITYUN,1.0
COWSAJ,PITYUN01,1.0
COWSEN,PITYUN02,1.0
COXCOJ,COXCUP,1.0
COXCOJ,COXDAW,1.0
COXFOL,WIMWEW,1.0
COXFOL,XADDOX,1.0
COXFOL,PIHNEB,0.8999999761581421
COXFOL,WENRIR,0.8999999761581421
COXHON,SAHBEJ,1.0
COXHON,SAGZUW,1.0
COXHON,SAHBAF,1.0
COXHON,UFITEJ,1.0
COXKUW,MOFGOE,0.8999999761581421
COXKUW,DOJXUW,0.8999999761581421
COYTEQ,COYTUG01,0.8999999761581421
COYTEQ,KUQCIJ,0.8999999761581421
COYTEQ,COYTIU,0.8999999761581421
COYTIU,CUCKIV,0.8999999761581421
COYTIU,COYTUG01,0.8999999761581421
COYTIU,KUQCIJ,0.8999999761581421
COYTUG01,COYVES01,0.8999999761581421
COYTUG01,HENYUV,0.8999999761581421
COYVES01,HENYUV,0.8999999761581421
COZGED,ZZZSSS01,1.0
COZGED,COZGED01,1.0
COZGED,ODAHUY,0.8999999761581421
COZGED01,ZZZSSS01,1.0
COZGED01,XAHZIQ,0.8999999761581421
CUBKUF,FOQSUA,1.0
CUBKUF,FABGUM,0.8999999761581421
CUCITD,CUCITD01,1.0
CUCITD,CUCITD02,1.0
CUCITD,CUCITD03,1.0
CUCITD02,CUCITD03,1.0
CUCITD03,LIHCIT01,0.8999999761581421
CUFDUD,CUFFUF,1.0
CUFFEP,CUFFUF,1.0
CUFFEP,PEYVEV,1.0
CUFFOZ,CUFFUF,1.0
CUFFOZ,PEYVEV,1.0
CUFFOZ,IMUTUG,1.0
CUFFOZ,IMUVAO,1.0
CUFFOZ,TIKXAN,1.0
CUFFUF,PEYVEV,1.0
CUFFUF,ZUWXOG,1.0
CUFGIV,NUTYIM,0.9624999761581421
CUFGIV,FIPKUM,0.8999999761581421
CUFGIV,FIPKOG,0.8999999761581421
CUFGIV,MONPAI,0.8999999761581421
CUFJUK,EKIJEP01,1.0
CUFJUK,EKIJEP,1.0
CUFJUK,IREKUN,0.8999999761581421
CUGLIB,XINWUO,0.8999999761581421
CUGLTM,CUGLTM02,1.0
CUGLTM,CUGLTM01,1.0
CUGLTM01,HURNOX,0.8999999761581421
CUGSUT,QALNEW,0.8999999761581421
CUJCIV,ZAXSAV,1.0
CUJCIV,HUCXEK,1.0
CUJCIV,UTELOW,0.8999999761581421
CUKBEQ,QEBYON,1.0
CUKBEQ,OPUKAN01,1.0
CUKXAI,VEMHOL,1.0
CUKXAI,IMOVOX,0.8999999761581421
CUKXAJ,DAHMIJ,1.0
CUKXAJ,RIJYIV,1.0
CUKXAJ,UYOGOF,1.0
CUKXAJ,WOHPIU,0.8999999761581421
CUKXEN,DAHMIJ,1.0
CUKXEN,RIJYIV,1.0
CUKXEN,PAYTAM,1.0
CUKXEN,UYOGOF,1.0
CUKXEN,WONBAD,1.0
CUKXIR,VIHHEA,0.8999999761581421
CUKXIR,VITKOA,0.8999999761581421
CUMDIY,RAKPAV,1.0
CUMDIY,XESLAK,0.8999999761581421
CUMKIG,VADWON,1.0
CUMLUT,MITTAL,1.0
CUMLUT,NABLIM,1.0
CUMLUT,ODOXEK,1.0
CUMLUT,MITSEO,1.0
CUMLUT,MITSIS,1.0
CUMLUT,MITSUE,1.0
CUMLUT,TOKDON,1.0
CUNFOH,PEWGEF,1.0
CUNFOH,JETQOP,1.0
CUPLOP,EMUGUP,1.0
CUPLOP,FAGBOF,0.8999999761581421
CUPLUV,LEHGIR,0.8999999761581421
CUPLUV,FABCUI,0.8999999761581421
CUPLUV,EMUGUP,0.8999999761581421
CUPMEG,GUWNUI,0.8999999761581421
CUPMEG,EMUGUP,0.8999999761581421
CUPMEG,FAGBOF,0.8999999761581421
CUQXAP,JUPBUT,0.8999999761581421
CURSEO,HOHJAR,1.0
CURYOE01,PUDTOY,0.8999999761581421
CUSBUP,ZEZHUK,0.8999999761581421
CUSDIE,OVIVIZ,0.8999999761581421
CUSXIY,ZARLIP,1.0
CUSXIY,KULLEK,0.8999999761581421
CUSZAT,YEVKES,1.0
CUSZAT,CUSZEX,1.0
CUSZAT,YEVKAO,1.0
CUSZAT,CUSZIB,1.0
CUSZAT,CUTMAH,1.0
CUSZAT,FAKLUA,0.8999999761581421
CUSZEX,YEVKAO,1.0
CUSZEX,DEHRIR,0.8999999761581421
CUSZIB,YEVKAO,1.0
CUTGAA,SOBZAL,0.8999999761581421
CUTGAA,SOBZEP,0.8999999761581421
CUTKUY,LOYBIM,0.8999999761581421
CUTKUY,LARNAV,0.8999999761581421
CUTKUY,QUBHAX,0.8999999761581421
CUTKUY,QUBHAX01,0.8999999761581421
CUTMAH,YEVKAO,1.0
CUTMAH,DEHRIR,0.8999999761581421
CUVFUW,SARBOE,0.8999999761581421
CUVHEH,CUVHIL01,1.0
CUVTUJ,VAMQIM,1.0
CUVTUJ,GENMIY,1.0
CUVTUJ,ORIWAP,1.0
CUVVOG,EKEKIQ,0.9639999866485596
CUWNIT,WUHMUJ,1.0
CUWNIT,ZEFRIN,0.8999999761581421
CUWNIT,ZEFSUA01,0.8999999761581421
CUWWOI,SONTEV,1.0
CUWWOI,IJATUI,1.0
CUWWOI,RUSSUU,1.0
CUXLEO,DABMUR,1.0
CUXLEO,KINNAY,1.0
CUXPER,CUXQAO,1.0
CUXPER,LIHFAK,0.8999999761581421
CUXPIV,KIYZID,0.8999999761581421
CUXPIV,KIYZID01,0.8999999761581421
CUXPIV,CUXQAO,0.8999999761581421
CUXPIV,CUXPUH,0.8999999761581421
CUXPIV,DAMYUO,0.8999999761581421
CUXPUH,DAMYUO,1.0
CUXPUH,CUXQIW,0.8999999761581421
CUXQES,LIHFAK,0.8999999761581421
CUXQIW,KIZBEC01,0.8999999761581421
CUYXOK,KIVVOC,0.8999999761581421
DABMUR,KINNAY,1.0
DADLOM,XAFFER,0.8999999761581421
DADLOM,OXOZUY,0.8999999761581421
DADLOM,VACKUI,0.8999999761581421
DADTOS,SIWPUL,1.0
DADTOS01,SIWPUL,1.0
DADTOS02,SIWPUL,1.0
DADTOS03,SIWPUL,1.0
DADTOS04,SIWPUL,1.0
DADTOS05,SIWPUL,1.0
DADTOS06,SIWPUL,1.0
DADTOS07,SIWPUL,1.0
DADTOS08,SIWPUL,1.0
DADTOS09,SIWPUL,1.0
DADTOS10,SIWPUL,1.0
DADTOS11,SIWPUL,1.0
DADTOS12,SIWPUL,1.0
DADTOS13,SIWPUL,1.0
DADTOS14,SIWPUL,1.0
DADTOS15,SIWPUL,1.0
DADTOS16,SIWPUL,1.0
DADTOS17,SIWPUL,1.0
DADTOS18,SIWPUL,1.0
DADTUY,DEFNIO,1.0
DADTUY,OXCFOR,1.0
DADTUY,YANBAR02,1.0
DADTUY01,DEFNIO,1.0
DADTUY01,OXCFOR,1.0
DADTUY01,YANBAR02,1.0
DADTUY05,DEFNIO,1.0
DADTUY05,OXCFOR,1.0
DADTUY05,YANBAR02,1.0
DADTUY06,DEFNIO,1.0
DADTUY06,OXCFOR,1.0
DADTUY06,YANBAR02,1.0
DADTUY07,DEFNIO,1.0
DADTUY07,OXCFOR,1.0
DADTUY07,YANBAR02,1.0
DADTUY08,DEFNIO,1.0
DADTUY08,OXCFOR,1.0
DADTUY08,YANBAR02,1.0
DADTUY09,DEFNIO,1.0
DADTUY09,OXCFOR,1.0
DADTUY09,YANBAR02,1.0
DADTUY10,DEFNIO,1.0
DADTUY10,OXCFOR,1.0
DADTUY10,YANBAR02,1.0
DADTUY11,DEFNIO,1.0
DADTUY11,OXCFOR,1.0
DADTUY11,YANBAR02,1.0
DADTUY12,DEFNIO,1.0
DADTUY12,OXCFOR,1.0
DADTUY12,YANBAR02,1.0
DADVAG05,JEXXAM07,1.0
DADVAG05,JEXXAM05,1.0
DADVAG05,DADVAG07,1.0
DADVAG05,ZIGLOT,1.0
DADVAG06,JEXXAM05,1.0
DADVAG06,DADVAG07,1.0
DADVAG06,DEFNOU,1.0
DADVAG07,JEXXAM05,1.0
DADXUE,EZULAO,1.0
DADXUE,LUWKIZ,1.0
DADXUE,EGUHOD02,1.0
DADXUE,EGUHOD01,1.0
DAFHOJ,ZOZKAC,1.0
DAFHOJ,ZOYKAB,1.0
DAFHOJ,HIYZEV01,1.0
DAFHOJ,DOJYAD,0.8999999761581421
DAFYOB,ONUKAL,0.8999999761581421
DAFYOB,VOBKAA,0.8999999761581421
DAGDEV,ECORIX,0.8999999761581421
DAGDEV,UVIPIZ,0.8999999761581421
DAGDIZ,DEJTES,1.0
DAGDIZ,DEJTIW,1.0
DAGDIZ,ECOROD,0.8999999761581421
DAGGOK,YOYZUJ,1.0
DAGGOK,DAGGUQ,1.0
DAGGOK,WIWHOB,1.0
DAGGUQ,WIWHOB,1.0
DAHMIJ,UYOGOF,1.0
DAHNOQ,XOTGUI,1.0
DAHNOQ,SATRIP,1.0
DAHNOQ,KOCDOX,1.0
DAHNOQ,WEMDID,1.0
DAHNOQ,XUMBEN,1.0
DAHNUW,SATRIP,1.0
DAHNUW,KOCDOX,1.0
DAHNUW,LAMSOJ,1.0
DAHWAM,YUWKIL,0.8999999761581421
DAHWAM,UVIKIU,0.8999999761581421
DAHWAM,TUTZUD,0.8999999761581421
DAJVES,NIKHUL,0.8999999761581421
DAJVES,NIKJAT,0.8999999761581421
DAJVES,OTAQAD,0.8999999761581421
DAJVES,ZIYWIQ,0.8999999761581421
DAJWET,NIKJAT,0.8999999761581421
DAJWET,OTIBUQ,0.8999999761581421
DAJWET,IFIQUM,0.8999999761581421
DAJWET,WINRAP,0.8999999761581421
DAKVIW,IYOLAL,0.8999999761581421
DALSER,SAGZUW,1.0
DALSER,UFITEJ,1.0
DALSOA,JIYKAG,0.8999999761581421
DALSOA,ZOYKEF,0.8999999761581421
DALSOA,XINTOG,0.8999999761581421
DALSUH,DALTAO,0.8999999761581421
DALSUH,NIRSUF,0.8999999761581421
DALSUH,JITJAA,0.8999999761581421
DALVEU,IKUTUF,1.0
DALVEU,DALVIY,0.8999999761581421
DAMYUO,KIYZID01,0.8999999761581421
DANFUW,SAHYOS,0.8999999761581421
DANVEU,ECUFAM,1.0
DANVEU,IFOQAV,1.0
DANVEU,IFOQAV01,1.0
DANWAS,MIVFUU,1.0
DANWAS,EHIVOH,1.0
DANWAS,TEDHAN,1.0
DANZEX,GANBIH,1.0
DANZEX,JAKBUV,1.0
DANZEX,FEZPUW,0.8999999761581421
DAPHAD01,WECBEN,1.0
DAPHAD01,XIYYEL,1.0
DAPHAD01,OHEGAJ,1.0
DAPHAD01,SEYQIW,1.0
DAQRET,DAQRET01,1.0
DAQRET,PIZNOB,1.0
DAQRET,EBOJIP,1.0
DARDAD,PICCUC,0.8999999761581421
DARFOT,KIJKOG,0.8999999761581421
DARQOF,FERCEN,1.0
DARQOF,FERCAJ,1.0
DASTEY01,VUKSIF,1.0
DASTEY01,HENSEB01,1.0
DASTEY01,VUKSEB,1.0
DASTEY01,LEHFOW,1.0
DASTEY01,TOWLIC,0.8999999761581421
DASTEY02,HENSEB01,1.0
DASTEY02,VUKSEB,1.0
DASTEY02,YEKQOW,1.0
DATPIY,IXUWUV,0.8999999761581421
DATPIY,RASXEP,0.8999999761581421
DAWCIP,NEHGEO,1.0
DAWCIP,NEHGIS,1.0
DAWWAC,KOYHIR,1.0
DAWWAC,QONKUB,0.8999999761581421
DAXNIA,HEWPIJ,1.0
DAXNIA,SIWQIA,1.0
DAXNIA,SIWQIA02,1.0
DAXNIA01,SIWQIA02,1.0
DAXNIA02,SIWQIA02,1.0
DAXNIA03,SIWQIA02,1.0
DAXNIA04,SIWQIA02,1.0
DAXNIA04,ELUQIM01,1.0
DAXNIA04,ELUQIM05,1.0
DAXNIA04,ELUQIM06,1.0
DAXNIA04,ELUQIM07,1.0
DAXNIA04,ELUQIM08,1.0
DAXNIA04,ELUQIM09,1.0
DAXNIA04,ELUQIM10,1.0
DAXNIA04,ELUQIM13,1.0
DAYCIQ,WARWOC,1.0
DAYGUH,EBAQOP,1.0
DAYGUH,EBAQOP01,1.0
DAYGUH,IXEZES,0.8999999761581421
DAYGUH,ENAMIR,0.8999999761581421
DAYGUH,HIZFIH,0.8999999761581421
DAYGUH,HOPMUW,0.8999999761581421
DAYWOS,HIDMIS,0.8999999761581421
DAYWOS,YUMVAF,0.8999999761581421
DEBBIY,JOFCEO01,0.8999999761581421
DEBNUU,QAHTOI,0.8999999761581421
DEBNUU,QOTDUZ,0.8999999761581421
DEBNUU,XEBHOB,0.8999999761581421
DEBNUU,DINDUZ,0.8999999761581421
DEBNUU,DINDUZ01,0.8999999761581421
DEBNUU,FETBIQ,0.8999999761581421
DECDUN,OPEGUM,1.0
DECVIT,MACKAE,1.0
DECVIT,EHAXUG01,0.8999999761581421
DECVIT,QUMRUM,0.8999999761581421
DECXOB,DECYUI,0.8147058486938477
DEFNEK,FEFRMT,1.0
DEFNEK,PESSAK01,1.0
DEFNEK,XACLUL,1.0
DEFNIO,YANBAR01,1.0
DEFNIO,VIRJIQ,1.0
DEFNIO,OXCFOR,1.0
DEFNOU,JEXXAM04,1.0
DEFNOU,JEXXAM06,1.0
DEFXEU,NAHQAQ,0.8999999761581421
DEFXEU,NAHQEU,0.8999999761581421
DEFXEU,NAHQUK,0.8999999761581421
DEGBOI,EKAQEN,1.0
DEGBOI,OBOHOE,0.8999999761581421
DEGBOI,EKAQIR,0.8999999761581421
DEGBOI,HUPTOB,0.8999999761581421
DEGBOI,SIYGOZ,0.8999999761581421
DEGJIK,PEBNER,1.0
DEGJIK,QOMSAO,1.0
DEGJIK,QONLEM,1.0
DEGJIK,LUGLUU,0.8999999761581421
DEGMAG01,ZESPIZ,0.8999999761581421
DEGMAG01,ZESPEV,0.8999999761581421
DEHBEY,PUNCUX,0.8999999761581421
DEHBIC,TEKDUI01,0.8999999761581421
DEHBIC,HIXWIU,0.8999999761581421
DEHBIC,MUCNEE01,0.8999999761581421
DEHFUR,XACFAJ,1.0
DEHFUR,XACFEN,0.8999999761581421
DEHHIK,FIFNOY02,1.0
DEHHIK,JOGHIY,1.0
DEHHIK,MOWQOF,1.0
DEHHIK,SINLAE,1.0
DEHHOQ,GIMBIN02,1.0
DEHYEV,XAJZAK,1.0
DEJCEB,DEPXAY,1.0
DEJCEB,IVAZUA01,1.0
DEJJEK,OXIXIE,0.8999999761581421
DEJJEK,FEQWUU,0.8999999761581421
DEJJEK,WOHPIU,0.8999999761581421
DEJTES,DEJTIW,1.0
DEKBON,LAYXAN,1.0
DEKBON,LAYXER,1.0
DEKGOS,NUHDOK01,0.8999999761581421
DEKLEL,XEJJEC,0.8999999761581421
DEKLEL,GAMTOE,1.0
DEKLEL,GAMTAQ,1.0
DEKLEL,WEWGAH,0.8999999761581421
DEKLIP,GAMTAQ,0.8999999761581421
DEKLIP,GAMTOE,0.8999999761581421
DEKLIP,WEWGAH,0.8999999761581421
DEKLIP,XEJJIG,0.8999999761581421
DEKPAL,XUWVEQ,1.0
DEKPAL,DEKPEP,1.0
DEKPAL,MESBAN,1.0
DEKPAL,GUXLIU,0.8999999761581421
DEKPEP,MESBAN,1.0
DEKPEP,SIJPUX,0.8999999761581421
DEKZIE,DEKZOK,1.0
DEKZOK,DELBED,1.0
DELTAQ,DELTAQ01,1.0
DELTAQ,PIBJIV,1.0
DELTAQ,WIDTAF,1.0
DELTAQ,DELTAQ02,1.0
DELTAQ01,PIBJIV,1.0
DELTAQ01,WIDTAF,1.0
DELTAQ01,HUWPIA,0.8999999761581421
DELTAQ02,PIBJIV,1.0
DELTAQ02,WIDTAF,1.0
DELTAQ02,HUWPIA,0.8999999761581421
DENQIZ,LACPEN,1.0
DEPJIR,SIWQIA03,1.0
DEPJIR,YUKVUW01,1.0
DEPXAY,IVAZUA01,1.0
DEPXAY,FEBPUY,0.8999999761581421
DEPXOM,WEYQAU13,1.0
DEPXOM,WEYQAU15,1.0
DEPXOM,WEYQAU10,1.0
DEPXOM,GUKKON,0.8999999761581421
DEPXOM,NIRNAD,0.8999999761581421
DEPXOM,OFEREX,0.8999999761581421
DEPXOM,SEHXIN,0.8999999761581421
DESHOZ,IVAZOU,1.0
DESHOZ,KEYMEI,0.8999999761581421
DESVIJ,ROYSOP,1.0
DESVIJ,ROYSUV,0.8999999761581421
DESVOP,ROYTAC,1.0
DETRAX,DIXCET,0.8999999761581421
DETRAX,NOGCAO,0.8999999761581421
DEXXAF,OTIWOF,1.0
DEXXAF,JUPFOP,1.0
DEXXAF,OTIWOF02,1.0
DEXXAF,OTIWOF01,1.0
DEXXAF,OTIXAS,1.0
DEXXAF,ZIWTII,1.0
DEYNIG,RUPTED,1.0
DEYNIG,PEXJUY,1.0
DEYNIG,PEXJUY01,1.0
DEZCES,DEZCIW,0.8999999761581421
DEZKAW,JOBKUI,0.8999999761581421
DIBQEM,NIGNUO,1.0
DIBQEM,HELDOT,1.0
DIBQIQ,NIGNUO,1.0
DIBQIQ,HELDOT,1.0
DIBWUH,GANBON,1.0
DIBWUH,GANBED04,1.0
DIBWUH,GANBED06,1.0
DIBZEV,DIBZOF,1.0
DIBZEV,IRAZEH,1.0
DIBZEV,UVUMEF,0.8999999761581421
DICKEH,OGEBAF,0.9217391610145569
DIDBAV,ERUNUC,1.0
DIDBAV,DIDBEZ,1.0
DIDBEZ,ERUNUC,1.0
DIDBEZ,KUCFOF,0.8999999761581421
DIDBIE,ICUDOC,0.8999999761581421
DIDBIE,GUWWIF,0.8999999761581421
DIDBIE,KAPHAL,0.8999999761581421
DIDVIW,SIWPUL02,1.0
DIFYEZ,HADQUA,0.8999999761581421
DIGPER,EBEWOZ,1.0
DIGPER,EBEWOZ01,1.0
DIGPER,EBEXEQ01,1.0
DIGTIY,WOBCIB,0.8999999761581421
DIGTOE,DIGTUK,0.8999999761581421
DIGTOE,XAFYEK,0.8999999761581421
DIGTUK,XAFXUZ,0.8999999761581421
DIGTUK,XAFYEK,0.8999999761581421
DIGTUK,NOMFUS,0.8999999761581421
DIGTUK,WOBBOG,0.8999999761581421
DIHVIB,DOTSOV33,1.0
DIHVIB,DOTSOV31,1.0
DIHVIB,DOTSOV39,1.0
DIHVIB,SADLEQ,0.8999999761581421
DIHVIB01,MARXEK,0.8999999761581421
DIJCOP,KOLPOR,0.8999999761581421
DIJCOP,KIDLAL,1.0
DIJCOP,DIJCOP01,1.0
DIJCOP,KOLPUX,0.8999999761581421
DIJCOP01,KIDLAL,1.0
DIJCOP01,KOLQEI,0.8999999761581421
DIKBAB,YEGKOM,1.0
DIKBAB,WOHDED,1.0
DIKBAB,MEBMEM01,0.8999999761581421
DIKBAB01,XUHJEQ,0.8999999761581421
DIMBOS,HOXGAD,0.9639999866485596
DIMBOS,PULWEZ,1.0
DIMDAG,FIPKOG,0.9624999761581421
DIMDAG,FIPKOG01,0.9624999761581421
DIMDAG,MAVRAE,0.8999999761581421
DIMDAG,NUTYIM,0.8999999761581421
DIMDAG,VIXZUZ,0.8999999761581421
DINDUZ,EXAHAM,1.0
DINDUZ,DINDUZ01,1.0
DINDUZ,IHAVIW,0.8999999761581421
DINDUZ,XIPLOX,0.8999999761581421
DINDUZ01,EXAHAM,1.0
DINDUZ01,FETBIQ,0.8999999761581421
DINDUZ01,XEBHOB,0.8999999761581421
DINYEG01,DIXBET01,0.8999999761581421
DINYEG01,DIXBET,0.8999999761581421
DIQGUH,POMSOB,1.0
DIQGUH,OSAVEK,1.0
DIQGUH,PIMTAJ,1.0
DIQHAO,DIQHAO01,1.0
DIQHAO,YATDOP,1.0
DIQHAO,XALMII,1.0
DIQHAO,POTREX,1.0
DIQHAO,XALMOO,1.0
DIQHAO01,YATDOP,1.0
DIQHAO01,XALMII,1.0
DIQHAO01,POTREX,1.0
DIQHAO01,XALMOO,1.0
DITHAS,DITHEW01,1.0
DITHAS,DITHEW,1.0
DITHAS,DITJEY01,1.0
DITHAS,DITJOI,1.0
DITHEW,DITJEY01,1.0
DITHEW,DITJOI,1.0
DITJEY01,FATNAR,0.8999999761581421
DITJEY01,SERKEG,0.8999999761581421
DITJIB,SUKYON,0.8999999761581421
DITJIB,TOVKAS,0.8999999761581421
DITJIB,VEWKUF,0.8999999761581421
DITJIB,DITJOH,0.8999999761581421
DITJIC,DITRUW,1.0
DITJIC,DITROQ,1.0
DITJOH,VEWKUF,0.8999999761581421
DITJOH,SUKYON,0.8999999761581421
DITJOH,TOVKAS,0.8999999761581421
DITJOI,FIJNAO,0.8999999761581421
DITJOI,WUZKOS,0.8999999761581421
DITPON,WUDQIW,0.8999999761581421
DITPON,UFETAB01,0.8999999761581421
DITPON,UFETAB,0.8999999761581421
DITRIK,DITRUW,1.0
DITRIK,DITROQ,1.0
DITROQ,DITRUW,1.0
DITTEH,YIBMON,1.0
DITTEH,HOXSIY,1.0
DITTEH,FAGXOD,1.0
DITTEH,FAGXIX,1.0
DITXOU,YUJCOX,1.0
DITXOU,UGUQOC,1.0
DITYEM02,GAXROO,1.0
DITYEM02,PEFDEK,1.0
DITYEM02,UQOSOJ,0.8999999761581421
DIVMUR,WEMBUN,1.0
DIVMUR,HAKYOH,0.8999999761581421
DIVNAY,EDIKEH,1.0
DIVNAY,OHUVIY,0.8999999761581421
DIVPUU,DIVQAB,1.0
DIVQAB,YIMBAA,0.8999999761581421
DIVSUY,WOJYOL,1.0
DIVSUY,NUHQAK,1.0
DIVSUY,WOJZIG,1.0
DIXBET,DIXBET01,1.0
DIXCET,EPURIS,0.8999999761581421
DIXKOL,NEVVIU01,1.0
DIXKOL,QIRYAS,1.0
DIXKOL,NEVVAM,1.0
DIXKOL,NEVVIU,1.0
DIXKOL,NEVVIU02,1.0
DIXKUR,DIXKUR01,1.0
DIXKUR01,KUXHIW,0.8999999761581421
DIXNUV01,IJEYON,1.0
DIXNUV01,OGUJIL,1.0
DIXNUV01,WUZQOZ,1.0
DIXNUV01,XOCTUG,0.8999999761581421
DIXVUC01,DIXVUC04,1.0
DIXVUC01,DIXVUC03,1.0
DIXVUC01,DIXVUC02,1.0
DIXVUC02,DIXVUC04,1.0
DIXVUC02,DIXVUC03,1.0
DIXVUC03,DIXVUC04,1.0
DIXVUC04,TOHRUF,0.8999999761581421
DIXVUC04,TOHRUF01,0.8999999761581421
DIYRIO,UWIGOX,0.8999999761581421
DIYRIO,QAPGIZ,0.8999999761581421
DIYRIO,PATLON,0.8999999761581421
DODBUV,DOGBAE,1.0
DODBUV,KIHXUX,0.8999999761581421
DODBUV,KERFOF,0.8999999761581421
DODLOY,GEKJAK,0.8999999761581421
DODLOY,XOMRUO,0.8999999761581421
DODLUE,GEKJAK,0.8999999761581421
DODLUE,XOMRUO,0.8999999761581421
DOGBAE,KIHXUX,0.8999999761581421
DOGBAE,KERFOF,0.8999999761581421
DOGBAE,NIKJAT,0.8999999761581421
DOGBAE,YITGOA,0.8999999761581421
DOHDOU02,XEHSIN,1.0
DOHDOU02,XEHRUY,1.0
DOHDOU02,NAXVOY03,1.0
DOHPIA,KOTBUS,0.8999999761581421
DOJTIH,DOJTON02,1.0
DOJTIH,DOJTON01,1.0
DOJTIH,DOJTON,1.0
DOJTIH,PIZPET,0.8999999761581421
DOJTON,DOJTON02,1.0
DOJTON,DOJTON01,1.0
DOJTON01,DOJTON02,1.0
DOJTON01,PUNCUX,0.8999999761581421
DOJTON02,KHMALA03,0.8999999761581421
DOJVUU,LORFED01,0.8999999761581421
DOJVUU,PAXSEM01,0.8999999761581421
DOJVUU,LORGAA,0.8999999761581421
DOJVUU,LORFED02,0.8999999761581421
DOJVUU,LORFUT,0.8999999761581421
DOJXUW,VODBIA,1.0
DOJXUW,YUBGIN,0.8999999761581421
DOJXUW,VELHUS,0.8999999761581421
DOJYAD,NAMDOV,0.8999999761581421
DOJYAD,VELHUS,0.8999999761581421
DOLWAE02,MUVJIX,1.0
DOLWAE02,WEQQUH,0.8999999761581421
DOLWEI,XOLSUO,1.0
DOLWEI,WEQQUH,0.8999999761581421
DOLWEI,LUYBIS,0.8999999761581421
DOMCUE,TASVUG,1.0
DOMDAL,TASVUG,1.0
DOMDAL,TASWAN,1.0
DOMKEX,MERLAZ,0.8999999761581421
DOMKEX,VETVAS,0.8999999761581421
DOMKEX,NIKKIC,0.8999999761581421
DOMKEX,OTIBUQ,0.8999999761581421
DOMKEX,KERFOF,0.8999999761581421
DONNAW01,LOQLIN01,1.0
DONNAW01,SICDAL,1.0
DONNAW01,LOQLIN,1.0
DONNAW01,PTRPHT02,0.8999999761581421
DONNAW01,RUPRUQ,0.8999999761581421
DONNEA,LOQLIN01,1.0
DORDUK,ISOJOQ,1.0
DORDUK,NODKAT,1.0
DORDUK,KOTBIG,0.8999999761581421
DOTSOV05,JALLOA,0.8999999761581421
DOTSOV16,NALYEG,0.8999999761581421
DOTSOV18,NALYEG,0.8999999761581421
DOTSOV21,NALYEG,0.8999999761581421
DOTSOV29,GAVDUD,1.0
DOTSOV29,YOZMUX,1.0
DOTSOV29,YOZNAE,1.0
DOTSOV29,YOZNIM,1.0
DOTSOV38,WULJUJ,1.0
DOTSOV38,XAMDUM01,1.0
DOTSOV38,XAMDUM02,1.0
DOTVOZ,WAHREE,1.0
DOTVOZ,VEGXOW,1.0
DOTVOZ,TAFCIO01,1.0
DOTVUF,VEGXIQ,1.0
DOYHIK,DOYHUW,1.0
DOYHIK,VOSWOR,1.0
DOYHIK,VOSWIL,1.0
DOYHIK,WUPZUE,1.0
DOZQUF,WUXPEK,0.8999999761581421
DUBFEM,DUDMEV,1.0
DUBGAJ,XECJUK01,0.8999999761581421
DUBGAJ,QAHREY,0.8999999761581421
DUBGAJ,VASFAZ,0.8999999761581421
DUBGEN,MOMJIJ,0.8999999761581421
DUBGEN,VASFAZ,0.8999999761581421
DUBGEN,OHIZIO,0.8999999761581421
DUBGEN,MOKZOC,0.8999999761581421
DUBWON,FASVIH,0.8999999761581421
DUDKEU,WANNIL,1.0
DUDKEU,VALWUD,1.0
DUDKEU,VALXIS,0.8999999761581421
DUDKEU,VEYRAU,0.8999999761581421
DUDKEU,VIXWEF,0.8999999761581421
DUDKIY,UBIBUF,1.0
DUDKIY,HOGJIX,1.0
DUDKIY,DUDKOE,1.0
DUDKIY,IVUVIG,0.8999999761581421
DUDKIY,MICJOA,0.8999999761581421
DUDKOE,UBIBUF,1.0
DUDKOE,HOGJIX,1.0
DUDKOE,ZEKRIS,0.8999999761581421
DUDKUK,MICJOA,1.0
DUDKUK,VEYRAU,0.8999999761581421
DUDKUK,HOGJIX,0.8999999761581421
DUDMEV,VASFAZ,0.8999999761581421
DUDZOT,TEWMUG,0.8999999761581421
DUDZOT,VALWOX,0.8999999761581421
DUDZOT,WISVEB,0.8999999761581421
DUDZOT,OFODAP,0.8999999761581421
DUDZOT,TOWPAY,0.8999999761581421
DUGDOA,XISDUA,1.0
DUGDOA,DUGDOA01,1.0
DUGDOA,IGETUL,1.0
DUGDOA,OMUMEQ,1.0
DUGDOA01,IGETUL,1.0
DUGDOA01,OMUMEQ,1.0
DUGDUG,MUGXIX,1.0
DUGDUG,XISDIO,1.0
DUJQUW,QESNEK,0.8999999761581421
DUJQUW,QESNEK02,0.8999999761581421
DUKMUT,XULDOZ,0.8999999761581421
DUKMUT,ROMQAN,0.8999999761581421
DUKMUT,SEKYEP,0.8999999761581421
DUKMUT,XULDEP,0.8999999761581421
DULVEM,QUJFUX,0.8999999761581421
DULVEM,ZAJKED,0.8999999761581421
DUNXUH,DUNXUH21,1.0
DUNXUH,DUNXUH06,1.0
DUNXUH,DUNXUH13,1.0
DUNXUH,DUNXUH15,1.0
DUNXUH06,DUNXUH21,1.0
DUNXUH06,DUNXUH13,1.0
DUNXUH06,DUNXUH15,1.0
DUNXUH13,DUNXUH21,1.0
DUNXUH13,LETHAU,0.8999999761581421
DUNXUH15,DUNXUH21,1.0
DUNXUH15,LETHAU,0.8999999761581421
DUNXUH21,IJEYEC,0.8999999761581421
DUQSAK,YAQDIF,1.0
DUQSAK,RUSWUZ,0.8999999761581421
DUQSAK,LIVREP,0.8999999761581421
DUQSAK,UZIZOU,0.8999999761581421
DUQXAQ,PAPKOJ,0.8999999761581421
DURDAX,PEDWIH,1.0
DURDAX,ZUJVAD,1.0
DURDAX,DURDIF,1.0
DURDAX,REBVIG,1.0
DURDIF,PEDWIH,1.0
DURDIF,ZUJVAD,1.0
DURDIF,REBVIG,1.0
DUVMIR,QAZFAB,0.8999999761581421
DUVNIS,XAVQIU,1.0
DUVNIS,XAPSIS,1.0
DUVNIS,JEDVUM,1.0
DUVNIS,XAVQIU01,1.0
DUVVOH02,MUQSIA,0.8999999761581421
DUVVOH02,IWERAD,0.8999999761581421
DUWBEE,QAPYOY,1.0
DUWDOQ,DUWFAE,0.8999999761581421
DUWFOS,ONATUT,1.0
DUWFOS,HUHHAU,0.8999999761581421
DUXMAL,IDUSIM,0.8999999761581421
DUXMAL,SOZHOG,0.8999999761581421
DUYTUN,RUFMUA01,0.8999999761581421
DUYTUN,RUDRUE,0.8999999761581421
DUYVAV,LAVTEJ,0.8999999761581421
DUYVAV,LAVTEJ01,0.8999999761581421
DUZNET,MAXFEY,0.8999999761581421
DUZNET,MAXFUO,0.8999999761581421
DUZNET,XANBOE,0.8999999761581421
DUZNET,MAXGEZ,0.8999999761581421
DUZNUJ,MAXFUO,0.8999999761581421
DUZNUJ,MAXGEZ,0.8999999761581421
DUZNUJ,YAYPOF,0.8999999761581421
DUZPAR,MAXFOI,0.8999999761581421
DUZPAR,MAXGOJ,0.8999999761581421
DUZPAR,YAYPOF,0.8999999761581421
DUZPUL,QOYYOU,1.0
DUZPUL,UFAMIA,1.0
DUZPUL,UFOFUT,1.0
DUZPUL,UFAMUM,1.0
DUZQAS,UFAMIA,1.0
DUZQAS,UFOFUT,1.0
EBAQOP,EBAQOP01,1.0
EBAQOP,VUNKOG,0.8999999761581421
EBAQOP,SIXPOG,0.8999999761581421
EBAQOP01,KUHRAI,0.8999999761581421
EBAQOP01,VUNKOG,0.8999999761581421
EBEWOZ,EBEWOZ01,1.0
EBEWOZ,EBEXEQ01,1.0
EBEWOZ01,EBEXEQ01,1.0
EBEZOC,OMICOD,0.8999999761581421
EBEZOC,IKULUX,0.8999999761581421
EBIFIG,EBIFUS,1.0
EBIFIG,QETZEX,0.8999999761581421
EBIFIG,QETYUM,0.8999999761581421
EBIFUS,QETZEX,0.8999999761581421
EBIFUS,QETYUM,0.8999999761581421
EBIFUS,WANYER,0.8999999761581421
EBIHII,ZOHFUZ,1.0
EBIHII,LARPOL,1.0
EBIHII,WUCRUH,1.0
EBIMEJ,RAVDEZ,0.8999999761581421
EBIMEJ,RAVDID,0.8999999761581421
EBIMIN,HOGLEV,0.8999999761581421
EBIMIN,RAVCOI,0.8999999761581421
EBIMIN,OPURIB,0.8999999761581421
EBIMIN,EBIMOT,0.8999999761581421
EBIMOT,HOGLEV,0.8999999761581421
EBIMOT,RAVDEZ,0.8999999761581421
EBINUA,ONAWEG01,1.0
EBINUA,QOGRIO,0.8999999761581421
EBINUA,VUNBOW,0.8999999761581421
EBINUA01,ONAWEG,1.0
EBINUA01,ONAWEG02,1.0
EBINUA01,XOVBIV01,0.8999999761581421
EBOJIP,PIZNOB,1.0
EBOJIP,GUDFER,0.8999999761581421
EBUKOD,QIYSAT,0.8999999761581421
EBUKOD,QOFMUU,0.8999999761581421
EBUKOD,PAVDIA,0.8999999761581421
EBUKOD,XOVBIV01,0.8999999761581421
EBUREA,VAHVOR,0.8999999761581421
EBUREA,PENNAZ,0.8999999761581421
EBUTIG,KOTPAM,0.8999999761581421
EBUTOM01,MOXNIY,0.8999999761581421
EBUTOM01,KOTPAM,0.8999999761581421
EBUTUS,PESSOX,1.0
ECEDAU,NUTQEZ,0.8999999761581421
ECEDEY,ECEDEY01,1.0
ECEDEY,IQUCOO,0.8999999761581421
ECEDEY,TOVHET,0.8999999761581421
ECEDEY,LIQFIC,0.8999999761581421
ECESEN,OHAZON,0.8999999761581421
ECIWAO,QOZDOY,1.0
ECIWIW,IGUVAJ,1.0
ECIWIW,IGUVIR,1.0
ECIWIW,IGUTUB,1.0
ECIWIW,IGUTUB01,1.0
ECIWIW,IGUVAJ01,1.0
ECIWIW,IGUVIR01,1.0
ECODIK,NIHDEQ,1.0
ECODIK,VOJPUG01,1.0
ECODIK,HAWZEM,1.0
ECUFIU,FIPPAW,1.0
ECUFIU,FIPPEA02,1.0
ECUFIU,VAQSUD,1.0
EDAVOV,KEYFIF,1.0
EDAVOV,KEYFIF01,1.0
EDEPEK,MITQEM,1.0
EDEPEK,HAXYIQ,1.0
EDOSEY,JALPAQ,0.9624999761581421
EDUSUR,HOLQOQ,1.0
EFEGEC,SEHSII,1.0
EFIRUH,IXACOZ02,0.8999999761581421
EGEHOO,PEGQUP,0.8999999761581421
EGEHOO,UDANEV,1.0
EGEHOO,TEFWOR,1.0
EGELIM,SABVOH01,1.0
EGELIM,SABVUN,1.0
EGELIM,HAFQUC,1.0
EGELIM,KUNTAQ02,1.0
EGELOS,SABVOH01,1.0
EGELOS,SABVUN,1.0
EGELOS,HAFQUC,1.0
EGIKUB,TOHYUM,1.0
EGIKUB,LOWQIX,1.0
EGOYEF,ROJTAM,0.8999999761581421
EGOZAB,POFFEX,1.0
EGOZAB,POFDEV,1.0
EGUHET01,LIXWAR,1.0
EGUHET01,LIXWAR01,1.0
EGUHET01,OYOSAX,1.0
EGUHOD01,LUWKIZ,1.0
EGUHOD01,EGUHOD02,1.0
EGUHOD01,EZULAO,1.0
EGUHOD02,LUWKIZ,1.0
EGUHOD02,EZULAO,1.0
EHAXUG,EHAXUG01,1.0
EHAXUG,TIPRIT01,1.0
EHAXUG,RISXAU,1.0
EHAXUG01,TIPRIT01,1.0
EHAXUG01,RISXAU,1.0
EHAZAO,WECSAZ01,1.0
EHAZAO,IXISIT02,1.0
EHAZAO,LARYEK03,1.0
EHAZAO,SIKYER,1.0
EHEPAJ,ZEZPIF,1.0
EHEPAJ,QETCUO,1.0
EHETER01,MECWIB,1.0
EHETER01,EHETER02,1.0
EHETER01,YORCEP,1.0
EHETER02,MECWIB,1.0
EHETER02,YORCEP,1.0
EHIJAH,XAFFAN,1.0
EHIJAH,XAFFER,1.0
EHISUJ,MUQSEW,1.0
EHIVIB,FAFBUL,1.0
EHIVIB,MIVFOO,1.0
EHIVIB,MIVFII,1.0
EHIVOH,TEDHAN,1.0
EHIVOH,MIVFUU,1.0
EHODOV,MAFDII,1.0
EJIDUW01,OCUGEZ,1.0
EJINIV,XUYYIA,1.0
EJINIV,XUYYEW,1.0
EJINIV,EJINIV01,1.0
EJINIV01,XUYYIA,1.0
EJINIV01,XUYYEW,1.0
EKEKEL,XOJWID,1.0
EKEKEL,XOJXAW,1.0
EKERIW,KOGYIP,1.0
EKERIW,FITSAD,1.0
EKEXIC,GINHOD,1.0
EKEXIC,WEYQAU,1.0
EKEXOI,XAPSIS,1.0
EKEXOI,TIVYAZ,1.0
EKEXOI,JEDVUM,1.0
EKEXOI,XAVQIU,1.0
EKEXOI,XAVQIU01,1.0
EKIJEP,EKIJEP01,1.0
EKUNON,EKUNON01,1.0
EKUNON,ULOGIL,1.0
EKUNON,OCIHAK,1.0
EKUNON01,ULOGIL,1.0
EKUNON01,OCIHAK,1.0
ELAPIQ,YUPSEI,1.0
ELECOP,YUHHEQ,1.0
ELERIY,UVEVUN,1.0
ELIJUF,ELIKEQ,0.8999999761581421
ELILAN,LIXMAI,0.925000011920929
ELUQIM06,LICSAS,1.0
ELUQIM06,LICSAS01,1.0
EMEYOK01,ETECAJ,1.0
EMEYOK01,OFIDAJ,1.0
EMEYOK02,ETECAJ,1.0
EMEYOK02,UTADOK,1.0
EMEYOK02,XOKKIS,1.0
EMIGOX,MIHHIV,0.8999999761581421
EMUBIZ,EXAXAE,1.0
EMUBIZ,EXAXAE03,1.0
EMUBIZ,USEVOF,1.0
EMUBIZ,WANJIF,1.0
EMUBIZ,XEDMEB,1.0
EMUBOF,EXAXAE,1.0
EMUBOF,EXAXAE03,1.0
EMUBOF,WANJIF,1.0
ENAMIR,HIZFIH,1.0
ENANIS,TUPDIT,1.0
ENANIS,TUPDEP,1.0
ENANIS,TUPDIT04,1.0
ENANIS,TUPDOZ,1.0
ENIBAF,ENIBIN,1.0
ENIBAF,ENIBEJ,1.0
ENIBEJ,ENIBIN,1.0
ENISOK,ODIXIK,1.0
ENISOK,ODIXAC,1.0
ENISOK,NOZZUZ,1.0
ENISOK,ENITEB,1.0
ENISOK,NOZZOT,1.0
ENITEB,NOZZOT,1.0
ENITEB,ODIXAC,1.0
ENITEB,ODIXIK,1.0
ENIXIJ,UPOSUO,1.0
ENIXOP,UPOSUO,1.0
EPOXAJ,LECHUX,1.0
EPUREO,ZOMKAP,1.0
EPUREO,ZOMKAP01,1.0
EQOCES01,SIWHOY,1.0
EQOCES01,NAFGOR01,1.0
EQOCES01,IMZYCO01,1.0
EQOCOC,SIWJAM,1.0
EQOCOC,VEJYEP01,1.0
EQOCOC,VEJYUV06,1.0
EQUBIC,FOBXUQ,0.8999999761581421
EQUCUO02,EQUCUO09,1.0
EQUCUO03,EQUCUO09,1.0
EQUCUO03,EQUCUO11,1.0
EQUCUO07,EQUCUO09,1.0
EQUCUO07,EQUCUO11,1.0
EQUCUO08,EQUCUO09,1.0
EQUCUO08,EQUCUO11,1.0
EQUCUO08,EQUCUO10,1.0
EQUCUO09,EQUCUO11,1.0
EQUCUO10,EQUCUO11,1.0
EQUMUA,EQUNAH,1.0
EQUNAH,EQUNEL,1.0
ERAJEO,LONVER,0.8999999761581421
ERALUG,IXEJOM,1.0
ERANAO,WIZMAV08,1.0
ERARUM,WIZMAV10,1.0
ERARUM,WIZMAV,1.0
EREGOY,TACJIS,1.0
EREGOY,HIHGUC,1.0
ERIQUS,LACFUS,1.0
ERIQUS,YAPQUC,1.0
ERIQUS,LIPZES,1.0
ERIQUS,XILBAW,1.0
ERIQUS,YICREI,1.0
EROJUS,EROJUS02,1.0
EROJUS02,EROJUS04,1.0
ERUPEM,ERUPEM01,1.0
ERUPEM01,SUKREX,1.0
ERUPEM01,SUKREX01,1.0
ESADUZ01,YILKAH,1.0
ESADUZ01,JUQPIW,1.0
ESADUZ01,ESADUZ02,1.0
ESADUZ02,YILKAH,1.0
ESADUZ02,JUQPIW,1.0
ESADUZ02,JUQSIZ,1.0
ESEBOV,FEVWOV,1.0
ESEBOV,UNEJEE,1.0
ESEDAJ,GOSDUP,1.0
ESEDIQ,FECYUJ,1.0
ESEQUO,MOXDIN01,1.0
ESEQUO,VEGMIE,1.0
ESEQUO,MOXDIN,1.0
ESEQUO,VEGMIE01,1.0
ESEVIH,NANYUX01,1.0
ESEVIH,FIWKUT,1.0
ESEVIH,VEHKIE,1.0
ESIFET,IPIHUM,0.8999999761581421
ESUMOU,MAZJEC,0.8999999761581421
ESURER01,ESUSOC02,1.0
ESURER01,ESUVOF,1.0
ESURER01,ESUTAP,1.0
ESURER01,RIDDUE,1.0
ESUSOC01,ESUTAP,1.0
ESUSOC01,ESUTET01,1.0
ESUSOC01,ESUTIX,1.0
ESUSOC01,ESUVAR,1.0
ESUTIX,RIDDUE,1.0
ESUVAR,RIDDUE,1.0
ETAXUT,NUVYIO,1.0
ETEBOV,OKILIE,0.8999999761581421
ETECAJ,UTADOK,1.0
ETECAJ,IRISAD,1.0
ETECAJ,IRISAD01,1.0
ETEJIX01,YAZYEF,1.0
ETIXOW,ETIYEN,0.8999999761581421
ETIXOW,ETIXUC,1.0
ETUWEW,NAVYOA,1.0
ETUWEW,WEMDOJ,1.0
ETUXUM,XIGFEY,1.0
ETUXUM,MICDUX,1.0
ETUXUM,LUZYUA,1.0
EVADEK,MEGQEW,1.0
EVAKIV,EVAKOB,1.0
EVAKIV,IXISOX,1.0
EVAKIV,IXISAJ,1.0
EVUYUQ,EVUZAX,1.0
EWIDUK,FAWCEN03,1.0
EWIDUK,XIZDIV,1.0
EWIDUK,VELVOY,1.0
EWOBAV,EWOBEZ,1.0
EWUKIS,FUVBAB,1.0
EWUKIS,PERQUB,1.0
EWUKIS,NANYUX01,1.0
EWUKIS,FIWKUT,1.0
EWUKIS,VEHKIE,1.0
EWUKIS,FUTYOK,1.0
EWUKIS,FUTZAX,1.0
EWUKIS,FUTZIF,1.0
EWUKIS,JEDVIA,1.0
EWUKIS,PEJNOJ,1.0
EWUKIS,PEJNUP,1.0
EWUKIS,PEJPAX,1.0
EXAXAE,USEVOF,1.0
EXAXAE,XEDMEB,1.0
EXAXAE03,USEVOF,1.0
EXAXAE03,XEDMEB,1.0
EXEQII,ZEGRIP,1.0
EXIDOF,QUTTII,1.0
EXIDOF,UGECEO,1.0
EXIDOF,KUHNEI,1.0
EXIDOF,WINCEC,1.0
EXIDOF,QUTTII01,1.0
EXOGAB,IPUPIU,0.9099999666213989
EXOGAB,IPUPOA,0.9099999666213989
EXOXOE,EXOXOE01,1.0
EXOYAS,RAWYAS,1.0
EXUMEP,XAPRIR,1.0
EXUMEP,GUPJEG,1.0
EXUMEP,GAGXAO,1.0
EYAPOK,ZELDIG,0.8999999761581421
EYOPOY,WOBNOS,1.0
EYOPOY,NUYWOU,1.0
EYUGEL,YOXXUG01,1.0
EYUKOZ,QOPCEE,1.0
EYULEQ,PEJYIO,1.0
EYULEQ,VOQBUZ,0.925000011920929
EYULIU,IDAJUS,1.0
EZATOP,OXEMOV,0.9142857193946838
EZILUV,EZIMAC,1.0
EZULAO,NOCMAU,0.8999999761581421
FABCUI,XALTUA,1.0
FABCUI,MIJFIU,1.0
FABCUI,LEHGIR,1.0
FABCUI,PERMEH,1.0
FABGUM,UZOBER,1.0
FADCIZ03,FADKAZ,1.0
FADCIZ03,FADCIZ05,1.0
FADCIZ03,FADCIZ04,1.0
FADCIZ04,FADKAZ,1.0
FADCIZ04,FADCIZ05,1.0
FADCIZ05,FADKAZ,1.0
FAFBUL,MIVFOO,1.0
FAFBUL,MIVFII,1.0
FAFHUS,LUGVUF,0.8999999761581421
FAFHUS,UDISOR,1.0
FAFMAA,YUHVEE,1.0
FAGFUQ,QUYRAF,1.0
FAGQAI,QIYDAF,1.0
FAGQAI,QIYDAF01,1.0
FAGQAI,QIYDIN,1.0
FAGREM,LAGWUN,1.0
FAGREM,SAVMAE,1.0
FAGREM,WUDXAV,1.0
FAGTAJ,RICHAN,1.0
FAGTAJ,RICHIV,1.0
FAGTAJ,RIHJIC,1.0
FAGTAJ,MULXOH,1.0
FAGXIX,XUKNIC,1.0
FAGXIX,FAGXOD,1.0
FAGXIX,PIJKEB,1.0
FAGXOD,XUKNIC,1.0
FAHBIC,KEFFEI,1.0
FAHBOI,KEFFEI,1.0
FAHMIM,REYCEF,0.9333333373069763
FAHNOT,YERLIT,0.9333333373069763
FAHQIR,QIQTOB,1.0
FAJGOP,NUCYAN,1.0
FAJGUV,NUCYER,1.0
FAJYEX,FAJZOI,1.0
FAJYEX,FAJYUN,1.0
FAJYEX,FAJYIB,1.0
FAJYIB,FAJYUN,1.0
FALGIK,GIQHAQ,1.0
FALTUK,FAMQES,1.0
FALTUK,FAMQAO,1.0
FALTUK,FAMPUH,1.0
FAMHAE,FAMHAE01,1.0
FAMHAE01,FECYIX,1.0
FAMPUH,FAMQES,1.0
FAMPUH,FAMQAO,1.0
FAMQAO,FAMQES,1.0
FANCIJ,FANDEG,0.8999999761581421
FANCIJ,VUGYIH,1.0
FAPYEA,FAPYEA09,1.0
FAPYEA02,FAPYEA09,1.0
FAPYEA02,FAPYEA21,1.0
FAPYEA04,FAPYEA09,1.0
FAPYEA04,FAPYEA21,1.0
FAPYEA08,FAPYEA09,1.0
FAPYEA08,FAPYEA21,1.0
FAPYEA09,FAPYEA21,1.0
FAPYOM,GURXOH,1.0
FAQFEK,QQQFJD02,0.8999999761581421
FAQFEK,HUMPIP,1.0
FAQLER,TIKTAL01,1.0
FAQLER,XAPCOJ06,1.0
FAQLER,XAPCOJ07,1.0
FAQLER,XAPCOJ05,1.0
FAQLER,XAPCOJ,1.0
FAQLER01,XAPCOJ07,1.0
FAQLER01,XAPCOJ05,1.0
FAQLER01,XAPCOJ,1.0
FASFUD,PUFNUB,1.0
FASQUN,PUQYAC,1.0
FASQUN,KAHMOW,1.0
FASQUN,XEGWUE,1.0
FASQUN,XEGYEQ,1.0
FASQUN,YAPXIX,1.0
FASSAV,FASSEZ,0.8999999761581421
FATNAR,REWVIB,1.0
FAVKET,MARLUP,0.8999999761581421
FAWCEN,MECWEX,1.0
FAWCEN,XIZDIV,1.0
FAWCEN,YUDWAX,1.0
FAWCEN02,MECWEX,1.0
FAWCEN02,XIZDIV,1.0
FAWCEN02,YUDWAX,1.0
FAWCEN02,FAWCEN04,1.0
FAWCEN02,YUDWEB,1.0
FAWCEN04,XIZDIV,1.0
FAWCEN04,YUDWAX,1.0
FAWCEN04,VELVOY,1.0
FAWCEN04,XIZCUG,1.0
FAZPED,WOPWOP,1.0
FAZPED,NERVOV,1.0
FAZPIH,WOPWOP,1.0
FAZPIH,NERVOV,1.0
FAZPIH,VOCKUT,1.0
FECWOB01,MOFTIL01,1.0
FECXAO,PEZCII,1.0
FECXUI,WORKUL,1.0
FECXUI,WORLAS,1.0
FECYUJ,USAHAZ,1.0
FECYUJ,WORKUL,1.0
FECYUJ,IYEXEP,1.0
FEFRMT,NIHBEM,1.0
FEFRMT,NUDNUW09,1.0
FEFRMT,NUDPAE01,1.0
FEFRMT,VICBEQ,1.0
FEFRMT,YANVIV,1.0
FEFRMT,YANVIV01,1.0
FEFRMT,YANVIV02,1.0
FEFRMT,YEWKAP,1.0
FEFRMT01,NIHBEM,1.0
FEFRMT01,NUDNUW09,1.0
FEFRMT01,NUDPAE01,1.0
FEFWIZ,HAWVIM,1.0
FEFWIZ,LEHROH,1.0
FEFWIZ,IYOVUO,1.0
FEFWIZ,IYOVIC,1.0
FEHJIN,FEHJIN01,1.0
FELZOM,MURFEM,1.0
FENVOL,MAGBON,1.0
FENVOL,MAFZOK,1.0
FENVOL,MAFZIE,1.0
FENVOL,MAFZUQ,1.0
FENVOL,MAGBIH,1.0
FENVOL,PUSXIL01,1.0
FEPGAL,JUDYIS,0.9035714268684387
FEPGEP,XOLFAH,0.9035714268684387
FEPPEY,NEBQOD,1.0
FEPPEY,REXYAX,1.0
FEQWUU,SAZPUH,1.0
FEQWUU,NATQUW,1.0
FEQXAB,NATRAD,1.0
FEQXAB,GEVXIQ,1.0
FESBEM,TEYHIR,1.0
FESBEM,UFAMUM,1.0
FESBEM,MOLQEL,1.0
FESBEM,SITDEH,1.0
FESBEM,UFAMIA,1.0
FESBEM,UFOFUT,1.0
FESYEK,HEKTUO01,0.9099999666213989
FESYEK,QEKLID,0.9099999666213989
FETBIQ,IHAVIW,1.0
FEVWUB,YEYCUC,0.918181836605072
FEVWUB,XIJVIY,0.918181836605072
FEWTAF,ITETEH,1.0
FEWTAF,SIYXIH10,1.0
FEWTAF,SIYXIH,1.0
FEWTAF,OZUBOC,1.0
FEXCAO01,SEQSUE,0.8999999761581421
FEXKAX,ITETEH,1.0
FEXKAX,SIYXIH10,1.0
FEXKAX,SIYXIH,1.0
FEYQOQ,FEYQUW,1.0
FEYQOQ,QITYOI,1.0
FEYQUW,QITYOI,1.0
FEZTIP,INOMOP01,1.0
FEZTIP,INOMIJ,1.0
FEZTIP,INOMOP,1.0
FEZTIP,OZAVES,1.0
FEZTIP01,INOMIJ,1.0
FEZTIP01,INOMOP,1.0
FEZTIP01,OZAVES,1.0
FIBXEW,OPOBOL,0.8999999761581421
FICKIN,ZERNAN,0.8999999761581421
FICLIM,PEDLOZ,1.0
FICYUL01,YEFLIF01,1.0
FICYUL01,YEFLIF02,1.0
FIDGAD,YIWZOV,1.0
FIDYOI,NUCREJ,0.5785713791847229
FIFFUX,LICGOW,1.0
FIFGEI,GALHOS,1.0
FIFGEI,GALHUY,1.0
FIFGEI,GALJAG,1.0
FIFGEI,IYUHUG,1.0
FIFNIS01,GIMBIN01,1.0
FIFNIS01,GIMBIN,1.0
FIFNIS01,GIMBIN02,1.0
FIFNOY,MOWQOF,1.0
FIFNOY,FIFNOY02,1.0
FIFNOY,FIFNUE,1.0
FIFNOY01,MOWQOF,1.0
FIFNOY01,FIFNOY02,1.0
FIFNOY01,FIFNUE,1.0
FIFNOY01,SINLAE,1.0
FIFNOY02,MOWQOF,1.0
FIFNOY02,FIFNUE,1.0
FIFNUE,MOWQOF,1.0
FIFNUE,JOGHIY,1.0
FIFPAM,JOGHEU,1.0
FIFPAM,LUYZAH,1.0
FIGXAU,UXEDUX,1.0
FIJYAZ,TAZSAP02,1.0
FIJYAZ,TAZSAP01,1.0
FIJYAZ,TAZSAP,1.0
FIKSID,MOFTIL01,1.0
FILYAC,MOXDEJ,1.0
FILYAC,XADDUD,1.0
FILYAC,XADDOX,1.0
FIPKOG,FIPKOG01,1.0
FIPKUM,VUNJAR,1.0
FIPKUM,VIXZUZ,0.9624999761581421
FIPPAW,FIPPEA02,1.0
FIPPAW,VAQSUD,1.0
FIPPEA02,VAQSUD,1.0
FIQZEM,SUXWIT,1.0
FIQZEM,SETFUT,1.0
FIQZOV,RANZAI,1.0
FIQZOV,IHILUI,1.0
FIQZOV,ZIMSEV,1.0
FIQZOV,ZIMSIZ,1.0
FIRGIW,NUVLOG,1.0
FISHUN,FISJEZ,1.0
FITCUJ,FITDIY,1.0
FITDEU,FITDIY,1.0
FITDEU,FITDUK,1.0
FITDEU,FITFOG,1.0
FITDIY,FITDUK,1.0
FITDIY,FITFOG,1.0
FITHEW,FITHIA,1.0
FITZOX,SEGJOG,1.0
FITZOX,JIGQOI,1.0
FIVRUA,LUCKAX,0.9307692646980286
FIVTUC,PEGCEM,1.0
FIWKUT,NIWYEZ,1.0
FIWKUT,NURMUJ,1.0
FIWKUT,REGREC,1.0
FIWKUT,RIFDUG01,1.0
FIWKUT,RUPVAB,1.0
FIXKUV,UFUKUB01,1.0
FIXKUV,HUZJIW,1.0
FIXKUV,UFUKUB03,1.0
FIXMEH,MITSUE,1.0
FIXMEH,NABLIM,1.0
FIXYIX,KIJVUX,1.0
FIZPOV,FIZPUB,1.0
FOBJIR,MEGPEV,1.0
FOBYAX,RAKZEI,1.0
FODGUB,FODGUB01,1.0
FODGUB,FODGUB02,1.0
FODGUB,HOQKII,1.0
FODGUB,LEDPAN,1.0
FODGUB01,FODGUB02,1.0
FODGUB01,HOQKII,1.0
FODGUB01,LEDPAN,1.0
FODGUB02,HOQKII,1.0
FODGUB02,LEDPAN,1.0
FOJKIA,QUZZES,1.0
FOKWIN,WOSGUI,1.0
FOKWOT,FOKWUZ,1.0
FOKWOT,UHUXIG,1.0
FOKWOT,JUNBOL,0.925000011920929
FOKWUZ,UHUXIG,1.0
FOKWUZ,JUNBOL,0.925000011920929
FONPUV,JUYJIY,0.8624999523162842
FOQNOQ,FOQPAE02,1.0
FOQNOQ,FOQNUW,1.0
FOQNOQ,FOQNUW01,1.0
FOQNOQ,JUTCUY,1.0
FOQNOQ01,FOQNUW,1.0
FOQNOQ01,FOQNUW01,1.0
FOQNOQ01,JUTCUY,1.0
FOQNUW,FOQNUW02,1.0
FOQNUW,FOQNUW01,1.0
FOQNUW,FOQPAE,1.0
FOQNUW,FOQPAE01,1.0
FOQNUW01,FOQNUW02,1.0
FOQNUW01,FOQPAE,1.0
FOQNUW01,FOQPAE01,1.0
FOQNUW01,JUTCUY,1.0
FORWUF,FORWUF02,1.0
FORWUF,FORWUF01,1.0
FORWUF01,FORWUF02,1.0
FOSTOY,GAZZIS03,1.0
FOXQIT,UFEVEH,1.0
FOXQIT,UFEVIL,1.0
FUDGUI,FUDHAP,1.0
FUDGUI,FUDHET,1.0
FUDHAP,FUDHET,1.0
FUFRII,OKILAW,0.7749999761581421
FUFVEJ,LETVUB,1.0
FULQOT,HAWVAE,1.0
FUMJAZ,XEVXUT,1.0
FUMJAZ,FUMJAZ01,1.0
FUMJAZ01,XEVXUT,1.0
FUNVIU,ONUKAL,1.0
FUQJUX,QOMRUH,1.0
FUQJUX,PIZHOX,1.0
FUQJUX,QOMSAO,1.0
FUQJUX,QONLEM,1.0
FURRUG,FURRUG01,1.0
FURSES,XIYCUG,1.0
FURSES,UGOCAW,1.0
FURSES,LIZWEX,1.0
FURSES,PIBBEK,1.0
FUTYOK,NURMUJ,1.0
FUTZAX,NURMUJ,1.0
FUTZIF,NURMUJ,1.0
FUVBAB,NIWYAV,1.0
FUVDEH,FUVDEH09,1.0
FUVDEH,FUVDEH11,1.0
FUVDEH,FUVDEH04,1.0
FUVDEH01,FUVDEH09,1.0
FUVDEH01,FUVDEH11,1.0
FUVDEH01,FUVDEH04,1.0
FUVDEH02,FUVDEH06,1.0
FUVDEH02,IFEPUG07,1.0
FUVDEH03,FUVDEH07,1.0
FUVDEH03,FUVDEH09,1.0
FUVDEH03,FUVDEH11,1.0
FUVDEH03,FUVDEH04,1.0
FUVDEH03,FUVDEH05,1.0
FUVDEH03,FUVDEH08,1.0
FUVDEH03,FUVDEH10,1.0
FUVDEH03,FUVDEH12,1.0
FUVDEH04,FUVDEH09,1.0
FUVDEH04,FUVDEH11,1.0
FUVDEH05,FUVDEH09,1.0
FUVDEH05,FUVDEH11,1.0
FUVDEH08,FUVDEH09,1.0
FUVDEH08,FUVDEH11,1.0
FUVDEH08,FUVDEH10,1.0
FUVDEH08,FUVDEH12,1.0
FUVDEH09,FUVDEH11,1.0
FUVDEH10,FUVDEH11,1.0
FUVDEH10,FUVDEH12,1.0
FUWFIO,LABQOV,1.0
FUWFIO,GULWIU,1.0
FUWFIO,FUWFOU,1.0
FUWFIO,FUWFUA,1.0
FUWFIO,MUQZII,1.0
FUWFOU,LABQOV,1.0
FUWFOU,GULWIU,1.0
FUWFOU,NASGIZ,1.0
FUWFOU,NASGIZ01,1.0
FUWFUA,LABQOV,1.0
FUWFUA,GULWEQ,1.0
FUWFUA,HEDHOP,1.0
FUWFUA,HEDHUV,1.0
GADDOH,GADFAV,1.0
GADDUN,GADFAV,1.0
GAFBEX,NACKOT01,1.0
GAGDAW,XEMNUB,0.9419354796409607
GAGDAW,XEMPAJ,0.9419354796409607
GAGQAI,TEYLIV,1.0
GAGSUF,GAGTOA,1.0
GAGTAM,GAGTOA,1.0
GAGTAM,GAGTEQ,1.0
GAGTEQ,GAGTOA,1.0
GAGWOB,RAKBIO01,1.0
GAGXAO,XAPRIR,1.0
GAGXAO,GUPJEG,1.0
GAGXAO,XAPRIR02,1.0
GAJTOC,GAJVAQ,0.8999999761581421
GAJVIY,PIWLIT,1.0
GAJVIY,IYEXIT,1.0
GAJVIY,PIWLAL,1.0
GAJVIY,VAJNAW,1.0
GAKXUN,PIDVUW,1.0
GAKXUN,VURQIJ,1.0
GAKXUN,UQIWIC,1.0
GALHOS,GALHUY,1.0
GALHOS,GALJAG,1.0
GALHOS,IYUHUG,1.0
GALHUY,GALJAG,1.0
GALJAG,IYUHUG,1.0
GAMTAQ,GAMTOE,1.0
GANBAZ,QIJLAW,1.0
GANBAZ,JAKBIJ,1.0
GANBAZ,GANBUT,1.0
GANBAZ,JAKBOP,1.0
GANBAZ,JAKBOP01,1.0
GANBAZ,JAKBUV,1.0
GANBAZ01,QIJLAW,1.0
GANBAZ01,JAKBIJ,1.0
GANBAZ01,GANBUT,1.0
GANBAZ01,GANBIH,1.0
GANBAZ01,KURHIQ,1.0
GANBED04,GANBED06,1.0
GANBED04,GANBON,1.0
GANBED06,GANBON,1.0
GANBIH,GANBUT,1.0
GANBIH,JAKBOP01,1.0
GANBIH,SABFUX,1.0
GANBUT,QIJLAW,1.0
GANBUT,JAKBIJ,1.0
GANBUT,SABFUX,1.0
GANGEJ,GANHAG01,1.0
GANGEJ,ZOMPAU,1.0
GANGEJ,ZOMPAU01,1.0
GAQYIH,GIMWAB,1.0
GARLOD,YICYUH,1.0
GARQAU,XILTUK,1.0
GARQAU,NUWVEI,1.0
GARQEY,XILTUK,1.0
GARTAX,GICXEY,1.0
GARTIF,GICXOI,1.0
GASSUR,ITAFEQ01,1.0
GASSUR,ITAFEQ,1.0
GATHAL,HOJNUR01,1.0
GATHAL,HOJNUR,1.0
GATHAL,HAZGOF05,1.0
GAVDUD,ZOFDUV,1.0
GAWHOD,LIHRUQ,1.0
GAWHOD,TISLIR,1.0
GAWJEV,WISTID,1.0
GAWMOJ,GISNED,1.0
GAWMOJ,GISMAY,1.0
GAWMOJ,PURJES,1.0
GAWMOJ,PURJIW,1.0
GAWZOW,TEVVAU,1.0
GAWZOW,TEVVEY,1.0
GAWZOW,TEVVIC,1.0
GAXROO,PEFDEK,1.0
GAYFOD,QIJFIB,1.0
GAYFOD,XIRYIJ,1.0
GAYGAQ,XISMUK,1.0
GAYGAQ,QIJFEX,1.0
GAYXEM,GERBEN,1.0
GAYXEM,HERHAQ,1.0
GAZZIS,GIWMAD,1.0
GAZZIS,GAZZIS02,1.0
GAZZIS01,GIWMAD,1.0
GAZZIS01,GAZZIS02,1.0
GAZZIS01,GAZZIS03,1.0
GAZZIS02,GIWMAD,1.0
GAZZIS02,UNIDAY,1.0
GAZZIS03,GIWMAD,1.0
GAZZIS03,UNIDAY,1.0
GEBYOE,TALLAW,1.0
GEDGUU,GEDXOF,1.0
GEDGUU,GEDXIZ,1.0
GEDLEI,PUFWOE,1.0
GEDLEI,PUFVUJ,1.0
GEDQUD,GEDSAL,1.0
GEDQUD,GEDRAK,1.0
GEDRAK,GEDSAL,1.0
GEDXUL,NABVAQ,1.0
GEGGEG,GEGGIK01,1.0
GEGGEG01,GEGGIK01,1.0
GEGGIK01,VULFIT,1.0
GEGGIK01,VULFOZ,1.0
GEHNAI,GEHQOZ,1.0
GEHQAL,GEHQOZ,1.0
GEHQAL,XISXOM,1.0
GEHQAL,XISXIG,1.0
GEHQOZ,XISXOM,1.0
GEHQOZ,XISXIG,1.0
GEJJEL,XESFIL,1.0
GEJJEL,MISQAH,1.0
GEJJEL,GEJJEL02,1.0
GEJJEL02,XESFIL,1.0
GEJJEL02,MISQAH,1.0
GELDUZ,GIKREY,0.8999999761581421
GELDUZ,WAVDUT,1.0
GELDUZ,OGUZIA,1.0
GENMIY,VAMPOR,1.0
GENMIY,ORIWAP,1.0
GERBEN,HERHAQ,1.0
GERBEN,HERHEU,1.0
GERXIN,HERJOG,1.0
GERXIN,RUBLAD03,1.0
GESFEQ,LETFUN,1.0
GESFEQ,SAKDEQ,1.0
GEVMEA,SAJLAT,1.0
GEVMEA,JOSTIU,1.0
GEVMEA,WICGIB,1.0
GEVMEA02,SAJLAT,1.0
GEVMEA02,JOSTIU,1.0
GEVMEA02,WICGIB,1.0
GEVXIQ,NATRAD,1.0
GIDKOU,MULQOA,1.0
GIFFAE,NUVDOY,1.0
GIFFEI,NUVDUE,1.0
GIGGEL,NEVSUF03,1.0
GIGGEL,NEVSUF09,1.0
GIGWID,GIGWID01,1.0
GIKMOD02,LUSZIJ01,1.0
GIKMOD02,LUSZOP,1.0
GIKMOD02,LUSZIJ,1.0
GIKMOD02,HUCBOX,1.0
GIKMOD02,HUCBOX02,1.0
GIKMOD02,KUKMUA,1.0
GIKMOD02,LUSZOP01,1.0
GIKMOD02,LUSZUV,1.0
GIKMOD02,LUTCAF,1.0
GIKMOD03,LUSZIJ,1.0
GIKMOD03,HUCBOX,1.0
GIKMOD03,HUCBOX02,1.0
GIKMOD06,LUSZIJ,1.0
GIKMOD09,LUSZIJ,1.0
GILGAM,KAXJOL,0.8999999761581421
GIMBIN,GIMBIN01,1.0
GIMBIN,GIMBIN02,1.0
GIMGOZ,GIMHAM,1.0
GIMGUF,GIMHAM,1.0
GIMSUS,WEBKIX,1.0
GIMSUS,KEJBOQ,1.0
GINDAL,GINLEX,1.0
GINYIO,GINYOU,0.9678571820259094
GIPCIU,PEBGAH,0.8999999761581421
GIQHAQ,RUXWEM,1.0
GIQHAQ,RUXWEM03,1.0
GIRHIZ,JEFGEH,1.0
GISMAY,PURJES,1.0
GITBUI,NENXIO,0.8999999761581421
GITBUI,OROZUR,1.0
GITTEJ,IMIDZB02,1.0
GITTOT,OBATUJ,1.0
GITWIQ,YESZII,1.0
GITWIQ,YESXIG,1.0
GIYTUE,GIZNOT,1.0
GIYTUE,YIKGEF01,1.0
GIYTUE,YIKGEF,1.0
GIZNOT,YIKGEF01,1.0
GIZNOT,YIKGEF,1.0
GOKKIA,SIWPUL02,1.0
GOQSIQ,IMIDZB02,1.0
GOSDUP,MIFKUJ,1.0
GOSDUP,QEDZEG,1.0
GOXZIE,PARNON,1.0
GOXZIE,XOPLOE,1.0
GOXZIE,PARNIH,1.0
GOXZIE,LEDLEN,1.0
GOYPER,NIHBEM01,1.0
GOYPER,NUDPAE10,1.0
GOYPER,XACLOF,1.0
GOYPER,XACLUL,1.0
GOYPER,XACLUL02,1.0
GUCHUJ,MURCEH,1.0
GUCHUJ,PORVID,1.0
GUCHUJ,VITKOA,1.0
GUCHUJ,YIQSOH,1.0
GUDJOG,GUHPAC,1.0
GUGNON,UYAPOA,1.0
GUGNON,JENKET,1.0
GUGNON,VOLRAQ,1.0
GUGNON,JENKIX,1.0
GUHPAC,GUHPEG,1.0
GUJFIB,OSAXIQ,1.0
GUJTIP,VIQQUJ,1.0
GUKKON,NIRNAD,1.0
GUKKON,XEZRIF,1.0
GUKVAK,GUKVEO,1.0
GUKVAK,RAWZIA,1.0
GUKVEO,RAWZIA,1.0
GUKXEQ,GUKXIU,1.0
GULWEQ,MUQZII,1.0
GULWEQ,GULWOA,1.0
GULWEQ,NASGIZ,1.0
GULWEQ,LABQOV,1.0
GULWEQ,ROCZOA,1.0
GULWIU,MUQZII,1.0
GULWIU,GULWOA,1.0
GULWIU,NASGIZ,1.0
GULWIU,LABQOV,1.0
GULWOA,MUQZII,1.0
GULWOA,NASGIZ,1.0
GULWOA,HEDHOP,1.0
GULWOA,HEDHUV,1.0
GUMHUT,ZANQOW,0.8999999761581421
GUPBEZ01,GUPBEZ02,1.0
GUPBEZ01,IGITOJ,1.0
GUPBEZ01,GUSPUG,1.0
GUPBEZ01,WUZDOL,1.0
GUPBEZ02,IGITOJ,1.0
GUPBEZ02,WUZDOL,1.0
GUPBOJ03,GUPBUP,1.0
GUPCOK01,GUPCOK07,1.0
GUPCOK01,GUPCOK05,1.0
GUPCOK01,GUPCOK03,1.0
GUPCOK03,GUPCOK07,1.0
GUPCOK03,GUPCOK05,1.0
GUPCOK05,GUPCOK07,1.0
GUPJEG,XAPRIR,1.0
GUPJEG,XAPRIR02,1.0
GUPRIU,GUPROA,1.0
GURXIB,GURXIB02,1.0
GURXIB,GURXIB01,1.0
GURXIB01,GURXIB02,1.0
GURXUN,GURXUN01,1.0
GUSNEN01,QALGUH,1.0
GUSNEN01,LURMAO,1.0
GUSNEN01,REZXEA,1.0
GUSNEN01,LURLOB,1.0
GUSPUG,IGITOJ,1.0
GUWFIO,RATCUL01,1.0
GUWFIO,NIKYOW02,1.0
GUXLIU,WOWGEU02,1.0
GUXSIC,XEVHAI,1.0
GUXZIJ,GUYBAE,1.0
GUXZIJ,OVUDAL,1.0
GUXZIJ,OXUPIH,1.0
GUXZIJ,OVUCOY,1.0
GUXZOP,OXUPIH,1.0
GUXZOP,OVUCOY,1.0
GUXZUV,OXUPIH,1.0
GUXZUV,OVUCOY,1.0
GUXZUV,YAYPIZ,1.0
GUXZUV,YAYPOF,1.0
HACVAI,HACVAI01,1.0
HAFDUQ,HAFGUT,1.0
HAFDUQ,HAFFAY,1.0
HAFDUQ,HAFFEC,1.0
HAFFAY,HAFFEC,1.0
HAFQOW,KUNTAQ02,1.0
HAFQOW,SABWAU01,1.0
HAFQOW,HAFQUC,1.0
HAFQOW,SABVOH01,1.0
HAFQOW,SABVUN,1.0
HAFQOW,SABWAU,1.0
HAFQUC,SABWAU01,1.0
HAFQUC,SABVOH01,1.0
HAFWIW,UHUNEQ,1.0
HAGTIV,ZELJIM,1.0
HAGTIV,KOZSOJ,1.0
HAHPIQ,XINLEO,0.8999999761581421
HAHPIQ,NUHFAY,1.0
HAJTEU01,RUGHEI,1.0
HAJVAS,RUGJOU,1.0
HAJVAS01,RUGJOU,1.0
HAJVIA,UXEDUX,1.0
HAJVIA,UXEDEH,1.0
HAJVIA,ISIYUF05,1.0
HAJVIA01,UXEDUX,1.0
HAJVIA01,UXEDEH,1.0
HAJVIA01,ISIYUF05,1.0
HAJVUM,RUGJUA,1.0
HAJVUM,HAJVUM03,1.0
HAJVUM,HAJVUM01,1.0
HAJVUM01,HAJVUM03,1.0
HAJWOH,HAJWOH01,1.0
HAJWOH,LEBZIE,1.0
HAJWOH01,LEBZIE,1.0
HAJXAU,RUGKAH,1.0
HAJXIC,YFORMD03,1.0
HAJXIC,YFORMD02,1.0
HAJXIC,LEBMAJ,1.0
HAJXIC,WIHTIS,1.0
HAJYAV,HALVEY,1.0
HAJYEZ,OKELIB,1.0
HAKCIG,LENRIG,0.8999999761581421
HAKXEX,HAKXEX01,1.0
HAKXEX01,ZIVCEO,0.8999999761581421
HAKYOH,JAHVUJ01,1.0
HAKYOH,JAHVUJ,1.0
HANWAW,TATPOV,0.8999999761581421
HASNUN,WEMDUP,1.0
HASNUN,LEYPAI,1.0
HASNUN,NAVYUG,1.0
HAWFIV,HIBSUG06,1.0
HAWFIV,HIBSUG01,1.0
HAWFIV,HIBSUG04,1.0
HAWFIV,OVAJAX,1.0
HAWVOQ,HAWVOQ03,1.0
HAWVOQ,MAKROG,1.0
HAWVOQ,KEQMAX01,1.0
HAWVOQ01,HAWVOQ03,1.0
HAWVOQ01,MAKROG,1.0
HAWVOQ01,KEQMAX01,1.0
HAWVOQ02,HAWVOQ03,1.0
HAWVOQ03,MAKROG,1.0
HAWVOQ03,KEQMAX01,1.0
HAWVOQ04,MAKROG,1.0
HAWVOQ04,KEQMAX01,1.0
HAWVOQ04,KEQMAX,1.0
HAWVOQ04,KEQMAX03,1.0
HAWVOQ05,MAKROG,1.0
HAWVOQ05,KEQMAX01,1.0
HAWVOQ05,KEQMAX,1.0
HAWVOQ05,KEQMAX03,1.0
HAWVUY,RATRUB,1.0
HAWVUY,HOXKOV,1.0
HAWWAF,RATSAI,1.0
HAWZEK01,XELHUS,1.0
HAWZEM,VOJPUG01,1.0
HAWZEM,NIHDEQ,1.0
HAXZIQ,QUQGEP,1.0
HAXZIQ,INESIE,1.0
HAXZIQ,VOWCIV,1.0
HAYQAC,HAYSUY,0.8999999761581421
HAZGOF,HAZGOF17,1.0
HAZGOF03,HAZGOF17,1.0
HAZGOF04,HAZGOF17,1.0
HAZGOF05,HAZGOF17,1.0
HAZGOF06,HAZGOF17,1.0
HAZGOF16,HAZGOF17,1.0
HAZGOF16,HOJNUR,1.0
HAZGOF16,HOJPAZ,1.0
HAZGOF16,TAJTAC,1.0
HAZNON,HAZPIJ01,1.0
HAZNON,HAZPAB,1.0
HAZNON,HAZPOP,1.0
HEBKAC,UFAQOK,1.0
HEBKAC,UFAQEA,1.0
HEDHOP,ROCZOA,1.0
HEDHUV,ROCZOA,1.0
HEDHUV,NASGIZ,1.0
HEDHUV,NASGIZ01,1.0
HEFSUJ,ZIWRIJ,1.0
HEFSUJ,ZIZTOT,1.0
HEHVOI,YICQOS01,1.0
HEJQAR,HEJQUL,1.0
HEJQAR,HEJRAS,1.0
HEJQAR,QUNMOC,1.0
HEJRAS,QUNMOC,1.0
HEKTUO,IYAZAL,1.0
HEKTUO,NOLRIR,1.0
HEKTUO,QEKLID,1.0
HEKTUO01,NOLRIR,1.0
HEKTUO01,QEKLID,1.0
HELCUY,PANYOU,1.0
HELNAQ,MAPGOC,1.0
HELNAQ,VALVAI,1.0
HELNAQ,KIKMAV,1.0
HELNEU,NOFZEO,1.0
HELNIY,YIXFIW,1.0
HEMZOR,OJOQEJ,1.0
HEMZOR,HEMZUX,1.0
HEMZOR,UXOWIO,1.0
HEMZOR,UXOWOU,1.0
HEMZUX,OJOQEJ,1.0
HEMZUX,OJOQEJ01,1.0
HEMZUX,OJOQEJ02,1.0
HEMZUX,UXOWIO,1.0
HEMZUX,UXOWOU,1.0
HENSEB01,VUKSEB,1.0
HERHAQ,HERHEU,1.0
HERHUK,NIHGET,1.0
HERHUK,HERHUK02,1.0
HERJOG,RUBLAD03,1.0
HERJOG,SELKUS,1.0
HEWPIJ01,TEVZIE,1.0
HEWPIJ01,TESGOO,1.0
HEWPIJ01,RATDAS01,1.0
HEWPIJ01,YANXIX04,1.0
HIBGEF,JEBGIJ,1.0
HIBGEF,XAXBEF,1.0
HIBSUG,HIBSUG01,1.0
HIBSUG,HIBSUG04,1.0
HIBSUG,HIBSUG02,1.0
HIBSUG,HIBSUG03,1.0
HIBSUG01,HIBSUG04,1.0
HIBSUG02,HIBSUG04,1.0
HIBSUG03,HIBSUG04,1.0
HIBSUG04,OVAJAX,1.0
HICNIT,HICNUF,1.0
HICNIT,HICNOZ,1.0
HIFMEP,PUKJIO,1.0
HIFVOI,IMIDZB07,1.0
HIFVUO,IMIDZB07,1.0
HIFVUO01,IMIDZB07,1.0
HIFZAY,WILGEE,0.8999999761581421
HIHGUC,WIVRIE,1.0
HIHGUC,TACJIS,1.0
HILKAP01,REMJOJ,0.8999999761581421
HIQJOI,PEDMER,0.8999999761581421
HIQJOI,IZUKEV,1.0
HIQJOI,RIFYAI,1.0
HIQJOI,HIQKAV,1.0
HIQJOI,HIQKEZ,1.0
HIQKAV,IZUKEV,1.0
HIQKAV,RIFYAI,1.0
HIQKEZ,IZUKEV,1.0
HIQKEZ,RIFYAI,1.0
HIQKOJ,PETWOC,1.0
HIQKOJ,ZUXPOZ,1.0
HIQKOJ,KOVJAI,1.0
HIQNOM,HIQNUS,1.0
HIQNOM,XUKHUI,1.0
HIQNUS,XUKHUI,1.0
HIQPEE,MIGVED,1.0
HISHUO,XEKCAT01,1.0
HISHUO,XEKCAT,1.0
HISJEA,MOYMET,1.0
HISTEK,HISTIO,0.8999999761581421
HISTEK,WENKOR,0.9470588564872742
HIVQAG,KAFQAL,1.0
HIVQAG,IVEMIH01,1.0
HIVQAG,IVEMED,1.0
HIVQAG,OTIQEP,1.0
HIVQAG,UMABOB,1.0
HIXWIU,XUBMEN,1.0
HIXWIU,UPIXUN,1.0
HIXWIU,HIXWIU01,1.0
HIXWIU01,XUBMEN,1.0
HIXWIU01,REGLIA,1.0
HIXWIU01,REGLOG,1.0
HIXWIU01,UPIXUN,1.0
HIXWIU01,UPIXUN01,1.0
HIYZEV01,ZOYKAB,1.0
HIYZEV01,ZOZKAC,1.0
HIZQEN01,HIZQOX,1.0
HOFSUS,IQEKUM,1.0
HOFSUS,RUVMAX,1.0
HOGJIX,UBIBUF,1.0
HOJNUR,HOJPAZ,1.0
HOKLIE,HOKLOK,1.0
HOKMUR,RAMSAC,1.0
HOKMUR,SIVGIP,1.0
HOKMUR,RAMRUV,1.0
HOPHUP,LIWFUS,1.0
HOPHUP,ODELOZ,1.0
HOQGAX,SISBAZ,1.0
HORHAX01,HORHAX03,1.0
HORHAX01,HORHAX02,1.0
HORHAX02,HORHAX03,1.0
HORHEC,HORHIG,1.0
HOSPEL,PIZHOX,1.0
HOWPEQ,HOWPOA,1.0
HOWRUI,HOWSAP,1.0
HOYQIX,IPUPOA,1.0
HOZDIL,HOZDOR,1.0
HOZWUQ,RAPBIT,1.0
HOZWUQ,RAPBEP01,1.0
HOZWUQ,NAHBAC,1.0
HOZWUQ,RAPBEP,1.0
HUBHES,HUWWEC,1.0
HUCBOX,LUSZOP01,1.0
HUCBOX,LUSZIJ,1.0
HUCBOX,LUSZUV,1.0
HUCBOX,LUTCAF,1.0
HUCBOX02,LUSZOP01,1.0
HUCFAO,KAWBOB,1.0
HUCXEK,ZAXSAV,1.0
HUFHIB,HUFJAV,1.0
HUFHIB,TAMHUM,1.0
HUFHIB,HUFJEZ,1.0
HUFHOH,TAMHUM,1.0
HUFHOH,HUFJEZ,1.0
HUFHUN,TAMHUM,1.0
HUFHUN,HUFJEZ,1.0
HUFHUN,HUFJID,1.0
HUFJEZ,TAMHUM,1.0
HUFJID,TAMHUM,1.0
HUFYIS,SUCCUR,1.0
HUKZOE,HUKZUK,0.8999999761581421
HUPTOB,SIYGOZ,1.0
HURGUX01,TUXNEF,1.0
HUTZAX01,POMXIA,1.0
HUTZAX01,WUHNUK,1.0
HUTZAX01,POKZIA,1.0
HUWHIQ,POVXII,1.0
HUWHIQ,QOTWON,1.0
HUWZIK,KAVSIL,1.0
HUWZIK,ICEGED,1.0
HUYXUV,WIZSOP,1.0
HUYXUV,PAPKAV,1.0
HUYXUV,VUMCIQ,1.0
HUZJIW,OGUPIQ,1.0
HUZJIW,UFUKUB01,1.0
HUZJIW,UFUKUB02,1.0
IBEYIY,SAQQIL,1.0
IBOTEY,IBOTIC,1.0
IBOTEY,IXEDOE,1.0
IBOTIC,IXEDOE,1.0
ICAGOK,KAGJOS,1.0
ICAWAM,SUVMAZ,1.0
ICEGED,KAVSIL,1.0
ICOWON,JOSNAG,1.0
ICOWON,JOSNAG01,1.0
IDAJAZ,IDAJAZ01,1.0
IDAXIW,QOTFAH,1.0
IDEDAY,ZEDRAD,0.8999999761581421
IDIWOH02,IDIWOH06,1.0
IDIWOH02,WIHWIU,1.0
IDIWOH02,IXOFIL,1.0
IDIWOH03,IDIWOH06,1.0
IDIWOH03,WIHWIU,1.0
IDIWOH03,XAVDEF,1.0
IDIWOH05,IDIWOH06,1.0
IDIWOH05,WIHWIU,1.0
IDIWOH05,JUMCOL,1.0
IDIWOH05,JUMCUR,1.0
IDIWOH05,JUMDAY,1.0
IDIWOH05,XAVDEF,1.0
IDIWOH06,WIHWIU,1.0
IDIWOH06,JUMCOL,1.0
IDIWOH06,JUMCUR,1.0
IDIWOH06,JUMDAY,1.0
IDIWUN,PIWLAL,1.0
IDOBUB,OYIVOI,1.0
IDUSIM,IDUTIN,1.0
IDUSIM,UNABUH01,1.0
IDUSIM,IDUSIM02,1.0
IDUSIM,SOZHOG,1.0
IDUSIM01,IDUTEJ,1.0
IDUSIM01,IDUSIM02,1.0
IDUSIM01,IDUTAF,1.0
IDUSIM01,SOZHOG,1.0
IFEKUA,IFELAH,1.0
IFEPUG02,IFEQER,1.0
IFEPUG02,IFEPUG03,1.0
IFEPUG02,IFEQAN,1.0
IFEPUG03,IFEQER,1.0
IFEQAN,IFEQER,1.0
IFOQAV,IFOQAV01,1.0
IGAHED,OCACUR,1.0
IGAHED,UGECEO01,1.0
IGAHED,KUHNEI,1.0
IGAHED,SACMOA,1.0
IGAHED,UGECEO,1.0
IGAHED,UGECEO03,1.0
IGAHED02,OCACUR,1.0
IGAHED02,UGECEO01,1.0
IGAHED02,KUHNEI,1.0
IGAHED02,SACMOA,1.0
IGAHED02,WINCEC,1.0
IGAHED03,OCACUR,1.0
IGAHED03,UGECEO01,1.0
IGAHED03,KUHNEI,1.0
IGAHED03,QUTTII01,1.0
IGETUL,OMUMEQ,1.0
IGINIX,KIYQIU,1.0
IGITOJ,WUZDOL,1.0
IGIZOP,MAXJAY,0.8999999761581421
IGONUP,YICCOE,1.0
IGONUP,VIRJIQ,1.0
IGONUP02,VIRJIQ,1.0
IGOPAX,VIRJIQ,1.0
IGOPEB,VIRJIQ,1.0
IGUTUB,IGUVIR,1.0
IGUTUB,IGUTUB01,1.0
IGUTUB,IGUVAJ,1.0
IGUTUB,IGUVAJ01,1.0
IGUTUB,IGUVIR01,1.0
IGUTUB01,IGUVIR,1.0
IGUVAJ,IGUVIR,1.0
IGUVAJ01,IGUVIR,1.0
IGUVAJ01,IGUVIR01,1.0
IHILUI,RANZAI,1.0
IHILUI,ZIMSEV,1.0
IHILUI,ZIMSIZ,1.0
IHOSUV,OQUSEA,1.0
IHOSUV,IHOTEG,1.0
IHOTEG,OQUSEA,1.0
IJASES,KINFAQ,1.0
IJASES,KINFEU,1.0
IJATUI,SONTEV,1.0
IJATUI,RUSSUU,1.0
IJENER,MUDTIP,0.8999999761581421
IJEVIE,XUVQOW,1.0
IJEVIE,XUVQIQ,1.0
IJEXIF,NURMUJ,1.0
IJEYEC,LETHAU,1.0
IJEYON,WUZQOZ,1.0
IJEYON,OGUJIL,1.0
IJOVEJ,NOCLOH02,1.0
IJOVEJ,KIZQAO,1.0
IJOVEJ,NOCLOH01,1.0
IJOVEJ01,NOCLOH02,1.0
IJOVEJ01,KIZQAO,1.0
IJOVEJ01,NOCLOH01,1.0
IJOVEJ01,SEVROC,1.0
IJUKIJ,WEHHEZ,1.0
IJUKIJ,ZOZXAP,1.0
IJUKIJ,ZOZWUI,1.0
IJUSUD,MELJET02,1.0
IJUSUD,MELJET,1.0
ILECIN,WOSMUO01,1.0
ILOWAI,JUMZIC,1.0
IMACND,NDAIAH,1.0
IMIDZB04,VEJYUF,1.0
IMIDZB04,KUMXEW,1.0
IMIDZB04,VEJYUF01,1.0
IMIDZB04,VEJYEP,1.0
IMIDZB04,VEJYIT,1.0
IMIDZB04,VEJYIT01,1.0
IMIDZB04,VEJYOZ,1.0
IMIDZB04,VEJYUF09,1.0
IMIDZB07,VEJYUF,1.0
IMIDZB07,KUMXEW,1.0
IMIDZB07,VEJYUF01,1.0
IMIDZB11,KUMXAS,1.0
IMIDZB11,VEJYUF,1.0
IMIDZB11,VEJYUF01,1.0
IMIDZB13,KUMXAS,1.0
IMIDZB13,VEJYUF,1.0
IMIDZB13,VEJYUF01,1.0
IMIRUS,IMISON,1.0
IMIRUS,IMISAZ,1.0
IMISAZ,IMISON,1.0
IMUTUG,TIKXAN,1.0
IMUVAO,TIKXAN,1.0
IMZYCO01,OWIGOR,1.0
IMZYCO01,SIWHOY,1.0
INESIE,VOWCIV,1.0
INICPB,POCMEA,1.0
INICPB,INICPB02,1.0
INICPB01,POCMEA,1.0
INICPB01,INICPB02,1.0
INICPB02,POCMEA,1.0
INOBOD,PEFREZ,1.0
INOBOD,NIRMUW,1.0
INOMIJ,INOMOP,1.0
INOMOP,OZAVES,1.0
IPEBIQ,ZISYAD,1.0
IPOWOA,VUNMOI,1.0
IPOWOA,VUNNID,1.0
IPOWOA,VUNNEZ,1.0
IPOWOA,PASNEE,1.0
IPUPIU,IPUPOA,1.0
IQEKUM,RUVMAX,1.0
IQISEH,ORIWET,1.0
IQISEH,OZULAY,1.0
IQISEH,QUJJUB01,1.0
IRISAD,UTADOK,1.0
IRISAD01,UTADOK,1.0
ISAYUW,OMATED,1.0
ISAYUW,UGOSOY,1.0
ISIKIF,ISILEC,1.0
ISITUZ01,XIKGEG03,1.0
ISITUZ01,XIKGEG02,1.0
ISIYUF,ISIYUF01,1.0
ISIYUF,UXEDUX,1.0
ISIYUF,ISIYUF02,1.0
ISIYUF,ISIYUF05,1.0
ISIYUF01,UXEDUX,1.0
ISIYUF01,UXEDEH,1.0
ISIYUF01,UXEDIL,1.0
ISIYUF02,UXEDUX,1.0
ISIYUF02,UXEDEH,1.0
ISIYUF02,UXEDIL,1.0
ISIYUF05,UXEDUX,1.0
ISOJOQ,NODKAT,1.0
ISUCUV,REZXOK,1.0
ITETEH,OZUBOC,1.0
ITETEH,SIYXIH10,1.0
ITETEH,SIYXIH,1.0
ITIPAE,YUKVUW01,1.0
ITIPAE,TESGUU,1.0
ITIWAK,OKIYAJ01,1.0
ITIWAK,SAHYAD02,1.0
ITIWAK,OKITIM01,1.0
ITIWEO,OKIYAJ01,1.0
ITIWEO,SAHYAD02,1.0
ITIWEO,OKITIM01,1.0
ITIWIS,OKIYAJ01,1.0
ITIWIS,SAHYAD02,1.0
ITIWIS,OKITIM01,1.0
ITIWOY,OKIYAJ01,1.0
ITIWOY,SAHYAD02,1.0
ITIWOY,OKITIM01,1.0
ITIWUE,OKIYAJ01,1.0
ITIXAM,OSADIX,1.0
ITIXAM,YINCIJ,0.9217391610145569
IVEMED,YAQCEY,1.0
IVEMED,IVEMIH01,1.0
IVEMIH01,YAQCEY,1.0
IVEMIH01,OTIQEP,1.0
IVOLEM,UTUNED,1.0
IWEQAD,NEFTOJ,1.0
IWEQAD,LECFEG,1.0
IWEQAD,OHAGOV,1.0
IWEQAD,OHAGOV01,1.0
IWEQOR,UVETUL,1.0
IWEQOR,UVEVAT,1.0
IWEQOR,UVEVEX,1.0
IXACOZ,IXACOZ01,1.0
IXACOZ,IXACOZ02,1.0
IXACOZ01,IXACOZ02,1.0
IXETEM,OFOJAX,0.949999988079071
IXEZES,WUZYUM,1.0
IXIQIQ,XAGPON,1.0
IXIQIQ,YUBGIN,1.0
IXISAJ,IXISOX,1.0
IXISIT02,YIXFOC,1.0
IXISIT02,WOZDEW,1.0
IXISIT02,WECSAZ01,1.0
IXISIT02,IXISOZ02,1.0
IXISIT02,SIKYER,1.0
IXISOZ02,WOZDEW,1.0
IXISOZ02,WECSAZ01,1.0
IXISOZ02,SIKYER,1.0
IXISOZ02,ZEDVIP,1.0
IXOFIL,PEPLIG,1.0
IXOFIL,WIHWIU,1.0
IXUQOJ,YAJNEF,1.0
IXUQOJ,QATLEE,1.0
IYEXEP,MIMRAB01,1.0
IYEXEP,MIMRAB,1.0
IYOQIY,NAHHAI,1.0
IYOVIC,LEHROH,1.0
IYOVIC,IYOVUO,1.0
IYUQAV,IYUQID,1.0
IYUQAV,ZEYJIZ,1.0
IYUQID,ZEYJIZ,1.0
IZAVUA,IZAVUA01,1.0
IZEPAF,OCUNAC,1.0
IZEPAF,LURMAO,1.0
IZEPAF,MINVUA02,1.0
IZEPAF,QALGUH,1.0
IZEWAN,QEHYOU,0.918181836605072
IZIDIG01,NIKYOW01,1.0
IZIDIG01,NUDNUW,1.0
IZUKEV,RIFYAI,1.0
JACJIH,LAJDUV01,1.0
JACJIH,LAJDUV02,1.0
JAFQIT,ODOMIF,1.0
JAFQIT,PEFWAB,1.0
JAFQIT,NAXTAI,1.0
JAHVUJ,JAHVUJ01,1.0
JAKBIJ,KURHIQ,1.0
JAKBOP,KURHIQ,1.0
JAKBOP,SABFUX,1.0
JAKBOP01,KURHIQ,1.0
JAKBOP01,SABFUX,1.0
JAKBUV,KURHIQ,1.0
JAKBUV,QIJLAW,1.0
JALLEQ,KEPGAN,1.0
JARMEU,JARMEU10,1.0
JASMOG,PAMHES,1.0
JASMOG,PAMHES01,1.0
JAWKIE,ZUMNAY,1.0
JAWKIE,VEVFAF,1.0
JAXNUU,QONKOV,1.0
JEBBOK,YUKVUW01,1.0
JEBBOK,TESGOO,1.0
JEDDII,LEKNUN,1.0
JEDKIP,SIWPUL02,1.0
JEDKIP01,SIWPUL02,1.0
JEDVIA,RIFDUG01,1.0
JEDVUM,PUNYED,1.0
JEDVUM,TIVYAZ,1.0
JEDVUM,VEMTAJ01,1.0
JEGCAA01,REFVEF,1.0
JEGCAA01,TEQVIW,1.0
JEGCAA01,PIFXOU,1.0
JENKET,PUWDOA,1.0
JENKET,VOLRAQ,1.0
JENKET,JENKIX,1.0
JENKIX,VOLRAQ,1.0
JETVOW,QEHYEK,1.0
JETVUC,QEHYEK,1.0
JETVUC,QEHZIP,1.0
JETVUC,QEHYOU,1.0
JETVUC,QEJBEP,1.0
JETZAK,KIFKEQ,1.0
JEXWOZ,SIWPUL,1.0
JEXWOZ01,SIWPUL,1.0
JEXWOZ02,SIWPUL,1.0
JEXWOZ03,SIWPUL,1.0
JEXWOZ04,SIWPUL,1.0
JEXWOZ05,SIWPUL,1.0
JEXXAM,JEXXAM06,1.0
JEXXAM,NIFORM01,1.0
JEXXAM,NIFORM02,1.0
JEXXAM,ZIGLOT,1.0
JEXXAM02,JEXXAM06,1.0
JEXXAM02,NIFORM01,1.0
JEXXAM04,JEXXAM06,1.0
JEXXAM04,NIFORM01,1.0
JEXXAM05,JEXXAM06,1.0
JEXXAM05,NIFORM01,1.0
JEXXAM06,NIFORM01,1.0
JEXXAM06,NIFORM02,1.0
JICYIG,MIQSAJ,1.0
JICYIG,XANLOP,1.0
JICYIG,VOLPAP,1.0
JIFGAJ,OGAFUA,0.9379310607910156
JIGQOI,SEGJOG,1.0
JISVAJ,SEFPUP,1.0
JISVAJ,ZEZQIG,1.0
JITQOT,LIRTEM,1.0
JIXWUJ,SIWPUL,1.0
JIYKAG,JIYKIO,1.0
JIYKAG,JIYKOU,1.0
JIYKIO,JIYKOU,1.0
JIYPAL,NAWXER,0.8999999761581421
JIZWIA,MILQIJ,1.0
JIZWIA,KUNTAQ,1.0
JIZWIA,SABVUN01,1.0
JIZWIA,KUNTAQ03,1.0
JOBKOC,JOBKUI,1.0
JODGAM,ODIZOQ,1.0
JODGAM,ODIZOQ01,1.0
JOFDOZ01,UTEXUN,1.0
JOGHEU,LUYZAH,1.0
JOGHIY,MOWQOF,1.0
JOJHUM01,JOJHUM02,1.0
JOJKOK,UPOZAB,1.0
JONKEE,URUZEO,1.0
JONKEE,KOMGAV,1.0
JORDAX,MOSBIG,1.0
JORDAX,XOKJUD,1.0
JORQOY,MIVWEU,1.0
JORQOY,YEVQUM,1.0
JORQOY,YEYVOO,1.0
JOSNAG01,NEZMEM,0.925000011920929
JOSTIU,WICGIB,1.0
JOVYAW,KEFBEE,1.0
JOVYAW,KEFBII,1.0
JOVYAW,KEFBOO,1.0
JOYHOW,KIKBEN,1.0
JUGMUV,XUYDIF,0.918181836605072
JUJMIM,JUJMOS,1.0
JUJMOS,JUJMUY,1.0
JUKVEQ01,VACFUB,1.0
JUKVEQ01,VACFUB01,1.0
JUKVEQ01,REDYEG,1.0
JUMCOL,WIHWIU,1.0
JUMCOL,PEPLEC,1.0
JUMCOL,PEPLIG,1.0
JUMCOL,PEPLOM,1.0
JUMCOL,POWYEH,1.0
JUMCUR,WIHWIU,1.0
JUMCUR,PEPLEC,1.0
JUMCUR,PEPLIG,1.0
JUMCUR,PEPLOM,1.0
JUMCUR,POWYEH,1.0
JUMDAY,WIHWIU,1.0
JUPFOP,XAZFEJ,1.0
JUPFOP,ZIWTII,1.0
JUPFOP,OTIXAS,1.0
JUPFOP,OTIWOF,1.0
JUQSIZ,YILKAH,1.0
JUSKEP,JUSKIT,1.0
JUVWUU,PEFWAB,1.0
JUVWUU,NAXTAI,1.0
JUVWUU,MINFIB,1.0
JUVWUU,PEFWEF,1.0
JUXZIN,MUXVIM,1.0
JUXZUZ,JUYBAI,1.0
JUYBAI,WOWBER,1.0
KABNIL,YIQSOH,1.0
KABNIL,MEMGAN,1.0
KABNIL,XOJZEC,1.0
KABNIL,PORVID,1.0
KAHMOW,PUQXUV,1.0
KAHWOG,UHISEK,1.0
KAHWOG,LEPLAV,1.0
KAHWOG,OPENUT,1.0
KAKCEH02,NALWOO,1.0
KAKCEH02,WOQRUR,1.0
KALXUT,MOLQEL,1.0
KALXUT,TEYHIR,1.0
KALXUT,SITCUW,1.0
KALYIH,PAMQEB,1.0
KALYIH,UTEFOP,1.0
KAVRIK,WOSMUO01,1.0
KAVROQ,TEVZEA,1.0
KAVROQ,YUKVUW01,1.0
KAVROQ,TESGOO,1.0
KAWNED,KAWPOP,1.0
KAWPOP,KAWPUV,1.0
KAXJOL,KAXJUR,1.0
KAYBAO,XEVGOV,1.0
KAYBAO,PEXTES,1.0
KAYBAP,WUKFAL,0.8999999761581421
KAYBAP,KAYBET,1.0
KDGLUC01,RUQSAX,1.0
KEBDIG,YOYPUZ,1.0
KEBDIG,YOYPOT,1.0
KEBDIG,YOYQAG,1.0
KEBDIG,YOYPIN,1.0
KEDJAG11,KEDJAG15,1.0
KEDJAG11,KEDJAG21,1.0
KEDJAG11,KEDJAG19,1.0
KEDJAG13,KEDJAG15,1.0
KEDJAG13,KEDJAG17,1.0
KEDJAG13,KEDJAG25,1.0
KEDJAG13,KEDJAG27,1.0
KEDZIF,VAKLIF,1.0
KEFBEE,KEFBII,1.0
KEFBEE,KEFBOO,1.0
KEFBII,KEFBOO,1.0
KEHDOS,WEJWAL,1.0
KEHGEL,KEHGIP,0.8999999761581421
KEHWAY,KEHWEC,1.0
KEHWAY,KEHWAY03,1.0
KEHWAY,KEHWAY01,1.0
KEHWAY,KEHWAY02,1.0
KEHWAY01,KEHWEC,1.0
KEHWAY01,KEHWAY03,1.0
KEHWAY02,KEHWEC,1.0
KEHWAY02,KEHWAY03,1.0
KEHWAY03,KEHWEC,1.0
KEJBOQ,WEBKIX,1.0
KEJWAY,VEDFER,1.0
KELJAN,LETDOE,1.0
KELJER,LETDOE,1.0
KELJER,QALHES,1.0
KENKOE,WEVYEE,1.0
KENSEE03,KEPFIX04,1.0
KENSEE03,KEPFIX,1.0
KENSEE03,KENSEE04,1.0
KENSEE03,KENSEE05,1.0
KENSEE03,KEPFIX03,1.0
KENSEE04,KEPFIX,1.0
KENSEE05,KEPFIX,1.0
KENSEE05,KEPFIX03,1.0
KENTEF04,KENVIL,1.0
KENTEF04,KENTEF05,1.0
KENTEF04,KENVOR01,1.0
KENTEF04,KENVIL02,1.0
KENTEF05,KENVIL,1.0
KENTEF05,KENVOR01,1.0
KENTEF05,KENVIL02,1.0
KENVIL,KENVOR01,1.0
KENVIL02,KENVOR01,1.0
KENXUZ,KEPMUQ,1.0
KENXUZ,KEPMUQ01,1.0
KENXUZ,KEPNAX06,1.0
KENYAG,KEPMUQ01,1.0
KENYAG,KEPNAX06,1.0
KENYEK,KEPMUQ01,1.0
KENYEK,KEPNAX06,1.0
KENYIO,KEPMUQ01,1.0
KENYIO,KEPNAX06,1.0
KEPKEY,XEXPUN,1.0
KEPMUQ01,KEPNAX03,1.0
KEPMUQ01,KEPNAX06,1.0
KEPMUQ02,KEPNAX03,1.0
KEPMUQ02,KEPNAX06,1.0
KEPNAX02,KEPNAX03,1.0
KEPNAX02,KEPNAX06,1.0
KEPNAX02,KEPNAX05,1.0
KEPNAX03,KEPNAX06,1.0
KEPNAX05,KEPNAX06,1.0
KEQMAX,KEQMAX01,1.0
KEQMAX,KEQMAX03,1.0
KEQMAX03,MAKROG,1.0
KEQNOK,QITYOI,0.925000011920929
KERGUM01,KERHEX01,1.0
KERGUM01,KERHAT01,1.0
KESFUM,UXIQOJ,1.0
KEVBIY,KEVCEV,1.0
KEVBIY,KEVBOE,1.0
KEVBIY,KEVBUK01,1.0
KEVBOE,KEVCEV,1.0
KEVBUK01,KEVCEV,1.0
KEVKAA,TIHROU,0.8999999761581421
KEVLEE,VEJYUV06,1.0
KEWZET,LIQFIC,1.0
KEYROX,RAMRUV,1.0
KEYROX,SIVGIP,1.0
KEYROX,TEBSAW,1.0
KEYZOF,TORXOP01,1.0
KEYZOF,TUFPOB,1.0
KEYZUL,TORXOP01,1.0
KEYZUL,TUFPOB,1.0
KEZBAU,TORXOP01,1.0
KEZBAU,TUFPOB,1.0
KEZGII,UNUNEY,1.0
KEZLIN,MIRGIG,1.0
KEZLIN,LUWNAU,0.9142857193946838
KEZLIN,UMIZEX,0.9142857193946838
KHOXAL03,KHOXAL12,1.0
KIBYAW,KIBYEA,1.0
KIHTOL,KIHTOL01,1.0
KIHXUX,WAWGOQ,0.8999999761581421
KIJVOR,XIFHIF,1.0
KIKMAV,VUDQOB,1.0
KIKMAV,VALVAI,1.0
KIKRAA,PEKZIP,1.0
KIPZAM,KIPZIU,1.0
KIRKIH,RECJAM,0.9035714268684387
KIVZAR,OJOQEJ01,1.0
KIVZAR,OJOQEJ02,1.0
KIXXOG01,XINPOC,1.0
KIYZID,KIYZID01,1.0
KIYZID,KIZBEC01,1.0
KIYZID,KIYZID03,1.0
KIYZID01,KIZBEC01,1.0
KIYZID01,KIYZID03,1.0
KIYZID03,KIZBEC01,1.0
KIZQAO,NOCLOH02,1.0
KIZQAO,SEVROC,1.0
KOCDOX,SATRIP,1.0
KOCDOX,WEMDID,1.0
KODKIZ,PASNAA01,1.0
KODKIZ,PASNAA,1.0
KOKCUJ,XEHGIC,1.0
KOKCUJ,XEHGUO,1.0
KOKCUJ,KOKDAQ,1.0
KOKCUJ,XEHGOI,1.0
KOKDAQ,XEHGUO,1.0
KOLWUE,YELYOE,1.0
KOLWUE,UFARUP,1.0
KOMGAV,WELTUD,1.0
KOMGAV,URUZAK,1.0
KORMOV,KORMUB,1.0
KORMOV,QOKBUO,0.9333333373069763
KORMUB,QOKBUO,0.9333333373069763
KOSGEG,KOTDII,1.0
KOSGEG,KOSGOQ,1.0
KOSGOQ,KOTDII,1.0
KOSGUW,KOTDOO,1.0
KOSJAF,KOSKIO01,1.0
KOSJAF,SICRUU,1.0
KOSJAF,KOSJIN,1.0
KOSJEJ,SICRUU,1.0
KOSJEJ,KOSJIN,1.0
KOSJEJ,KOSJOT,1.0
KOSJEJ,KOSJUZ,1.0
KOSJIN,SICRUU,1.0
KOSJOT,SICRUU,1.0
KOSJUZ,SICRUU,1.0
KOSLIP,KOSLOV,1.0
KOTBOM,KOTBUS,1.0
KOVJAI,ZUXPOZ,1.0
KOZNEU,MIBQAR12,1.0
KOZNEU,MIBQAR14,1.0
KOZNEU,MIBQAR05,1.0
KOZSOJ,ZELJIM,1.0
KUFBEU,KULPUD,1.0
KUFBEU,MIZQOB,1.0
KUHNEI,UGECEO01,1.0
KUHVOZ01,VAQTAK,1.0
KUHVOZ01,SAKDAM01,1.0
KUJMIN,QISNEN,1.0
KUJMIN,QISNAJ,1.0
KUJMIN,MITSUE,1.0
KUKMUA,LUSZUV,1.0
KUKPOX,QUJLAK01,1.0
KUKPOX,QUJLAK02,1.0
KULPUD,MIZQOB,1.0
KUMXAS,KUMXEW,1.0
KUNMUD,WUNVEH,1.0
KUNMUD,WUNVAD,1.0
KUNMUD,SAHYAD01,1.0
KUNTAQ,SABVUN01,1.0
KUNTAQ02,SABWAU,1.0
KUQWIE,XOVYUD,1.0
KURHIQ,SABFUX,1.0
KUXREC,POJTUE,1.0
LABNIN,LABPUB,1.0
LABZIA,XOLSOI,1.0
LABZIA,LACDUR,1.0
LABZIA,LACJEH,1.0
LABZIA,YEKXET,1.0
LACDUR,XOLSOI,1.0
LACFUS,RUBZIY02,1.0
LACFUS,LONHON,1.0
LACFUS,LIPZES,1.0
LACFUS,RUBZIY,1.0
LACJEH,XOLSOI,1.0
LACYOE,LACYUK,1.0
LADQEP,PIBGAK,1.0
LADQUF,XUDNAN,1.0
LAGHIL,QESBAR01,1.0
LAGHIL,XIPCEF,1.0
LAGHIL,WIQRUL,1.0
LAGHIL,QESBAR,1.0
LAGWEX,VAKLIF,1.0
LAGWUN,WUDXAV,1.0
LAGWUN,SAVMAE,1.0
LAJTAR,MUHQAH,1.0
LAMSOJ,XUMBEN,1.0
LAMSOJ,WEMDID,1.0
LANCIO,WAVFOP,0.8999999761581421
LANCIO,QISJEJ,1.0
LAPLEW,LAPMIB,1.0
LAPLEW,LAPMAT,1.0
LAPLEW,LAPNAU,1.0
LAPLEW01,LAPMAT,1.0
LAPLEW01,LAPNAU,1.0
LAPLOG01,LAPMAT,1.0
LAPLOG01,LAPNAU,1.0
LAPLUM,LAPMIB,1.0
LAPLUM,LAPMEX,1.0
LAPMAT,LAPNAU,1.0
LAPMUN,LAPNAU,1.0
LAPMUN,LAPNUO,1.0
LAPMUN,LAPPAW,1.0
LAQJUI,LAQKAP,1.0
LARBOW,LARBOW01,1.0
LARPEC,RIGTIL,1.0
LARPEC,LIKFOB,1.0
LARPEC,YUJCOX,1.0
LARPOL,NINVAI,1.0
LARPOL,ZOHFUZ,1.0
LARPOL,WUCRUH,1.0
LARYEK,YIXFOC,1.0
LARYEK,WOZDEW,1.0
LARYEK,WECSAZ01,1.0
LARYEK03,YIXFOC,1.0
LARYEK03,WOZDEW,1.0
LARYEK03,WECSAZ01,1.0
LARYIO,LARYIO01,1.0
LARYOU,ZEDWAI,1.0
LARYOU,YIXFUI,1.0
LASMAV,VEDFOB,1.0
LASMAV,VEDGAO,1.0
LASMID,SOWCOY01,1.0
LASMID,LASMUP,1.0
LASMID,LASNAW,1.0
LASMUP,SOWCOY01,1.0
LASMUP,LASNAW,1.0
LASNAW,SOWCOY01,1.0
LASYOU,ORAWAH,0.9437500238418579
LATPIG,PEPXIS,1.0
LAVTEJ,LAVTEJ01,1.0
LAVTEJ,RIBRAY,1.0
LAVTEJ,NIGFUF,1.0
LAVTEJ01,RIBRAY,1.0
LAVTEJ01,NIGFUF,1.0
LAVTIN,SEHSUU,1.0
LAVTIN,NIGFIT,1.0
LAWSEJ,XUMVOS,1.0
LAWSEJ,LAWSEJ01,1.0
LAWSEJ01,XUMVOS,1.0
LAYQUA,LUSYEF,1.0
LAYXAN,LAYXER,1.0
LEBMAJ,YFORMD02,1.0
LEBMAJ,YFORME02,1.0
LECFEG,OHAGOV,1.0
LECFEG,OHAGOV01,1.0
LECFUW,UKAKEY,1.0
LECFUW,UKAKOI,1.0
LEDLEN,PARNON,1.0
LEDLEN,PARNIH,1.0
LEDLEN,XOPLOE,1.0
LEGGAI,TOVHUJ,0.9142857193946838
LEGGAI,TISHAF,0.9099999666213989
LEHFOW,VUKSEB,1.0
LEHFOW,YEKQOW,1.0
LEHGIR,PERMEH,1.0
LEHGIR,MIJFIU,1.0
LEKNUN,WUMDIT,0.9142857193946838
LELCUB01,NOFQOQ,1.0
LELCUB01,NOFQEG,1.0
LELCUB01,MIYGUX,1.0
LELDUD,NIKQIK,1.0
LELMIA,OZAVOC,1.0
LELMIA,LELMIA01,1.0
LELMIA01,OZAVOC,1.0
LENGAO,ORAGOF,0.8999999761581421
LENGAO,VEYSAW,1.0
LEPLAV,OPENUT,1.0
LEPLAV,UHISEK,1.0
LEPSEH,LEPSIL,1.0
LEPSUX,LEPTEI,1.0
LEPSUX,LEPTIM01,1.0
LEPSUX,LEPTIM,1.0
LEPSUX,LEPTOS,1.0
LEPTIM,LEPTIM01,1.0
LEPTIM,LEPTOS,1.0
LETDAQ,ODUMIK,1.0
LETDAQ,QALHES,1.0
LETDAQ,QEJZUB,1.0
LETDIY,ODUMIK,1.0
LETDIY,QALHES,1.0
LETDOE,ODUMIK,1.0
LETDOE,QALHES,1.0
LETDOE,QEJZUB,1.0
LETFEW,ODUMIK,1.0
LETFEW,QALHES,1.0
LETFEW,QEJZUB,1.0
LETROT,TITBUV,1.0
LETROT,MUGHED,1.0
LEYBEZ,MIXZOK,1.0
LEYPAI,WEMDUP,1.0
LIBZIG,ZAFWUB,1.0
LIBZIG,PIZPAP,1.0
LICGOW,RIBSED,1.0
LICSAS,TEVZEA,1.0
LICSAS01,TEVZEA,1.0
LIDSEY,LIDSEY01,1.0
LIHCAI,NIBSAU01,1.0
LIHRUQ,LIHSAX,1.0
LIHRUQ,TISLIR,1.0
LIHSAX,TISLIR,1.0
LIJNOJ,PIHJOH01,1.0
LIJPAX,PIHJOH01,1.0
LIJPAX,LIJPOL,1.0
LIJPAX02,PIHJOH01,1.0
LIJPAX02,LIJPOL,1.0
LIJPOL,PIHJOH01,1.0
LIJPOL,PIHJOH02,1.0
LIJPOL,PIHJOH03,1.0
LIJWOR,SIWPUL02,1.0
LIJWOR01,SIWPUL02,1.0
LIJWOR02,SIWPUL02,1.0
LIJWOR03,SIWPUL02,1.0
LIJWOR04,SIWPUL02,1.0
LIJWOR05,SIWPUL02,1.0
LIJWOR06,SIWPUL02,1.0
LIJWUX02,SIRBIG04,1.0
LINCUJ,VIMRAM,0.8999999761581421
LINGAQ,LINGEU,1.0
LINGEU,TOGCUN,1.0
LINGEU,LINJOH,1.0
LINJOH,TOGCUN,1.0
LIPQIL,YUNJOH,1.0
LIPQIL,YUNJEX,1.0
LIPQIL,LIPRAE,1.0
LIPQIL,YUNKIC,1.0
LIPRAE,YUNJOH,1.0
LIPRAE,YUNJEX,1.0
LIPZES,RUBZIY,1.0
LIPZES,LONHON,1.0
LIRNUW,LIRPOS,1.0
LIRNUW,MOXNIY,1.0
LIRPIM,LIRPOS,1.0
LIRPOS,MOXNIY,1.0
LIVLUZ,YIXYUB,1.0
LIVLUZ,LUFCAS,1.0
LIVLUZ,XOVFOF,1.0
LIVLUZ,XOVFOF01,1.0
LIVREP,TIRQOB,1.0
LIVTER,YEMXEW,0.6294118165969849
LIVTIT,SUFROA,1.0
LIVWUK,LIVWUK06,1.0
LIVWUK,LIVWUK04,1.0
LIVWUK,LIVWUK02,1.0
LIVWUK01,LIVWUK04,1.0
LIVWUK02,LIVWUK04,1.0
LIVWUK03,LIVWUK04,1.0
LIVWUK03,LIVWUK05,1.0
LIVWUK03,LIVWUK07,1.0
LIVWUK05,LIVWUK07,1.0
LIWFUS,ODELOZ,1.0
LIXWAR,LIXWAR01,1.0
LIXWAR01,OYOSAX,1.0
LIXXAS,LOCNIB,1.0
LIZWEX,PIBBEK,1.0
LIZWEX,UGOCAW,1.0
LOBQAV01,YIXFUI,1.0
LOBQAV01,ZEDWAI,1.0
LOMQOV,VEGMIE01,1.0
LOMQOV,MOXDIN,1.0
LOMQOV,MOXDIN01,1.0
LONHON,RUBZIY02,1.0
LONHON,YICREI,1.0
LONWIW,YUFLIW,1.0
LONWIW,OPAGIX,1.0
LONWIW,NOSTUM01,1.0
LOQLIN,MEGQAT,1.0
LOQLIN01,MEGQAT,1.0
LOQVOC,ODOKAU,1.0
LOQVOC,NUXMIC01,1.0
LORFED01,LORFED02,1.0
LORGAA,LORGAA05,1.0
LOSYAV,PUZJIF,1.0
LOSYID,PUZJIF,1.0
LOSYID,PUZKUS,1.0
LOWREW,SOWYEK01,1.0
LOZSUQ,VUKJOC,1.0
LOZSUQ,VUKTOM,1.0
LOZSUQ,NEQTIP,1.0
LUDRUZ,WIVGAK,1.0
LUDRUZ,WEWFIQ,1.0
LUFBUL,YUWDIF,1.0
LUFNAC03,LUFNIK,1.0
LUFNAC03,LUFNAC04,1.0
LUFNAC03,TUTHIA,1.0
LUFNAC03,TUTHOG,1.0
LUFNAC03,TUTHUM,1.0
LUFNAC03,TUTJAU,1.0
LUGLOO,MUQZEE,1.0
LUGLOO,VUKKET,1.0
LUGLUU,NASGEV,1.0
LUMDEC,METYIU,1.0
LUNJEL,YITGOA,1.0
LUNRAO,VAMWAI,1.0
LUNRAO,LUNRAO02,1.0
LUNRAO,WOQJIW03,1.0
LUNRAO02,VAMWAI,1.0
LUNRAO02,WOQJIW03,1.0
LURLOB,QALGUH,1.0
LURLOB,REZXEA,1.0
LURLOB,OCUNAC,1.0
LURMAO,QALGUH,1.0
LURMAO,REZXEA,1.0
LURMAO,MINVUA02,1.0
LURMAO,OCUNAC,1.0
LURRIA,SEMNIJ,1.0
LUSHOX01,MAHTAR01,1.0
LUSHOX01,SAMVEK,1.0
LUSZIJ,LUSZOP01,1.0
LUWMOH,WOJYIF,1.0
LUWMOH,WOJZOM,1.0
LUWNAU,UMIZEX,1.0
LUWZUZ,LUWZUZ01,1.0
LUYBIS,TOHMIO,1.0
LUYMUO,UMELUU,1.0
LUZYUA,XIGFEY,1.0
LUZYUA,MICDUX,1.0
MACUFR02,SANMAX,1.0
MACUFR02,ROLCEC15,1.0
MACUFR03,ROLCEC15,1.0
MACUFR04,ROLCEC15,1.0
MACUFR05,ROLCEC15,1.0
MACUFR06,ROLCEC15,1.0
MACUFR12,ROLCEC15,1.0
MAFBOM,TABFOT,0.8999999761581421
MAFZIE,MAFZUQ,1.0
MAFZIE,PUSXIL01,1.0
MAFZOK,MAFZUQ,1.0
MAFZOK,MAGBIH,1.0
MAFZUQ,PUSXIL01,1.0
MAGVOG,MAGVOG13,1.0
MAGVOG,MAGVOG14,1.0
MAGVOG,MAGVOG18,1.0
MAGVOG01,MAGVOG14,1.0
MAGVOG01,MAGVOG18,1.0
MAGVOG02,MAGVOG14,1.0
MAGVOG02,MAGVOG18,1.0
MAGVOG05,MAGVOG14,1.0
MAGVOG05,MAGVOG18,1.0
MAGVOG09,MAGVOG14,1.0
MAGVOG09,MAGVOG18,1.0
MAGVOG12,MAGVOG14,1.0
MAGVOG14,MAGVOG18,1.0
MAGVOG16,MAGVOG18,1.0
MAGVOG17,MAGVOG18,1.0
MAGVOG17,MAGVOG20,1.0
MAGVOG17,MAGVOG22,1.0
MAGVOG17,MAGVOG24,1.0
MAGVOG17,MAGVOG25,1.0
MAGVOG17,MAGVOG27,1.0
MAGVOG17,MAGVOG30,1.0
MAGXOK,UDICER,1.0
MAJPUJ,VOJRUI,1.0
MAKGOX,WENSUG,0.8999999761581421
MALAMN,SENNOP,1.0
MALAMN,SENNIJ,1.0
MALAMN,SEJSOQ,1.0
MALAMN01,SENNIJ,1.0
MALAMN01,SEJSOQ,1.0
MAPFIS,NIVFUT,1.0
MAPGOC,VALVAI,1.0
MAQKAR,WEKWOZ,1.0
MAQKAR01,WEKWOZ,1.0
MAQKAR01,WEKWIT,1.0
MARLID,MARLOJ,1.0
MASXIN,NAWHOL01,1.0
MAWBUK,NIMXAK,1.0
MAWCAR,NIMXAK,1.0
MAWCEV,NIMXAK,1.0
MAWWAK,MAWWAK09,1.0
MAWWAK,MAWWAK12,1.0
MAWWAK,MAWWAK02,1.0
MAWWAK02,MAWWAK09,1.0
MAWWAK02,MAWWAK12,1.0
MAWWAK02,MAWWAK08,1.0
MAWWAK08,MAWWAK09,1.0
MAWWAK08,MAWWAK12,1.0
MAWWAK09,MAWWAK12,1.0
MAXFAU,TOBHAT,0.8999999761581421
MAXFIA,XAYMUF,1.0
MECWEX,YUDWAX,1.0
MECWEX,YUDWEB,1.0
MECWIB,YORCEP,1.0
MEFHUC,ZEHJEE,0.918181836605072
MEGVAY,UVELIR,1.0
MELJET,MELJET02,1.0
MEMGAN,MURCEH,1.0
MEMGAN,PORVID,1.0
MEMGAN,YIQSOH,1.0
METHAX,RUXWEM,1.0
METHAX,RUXWEM03,1.0
METJIH,WETBAB,1.0
METJIH,OFIDUD,1.0
METJIH,OGESUP,1.0
METJIH01,OFIDUD,1.0
METJIH01,OGESUP,1.0
METJIH01,WETBAB01,1.0
MEYFOL,QUQSIG,1.0
MGFORD,XEHSAF,1.0
MGFORD,SIWZOP03,1.0
MGFORD01,XEHSAF,1.0
MGFORD01,SIWZOP03,1.0
MGFORD02,XEHSAF,1.0
MGFORD02,SIWZOP03,1.0
MGFORD03,XEHSAF,1.0
MGFORD03,SIWZOP03,1.0
MIBMER,TOWNEA,1.0
MIBMER,XAYDOT,1.0
MICDEJ,YINCOP,1.0
MICDEJ,YINCEF,1.0
MICDEJ,YINDOQ,1.0
MICDEJ,YINCIJ,1.0
MICDEJ,YINDAC,1.0
MICDEJ,YINDAC01,1.0
MICDEJ,YINDAC02,1.0
MICDUX,XIGFEY,1.0
MIFFAJ,MIFFAJ01,1.0
MIFGEP,YAYQOH,1.0
MIFKUJ,QEDZEG,1.0
MIFKUJ,TONQOD,1.0
MIFPUO,YOYNOR,1.0
MIFPUO,YOYNUX,1.0
MIHHIV,VELVIS,1.0
MIHWAE,SARHAW,1.0
MIHWAE,WOPSOL01,1.0
MIJFIU,PERMEH,1.0
MIKVEK,ONIXOZ,1.0
MIKVEK,ORAWAH,1.0
MIMBUI,MIMCIX,0.8999999761581421
MIMRAB,WORLAS,1.0
MIMRAB01,WORLAS,1.0
MIMRAB01,WORKUL,1.0
MIMVEJ,XALXIS01,1.0
MINCIX,MINDAQ,1.0
MINCIX,MINCUJ,1.0
MINCIX,MINCOD,1.0
MINCOD,MINDAQ,1.0
MINCOD,MINCUJ,1.0
MINCUJ,MINDAQ,1.0
MINFIB,PEFWEF,1.0
MINFIB,NAXTAI,1.0
MINMAA01,YESZEE,1.0
MINMAA01,YESZAA,1.0
MINMAA01,YESYUT,1.0
MINMAA01,YESZII,1.0
MINVUA02,QALGUH,1.0
MINVUA02,REZXEA,1.0
MIQLEE,RUPVAB,1.0
MIQLII,RUPVAB,1.0
MIQSAJ,XANLOP,1.0
MISQAH,XESFIL,1.0
MITSEO,PARKUQ01,1.0
MITSIS,PARKUQ01,1.0
MITSIS,PUNDUY,1.0
MITSIS,QISNAJ,1.0
MITSIS,QISNEN,1.0
MITSIS,QISNIR,1.0
MITSUE,PARKUQ01,1.0
MIVFEE,TEYLUH,1.0
MIVFII,MIVFOO,1.0
MIVFUU,TEDHAN,1.0
MIVWEU,YEVQUM,1.0
MIVWEU,YEYVOO,1.0
MIYGUX,NOFQEG,1.0
MIZJUB,VURMOL,1.0
MNMLTH,SENNIJ,1.0
MNMLTH,SEJSOQ,1.0
MOCKEV,OFOCUI,1.0
MOCKEV,PIDRAY,0.7428571581840515
MOCKEV,XIJSUH,1.0
MODJOG,VOVKUO,1.0
MODJOG,YAQZUN,1.0
MOFFES,YUCZOM,1.0
MOFTIL01,MOFTIL02,1.0
MOFTIL01,NUCRIN01,1.0
MOFTIL01,WENDIE,1.0
MOFTIL02,NUCRIN01,1.0
MOFTIL02,WENDIE,1.0
MOFTUY,MOFVAG,1.0
MOHMUT,USOSUS,1.0
MOLQEL,UFOFUT,1.0
MOLQEL,UFAMUM,1.0
MOLQEL,SITCUW,1.0
MOLQEL,SITDEH,1.0
MOLQEL,TEYHIR,1.0
MOLTAJ,MOLTEN,0.925000011920929
MOLTIR,YIXZIQ,1.0
MOLTIR,SAXYOH,1.0
MOSBIG,XOKJUD,1.0
MOWQOF,SINLAE,1.0
MOXDEJ,WIMWEW,1.0
MOXDEJ,XADDOX,1.0
MOXDEJ,XADDUD,1.0
MOXDIN,VAKREG,1.0
MOXDIN01,VEGMIE,1.0
MOXDIN01,VEGMIE01,1.0
MOXNUJ,MOXPEV,1.0
MOXNUJ,QULMUG,1.0
MOXNUK,YIGJEG,1.0
MOXNUK,YIGJUW,1.0
MOXNUK,YIGJOQ,1.0
MOXPIZ,MOXPOF,1.0
MUCNEE,ORIHIH,1.0
MUCNEE,SUHHOT,1.0
MUCNEE01,ORIHIH,1.0
MUCNEE01,SUHHOT,1.0
MUDJAW,TUCQAK,1.0
MUDTEL,VUJBIM,1.0
MUGHED,TITBUV,1.0
MUGXIX,XISDIO,1.0
MULXOH,RICHAN,1.0
MULXOH,RICHIV,1.0
MULXOH,RIHJIC,1.0
MULXOI,QUQFIS,1.0
MUPKUF01,WABJAM,1.0
MUQSEW,WAVCAX,0.925000011920929
MUQYEE,OWIJEL,1.0
MUQYEE,OWIJAH,1.0
MUQYEE,YAZFOW,1.0
MUQZEE,VUKKET,1.0
MUQZII,NASGIZ,1.0
MUQZII,NASGIZ01,1.0
MURBEI,OWIJEL,1.0
MURBEI,OWIJAH,1.0
MURBEI,YAZFOW,1.0
MURCEH,PORVID,1.0
MURCEH,VITKOA,1.0
MURCEH,XOJZEC,1.0
MUXHOD,WUVMAB04,1.0
MUXHOD,WUVMAB03,1.0
MUXHOD,YOXXUG,1.0
NABLIM,ODOXEK,1.0
NABLIM,TOKDON,1.0
NADZID,SEHTEF,1.0
NAFGOR,NAFGOR01,1.0
NAFGOR,SIWHOY,1.0
NAFGOR01,OWIGOR,1.0
NAFQIV,ULUPUM,1.0
NAFQIV,ULUPUM01,1.0
NAFTOG,NAFTUM,0.8999999761581421
NAFUMA13,NAFUMA14,1.0
NAFUMA13,NAFUMA15,1.0
NAFUMA14,NAFUMA15,1.0
NAFWEZ,SAPQOS,0.8999999761581421
NAFWEZ,SAPRAF,1.0
NAGKOY,VAWCED,1.0
NAHBAC,RAPBEP01,1.0
NAHBAC,WUVGOL,1.0
NAHBAC,RAPBEP,1.0
NAHCIT02,YUDDUX,1.0
NAHQAQ,NAHQEU,1.0
NAHQIY,VIMNEN,1.0
NAHQUK,UQUMID,1.0
NALWOO,WOQRUR,1.0
NAMDOV,OHIHUJ,1.0
NANYUX01,RIFDUG01,1.0
NANYUX01,REGREC,1.0
NANYUX01,RUPVAB,1.0
NAOXAL06,NAOXAL13,1.0
NAOXAL06,NAOXAL07,1.0
NAOXAL08,NAOXAL13,1.0
NAOXAL12,NAOXAL13,1.0
NAOXAL12,NAOXAL18,1.0
NASGIZ,ROCZOA,1.0
NATQUW,SAZPUH,1.0
NATREH,NATREH01,1.0
NATREH,NATREH02,1.0
NATREH01,NATREH02,1.0
NATXIR,VASFIH,1.0
NAVJAW01,VAMQUY,1.0
NAVJAW01,VAMPOR,1.0
NAVLIG,QAGTOH,1.0
NAVLIG,RULVUP,1.0
NAVYOA,WEMDOJ,1.0
NAVYUG,WEMDUP,1.0
NAXKOO01,TEPJAB,1.0
NAXSUB,YAJMUU,1.0
NAXSUB,SUZXES,1.0
NAXTAI,PEFWAB,1.0
NAXTAI,PEFWEF,1.0
NAXVOY03,XEHRUY,1.0
NEBPOB,NEBPUH,1.0
NEBPOB,NEBQES,1.0
NEBPOB,NEBQAO,1.0
NEBPUH,NEBQES,1.0
NEBPUH,NEBQAO,1.0
NEBQAO,NEBQES,1.0
NEBQOD,REXYAX,1.0
NEBTAS,UMAQAC,1.0
NEFTUP,VUMCEM,1.0
NEHGEO,NEHGIS,1.0
NELREC,RESWUI02,1.0
NELREC,QIVKEL,1.0
NELREC,QIVKEL01,1.0
NELVEG,ODOJUN,1.0
NEMXUB,YAWKOX,1.0
NENHAQ,PIJJEZ,1.0
NEQTIP,VUKTOM,1.0
NERMON,RESWUI02,1.0
NERVAJ,PURSIG,1.0
NERVEL,VOCKUT,1.0
NERVEL,NERVOV,1.0
NERVOV,VOCKUT,1.0
NEVJIJ,WEFDES,0.8999999761581421
NEVKUX,NEVSUF04,1.0
NEVSUF03,NEVSUF04,1.0
NEVSUF03,NEVSUF08,1.0
NEVTIU02,NEVWOD,1.0
NEVTIU02,NEVTIU03,1.0
NEVVAM,QIRYAS,1.0
NEVVIU,QIRYAS,1.0
NEVVIU01,QIRYAS,1.0
NEVVIU02,QIRYAS,1.0
NEWPUB,NEWPUB01,1.0
NIFNOI,SEFTUU,1.0
NIFNOI,NIFNUO,1.0
NIFNOI,NIFPIE,1.0
NIFPOK,OFERUN04,1.0
NIFQAX,OFERUN04,1.0
NIFQAX,SEFTOO,1.0
NIFQAX,SEFTUU,1.0
NIFQAX,SEFVEG,1.0
NIFQAX,SEFWAD,1.0
NIFQAX,SEFWEH,1.0
NIFQIF,TUDJOS,1.0
NIFQOL,TUDHUW,1.0
NIFQOL,TUDJAE,1.0
NIFREC,OFERUN04,1.0
NIGFUF,RIBRAY,1.0
NIGGIU,SEHTAB,1.0
NIGGIU,SADLIU,1.0
NIGPOL,OMOFED02,1.0
NIGPOL,OMOFED03,1.0
NIGPOL,OMOFED,1.0
NIHBAI,NUDPAE,1.0
NIHBAI,NIHBIQ,1.0
NIHBAI,SANLOK,1.0
NIHBAI02,NIHBIQ,1.0
NIHBAI02,SANLOK,1.0
NIHBAI02,RATCUL01,1.0
NIHBEM,NIHBIQ,1.0
NIHBEM,SANLOK,1.0
NIHBEM,RATCUL01,1.0
NIHBEM02,NIHBIQ,1.0
NIHBEM02,SANLOK,1.0
NIHBIQ,SANLOK,1.0
NIHDEQ,UFUNIS,1.0
NIHDEQ,VOJPUG01,1.0
NIKJIB,NIKKIC,1.0
NIKPUV,NIKQIK,1.0
NIKYOW01,XACLUL02,1.0
NIKYOW01,NUDPAE02,1.0
NIKYOW02,XACLUL02,1.0
NIKYOW02,NUDPAE02,1.0
NIKYUC,XACLUL02,1.0
NIKYUC,NUDPAE02,1.0
NIKYUC,XACLOF,1.0
NIKYUC,XACLUL,1.0
NIKZAJ,XACLUL02,1.0
NIKZAJ,NUDPAE02,1.0
NIMWEN,NIMWUD,1.0
NINVAI,ZOHFUZ,1.0
NINVAI,WUCRUH,1.0
NIRMUW,PEFREZ,1.0
NIRNAD,XEZRIF,1.0
NIRPAI,TOXNIF,1.0
NIRPAI,TOXMUQ,1.0
NIRPAI,NIRPOW,1.0
NIRPEM,TOXNIF,1.0
NIRPEM,TOXMUQ,1.0
NIRPEM,NIRPOW,1.0
NIRPOW,TOXNIF,1.0
NIRPOW,TOXMUQ,1.0
NIRTAM,NIRTEQ,1.0
NIRTAM,NIRVIW,1.0
NIRTEQ,NIRVIW,1.0
NISPOV,XOJXEA,1.0
NISPOV,XOJWID,1.0
NISPOV,RAXCAW,1.0
NIVFUT,NIVFUT01,1.0
NIWPIU,XAXBEF,1.0
NIWZIE,XAXBEF,1.0
NIWZIE01,XAXBEF,1.0
NIWZIE02,XAXBEF,1.0
NIWZIE05,XAXBEF,1.0
NIWZIE08,XAXBEF,1.0
NIWZIE09,XAXBEF,1.0
NIWZIE10,XAXBEF,1.0
NIWZIE11,XAXBEF,1.0
NOBLUM,NOBMAT,1.0
NOBLUM,VIWXOP,1.0
NOBLUM,VIWXIJ,1.0
NOBLUM,NOBLUM01,1.0
NOBLUM01,VIWXOP,1.0
NOBLUM01,VIWXIJ,1.0
NOCLOH01,NOCLOH02,1.0
NOCLOH02,SEVROC,1.0
NOHFEX,NOHFEX01,1.0
NOHFOG,QIXNIW,1.0
NOLRIR,QEKLID,1.0
NOMPIQ,NOMPIQ01,1.0
NOMPIQ,NOMPOW,1.0
NOSHEK,NOSHIO,1.0
NOSTUM01,OPAGIX,1.0
NOZZOT,NOZZUZ,1.0
NOZZOT,ODIXIK,1.0
NOZZOT,ODIXAC,1.0
NOZZUZ,ODIXIK,1.0
NOZZUZ,ODIXAC,1.0
NUBPIL,XAYKOA,1.0
NUDLIJ,NUDNEH,1.0
NUDMEG,NUDNEH,1.0
NUDMEG,NUDMIK,1.0
NUDMEG,NUDMUW01,1.0
NUDMIK,NUDNEH,1.0
NUDMUW01,NUDNEH,1.0
NUDNUW,NUDPAE10,1.0
NUDNUW01,NUDPAE10,1.0
NUDNUW01,XACLOF,1.0
NUDNUW01,XACLUL,1.0
NUDNUW01,XACLUL02,1.0
NUDNUW05,NUDPAE10,1.0
NUDNUW09,NUDPAE10,1.0
NUDPAE01,NUDPAE10,1.0
NUDPAE02,NUDPAE10,1.0
NUDPAE07,NUDPAE10,1.0
NUDPAE08,NUDPAE10,1.0
NUDPAE08,VICBEQ,1.0
NUDPAE09,NUDPAE10,1.0
NUHDUQ,ZOZBAT,1.0
NUHDUQ,ZOZBEX,1.0
NUHQAK,SILKAC,1.0
NUHQAK,WOJYOL,1.0
NUHRAL,XADDAJ01,1.0
NUHRAL,WOJYUR,1.0
NUHRAL,XADDAJ,1.0
NULROB,NULRUH,1.0
NUNNUH,TONBUU,1.0
NUNNUH,XUJPOI,1.0
NUNNUH,PUNYON,1.0
NUNNUH,XUJPIC,1.0
NUNPAP,XUJPOI,1.0
NUNPAP,PUNYON,1.0
NUNPAP,XUJPIC,1.0
NUQYIH,RENQIK,1.0
NURMUJ,RIFDUG01,1.0
NURMUJ,PEJNOJ,1.0
NURMUJ,PEJNUP,1.0
NURMUJ,PEJPAX,1.0
NUTQAV,YAGHUM,1.0
NUTQAV,YUGLES,1.0
NUTQAV,NUTQEZ,1.0
NUTQEZ,VUJBIM,0.9526315927505493
NUVXOT,YENTUJ,1.0
NUWVEI,XILTUK,1.0
NUWVEI,XILTOE,1.0
NUWVEI,XILVEW,1.0
NUWVIM,XILTUK,1.0
NUWVIM,XILTOE,1.0
NUWVIM,XILVEW,1.0
NUXLUN,UXUPEK,1.0
NUXLUN,NUXLUN01,1.0
NUXLUN01,UXUPEK,1.0
NUXMIC01,ODOKAU,1.0
NUYWEK,OHAKEO,1.0
NUYWEK,UQIWIC,1.0
OBAHAD,OBAJAF,1.0
OBAHIL,OBAJAF,1.0
OBODEQ,SADLEQ,1.0
OCACUR,UGECEO,1.0
OCACUR,UGECEO03,1.0
OCACUR,UGECEO01,1.0
OCAKUB,PUYREI,1.0
OCAKUB,VUQKAU,1.0
OCAKUB,VUQJUN,1.0
OCAKUB,VUQJUN01,1.0
OCAKUB,VUQKAU01,1.0
OCIHAK,ULOGIL,1.0
OCUNAC,QALGUH,1.0
OCURAG,OCUTAI,1.0
OCUSUB,OCUTAI,1.0
OCUSUB,QADKAH,1.0
OCUTAI,QADKAH,1.0
ODAJIO,QALNEW,1.0
ODEPUL,ODEQEW,1.0
ODIZOQ,ODIZOQ01,1.0
ODODIW,ODODUI,1.0
ODOXEK,PARKUQ01,1.0
ODOXEK,SIZGIS,1.0
ODUNEH,VAJNAW,1.0
ODUNEH,QUSWIK,1.0
ODUNEH,QUSWIK01,1.0
OFAWAV,OFAWEZ,1.0
OFEREX,SEHXIN,1.0
OFERUN04,SEFTOO,1.0
OFERUN04,SEFTUU,1.0
OFERUN04,SEFVEG,1.0
OFERUN04,SEFWAD,1.0
OFERUN04,SEFWEH,1.0
OFIDUD,WETBAB01,1.0
OFIDUD,OGESUP,1.0
OFIVAA,QADKAH,1.0
OFIYUY,OFIZAF,1.0
OFIYUY,XOHQER,1.0
OFIYUY,RELLOK,1.0
OFIZAF,XOHQER,1.0
OFODAP,WISVEB,1.0
OFOQUY,YUNJUO,1.0
OFOQUY,OKAYOQ,1.0
OFOQUY,YUNJOI,1.0
OFUVUI,OFUWET,0.8999999761581421
OGALAK,OGALAK01,1.0
OGEBAF,OGEBAF01,1.0
OGEBAF01,OGOJAX,0.925000011920929
OGESUP,WETBAB01,1.0
OGIYAF,OXCFOR,1.0
OGIYAF,VERZID,1.0
OGIYAF,SOJKOT,1.0
OGIYAF,SOJKOT01,1.0
OGIYAF,SOJKOT02,1.0
OGIYAF,SOJKOT03,1.0
OGIYAF,SOJKOT06,1.0
OGUJIL,WUZQOZ,1.0
OGULUY,SUHPAN,1.0
OGULUY,SUHNIT,1.0
OGUPIQ,UFUKUB01,1.0
OGUPIQ,UFUKUB03,1.0
OGUPIQ,UFUKUB02,1.0
OGUZIA,WAVDUT,1.0
OHAGAH,OHAGIP,1.0
OHAGOV,OLUGUZ,1.0
OHAGOV01,OLUGUZ,1.0
OHAKEO,VURQIJ,1.0
OHEGAJ,XIYYEL,1.0
OHEGAJ,WECBEN,1.0
OHEGAJ,SEYQIW,1.0
OHIHET,PAFPAQ,1.0
OHIHET,TUJBIL,1.0
OHIHIX,OSUGUG,1.0
OHOROS,SAQFUM,1.0
OHOROS,SAQFUM01,1.0
OJOBAS,VEDGES,1.0
OJOBAS,VEDFER,1.0
OJOBAS,VEDFOB,1.0
OJOBAS,VEDGAO,1.0
OJOQEJ,SIKGAW,1.0
OJOQEJ,UXOWIO,1.0
OJOQEJ,OJOQEJ01,1.0
OJOQEJ,OJOQEJ02,1.0
OJOQEJ01,SIKGAW,1.0
OJOQEJ01,UXOWIO,1.0
OJOQEJ01,UXOWOU,1.0
OKATUP,OKAVAX,1.0
OKAYAC,QUXREI,1.0
OKAYAC,QUXRIM,1.0
OKAYAC,QUWYEO,1.0
OKAYAC,QUXQUX,1.0
OKAYAC,QUXRAE,1.0
OKAYAC,QUXROS,1.0
OKAYAC,UQEFED,1.0
OKAYOQ,OKAYUW,1.0
OKAYOQ,YUNJOI,1.0
OKAYOQ,YUNJUO,1.0
OKAYOQ,OKAZAD,1.0
OKAYUW,YUNJOI,1.0
OKAYUW,YUNJUO,1.0
OKAZAD,YUNJOI,1.0
OKAZAD,YUNJUO,1.0
OKELEX,XIHXET,1.0
OKELEX,XIHWUI,1.0
OKILEA,OKILIE,1.0
OKILUR,OKIQEG,1.0
OKILUR,WENSOA,1.0
OKIQEG,WENSOA,1.0
OKITIM,YINNOB,1.0
OKIVIO01,YINNUH,1.0
OKIWUB02,SAHYAD,1.0
OKIWUB02,SAHYAD01,1.0
OKIWUB02,SAHYAD02,1.0
OKIWUB02,SAHYAD03,1.0
OKIWUB02,SAHYIL,1.0
OKIXIQ,SAHYAD,1.0
OKIXIQ,SAHYAD01,1.0
OKIXIQ,SAHYAD02,1.0
OKIXIQ,SAHYAD03,1.0
OKIXIQ,SAHYIL,1.0
OKIYIR,SAHYAD,1.0
OKIYIR,SAHYAD01,1.0
OKIYIR,SAHYAD02,1.0
OKIYIR,SAHYAD03,1.0
OKIYIR,SAHYIL,1.0
OLEYAH,WOBHIF03,1.0
OLEYAH,ORIVOC,1.0
OLEYAH,WOBHEB01,1.0
OLEYAH,WOBHOL,1.0
OLOGEC,XEZMEW,1.0
OLOKEF,WIHDUN,1.0
OLURUI01,YOSLOH,0.8999999761581421
OMATED,UGOSOY,1.0
OMICOD,XISGEN,1.0
OMOFED,OMOFED03,1.0
OMOTAM,XUGDOU,1.0
OMOTAM,XUGDUA,1.0
OMUMIU,UQUTUX,1.0
ONAWEG,ONAWEG02,1.0
OPENUT,UHISEK,1.0
OPUFAH01,SOGXES,1.0
OPUKAN01,QEBYON,1.0
ORIHIH,SUHHOT,1.0
ORIWET,OZULAY,1.0
ORONOA,ORONOA01,1.0
ORONOA,ZZZEJE02,1.0
ORONOA,ZZZEJE01,1.0
ORONOA01,ZZZEJE02,1.0
ORONOA01,ZZZEJE01,1.0
OSAVEK,PIMTAJ,1.0
OSAVEK,POMSOB,1.0
OSAVEK,SUCLOT,1.0
OSAVIO,RUFMUA01,1.0
OSAVIO,TECVOO,1.0
OSAVIO,TECVEE,1.0
OSAVIO,RUFMUA,1.0
OSAVUA,QUJKAI,1.0
OSIWOD,OSIXIY,1.0
OSIWOD,OSIXEU,1.0
OSIWOD,OSIWUJ,1.0
OSIWUJ,OSIXEU,1.0
OTABES,YAKBOE,1.0
OTAWIR,TEZJOA,1.0
OTECAT,RIXPIZ,1.0
OTECAT,OTECEX,1.0
OTEGOL,OWIHIN,1.0
OTEGOL,OTEHAY,1.0
OTEGOL,ZEGREL,1.0
OTEGOL,YAZFOW,1.0
OTEGOL,OWIHEJ,1.0
OTEGOL,OWIHUZ,1.0
OTEGOL,OWIJAH,1.0
OTEGOL,OWIJEL,1.0
OTEGOL,OWIJIP,1.0
OTEHAY,ZEGREL,1.0
OTEHAY,YAZFOW,1.0
OTIQEP,YAQCEY,1.0
OTIWOF,OTIWOF02,1.0
OTIWOF,OTIXAS,1.0
OTIWOF01,OTIWOF02,1.0
OTIWOF01,OTIXAS,1.0
OTIWOF01,RAFRUL,1.0
OTIWOF02,OTIXAS,1.0
OTIWOF02,RIYXIG,1.0
OTIXAS,RIYXIG,1.0
OVIHOR03,PUQXUV,1.0
OVIHOR03,XEGYEQ,1.0
OWIHEJ,OWIHUZ,1.0
OWIHEJ,OWIJAH,1.0
OWIHEJ,OWIJEL,1.0
OWIHEJ,OWIJIP,1.0
OWIHUZ,ZEGREL,1.0
OWIJEL,ZEGREL,1.0
OWIJIP,YAZFOW,1.0
OWITAQ,OWIVAS,1.0
OXCFOR,VIRJIQ,1.0
OXCFOR,YANBAR02,1.0
OXOLAP,WUPTUY,1.0
OXOLAP,RUKDIM,1.0
OXOLAP,XULGIW,1.0
OXOLAP,WUPTUY01,1.0
OXUPIH,UZUSEO,1.0
OZOGAN,UVUFUN,1.0
OZUBOC,SIYXIH10,1.0
OZUKOL,OZULAY,1.0
OZUKUR01,OZULAY,1.0
OZUKUR01,QUJJUB01,1.0
PADROD,PADROD01,1.0
PAFPAQ,TUJBIL,1.0
PAMQEB,UTEFOP,1.0
PAPKAV,WIZSOP,1.0
PAPKAV,VUMCIQ,1.0
PAPPED,PAPPIH,1.0
PAQPEF,PAQPOP,0.8999999761581421
PAQXUC,PAQYAJ,1.0
PAQYEN01,PAQYIR,1.0
PARKUQ01,PUNDUY,1.0
PARKUQ01,QISNAJ,1.0
PARKUQ01,QISNEN,1.0
PARKUQ01,QISNIR,1.0
PARNIH,PARNON,1.0
PARNIH,YAVYAW02,1.0
PARNIH,XOPLOE,1.0
PARNIH,YAVYAW01,1.0
PARNON,YAVYAW02,1.0
PARNON,XOPLOE,1.0
PASGEX01,PASGEX05,1.0
PASGEX01,PASGEX02,1.0
PASGEX01,PASGIB,1.0
PASGEX01,PASGEX04,1.0
PASGEX04,PASGIB,1.0
PASNEE,VUNNID,1.0
PAVDIA,QOFMUU,1.0
PAVDIA,QIYSAT,1.0
PAVLEE,PAVLOO,1.0
PAXPAI,PAXPIQ,1.0
PAXPEM,PAXPIQ,1.0
PAYTAM,WONBAD,1.0
PEBNER,VUQJEX,1.0
PECKAM,VUQJUN01,1.0
PECKAM,PUYREI,1.0
PECKAM,VUQJUN,1.0
PECKEQ,VUQJUN01,1.0
PECKEQ,PUYREI,1.0
PECKEQ,VUQJUN,1.0
PECKEQ,VUQKAU,1.0
PECKEQ,VUQKAU01,1.0
PEDWIH,ZUJVAD,1.0
PEDWIH,REBVIG,1.0
PEFWAB,PEFWEF,1.0
PEGCAH,PEGCEL,1.0
PEGCAH,ZAWCAE,1.0
PEJDUF,PEJFAN,1.0
PEJMUN,TEYHIP,1.0
PEJSAA,TIWPAS,0.8999999761581421
PEJYIO,VOQBUZ,0.925000011920929
PELVUZ,VUKTAY,1.0
PEMGAR,PEMGEV,1.0
PENBOC,PENBOC01,1.0
PEPLIG,XAVDEF,1.0
PESSAK01,SANLOK,1.0
PESSAK01,VICBEQ,1.0
PESTAK,PESTAK02,1.0
PEWDEC,WIKHAC,1.0
PEWLUA,REWNEO01,1.0
PEXJUY,RANYOU,1.0
PEXJUY01,RANYOU,1.0
PEXTES,XEVGOV,1.0
PEYVEV,TIKXAN,1.0
PEZRUJ,PEZRUJ01,1.0
PIBBEK,UGOCAW,1.0
PIBBEK,XIYCUG,1.0
PICCUC,WUMDIT,0.9142857193946838
PICWOP,SOSQEY01,1.0
PIDMEV,VIKBUP,1.0
PIDMEV,TETYAV,1.0
PIDMEV,VAXKIR,1.0
PIDMEV01,TETYAV,1.0
PIDMEV01,VAXKIR,1.0
PIDVOQ,ZEZHUK,1.0
PIFPIE,TETYAV,1.0
PIFPIE,VAXKIR,1.0
PIFXOU,TEQVIW,1.0
PIFXOU,REFVEF,1.0
PIHJOH01,PIHJOH03,1.0
PIHJOH02,PIHJOH03,1.0
PIHSAB,XIFXUG,1.0
PIJKEB,XUKNIC,1.0
PIMTAJ,SUCLOT,1.0
PIMTAJ,POMSOB,1.0
PINFAW,QOWLOE01,1.0
PINFAW,SEVKAI,1.0
PINFOK,QOWLOE01,1.0
PINFOK,SEVKAI,1.0
PIQPUC,REFWIL,1.0
PIQSOX01,SUKRIB,1.0
PIRGEE,PIRGOO,1.0
PITYUN,PITYUN02,1.0
PITYUN01,PITYUN02,1.0
PIWLAL,VAJNAW,1.0
PIWLAL,PIWLOZ,1.0
PIWLEP,VAJNAW,1.0
PIWLEP,PIWLOZ,1.0
PIWLEP,QUSWIK,1.0
PIWLEP,QUSWIK01,1.0
PIWLOZ,VAJNAW,1.0
PIWLOZ,QUSWIK,1.0
PIWLOZ,QUSWIK01,1.0
PIWLOZ,XALDAS,1.0
PIZPET,WADDOX,1.0
PIZPIX01,WADFAL,1.0
PIZPIX01,PIZPIX02,1.0
PIZPIX02,WADFAL,1.0
POBGAQ,POBGAQ02,1.0
POBGAQ01,POBGAQ02,1.0
POFDEV,POFFEX,1.0
POFDEV,QERZUI01,1.0
POFFEX,QERZUI01,1.0
POJTUE,SETQIT,1.0
POJTUE,SETQAL,1.0
POJTUE,XUDSIY,1.0
POMSOB,SUCLOT,1.0
POPICR01,POPICR12,1.0
POPICR01,POPICR15,1.0
POPICR01,POPICR13,1.0
POPICR01,POPICR14,1.0
POPICR13,POPICR15,1.0
POPICR14,POPICR15,1.0
PORVID,XOJZEC,1.0
POSFOU,POSGAH,1.0
POVXII,QOTWON,1.0
POWYEH,WIHWIU,1.0
PTRPHT02,ZEFNIH01,1.0
PUGFII,PUGJEI,1.0
PUGFII,WITJUG,1.0
PUGFII,PUGGOP,1.0
PUGFII,WITJOA,1.0
PUGGOP,PUGJEI,1.0
PUGGOP,WITJUG,1.0
PUGGOP,WITJOA,1.0
PUGJEI,WITJUG,1.0
PUNSIB,PUNSUN,1.0
PUNYED,XAPSIS,1.0
PUNYED,TIVYAZ,1.0
PUNYIH,WEYQAU08,1.0
PUNYON,XUJPOI,1.0
PUNYON,VEMSUC,1.0
PUPXII,PUPXII01,1.0
PUQXUV,PUQYAC,1.0
PUQXUV,XEGWUE,1.0
PUQYAC,XEGWUE,1.0
PUQYAC,YAPXIX,1.0
PURJIW,WAGYUA,1.0
PURQOJ,PURQUP,1.0
PUYREI,VUQKAU01,1.0
PUYREI,VUQKAU,1.0
PUYREI,VUQJUN,1.0
PUYREI01,VUQKAU01,1.0
PUYREI01,VUQKAU,1.0
PUYREI01,VUQJUN,1.0
PUZJIF,PUZKUS,1.0
QADKAH,QADKAH01,1.0
QADKEL,QADKEL02,1.0
QADKEL,YOXYAN,1.0
QADKEL01,QADKEL02,1.0
QADKEL01,QADKEL03,1.0
QADKEL01,QADKEL05,1.0
QADKEL01,QOPHEI,1.0
QADKEL03,YOXYAN,1.0
QADKEL05,QOPHEI,1.0
QADYOK,VUNHAN,1.0
QAGTOH,RULVUP,1.0
QAHPEX,SIWPUL,1.0
QAHPEX01,SIWPUL,1.0
QAHPEX02,SIWPUL,1.0
QAHPEX03,SIWPUL,1.0
QAHPEX04,SIWPUL,1.0
QAHPEX05,SIWPUL,1.0
QAHPEX06,SIWPUL,1.0
QAHPEX07,SIWPUL,1.0
QALGUH,REZXEA,1.0
QANSEE,SAZQEQ,1.0
QANSEE,YOVTOS,1.0
QANYAG01,QANYAG02,1.0
QAQSAD,USAHAZ,1.0
QATKOO,YICZAO,1.0
QATLEE,YAJNEF,1.0
QATPUX,REGJIW01,1.0
QATPUX,REGJIW,1.0
QATPUX,QATPUX01,1.0
QATPUX,REGJIW02,1.0
QATPUX01,TIPROZ,1.0
QEDZEG,TONQOD,1.0
QEHGOC,QEHGOC02,1.0
QEHYEK,QEJBEP,1.0
QEHYOU,QEJBEP,1.0
QEHZIP,QEJBEP,1.0
QEMGIB,QEMGOH,1.0
QEPZOB,QEPZUH,1.0
QESBAR,VOJPOA,1.0
QESBAR,WIQRUL,1.0
QESBAR,XIPCEF,1.0
QESBAR01,VOJPOA,1.0
QESBAR01,WIQRUL,1.0
QESBAR01,XIPCEF,1.0
QESNEK,QESNEK02,1.0
QESNEK01,QESNEK02,1.0
QESNEK01,QESNEK03,1.0
QESNEK01,QESNEK04,1.0
QETCUO,ZEZPIF,1.0
QETYUM,QETZEX,1.0
QICXUY,UKAQED,1.0
QICXUY,ZIGQEO,1.0
QICXUY,ZIGQIS,1.0
QIDSII,WUZKUY,1.0
QIFMAW,QIFMEA,0.8999999761581421
QIJFEX,XISMUK,1.0
QIJFIB,XIRYIJ,1.0
QIMHAY,QIWFIN,1.0
QIMHAY,TIVMIW,1.0
QINSUD,SIWPUL,1.0
QINSUD01,SIWPUL,1.0
QIWFIN,TIVMIW,1.0
QIYDAF01,QIYDIN,1.0
QIYDAF01,QIYDIN01,1.0
QIYDIN,QIYDIN01,1.0
QIYSAT,QOFMUU,1.0
QOGREK,QOGROU,1.0
QOGREK,QOGRIO,1.0
QOGRIO,QOGROU,1.0
QOPHEI,YOXYAN,1.0
QOPZIF,TEQVES,1.0
QOPZIF,SUVMAZ,1.0
QOQWOK,QOQWOK01,1.0
QOSXAY,QOVDAH,1.0
QOVXEG,VEJZEQ,1.0
QOVXEG,VEJZUG,1.0
QOWRAV,QOWRAV03,1.0
QOWRAV,QOWRAV04,1.0
QOWRAV02,QOWRAV04,1.0
QOWRAV02,QOWRAV12,1.0
QOZPEC,QOZPIG,1.0
QOZYUA,QOZYUA02,1.0
QOZYUA,QOZYUA03,1.0
QQQAWM01,REGJIW02,1.0
QQQAWM01,TIPROZ,1.0
QQQBNA11,WUYPUD,1.0
QUBHAX,QUBHAX01,1.0
QUJFUX,QUJGAE,1.0
QUJLAK01,QUJLAK02,1.0
QUPZAE,QUPZAE01,1.0
QUPZAE,SOHGUS,1.0
QUPZAE,QUPZAE02,1.0
QUPZAE01,SOHGUS,1.0
QUPZAE01,QUPZAE02,1.0
QUPZAE02,SUTBEP,0.8999999761581421
QUPZAE02,SOHGUS,1.0
QUPZIM,VICDOC,1.0
QUPZIM,QUPZIM01,1.0
QUPZIM01,VICDOC,1.0
QUQFIS,XOMHEO,1.0
QUQFIS,YOVCAP,1.0
QUTTII01,WINCEC,1.0
QUVZEO,SEZDAF,1.0
QUVZEO,SEZCIM02,1.0
QUVZEO,QUVZIS,1.0
QUVZEO,SEZCUY01,1.0
QUVZIS,SEZDAF,1.0
QUVZIS,SEZCIM02,1.0
QUVZIS,SEZCUY01,1.0
QUXRAE,QUXROS,1.0
QUZVEO,YUSWEQ,1.0
QUZVEO,YUSWIU,1.0
RAFRUL,RIYXIG,1.0
RAFRUL,ZIWTII,1.0
RAGMOE,RUYTOW,1.0
RAGMOE,RUYTIQ,1.0
RAGMOE,RUYQIN03,1.0
RAJPIE,RODSAG01,1.0
RAJPIE,RODSAG,1.0
RAJPIE,REFBAH,1.0
RAKBIO,RAKBIO01,1.0
RAKPAV,RAKPEZ,1.0
RAMRUV,SIVGIP,1.0
RAMRUV,TEBSAW,1.0
RAMRUV,UJUPUM,1.0
RAMSUT,RAMSUT01,1.0
RAMSUT,VUQHUL01,1.0
RAMSUT01,VUQHUL01,1.0
RANYOU,RUPTED,1.0
RANZAI,ZIMSIZ,1.0
RAPBEP,WUVGOL,1.0
RAPXEN,RAPXIR,0.8999999761581421
RATDAS01,SANMEB,1.0
RATDAS01,TESGUU,1.0
RAVVIU,VIRJIQ,1.0
RAVVIU01,VIRJIQ,1.0
RAVVOA,VIRJIQ,1.0
RAVVOA01,VIRJIQ,1.0
RAVVOA02,VIRJIQ,1.0
RAVWAO,RAVWES,0.9678571820259094
RAXCAW,XOJWOJ,1.0
RAXCAW,XOJXEA,1.0
RAXCAW,UGUKUD,1.0
RAZGOQ,VUNNID,1.0
RAZGOQ,VUNNEZ,1.0
RBOXAL01,ZZZFUU02,1.0
RBOXAL01,ZAXLUH,1.0
RBTCNQ12,RBTCNQ13,1.0
REBVIG,ZUJVAD,1.0
REDYEG,VACFUB01,1.0
REFBAH,RODSAG,1.0
REFFIT,TIXVON,1.0
REFVEF,TEQVIW,1.0
REGLIA,REGLOG,1.0
REGLIA,XUBMEN,1.0
REGREC,VEHKIE,1.0
REHHET,REHHIX,1.0
REJVOS,XEHSAF,1.0
REJVOS,SIWZOP03,1.0
REKWUB,REKXAI,1.0
RELLOK,XOHQER,1.0
REQSEO,TILFUQ01,0.8999999761581421
REWTUL,USAGIG,1.0
REYCEF,REYCUV,1.0
REZJIR,SIWPUL,1.0
REZJIR02,SIWPUL,1.0
REZJIR03,SIWPUL,1.0
REZJIR04,SIWPUL,1.0
REZXIE01,XEQNEM,1.0
RICHAN,RIHJIC,1.0
RICHAN,RICHIV,1.0
RICHIV,RIHJIC,1.0
RIFDUG01,VEHKIE,1.0
RIFQIG,RIFQIG01,1.0
RIFQIG01,XAKVOV,1.0
RIFQIG01,XAKVIP,1.0
RIJYIV,UYOGOF,1.0
RIJYIV,WONBAD,1.0
RILVOZ,SUVMIH,1.0
RIPNOV,VEJZOA,1.0
RIPNOV,RIPPAJ,1.0
RIPPAJ,VEJZOA,1.0
RIQDIH,ULAXUB,0.8999999761581421
RISXAU,TIPRIT01,1.0
RIWDUY,VIRJIQ,1.0
ROGLOP,UFATEA01,1.0
ROGLOP,UFATEA,1.0
ROGRAH,YEMHOO,1.0
ROLCEC,ROLCEC15,1.0
ROLCEC01,ROLCEC15,1.0
ROLCEC02,ROLCEC15,1.0
ROLCEC03,ROLCEC15,1.0
ROLCEC04,ROLCEC15,1.0
ROLCEC05,ROLCEC15,1.0
ROLCEC06,ROLCEC15,1.0
ROLCEC07,ROLCEC15,1.0
ROLCEC08,ROLCEC15,1.0
ROLCEC09,ROLCEC15,1.0
ROLCEC10,ROLCEC15,1.0
ROLCEC11,ROLCEC15,1.0
ROLCEC13,ROLCEC15,1.0
ROLCEC13,ROLCEC19,1.0
ROLCEC13,YUKVOQ,1.0
ROLCEC13,YUKVOQ01,1.0
ROLCEC13,YUKVOQ02,1.0
ROLCEC13,YUKVOQ03,1.0
ROLCEC13,YUKVOQ04,1.0
ROLCEC13,YUKVOQ05,1.0
ROLCEC13,YUKVOQ06,1.0
ROLCEC13,YUKVOQ07,1.0
ROLCEC19,YUKVOQ,1.0
ROLCEC19,YUKVOQ01,1.0
ROLCEC19,YUKVOQ02,1.0
ROLCEC19,YUKVOQ03,1.0
ROLCEC19,YUKVOQ04,1.0
ROLCEC19,YUKVOQ05,1.0
ROLCEC19,YUKVOQ06,1.0
ROLCEC19,YUKVOQ07,1.0
ROLZEZ,VUGXOM,1.0
ROMQAN,ROMQER,1.0
ROYROO,ROYTOQ,1.0
RUBLAD03,SELKUS,1.0
RUBTAK03,SURJOG,1.0
RUBTAK03,SURHEU02,1.0
RUBTAK03,RUBTAK09,1.0
RUBTAK07,SURHEU02,1.0
RUBTAK07,RUBTAK09,1.0
RUBTAK08,SURHEU02,1.0
RUBTAK08,RUBTAK09,1.0
RUBTAK08,SURHEU01,1.0
RUBTAK08,SURHEU03,1.0
RUBTAK08,SURKAT,1.0
RUBTAK08,SURKEX,1.0
RUBTAK08,UFOSEQ,1.0
RUBTAK08,UFOSOA,1.0
RUBTAK09,SURHEU02,1.0
RUBZIY,XILBAW,1.0
RUBZIY,RUBZIY02,1.0
RUBZIY,YAPQUC,1.0
RUBZIY,YICREI,1.0
RUBZIY02,XILBAW,1.0
RUBZIY02,YAPQUC,1.0
RUDQUD,RUDQUD01,1.0
RUFMUA,TECVEE,1.0
RUFMUA,TECTUS,1.0
RUFMUA,TECVOO,1.0
RUFMUA01,TECVEE,1.0
RUFMUA01,TECTUS,1.0
RUGGOR,WIHTEO,1.0
RUGHEI,WIHSUD,1.0
RUGXIC,RUGXOI01,1.0
RUGXOI,RUGXOI01,1.0
RUGXOI,RUGXUO,1.0
RUGYOJ,YUYLEL,1.0
RUKDIM,WUPTUY01,1.0
RUKDIM,XULGIW,1.0
RUMRUO,USUBUG,1.0
RUPVAB,VEHKIE,1.0
RUSSUU,SONTEV,1.0
RUSWUZ,UZIZOU,1.0
RUSXEK,XEZQUR,1.0
RUVBUH,SACCAD,1.0
RUVBUH,ZAQXEX,1.0
RUWWUC,RUWXEN,1.0
RUWWUC,RUWXAJ,1.0
RUWXAJ,RUWXEN,1.0
RUXXAJ,RUXXAJ01,1.0
RUYNEG,XEGKUR,1.0
RUYNEG,XEGJOK,1.0
RUYQIN03,RUYTIQ,1.0
RUZCIA,YAZPAT,1.0
RUZCIA,YAZVAZ,1.0
SABVOH01,SABVUN,1.0
SABVOH01,SABWAU01,1.0
SABVOH01,SABWAU,1.0
SABVUN,SABWAU01,1.0
SABWAU,SABWAU01,1.0
SACMOA,WINCEC,1.0
SAGZUW,SAHBEJ,1.0
SAHBAF,SAHBEJ,1.0
SAHBAF,XIPHIN,1.0
SAHBEJ,UFITEJ,1.0
SAHWUW,XUFWOM,0.9307692646980286
SAHYAD,WUNTIJ,1.0
SAHYAD,WUNTUV,1.0
SAHYAD,WUNVAD,1.0
SAHYAD,WUNVEH,1.0
SAHYAD02,YINNUH,1.0
SAHYIL,YINNUH,1.0
SAJLEX,SAKFAO,1.0
SAMVEK,XUDSUK,1.0
SAMYEN,VINTEU,0.8999999761581421
SANMEB,ZNFORD,1.0
SANMEB,ZNFORD05,1.0
SANMEB,ZNFORD06,1.0
SANMEB,ZNFORD08,1.0
SAQFUM,SAQFUM01,1.0
SAQQAD,ZALLEG,1.0
SAQSAF,SAQSAF01,1.0
SAQSAF,SAQSEJ,1.0
SAQSAF01,SAQSEJ,1.0
SARBOE,SARBUK,1.0
SARHAW,WOPSAX,1.0
SATRIP,XUMBEN,1.0
SATRIP,ZIGMIN,1.0
SATROV,VATYEV,1.0
SAVMAE,WUDXAV,1.0
SAXYOH,YIXZIQ,1.0
SEBBOT,UTEXUN,1.0
SEFPUP,ZEZQIG,1.0
SEFTOO,TUDJOS,1.0
SEFTUU,TUDJOS,1.0
SEFVEG,TUDJOS,1.0
SEFWAD,TUDJOS,1.0
SEFWEH,TUDJOS,1.0
SEGVEH,ZETQAS,1.0
SEJSOQ,SENNIJ,1.0
SENXAN,SENXER,1.0
SEQSIS,SEQSUE,1.0
SESDEA,SESDEA01,1.0
SETFUT,SUXWIT,1.0
SETQAL,YAXBOP,1.0
SETQAL,YAXBUV,1.0
SETQAL,XUDSIY,1.0
SETQEP,YAXBUV,1.0
SETQEP,XUDSIY,1.0
SETQIT,YAXBUV,1.0
SETQIT,XUDSIY,1.0
SETQUF,YAXBUV,1.0
SETQUF,XUDSIY,1.0
SEYQIW,WECBEN,1.0
SEYQIW,XIYYEL,1.0
SEZCIM01,SEZCOS,1.0
SEZCIM01,SEZCUY,1.0
SEZCIM02,SEZCUY01,1.0
SEZCIM02,SEZDAF,1.0
SEZCOS,SEZCUY,1.0
SIKCIA,TEVFAD01,1.0
SIKYER,WECSAZ01,1.0
SIKYER,WOZDEW,1.0
SINXET,VARWOC,1.0
SIRBIG03,XEHRUY,1.0
SIRBIG04,XEHRUY,1.0
SITCUW,UFOFUT,1.0
SITCUW,YOZYUJ,1.0
SITDEH,YOZYUJ,1.0
SITDEH,TEYHIR,1.0
SIVGIP,TEBSAW,1.0
SIVJAI,SIVJAI01,1.0
SIWPUL,SIWPUL03,1.0
SIWPUL,VERZEZ,1.0
SIWPUL,VIRJEM,1.0
SIWPUL02,SIWPUL03,1.0
SIWPUL02,WIHVEP,1.0
SIWPUL03,XOHFIK,1.0
SIWQIA01,ZNFORD,1.0
SIWQIA01,SIWYOO,1.0
SIWQIA01,ZNFORD05,1.0
SIWQIA02,ZNFORD,1.0
SIWQIA02,SIWYOO,1.0
SIWQIA02,ZNFORD05,1.0
SIWQIA02,TESGOO,1.0
SIWQIA02,TESGUU,1.0
SIWQIA02,TEVZEA,1.0
SIWQIA02,TEVZIE,1.0
SIWQIA02,VERZUP01,1.0
SIWSUO,SIWTEZ,1.0
SIWYOO,ZNFORD,1.0
SIWYOO,ZNFORD05,1.0
SIWZOP03,XEHRUY,1.0
SIWZOP03,XEHSOT,1.0
SIWZOP03,WOSMUO,1.0
SIWZOP03,WOSMUO01,1.0
SIWZOP03,XAXBAB,1.0
SIWZOP03,XAXBEF,1.0
SIWZOP03,XEHSAF,1.0
SIYXIH,SIYXIH10,1.0
SOBBIW,SOBBOC,1.0
SOBYUE,SOBZAL,1.0
SOCCIX,ZICNIL,0.9052631258964539
SOCJUR,SOCKEC,1.0
SOHYEV,XAHZIQ,1.0
SOJKOT,YANBAR02,1.0
SOJKOT01,YANBAR02,1.0
SOJKOT02,YANBAR02,1.0
SOJKOT03,YANBAR02,1.0
SOJKOT06,YANBAR02,1.0
SOLBOM,SOLCED,1.0
SOMFAC,SOMFEG,1.0
SOMFAC,SOMFIK,1.0
SOMFEG,SOMFIK,1.0
SOQRUM,XUCHOS,1.0
SOQRUM,XUCHOS02,1.0
SOQRUM,XUCHOS01,1.0
SOQSAU,SOQSAU01,1.0
SOSQIC01,XOHNEO,1.0
SOTMUK,SOTMUK02,1.0
SOWXAF,SOWXIN,1.0
SRFORA04,SRFORM02,1.0
SRFORA05,SRFORM02,1.0
SUHMIS,SUHNAL,1.0
SUHMIS,SUHNIT,1.0
SUHMIS,SUHPAN,1.0
SUHMIS,SUHPIV,1.0
SUHMIS,SUHQES,1.0
SUHMIS,SUHQUI,1.0
SUHNAL,SUHNIT,1.0
SUHNAL,SUHPAN,1.0
SUHNAL,SUHPIV,1.0
SUHNAL,SUHQES,1.0
SUHNAL,SUHQUI,1.0
SUKREX,SUKREX01,1.0
SURHEU01,SURKAT,1.0
SURHEU01,SURKEX,1.0
SURHEU01,UFOSEQ,1.0
SURHEU01,UFOSOA,1.0
SURHEU02,SURKAT,1.0
SURHEU02,SURKEX,1.0
SURHEU03,SURKAT,1.0
SURHEU03,SURKEX,1.0
SURHEU03,UFOSEQ,1.0
SURHEU03,UFOSOA,1.0
SURKAT,SURKEX,1.0
SUVMAZ,TEQVES,1.0
SUZTAI,UGANIB,1.0
TACJIS,WIVRIE,1.0
TACPAP,TACPIX,1.0
TACPAP,TACPOD,1.0
TACPIX,TACPOD,1.0
TADWEC,TOHSAL,0.8999999761581421
TAFBEJ,TONLOY,1.0
TAFBEJ,TAFBIN,1.0
TAFBEJ,TAFBOT,1.0
TAFBIN,TONLOY,1.0
TAFBIN,TAFBOT,1.0
TAFBOT,TONLOY,1.0
TAFCIO01,WAHREE,1.0
TAFCIO01,VEGXOW,1.0
TAKTAD,TAKTEH,1.0
TAKTAD,TAKTUX,1.0
TAKTAD,TAKTOR,1.0
TAKTEH,TAKTUX,1.0
TAKTEH,TAKTOR,1.0
TAKTOR,TAKTUX,1.0
TALFUJ,UDISAD,1.0
TALGEU,UDISUX,1.0
TASVUG,TASWAN,1.0
TATBUO,VUKPUN,1.0
TAXLIQ,TAXLIQ01,1.0
TAYZUQ02,ZNFORD,1.0
TAYZUQ02,ZNFORD05,1.0
TAYZUQ03,ZNFORD,1.0
TAYZUQ03,ZNFORD05,1.0
TAYZUQ04,ZNFORD,1.0
TAYZUQ04,ZNFORD05,1.0
TAZSAP,XETPIW,1.0
TAZSAP,TAZSAP01,1.0
TAZSAP,TAZSAP02,1.0
TAZSAP01,XETPIW,1.0
TAZSAP02,XETPIW,1.0
TEBSAW,UJUPUM,1.0
TECTUS,TECVOO,1.0
TECTUS,TECVEE,1.0
TECVEE,TECVOO,1.0
TEDPIC,TEJXIQ,1.0
TEDWIL,TEDWIL08,1.0
TEDWIL06,TEDWIL08,1.0
TEDWIL06,TEDWIL07,1.0
TEDWIL06,TEDWIL09,1.0
TEDWIL07,TEDWIL08,1.0
TEDWIL07,TEDWIL09,1.0
TEFWOR,UDANEV,1.0
TEPMUZ,VEJHEZ,0.9205881953239441
TEQLAE,UXACAY,1.0
TESGOO,ZNFORD,1.0
TESGOO,ZNFORD05,1.0
TESGUU,ZNFORD,1.0
TESGUU,ZNFORD05,1.0
TEVVAU,TEVVEY,1.0
TEVVAU,TEVVIC,1.0
TEVVEY,TEVVIC,1.0
TEVZEA,ZNFORD,1.0
TEVZEA,ZNFORD05,1.0
TEVZIE,ZNFORD,1.0
TEVZIE,ZNFORD05,1.0
TEXVOJ,VEMHOL,1.0
TEXVOJ,UKOYID,1.0
TEYHIR,UFOFUT,1.0
TEYKOA,UNINUC01,1.0
TEYKOA,UNINOW,1.0
TEYKOA,UNINUC,1.0
TEYKUG,UNINUC01,1.0
TEYLAN,UNINUC01,1.0
TEYLAN,UNINOW,1.0
TEYLAN,UNINUC,1.0
TEYLER,UNINUC01,1.0
TEYLER,UNINOW,1.0
TEYLER,UNINUC,1.0
TEYLIV,TEYMAO,1.0
TIKSUE,XAPCOJ,1.0
TIKTAL,XAPCOJ,1.0
TIKTAL,TIKTOZ,1.0
TIKTOZ,XAPCOJ,1.0
TIKTOZ,XAPCOJ05,1.0
TIKTOZ,XAPCOJ07,1.0
TIKXAN,ZUWXOG,1.0
TIPJIM,TIPJIM01,1.0
TIPZOJ,YOSLIB04,1.0
TIPZOJ,YOSLIB03,1.0
TIPZOJ,YOSLIB,1.0
TIPZOJ,YOSLIB02,1.0
TIQGEG,TIQGEG01,1.0
TIQGEG,TIQGIK,1.0
TIQGEG,TIVFIO,1.0
TIQGIK,TIVFIO,1.0
TIVYAZ,VEMTAJ01,1.0
TIVYAZ,XAPSIS,1.0
TIVYAZ,XAVQIU,1.0
TIVYAZ,XAVQIU01,1.0
TIZVIH,TIZVIH01,1.0
TOHRUF,TOHRUF01,1.0
TOJHAD,TOJHEH,0.8999999761581421
TONMAM,TONMEQ,1.0
TORJAN,TORKES,1.0
TORJER,TORKES,1.0
TORJER,TORJIV,1.0
TORJIV,TORKES,1.0
TOWNEA,XAYDOT,1.0
TOXMUQ,TOXNIF,1.0
TUCJAD,ZIGXEU,1.0
TUCJAD,XIYFOA,1.0
TUDHUW,TUDJAE,1.0
TUDHUW,TUDJOS,1.0
TUDJAE,TUDJOS,1.0
TUKYIJ,YEYVOO,1.0
TUPDEP,TUPDIT,1.0
TUPDEP,TUPDIT04,1.0
TUPDEP,TUPDOZ,1.0
TUPDIT,TUPDIT04,1.0
TUPDIT,TUPDOZ,1.0
TUTHIA,TUTJAU,1.0
TUTHIA,TUTHOG,1.0
TUTHIA,TUTHUM,1.0
TUTHOG,TUTJAU,1.0
TUTHUM,TUTJAU,1.0
UDEPUQ01,WIPJUC,1.0
UDOVOA,YOJSUM,1.0
UFAMIA,YOZYOD,1.0
UFAMIA,YOZYUJ,1.0
UFARUP,YELYOE,1.0
UFETAB,UFETAB01,1.0
UFEVEH,UFEVIL,1.0
UFIRUX,VIFPUY03,1.0
UFIRUX,VACFOV01,1.0
UFIRUX,VACFOV,1.0
UFIRUX,VIFPUY01,1.0
UFIRUX,VIFPUY02,1.0
UFIRUX,VIFPUY04,1.0
UFOBAV,UFOBEZ,1.0
UFOFUT,YOZYOD,1.0
UFOFUT,YOZYUJ,1.0
UFOZIB,UFOZOH,0.8999999761581421
UFUKUB01,UFUKUB03,1.0
UFUKUB01,UFUKUB02,1.0
UFUKUB02,UFUKUB03,1.0
UFUNIS,VOJPUG01,1.0
UGOCAW,XIYCUG,1.0
UGUKEN,UGUKIR,1.0
UGUKUD,XOJXEA,1.0
UGUKUD,XOJWID,1.0
UGUKUD,XOJWOJ,1.0
UGUXAV,YAWZUS,1.0
UKAKEY,UKAKOI,1.0
UKALAV,UKALEZ,0.8999999761581421
UKAQED,ZIGQEO,1.0
UKAQED,ZIGQIS,1.0
UKIBUN,WUPVAG,1.0
UKOYID,VEMHOL,1.0
UKOYOJ,UKOYUP,1.0
ULUPUM,ULUPUM01,1.0
UMAQAC,WEBKIX,1.0
UMOBEF02,UMOVEZ,1.0
UMOBEF02,UMOBEF08,1.0
UMOBEF03,UMOBEF08,1.0
UMOBEF07,UMOBEF08,1.0
UMOBEF07,UMOBEF09,1.0
UMOBEF07,UMOVEZ03,1.0
UMOBEF07,UMOVEZ04,1.0
UMOBEF07,UMOVOJ,1.0
UMOBEF09,UMOVEZ03,1.0
UMOBEF09,UMOVEZ04,1.0
UMOBEF09,UMOVOJ,1.0
UMODEH04,UMODEH10,1.0
UMODEH04,UMODEH11,1.0
UMODEH04,UMODEH15,1.0
UMODEH08,UMODEH11,1.0
UMODEH08,UMODEH15,1.0
UMODEH08,UMOZUT,1.0
UMODEH08,UMUBAH,1.0
UMODEH08,UMUBEL,1.0
UMODEH08,UMUBIP,1.0
UMODEH09,UMODEH11,1.0
UMODEH09,UMODEH15,1.0
UMODEH09,UMODEH14,1.0
UMODEH09,UMODEH20,1.0
UMODEH09,UMODEH21,1.0
UMODEH09,UMODEH22,1.0
UMODEH09,UMODEH23,1.0
UMODEH09,UMODEH24,1.0
UMODEH11,UMODEH15,1.0
UMODEH14,UMODEH15,1.0
UMODEH14,UMODEH20,1.0
UMODEH14,UMODEH21,1.0
UMODEH14,UMODEH22,1.0
UMODEH14,UMODEH23,1.0
UMODEH14,UMODEH24,1.0
UMODEH14,UMOZUT,1.0
UMODEH14,UMUBAH,1.0
UMODEH14,UMUBEL,1.0
UMODEH14,UMUBIP,1.0
UNINOW,UNINUC,1.0
UNINOW,UNINUC01,1.0
UNIROZ,UNISIU,1.0
UNIROZ,UNISEQ01,1.0
UPIXUN,UPIXUN01,1.0
UQIWIC,VURQIJ,1.0
UQIWIC,WOBNOS,1.0
URUYUD,URUZAK,1.0
URUYUD,URUZIS,1.0
URUYUD,URUZEO,1.0
URUZAK,URUZIS,1.0
URUZEO,URUZIS,1.0
USAHAZ,WORKUL,1.0
USAYOE,WUHMUJ,1.0
USEVOF,XEDMEB,1.0
USEVOF,WANJIF,1.0
UTADOK,XOKKIS,1.0
UTELIQ,UTELOW,1.0
UVAHIK,WIZMAV10,1.0
UVAHIK,WIZMAV,1.0
UVARIT,WOJZOK01,1.0
UVARIT,WOJZOK,1.0
UVARIT,UVASAM,1.0
UVASAM,WOJZOK,1.0
UVETUL,UVEVEX,1.0
UVETUL,UVEVAT,1.0
UVEVAT,UVEVEX,1.0
UWAGAB03,UWAGAB06,1.0
UWAGAB03,VAGMEX,1.0
UYAPOA,WOSZEL,1.0
UYAPOA,VOLQUJ,1.0
UYOGOF,WONBAD,1.0
UYOHUM,ZULXEL,1.0
UZUSEO,YAYPIZ,1.0
UZUSEO,WIVKIX,1.0
VABJIS,VABJUE,1.0
VABLIU,VABLUG,1.0
VABLIU,VABMER,1.0
VABLUG,VABMER,1.0
VACFOV,VIFPUY02,1.0
VACFOV,VIFPUY01,1.0
VACFOV01,VIFPUY02,1.0
VACFOV01,VIFPUY01,1.0
VACFUB,VACFUB01,1.0
VACKUI,XAFFIV,1.0
VAGTAA,YUFLIW,1.0
VAHWIM,VAHWOS02,1.0
VAHWIM,VAHWOS,1.0
VAHWIM,VAHWOS01,1.0
VAHWOS,VAHWOS01,1.0
VAJNAW,XALDAS,1.0
VAKREG,VEGMIE,1.0
VALGAT,XUGQIB,0.8999999761581421
VALWUD,WANNIL,1.0
VALXIS,VIXWEF,1.0
VAMPOR,VAMQIM,1.0
VAMWAI,WOQJIW03,1.0
VAYDEG,VAYDOQ,1.0
VEDGES,YIGGEB,1.0
VEFLUP,XIHSEN01,1.0
VEGNAY,VEGNAY01,1.0
VEHJOJ,XASNUD,1.0
VEHJOJ,XASPEP,1.0
VEHKIE,XASNUD,1.0
VEHKIE,XASPEP,1.0
VEJYEP,VEJYIT,1.0
VEJYEP,VEJYIT01,1.0
VEJYEP,VEJYOZ,1.0
VEJYEP,VEJYUF,1.0
VEJYEP,VEJYUF01,1.0
VEJYEP,VEJYUF09,1.0
VEJYEP01,VEJYUV06,1.0
VEJZEQ,VEJZUG,1.0
VEJZOA,VELVIS,1.0
VELVOY,YUDWAX,1.0
VELVOY,YUDWEB,1.0
VEMSUC,XUJPIC,1.0
VEMSUC,XUJPOI,1.0
VEMTAJ01,XAVQIU,1.0
VEMTAJ01,XAPSIS,1.0
VERZID,VIRJIQ,1.0
VERZID,YANBAR02,1.0
VESBAY,XEHSAF,1.0
VESBAY,XEHSOT,1.0
VESBEC,VESBEC01,1.0
VESBIG,VESBIG01,1.0
VESBUS,VESBUS01,1.0
VETSOE,VETTAR,0.8999999761581421
VEVFAF,ZUMNAY,1.0
VEZVUT,VEZWEE,1.0
VIFPUY01,VIFPUY04,1.0
VIFPUY02,VIFPUY04,1.0
VIKRIT,VIKSEQ,1.0
VIKSEQ,VIKSIU,1.0
VITKOA,YIQSOH,1.0
VIWMIZ,VIWMOF,1.0
VIWXIJ,VIWXOP,1.0
VIWZOR,XASPEP,1.0
VIXPUP,VIXPUP02,1.0
VIXPUP,VIXPUP01,1.0
VIXPUP01,VIXPUP02,1.0
VIXZUZ,VUNJAR,0.9624999761581421
VIYSON,VIYTAA,1.0
VOCKUT,WOPWOP,1.0
VOKBUU,VOKNEQ,0.8379999995231628
VOLPAP,XANLOP,1.0
VOLQOD,VOLQUJ,1.0
VOLQOD,VOLRAQ,1.0
VOLQUJ,WOSZEL,1.0
VONBUX,VONBUX02,1.0
VONBUX,VONBUX01,1.0
VONBUX,VONCOS,1.0
VONBUX,VONDAF,1.0
VONBUX01,VONBUX02,1.0
VONBUX01,VONCOS,1.0
VONBUX01,VONDAF,1.0
VONCOS,VONDAF,1.0
VORSAY,VORSEC,1.0
VOSWIL,VOSWOR,1.0
VOSWIL,WUPZUE,1.0
VOVKUO,XAGPUT,1.0
VOVKUO,YAQZUN,1.0
VOVKUO,VOVLAV,1.0
VOVLAV,XAGPUT,1.0
VOVLAV,YAQZUN,1.0
VUKSEB,YEKQOW,1.0
VULFIT,VULFOZ,1.0
VULKET,VULKIX,1.0
VUMCIQ,WIZSOP,1.0
VUNNEZ,VUNNID,1.0
VUNYUZ,XAGCUE,1.0
VUQJUN,VUQKAU,1.0
VUQJUN01,VUQKAU,1.0
VUQJUN01,VUQKAU01,1.0
WAMRIN,WAMRIN02,1.0
WANJIF,XEDMEB,1.0
WAPYOD,WAPZIY,1.0
WAQDOK,WAQDOK01,1.0
WAZFAH,WAZFIP,1.0
WAZFAH,WAZFOV,1.0
WAZFAH,WAZFUB,1.0
WAZFIP,WAZFOV,1.0
WAZFIP,WAZFUB,1.0
WAZFOV,WAZFUB,1.0
WECBEN,XIYYEL,1.0
WECSAZ01,WOZDEW,1.0
WECSAZ01,YIXFOC,1.0
WECSAZ01,ZEDVIP,1.0
WEHHEZ,ZOZWUI,1.0
WEHHEZ,ZOZXAP,1.0
WEHHOI,WEHJAW,1.0
WEHHOI,WEHJEA,1.0
WEHHUO,WEHJAW,1.0
WEHHUO,WEHJEA,1.0
WEHJAW,WEHJEA,1.0
WEKWIT,WEKWOZ,1.0
WEMDID,XUMBEN,1.0
WEMDID,ZIGMIN,1.0
WERCEE,WERDAB,0.8999999761581421
WESYEZ,WILDUR,1.0
WESYEZ,WILFAZ,1.0
WEWFIQ,WIVGAK,1.0
WIGPUA,WIGQIP,1.0
WIGPUA,WOYWOY,1.0
WIGQAH,WIGQIP,1.0
WIGQAH,WOYWOY,1.0
WIGQIP,WOYWOY,1.0
WIHTIS,YFORME02,1.0
WILDUR,WILFAZ,1.0
WIMWEW,XADDUD,1.0
WIMWEW,XADDOX,1.0
WIVKIX,YAYPIZ,1.0
WIWHOA,XOMPEV,1.0
WIWHOA,XOHSUJ,1.0
WIXJIW,WIXJIW01,1.0
WIZMAV,WIZMAV06,1.0
WIZMAV04,WIZMAV06,1.0
WIZMAV05,WIZMAV06,1.0
WIZMAV05,WIZMAV07,1.0
WIZMAV05,WIZMAV09,1.0
WIZMAV05,WIZMAV10,1.0
WIZMAV05,WIZMAV12,1.0
WIZMAV07,WIZMAV09,1.0
WIZMAV07,WIZMAV10,1.0
WIZMAV07,WIZMAV12,1.0
WOBMIL02,WOBMIL03,1.0
WOJYIF,WOJZOM,1.0
WOJYOL,WOJZIG,1.0
WOJYUR,XADDAJ,1.0
WOJYUR,XADDAJ01,1.0
WOPSAX,WOPSOL,1.0
WOPSAX01,WOPSOL,1.0
WOPSAX02,WOPSOL,1.0
WOPSAX02,WOPSOL01,1.0
WOPSAX02,WOQTUT,1.0
WOSMUO,XEHSAF,1.0
WOSMUO01,XEHSAF,1.0
WOYHUP,WOYJAX,1.0
WOYHUP,WOYJEB,1.0
WOYJAX,WOYJEB,1.0
WOYJIF,WOYJOL,1.0
WOZDEW,YIXFOC,1.0
WOZDEW,ZEDVIP,1.0
WUCRUH,ZOHFUZ,1.0
WUDTIA,WUDTOG,0.8999999761581421
WUKFEP,XEVHOW,1.0
WUNTIJ,WUNVAD,1.0
WUNTIJ,WUNTUV,1.0
WUNTIJ,WUNVEH,1.0
WUNTUV,WUNVAD,1.0
WUNTUV,WUNVEH,1.0
WUPTUY01,XULGIW,1.0
WUVMAB,YOXXUG,1.0
WUVMAB02,YOXXUG,1.0
WUVMAB03,YOXXUG,1.0
WUVMAB04,YOXXUG,1.0
WUXYIZ,WUXYOF,1.0
WUYPUD,YAMBIZ,1.0
WUYWAQ,WUYWIY,1.0
WUYWAQ,WUYWOE,1.0
WUYWAQ,WUZGEF,1.0
WUYWIY,WUYWOE,1.0
WUYWIY,WUZGEF,1.0
WUYWOE,WUZGEF,1.0
XACLUL,YANVIV,1.0
XACLUL,YANVIV01,1.0
XACLUL,YANVIV02,1.0
XACLUL,YEWKAP,1.0
XADCOW,YAXBUV,1.0
XADCOW,XUDSIY,1.0
XADDAJ,YICXIU,0.9099999666213989
XADDAJ01,YICXIU,0.9099999666213989
XADZIN,XADZOT,1.0
XAFBEN,XAFBOX,1.0
XAGCAM,XAGCEQ,1.0
XAGCIS,XAGCIS02,1.0
XAGCIS,XAGCIS01,1.0
XAGCIS01,XAGCIS02,1.0
XAGPON,YUBGIN,1.0
XAGPUT,YAQZUN,1.0
XAHZAI,XIJXAS,1.0
XAHZAI,ZZZRZW06,1.0
XAHZAI,ZZZLZE02,1.0
XAHZAI01,XIJXAS,1.0
XAHZAI01,ZZZRZW06,1.0
XAHZAI01,ZZZLZE02,1.0
XAHZAI02,XIJXAS,1.0
XAHZAI02,ZZZRZW06,1.0
XAHZAI02,ZZZLZE02,1.0
XAKVIP,XAKVOV,1.0
XALMII,YATDOP,1.0
XALMOO,YATDOP,1.0
XAPRIR,XAPRIR02,1.0
XASNUD,XASPEP,1.0
XAWDUX,XAWDUX01,1.0
XAWVUN,XEBHOC,1.0
XAWXUR,ZIGQIS,0.9142857193946838
XAWXUR,ZIGQEO,0.9142857193946838
XAXBAB,XEHSAF,1.0
XAXBEF,XEHSAF,1.0
XAZDIO,ZAYWUU,1.0
XEGJIE02,XEGKEB,1.0
XEGJIE02,XEGJOK,1.0
XEGJIE02,XEGJUQ,1.0
XEGJOK,XEGKEB,1.0
XEGJUQ,XEGKEB,1.0
XEHGOI,XEHGUO,1.0
XEHRUY,XEHSAF,1.0
XEHRUY,XEHSOT,1.0
XEHTIO,XOTROP,0.8999999761581421
XEMNUB,XEMPAJ,1.0
XEQNEM,YOXZOC,1.0
XEQNEM,YOXXOA03,1.0
XEQNEM,YOXXOA,1.0
XEQNEM02,YOXZOC,1.0
XEQNEM02,YOXXOA03,1.0
XEQNEM02,YOXXOA,1.0
XEVSIB,XUZRIU,1.0
XEXMAQ,XEXMEU,1.0
XEYNUM,XEYPAU,1.0
XICNOO01,XICNOO02,1.0
XIHWUI,XIHXET,1.0
XIJVIY,YEYCUC,1.0
XIJXAS,ZZZRZW14,1.0
XIJXAS,ZZZRZW13,1.0
XIKGEG01,XIKGEG02,1.0
XILLEL,XILLIP,1.0
XIVLOE,XIVLUK,1.0
XIXCIT,XIXCOZ,1.0
XIYFOA,ZIGXEU,1.0
XIZCUG,YUDWAX,1.0
XIZDIV,YUDWAX,1.0
XOBDUO,YEYLUJ,1.0
XOJWID,XOJWOJ,1.0
XOJWID,XOJXEA,1.0
XOLSOI,YEKXET,1.0
XOMHEO,YOVCAP,1.0
XOPLOE,YAVYAW01,1.0
XOPLOE,YAVYAW02,1.0
XOVFOF,XOVFOF01,1.0
XOVQUU,XOVQUU01,1.0
XOWSUY,XOWTAF,1.0
XUCHOS,XUCHOS02,1.0
XUCHOS,XUCHOS01,1.0
XUCHOS01,XUCHOS02,1.0
XUDYAX,XUDYEB,1.0
XUGDOU,XUGDUA,1.0
XUHJEQ,XUHJEQ01,1.0
XUJDAI,XUJDAI01,1.0
XUJDAI,XUJDAI03,1.0
XUJDAI,XUJDAI02,1.0
XUKJEU,YUMVOT,1.0
XUKKET01,XUKKET02,1.0
XULDEP,XULDOZ,1.0
XUMMEZ,XUMMOJ,1.0
XUMVAE01,XUMVUY,1.0
XUNHAQ,XUNSEG,1.0
XUNHAQ,XUNSOQ,1.0
XUNHAQ,XUNSAC,1.0
XUNHAQ,XUNSIK,1.0
XUNHAQ,XUNSUW,1.0
XUNHAQ,XUNTEH01,1.0
XUNJIA,XUNJOG,1.0
XUNSAC,XUNSEG,1.0
XUNSAC,XUNSOQ,1.0
XUNSAC,XUNSIK,1.0
XUNSAC,XUNSUW,1.0
XUNSAC,XUNTEH01,1.0
XUNSEG,XUNSOQ,1.0
XUNSIK,XUNSOQ,1.0
XUNSIK,XUNSUW,1.0
XUNSIK,XUNTEH01,1.0
XUVQIQ,XUVQOW,1.0
XUYYEW,XUYYIA,1.0
YANXIX04,ZNFORD,1.0
YANXIX04,ZNFORD05,1.0
YANXIX04,ZNFORD06,1.0
YANXIX04,ZNFORD08,1.0
YAVYAW01,YAVYAW02,1.0
YEFLIF01,YEFLIF02,1.0
YEFTAH,YEFTIP,0.8999999761581421
YEMGIH,YOQYIO,1.0
YESXAY,YESYUT,1.0
YESXOM,YESYON,1.0
YESYUT,YESZEE,1.0
YESZAA,YESZEE,1.0
YESZAA,YESZII,1.0
YEVQUM,YEYVOO,1.0
YEXCOW,YICPEI,1.0
YEXCOW,YEXCUC,1.0
YEXCUC,YICPEI,1.0
YFORMD02,YFORME02,1.0
YIDJAX,YIDJAX01,1.0
YIDJAX,YIVPOJ,1.0
YIGJEG,YIGJUW,1.0
YIGJEG,YIGJOQ,1.0
YIKGEF,YIKGEF01,1.0
YIMQET,YIMQOD,1.0
YINCEF,YINDAC02,1.0
YINCIJ,YINDAC02,1.0
YINCIJ,YINDAC,1.0
YINCIJ,YINDAC01,1.0
YINCIJ,YINDOQ,1.0
YINDAC,YINDAC02,1.0
YINDAC01,YINDAC02,1.0
YINDAC01,YINDOQ,1.0
YIQBEF,YIQBEF01,1.0
YIXFUI,ZEDWAI,1.0
YOMNUL,YOMNUL01,1.0
YOMNUL,YOMNUL02,1.0
YOMNUL,YOMNUL10,1.0
YOMNUL02,YOMNUL10,1.0
YOSLIB,YOSLIB03,1.0
YOSLIB02,YOSLIB03,1.0
YOXXOA,YOXXOA01,1.0
YOXXOA,YOXXOA03,1.0
YOXXOA,YOXZOC,1.0
YOXXOA01,YOXXOA03,1.0
YOXXOA01,YOXZOC,1.0
YOYPIN,YOYPOT,1.0
YOYPIN,YOYQAG,1.0
YOYPIN,YOYPUZ,1.0
YOYPOT,YOYQAG,1.0
YOYPUZ,YOYQAG,1.0
YOYQIO,YOYQUA,1.0
YOZMUX,ZOFDUV,1.0
YOZNAE,ZOFDUV,1.0
YOZNIM,ZOFDUV,1.0
YOZQAG,YOZQEK,1.0
YOZROW,YOZRUC,1.0
YOZROW,YOZSAJ,1.0
YOZRUC,YOZSAJ,1.0
YUBFUX,YUBFUX01,1.0
YUBMIS,YUDCOQ01,1.0
YUBMIS,YUBMIS01,1.0
YUBMIS,YUDCOQ,1.0
YUBMIS01,YUDCOQ01,1.0
YUBMIS01,YUDCOQ,1.0
YUCCUV,YUCDUW,0.8999999761581421
YUDCOQ,YUDCOQ01,1.0
YUKVUW01,ZNFORD06,1.0
YUKVUW01,ZNFORD08,1.0
YUNJEX,YUNJOH,1.0
YUNJEX,YUNKIC,1.0
YUNJOH,YUNKIC,1.0
YUQMUU,YUQNAB,1.0
YUSWEQ,YUSWIU,1.0
YUZBIG,YUZBOM,1.0
YUZBOM,YUZBUS,1.0
YUZPOA,ZELQAK,0.9419354796409607
ZAVPET,ZAVQIY,0.8999999761581421
ZAWBUX,ZAWCIM,1.0
ZAWBUX,ZAWCAE,1.0
ZAWCAE,ZAWCIM,1.0
ZAXLUH,ZZZFUU02,1.0
ZECKID,ZIJVOF02,1.0
ZECKID,ZIJVIZ,1.0
ZEGRIP,ZEGROV,1.0
ZEKKOR,ZEKKUX,1.0
ZESMUI,ZESNIX,0.8999999761581421
ZIHFUR,ZIHFUR01,1.0
ZIJVIZ,ZIJVOF02,1.0
ZIMSEV,ZIMSIZ,1.0
ZIQVAY,ZOFSIY,1.0
ZIQVAY,ZIQVEC,1.0
ZIQVEC,ZOFSIY,1.0
ZIWKEY,ZIWNIF,1.0
ZIWKEY,ZIWLEZ,1.0
ZIWKEY,ZIWLAV,1.0
ZIWLAV,ZIWNIF,1.0
ZIWLAV,ZIWLEZ,1.0
ZIWLEZ,ZIWNIF,1.0
ZIZTIN,ZIZTIN01,1.0
ZNGLUD,ZNGLUD01,1.0
ZNGLUD,ZNGLUD02,1.0
ZNGLUD01,ZNGLUD02,1.0
ZOMKAP,ZOMKAP01,1.0
ZOMPAU,ZOMPAU01,1.0
ZOYKAB,ZOZKAC,1.0
ZOZBAT,ZOZBEX,1.0
ZOZWUI,ZOZXAP,1.0
ZZZEJE01,ZZZEJE02,1.0
ZZZFUI02,ZZZFUI04,1.0
ZZZFUI02,ZZZFUI03,1.0
ZZZFUI03,ZZZFUI04,1.0
ZZZLZE02,ZZZRZW14,1.0
ZZZLZE02,ZZZRZW13,1.0
ZZZLZE02,ZZZRZW06,1.0
ZZZRZW06,ZZZRZW14,1.0
ZZZRZW06,ZZZRZW13,1.0
ZZZRZW13,ZZZRZW14,1.0
