source,target,weight
ABAVIJ,ABAVOP,0.9999999403953552
ABAVIJ,BOWDIC,0.9999999403953552
ABAVIJ,CIJBEE,0.9999999403953552
ABAVIJ,CEYPUT,0.9999999403953552
ABAVIJ,CEYPUT01,0.9999999403953552
ABAVIJ,AHETAK,0.9999999403953552
ABAVIJ,BASJUB,0.5499999523162842
ABAVIJ,BOWDOI,0.9999999403953552
ABAVIJ,BOWDUO,0.9999999403953552
ABAVIJ,CEBGAS,0.4535714089870453
ABAVIJ,DARYIF,0.9977757334709167
ABAVOP,CEYPUT,0.9999999403953552
ABAVOP,BOWDOI,0.9999999403953552
ABAVOP,BOWDIC,0.9999999403953552
ABAVOP,AHETAK,0.9999999403953552
ABAVOP,ABAVUV,0.9999999403953552
ABAVOP,BIPXIK,0.9999999403953552
ABAVOP,BOWDUO,0.9999999403953552
ABAVOP,BUVNIR,0.9977757334709167
ABAVOP,CEBGAS,0.4535714089870453
ABAVOP,CEYPUT01,0.9999999403953552
ABAVOP,CIJBEE,0.9999999403953552
ABAVOP,CUCFOX,0.44189342856407166
ABAVOP,DARYIF,0.9977757334709167
ABAVUV,CEYPUT,0.9999999403953552
ABAVUV,CIJBEE,0.9999999403953552
ABAVUV,BOWDIC,0.9999999403953552
ABAVUV,BOWDOI,0.9999999403953552
ABAYIM,ABAYOS,1.0
ABAYIM,ABAYOS01,1.0
ABAYIM,DEGBUO,0.9848994612693787
ABAYIM,ASUQOV,0.9821665287017822
ABAYIM,DEGBOI,0.9794056415557861
ABAYIM,DASLIT,0.4650952219963074
ABAYIM,DATPIY,0.47735798358917236
ABAYIO,DEPXIG,1.0
ABAYIO,DEPXOM,1.0
ABAYIO,CIBTIT,1.0
ABAYIO,CIGXIA,0.9989085793495178
ABAYIO,CEHLAD,0.9974996447563171
ABAYIO,AVEVOO02,0.6684210300445557
ABAYIO,CEHKUW,0.9970499873161316
ABAYIO,CUMLUT,0.9970499873161316
ABAYOS,ABAYOS01,1.0
ABAYOS,DEGBUO,0.9848994612693787
ABAYOS,ASUQOV,0.9821665287017822
ABAYOS,DEGBOI,0.9794056415557861
ABAYOS,DASMAM,0.4651286005973816
ABAYOS,DATPIY,0.47735798358917236
ABAYOS01,DEGBUO,0.9848994612693787
ABAYOS01,ASUQOV,0.9821665287017822
ABAYOS01,DEGBOI,0.9794056415557861
ABAYOS01,DASLIT,0.4650952219963074
ABAYOS01,DASMAM,0.4651286005973816
ABAYOU,CIFMIP,0.9999999403953552
ABAYOU,AVUCEA,0.9999999403953552
ABAYOU,CIPLIX,0.9999999403953552
ABAYOU,CIGXIA,0.9996292591094971
ABAYOU,DIHVIB,0.9996275901794434
ABAYOU,ABEMIF,0.9996275901794434
ABAYOU,ALIXID,0.699999988079071
ABAYOU,BEXVAD01,0.699999988079071
ABAYOU,BODPAN,0.9996275901794434
ABAYOU,CELZOK,0.7316931486129761
ABAYOU,CIRTAB,0.5499999523162842
ABEFUL,DIBJEF,0.9998192191123962
ABEFUL,DIBJIJ,0.9998192191123962
ABEFUL,COKROL,0.6292967796325684
ABEFUL,COKRUR,0.6152142286300659
ABEFUL,CAYYEG,0.60692298412323
ABEMIF,DIHVIB01,1.0
ABEMIF,DIHVIB,1.0
ABEMIF,BODPAN,1.0
ABEMIF,AVUCEA,0.9996275901794434
ABEMIF,AHEBAS,0.4724137783050537
ABEMIF,ALAMUW,0.550000011920929
ABEMIF,ALIXUP,0.7000000476837158
ABEMIF,APUPEH,0.6499999761581421
ABEMIF,ASOSUY,0.6684210300445557
ABEMIF,BABREE,0.7749999761581421
ABEMIF,BAXGEP,0.64000004529953
ABEMIF,CELZIE,0.6378308534622192
ABEMIF,CELZOK,0.7331249713897705
ABEMIF,DALSOA,0.7749999761581421
ABIWOX,ADONEP,0.9996275901794434
ABIWOX,BUKMUQ01,0.9977757334709167
ABIWOX,BUKMUQ,0.9977757334709167
ABIWOX,BIYTOU,0.9972895383834839
ABIWOX,DITHEW,0.9963989853858948
ABIWOX,ACAJOG,0.7257145643234253
ABIWOX,ACAKEX,0.7257145643234253
ABIWOX,AMAFOK,0.6567704677581787
ABIWOX,AMAFUQ,0.6567704677581787
ABIWOX,AMAGAX,0.6567704677581787
ABIWOX,AVIPAX,0.9963152408599854
ABIWOX,AVIPOL,0.9963152408599854
ABIWOX,BIYSUZ,0.970555305480957
ABIWOX,BIYTEK,0.7260869145393372
ABIWOX,BIYVEM,0.9680224657058716
ABIWOX,BIYVIQ,0.9702855944633484
ABUFOU,ABUFUA,0.9989085793495178
ABUFOU,CUTKUY,0.9819706082344055
ABUFOU,AYOQEM,0.7250717878341675
ABUFOU,CIBTIR,0.7080575823783875
ABUFOU,ASALEL,0.5796424746513367
ABUFOU,CUBBEI,0.3974996507167816
ABUFUA,CUTKUY,0.9800522327423096
ABUFUA,AYOQEM,0.7285497188568115
ABUFUA,CIBTIR,0.7061392068862915
ABUFUA,BIVXEK,0.5817720890045166
ABUFUA,CUBBEI,0.398288369178772
ABUWOJ,BADZAK,1.0
ABUWOJ,CUZBUW,0.9977757334709167
ABUWOJ,BUKLOJ01,0.9977757334709167
ABUWOJ,BUKLOJ,0.9977757334709167
ABUWOJ,AVOFUM,0.9944032430648804
ABUWOJ,AFOWOK,0.48194971680641174
ABUWOJ,AHOBAB,0.7327938079833984
ABUWOJ,AVILAT,0.6117854118347168
ABUWOJ,AWEYAE,0.7000000476837158
ABUWOJ,AXOCEW,0.6142857670783997
ABUWOJ,BECKOM,0.5658006072044373
ABUWOJ,BUZHIO,0.4629020690917969
ABUWOJ,CEJWAR,0.7352941632270813
ABUWOJ,CUSXIY,0.7352941632270813
ABUWOJ,DAWCIP,0.7000000476837158
ABUWOJ,DAWCOV,0.697499692440033
ABUWOJ,SABVUN01,0.9927337765693665
ACAFAO,CEZZIR,0.7749999761581421
ACAFAO,CEZZEN,0.7749999761581421
ACAFAO,CEJXEW,0.6753767728805542
ACAFAO,AFOVIB,0.6751185655593872
ACAFAO,AFOVAT,0.6742779016494751
ACAFAO,AXIMUP,0.39766624569892883
ACAFAO,BELHOR,0.6021066308021545
ACAFAO,BIZLUT,0.5971158742904663
ACAFAO,BIZMAA,0.3890162408351898
ACAJIY,AFADAN,0.3316216468811035
ACAJIY,CUBKUF,0.3215804994106293
ACAJIY,ARUJED,0.28840872645378113
ACAJIY,COPTUX,0.28840872645378113
ACAJIY,CABSIK,0.28239116072654724
ACAJOG,ADONEP,0.7260869741439819
ACAJOG,DITHOG,0.7239177823066711
ACAJOG,DITJOI,0.7239177823066711
ACAJOG,DITJEY01,0.7239177823066711
ACAKEX,ADONEP,0.7260869741439819
ACAKEX,DITJOI,0.7239177823066711
ACAKEX,DITHUM,0.7239177823066711
ACAKEX,DITHOG,0.7239177823066711
ACAKUM,ACALAT,0.9987545013427734
ACAKUM,ACALEX,0.9985291957855225
ACAKUM,ACALIB,0.9978838562965393
ACAKUM,CUTBIE,0.8199999928474426
ACAKUM,CUTBEA,0.8187544345855713
ACALAT,ACALEX,0.9998192191123962
ACALAT,ACALIB,0.999313473701477
ACALAT,CUTBEA,0.8199999332427979
ACALAT,CUTBOK,0.8198192119598389
ACALAT,CUTBIE,0.8187544345855713
ACALEX,ACALIB,0.9994291663169861
ACALEX,CUTBOK,0.8199999332427979
ACALEX,CUTBEA,0.8198192119598389
ACALEX,CUTBIE,0.8185291886329651
ACALIB,CUTBOK,0.8194291591644287
ACALIB,CUTBEA,0.8193134665489197
ACAZEK,CAVCEI,0.33713769912719727
ACAZEK,ACRNCU01,0.29694679379463196
ACAZEK,COFORM10,0.20963770151138306
ACAZEK,AZPYCD,0.20935919880867004
ACAZEK,DENVOI,0.20588237047195435
ACENIF,AWEYUX,0.4888039529323578
ACENIF,AWEZAE,0.4888039529323578
ACENIF,AVULEJ,0.4888039529323578
ACENIF,AVULAF,0.4888039529323578
ACENIF,AVUKUY,0.4888039529323578
ACIBIY,CNPRCV,0.9996275901794434
ACIBIY,CIQYUX,0.32499998807907104
ACIBIY,CABQEB,0.32499998807907104
ACIBIY,DAYMAS,0.32277578115463257
ACIBIY,BELYIC,0.3213152289390564
ACIBIY,ACRNCU,0.21212758123874664
ACIBOE,AGIREP,1.0
ACIBOE,CEHLAD,1.0
ACIBOE,CADPII,1.0
ACIBOE,BEQKAM,1.0
ACIBOE,CIGXIA,0.9982883334159851
ACIBOE,ALANAD,0.550000011920929
ACIBOE,CIBTIT,0.9974996447563171
ACIBOE,CUVTIX,0.43000003695487976
ACIBOE,DEPXIG,0.9974996447563171
ACIBOE,DEPXOM,0.9974996447563171
ACICOH,AKOXIJ,1.0
ACICOH,BAHGUN02,0.9999494552612305
ACICOH,BAHGUN01,0.9999494552612305
ACICOH,BAHGUN03,0.9999494552612305
ACICOH,BAHGUN04,0.9999494552612305
ACMPCD,DEFFEC,0.9968591928482056
ACMPCD,COBWEV,0.7300000190734863
ACMPCD,CURZEV,0.7183676362037659
ACMPCD,CYTPCD10,0.5263158082962036
ACMPCD,COBWIZ,0.4629032015800476
ACOBEC,CAVMUJ01,1.0
ACOBEC,BADJIC,1.0
ACOBEC,BADHOG,1.0
ACOBEC,BADHUM,1.0
ACOBEC,BADHUM01,1.0
ACOBEC,BADHIA,1.0
ACOBEC,BADJAU,1.0
ACOBEC,CAVMUJ,1.0
ACOBEC,CAVMUJ02,1.0
ACOBEC,RUBTAK02,0.9972875118255615
ACOBEC,SURKAT,0.9972875118255615
ACODAA,ACODEE,1.0
ACODAA,AQOMAW,0.8408057689666748
ACODAA,COJHIT,0.8408057689666748
ACODAA,BIBXUH,0.8399870991706848
ACODAA,AFOYOK,0.8397262096405029
ACODAA,ADUJER,0.5654772520065308
ACODAA,AQOLOJ,0.30732160806655884
ACODAA,BIBXOB,0.548810601234436
ACODAA,BUPDUM,0.27162665128707886
ACODAA,BUPFAU,0.27162665128707886
ACODAA,BUPFEY,0.27162665128707886
ACODED,BELTUJ,0.9996275901794434
ACODED,COGNAO,0.9965804815292358
ACODED,ACODIH,0.9965804815292358
ACODED,CESQUP,0.9965804815292358
ACODED,BELTOD,0.9950717687606812
ACODEE,AQOMAW,0.8408057689666748
ACODEE,COJHIT,0.8408057689666748
ACODEE,BIBXUH,0.8399870991706848
ACODEE,AFOYOK,0.8397262096405029
ACODEE,ADUJER,0.5654772520065308
ACODEE,AQOLOJ,0.30732160806655884
ACODEE,BIBXOB,0.548810601234436
ACODEE,BUPDUM,0.27162665128707886
ACODEE,BUPFAU,0.27162665128707886
ACODEE,BUPFEY,0.27162665128707886
ACODIH,COGNAO,1.0
ACODIH,CESQUP,1.0
ACODIH,BELTUJ,0.9977757334709167
ACODIH,BELVEV,0.9974996447563171
ACODIH,BELVAR,0.9974996447563171
ACODIH,BELTOD,0.9974996447563171
ACODIH,CAVVOM,0.7260869741439819
ACODON,DARDUX,1.0
ACODON,DARDIL,0.9998192191123962
ACODON,DARFOT,0.999731719493866
ACODON,BIJTAS,0.9995911717414856
ACODON,DARFAF,0.9995911717414856
ACODON,CUKJUO,0.7259061932563782
ACODON,DARCOQ,0.9967017769813538
ACOFEG,ACOFIK,0.9998192191123962
ACOFEG,DANFUW,0.967766523361206
ACOFEG,ACUREY,0.967766523361206
ACOFEG,CEZYOY,0.7065842151641846
ACOFEG,AQIQAU,0.7031951546669006
ACOFEG,ATUXEU,0.5090909004211426
ACOFIK,DANFUW,0.9688132405281067
ACOFIK,ACUREY,0.9688132405281067
ACOFIK,CEZYOY,0.7077587246894836
ACOFIK,AQIQAU,0.7039353847503662
ACOFIK,ATUXEU,0.5089101195335388
ACOGAB,ACOGEF,1.0
ACOGAB,AVAQIX,0.4599999785423279
ACOGAB,CESNUM,0.4599999785423279
ACOGAB,AVAQIX01,0.4599999785423279
ACOGAB,DIWFAT,0.45704999566078186
ACOGEF,AVAQIX,0.4599999785423279
ACOGEF,CESNUM,0.4599999785423279
ACOGEF,AVAQIX01,0.4599999785423279
ACOGEF,DIWFAT,0.45704999566078186
ACOLOV,CAZNEY,0.9939473867416382
ACOLOV,ADODII,0.9812385439872742
ACOLOV,ADODUU,0.9808584451675415
ACOLOV,ADODOO,0.9801182150840759
ACOLOV,AROFET,0.8961538076400757
ACOLOV,AROFAP,0.8961538076400757
ACOLOV,CUTKEI,0.892389178276062
ACOLOV,CUYWUP,0.8884344696998596
ACOVEU,CEKYIC,0.9939473867416382
ACOVEU,BIRGAM,0.9939473867416382
ACOVEU,AHIJOQ,0.9788232445716858
ACOVEU,AHIJOQ01,0.9788232445716858
ACOVEU,BAKWIV,0.9705662131309509
ACOVEU,AFOYEB,0.7230768799781799
ACOVEU,AGOXAL,0.322137713432312
ACOVEU,DANWUL,0.39962929487228394
ACOVEU,DISROP,0.4477030038833618
ACRNCU,CIZTIP,0.23905205726623535
ACRNCU,CNPRCV,0.21250000596046448
ACRNCU,DEPWAX,0.21250000596046448
ACRNCU,DEPVUQ,0.21250000596046448
ACRNCU01,CDCYAC,0.2999730110168457
ACRNCU01,AXOFOJ01,0.2638217806816101
ACRNCU01,AXOFOJ,0.2638217806816101
ACRNCU01,AHOKIR,0.25882354378700256
ACRNCU01,DACQOQ,0.2582014203071594
ACUBOP,ACUBOP01,1.0
ACUBOP,CEJFUU,0.9970499873161316
ACUBOP,CURSEO,0.9955214262008667
ACUBOP,CEJGAB,0.9955214262008667
ACUBOP,CEJFOO,0.9939473867416382
ACUBOP,ASALOV,0.48571428656578064
ACUBOP,BINBIM,0.4692307710647583
ACUBOP01,CEJFUU,0.9970499873161316
ACUBOP01,CURSEO,0.9955214262008667
ACUBOP01,CEJGAB,0.9955214262008667
ACUBOP01,CEJFOO,0.9939473867416382
ACUBOP01,AKOBAF,0.4599999785423279
ACUBOP01,ASALOV,0.48571428656578064
ACUBOP01,BINBIM,0.4692307710647583
ACUGAH,AQEGUZ,0.9514781832695007
ACUGAH,AMIWID,0.42471155524253845
ACUGAH,AMIWUP,0.42219462990760803
ACUGAH,AMIWOJ,0.4220850467681885
ACUGAH,AFOJIO,0.4220850467681885
ACUREY,DANFUW,1.0
ACUREY,CEZYOY,0.7394230961799622
ACUREY,BEPREV01,0.7230769395828247
ACUWIH,ACUWON,0.9972895383834839
ACUWIH,CUQXAP,0.6632139682769775
ACUWIH,CUQXIX,0.662764310836792
ACUWIH,CIRTAB,0.5881986618041992
ACUWIH,ALIXID,0.5472895503044128
ACUWIH,AFENOQ,0.5022895336151123
ACUWIH,AFENOQ01,0.5022895336151123
ACUWIH,CIDCAW,0.50204998254776
ACUWON,CUQXAP,0.6634900569915771
ACUWON,CUQXIX,0.6596616506576538
ACUWON,CIRTAB,0.5909090638160706
ACUWON,ALIXID,0.5499999523162842
ACUWON,AFENOQ,0.5049999356269836
ACUWON,AFENOQ01,0.5049999356269836
ACUWON,CIDCAW,0.4989473521709442
ACUXAY,DIYREK,0.44161728024482727
ACUXAY,CEQPOG,0.438040167093277
ACUXAY,BOYFUS,0.4120500087738037
ACUXAY,DIVRAD,0.4046066403388977
ACUXAY,ASELIV,0.4046066403388977
ACUXAY,BUTXOE,0.3563830852508545
ACUXUU,ACUYAB,1.0
ACUXUU,BUNLAZ,0.8427040576934814
ACUXUU,BUNKUS,0.8427040576934814
ACUXUU,AVOFUM,0.8199999928474426
ACUXUU,COMDOY,0.8190034627914429
ACUYAB,BUNLAZ,0.8427040576934814
ACUYAB,BUNKUS,0.8427040576934814
ACUYAB,AVOFUM,0.8199999928474426
ACUYAB,COMDOY,0.8190034627914429
ADAQAA,CEMBII,0.6192307472229004
ADAQAA,AFOTOF,0.6135950684547424
ADAQAA,AFOTUL,0.6133807897567749
ADAQAA,AFOVIB,0.6133251786231995
ADAQAA,CEJXEW,0.6132037043571472
ADARAA,BIPSUQ,0.748464822769165
ADARAA,DAJVES,0.6651162505149841
ADARAA,DAJWET,0.6614315509796143
ADARAA,BEWCUD,0.6577757596969604
ADARAA,COKROL,0.6460211277008057
ADASAB,BOVHEB,0.8559554815292358
ADASAB,DEFTAL01,0.8308775424957275
ADASAB,DEFTAL,0.8308775424957275
ADASAB,ADASEF,0.7942857146263123
ADASAB,DACZUF,0.7939132452011108
ADASEF,DACZUF,0.9996275901794434
ADASEF,ASEJOZ01,0.8235306739807129
ADASEF,ASEJIT,0.8235306739807129
ADASEF,ASEKAM,0.8235306739807129
ADASEF,ASEJOZ,0.8235306739807129
ADASEF,ADATIK,0.7146341800689697
ADASEF,BOVHEB,0.8056713938713074
ADASEF,CISMAU,0.7427343726158142
ADASEF,CISMEY,0.7384345531463623
ADASEF,CISMEY01,0.7384345531463623
ADASEF,CISMIC,0.745781421661377
ADASEF,DEFTAL,0.7814457416534424
ADASEF,DEFTAL01,0.7814457416534424
ADASIJ,ADASUV,0.9996275901794434
ADASIJ,ADASOP,0.9965804815292358
ADASIJ,BUCWAZ,0.9562806487083435
ADASIJ,AVIMOI,0.7565805315971375
ADASIJ,AVIMIC,0.7565805315971375
ADASIJ,BEXRUT,0.6999495029449463
ADASIJ,BEXSII,0.7000000476837158
ADASIJ,CAJQEL,0.7428571581840515
ADASOP,ADASUV,0.9977757334709167
ADASOP,BUCWAZ,0.9602353572845459
ADASOP,AVIMIC,0.7600000500679016
ADASOP,AVIMOI,0.7600000500679016
ADASOP,ADATAC,0.6657143235206604
ADASOP,BEXSAA,0.697499692440033
ADASOP,CAJQEL,0.7394376397132874
ADASUV,BUCWAZ,0.9579473733901978
ADASUV,AVIMOI,0.7577757835388184
ADASUV,AVIMIC,0.7577757835388184
ADASUV,BEXSEE,0.699999988079071
ADASUV,CAJQEL,0.7424846887588501
ADATAC,DEGMAG01,0.6977757811546326
ADATAC,DEGMAG,0.6977757811546326
ADATAC,CIJBAB,0.6674572825431824
ADATAC,CIJBIJ,0.665722131729126
ADATIK,DACZUF,0.7142617702484131
ADATIK,DEFTAL01,0.6996276378631592
ADATIK,DEFTAL,0.6996276378631592
ADATIK,BOVHEB,0.6815804839134216
ADATIK,BUXNOZ,0.5600000023841858
ADATOQ,ADATUW,1.0
ADATOQ,ADAVEI,1.0
ADATOQ,ADAVIM,0.7923077344894409
ADATOQ,ADAVAE,0.5199999809265137
ADATOQ,ARINUL,0.38418084383010864
ADATUW,ADAVEI,1.0
ADATUW,ADAVIM,0.7923077344894409
ADATUW,ADAVAE,0.5199999809265137
ADATUW,ARINUL,0.38418084383010864
ADAVAE,ADAVEI,0.5199999809265137
ADAVAE,ADAVIM,0.4176470935344696
ADAVAE,CUSQOX,0.36442676186561584
ADAVEI,ADAVIM,0.7923077344894409
ADAVEI,ARINUL,0.38418084383010864
ADAVIM,ARINUL,0.366946816444397
ADEGEY,DADXUE,0.6318181753158569
ADEGEY,CIFDUS,0.6288681626319885
ADEGEY,CIFDOM,0.6288681626319885
ADEGEY,CAGSAG,0.6280535459518433
ADEGEY,AVOFUM,0.6179118156433105
ADEGIA,ATIKAP,1.0
ADEGIA,ADEGIA01,1.0
ADEGIA,ALUKAU,0.999916136264801
ADEGIA,ATIKET,0.999916136264801
ADEGIA,AMIXIE,0.9998304843902588
ADEGIA,ATIJUI,0.9989266395568848
ADEGIA,AVAQET,0.9996404051780701
ADEGIA,CEJXOG,0.9998304843902588
ADEGIA01,ATIKAP,1.0
ADEGIA01,ALUKAU,0.999916136264801
ADEGIA01,ATIKET,0.999916136264801
ADEGIA01,AMIXIE,0.9998304843902588
ADEGIA01,AVAQET,0.9996404051780701
ADEGIA01,CUHYUB,0.7000000476837158
ADEZUH,BUQROV,1.0
ADEZUH,CUMJEB,0.5295687317848206
ADEZUH,ARAXEX,0.5026869773864746
ADEZUH,CAYDOX02,0.5000287890434265
ADEZUH,CAYDEN,0.5000287890434265
ADEZUH,AVOGEZ,0.4138824939727783
ADEZUH,BERRUN,0.44035306572914124
ADEZUH,BERSOI,0.4337354004383087
ADEZUH,BOQLEZ,0.34008193016052246
ADEZUH,BOQLID,0.35118618607521057
ADEZUH,CAXWUV,0.4267679452896118
ADEZUH,CUMJAX,0.4305211305618286
ADINCU,CUSYUM,1.0
ADINCU,CUSZIB,1.0
ADINCU,CUXLEO,1.0
ADINCU,CUTMAH,1.0
ADINCU,CUTCYM02,1.0
ADINUZ,CUQYEU,0.6557424068450928
ADINUZ,CEKWEW,0.654339075088501
ADINUZ,BEFKEF01,0.6512410044670105
ADINUZ,BEFKEF,0.6512410044670105
ADINUZ,COLPEA,0.6389763355255127
ADINUZ,BADNOM,0.5444403886795044
ADIPUA,ADIQAH,1.0
ADIPUA,AVELOD,0.4374999701976776
ADIPUA,AVELUJ,0.43744945526123047
ADIPUA,AVEMAQ,0.43744945526123047
ADIPUA,DEZCER,0.43257176876068115
ADIPUA,ARINUL,0.4000000059604645
ADIQAH,AVELOD,0.4374999701976776
ADIQAH,AVELUJ,0.43744945526123047
ADIQAH,AVEMAQ,0.43744945526123047
ADIQAH,DEZCER,0.43257176876068115
ADIQAH,ARINUL,0.4000000059604645
ADIQEL,BOWDUO,0.5
ADIQEL,CEYPUT01,0.5
ADIQEL,AHETAK,0.5
ADIQEL,BOWDOI,0.5
ADIQEL,CEYPUT,0.5
ADIYAO,BISPAU,0.454403281211853
ADIYAO,CUYDEG,0.4432915449142456
ADIYAO,BACZIR,0.43190324306488037
ADIYAO,CEXJUN02,0.3881232738494873
ADIYAO,CEXJUN,0.3881232738494873
ADIYAO,AQOLOJ,0.3153195381164551
ADODAA,BUKTEI,0.9965804815292358
ADODAA,BUKTIM,0.9965804815292358
ADODAA,BUKTOS,0.9965804815292358
ADODAA,BUKRUW,0.9965804815292358
ADODAA,BUKTAE,0.9965804815292358
ADODII,ADODOO,0.9987545013427734
ADODII,ADODUU,0.9985291957855225
ADODII,CAZNEY,0.970555305480957
ADODII,AROFET,0.8773923516273499
ADODOO,ADODUU,0.9998192191123962
ADODOO,CAZNEY,0.9695334434509277
ADODOO,AROFET,0.8762720227241516
ADODUU,CAZNEY,0.9702855944633484
ADODUU,AROFAP,0.8770122528076172
ADOGEH,CAXTEC,0.8692594170570374
ADOGEH,DETRAX,0.6139132976531982
ADOGEH,AYUFIL,0.6112325191497803
ADOGEH,DIXCET,0.5796300172805786
ADOGEH,CUVHIL01,0.5643385052680969
ADOGEH,CAVNOE,0.3585122525691986
ADOGEH,CUVHEH,0.5643385052680969
ADOGEH,CUVHIL,0.5643385052680969
ADOGEH,CUVHIL02,0.5643385052680969
ADONEP,DITHEW,0.9978308081626892
ADONEP,DITHAS,0.9978308081626892
ADONEP,DITJEY,0.9978308081626892
ADONEP,DITHUM,0.9978308081626892
ADONEP,AMAFOK,0.6571428775787354
ADONEP,AMAFUQ,0.6571428775787354
ADONEP,AMAGAX,0.6571428775787354
ADONEP,BIYTAG,0.9671784043312073
ADONEP,BIYTEK,0.7257145643234253
ADONEP,BUKMUQ,0.9965804815292358
ADONEP,BUKMUQ01,0.9965804815292358
ADOXUP,CUSBUO,0.7645733952522278
ADOXUP,AWEJAO,0.49424412846565247
ADOXUP,BUTQUC,0.4512729048728943
ADOXUP,BEYKEX,0.4060707688331604
ADOXUP,CEJSUG,0.40597888827323914
ADUFOX,BAXSIE,0.9954933524131775
ADUFOX,BOHXED,0.9932109713554382
ADUFOX,BOVLII,0.9781790375709534
ADUFOX,CAYQAV,0.9606602787971497
ADUFOX,BUXNOZ,0.5450717806816101
ADUJER,AQOMAW,0.6140364408493042
ADUJER,BIBXUH,0.5199999809265137
ADUJER,AFOYOK,0.5199494361877441
ADUROI,DEXKEZ,0.7652416229248047
ADUROI,DIMDAG,0.6587353944778442
ADUROI,CEKHIL,0.6321507692337036
ADUROI,DEBBIY,0.621052622795105
ADUROI,DAZZUC,0.6172879934310913
ADUROI,ATEXII,0.4521739184856415
ADUROI,BABCUE,0.5359612107276917
ADUVAZ,DEMNOB,0.625
ADUVAZ,BAZBIQ,0.6232883334159851
ADUVAZ,ALOLIY,0.6224996447563171
ADUVAZ,AVESOL,0.6040000319480896
ADUVAZ,AGAFAS,0.6017757654190063
ADUWIH,ADUWON,0.9965023994445801
ADUWIH,CAJQEL,0.5874896049499512
ADUWIH,COXFOL,0.579918622970581
ADUWIH,DAFHEZ,0.579918622970581
ADUWIH,DAFHOJ,0.5796424746513367
ADUWON,CAJQEL,0.5908585786819458
ADUWON,DAFHID,0.5821428298950195
ADUWON,BARZEA,0.58209228515625
ADUWON,DAFHEZ,0.5818935632705688
AFADAN,DITPUT,0.5676292181015015
AFADAN,DITPON,0.5669085383415222
AFADAN,CABSIK,0.549629271030426
AFADAN,DILJOA,0.5005948543548584
AFADAN,BEZKOI,0.45006686449050903
AFAFAR,ASUBIB,0.9996340870857239
AFAFAR,AZAYAD,0.9594981670379639
AFAFAR,CAVWOO,0.7000000476837158
AFAFAR,AVIHIY,0.6999804377555847
AFAFAR,DIGPER,0.6999161839485168
AFAFAR,AVETUS02,0.5485397577285767
AFAFAR,AVEVAA02,0.5485397577285767
AFAFAR,AVEVEE02,0.5642203092575073
AFAFAR,CAJQIP,0.4929956793785095
AFENEE,ARINUL,0.508375346660614
AFENEE,CUCFOX,0.49440330266952515
AFENEE,CESYEF,0.4535714387893677
AFENEE,CESYEF01,0.4535714387893677
AFENEE,BOWDOI,0.45070910453796387
AFENOQ,AFENOQ01,0.9999999403953552
AFENOQ,CIDCAW,0.5225188136100769
AFENOQ,ALIXID,0.49705880880355835
AFENOQ,ASUXAP,0.4888167679309845
AFENOQ,BELXUN,0.4003303349018097
AFENOQ01,CIDCAW,0.5225188136100769
AFENOQ01,ALIXID,0.49705880880355835
AFENOQ01,ASUXAP,0.4888167679309845
AFENOQ01,BELXUN,0.4003303349018097
AFIPUB,BAQXOG01,0.9970499873161316
AFIPUB,BAQXOG,0.9970499873161316
AFIPUB,BAQMOW,0.9970499873161316
AFIPUB,BAQXOG02,0.9970499873161316
AFIPUB,BAQXOG03,0.9970499873161316
AFIPUB,BITLUL,0.9837952852249146
AFIPUB,DECVIT,0.9837952852249146
AFIXAO,AFIXES,0.9999999403953552
AFIXAO,CUIMDZ03,0.9996275901794434
AFIXAO,CUIMDZ01,0.9996275901794434
AFIXAO,BAYQAU11,0.9939473867416382
AFIXAO,BAYQAU01,0.9939473867416382
AFIXAO,BAYPUN,0.9881815314292908
AFIXAO,BAYQAU,0.9939473867416382
AFIXAO,DIBXIW,0.3139132857322693
AFIXES,CUIMDZ03,0.9996275901794434
AFIXES,CUIMDZ01,0.9996275901794434
AFIXES,BAYQAU11,0.9939473867416382
AFIXES,BAYQAU01,0.9939473867416382
AFIXES,BAYPUN,0.9881815314292908
AFIXES,BAYQAU,0.9939473867416382
AFOJIO,AMIWOJ,1.0
AFOJIO,AMIXAW,0.999916136264801
AFOJIO,AMIXEA,0.9998704195022583
AFOJIO,AMIWID,0.9994805455207825
AFOJIO,AMIWUP,0.9992827773094177
AFOJIO,AFOXAX,0.5243816375732422
AFOJIO,BETXIK,0.6586332321166992
AFORCD,CAHMON03,1.0
AFORCD,CAHMON01,1.0
AFORCD,CAHMON02,1.0
AFORCD,CAHMON,1.0
AFORCD,ATICAH,0.9970499873161316
AFORCD,BIFORM,0.9954773783683777
AFORCD,BIYLAW01,0.9921848177909851
AFOTOF,CEJXEW,0.9998192191123962
AFOTOF,AFOTUL,0.9996544122695923
AFOTOF,AFOVIB,0.9994805455207825
AFOTOF,AFOVAT,0.9987545013427734
AFOTOF,AFOVOH,0.9985299110412598
AFOTOF,AFOVEX,0.9829657673835754
AFOTOF,BIKNOB,0.7080007195472717
AFOTOF,BIKNUH,0.7080007195472717
AFOTOF,BUNKUS,0.8443642854690552
AFOTOF,BUNLAZ,0.8443642854690552
AFOTOF,CEMBII,0.994364321231842
AFOTOF,DEKYOK,0.6476452946662903
AFOTOF,DERBIO,0.9695334434509277
AFOTOF,DITJOH,0.7693642973899841
AFOTUL,AFOVIB,0.9996404051780701
AFOTUL,CEJXEW,0.9990724921226501
AFOTUL,AFOVAT,0.9983987212181091
AFOTUL,AFOVOH,0.9970894455909729
AFOTUL,AFOVEX,0.9782870411872864
AFOTUL,BIKNOB,0.7077864408493042
AFOTUL,BIKNUH,0.7077864408493042
AFOTUL,BUNKUS,0.8441500067710876
AFOTUL,BUNLAZ,0.8441500067710876
AFOTUL,CEMBII,0.9941500425338745
AFOVAT,AFOVOH,0.9987369775772095
AFOVAT,CEJXEW,0.9985291957855225
AFOVAT,AFOVIB,0.997765302658081
AFOVAT,AFOVEX,0.9826657772064209
AFOVAT,AZAVUU,0.7684215903282166
AFOVAT,BIPKIW,0.6820579767227173
AFOVAT,CEFNIN,0.8184215426445007
AFOVAT,CEMBII,0.9930660724639893
AFOVAT,DERBIO,0.970555305480957
AFOVEX,AFOVOH,0.9901461601257324
AFOVEX,CEJXEW,0.9847605228424072
AFOVIB,CEJXEW,0.9992827773094177
AFOVIB,AFOVOH,0.9964936971664429
AFOVIB,BIKNOB,0.7077308297157288
AFOVIB,BIKNUH,0.7077308297157288
AFOVIB,BUNKUS,0.8440943956375122
AFOVIB,BUNLAZ,0.8440943956375122
AFOVIB,CEMBII,0.9940944314002991
AFOVIB,DITJIB,0.7720036506652832
AFOVOH,CEJXEW,0.9987543821334839
AFOVOH,AZAVUU,0.7693384885787964
AFOVOH,BIPKIW,0.6829748749732971
AFOVOH,CEFNIN,0.8193384408950806
AFOVOH,DERBIO,0.9705662131309509
AFOWOK,BIDPAH,0.5299288630485535
AFOWOK,AJAKON,0.4937499761581421
AFOWOK,AVOFUM,0.4825734794139862
AFOWOK,BADZAK,0.48194971680641174
AFOXAX,AGEHAY,0.5444459915161133
AFOXAX,AMIWID,0.5280487537384033
AFOXAX,DEJJEK,0.528017520904541
AFOXAX,AMIWUP,0.5248807668685913
AFOYAW,AFOYIE,1.0
AFOYAW,AQAJEI,0.6444065570831299
AFOYAW,CETNUL,0.5013716220855713
AFOYAW,DECJON,0.4803968071937561
AFOYAW,BOWZUK,0.41800907254219055
AFOYEB,BIRGAM,0.7170243263244629
AFOYEB,CEKYIC,0.7170243263244629
AFOYEB,AHIJOQ,0.7019001841545105
AFOYEB,AHIJOQ01,0.7019001841545105
AFOYEB,AGOXAL,0.37406080961227417
AFOYIE,AQAJEI,0.6444065570831299
AFOYIE,CETNUL,0.5013716220855713
AFOYIE,DECJON,0.4803968071937561
AFOYIE,BOWZUK,0.41800907254219055
AFOYOK,BIBXUH,0.9999494552612305
AFOYOK,COJHIT,0.9996275901794434
AFOYOK,AQOMAW,0.7296276092529297
AFOYOK,BALNAG,0.6099494695663452
AFOYOK,BIBXOB,0.4912537932395935
AFUDIR,AFUDOX,0.9999803900718689
AFUDIR,AFUDUD,0.999916136264801
AFUDIR,APAYIB,0.9996340870857239
AFUDIR,DIVSUY,0.9996340870857239
AFUDIR,APAZAU,0.9996340870857239
AFUDIR,AFUFEP,0.9995414018630981
AFUDIR,APAYOH,0.9995911717414856
AFUDIR,APAZEY,0.9995911717414856
AFUDOX,AFUDUD,0.9998704195022583
AFUDOX,APAZEY,0.9995371103286743
AFUDOX,APAYOH,0.9995371103286743
AFUDOX,APAYIB,0.9994840025901794
AFUDOX,ATURIS,0.7280024886131287
AFUDOX,CAJVUG,0.6046691536903381
AFUDOX,DITTEH,0.9666504263877869
AFUDUD,AFUFEP,0.9996404051780701
AFUDUD,APAYIB,0.9994805455207825
AFUDUD,APAZAU,0.9994805455207825
AFUDUD,BEDREK,0.601250946521759
AFUDUD,DITTEH,0.9665710926055908
AFUFAL,APAYIB,0.999613344669342
AFUFAL,APAZAU,0.999613344669342
AFUFAL,DIVSUY,0.999613344669342
AFUFAL,AFUFEP,0.9994630217552185
AFUFAL,APAZEY,0.9991112351417542
AFUFEP,APAYIB,0.9996544122695923
AFUFEP,APAZAU,0.9996544122695923
AFUFEP,DIVSUY,0.9996544122695923
AFUPEX,AVIHOE,1.0
AFUPEX,AVIHIY,0.9996700286865234
AFUPEX,CAVWOO,0.9995852708816528
AFUPEX,DIGPER,0.9992631673812866
AFUPEX,CUFDOX,0.9957316517829895
AFUPEX,AWOFOI,0.9833859205245972
AFUPEX,BEQJOZ,0.5692352652549744
AFUPEX,BEVSUR,0.9953123331069946
AFUPEX,BIQVII,0.4641551673412323
AFUPEX,COSWEO,0.9924710392951965
AGADUK,CAVSOJ,0.9664000272750854
AGADUK,CAVTAW,0.9664000272750854
AGADUK,CAVSUP,0.5939862728118896
AGADUK,AHOKOX,0.43597763776779175
AGADUK,CISMAT01,0.39632949233055115
AGAFAS,AVESOL,0.9977757334709167
AGAFAS,AVESUR,0.9939473867416382
AGAFAS,BAZBIQ,0.943379282951355
AGAFAS,DEMNOB,0.9415257573127747
AGAFAS,ALOLIY,0.9410395622253418
AGAFAS,ATAYEB,0.5060791969299316
AGAFAS,AWENAT02,0.5662941932678223
AGAFAS,CEKHUY,0.7853418588638306
AGAYIQ,AZAFIS,0.9424089789390564
AGAYIQ,AZADUC,0.9424089789390564
AGAYIQ,AZAFEO,0.9424089789390564
AGAYIQ,AGAYOW,0.625
AGAYIQ,AQEQES,0.5996276140213013
AGAYOW,AZADUC,0.5674089789390564
AGAYOW,AZAFIS,0.5674089789390564
AGAYOW,AZAFEO,0.5674089789390564
AGAYOW,CAQJOW,0.5651447772979736
AGAYOW,BEPNOC,0.5174185633659363
AGAYOW,BEPNUI,0.5224090218544006
AGDCNM,BITCUE,1.0
AGDCNM,DACHAR,1.0
AGDCNM,AKECOK,1.0
AGDCNM,DEHRIR,1.0
AGDCNM,BASHOT,0.9971465468406677
AGEDIC,BOHXIH,0.9915627241134644
AGEDIC,BOHKAM,0.9915627241134644
AGEDIC,BOHJUF,0.9915627241134644
AGEDIC,BOHJOZ,0.9915627241134644
AGEDIC,DAQRET,0.9840624928474426
AGEDIC,CABQEB,0.5026280283927917
AGEDIC,CIQYUX,0.5026280283927917
AGEDIC,DAYMAS,0.5001910924911499
AGEGOL,COZSIU,0.9810920357704163
AGEGOL,DECVIT,0.9686790704727173
AGEGOL,BITLUL,0.9686790704727173
AGEGOL,BAQXOG01,0.9573289155960083
AGEGOL,BAQMOW,0.9573289155960083
AGEGOL,ALATAK,0.3700000047683716
AGEGUR,AGEHAY,0.6142857074737549
AGEGUR,AHIYUN,0.584571361541748
AGEGUR,AHIYOH,0.584571361541748
AGEGUR,CIFGOP,0.5800078511238098
AGEGUR,AVAQAP01,0.5487543940544128
AGEGUR,BAVDEH,0.3203352987766266
AGEGUR,BOYYOF,0.45327228307724
AGEGUR,CITXEJ,0.2846946716308594
AGEHAY,AHIYOH,0.9702855944633484
AGEHAY,AHIYUN,0.9702855944633484
AGEHAY,CIFGOP,0.9657220840454102
AGEHAY,AVAQAP01,0.6671754121780396
AGEHAY,AZUCED,0.565011203289032
AGEHAY,BAVDEH,0.3096633553504944
AGEHAY,DESVIJ,0.4935692250728607
AGEHAY,DESVOP,0.4937499761581421
AGESIP,BAQMUC,0.9965804815292358
AGESIP,BAQXOG03,0.9950717687606812
AGESIP,BAQXOG01,0.9950717687606812
AGESIP,BAQXOG,0.9950717687606812
AGESIP,BAQMOW,0.9950717687606812
AGEWOB,DADTOS05,0.2800000011920929
AGEWOB,DADTOS06,0.2800000011920929
AGEWOB,DADTOS09,0.2800000011920929
AGEWOB,DADTOS08,0.2800000011920929
AGEWOB,DADTOS,0.2800000011920929
AGEWUH,DADTOS03,1.0
AGEWUH,ATIBOU,1.0
AGEWUH,DADTOS07,1.0
AGEWUH,DADTOS06,1.0
AGEWUH,DADTOS05,1.0
AGIMOU,CEWQED,0.9974996447563171
AGIMOU,CEWQAZ,0.9974996447563171
AGIMOU,CUKXAI,0.9970499873161316
AGIMOU,COWLIK,0.9970499873161316
AGIMOU,AQIROJ,0.4832139313220978
AGIMOU,AWARIZ,0.4290785789489746
AGIMOU,AWAROF,0.4290785789489746
AGIMOU,CAKWUI,0.39032256603240967
AGIMOU,DIKBAB,0.3599996268749237
AGIREP,BEQKAM,1.0
AGIREP,CEHLAD,1.0
AGIREP,CADPII,1.0
AGIREP,CIGXIA,0.9982883334159851
AGIREP,CISJAQ,0.64000004529953
AGIREP,CUVTIX,0.43000003695487976
AGIREP,DAPHOU,0.7000000476837158
AGOFEJ,COQJAV,0.9950717687606812
AGOFEJ,COQJEZ,0.9950717687606812
AGOFEJ,AZAVUU,0.5363636612892151
AGOFEJ,CEFNIN,0.5235294103622437
AGOFEJ,BUKPAZ,0.5046275854110718
AGOGOU,ALICEE,0.9985496997833252
AGOGOU,DEGPEL,0.9985496997833252
AGOGOU,ALICII,0.9985496997833252
AGOGOU,AVESAW,0.9955214262008667
AGOGOU,AVESEA,0.9955214262008667
AGOGOU,AVEROJ,0.9955214262008667
AGOGOU,AVERUP,0.9955214262008667
AGOGOU,AVESIE,0.9955214262008667
AGONAM,CUKXAJ,1.0
AGONAM,AGONEQ,1.0
AGONAM,DAHMIJ,1.0
AGONAM,CUKXEN,1.0
AGONAM,CUKXIR,0.9970499873161316
AGONAM,ATIXUX,0.6399999856948853
AGONAM,BERQEW,0.6000000238418579
AGONAM,CEVBEN,0.4921848773956299
AGONAM,CEXYOU,0.5950000286102295
AGONEQ,CUKXAJ,1.0
AGONEQ,DAHMIJ,1.0
AGONEQ,CUKXEN,1.0
AGONEQ,CUKXIR,0.9970499873161316
AGONEQ,ATIXUX,0.6399999856948853
AGONEQ,BERQEW,0.6000000238418579
AGONEQ,CEVBEN,0.4921848773956299
AGONEQ,CEXYOU,0.5950000286102295
AGOWOL,AGOWUR,1.0
AGOWOL,AGUWEG01,0.9929474592208862
AGOWOL,BEPBAB,0.9907075762748718
AGOWOL,BEPFIN,0.9891725182533264
AGOWOL,BOLGUF,0.9891651272773743
AGOWUR,AGUWEG01,0.9929474592208862
AGOWUR,BEPBAB,0.9907075762748718
AGOWUR,BEPFIN,0.9891725182533264
AGOWUR,BOLGUF,0.9891651272773743
AGOXAL,BIRGAM,0.3218591809272766
AGOXAL,CEKYIC,0.3218591809272766
AGOXAL,AHIJOQ,0.3153718411922455
AGOXAL02,AGOXAL04,1.0
AGOXAL02,AGOXAL03,1.0
AGOXAL02,DALSER,0.9971465468406677
AGOXAL02,COXHON,0.9971465468406677
AGOXAL02,CAVMIW,0.9971465468406677
AGOXAL02,CAHMAZ,0.9949789643287659
AGOXAL03,AGOXAL04,1.0
AGOXAL03,DALSER,0.9971465468406677
AGOXAL03,COXHON,0.9971465468406677
AGOXAL03,CAVMIW,0.9971465468406677
AGOXAL03,CAHMAZ,0.9949789643287659
AGOXAL04,DALSER,0.9971465468406677
AGOXAL04,COXHON,0.9971465468406677
AGOXAL04,CAVMIW,0.9971465468406677
AGOXAL04,CAHMAZ,0.9949789643287659
AGSLFA,BEZSIK,0.9949789643287659
AGSLFA,AGSLFB,0.6727272868156433
AGSLFA,BEXFUI,0.6711265444755554
AGSLFA,AMORUQ,0.3948478102684021
AGSLFA,AMOROK,0.39440566301345825
AGSLFA,AXOBIA,0.27563509345054626
AGSLFA,AXOCAT,0.25798559188842773
AGSLFA,AXOCEX,0.2980641722679138
AGSLFA,BUTCUQ,0.20880421996116638
AGSLFA,COFORM10,0.2771376967430115
AGSLFB,BEXFUI,0.9983992576599121
AGSLFB,BEZSIK,0.6677062511444092
AGSLFB,AMORUQ,0.5535320043563843
AGSLFB,AMOROK,0.5530899167060852
AGSLFB,AXOCEX,0.27037185430526733
AGULAQ,DITGUL,0.4706043004989624
AGULAQ,DITJAU,0.4706043004989624
AGULAQ,DITSAD,0.4706043004989624
AGULAQ,DITJIC,0.4706043004989624
AGULAQ,DITROQ,0.4706043004989624
AGUMAR,BOFJIQ,0.9965804815292358
AGUMAR,DIJCOP,0.9950717687606812
AGUMAR,DIJCOP01,0.9950717687606812
AGUMAR,CECVOW,0.9693384766578674
AGUMAR,CECVIQ,0.9661542773246765
AGUVEE,AGUVOO,1.0
AGUVEE,CICSOW01,0.9985496997833252
AGUVEE,CICSOW02,0.9985496997833252
AGUVEE,CICSOW,0.9985496997833252
AGUVEE,CILXIE,0.48571428656578064
AGUVEE,CENLEP,0.32499998807907104
AGUVEE,CUBKUF,0.4599999785423279
AGUVOO,CICSOW01,0.9985496997833252
AGUVOO,CICSOW02,0.9985496997833252
AGUVOO,CICSOW,0.9985496997833252
AGUVOO,CILXIE,0.48571428656578064
AGUVOO,CENLEP,0.32499998807907104
AGUVOO,CUBKUF,0.4599999785423279
AGUWEG01,BEPFIN,0.9978553056716919
AGUWEG01,BEPBAB,0.9972909092903137
AGUWEG01,BENZOL,0.9894606471061707
AHAJUP,CUMKIG,0.5814473628997803
AHAJUP,ATEYED,0.5814473628997803
AHAJUP,CUMKIG03,0.5814473628997803
AHAJUP,DEPVUQ,0.5797806978225708
AHAJUP,DEPWAX,0.5797806978225708
AHAJUP,BUYNAL,0.45078086853027344
AHAJUP,CIDPEM,0.5272806882858276
AHAJUP,COKFAK,0.5272806882858276
AHAJUP,CUMFOG,0.5602806806564331
AHAKEA,AHALEB,0.9826657772064209
AHAKEA,AHALEB01,0.9826657772064209
AHAKEA,AHALEB02,0.9826657772064209
AHAKEA,DITSIK,0.9614519476890564
AHAKEA,COYTIU,0.699999988079071
AHALEB,AHALEB02,1.0
AHALEB,AHALEB01,1.0
AHALEB,DITSIK,0.9812385439872742
AHALEB,COYTEQ,0.7000000476837158
AHALEB01,AHALEB02,1.0
AHALEB01,DITSIK,0.9812385439872742
AHALEB01,COYTEQ,0.7000000476837158
AHALEB02,DITSIK,0.9812385439872742
AHALEB02,COYTEQ,0.7000000476837158
AHEBAS,BAXGEP,0.49705880880355835
AHEBAS,BODPAN,0.4724137783050537
AHEBAS,DIHVIB01,0.4724137783050537
AHEBAS,DIHVIB,0.4724137783050537
AHEBAS,CIHNIR,0.28409090638160706
AHEFAU,AHEFAU01,1.0
AHEFAU,AQEQES,0.9996292591094971
AHEFAU,CUKXIR,0.9989085793495178
AHEFAU,AQEQIW,0.9982883334159851
AHEFAU,AZIMIH,0.9982883334159851
AHEFAU,AKEGON,0.5274800062179565
AHEFAU,AVOGAT,0.9971465468406677
AHEFAU,AVOGAT01,0.9971465468406677
AHEFAU,AVOGEX,0.9971465468406677
AHEFAU,BUSQIQ,0.9942253828048706
AHEFAU,CAXVII,0.41499999165534973
AHEFAU,CAXWIJ,0.41499999165534973
AHEFAU,DEJJEK,0.9908188581466675
AHEFAU,DEYXIQ,0.5733134746551514
AHEFAU01,AQEQES,0.9996292591094971
AHEFAU01,CUKXIR,0.9989085793495178
AHEFAU01,AQEQIW,0.9982883334159851
AHEFAU01,AZIMIH,0.9982883334159851
AHEFAU01,AKEGON,0.5274800062179565
AHEFAU01,AVOGAT,0.9971465468406677
AHEFAU01,AVOGAT01,0.9971465468406677
AHEFAU01,AVOGEX,0.9971465468406677
AHEFAU01,BUSQIQ,0.9942253828048706
AHEFAU01,CAXVII,0.41499999165534973
AHEFAU01,CAXWIJ,0.41499999165534973
AHEFAU01,DEJJEK,0.9908188581466675
AHEFAU01,DEYXIQ,0.5733134746551514
AHEMEG,BAHGUN,1.0
AHEMEG,BAHGUN02,1.0
AHEMEG,BAHGUN01,1.0
AHEMEG,BAHGUN04,1.0
AHEMEG,BAHGUN03,1.0
AHEMEG,CUQTAL,0.4342857003211975
AHEMOQ,DICPUD,0.9958965182304382
AHEMOQ,CIFDOM,0.9707819819450378
AHEMOQ,CIFDUS,0.9707819819450378
AHEMOQ,CAXSUR,0.9690567255020142
AHEMOQ,CAGSAG,0.9607003927230835
AHEQAH,CEFNOT,0.9668495655059814
AHEQAH,CEFNEJ,0.9668495655059814
AHEQAH,CUSXIY,0.9666504263877869
AHEQAH,CEJXOG,0.7352796792984009
AHEQAH,AMIXIE,0.7352796792984009
AHEQAH,AJAGOI,0.3855639398097992
AHEQAH,CITWUY,0.2883952260017395
AHETAK,BIPXIK,0.9999999403953552
AHETAK,CEYPUT,0.9999999403953552
AHETAK,BOWDUO,0.9999999403953552
AHETAK,CEYPUT01,0.9999999403953552
AHETAK,BOWDIC,0.9999999403953552
AHETAK,BOWDOI,0.9999999403953552
AHETAK,CEBGAS,0.4535714089870453
AHETAK,CIJBEE,0.9999999403953552
AHETAK,DARYIF,0.9977757334709167
AHETAK,DIWFAT,0.9972895383834839
AHIJOQ,AHIJOQ01,1.0
AHIJOQ,CEKYIC,0.9921848177909851
AHIJOQ,BIRGAM,0.9921848177909851
AHIJOQ,DEHBIC,0.9881620407104492
AHIJOQ,BAKWIV,0.9854779243469238
AHIJOQ01,CEKYIC,0.9921848177909851
AHIJOQ01,BIRGAM,0.9921848177909851
AHIJOQ01,DEHBIC,0.9881620407104492
AHIJOQ01,BAKWIV,0.9854779243469238
AHIYOH,AHIYUN,0.9999999403953552
AHIYOH,CIFGOP,0.9977757334709167
AHIYOH,AVAQAP01,0.6389872431755066
AHIYOH,AZUCED,0.5847895741462708
AHIYOH,CEMMUD,0.30483001470565796
AHIYOH,DESVIJ,0.4632834196090698
AHIYOH,DESVOP,0.46403560042381287
AHIYOH,DIXBOC,0.5639562010765076
AHIYUN,CIFGOP,0.9977757334709167
AHIYUN,AVAQAP01,0.6389872431755066
AHIYUN,AZUCED,0.5847895741462708
AHIYUN,CEMMUD,0.30483001470565796
AHIYUN,DESVIJ,0.4632834196090698
AHIYUN,DESVOP,0.46403560042381287
AHIYUN,DIXBOC,0.5639562010765076
AHIZOH,AHIZUN,0.9970499873161316
AHIZOH,AJIJEI01,0.8970500230789185
AHIZOH,AJIJEI02,0.8970500230789185
AHIZOH,AJIJEI,0.8970500230789185
AHIZOH,CITXUZ,0.895071804523468
AHIZOH,CUVTOD,0.6293178200721741
AHIZUN,AJIJEI02,0.8999999761581421
AHIZUN,AJIJEI01,0.8999999761581421
AHIZUN,AJIJEI,0.8999999761581421
AHIZUN,CITXUZ,0.8922806978225708
AHOBAB,CEJWAR,0.9974996447563171
AHOBAB,AMBZAG10,0.9959419965744019
AHOBAB,BADZAK,0.7327938079833984
AHOBAB,CUZBUW,0.7325837016105652
AHOBAB,CAJHON,0.584999680519104
AHOBAB,DENTEW01,0.4100934863090515
AHOBAB,DENVEY,0.41304346919059753
AHOBAB,DENVIC,0.4100934863090515
AHOKIR,DALRAK,0.6369467973709106
AHOKIR,DEKPAL,0.633756160736084
AHOKIR,DEKPEP,0.633756160736084
AHOKIR,AHOKIR01,0.5764706134796143
AHOKIR,CISMAT,0.5743014216423035
AHOKIR01,CISMAT01,0.9978308081626892
AHOKIR01,CISMAT,0.9978308081626892
AHOKIR01,CAZLEV,0.9969467520713806
AHOKIR01,CAZLIZ,0.9969467520713806
AHOKIR01,BECRUX03,0.9965804815292358
AHOKIR01,AHOKOX,0.9307692646980286
AHOKIR01,AMOROK,0.6333578824996948
AHOKIR01,AMORUQ,0.6345753073692322
AHOKIR01,CAVCEI,0.5760982036590576
AHOKIR01,CAZLOF,0.858485221862793
AHOKOX,CISMAT,0.9286000728607178
AHOKOX,CISMAT01,0.9286000728607178
AHOKOX,CAZLEV,0.9277160167694092
AHOKOX,CAZLIZ,0.9277160167694092
AHOKOX,CAVSOJ,0.4366034269332886
AHOKOX,CAVTAW,0.4366034269332886
AHONEQ,AHONIU,0.9996544122695923
AHONEQ,COKJOD,0.9996544122695923
AHONEQ,DIBZEU,0.9996340870857239
AHONEQ,COKJIX,0.9994805455207825
AHONEQ,DITKAT,0.986412525177002
AHONEQ,AROQAB,0.35304874181747437
AHONEQ,AYIVIO,0.4220423400402069
AHONEQ,COXLAD,0.9800315499305725
AHONEQ,DITKAT01,0.986412525177002
AHONIU,COKJOD,0.9999999403953552
AHONIU,COKJIX,0.9996404051780701
AHONIU,DIBZEU,0.9995414018630981
AHONIU,DITKAT,0.9849025011062622
AHONIU,AROQAB,0.35446614027023315
AHONIU,AYIVIO,0.4233241081237793
AHONIU,COTVOY,0.09999998658895493
AHONIU,COXLAD,0.9802787899971008
AHONIU,DITKAT01,0.9849025011062622
AHOSEV,CEJSUG,0.5418924689292908
AHOSEV,BUKYAJ,0.5207819938659668
AHOSEV,BAHNEG,0.4387992024421692
AHOSEV,BABREE,0.33191388845443726
AHOSEV,DALSOA,0.33191388845443726
AHOSEV,CECVAI,0.3200717866420746
AHOSEV,CITXEJ,0.27954357862472534
AHUBIO,AZIXIR,0.5740588307380676
AHUBIO,AWOJOM,0.44079673290252686
AHUBIO,DIXBET01,0.43719249963760376
AHUBIO,DIXBET,0.43719249963760376
AHUBIO,ANEQAM,0.4264705777168274
AHUBIO,CEJNOU,0.352871835231781
AJABIX,BOBTIW,1.0
AJABIX,BOGXOL,1.0
AJABIX,BOGXIF02,1.0
AJABIX,BOGXIF,1.0
AJABIX,BOBTUI,1.0
AJABIX,BAMNAH,0.3571428656578064
AJABIX,BAMNEL,0.3571428656578064
AJABIX,BOBTOC,1.0
AJABIX,DEKGOS,0.625
AJABIX01,BOBTIW,1.0
AJABIX01,BOGXOL,1.0
AJABIX01,BOGXIF02,1.0
AJABIX01,BOGXIF,1.0
AJABIX01,BOBTUI,1.0
AJABIX01,AMEPOY,0.3769230842590332
AJABIX01,ASUQOU,0.35199999809265137
AJABIX01,BOBTOC,1.0
AJABOD,BOBTIW,1.0
AJABOD,BOGXOL,1.0
AJABOD,BOGXIF02,1.0
AJABOD,BOGXIF,1.0
AJABOD,BOBTUI,1.0
AJABOD,BAMNAH,0.3571428656578064
AJABOD,BAMNEL,0.3571428656578064
AJABOD,BOBTOC,1.0
AJABOD,DEKGOS,0.625
AJAGOI,AJAHID,0.5153846144676208
AJAGOI,CUSXIY,0.3871268928050995
AJAGOI,CEFNEJ,0.38668888807296753
AJAGOI,CEFNOT,0.38668888807296753
AJAHID,CODVAU,0.5173524022102356
AJAHID,CURYOE01,0.33547744154930115
AJAHID,COMFAM01,0.33547744154930115
AJAHID,DARSEV,0.3000228703022003
AJAKON,BIFSOB,0.9837952852249146
AJAKON,ATEJOA,0.9821406006813049
AJAKON,DADLOM,0.8684785962104797
AJAKON,DADLEC,0.8684785962104797
AJAKON,CENQAP,0.8676639795303345
AJASUA,BETZOR,0.7486372590065002
AJASUA,CUQKOQ,0.6717747449874878
AJASUA,COQMIF,0.6548388600349426
AJASUA,CISJAQ,0.6464330554008484
AJASUA,DITKAT01,0.64000004529953
AJAXOY,AWUROZ,0.2693921625614166
AJAXOY,BIDREO,0.24156701564788818
AJAXOY,AKEGUT,0.24115502834320068
AJAXOY,AKEGON,0.24065467715263367
AJAXOY,BAQMUC,0.23809897899627686
AJIFIJ,CEFDAU,0.9962353706359863
AJIFIJ,AVAXIF,0.9921848177909851
AJIFIJ,CODFEH,0.5707342028617859
AJIFIJ,CIMZII,0.5699196457862854
AJIFIJ,BESXED,0.5228193998336792
AJIFIJ,DANWUL,0.39552146196365356
AJIJEI,AJIJEI01,1.0
AJIJEI,AJIJEI02,1.0
AJIJEI,CITXUZ,0.9922806620597839
AJIJEI,CEKHUY,0.746826171875
AJIJEI,CUVTOD,0.6280535459518433
AJIJEI01,AJIJEI02,1.0
AJIJEI01,CITXUZ,0.9922806620597839
AJIJEI01,CUVTOD,0.6280535459518433
AJIJEI02,CITXUZ,0.9922806620597839
AJIJEI02,CUVTOD,0.6280535459518433
AJIQIU,CUHYUB,0.9821406006813049
AJIQIU,CUJCOB,0.9820774793624878
AJIQIU,CUJCIV,0.9808584451675415
AJIQIU,AVOFUM,0.6968592405319214
AJIQIU,BADZAK,0.6962354183197021
AJIQIU,ALEHUW,0.6154661178588867
AJIQIU,BAHNEG,0.4072040021419525
AJIQIU,DARQOF,0.6831918954849243
AKAPUX,BUXTIZ,0.6696740388870239
AKAPUX,BUXTUL,0.6696740388870239
AKAPUX,DINQUM,0.512499988079071
AKAPUX,DINTID,0.512499988079071
AKAPUX,COBLIP,0.4565804898738861
AKAPUX,ASUXAP,0.3181818127632141
AKAYIV,CUQTAL,0.5885714292526245
AKAYIV,BASJUB,0.5496275424957275
AKAYIV,BAHGUN03,0.5333333611488342
AKAYIV,BAHGUN02,0.5333333611488342
AKAYIV,BAHGUN01,0.5333333611488342
AKECOK,BITCUE,1.0
AKECOK,DACHAR,1.0
AKECOK,DEHRIR,1.0
AKECOK,BASHOT,0.9971465468406677
AKEGON,AKEGUT,0.9974996447563171
AKEGON,CUKXIR,0.5285714268684387
AKEGON,AQEQIW,0.5260710716247559
AKEGON,BAFCAP,0.3760710656642914
AKEGON,BIDREO,0.26292291283607483
AKEGON,CUBBEI,0.38171014189720154
AKEGUT,AZIMIH,0.5285714268684387
AKEGUT,DITXOU,0.5285714268684387
AKEGUT,AQEQIW,0.5285714268684387
AKEGUT,ATAFIK,0.5285714268684387
AKEGUT,BAFCAP,0.37857145071029663
AKEGUT,CUBBEI,0.3842105269432068
AKOBAF,CIYZUG,0.5057941675186157
AKOBAF,AQAMIO01,0.47289472818374634
AKOBAF,DIKJUD,0.4712280333042145
AKOBAF,ALIRES,0.47002989053726196
AKOXIJ,BAHGUN04,0.9999494552612305
AKOXIJ,BAHGUN01,0.9999494552612305
AKOXIJ,BAHGUN02,0.9999494552612305
AKOXIJ,BAHGUN03,0.9999494552612305
AKUHOD,AKUHOD01,1.0
AKUHOD,AKUHOD03,1.0
AKUHOD,ALALUU01,0.9989266395568848
AKUHOD,ALALUU,0.9989266395568848
AKUHOD,CEWNIB,0.997765302658081
AKUHOD,BAYJEQ,0.9812976121902466
AKUHOD,BORBAM,0.42867031693458557
AKUHOD,DIKZED,0.4576176702976227
AKUHOD01,AKUHOD03,1.0
AKUHOD01,ALALUU01,0.9989266395568848
AKUHOD01,ALALUU,0.9989266395568848
AKUHOD01,CEWNIB,0.997765302658081
AKUHOD01,BORBAM,0.42867031693458557
AKUHOD01,DIKZED,0.4576176702976227
AKUHOD03,ALALUU01,0.9989266395568848
AKUHOD03,ALALUU,0.9989266395568848
AKUHOD03,CEWNIB,0.997765302658081
AKUHOD03,BORBAM,0.42867031693458557
AKUHOD03,DIKZED,0.4576176702976227
ALAHUS,AMEBAX,0.6541345715522766
ALAHUS,AMOPID,0.6405950784683228
ALAHUS,CIKPEU,0.6046606302261353
ALAHUS,BEPRIZ,0.6046606302261353
ALAHUS,DIRTEG,0.5915300250053406
ALALUU,ALALUU01,1.0
ALALUU,AQMAND01,0.9977362751960754
ALALUU,AMALND,0.9977362751960754
ALALUU,AQMAND,0.9977362751960754
ALALUU,BABTOP,0.6055640578269958
ALALUU,BUDCIN,0.5618667602539062
ALALUU01,AQMAND01,0.9977362751960754
ALALUU01,AMALND,0.9977362751960754
ALALUU01,AQMAND,0.9977362751960754
ALALUU01,AXAWUT,0.9823139905929565
ALALUU01,BABTOP,0.6055640578269958
ALALUU01,BUDCIN,0.5618667602539062
ALAMUW,ALANAD,0.9965804815292358
ALAMUW,BAXGEP,0.565517246723175
ALAMUW,DIHVIB,0.550000011920929
ALAMUW,BODPAN,0.550000011920929
ALAMUW,AWEWUV,0.5114285945892334
ALANAD,BAXGEP,0.5620977282524109
ALANAD,CADPII,0.550000011920929
ALANAD,BEQKAM,0.550000011920929
ALANAD,COQTEJ,0.5074223279953003
ALATAK,ANAYUL,0.37854093313217163
ALATAK,BANLUA,0.37854093313217163
ALATAK,ANAZAS,0.3719576299190521
ALATAK,COZSIU,0.35109204053878784
ALEHUW,ALEJAE,0.9795385599136353
ALEHUW,DARQOF,0.8826086521148682
ALEHUW,ALEJIM,0.7230769395828247
ALEHUW,ALEJEI,0.7196574211120605
ALEJAE,DARQOF,0.8621472120285034
ALEJAE,ALEJEI,0.7032403945922852
ALEJAE,ALEJIM,0.70261549949646
ALEJAE,CUJCOB,0.6134011745452881
ALEJEI,ALEJIM,0.9965804815292358
ALEJEI,CEKHIL,0.6662942171096802
ALEJEI,DIMDAG,0.6387092471122742
ALEJIM,CEKHIL,0.6644424200057983
ALEJIM,DIMDAG,0.6426639556884766
ALEQIT,BOJYIK01,1.0
ALEQIT,BOJYIK,1.0
ALEQIT,ATIKET,0.9995911717414856
ALEQIT,ALUKAU,0.9995911717414856
ALEQIT,AMIXIE,0.9994291663169861
ALEQIT,ALUJEX,0.9985291957855225
ALEQIT,ALUJOH,0.9987543821334839
ALEQIT,AMIXOK,0.9987543821334839
ALEQIT,ATIJUI,0.9991112351417542
ALEQIT,AVAQAP,0.9987543821334839
ALEQIT,CUJCIV,0.7000000476837158
ALICEE,ALICII,1.0
ALICEE,DEGPEL,1.0
ALICEE,AVEROJ,0.9922806620597839
ALICEE,AVESIE,0.9922806620597839
ALICEE,CENLEP,0.32499998807907104
ALICEE,COMVAC,0.364705890417099
ALICII,DEGPEL,1.0
ALICII,AVEROJ,0.9922806620597839
ALICII,AVESIE,0.9922806620597839
ALICII,CENLEP,0.32499998807907104
ALIQUH,ALIRAO01,1.0
ALIQUH,ALIRAO,1.0
ALIQUH,CAVMIW,0.9989085793495178
ALIQUH,DALSAN,0.9989085793495178
ALIQUH,DALSER,0.9989085793495178
ALIRAO,ALIRAO01,1.0
ALIRAO,CAVMIW,0.9989085793495178
ALIRAO,DALSAN,0.9989085793495178
ALIRAO,DALSER,0.9989085793495178
ALIRAO01,CAVMIW,0.9989085793495178
ALIRAO01,DALSAN,0.9989085793495178
ALIRAO01,DALSER,0.9989085793495178
ALIRES,CIYZUG,0.7242195010185242
ALIRES,DIKJUD,0.5969467759132385
ALIRES,AQAMIO01,0.5234534740447998
ALIRES,DAZZUC,0.49453359842300415
ALIRES,DEBBIY,0.49207770824432373
ALIRES,AWEVIJ,0.39440327882766724
ALIRES,CNSMAG,0.10000001639127731
ALIRES,CNSMAG01,0.10000001639127731
ALIRES,CUXVEX,0.38418084383010864
ALIXAU,CEGJOO,0.9965804815292358
ALIXAU,DEFXEU,0.3621275722980499
ALIXAU,ANAZAS,0.3278442621231079
ALIXAU,DAYGUH,0.3248446583747864
ALIXAU,DEKCII,0.3018932342529297
ALIXID,ALIXOJ,0.9997506737709045
ALIXID,ALIXUP,0.9996275901794434
ALIXID,BEXVIL,0.7368044853210449
ALIXID,CIFMIP,0.699999988079071
ALIXOJ,ALIXUP,0.9999494552612305
ALIXOJ,BEXVIL,0.7350537776947021
ALIXOJ,DIHVIB01,0.6999495029449463
ALIXOJ,DIHVIB,0.6999495029449463
ALIXUP,BEXVIL,0.7351378202438354
ALIXUP,DIHVIB,0.7000000476837158
ALOLIY,BAZBIQ,0.9989085793495178
ALOLIY,DEMNOB,0.9974996447563171
ALOLIY,AVESOL,0.941249668598175
ALOLIY,AVESUR,0.9408000111579895
ALOLIY,APACAX,0.6702269315719604
ALOLIY,ATAYEB,0.5150717496871948
ALOLIY,AVEQID,0.6844561696052551
ALOLIY,AVETAY,0.6702269315719604
ALOLIY,AVETEC,0.5637166500091553
ALOLIY,AWENAT02,0.5796871781349182
ALOLIY,BEQJUF,0.6025111675262451
ALOVEC,ATOTIM,1.0
ALOVEC,ASOHUL,1.0
ALOVEC,BADHIA,0.9974375367164612
ALOVEC,BADJIC,0.9974375367164612
ALOVEC,CAVMUJ,0.9974375367164612
ALUJEX,ATIJOC,1.0
ALUJEX,AVAQAP,0.9987369775772095
ALUJEX,AMIXOK,0.9987369775772095
ALUJEX,ALUJOH,0.9987369775772095
ALUJIB,CELDAA,0.9999999403953552
ALUJIB,BUPVIT,0.9999999403953552
ALUJIB,BUVHEH,0.9999999403953552
ALUJIB,AVAQAP,0.9901461601257324
ALUJIB,AMIXOK,0.9901461601257324
ALUJOH,AMIXOK,0.9999999403953552
ALUJOH,AVAQAP,0.9999999403953552
ALUJOH,BOJYIK,0.9987543821334839
ALUJOH,BOJYIK01,0.9987543821334839
ALUJOH,ATIJOC,0.9987369775772095
ALUJOH,BUPVIT,0.9901461601257324
ALUJUN,ATIKIX,1.0
ALUJUN,ATIJUI,0.9984701871871948
ALUJUN,SURKAT,0.9982609748840332
ALUJUN,BESKUI,0.9982609748840332
ALUJUN,RUBTAK02,0.9982609748840332
ALUJUN,ASOVEL,0.604270875453949
ALUJUN,CAVLIW,0.6299851536750793
ALUJUN,CAVLOC,0.6299851536750793
ALUJUN,DIQGUH,0.9899851083755493
ALUKAU,ATIKET,1.0
ALUKAU,AMIXIE,0.9999352693557739
ALUKAU,CEJXOG,0.9999352693557739
ALUKAU,ATIKAP,0.999916136264801
ALUKAU,AMIXUQ,0.9996391534805298
ALUKAU,AVAQET,0.9995414018630981
ALUKAU,BOJYIK,0.9995911717414856
ALUKAU,BOJYIK01,0.9995911717414856
ALUKAU,CUJCOB,0.7000000476837158
ALUKIC,ALULEZ,0.9999999403953552
ALUKIC,ALULID,0.9999999403953552
ALUKIC,ALUKUO,0.9829657673835754
ALUKIC,ALUKOI,0.9782870411872864
ALUKIC,ALULAV,0.9779111742973328
ALUKOI,ALUKUO,0.9996544122695923
ALUKOI,ALULAV,0.9996404051780701
ALUKOI,ALULID,0.9782870411872864
ALUKOI,ALULEZ,0.9782870411872864
ALUKUO,ALULAV,0.9994805455207825
ALUKUO,ALULEZ,0.9829657673835754
ALUKUO,ALULID,0.9829657673835754
ALULAV,ALULID,0.9779111742973328
ALULAV,ALULEZ,0.9779111742973328
ALULEZ,ALULID,0.9999999403953552
AMAFIE,AMAFOK,0.9922806620597839
AMAFIE,AMAGAX,0.9922806620597839
AMAFIE,AMAFUQ,0.9922806620597839
AMAFIE,BIYTOU,0.6541928648948669
AMAFIE,BUKMUQ01,0.6533782482147217
AMAFOK,AMAFUQ,1.0
AMAFOK,AMAGAX,1.0
AMAFOK,DAVMIY,0.4599999785423279
AMAFOK,DIVPUU,0.45694679021835327
AMAFOK,DIVQAB,0.45694679021835327
AMAFUQ,AMAGAX,1.0
AMAFUQ,DAVMIY,0.4599999785423279
AMAFUQ,DIVPUU,0.45694679021835327
AMAFUQ,DIVQAB,0.45694679021835327
AMAGAX,DAVMIY,0.4599999785423279
AMAGAX,DAWMUL,0.10000000149011612
AMAGAX,DIVPUU,0.45694679021835327
AMAGAX,DIVQAB,0.45694679021835327
AMAJUU,CEHQOX,0.9986763000488281
AMAJUU,BIFJUX,0.9902458190917969
AMAJUU,BIFKAE,0.9902458190917969
AMAJUU,DICJUW,0.9873213768005371
AMAJUU,BENBIH,0.7255181670188904
AMALND,AQMAND,0.9999999403953552
AMALND,AQMAND01,0.9999999403953552
AMALND,CEWNIB,0.9987369775772095
AMALND,AXAWUT,0.9901461601257324
AMALND,BABTOP,0.6007442474365234
AMALND,BAYJEQ,0.9821665287017822
AMALND,BUDCIN,0.5577316880226135
AMBZAG10,CEJWAR,0.9944032430648804
AMBZAG10,AVOFUM,0.7352941632270813
AMBZAG10,COMDOY,0.7342976331710815
AMBZAG10,CUZBUW,0.7324318289756775
AMBZAG10,CAJHON,0.5819032788276672
AMBZAG10,CNSMAG,0.10000001639127731
AMBZAG10,CNSMAG01,0.10000001639127731
AMBZAG10,DENVOI,0.4130434989929199
AMEBAX,AMOPID,0.9376776814460754
AMEBAX,CUKBEQ,0.6700000166893005
AMEBAX,CORZIU,0.6687406301498413
AMEBAX,CORZOA,0.6687406301498413
AMEBAX,CIQHIW,0.6621848344802856
AMEBAX,BAKLIK,0.3302464783191681
AMEBAX,COHJEP,0.3448164463043213
AMEPOY,ASUQOU,0.7157894968986511
AMEPOY,ASUQIO,0.4000000059604645
AMEPOY,DEKGOS,0.3793103098869324
AMEPOY,BOBTOC,0.3769230842590332
AMIKOX,DEHHOQ,0.5205793976783752
AMIKOX,DAPZAW,0.5203886032104492
AMIKOX,DELTAQ03,0.5197648406028748
AMIKOX,DELTAQ,0.5197648406028748
AMIKOX,DELTAQ01,0.5197648406028748
AMIKOX,CUSQOX,0.5049999952316284
AMIWID,AMIWUP,0.9998192191123962
AMIWID,AMIXAW,0.9996340870857239
AMIWID,AMIXEA,0.9994840025901794
AMIWID,AMIWOJ,0.9994805455207825
AMIWID,AVAQAP01,0.6610299348831177
AMIWID,AZADUC,0.5882460474967957
AMIWID,AZAFEO,0.5882460474967957
AMIWID,AZAFIS,0.5882460474967957
AMIWID,BETXIK,0.6623845100402832
AMIWID,BIDFEB,0.6398192644119263
AMIWID,CAPLOX,0.6279417276382446
AMIWID,CUWWOI,0.6294117569923401
AMIWOJ,AMIXAW,0.999916136264801
AMIWOJ,AMIXEA,0.9998704195022583
AMIWOJ,AMIWUP,0.9992827773094177
AMIWOJ,BETXIK,0.6586332321166992
AMIWOJ,BIDFEB,0.6392828226089478
AMIWUP,AMIXAW,0.9995911717414856
AMIWUP,AMIXEA,0.9995371103286743
AMIWUP,AVAQAP01,0.6612544059753418
AMIWUP,AZADUC,0.585903525352478
AMIWUP,AZAFEO,0.585903525352478
AMIWUP,AZAFIS,0.585903525352478
AMIWUP,BETXIK,0.6600289344787598
AMIWUP,BIDFEB,0.6399999856948853
AMIWUP,CAPLOX,0.6281661987304688
AMIWUP,CAQCAZ,0.9941616058349609
AMIWUP,CASTEW,0.9941616058349609
AMIWUP,CEMJOV,0.9941616058349609
AMIWUP,CUWWOI,0.6292310357093811
AMIXAW,AMIXEA,0.9999803900718689
AMIXAW,AVAQAP01,0.6597487926483154
AMIXAW,BIDFEB,0.6395912170410156
AMIXAW,CAQCAZ,0.9941704273223877
AMIXAW,CASTEW,0.9941704273223877
AMIXAW,CEMJOV,0.9941704273223877
AMIXAW,COTVUE,0.10000001639127731
AMIXEA,AWIBAL,0.6291990876197815
AMIXEA,AWIBEP,0.6291990876197815
AMIXEA,BIDFEB,0.6395371556282043
AMIXEA,CAQCAZ,0.9946691393852234
AMIXEA,CASTEW,0.9946691393852234
AMIXEA,CEMJOV,0.9946691393852234
AMIXIE,CEJXOG,1.0
AMIXIE,ATIKET,0.9999352693557739
AMIXIE,AMIXUQ,0.9998589158058167
AMIXOK,AVAQAP,0.9999999403953552
AMIXOK,BOJYIK,0.9987543821334839
AMIXOK,BOJYIK01,0.9987543821334839
AMIXOK,ATIJOC,0.9987369775772095
AMIXOK,BUVHEH,0.9901461601257324
AMIXOK,CELDAA,0.9901461601257324
AMIXUQ,CEJXOG,0.9998589158058167
AMIXUQ,ATIKET,0.9996391534805298
AMIXUQ,ATIKAP,0.9995509386062622
AMIXUQ,CEZZEN,0.586521327495575
AMIXUQ,CEZZIR,0.586521327495575
AMIYIG,AMOMUM,1.0
AMIYIG,CAJHUS01,1.0
AMIYIG,CAJHUS02,1.0
AMIYIG,CAJHUS03,1.0
AMIYIG,CAJHUS04,1.0
AMIYOM,DADTUY,0.9999999403953552
AMIYOM,DADTUY08,0.9999999403953552
AMIYOM,COFORM,0.9999999403953552
AMIYOM,COFORM01,0.9999999403953552
AMIYOM,COFORM11,0.9999999403953552
AMIZAZ,AMIZAZ01,1.0
AMIZAZ,DADVAG04,1.0
AMIZAZ,DADVAG,1.0
AMIZAZ,DADVAG01,1.0
AMIZAZ,DADVAG02,1.0
AMIZAZ,AMIZAZ02,1.0
AMIZAZ,DADVAG03,1.0
AMIZAZ,DADVAG05,1.0
AMIZAZ,DADVAG06,1.0
AMIZAZ,DADVAG07,1.0
AMIZAZ,DADVAG08,1.0
AMIZAZ,DEFNOU,1.0
AMIZAZ01,DADVAG04,1.0
AMIZAZ01,DADVAG,1.0
AMIZAZ01,DADVAG01,1.0
AMIZAZ01,DADVAG02,1.0
AMIZAZ01,DADVAG03,1.0
AMIZAZ01,DADVAG05,1.0
AMIZAZ01,DADVAG06,1.0
AMIZAZ01,DADVAG07,1.0
AMIZAZ01,DADVAG08,1.0
AMIZAZ01,DEFNOU,1.0
AMIZAZ02,DADVAG04,1.0
AMIZAZ02,DADVAG,1.0
AMIZAZ02,DADVAG01,1.0
AMIZAZ02,DADVAG02,1.0
AMIZON,AYONOT,1.0
AMIZON,CUFORD01,1.0
AMIZON,CUFORM,1.0
AMIZON,CUFORM02,1.0
AMIZON,CUFORM03,1.0
AMIZON01,AYONOT,1.0
AMIZON01,CUFORD01,1.0
AMIZON01,CUFORM,1.0
AMIZON01,CUFORM02,1.0
AMIZON01,CUFORM03,1.0
AMOBEL,DEPJIR,1.0
AMOBEL,AMOBEL02,1.0
AMOBEL,DAXNIA04,1.0
AMOBEL,DEPJIR01,1.0
AMOBEL,DAXNIA03,1.0
AMOBEL,CETKOE,0.2800000011920929
AMOBEL01,DEPJIR,1.0
AMOBEL01,AMOBEL02,1.0
AMOBEL01,DAXNIA04,1.0
AMOBEL01,DEPJIR01,1.0
AMOBEL01,DAXNIA03,1.0
AMOBEL01,CETKOE,0.2800000011920929
AMOBEL02,DEPJIR,1.0
AMOBEL02,DAXNIA04,1.0
AMOBEL02,DEPJIR01,1.0
AMOBEL02,DAXNIA03,1.0
AMOBEL02,DAXNIA,1.0
AMOBEL02,DAXNIA01,1.0
AMOBEL02,DAXNIA02,1.0
AMODUC,CUXPOB,1.0
AMODUC,CUXQIW,1.0
AMODUC,AMOFAK,0.9998192191123962
AMODUC,CUXPER,0.9998192191123962
AMODUC,CUXQAO,0.9998192191123962
AMODUC,CUXPUH,0.9994291663169861
AMODUC,CUXQES,0.9985291957855225
AMODUC,DAMYOI,0.999731719493866
AMODUC,DAMYUO,0.9994291663169861
AMOFAK,CUXPER,0.9999999403953552
AMOFAK,CUXQAO,0.9999999403953552
AMOFAK,CUXPOB,0.9998192191123962
AMOFAK,CUXQIW,0.9998192191123962
AMOFAK,CUXPAN,0.9996544122695923
AMOFAK,CUXQES,0.9987545013427734
AMOGEP,CIHNIR,0.26874998211860657
AMOGEP,DAGGUQ,0.25577032566070557
AMOGEP,DAGGOK,0.25577032566070557
AMOGEP,ATIJUJ,0.24962759017944336
AMOGEP,CELNUE,0.24962759017944336
AMOGEP,BUXHOS,0.1899999976158142
AMOMUM,APOGOD,1.0
AMOMUM,CAJHUS01,1.0
AMOMUM,CAJHUS02,1.0
AMOMUM,CAJHUS03,1.0
AMOMUM,CAJHUS04,1.0
AMOMUM,AMONAT,1.0
AMOMUM,DEFNEK,1.0
AMONAT,CAJHUS04,1.0
AMONAT,CAJHUS01,1.0
AMONAT,CAJHUS02,1.0
AMONAT,CAJHUS03,1.0
AMONAT,CAJHUS,1.0
AMOPID,BUDDIO,0.6700000166893005
AMOPID,BIDHIG,0.6477316617965698
AMOPID,CEJXIA,0.6448807716369629
AMOROK,AMORUQ,0.9994630217552185
AMOROK,CAZLIZ,0.6478266716003418
AMOROK,CAZLEV,0.6478266716003418
AMOROK,BECRUX04,0.6333423852920532
AMOROK,BEXFUI,0.5448927879333496
AMOROK,BEZSIK,0.395886093378067
AMORUQ,CAZLEV,0.6482688188552856
AMORUQ,CAZLIZ,0.6482688188552856
AMORUQ,BECRUX04,0.632178544998169
AMORUQ,BEXFUI,0.5442598462104797
AMORUQ,BEZSIK,0.39402565360069275
AMUCOB,AROVAE,0.9855000972747803
AMUCOB,CONSAA,0.9506864547729492
AMUCOB,DEKZEA,0.8458263874053955
AMUCOB,AZIYOX,0.8364584445953369
AMUCOB,CETFOX,0.8364584445953369
AMUCOB,CABHOC,0.43157893419265747
AMURUX,AMURUX01,1.0
AMURUX,AMURUX11,1.0
AMURUX,AMURUX10,1.0
AMURUX,AMURUX09,1.0
AMURUX,AMURUX08,1.0
AMURUX,AMURUX02,1.0
AMURUX,AMURUX06,1.0
AMURUX,AMURUX07,1.0
AMURUX01,AMURUX11,1.0
AMURUX01,AMURUX10,1.0
AMURUX01,AMURUX09,1.0
AMURUX01,AMURUX08,1.0
AMURUX02,AMURUX11,1.0
AMURUX02,AMURUX10,1.0
AMURUX02,AMURUX09,1.0
AMURUX02,AMURUX08,1.0
AMURUX06,AMURUX11,1.0
AMURUX06,AMURUX10,1.0
AMURUX06,AMURUX09,1.0
AMURUX06,AMURUX08,1.0
AMURUX07,AMURUX11,1.0
AMURUX07,AMURUX10,1.0
AMURUX07,AMURUX09,1.0
AMURUX07,AMURUX08,1.0
AMURUX08,AMURUX11,1.0
AMURUX08,AMURUX10,1.0
AMURUX08,AMURUX09,1.0
AMURUX09,AMURUX11,1.0
AMURUX09,AMURUX10,1.0
AMURUX10,AMURUX11,1.0
ANABAT,CEXWEI,0.984165370464325
ANABAT,CEXWOS,0.9810264110565186
ANABAT,CEXWIM,0.9802009463310242
ANABAT,BARHUY,0.643027126789093
ANABAT,BARKIP,0.6392968893051147
ANABAT,ARAJEK,0.5805034041404724
ANABAT,ARAJIO,0.5817299485206604
ANABAT,ARAJOU,0.5801515579223633
ANABAT,ARAKAH,0.5841162800788879
ANABAT,DIVFOF,0.49081310629844666
ANAWAP,ANAWOD,0.9999999403953552
ANAWAP,ANAWIX,0.9999999403953552
ANAWAP,BUBVUR,0.9987406134605408
ANAWAP,AYUFIL,0.6065257787704468
ANAWAP,DETRAX,0.5951905846595764
ANAWIX,ANAWOD,0.9999999403953552
ANAWIX,BUBVUR,0.9987406134605408
ANAWIX,AYUFIL,0.6065257787704468
ANAWIX,DETRAX,0.5951905846595764
ANAWOD,BUBVUR,0.9987406134605408
ANAWOD,AYUFIL,0.6065257787704468
ANAWOD,DETRAX,0.5951905846595764
ANAYUL,BANLUA,1.0
ANAYUL,ANAZAS,0.9929474592208862
ANAYUL,DEFXEU,0.940880298614502
ANAYUL,DAYGUH,0.6000000238418579
ANAYUL,BOSJUQ,0.30000001192092896
ANAYUL,DEKCEE,0.37372979521751404
ANAYUL,DEKCII,0.37804877758026123
ANAZAS,BANLUA,0.9929474592208862
ANAZAS,DEFXEU,0.9683489799499512
ANAZAS,DAYGUH,0.5929474830627441
ANAZAS,DEKCII,0.3800315856933594
ANAZAS,BOSJUQ,0.2929475009441376
ANAZAS,CEGJOO,0.321746289730072
ANAZAS,DEKCEE,0.3756394386291504
ANEQAM,BATSIB,0.7112385630607605
ANEQAM,AXOVIT,0.5770500302314758
ANEQAM,BEWSOO,0.5770500302314758
ANEQAM,BEWSUU,0.5770500302314758
ANEQAM,BEXPAX,0.5577138662338257
ANEQAM,DAPYUP,0.27685919404029846
ANUGEW,DEKBON,1.0
ANUGEW,CATZIJ,0.9985496997833252
ANUGEW,AWEJES,0.9965804815292358
ANUGEW,AWEJIW,0.9922806620597839
ANUGEW,DELGIN,0.9922806620597839
ANUGEW,ANUGIA,0.9571428894996643
ANUGEW,ANUGOG,0.9571428894996643
ANUGEW,BIDPOV,0.10000000149011612
ANUGEW,BIHROC,0.10000000149011612
ANUGEW,BIHRUI,0.10000000149011612
ANUGEW,CASCOR,0.10000000149011612
ANUGIA,ANUGOG,1.0
ANUGIA,ANUGUM,0.9965804815292358
ANUGIA,DEKBON,0.9571428894996643
ANUGIA,CATZIJ,0.9556925892829895
ANUGIA,BEDREK,0.6013217568397522
ANUGIA,CEXBAL,0.5730510950088501
ANUGIA,CIRTUU,0.550000011920929
ANUGOG,ANUGUM,0.9965804815292358
ANUGOG,DEKBON,0.9571428894996643
ANUGOG,CATZIJ,0.9556925892829895
ANUGOG,BEDREK,0.6013217568397522
ANUGOG,CEXBAL,0.5730510950088501
ANUGOG,CIRTUU,0.550000011920929
ANUGUM,DITTEH,0.9571428894996643
ANUGUM,AWEJES,0.9571428894996643
ANUGUM,CATZIJ,0.9554312229156494
ANUGUM,BEDREK,0.6037496328353882
ANUGUM,CEXBAL,0.5764706134796143
ANUGUM,DAWNAS,0.10000001639127731
APACAX,AVETAY,1.0
APACAX,DEMNOB,0.6727272868156433
APACAX,BAZBIQ,0.6710156202316284
APACAX,AVESOL,0.647826075553894
APACAX,AVETEC,0.6062353849411011
APANAI,BALZEW,0.9843295812606812
APANAI,BIYHOH,0.9837939143180847
APANAI,BIYHEX,0.972368061542511
APANAI,DINNEV,0.9683489799499512
APANAI,CUCITD03,0.965344250202179
APANAI,BIJGOT,0.19882985949516296
APANAI,CEGWER,0.4442790448665619
APARAM,DIDBOJ,0.5881986618041992
APARAM,CAXZOS,0.5881986618041992
APARAM,DIDBID,0.5881986618041992
APARAM,DIDBEZ,0.5881986618041992
APARAM,DIDBAV,0.5881986618041992
APAYIB,APAZAU,0.9999999403953552
APAYIB,DIVSUY,0.9999999403953552
APAYIB,APAYOH,0.9998192191123962
APAYIB,APAZEY,0.9998192191123962
APAYIB,APAYUN,0.9987545013427734
APAYIB,APAZIC,0.9987545013427734
APAYIB,APAZOI,0.9987545013427734
APAYOH,APAZEY,1.0
APAYOH,APAZAU,0.9998192191123962
APAYOH,DIVSUY,0.9998192191123962
APAYUN,APAZIC,1.0
APAYUN,APAZOI,1.0
APAYUN,DIVSUY,0.9987545013427734
APAYUN,APAZAU,0.9987545013427734
APAYUN,DITTEH,0.9674572348594666
APAZAU,DIVSUY,0.9999999403953552
APAZAU,APAZEY,0.9998192191123962
APAZAU,APAZIC,0.9987545013427734
APAZAU,APAZOI,0.9987545013427734
APAZEY,DIVSUY,0.9998192191123962
APAZIC,APAZOI,1.0
APAZIC,DIVSUY,0.9987545013427734
APAZIC,DITTEH,0.9674572348594666
APAZOI,DIVSUY,0.9987545013427734
APAZOI,DITTEH,0.9674572348594666
APEBED,BOKQEZ,0.9974996447563171
APEBED,CIFHIK,0.9974996447563171
APEBED,CIFHOQ,0.9974996447563171
APEBED,AYOREN,0.9962353706359863
APEBED,DETVUW,0.9795385599136353
APEBED,DAMYIC,0.4565804898738861
APEBED,DAMYIC01,0.4565804898738861
APETAS,AZIXUD,0.719312310218811
APETAS,DAKVIW,0.678571343421936
APETAS,CEPYII,0.6748067736625671
APETAS,DAKVOC,0.6748067736625671
APETAS,CEPXUT,0.6725187301635742
APETAS,BAFCAP,0.3762354254722595
APOGOD,CAJHUS04,1.0
APOGOD,CAJHUS01,1.0
APOGOD,CAJHUS02,1.0
APOGOD,CAJHUS03,1.0
APUPEH,BODPAN,0.6499999761581421
APUPEH,DIHVIB01,0.6499999761581421
APUPEH,DIHVIB,0.6499999761581421
APUPEH,CIPLIX,0.6496275663375854
APUVIS,DEZCIW,0.7157894968986511
APUVIS,DEZCAO,0.7135652303695679
APUVIS,DEZCES,0.7122918963432312
APUVIS,BEPMEQ,0.7000000476837158
APUVIS,BEPMAM,0.7000000476837158
APUVIS,CIDNIM,0.31086623668670654
APUZIV,BUTQUC,0.24613898992538452
APUZIV,BETXIK,0.23945912718772888
APUZIV,BARJUA,0.21739131212234497
APUZIV,BARKOV,0.21263445913791656
APUZIV,BANLUA,0.20714285969734192
AQAJEI,DECJON,0.6763471364974976
AQAJEI,CUSBUP,0.6493886709213257
AQAJEI,BADZAK,0.5695652365684509
AQAJEI,BINBIM,0.47873541712760925
AQAJEI,CETNUL,0.38655799627304077
AQAJIM,BEYKEX,0.9847758412361145
AQAJIM,AVUFED,0.9813843369483948
AQAJIM,AVUFED01,0.9813843369483948
AQAJIM,COSWEO,0.6684210300445557
AQAJIM,DIGPER,0.6630600094795227
AQAJIM,AYUWUM,0.3613843619823456
AQAJIM,BUTQUC,0.4227636456489563
AQAJIM,CAYKEU,0.5810399651527405
AQAJIM,CIXCOD,0.40821292996406555
AQALUZ,AQALUZ01,1.0
AQALUZ,AQAMIO02,0.9997506737709045
AQALUZ,BIVXEK,0.9997506737709045
AQALUZ,ASALEL,0.9965023994445801
AQALUZ,CIBTIR,0.6178358793258667
AQALUZ,AYOQEM,0.5344322323799133
AQALUZ,BOQWEK,0.4715023934841156
AQALUZ01,AQAMIO02,0.9997506737709045
AQALUZ01,BIVXEK,0.9997506737709045
AQALUZ01,ASALEL,0.9965023994445801
AQALUZ01,CIBTIR,0.6178358793258667
AQALUZ01,BOQWEK,0.4715023934841156
AQAMIO01,CIYZUG,0.5760982036590576
AQAMIO01,BOHYUT,0.5526981353759766
AQAMIO01,BOHZAA,0.5516762733459473
AQAMIO01,DAXFEQ,0.5248866677284241
AQAMIO01,ASALAH,0.500407338142395
AQAMIO01,ASALOV,0.4965789318084717
AQAMIO01,AWEVIJ,0.4577757716178894
AQAMIO01,BACZIR,0.38413941860198975
AQAMIO01,CUXVEX,0.4135810434818268
AQAMIO01,DAXFIU,0.4696367084980011
AQAMIO02,BIVXEK,0.9999999403953552
AQAMIO02,ASALEL,0.9977757334709167
AQAMIO02,CIBTIR,0.6188232898712158
AQAMIO02,BOQWEK,0.47277575731277466
AQEGUZ,CAQCAZ,0.4362405836582184
AQEGUZ,CEMJOV,0.4362405836582184
AQEGUZ,CASTEW,0.4362405836582184
AQEGUZ,CUKXEN,0.4296848475933075
AQEQES,DITXOU,0.9977757334709167
AQEQES,CIZQOT,0.9977757334709167
AQEQES,AZIMIH,0.9977757334709167
AQEQES,AVOGAT,0.9971376657485962
AQEQES,AVOGAT01,0.9971376657485962
AQEQES,AVOGEX,0.9971376657485962
AQEQES,BUSQIQ,0.9963989853858948
AQEQES,DEYXIQ,0.5736842155456543
AQEQIW,AZIMIH,1.0
AQEQIW,DITXOU,1.0
AQEQIW,CIZQUZ,1.0
AQEQIW,CIZQOT,1.0
AQEQIW,ATAFIK,1.0
AQEQIW,CAWLIY,0.64000004529953
AQEQIW,CUKXIR,0.9974996447563171
AQEQIW,DASTEY01,0.47894737124443054
AQEQIW,DASTEY02,0.47894737124443054
AQESUK,BORNIG,0.9978995323181152
AQESUK,BORNEC,0.996257483959198
AQESUK,BOJLOC,0.6825820803642273
AQESUK,BOJLOC01,0.6825820803642273
AQESUK,BERRUN,0.4028969407081604
AQIQAU,DIRLIB,0.9970499873161316
AQIQAU,DIQHAO,0.9939473867416382
AQIQAU,DIQHAO01,0.9939473867416382
AQIQAU,AQIQEY,0.9922806620597839
AQIQAU,BEPREV02,0.9921966195106506
AQIQAU,ATURIS,0.7389659881591797
AQIQEY,BEPROF,0.9999494552612305
AQIQEY,BEPREV,0.9999494552612305
AQIQEY,BEPREV01,0.9999494552612305
AQIQEY,BEPREV02,0.9999494552612305
AQIQEY,BEPREV03,0.9999494552612305
AQIQEY,CEZYOY,0.8031250238418579
AQIQEY,DAQMAM,0.427192747592926
AQIROJ,CEWQED,0.485714316368103
AQIROJ,CEWQAZ,0.485714316368103
AQIROJ,COWLIK,0.48194971680641174
AQIROJ,CUKXAI,0.48194971680641174
AQIROJ,CAKWUI,0.4274996519088745
AQIROJ,DALXEW,0.3145490288734436
AQIROJ,DENQIZ,0.47158047556877136
AQIVIF,DANVEU,1.0
AQIVIF,DANVAQ,1.0
AQIVIF,AYABEH,0.9987369775772095
AQIVIF,AQIVOL,0.9983987212181091
AQIVIF,AXUZUO,0.9826657772064209
AQIVIF,AYABAD,0.9826657772064209
AQIVIF,DITWEK,0.5944356322288513
AQIVOL,DANVAQ,0.9983987212181091
AQIVOL,DANVEU,0.9983987212181091
AQIVOL,AYABEH,0.9970894455909729
AQIVOL,AYABAD,0.9782870411872864
AQIVOL,DITWEK,0.5957126617431641
AQMAND,AQMAND01,0.9999999403953552
AQMAND,CEWNIB,0.9987369775772095
AQMAND,AXAWUT,0.9901461601257324
AQMAND,BABTOP,0.6007442474365234
AQMAND,BAYJEQ,0.9821665287017822
AQMAND,BUDCIN,0.5577316880226135
AQMAND01,CEWNIB,0.9987369775772095
AQMAND01,AXAWUT,0.9901461601257324
AQMAND01,BABTOP,0.6007442474365234
AQMAND01,BAYJEQ,0.9821665287017822
AQMAND01,BUDCIN,0.5577316880226135
AQOJUL,AQOJUL01,1.0
AQOJUL,DESHOZ,1.0
AQOJUL,BAMWES,0.9970499873161316
AQOJUL,DEJCEB,0.9962353706359863
AQOJUL,DEPXAY,0.9962353706359863
AQOJUL,DEJCIF,0.9922806620597839
AQOJUL01,DESHOZ,1.0
AQOJUL01,BAMWES,0.9970499873161316
AQOJUL01,DEJCEB,0.9962353706359863
AQOJUL01,DEPXAY,0.9962353706359863
AQOJUL01,DEJCIF,0.9922806620597839
AQOLEZ,BETGOY,0.9999999403953552
AQOLEZ,BETGUE,0.9999999403953552
AQOLEZ,BETGIS,0.9997506737709045
AQOLEZ,BETGEO,0.9997506737709045
AQOLEZ,BOWNUY,0.9996275901794434
AQOLEZ,BICDAU,0.3831416368484497
AQOLEZ,COTYIV,0.9996275901794434
AQOLEZ,DANWAS,0.9977757334709167
AQOLID,AQOMEA,0.9999999403953552
AQOLID,BIXVIQ,0.9996275901794434
AQOLID,BIXVOW,0.9996275901794434
AQOLID,BIXVEM,0.9996275901794434
AQOLID,AQOLUP,0.8147057890892029
AQOLID,AQOMEA01,0.5764705538749695
AQOLOJ,CEXBAL,0.5341393947601318
AQOLOJ,AQOMAW,0.36666664481163025
AQOLUP,AQOMEA,0.8147057890892029
AQOLUP,BIXVOW,0.814333438873291
AQOLUP,BIXVIQ,0.814333438873291
AQOLUP,BIXVEM,0.814333438873291
AQOLUP,AQOMEA01,0.761764645576477
AQOMAW,COJHIT,0.7299999594688416
AQOMAW,BIBXUH,0.7297506928443909
AQOMEA,BIXVIQ,0.9996275901794434
AQOMEA,BIXVOW,0.9996275901794434
AQOMEA,BIXVEM,0.9996275901794434
AQOMEA,AQOMEA01,0.5764705538749695
AQOMEA01,BIXVEM,0.5760982036590576
AQOMEA01,BIXVOW,0.5760982036590576
AQOROP,AQORUV,0.9962353706359863
AQOROP,DEFTAL01,0.7406328916549683
AQOROP,DEFTAL,0.7406328916549683
AQOROP,BOVHEB,0.7249999642372131
AQOROP,DEFSUE,0.7135652303695679
AQORUV,DEFTAL01,0.7368044853210449
AQORUV,DEFTAL,0.7368044853210449
AQORUV,BOVHEB,0.7212353348731995
AQORUV,DEFSUE,0.7097368240356445
AQOXEK,DETGIT,0.3449475169181824
AQOXEK,CUSBUO,0.2874999940395355
AQOXEK,CEJSUG,0.285929799079895
AQOXEK,AVUFED01,0.2730769217014313
AQOXEK,AVUFED,0.2730769217014313
AQUCOG,AQUDIB,1.0
AQUCOG,AQUCUM,1.0
AQUCOG,COKNIB,0.9999494552612305
AQUCOG,COKMOG,0.9999494552612305
AQUCOG,COKNIB01,0.9999494552612305
AQUCOG,COKMIA,0.9997506737709045
AQUCOG,COKPOJ,0.9997506737709045
AQUCOG,COKQAW,0.9999494552612305
AQUCOG,COKQEA,0.9997506737709045
AQUCOG,CUVTUJ,0.9997506737709045
AQUCUM,AQUDIB,1.0
AQUCUM,COKNIB02,0.9999494552612305
AQUCUM,COKNIB,0.9999494552612305
AQUCUM,COKMOG,0.9999494552612305
AQUCUM,CADQOP,0.9672331809997559
AQUCUM,COKMIA,0.9997506737709045
AQUCUM,COKNIB01,0.9999494552612305
AQUDIB,COKNIB02,0.9999494552612305
AQUDIB,COKNIB,0.9999494552612305
AQUDIB,COKMOG,0.9999494552612305
AQUDIB,COKPOJ,0.9997506737709045
AQUDIB,COKQEA,0.9997506737709045
AQUDIB,CUVTUJ,0.9997506737709045
AQUKOO,AQULOP,0.9997506737709045
AQUKOO,AQULEF,0.9972895383834839
AQUKOO,BENBIH,0.753947377204895
AQUKOO,BAMHIJ,0.7518350481987
AQUKOO,CEHQOX,0.6265954375267029
AQULEF,AQULOP,0.9955241084098816
AQULEF,BENBIH,0.7570500373840332
AQULEF,BAMHIJ,0.7545455098152161
AQULEF,CEHQOX,0.6273164749145508
AQULOP,BENBIH,0.7521966695785522
AQULOP,BAMHIJ,0.7500696182250977
AQULOP,CEHQOX,0.626008927822113
ARAJEK,ARAJOU,0.9999494552612305
ARAJEK,ARAJIO,0.9996275901794434
ARAJEK,ARAKAH,0.9965804815292358
ARAJEK,BARHUY,0.5753442645072937
ARAJIO,ARAJOU,0.9997506737709045
ARAJIO,ARAKAH,0.9977757334709167
ARAJIO,BARHUY,0.5783489942550659
ARAJIO,AXITAD,0.36728957295417786
ARAJIO,DIXBOC,0.5609259009361267
ARAJOU,ARAKAH,0.9965023994445801
ARAJOU,BARHUY,0.5770339965820312
ARAJOU,AXITAD,0.36552414298057556
ARAKAH,BARHUY,0.5692462921142578
ARAKAH,AXITAD,0.3674996495246887
ARAKAH,DIXBOC,0.56113600730896
ARATIY,COQMAX,0.6633371114730835
ARATIY,AWEMUL,0.6337652802467346
ARATIY,COQMIF,0.6267342567443848
ARATIY,CUQKOQ,0.5990378856658936
ARATIY,COQMEB,0.5858252048492432
ARATIY,AWOSIQ,0.42399999499320984
ARATIY,AXICOB,0.4342857003211975
ARAVAR,CUPHUS,0.550000011920929
ARAVAR,ASUKEE01,0.550000011920929
ARAVAR,ASUKEE,0.550000011920929
ARAVAR,BOSHUN,0.5499494671821594
ARAVAR,DEHHIK,0.5496275424957275
ARAVAR,BEKVOD,0.40962398052215576
ARAXEX,BUQROV,0.5026869773864746
ARAXEX,CUMJEB,0.4899999797344208
ARAXEX,CAYGIU,0.45790567994117737
ARAXEX,CAYFAL,0.45790567994117737
ARAXEX,BISPAU,0.40561041235923767
ARAXEX,CORYUE,0.33051598072052
ARIDIQ,DEGMAG,0.6271875500679016
ARIDIQ,DEGMAG01,0.6271875500679016
ARIDIQ,CUTKEI,0.606249988079071
ARIDIQ,CUYWUP,0.6028304696083069
ARIDIQ,AROFET,0.6024853587150574
ARINOF,CUPMEG,0.5499494671821594
ARINOF,CUPLOP,0.5496275424957275
ARINOF,DIFZUP,0.5496275424957275
ARINOF,CUPLUV,0.5485497117042542
ARINOF,CUPMAC,0.5450717806816101
ARINUL,CUCFOX,0.5240805149078369
AROFAP,AROFET,1.0
AROFAP,CUTKEI,0.9962353706359863
AROFAP,CUYWUP,0.9922806620597839
AROFAP,CAZNEY,0.8901011943817139
AROFAP,CIGYEY,0.44682613015174866
AROFET,CUTKEI,0.9962353706359863
AROFET,CUYWUP,0.9922806620597839
AROFET,CAZNEY,0.8901011943817139
AROFET,CIGYEY,0.44682613015174866
AROQAB,COXLAD,0.3679474890232086
AROQAB,COXKUW,0.35888075828552246
AROQAB,COKJOD,0.35446614027023315
AROQAB,BAPKAG,0.3523860275745392
AROVAE,CONSAA,0.9735639095306396
AROVAE,AZIYOX,0.8487369418144226
AROVAE,CETFOX,0.8487369418144226
AROVAE,AZIYOX02,0.8487369418144226
AROVAE,ATERIB,0.4765481948852539
AROVAE,CABHOC,0.41707906126976013
ARUJED,COPTUX,1.0
ARUJED,DAYWOS,0.6637166738510132
ARUJED,CUQXAP,0.5346425175666809
ARUJED,CUQXIX,0.5341928601264954
ARUJED,CAXWUV,0.3930232524871826
ARUTIQ,AWEZEI,0.426650732755661
ARUTIQ,AVUKUY,0.426650732755661
ARUTIQ,AVULEJ,0.426650732755661
ARUTIQ,AWEYUX,0.426650732755661
ARUTIQ,AWEZAE,0.426650732755661
ASACAZ,ASACON,0.9974996447563171
ASACAZ,ASACIH,0.9974996447563171
ASACAZ,DACJUO,0.9959419965744019
ASACAZ,DEDTEN,0.6776819229125977
ASACAZ,CUKXIR,0.6294118165969849
ASACAZ,BIBQOV,0.531982421875
ASACAZ,CAVNOE,0.3501346707344055
ASACIH,ASACON,1.0
ASACIH,DACJUO,0.9944032430648804
ASACIH,DEDTEN,0.6612932085990906
ASACIH,ATAFIK,0.6294118165969849
ASACIH,BIBQOV,0.5344827771186829
ASACON,DACJUO,0.9944032430648804
ASACON,DEDTEN,0.6612932085990906
ASACON,CIZQUZ,0.6294118165969849
ASACON,BIBQOV,0.5344827771186829
ASAHEJ,ASAMUE,0.9995650053024292
ASAHEJ,BILRIA,0.9949279427528381
ASAHEJ,BUPVEP,0.45738500356674194
ASAHEJ,BEZSEG01,0.44719821214675903
ASAHEJ,BEZSEG,0.44719821214675903
ASALAH,ASALOV,0.9962353706359863
ASALAH,CURSEO,0.48400264978408813
ASALAH,CEJGAB,0.48400264978408813
ASALAH,BIVXAG,0.48349007964134216
ASALAH,CIDNIM,0.303137868642807
ASALEL,BIVXEK,0.9977757334709167
ASALEL,CIBTIR,0.6197664141654968
ASALEL,BOQWEK,0.4749999940395355
ASALEL,CUTKUY,0.5619092583656311
ASALOV,CEJFUU,0.4827643036842346
ASAMUE,BILRIA,0.9959901571273804
ASAMUE,BUPVEP,0.4612484574317932
ASAMUE,BEZSEG01,0.44465672969818115
ASAMUE,DIJWID,0.44465672969818115
ASEJIT,ASEKAM,1.0
ASEJIT,ASEJOZ01,1.0
ASEJIT,ASEJOZ,1.0
ASEJIT,DACZUF,0.8251973390579224
ASEJIT,BEQJUF,0.6324713826179504
ASEJIT,DEFSUE,0.7292414903640747
ASEJOZ,ASEKAM,1.0
ASEJOZ,ASEJOZ01,1.0
ASEJOZ,DACZUF,0.8251973390579224
ASEJOZ,BEQJUF,0.6324713826179504
ASEJOZ,DEFSUE,0.7292414903640747
ASEJOZ01,ASEKAM,1.0
ASEJOZ01,DACZUF,0.8251973390579224
ASEJOZ01,BEQJUF,0.6324713826179504
ASEJOZ01,DEFSUE,0.7292414903640747
ASEKAM,DACZUF,0.8251973390579224
ASEKAM,BEQJUF,0.6324713826179504
ASEKAM,CAXWOP,0.42258191108703613
ASEKAM,DEFSUE,0.7292414903640747
ASELIV,CEQPOG,0.6285449862480164
ASELIV,DIVRAD,0.6142857074737549
ASELIV,BOYFUS,0.5544124841690063
ASELIV,DIYREK,0.4406329393386841
ASELIV,DAWPEZ,0.41277578473091125
ASEMUG,ASEMUG01,1.0
ASEMUG,AVUYAR,0.9975399971008301
ASEMUG,BAEDTA01,0.754440426826477
ASEMUG,DIBZIZ,0.6767933368682861
ASEMUG,DIBZOF,0.6722273230552673
ASEMUG,DINFOX,0.5398501753807068
ASEMUG01,AVUYAR,0.9975399971008301
ASEMUG01,BAEDTA01,0.754440426826477
ASEMUG01,DIBZIZ,0.6767933368682861
ASEMUG01,DIBZOF,0.6722273230552673
ASEMUG01,DIBZEV,0.6722273230552673
ASEMUG01,DINFOX,0.5398501753807068
ASIRAX,CAVWII,1.0
ASIRAX,ATEYUV,0.9999803900718689
ASIRAX,AYOZUL,0.9999352693557739
ASIRAX,ATEZAC,0.9999352693557739
ASIRAX,AYOZIZ,0.999916136264801
ASIRAX,ATEYOP,0.999916136264801
ASIRAX,AYOZOF,0.9995911717414856
ASIRAX,DAKZUN,0.9995911717414856
ASIRUR,CUFJUK,0.9972895383834839
ASIRUR,CUFKAR,0.9972895383834839
ASIRUR,BOPHEV,0.9970499873161316
ASIRUR,BOPHIZ,0.9970499873161316
ASIRUR,BAVYEF,0.8108431100845337
ASIRUR,BIRMUM,0.6806451678276062
ASIVAB,CUVVOG,0.8581189513206482
ASIVAB,AVEQID,0.6552011370658875
ASIVAB,CAQKAJ,0.6272138357162476
ASIVAB,CAQJOW,0.6272138357162476
ASIVAB,CAQKAJ01,0.6272138357162476
ASIVAB,ATAYAX,0.6028304696083069
ASOHUL,ATOTIM,1.0
ASOHUL,BADJAU,0.9974375367164612
ASOHUL,BADHUM,0.9974375367164612
ASOHUL,BADJIC,0.9974375367164612
ASOHUL,AVOFUM,0.9959286451339722
ASOSUY,DIHVIB01,0.6684210300445557
ASOSUY,DIHVIB,0.6684210300445557
ASOSUY,BODPAN,0.6684210300445557
ASOSUY,AVUCEA,0.668048620223999
ASOVEL,DIQGUH,0.6142857074737549
ASOVEL,ATIJUI,0.6055640578269958
ASOVEL,BEBFIY,0.6049933433532715
ASOVEL,ATIKIX,0.604270875453949
ASUBIB,AZAYAD,0.9648386240005493
ASUBIB,CAVWOO,0.6996341347694397
ASUBIB,AVIHIY,0.6994840502738953
ASUBIB,DIGPER,0.6994805932044983
ASUBIB,CAJQIP,0.4934263825416565
ASUCAS,CEJGAB,0.4433216452598572
ASUCAS,CURSEO,0.4433216452598572
ASUCAS,CEJFUU,0.44319576025009155
ASUCAS,BIVXAG,0.4422084391117096
ASUCAS,CEJFOO,0.4422084391117096
ASUKEE,ASUKEE01,1.0
ASUKEE,CUPHUS,1.0
ASUKEE,BOSHUN,0.9999494552612305
ASUKEE,DEHHIK,0.9996275901794434
ASUKEE,DAPZAW,0.9969467520713806
ASUKEE,CAWDOU,0.5736842155456543
ASUKEE,CAWDOU02,0.5736842155456543
ASUKEE,CETPIB,0.47499996423721313
ASUKEE,CETPIB02,0.47499996423721313
ASUKEE,CETVAA,0.6499999761581421
ASUKEE,DIPGAK,0.4000000059604645
ASUKEE01,CUPHUS,1.0
ASUKEE01,BOSHUN,0.9999494552612305
ASUKEE01,DEHHIK,0.9996275901794434
ASUKEE01,DAPZAW,0.9969467520713806
ASUKEE01,AVELOD,0.5235294103622437
ASUKEE01,CAWDOU,0.5736842155456543
ASUKEE01,CAWDOU02,0.5736842155456543
ASUKEE01,CETPIB,0.47499996423721313
ASUKEE01,CETPIB02,0.47499996423721313
ASUKEE01,CETVAA,0.6499999761581421
ASUKEE01,DIPGAK,0.4000000059604645
ASUQIO,COXCUP,0.446153849363327
ASUQIO,COXDIE,0.446153849363327
ASUQIO,COXCOJ,0.446153849363327
ASUQIO,COXDAW,0.446153849363327
ASUQIO,ASUQOU,0.43157893419265747
ASUQIO,COWRUC,0.32194679975509644
ASUQIO,COWSAJ,0.32194679975509644
ASUQIO,COWSEN,0.32194679975509644
ASUQIO,DALXEW,0.3034445643424988
ASUQIO03,ASUQIO04,1.0
ASUQIO03,CUNFOH,1.0
ASUQIO03,CETHEQ,1.0
ASUQIO03,CUNFOH01,1.0
ASUQIO03,CUGYEK,0.9969467520713806
ASUQIO03,COXCOJ,0.48571428656578064
ASUQIO03,COXCUP,0.48571428656578064
ASUQIO03,COXDAW,0.48571428656578064
ASUQIO03,COXDIE,0.48571428656578064
ASUQIO03,CUGZAH,0.9969467520713806
ASUQIO03,DIGYIE,0.30285337567329407
ASUQIO04,CUNFOH,1.0
ASUQIO04,CETHEQ,1.0
ASUQIO04,CUNFOH01,1.0
ASUQIO04,CUGYEK,0.9969467520713806
ASUQIO04,COXDEA,0.4483870565891266
ASUQOU,DEKGOS,0.4959999918937683
ASUQOU,BOBTOC,0.35199999809265137
ASUQOV,DEGBOI,0.9970894455909729
ASUQOV,DEGBUO,0.9957407712936401
ASUQOV,CIXNUT,0.5364584922790527
ASUQOV,COTVIS,0.09999998658895493
ASUQOV,DATPIY,0.49452996253967285
ASUXAP,BELXUN,0.3494235575199127
ASUXAP,BIKMIT,0.3423076868057251
ATAFIK,AZIMIH,1.0
ATAFIK,CIZQUZ,1.0
ATAFIK,DITXOU,1.0
ATAFIK,CIZQOT,1.0
ATAFIK,CAWLIY,0.64000004529953
ATAFIK,DASTEY01,0.47894737124443054
ATAFIK,DASTEY02,0.47894737124443054
ATAYAX,AVEQID,0.7749999761581421
ATAYAX,DEMNOB,0.5666666626930237
ATAYAX,BAZBIQ,0.5649549961090088
ATAYAX,AVETAY,0.5645161271095276
ATAYEB,BAZBIQ,0.5185497403144836
ATAYEB,DEMNOB,0.5165805220603943
ATAYEB,AVESOL,0.5030320882797241
ATEJOA,BIFSOB,0.9942138195037842
ATEJOA,DIXGIC,0.8709091544151306
ATEJOA,DADLOM,0.8500989079475403
ATEJOA,DADLEC,0.8500989079475403
ATERIB,CAKLOR,0.5090909004211426
ATERIB,CONSAA,0.5073792338371277
ATERIB,DINNIZ,0.5065905451774597
ATERIB,BEDJEA,0.47694703936576843
ATEXII,DEXKEZ,0.4105431139469147
ATEXII,DEBBIY,0.40000003576278687
ATEXII,DAZZUC,0.3962354362010956
ATEXII,BUKMUQ01,0.39250001311302185
ATEXII,CECVAI,0.28696513175964355
ATEYED,CUMKIG,0.9999999403953552
ATEYED,CUMKIG03,0.9999999403953552
ATEYED,COKFAK,0.8874999284744263
ATEYED,CIDPEM,0.8874999284744263
ATEYED,BUYNAL,0.47277575731277466
ATEYED,CAVRUO,0.4139534533023834
ATEYED,CAVSAV,0.4112430214881897
ATEYED,COWKAB,0.3808775842189789
ATEYED,CUMFOG,0.48962756991386414
ATEYED,DEPVUQ,0.5030758380889893
ATEYED,DEPWAX,0.5030758380889893
ATEYOP,AYOZIZ,1.0
ATEYOP,CAVWII,0.999916136264801
ATEYOP,ATEYUV,0.9998704195022583
ATEYOP,AYOZUL,0.9998304843902588
ATEYUV,ATEZAC,0.9999855160713196
ATEYUV,AYOZUL,0.9999855160713196
ATEYUV,CAVWII,0.9999803900718689
ATEYUV,AYOZIZ,0.9998704195022583
ATEYUV,ATEZEG,0.9997713565826416
ATEYUV,ATEZIK,0.9997872710227966
ATEYUV,AYOZOF,0.9995371103286743
ATEYUV,BICPUA,0.9997713565826416
ATEYUV,DAKZUN,0.9995371103286743
ATEZAC,AYOZUL,1.0
ATEZAC,CAVWII,0.9999352693557739
ATEZAC,ATEZEG,0.9998589158058167
ATEZAC,ATEZIK,0.9998542070388794
ATEZAC,BICPUA,0.9998589158058167
ATEZAC,DAKZUN,0.9994291663169861
ATEZEG,BICPUA,1.0
ATEZEG,ATEZIK,0.9998902082443237
ATEZEG,AYOZUL,0.9998589158058167
ATEZEG,CIFLAH,0.5583493709564209
ATEZEG,CIFSAO,0.995492160320282
ATEZEG,CIFSES,0.995492160320282
ATEZEG,CIFSIW,0.995492160320282
ATEZIK,BICPUA,0.9998902082443237
ATEZIK,AYOZUL,0.9998542070388794
ATEZIK,CIFLAH,0.5589085221290588
ATEZIK,CIFSAO,0.9960513114929199
ATEZIK,CIFSES,0.9960513114929199
ATEZIK,CIFSIW,0.9960513114929199
ATIBAG,DADTOS03,1.0
ATIBAG,ATIBOU,1.0
ATIBAG,DADTOS07,1.0
ATIBAG,DADTOS06,1.0
ATIBAG,DADTOS05,1.0
ATIBIO,DADTOS03,1.0
ATIBIO,ATIBOU,1.0
ATIBIO,DADTOS07,1.0
ATIBIO,DADTOS06,1.0
ATIBIO,DADTOS05,1.0
ATIBIO,DIDVIW,1.0
ATIBOU,DADTOS03,1.0
ATIBOU,DADTOS02,1.0
ATIBOU,DADTOS07,1.0
ATIBOU,DADTOS06,1.0
ATIBOU,DADTOS05,1.0
ATIBOU,ATIBOU01,1.0
ATIBOU,ATIBOU02,1.0
ATIBOU,ATIBUA,1.0
ATIBOU,DADTOS,1.0
ATIBOU,DADTOS01,1.0
ATIBOU,DADTOS04,1.0
ATIBOU,DADTOS08,1.0
ATIBOU,DADTOS09,1.0
ATIBOU,DADTOS10,1.0
ATIBOU,DADTOS11,1.0
ATIBOU,DADTOS12,1.0
ATIBOU,DADTOS13,1.0
ATIBOU,DADTOS14,1.0
ATIBOU,DADTOS15,1.0
ATIBOU,DADTOS16,1.0
ATIBOU,DADTOS17,1.0
ATIBOU,DADTOS18,1.0
ATIBOU01,DADTOS02,1.0
ATIBOU01,DADTOS06,1.0
ATIBOU01,DADTOS05,1.0
ATIBOU01,DADTOS04,1.0
ATIBOU01,ATICAH,1.0
ATIBOU01,ATICEL,1.0
ATIBOU02,DADTOS02,1.0
ATIBOU02,DADTOS06,1.0
ATIBOU02,DADTOS05,1.0
ATIBOU02,DADTOS04,1.0
ATIBUA,DADTOS02,1.0
ATIBUA,DADTOS06,1.0
ATIBUA,DADTOS05,1.0
ATIBUA,DADTOS04,1.0
ATICAH,DADTOS05,1.0
ATICAH,DADTOS03,1.0
ATICAH,DADTOS11,1.0
ATICAH,DADTOS09,1.0
ATICEL,DADTOS05,1.0
ATICEL,DADTOS03,1.0
ATICEL,DADTOS11,1.0
ATICEL,DADTOS09,1.0
ATIJOC,AVAQAP,0.9987369775772095
ATIJOC,BOJYIK,0.9985291957855225
ATIJUI,AVAQET,0.9994630217552185
ATIJUI,BOJYIK01,0.9991112351417542
ATIJUI,BOJYIK,0.9991112351417542
ATIJUI,ATIKIX,0.9984701871871948
ATIJUI,CAVLIW,0.6312783360481262
ATIJUI,CAVLOC,0.6312783360481262
ATIJUI,DIQGUH,0.9912782907485962
ATIJUJ,CELNUE,0.9999999403953552
ATIJUJ,AVUPOX,0.7013393640518188
ATIJUJ,AVUPIR,0.7013393640518188
ATIJUJ,CUMDOE,0.6842026114463806
ATIJUJ,CUMDIY,0.6841917037963867
ATIJUJ,AZILEA,0.6474708318710327
ATIJUJ,CIHNIR,0.2942221760749817
ATIKAP,ATIKET,0.999916136264801
ATIKAP,CEJXOG,0.9998304843902588
ATIKAP,AVAQET,0.9996404051780701
ATIKAP,CUHYUB,0.7000000476837158
ATIKET,CEJXOG,0.9999352693557739
ATIKET,AVAQET,0.9995414018630981
ATIKET,BOJYIK,0.9995911717414856
ATIKET,BOJYIK01,0.9995911717414856
ATIKET,CUJCOB,0.7000000476837158
ATIKIX,SURKAT,0.9982609748840332
ATIKIX,BESKUI,0.9982609748840332
ATIKIX,RUBTAK02,0.9982609748840332
ATIKIX,DIQGUH,0.9899851083755493
ATIXUX,CUKXAJ,0.6399999856948853
ATIXUX,DAHMIJ,0.6399999856948853
ATIXUX,CUKXEN,0.6399999856948853
ATOTIM,BADJIC,0.9974375367164612
ATOTIM,CAVMUJ01,0.9974375367164612
ATOTIM,BADHOG,0.9974375367164612
ATOTIM,COMDOY,0.9925156831741333
ATULIM,CIWYUD,0.6077757477760315
ATULIM,DIXKOL,0.6077757477760315
ATULIM,CITZIP,0.6077757477760315
ATULIM,BEDPAE,0.5913241505622864
ATULIM,CUVFUW,0.589783787727356
ATULOS,CIQHOC,0.6142857670783997
ATULOS,CIQHES,0.610521137714386
ATULOS,CIQHIW,0.610521137714386
ATULOS,CUKBEQ,0.5940521359443665
ATULOS,CORZOA,0.5938243269920349
ATURIS,CEZYOY,0.747905433177948
ATURIS,DIRLIB,0.7314839363098145
ATURIS,DIQHAO,0.7277798056602478
ATURIS,AWENAT02,0.5710725784301758
ATUXEU,CUWNIT,0.5195334553718567
ATUXEU,BEXVAD01,0.5195334553718567
ATUXEU,AWEYAE,0.5152350068092346
AVAGIP,AVAGUB,1.0
AVAGIP,COTXIU,0.4758065342903137
AVAGIP,COTXEQ,0.4758065342903137
AVAGIP,COTXOA,0.4758065342903137
AVAGIP,DABWUA,0.4369468092918396
AVAGUB,COTXIU,0.4758065342903137
AVAGUB,COTXEQ,0.4758065342903137
AVAGUB,COTXOA,0.4758065342903137
AVAGUB,DABWUA,0.4369468092918396
AVAJUE02,AVAKAL02,1.0
AVAJUE02,CENQAP,0.9965804815292358
AVAJUE02,CAWVIH,0.9965804815292358
AVAJUE02,DADLOM,0.9950717687606812
AVAJUE02,DADLEC,0.9950717687606812
AVAJUE02,DIXGIC,0.9671105742454529
AVAKAL02,CENQAP,0.9965804815292358
AVAKAL02,CAWVIH,0.9965804815292358
AVAKAL02,DADLOM,0.9950717687606812
AVAKAL02,DADLEC,0.9950717687606812
AVAKAL02,CENPUI,0.9946607351303101
AVAKAL02,DIXGIC,0.9671105742454529
AVAKEP02,BAZFUF,0.5935484170913696
AVAKEP02,BAZFUF01,0.5935484170913696
AVAKEP02,BAZGAM,0.5935484170913696
AVAKEP02,AXINAX01,0.593176007270813
AVAKEP02,DIBQIQ,0.593176007270813
AVAQAP,BOJYIK,0.9987543821334839
AVAQAP,BOJYIK01,0.9987543821334839
AVAQAP,BUPVIT,0.9901461601257324
AVAQAP,BUVHEH,0.9901461601257324
AVAQAP,CELDAA,0.9901461601257324
AVAQAP,COTVIS,0.09999998658895493
AVAQAP01,DEDTEN,0.6618912220001221
AVAQAP01,AZUCED,0.6328063607215881
AVAQAP01,BAVDEH,0.34773167967796326
AVAQAP01,BIFDUQ,0.31373628973960876
AVAQAP01,CAFRUX,0.31694918870925903
AVAQAP01,CEMMUD,0.31694918870925903
AVAQAP01,CEVBIR,0.4197636842727661
AVAQAP01,CIFGOP,0.6327580213546753
AVAQAP01,CITXEJ,0.30197662115097046
AVAQAP01,CORYUE,0.3116462230682373
AVAQAP01,COTVIS,0.09999998658895493
AVAQET,DIQGUH,0.9892654418945312
AVAQIX,AVAQIX01,1.0
AVAQIX,CESNUM,1.0
AVAQIX,DIWFAT,0.9970499873161316
AVAQIX,CESYEF,0.9968591928482056
AVAQIX,CESYEF01,0.9968591928482056
AVAQIX,BUXCAZ,0.9801182150840759
AVAQIX01,CESNUM,1.0
AVAQIX01,DIWFAT,0.9970499873161316
AVAQIX01,CESYEF,0.9968591928482056
AVAQIX01,CESYEF01,0.9968591928482056
AVAQIX01,BUXCAZ,0.9801182150840759
AVAXIF,CEFDAU,0.9797663688659668
AVAXIF,CODFEH,0.5556548237800598
AVAXIF,CIMZII,0.5534506440162659
AVAXIF,BESXED,0.5287666916847229
AVELOD,AVEMAQ,0.9999494552612305
AVELOD,AVELUJ,0.9999494552612305
AVELOD,DEZCER,0.9950717687606812
AVELOD,CIBTIR,0.5871402025222778
AVELUJ,AVEMAQ,1.0
AVELUJ,DEZCER,0.9955241084098816
AVELUJ,CIBTIR,0.5865314602851868
AVELUJ,BOSHUN,0.5235294103622437
AVEMAQ,DEZCER,0.9955241084098816
AVEMAQ,CIBTIR,0.5865314602851868
AVEMAQ,BOSHUN,0.5235294103622437
AVEQID,CUVVOG,0.7107142806053162
AVEQID,DEMNOB,0.686956524848938
AVEQID,BAZBIQ,0.6852448582649231
AVEQID,AVETEC,0.5743603706359863
AVEROJ,AVESIE,1.0
AVEROJ,AVESAW,1.0
AVEROJ,AVESEA,1.0
AVEROJ,AVERUP,1.0
AVEROJ,COMVEG,0.364705890417099
AVERUP,AVESIE,1.0
AVERUP,AVESAW,1.0
AVERUP,AVESEA,1.0
AVERUP,COMVEG,0.364705890417099
AVERUP,DEGPEL,0.9922806620597839
AVESAW,AVESIE,1.0
AVESAW,AVESEA,1.0
AVESAW,COMVEG,0.364705890417099
AVESAW,DEGPEL,0.9922806620597839
AVESEA,AVESIE,1.0
AVESIE,COMVEG,0.364705890417099
AVESOL,AVESUR,0.9962353706359863
AVESOL,DEMNOB,0.9437500238418579
AVESOL,BAZBIQ,0.942038357257843
AVESOL,AVETAY,0.647826075553894
AVESOL,CEKHUY,0.7822948098182678
AVESUR,DEMNOB,0.9399853944778442
AVESUR,BAZBIQ,0.9392714500427246
AVESUR,CEKHUY,0.7779949903488159
AVETAY,DEMNOB,0.6727272868156433
AVETAY,BAZBIQ,0.6710156202316284
AVETAY,AVETEC,0.6062353849411011
AVETEC,DEMNOB,0.56290203332901
AVETUS02,AVEVAA02,1.0
AVETUS02,AVEVII02,0.9977757334709167
AVETUS02,AVEVEE02,0.9962353706359863
AVETUS02,AVEVOO02,0.6117854118347168
AVEVAA02,AVEVII02,0.9977757334709167
AVEVAA02,AVEVEE02,0.9962353706359863
AVEVAA02,AVEVOO02,0.6117854118347168
AVEVEE02,AVEVII02,0.9939473867416382
AVEVEE02,AVEVOO02,0.6113357543945312
AVEVII02,AVEVOO02,0.6115753054618835
AVEVII02,AZAYAD,0.551937460899353
AVEVOO02,CIBTIT,0.6684210300445557
AVEVOO02,DEPXIG,0.6684210300445557
AVEVOO02,DEPXOM,0.6684210300445557
AVEVOO02,CIGXIA,0.6673296093940735
AVIHIY,CAVWOO,0.9999803900718689
AVIHIY,DIGPER,0.9998704195022583
AVIHIY,AVIHOE,0.9996700286865234
AVIHIY,BEVSUR,0.9961051344871521
AVIHIY,BEQJOZ,0.5695652365684509
AVIHIY,BOHWUS,0.9935397505760193
AVIHIY,COSWEO,0.9939661026000977
AVIHOE,CAVWOO,0.9995852708816528
AVIHOE,DIGPER,0.9992631673812866
AVIHOE,CUFFIT,0.9957316517829895
AVIHOE,AWOFOI,0.9833859205245972
AVIHOE,BEQJOZ,0.5692352652549744
AVIHOE,BIQVII,0.4641551673412323
AVILAT,AXOCEW,0.9974996447563171
AVILAT,COZMUA,0.6222895383834839
AVILAT,BOHWOM,0.6182109713554382
AVILAT,BADZAK,0.6117854118347168
AVIMIC,AVIMOI,1.0
AVIMIC,AVIMUO,0.9974996447563171
AVIMIC,CARFUZ,0.79677414894104
AVIMIC,BEDJOL,0.7955036759376526
AVIMIC,BEPYIG,0.7933546304702759
AVIMIC,CARFOT,0.7933546304702759
AVIMOI,AVIMUO,0.9974996447563171
AVIMOI,CARFUZ,0.79677414894104
AVIMOI,BEDJOL,0.7955036759376526
AVIMOI,BEPYIG,0.7933546304702759
AVIMOI,CARFOT,0.7933546304702759
AVIMUO,BEDJOL,0.8118923902511597
AVIMUO,CARFUZ,0.7942737936973572
AVIMUO,BEPYIG,0.7918459177017212
AVIPAX,AVIPOL,1.0
AVIPAX,BUKMUQ01,0.9959937334060669
AVIPAX,BUKMUQ,0.9959937334060669
AVIPAX,BIYTOU,0.9954933524131775
AVIPOL,BUKMUQ01,0.9959937334060669
AVIPOL,BUKMUQ,0.9959937334060669
AVIPOL,BIYTOU,0.9954933524131775
AVITUU,AVIVEG,0.9969467520713806
AVITUU,AVIVUW,0.9969467520713806
AVITUU,AVIVOQ,0.9969467520713806
AVITUU,AVIVAC,0.9969467520713806
AVITUU,CUPHUS,0.550000011920929
AVIVAC,AVIVUW,1.0
AVIVAC,AVIVEG,1.0
AVIVAC,AVIVOQ,1.0
AVIVAC,DAPZAW,0.550000011920929
AVIVEG,AVIVUW,1.0
AVIVEG,AVIVOQ,1.0
AVIVEG,DAPZAW,0.550000011920929
AVIVOQ,AVIVUW,1.0
AVIVOQ,DAPZAW,0.550000011920929
AVIVUW,DAPZAW,0.550000011920929
AVOFUM,COMDOY,0.9990034103393555
AVOFUM,BUKLOJ,0.9971376657485962
AVOFUM,BUKLOJ01,0.9971376657485962
AVOFUM,CUZBUW,0.9971376657485962
AVOFUM,BADZAK,0.9944032430648804
AVOFUM,BECKOM,0.5664244294166565
AVOFUM,BUZHIO,0.46352583169937134
AVOFUM,CEZZEN,0.5853718519210815
AVOFUM,CEZZIR,0.5853718519210815
AVOGAT,AVOGAT01,1.0
AVOGAT,AVOGEX,1.0
AVOGAT,DACJUO,0.6294118165969849
AVOGAT,DEJJEK,0.9887474179267883
AVOGAT01,AVOGEX,1.0
AVOGAT01,DEJJEK,0.9887474179267883
AVOGEZ,BUQROV,0.4138824939727783
AVOGEZ,DIXVUC04,0.40409284830093384
AVOGEZ,DIXVUC01,0.40409284830093384
AVOGEZ,DIXVUC,0.40409284830093384
AVOGEZ,DALXEW,0.32444292306900024
AVOGEZ,DIXKUR,0.33214062452316284
AVOGEZ,DIXKUR01,0.33214062452316284
AVOGID,BINBIM,0.48571428656578064
AVOGID,DENFUA,0.39705002307891846
AVOGID,CEVVEF,0.39705002307891846
AVOGID,CEVVIJ,0.39705002307891846
AVOGID,DENGAH,0.39705002307891846
AVOQOT,BADNOM,0.9623563885688782
AVOQOT,BEFKEF01,0.6172879934310913
AVOQOT,BEFKEF,0.6172879934310913
AVOQOT,CEKWEW,0.5785627365112305
AVOQOT,COLPEA,0.566447377204895
AVOQOT,BOYFUS,0.4599999785423279
AVUCEA,CIPLIX,0.9999999403953552
AVUCEA,CIFMIP,0.9999999403953552
AVUCEA,CIGXIA,0.9996292591094971
AVUCEA,BAZBOW,0.6996293067932129
AVUCEA,BEXVAD01,0.699999988079071
AVUCEA,BODPAN,0.9996275901794434
AVUDAX,COWKAB,0.7749999761581421
AVUDAX,BEZKOI01,0.5831897854804993
AVUDAX,DAWWEF,0.46885836124420166
AVUDAX,CABSIK,0.41584378480911255
AVUDAX,CUMKIG,0.31139230728149414
AVUFED,AVUFED01,1.0
AVUFED,BEYKEX,0.9588677883148193
AVUFED,BEVSUR,0.6575861573219299
AVUFED,BOHWUS,0.6543198227882385
AVUFED,AYUWUM,0.3799999952316284
AVUFED,BUTQUC,0.44137927889823914
AVUFED,CIXCOD,0.4123023450374603
AVUFED,CUSBUO,0.446153849363327
AVUFED01,BEYKEX,0.9588677883148193
AVUFED01,BEVSUR,0.6575861573219299
AVUFED01,BOHWUS,0.6543198227882385
AVUFED01,AYUWUM,0.3799999952316284
AVUFED01,BUTQUC,0.44137927889823914
AVUFED01,CAYKEU,0.5684093236923218
AVUFED01,CIXCOD,0.4123023450374603
AVUFED01,CUSBUO,0.446153849363327
AVUKUY,AWEYUX,1.0
AVUKUY,AWEZEI,1.0
AVUKUY,AWEZAE,1.0
AVUKUY,AVULEJ,1.0
AVUKUY,AVULAF,1.0
AVUKUY,BOYFUS,0.4515954554080963
AVUKUY,CEFHAZ,0.47062456607818604
AVULAF,AWEYUX,1.0
AVULAF,AWEZEI,1.0
AVULAF,AWEZAE,1.0
AVULAF,AVULEJ,1.0
AVULAF,DAHJUR,0.28344202041625977
AVULAF,DEZKAW,0.47741931676864624
AVULAF,DEZKEA,0.47741931676864624
AVULAF,DIFYEZ,0.36705002188682556
AVULEJ,AWEYUX,1.0
AVULEJ,AWEZEI,1.0
AVULEJ,AWEZAE,1.0
AVULEJ,CEFHAZ,0.47062456607818604
AVULEJ,DAHJUR,0.28344202041625977
AVULEJ,DEZKAW,0.47741931676864624
AVULEJ,DEZKEA,0.47741931676864624
AVUPIR,AVUPOX,1.0
AVUPIR,CUMDIY,0.9930660724639893
AVUPIR,CUMDOE,0.9926453232765198
AVUPIR,CELNUE,0.7013393640518188
AVUPIR,BUVPUF,0.17589879035949707
AVUPOX,CUMDIY,0.9930660724639893
AVUPOX,CUMDOE,0.9926453232765198
AVUPOX,CELNUE,0.7013393640518188
AVUYAR,BAEDTA01,0.756424605846405
AVUYAR,DIBZIZ,0.6787775158882141
AVUYAR,DIBZOF,0.6762672662734985
AVUYAR,DIBZEV,0.6762672662734985
AVUYAR,DINFOX,0.5375828742980957
AWAREV,COMHUI,0.9965804815292358
AWAREV,COMHOC,0.9965804815292358
AWAREV,CUGYOU,0.9944032430648804
AWAREV,CEWQAZ,0.373913049697876
AWAREV,CEWQED,0.373913049697876
AWAREV,BUCXUT,0.36250001192092896
AWAREV,DIKBAB01,0.36250001192092896
AWARIZ,AWAROF,1.0
AWARIZ,CEWQED,0.43157896399497986
AWARIZ,CEWQAZ,0.43157896399497986
AWARIZ,CUKXAI,0.4278143644332886
AWARIZ,DIKBAB,0.4150000214576721
AWAROF,CEWQED,0.43157896399497986
AWAROF,CEWQAZ,0.43157896399497986
AWAROF,CUKXAI,0.4278143644332886
AWAROF,COWRUC,0.3194032907485962
AWAROF,COWSAJ,0.3194032907485962
AWAROF,COWSEN,0.3194032907485962
AWAROF,DIKBAB,0.4150000214576721
AWEJAO,CUSBUO,0.47703367471694946
AWEJAO,AXITAD,0.3862646222114563
AWEJAO,CAYKEU,0.37984782457351685
AWEJAO,CEJSUG,0.3363198935985565
AWEJES,CATZIJ,0.9982883334159851
AWEJES,DEKBON,0.9965804815292358
AWEJES,AWEJIW,0.9962353706359863
AWEJES,DELGIN,0.9962353706359863
AWEJIW,DELGIN,1.0
AWEJIW,CATZIJ,0.9955214262008667
AWEJIW,DEKBON,0.9922806620597839
AWELAP,BECDAP,0.5
AWELAP,DAPYUP,0.36016786098480225
AWELAP,AZIXIR,0.29071247577667236
AWELAP,CEDYER01,0.2898377478122711
AWELAP,CEDYER,0.2898377478122711
AWELAP,CIWNIH,0.2574999928474426
AWELAP,COVRUC,0.24651163816452026
AWEMUL,COQMAX,0.9841392636299133
AWEMUL,COQMEB,0.8153892755508423
AWEMUL,BARMAL,0.701688289642334
AWEMUL,BARLEO,0.701688289642334
AWEMUL,CIRSII,0.6811337471008301
AWEMUL,AWOSIQ,0.4703442454338074
AWEMUL,AXICOB,0.4553442597389221
AWEMUL,BARMEP,0.6430416703224182
AWEMUL,BAZVIK,0.6438843607902527
AWEMUL,CIRSOO,0.6750357747077942
AWENAT02,BAZBIQ,0.5831651091575623
AWENAT02,DEMNOB,0.5811958909034729
AWEVIJ,CIYZUG,0.4258488118648529
AWEVIJ,CIGYEY,0.419657438993454
AWEVIJ,CUXVEX,0.3838145434856415
AWEWUV,COQTEJ,0.7624027132987976
AWEWUV,BIXCOC,0.6246275901794434
AWEWUV,CUNWEO,0.5538191795349121
AWEWUV,BAXGEP,0.5218750238418579
AWEWUV,CECWIT,0.49728065729141235
AWEWUV,CEDTOX,0.49728065729141235
AWEWUV,DAPYUP,0.26928722858428955
AWEYAE,CUWNIT,0.9977757334709167
AWEYAE,DAZKEX,0.9927337765693665
AWEYAE,BADZAK,0.7000000476837158
AWEYAE,BUKLOJ01,0.6977757811546326
AWEYAE,DITVOT,0.5733147859573364
AWEYUX,AWEZEI,1.0
AWEYUX,AWEZAE,1.0
AWEYUX,CEFHAZ,0.47062456607818604
AWEYUX,DEZKAW,0.47741931676864624
AWEYUX,DEZKEA,0.47741931676864624
AWEYUX,DIFYEZ,0.36705002188682556
AWEZAE,AWEZEI,1.0
AWEZAE,CEFHAZ,0.47062456607818604
AWEZAE,DEZKAW,0.47741931676864624
AWEZAE,DEZKEA,0.47741931676864624
AWEZAE,DIFYEZ,0.36705002188682556
AWEZEI,CEFHAZ,0.47062456607818604
AWEZEI,DIFYEZ,0.36705002188682556
AWEZOS,AWEZOS01,1.0
AWEZOS,AWIBAK,1.0
AWEZOS,AWIBEO,0.5344827771186829
AWEZOS,AWIBIS,0.5344827771186829
AWEZOS,BEQJUF,0.38763993978500366
AWEZOS01,AWIBAK,1.0
AWEZOS01,AWIBEO,0.5344827771186829
AWEZOS01,AWIBIS,0.5344827771186829
AWEZOS01,BEQJUF,0.38763993978500366
AWIBAK,AWIBEO,0.5344827771186829
AWIBAK,AWIBIS,0.5344827771186829
AWIBAK,BEQJUF,0.38763993978500366
AWIBAL,AWIBEP,1.0
AWIBAL,CUWWOI,0.9987848997116089
AWIBAL,CAPLOX,0.9965474605560303
AWIBAL,BERQIA,0.6311748027801514
AWIBEO,AWIBIS,1.0
AWIBEO,DITYEM02,0.6586206555366516
AWIBEO,BUHFER,0.6586206555366516
AWIBEP,CUWWOI,0.9987848997116089
AWIBEP,CAPLOX,0.9965474605560303
AWIBEP,BERQIA,0.6311748027801514
AWIBIS,DITYEM02,0.6586206555366516
AWIBIS,BUHFER,0.6586206555366516
AWOFOI,CAVWOO,0.9796669483184814
AWOFOI,CUFFOZ,0.9796112775802612
AWOFOI,CUFFUF,0.9796112775802612
AWOFOI,BIQVII,0.48076921701431274
AWOJOM,DIXBET01,0.9993817806243896
AWOJOM,DIXBET,0.9993817806243896
AWOJOM,DINYEG,0.9952431321144104
AWOJOM,DINYEG01,0.9952431321144104
AWOJOM,AZIXIR,0.6448363661766052
AWOJOM,BERQAS,0.5291351675987244
AWOSIQ,COQMAX,0.49991607666015625
AWOSIQ,COQMEB,0.4470899701118469
AWOSIQ,COQMIF,0.43241608142852783
AWUROZ,DEKCII,0.35374394059181213
AWUROZ,DEKCEE,0.35348567366600037
AWUROZ,CAXVUU,0.3246292769908905
AWUROZ,CAXWEF,0.3246292769908905
AWUROZ,DAGDEV,0.3115752935409546
AXAWUT,CEWNIB,0.9826657772064209
AXAWUT,CASPUJ,0.32499998807907104
AXICOB,COQMEB,0.5749161243438721
AXICOB,COQMAX,0.484916090965271
AXICOB,CIRSII,0.42499998211860657
AXIGAR,BEXREC,0.9999999403953552
AXIGAR,BEXQOL,0.9999999403953552
AXIGAR,DIBXAO,0.9999999403953552
AXIGAR,BASHEJ,0.9999999403953552
AXIGAR,DIBWUH,0.9997506737709045
AXIGAR,BASHOT,0.9996292591094971
AXIMUP,BIZLUT,0.5722134113311768
AXIMUP,BELHOR,0.5554658770561218
AXIMUP,CEZZIR,0.44732141494750977
AXIMUP,CEZZEN,0.44732141494750977
AXINAX01,DIBQEM,0.9999999403953552
AXINAX01,AXINIF,0.9999999403953552
AXINAX01,CIFMAH,0.9999999403953552
AXINAX01,DIBQIQ,0.9999999403953552
AXINAX01,DIBQOW,0.9999999403953552
AXINAX01,BAZFUF01,0.9996275901794434
AXINAX01,BAZGAM,0.9996275901794434
AXINAX01,BEPRIZ,0.7374999523162842
AXINAX01,CEPBEH,0.6857510805130005
AXINIF,DIBQEM,0.9999999403953552
AXINIF,CIFMAH,0.9999999403953552
AXINIF,DIBQIQ,0.9999999403953552
AXINIF,DIBQOW,0.9999999403953552
AXINIF,BABRII,0.9977757334709167
AXINIF,BAZFUF01,0.9996275901794434
AXINIF,BAZGAM,0.9996275901794434
AXINIF,CEPBEH,0.6857510805130005
AXINIF,CEPBOR,0.6862372756004333
AXINIF,CIKPEU,0.7374999523162842
AXINIF,CUVVOG,0.65162193775177
AXINIF,DAPYAW,0.9939473867416382
AXITAD,DIFYEZ,0.4049447476863861
AXOBIA,AXOCAT,0.9843295812606812
AXOBIA,AXOCEX,0.9493358731269836
AXOBIA,BUTCUQ,0.30723321437835693
AXOBIA,BEZSIK,0.2595355808734894
AXOBIA,CAJTOX,0.19294750690460205
AXOBIA,CAJTUD,0.19294750690460205
AXOCAT,AXOCEX,0.9550824165344238
AXOCAT,BUTCUQ,0.3095288872718811
AXOCAT,BEZSIK,0.25694626569747925
AXOCAT,CAJTOX,0.19524314999580383
AXOCAT,CAJTUD,0.19524314999580383
AXOCEW,COZMUA,0.6227757334709167
AXOCEW,BADZAK,0.6142857670783997
AXOCEW,BUKLOJ,0.6120615005493164
AXOCEX,BEZSIK,0.3063686192035675
AXOCEX,BUTCUQ,0.25196340680122375
AXOFOJ,AXOFOJ01,1.0
AXOFOJ,BEZSEG,0.6115753054618835
AXOFOJ,DIJWID,0.6115753054618835
AXOFOJ,BEZSEG01,0.6115753054618835
AXOFOJ,CDCYAC,0.5770500302314758
AXOFOJ01,BEZSEG,0.6115753054618835
AXOFOJ01,DIJWID,0.6115753054618835
AXOFOJ01,BEZSEG01,0.6115753054618835
AXOFOJ01,CDCYAC,0.5770500302314758
AXOVAL,AXOVIT,0.9618924260139465
AXOVAL,BEWSUU,0.8800742626190186
AXOVAL,BEWSOO,0.8800742626190186
AXOVAL,BIRBIQ,0.6543116569519043
AXOVAL,BIRCAJ,0.6532596349716187
AXOVAL,BIRBOW,0.6528829336166382
AXOVAL,BIRBUC,0.653120756149292
AXOVAL,BOWKUU,0.45230215787887573
AXOVAL,DIWMON,0.6391083598136902
AXOVAL,DIWMUT,0.6358264684677124
AXOVIT,BEWSOO,0.918181836605072
AXOVIT,BEWSUU,0.918181836605072
AXOVIT,BIRCAJ,0.6372909545898438
AXOVIT,BIRBUC,0.6367727518081665
AXOVIT,BOWKUU,0.43799617886543274
AXOVIT,CUNWEO,0.5220499634742737
AXOVIT,DIWMON,0.5934019088745117
AXOVIT,DIWNAA,0.6354933977127075
AXUBAW,DETRAX,0.6120615005493164
AXUBAW,AYUFIL,0.60868901014328
AXUBAW,DIXCET,0.5735320448875427
AXUBAW,DAFYOB,0.5195231437683105
AXUBAW,DAFYAN,0.5195231437683105
AXUKUB,AXULAI,1.0
AXUKUB,AXULEM,1.0
AXUKUB,CUMLUT,0.7352941036224365
AXUKUB,CEHKUW,0.7352941036224365
AXUKUB,CIBTIT,0.7323441505432129
AXULAI,AXULEM,1.0
AXULAI,CUMLUT,0.7352941036224365
AXULAI,CEHKUW,0.7352941036224365
AXULAI,CIBTIT,0.7323441505432129
AXULEM,CUMLUT,0.7352941036224365
AXULEM,CEHKUW,0.7352941036224365
AXULEM,CIBTIT,0.7323441505432129
AXUVEW,DAWWAC,0.5439473390579224
AXUVEW,BUZKUE,0.5422806739807129
AXUVEW,CISLUN,0.5422806739807129
AXUVEW,DEGJIK,0.5422806739807129
AXUVEW,BAQXAU,0.49047979712486267
AXUZUO,AYABAD,0.9999999403953552
AXUZUO,AYABEH,0.9901461601257324
AXUZUO,DANVAQ,0.9826657772064209
AXUZUO,DANVEU,0.9826657772064209
AYABAD,AYABEH,0.9901461601257324
AYABAD,DANVAQ,0.9826657772064209
AYABAD,DANVEU,0.9826657772064209
AYABEH,DANVEU,0.9987369775772095
AYABEH,DANVAQ,0.9987369775772095
AYABEH,DITWEK,0.5933184027671814
AYAVON,BONWAD,0.9797663688659668
AYAVON,BEKMOW,0.3529176414012909
AYAVON,BEKNEN,0.3529176414012909
AYAVON,DAGDIZ,0.3493277430534363
AYAVON,DEJTES,0.3493277430534363
AYAVON,BOHXAZ,0.31045231223106384
AYIVIO,BARKOV,0.5
AYIVIO,BARJUA,0.4952431619167328
AYIVIO,COKJOD,0.4233241081237793
AYONOT,CUFORD,1.0
AYONOT,CUFORM,1.0
AYONOT,CUFORM03,1.0
AYONOT,CUFORM02,1.0
AYONOT,CUFORD01,1.0
AYOQEM,CUTKUY,0.7084445953369141
AYOQEM,CIBTIR,0.5824446082115173
AYOREN,BOKQEZ,0.9970499873161316
AYOREN,CIFHOQ,0.9970499873161316
AYOREN,CIFHIK,0.9970499873161316
AYOREN,DETVUW,0.9920910000801086
AYOSIS,CIWNIH,0.3911764621734619
AYOSIS,BOQLID,0.29350748658180237
AYOSIS,COVRUC,0.2800000011920929
AYOSIS,DETGIT,0.2750000059604645
AYOSIS,CEDYER01,0.27024316787719727
AYOZIZ,CAVWII,0.999916136264801
AYOZIZ,AYOZUL,0.9998304843902588
AYOZOF,DAKZUN,1.0
AYOZOF,CAVWII,0.9995911717414856
AYOZOF,AYOZUL,0.9994291663169861
AYOZUL,CAVWII,0.9999352693557739
AYOZUL,BICPUA,0.9998589158058167
AYUFIL,DETRAX,0.9971376657485962
AYUFIL,DIXCET,0.9679427742958069
AYUFIL,DAFYAN,0.6422206163406372
AYUFIL,DAFYOB,0.6422206163406372
AYUFIL,BEPMOB,0.3738698959350586
AYUFIL,BIQNUN,0.5962717533111572
AYUFIL,BIQPAV,0.5963702201843262
AYUFIL,BIQPEZ,0.59769606590271
AYUFIL,BIQPID,0.5962044596672058
AYUFIL,BIQPOJ,0.5968477725982666
AYUFIL,BUBVUR,0.6046575903892517
AYUFIL,CAXTEC,0.6058294773101807
AYUFIL,CIFGUV,0.49713772535324097
AYUFIL,CIFHAC,0.6102277636528015
AYUFIL,COMMOH,0.5469467639923096
AYUFIL,COMMUN,0.5468592047691345
AYUFIL,CUYXOK,0.6112325191497803
AYUJIP,DIHPIU,0.5459420084953308
AYUJIP,DIWFAT,0.446153849363327
AYUJIP,BUVNIR,0.44365349411964417
AYUJIP,DARYIF,0.44365349411964417
AYUJIP,BIPXIK,0.4434434175491333
AYUWUM,CUSBUO,0.36590906977653503
AYUWUM,DEXZIR,0.35172969102859497
AZADUC,AZAFEO,1.0
AZADUC,AZAFIS,1.0
AZAFEO,AZAFIS,1.0
AZAVUU,CEFNIN,0.949999988079071
AZAVUU,DERBIO,0.7996275424957275
AZAVUU,CEMBII,0.7851822972297668
AZAVUU,BUKPAZ,0.6329609155654907
AZAVUU,CAYKOF,0.6256139874458313
AZAVUU,COQJAV,0.5314354300498962
AZAVUU,COQJEZ,0.5314354300498962
AZAYAD,BEVSUR,0.6772066950798035
AZAYAD,BOHWUS,0.6763501167297363
AZAYAD,CIGXIA,0.6709078550338745
AZAYAD,BIDREO,0.2616860270500183
AZAYAD,CAJQIP,0.49411165714263916
AZAYEH,BAZBOW,0.9709078073501587
AZAYEH,DAPHOU,0.9607003927230835
AZAYEH,BEVSUR,0.6772066950798035
AZAYEH,BOHWUS,0.6763501167297363
AZAYEH,CIGXIA,0.6709078550338745
AZEBUE,CIYZEQ,1.0
AZEBUE,CIYZIU,0.9999855160713196
AZEBUE,CIGDUT,0.9999803900718689
AZEBUE,CIYZAM,0.9999803900718689
AZEBUE,CIYZAM01,0.9999803900718689
AZEBUE,CIGFAB,0.9995371103286743
AZEBUE,DETVUW,0.9946691393852234
AZIHOI,CANYIB,0.9249999523162842
AZIHOI,BAKJOO,0.9249999523162842
AZIHOI,BAKJII,0.9249999523162842
AZIHOI,BAKJEE,0.9249999523162842
AZIHOI,CIKCOQ,0.9189473390579224
AZIHOI,BEQPEU,0.5908379554748535
AZIHOI,BOYTEQ,0.7179791927337646
AZILEA,BUGSEC,0.999613344669342
AZILEA,BUGSOM,0.9991112351417542
AZILEA,BUGSIG,0.9989266395568848
AZILEA,BUGSAY,0.9988340735435486
AZIMIH,CIZQOT,1.0
AZIMIH,DITXOU,1.0
AZIMIH,CIZQUZ,1.0
AZIMIH,BUSQIQ,0.9927337765693665
AZIMIH,DEYXIQ,0.5714600086212158
AZIVAI,CECHAW,1.0
AZIVAI,CAYSIE,0.9996275901794434
AZIVAI,CAYSOK,0.9950717687606812
AZIVAI,CAYYEG,0.9950717687606812
AZIVAI,CATDIL,0.8724425435066223
AZIVAI,BALNAG,0.6142352223396301
AZIXIR,DIXBET,0.6454545855522156
AZIXIR,DIXBET01,0.6454545855522156
AZIXIR,DINYEG01,0.6433098912239075
AZIXIR,DINYEG,0.6433098912239075
AZIXIR,BECDAP,0.30715763568878174
AZIXUD,BEXVAD01,0.7238627076148987
AZIXUD,DAKVOC,0.7230769395828247
AZIXUD,CEPYII,0.7230769395828247
AZIXUD,CEPXUT,0.7208526730537415
AZIXUD,DAKVUI,0.7196574211120605
AZIXUD,CAJQEL,0.6965805292129517
AZIXUD,CILLAL,0.5730510950088501
AZIYIR,AZIYOX02,0.9999999403953552
AZIYIR,AZIYOX,0.9999999403953552
AZIYIR,AZIYOX01,0.9999999403953552
AZIYIR,CETFOX,0.9999999403953552
AZIYIR,BEDJEA,0.9937262535095215
AZIYIR,CAKLOR,0.9643369913101196
AZIYIR,CETFUD,0.9227362871170044
AZIYIR,CIHFUU,0.9686119556427002
AZIYIR,CONSAA,0.8226292133331299
AZIYIR,DEKZEA,0.9934701919555664
AZIYOX,AZIYOX02,0.9999999403953552
AZIYOX,AZIYOX01,0.9999999403953552
AZIYOX,CETFOX,0.9999999403953552
AZIYOX,BEDJEA,0.9937262535095215
AZIYOX,BUPVEP,0.6901462078094482
AZIYOX,DEKZEA,0.9934701919555664
AZIYOX,DINNIZ,0.9756634831428528
AZIYOX01,AZIYOX02,0.9999999403953552
AZIYOX01,CETFOX,0.9999999403953552
AZIYOX01,BEDJEA,0.9937262535095215
AZIYOX01,BUPVEP,0.6901462078094482
AZIYOX01,CAKLOR,0.9643369913101196
AZIYOX01,CIHFUU,0.9686119556427002
AZIYOX01,DEKZEA,0.9934701919555664
AZIYOX01,DINNIZ,0.9756634831428528
AZIYOX02,CETFOX,0.9999999403953552
AZIYOX02,BEDJEA,0.9937262535095215
AZIYOX02,CAKLOR,0.9643369913101196
AZIYOX02,CIHFUU,0.9686119556427002
AZIYOX02,DEKZEA,0.9934701919555664
AZIYOX02,DINNIZ,0.9756634831428528
AZOCAU,DAQRET01,0.999613344669342
AZOCAU,DAQRET,0.999613344669342
AZOCAU,DEHBEY,0.9989266395568848
AZOCAU,BOHJOZ,0.9948086142539978
AZOCAU,BOHXIH,0.9948086142539978
AZOCAU,BOHJUF,0.9948086142539978
AZOCAU,BOHKAM,0.9948086142539978
AZPYCD,CUCFOX,0.1833321750164032
AZPYCD,CAJHON,0.1780536025762558
AZPYCD,BAYJEQ,0.17185920476913452
AZPYCD,BABTOP,0.1712382435798645
AZUCED,CIFGOP,0.584999680519104
AZUCED,CAFRUX,0.3209420442581177
BABCUE,CEKHIL,0.5222895741462708
BABCUE,DIWFAT,0.5218750238418579
BABCUE,DARYIF,0.519374668598175
BABCUE,BUVNIR,0.519374668598175
BABCUE,CAVRUO,0.4279018044471741
BABCUE,CAVSAV,0.4306122362613678
BABREE,DALSOA,1.0
BABREE,DIHVIB,0.7749999761581421
BABREE,BODPAN,0.7749999761581421
BABREE,DIHVIB01,0.7749999761581421
BABRII,DIBQOW,0.9977757334709167
BABRII,DIBQEM,0.9977757334709167
BABRII,DIBQIQ,0.9977757334709167
BABRII,CIFMAH,0.9977757334709167
BABRII,BIJZIG,0.4749999940395355
BABRII,CEPBEH,0.6859611868858337
BABRII,CEPBOR,0.6884615421295166
BABRII,CUVVOG,0.6538462042808533
BABRII,DAPYAW,0.9962353706359863
BACZIR,CUYDEG,0.5477757453918457
BACZIR,CAKLOR,0.37272730469703674
BACZIR,BUSXET,0.3716888129711151
BADHIA,BADJIC,1.0
BADHIA,BADHUM,1.0
BADHIA,BADJAU,1.0
BADHIA,BADHOG,1.0
BADHIA,BADHUM01,1.0
BADHIA,CAVMUJ,1.0
BADHIA,CAVMUJ01,1.0
BADHIA,CAVMUJ02,1.0
BADHOG,BADJIC,1.0
BADHOG,BADHUM,1.0
BADHOG,BADJAU,1.0
BADHOG,BADHUM01,1.0
BADHOG,BEBFIY,0.9930317997932434
BADHUM,BADJIC,1.0
BADHUM,BADJAU,1.0
BADHUM,CAVMUJ,1.0
BADHUM,CAVMUJ01,1.0
BADHUM,CAVMUJ02,1.0
BADHUM01,BADJIC,1.0
BADHUM01,BADJAU,1.0
BADHUM01,BIDREO,0.25666821002960205
BADHUM01,CAVMUJ,1.0
BADHUM01,CAVMUJ01,1.0
BADHUM01,CAVMUJ02,1.0
BADJAU,BADJIC,1.0
BADJAU,BARJIO,0.2981854975223541
BADJAU,BEBFIY,0.9930317997932434
BADJIC,CAVMUJ,1.0
BADJIC,CAVMUJ01,1.0
BADJIC,CAVMUJ02,1.0
BADNOM,BEFKEF01,0.5665563344955444
BADNOM,BEFKEF,0.5665563344955444
BADNOM,CUQYEU,0.542689323425293
BADNOM,DAXFIU,0.48208701610565186
BADZAK,CUZBUW,0.9977757334709167
BADZAK,BUKLOJ01,0.9977757334709167
BADZAK,BUKLOJ,0.9977757334709167
BADZAK,BECKOM,0.5658006072044373
BADZAK,BUZHIO,0.4629020690917969
BADZAK,CAXTAY,0.9927337765693665
BADZAK,CEJWAR,0.7352941632270813
BADZAK,CUSXIY,0.7352941632270813
BADZAK,DAWCIP,0.7000000476837158
BADZAK,DAWCOV,0.697499692440033
BAEDTA01,DIBZIZ,0.7882353067398071
BAEDTA01,DIBZEV,0.7873436212539673
BAEDTA01,DIBZOF,0.7873436212539673
BAEDTA01,DINFOX,0.47680243849754333
BAFCAP,CODKOX,0.3519369661808014
BAFCAP,CODKOX01,0.3519369661808014
BAFHIC,BAFHOI,1.0
BAFHIC,DIRTEG,0.9987406134605408
BAFHIC,BAVYEF,0.6836134195327759
BAFHIC,DOBGAD,0.6671848297119141
BAFHIC,DOBGAD01,0.6671848297119141
BAFHOI,DIRTEG,0.9987406134605408
BAFHOI,BAVYEF,0.6836134195327759
BAFHOI,DOBGAD,0.6671848297119141
BAFHOI,DOBGAD01,0.6671848297119141
BAFORM,CAFORM13,0.9958264827728271
BAFORM,CAFORM,0.9958264827728271
BAFORM,BIYLAW01,0.9701893329620361
BAFORM,BIFORM,0.9641532897949219
BAFORM,CAHMON02,0.9623563885688782
BAFQOQ,BAFRAD,0.9983987212181091
BAFQOQ,BAFREH,0.997765302658081
BAFQOQ,BAFQUW,0.9975399971008301
BAFQOQ,BARKUD,0.9684215784072876
BAFQOQ,BOVQUZ,0.9674572348594666
BAFQOQ,BEDHOJ,0.5869413018226624
BAFQUW,BAFRAD,0.9994630217552185
BAFQUW,BAFREH,0.9989266395568848
BAFQUW,BARKUD,0.9661542773246765
BAFQUW,BOVQUZ,0.9637575149536133
BAFQUW,BEDHOJ,0.5852463841438293
BAFRAD,BAFREH,0.9996404051780701
BAFRAD,BARKUD,0.9649368524551392
BAFRAD,BOVQUZ,0.9649213552474976
BAFRAD,COTVOY,0.09999998658895493
BAFREH,BOVQUZ,0.9665710926055908
BAFREH,BARKUD,0.9663447737693787
BAFREH,BEDHOJ,0.5851821303367615
BAHGUN,BAHGUN04,1.0
BAHGUN,BAHGUN01,1.0
BAHGUN,BAHGUN03,1.0
BAHGUN,BAHGUN02,1.0
BAHGUN,CUQTAL,0.4342857003211975
BAHGUN01,BAHGUN04,1.0
BAHGUN01,BAHGUN03,1.0
BAHGUN01,BAHGUN02,1.0
BAHGUN01,CUQTAL,0.4342857003211975
BAHGUN02,BAHGUN04,1.0
BAHGUN02,BAHGUN03,1.0
BAHGUN03,BAHGUN04,1.0
BAHNEG,CEJSUG,0.7052640318870544
BAHNEG,CUJCIV,0.3930269777774811
BAHNEG,CUJCOB,0.3920353651046753
BAHNEG,CECVAI,0.3046391010284424
BAHNEG,CNSMAG,0.10000001639127731
BAHNEG,CNSMAG01,0.10000001639127731
BAHOXH13,BALMUW,1.0
BAHOXH13,BAOXAL02,1.0
BAHOXH13,BAOXAL03,1.0
BAHOXH13,BALMUW01,1.0
BAHOXH13,BAOXAL,1.0
BAKGEB,BAQXAU,0.9356977343559265
BAKGEB,COCNEP,0.8308775424957275
BAKGEB,COCMOY,0.8285395503044128
BAKGEB,COCMUE,0.8285395503044128
BAKGEB,COCNAL,0.8251973390579224
BAKGEB,BAZJET,0.7325837016105652
BAKGEB,BAZJIX,0.7325837016105652
BAKJEE,CANYIB,0.9999999403953552
BAKJEE,BAKJOO,0.9999999403953552
BAKJEE,BAKJII,0.9999999403953552
BAKJEE,CIKCOQ,0.9939473867416382
BAKJEE,BEDQUZ,0.6121292114257812
BAKJEE,BEQPEU,0.5908379554748535
BAKJEE,BOYTEQ,0.7179791927337646
BAKJEE,DABWUA,0.5733118057250977
BAKJII,CANYIB,0.9999999403953552
BAKJII,BAKJOO,0.9999999403953552
BAKJII,CIKCOQ,0.9939473867416382
BAKJII,BEDQUZ,0.6121292114257812
BAKJII,BEQPEU,0.5908379554748535
BAKJII,BOYTEQ,0.7179791927337646
BAKJII,DABWUA,0.5733118057250977
BAKJOO,CANYIB,0.9999999403953552
BAKJOO,CIKCOQ,0.9939473867416382
BAKJOO,BEDQUZ,0.6121292114257812
BAKJOO,BEQPEU,0.5908379554748535
BAKJOO,BOYTEQ,0.7179791927337646
BAKJOO,DABWUA,0.5733118057250977
BAKLIK,COHJEP,0.6023131608963013
BAKLIK,BOVQUZ,0.3224996328353882
BAKLIK,BARKUD,0.3200717866420746
BAKLIK,CEXYOU,0.30474230647087097
BAKWIV,DEHBIC,0.9964936971664429
BAKWIV,CUGQUR,0.9934701919555664
BAKWIV,CUGSUT,0.9899165034294128
BAKWIV,CUGSON,0.9899165034294128
BAKWIV,CUGSIH,0.9899165034294128
BAKWIV,DIPMAS,0.5136755704879761
BAKWIV,DISROP,0.45264533162117004
BALFAV01,BALFAV02,1.0
BALFAV01,BALFAV03,1.0
BALFAV01,BALFAV04,1.0
BALFAV01,BEGFID,0.997696578502655
BALFAV01,DAPZAW,0.9976154565811157
BALFAV01,BUKYAJ,0.5215262770652771
BALFAV01,BUSMUZ,0.9894323945045471
BALFAV01,CUTGAA,0.47261545062065125
BALFAV01,DIVGIA,0.4248882234096527
BALFAV02,BALFAV03,1.0
BALFAV02,BALFAV04,1.0
BALFAV02,BEGFID,0.997696578502655
BALFAV02,DAPZAW,0.9976154565811157
BALFAV02,BUKYAJ,0.5215262770652771
BALFAV02,BUSMUZ,0.9894323945045471
BALFAV02,DIHPIU,0.5211448669433594
BALFAV02,DIVGIA,0.4248882234096527
BALFAV03,BALFAV04,1.0
BALFAV03,BEGFID,0.997696578502655
BALFAV03,DAPZAW,0.9976154565811157
BALFAV03,BUKYAJ,0.5215262770652771
BALFAV03,BUSMUZ,0.9894323945045471
BALFAV03,CUTGAA,0.47261545062065125
BALFAV03,DIHPIU,0.5211448669433594
BALFAV03,DIVGIA,0.4248882234096527
BALFAV04,BEGFID,0.997696578502655
BALFAV04,DAPZAW,0.9976154565811157
BALFAV04,BUKYAJ,0.5215262770652771
BALFAV04,BUSMUZ,0.9894323945045471
BALFAV04,CUTGAA,0.47261545062065125
BALFAV04,DIHPIU,0.5211448669433594
BALFAV04,DIVGIA,0.4248882234096527
BALLOP,CUSYUM,1.0
BALLOP,CUSZEX,1.0
BALLOP,CUXLEO,1.0
BALLOP,CUTMAH,1.0
BALLOP,DALCEZ,1.0
BALMUW,BAOXAL02,1.0
BALMUW,BAOXAL03,1.0
BALMUW,BALMUW01,1.0
BALMUW,BAOXAL,1.0
BALMUW,CALOXM13,0.9958264827728271
BALMUW,CALOXM14,0.9958264827728271
BALMUW,CALOXM15,0.9958264827728271
BALMUW,CALOXM16,0.9958264827728271
BALMUW01,BAOXAL02,1.0
BALMUW01,BAOXAL03,1.0
BALMUW01,BAOXAL,1.0
BALNAG,CECHAW,0.6142352223396301
BALNAG,CAYSIE,0.6140364408493042
BALNAG,BIBXUH,0.6100000143051147
BALZEW,BIYHOH,0.9905507564544678
BALZEW,BIYHEX,0.9694830775260925
BALZEW,DINNEV,0.9397103190422058
BALZEW,CUCITD03,0.9357975125312805
BALZEW,BIJGOT,0.20112550258636475
BALZEW,CEGWER,0.4517824649810791
BALZEW,CEYYIQ,0.5449813604354858
BAMHIJ,BENBIH,0.6970500349998474
BAMHIJ,DOBGAD01,0.6470499634742737
BAMHIJ,DEYVUA,0.6224996447563171
BAMMOU,BAMMUA,1.0
BAMMOU,BAMNEL,0.5846154093742371
BAMMOU,BAMNAH,0.5846154093742371
BAMMOU,BENXUP,0.3537233769893646
BAMMOU,BENXOJ,0.3537233769893646
BAMMOU,DEVBIQ,0.10000000149011612
BAMMOU,DICKEH,0.10000000149011612
BAMMUA,BAMNEL,0.5846154093742371
BAMMUA,BAMNAH,0.5846154093742371
BAMMUA,BENXUP,0.3537233769893646
BAMMUA,BENXOJ,0.3537233769893646
BAMMUA,DEVBIQ,0.10000000149011612
BAMMUA,DICKEH,0.10000000149011612
BAMNAH,BAMNEL,1.0
BAMNAH,DAWMUL,0.10000000149011612
BAMNAH,DEVBIQ,0.10000000149011612
BAMNAH,DICKEH,0.10000000149011612
BAMNEL,DAWMUL,0.10000000149011612
BAMWES,DEPXAY,0.9974996447563171
BAMWES,DEJCEB,0.9974996447563171
BAMWES,DESHOZ,0.9970499873161316
BAMWES,DEJCIF,0.9950717687606812
BANLUA,DEFXEU,0.940880298614502
BANLUA,DAYGUH,0.6000000238418579
BANLUA,BOSJUQ,0.30000001192092896
BANLUA,DEKCEE,0.37372979521751404
BANLUA,DEKCII,0.37804877758026123
BAOXAL,BAOXAL02,1.0
BAOXAL,BAOXAL03,1.0
BAOXAL,CALOXM13,0.9958264827728271
BAOXAL,CALOXM14,0.9958264827728271
BAOXAL,CALOXM15,0.9958264827728271
BAOXAL,CALOXM16,0.9958264827728271
BAOXAL02,BAOXAL03,1.0
BAOXAL02,DEXZIS,0.10000000149011612
BAPDAA,COKNUN01,0.9970499873161316
BAPDAA,COKNUN,0.9970499873161316
BAPDAA,COKNUN02,0.9970499873161316
BAPDAA,COKMUM,0.9970499873161316
BAPDAA,COKPUP,0.9962353706359863
BAPDAA,CADQAB,0.9780139327049255
BAPDAA,CAQHEK,0.9808584451675415
BAPDAA,CAQHOU,0.9808584451675415
BAPDAA,CAQVOI,0.9808584451675415
BAPKAG,CITWUY,0.521558940410614
BAPKAG,CITXAF,0.48509612679481506
BAPKAG,CITWOS,0.4809574484825134
BAPKAG,CITXEJ,0.361881822347641
BAQMOW,BAQXOG02,1.0
BAQMOW,BAQXOG03,1.0
BAQMOW,BAQXOG,1.0
BAQMOW,BAQXOG01,1.0
BAQMOW,BAQMUC,0.9974996447563171
BAQMOW,BITLUL,0.9743626117706299
BAQMOW,COZSIU,0.9929918050765991
BAQMUC,BAQXOG01,0.9974996447563171
BAQMUC,BAQXOG,0.9974996447563171
BAQMUC,BAQXOG03,0.9974996447563171
BAQMUC,BAQXOG02,0.9974996447563171
BAQXAU,COCNAL,0.8403184413909912
BAQXAU,COCMUE,0.8282408714294434
BAQXAU,COCMOY,0.8282408714294434
BAQXAU,COCNEP,0.8235023021697998
BAQXAU,BAZJET,0.7279477119445801
BAQXAU,BAZJIX,0.7279477119445801
BAQXOG,BAQXOG02,1.0
BAQXOG,BAQXOG03,1.0
BAQXOG,BAQXOG01,1.0
BAQXOG,BITLUL,0.9743626117706299
BAQXOG,COZSIU,0.9929918050765991
BAQXOG,DECVIT,0.9743626117706299
BAQXOG01,BAQXOG02,1.0
BAQXOG01,BAQXOG03,1.0
BAQXOG01,COZSIU,0.9929918050765991
BAQXOG01,DECVIT,0.9743626117706299
BAQXOG02,BAQXOG03,1.0
BAQXOG02,COZSIU,0.9929918050765991
BAQXOG03,BITLUL,0.9743626117706299
BAQXOG03,COZSIU,0.9929918050765991
BAQXOG03,DECVIT,0.9743626117706299
BARHUY,BARKEL,0.9929474592208862
BARHUY,BARJAG,0.9891725182533264
BARHUY,BARKIP,0.9843295812606812
BARHUY,CEXWIM,0.6722554564476013
BARHUY,CEXWOS,0.6693574786186218
BARHUY,DIVFOF,0.48186251521110535
BARJAG,BARKIP,0.9993817806243896
BARJAG,BARKEL,0.9978553056716919
BARJAG,CEXWIM,0.6782630085945129
BARJAG,CEXWOS,0.6744381785392761
BARJAG,CEXWEI,0.6743884086608887
BARJIO,BEBFIY,0.3058965504169464
BARJIO,COKPEZ,0.30166617035865784
BARJIO,BEQJUF,0.2992699146270752
BARJIO,CAVMUJ01,0.2981854975223541
BARJUA,BARKOV,0.9952431321144104
BARJUA,BOVLII,0.4769948720932007
BARJUA,COSWEO,0.47457239031791687
BARJUA,BOHXED,0.4730607569217682
BARJUA,CICYIX,0.4370727837085724
BARKEL,BARKIP,0.9952431321144104
BARKEL,CEXWIM,0.6703282594680786
BARKEL,CEXWOS,0.6661931872367859
BARKIP,CEXWIM,0.6790122985839844
BARKIP,CEXWEI,0.6762804388999939
BARKIP,CEXWOS,0.6757190227508545
BARKOV,BOVLII,0.4878189265727997
BARKOV,COSWEO,0.4836138188838959
BARKOV,BOHXED,0.4771241545677185
BARKOV,CICYIX,0.4451351761817932
BARKUD,BOVQUZ,0.9965804815292358
BARKUD,BEDHOJ,0.6181312799453735
BARKUD,CUZLAM,0.32771602272987366
BARLEO,BARMAL,1.0
BARLEO,COQMAX,0.7119222283363342
BARLEO,COQMEB,0.62795090675354
BARLEO,CUKJUO,0.5983643531799316
BARLEO,BARMEP,0.5333333015441895
BARLEO,CIRSII,0.5531823039054871
BARLEO,CIRSOO,0.5518887042999268
BARMAL,COQMAX,0.7119222283363342
BARMAL,COQMEB,0.62795090675354
BARMAL,CUKJUO,0.5983643531799316
BARMAL,BARMEP,0.5333333015441895
BARMEP,COQMAX,0.6532756090164185
BARMEP,COQMEB,0.58363276720047
BARZEA,DAFHID,0.9999494552612305
BARZEA,COXFOL,0.9996275901794434
BARZEA,DAFHEZ,0.9996275901794434
BARZEA,CELZUQ,0.9978308081626892
BARZEA,CIFJAE,0.9950717687606812
BARZEA,CAVMIX,0.3965805172920227
BARZEA,DAFHOJ,0.9950717687606812
BARZOL,CUSFAZ,0.43980395793914795
BARZOL,CETNUL,0.330192506313324
BARZOL,DINTID,0.3046391010284424
BARZOL,DINQUM,0.3046391010284424
BARZOL,DIVQAB,0.30454546213150024
BARZOL,BUXHOS,0.22551822662353516
BASHAF,BASHIN,1.0
BASHAF,BEXRAY,1.0
BASHAF,DANZEX,1.0
BASHAF,BASHOT,0.9989085793495178
BASHAF,BEXQIF,0.9989085793495178
BASHAF,CDCACD,0.9970499873161316
BASHAF,CDCACD01,0.9970499873161316
BASHEJ,BEXQOL,0.9999999403953552
BASHEJ,DIBXAO,0.9999999403953552
BASHEJ,BEXREC,0.9999999403953552
BASHEJ,BEXQUR,0.9997506737709045
BASHEJ,BASHOT,0.9996292591094971
BASHEJ,BEXQIF,0.9996292591094971
BASHIN,DANZEX,1.0
BASHIN,BEXRAY,1.0
BASHIN,BASHOT,0.9989085793495178
BASHIN,BEXQIF,0.9989085793495178
BASHIN,DABMEB,0.9970499873161316
BASHIN,DALVAQ,0.9970499873161316
BASHOT,BEXQIF,1.0
BASHOT,BEXQOL,0.9996292591094971
BASHOT,DIBXAO,0.9996292591094971
BASHOT,BEXRAY,0.9989085793495178
BASHOT,DANZEX,0.9989085793495178
BASHOT,DEHRIR,0.9971465468406677
BASJUB,CEYPUT01,0.5499999523162842
BASJUB,CIJBEE,0.5499999523162842
BASJUB,BOWDIC,0.5499999523162842
BASJUB,CEYPUT,0.5499999523162842
BASJUB,CUQTAL,0.45962756872177124
BATSIB,DALTAO,0.7075779438018799
BATSIB,DALSUH,0.7071264386177063
BATSIB,BERQAS,0.6276671290397644
BATSIB,BERQIA,0.5312385559082031
BATSIB,BEPNOC,0.5134037733078003
BATSIB,BEPNUI,0.5090295076370239
BAVDEH,CAFRUX,0.3023107051849365
BAVDEH,CEMMUD,0.3023107051849365
BAVDEH,BIFDUQ,0.2693667411804199
BAVDEH,CITXEJ,0.2853552997112274
BAVYEF,BOPHIZ,0.8137930631637573
BAVYEF,BOPHEV,0.8137930631637573
BAVYEF,CUFJUK,0.8077404499053955
BAVYEF,CUFKAR,0.8077404499053955
BAVYEF,BIBQOV,0.5340732336044312
BAVYEF,BIRMUM,0.6876749992370605
BAVYEF,DIRTEG,0.6835196018218994
BAWRUO,BIVXOT,0.9904053211212158
BAWRUO,DEKPAL,0.5727487802505493
BAWRUO,DEKPEP,0.5727487802505493
BAWRUO,DALRAK,0.5669397711753845
BAWRUO,BIVVOR,0.5142138600349426
BAWRUO,CAVQOH,0.46160611510276794
BAWRUO,CEBDOD,0.478525847196579
BAXFIR,BAXGAK,1.0
BAXFIR,BAXFUD,1.0
BAXFIR,BAXFIR01,1.0
BAXFIR,BAXFIR02,1.0
BAXFIR,DIXNUV,0.9985496997833252
BAXFIR01,BAXGAK,1.0
BAXFIR01,BAXFUD,1.0
BAXFIR01,BAXFIR02,1.0
BAXFIR01,DIXNUV,0.9985496997833252
BAXFIR01,DIXNUV01,0.9985496997833252
BAXFIR02,BAXGAK,1.0
BAXFIR02,BAXFUD,1.0
BAXFIR02,DIXNUV,0.9985496997833252
BAXFIR02,DIXNUV01,0.9985496997833252
BAXFUD,BAXGAK,1.0
BAXFUD,DIXNUV,0.9985496997833252
BAXFUD,DIXNUV01,0.9985496997833252
BAXGAK,DIXNUV,0.9985496997833252
BAXGAK,DIXNUV01,0.9985496997833252
BAXGEP,DIHVIB,0.64000004529953
BAXGEP,BODPAN,0.64000004529953
BAXGEP,DIHVIB01,0.64000004529953
BAXGEP,CIFMIP,0.6396275758743286
BAXGEP,CIRTAB,0.5651447772979736
BAXGEP,COQTEJ,0.516535758972168
BAXGEP,DECJON,0.5341103076934814
BAXLOD,CAVMUJ03,0.3749237060546875
BAXLOD,BOWTAJ,0.35576653480529785
BAXLOD,BEKNEN,0.35481953620910645
BAXLOD,BEKMOW,0.35481953620910645
BAXLOD,DAGDEV,0.3378318250179291
BAXSIE,BOHXED,0.9821115732192993
BAXSIE,BOVLII,0.9619939923286438
BAXSIE,CAYQAV,0.9499404430389404
BAXSIE,BUXNOZ,0.544660747051239
BAYJEQ,CEWNIB,0.981744110584259
BAYJEQ,BORBAM,0.4459420442581177
BAYJEQ,CDCYAC,0.5122438073158264
BAYJEQ,DIKZED,0.4748893976211548
BAYPUN,BAYQAU,0.9984074234962463
BAYPUN,BAYQAU11,0.9984074234962463
BAYPUN,BAYQAU01,0.9984074234962463
BAYQAU,BAYQAU11,1.0
BAYQAU,BAYQAU01,1.0
BAYQAU01,BAYQAU11,1.0
BAYQAU01,CUIMDZ01,0.9922806620597839
BAYQAU01,CUIMDZ03,0.9922806620597839
BAYQAU03,BAYQAU04,1.0
BAYQAU03,BAYQAU07,1.0
BAYQAU03,BAYQAU09,1.0
BAYQAU03,BAYQAU08,1.0
BAYQAU03,BAYQAU10,1.0
BAYQAU03,BAYQAU05,1.0
BAYQAU03,BAYQAU06,1.0
BAYQAU03,CAGLIF,0.2911735773086548
BAYQAU04,BAYQAU07,1.0
BAYQAU04,BAYQAU09,1.0
BAYQAU04,BAYQAU08,1.0
BAYQAU04,BAYQAU10,1.0
BAYQAU04,CAGLIF,0.2911735773086548
BAYQAU05,BAYQAU07,1.0
BAYQAU05,BAYQAU09,1.0
BAYQAU05,BAYQAU08,1.0
BAYQAU05,BAYQAU10,1.0
BAYQAU06,BAYQAU07,1.0
BAYQAU06,BAYQAU09,1.0
BAYQAU06,BAYQAU08,1.0
BAYQAU06,BAYQAU10,1.0
BAYQAU06,BETHUE,0.9922806620597839
BAYQAU06,DAYYIN,0.9939473867416382
BAYQAU07,BAYQAU09,1.0
BAYQAU07,BAYQAU08,1.0
BAYQAU07,BAYQAU10,1.0
BAYQAU07,BETHUE,0.9922806620597839
BAYQAU07,DAYYIN,0.9939473867416382
BAYQAU08,BAYQAU09,1.0
BAYQAU08,BAYQAU10,1.0
BAYQAU08,BETHUE,0.9922806620597839
BAYQAU08,DAYYIN,0.9939473867416382
BAYQAU09,BAYQAU10,1.0
BAYQAU09,DAYYIN,0.9939473867416382
BAYQAU10,BETHUE,0.9922806620597839
BAYQAU11,CUIMDZ01,0.9922806620597839
BAYQAU11,CUIMDZ03,0.9922806620597839
BAZBIQ,DEMNOB,0.9982883334159851
BAZBIQ,CEQPOG,0.5182883143424988
BAZBIQ,CIRTUU,0.5485497117042542
BAZBOW,DAPHOU,0.9982883334159851
BAZBOW,CIGXIA,0.7000000476837158
BAZBOW,CIFMIP,0.6996293067932129
BAZFUF,BAZGAM,1.0
BAZFUF,BAZFUF01,1.0
BAZFUF,DIBQEM,0.9996275901794434
BAZFUF,CIFMAH,0.9996275901794434
BAZFUF,DIBQIQ,0.9996275901794434
BAZFUF01,BAZGAM,1.0
BAZFUF01,DIBQIQ,0.9996275901794434
BAZGAM,DIBQIQ,0.9996275901794434
BAZJET,BAZJIX,1.0
BAZJET,DANWAS,0.7063231468200684
BAZJET,BETGUE,0.7061130404472351
BAZJIX,DANWAS,0.7063231468200684
BAZJIX,BETGUE,0.7061130404472351
BAZVIK,CUQKOQ,0.6847758889198303
BAZVIK,COQMIF,0.668556272983551
BAZVIK,COQMAX,0.6310562491416931
BAZVIK,CISJAQ,0.5597894787788391
BEBFIY,CAVMUJ02,0.9930317997932434
BEBFIY,CAVMUJ01,0.9930317997932434
BEBFIY,CAVMUJ,0.9930317997932434
BEBFIY,BIDREO,0.26363638043403625
BEBFIY,CAVLIW,0.6307076215744019
BEBFIY,CAVLOC,0.6307076215744019
BEBFIY,DIQGUH,0.9907075762748718
BECDAP,DETGIT,0.3131578862667084
BECDAP,CEDYER01,0.30840104818344116
BECDAP,CEDYER,0.30840104818344116
BECKOM,BEZKOI,0.6029411554336548
BECKOM,BEZKOI01,0.6029411554336548
BECKOM,CUBHOY,0.44054052233695984
BECRUX,BECRUX05,1.0
BECRUX,BECRUX02,1.0
BECRUX,BECRUX03,1.0
BECRUX,BECRUX04,1.0
BECRUX,BECRUX06,1.0
BECRUX,CAVCEI,0.574246346950531
BECRUX,CAZLOF,0.8559417128562927
BECRUX01,BECRUX05,1.0
BECRUX01,BECRUX02,1.0
BECRUX01,BECRUX03,1.0
BECRUX01,BECRUX04,1.0
BECRUX01,BECRUX06,1.0
BECRUX01,BECRUX07,1.0
BECRUX02,BECRUX05,1.0
BECRUX02,BECRUX03,1.0
BECRUX02,BECRUX04,1.0
BECRUX02,BECRUX06,1.0
BECRUX02,BECRUX07,1.0
BECRUX03,BECRUX05,1.0
BECRUX03,BECRUX04,1.0
BECRUX03,BECRUX06,1.0
BECRUX03,BECRUX07,1.0
BECRUX03,BIVVOR,0.8281095623970032
BECRUX03,CAZLEV,0.9944032430648804
BECRUX03,CAZLIZ,0.9944032430648804
BECRUX04,BECRUX05,1.0
BECRUX04,BECRUX06,1.0
BECRUX04,BECRUX07,1.0
BECRUX04,CAZLEV,0.9944032430648804
BECRUX04,CAZLIZ,0.9944032430648804
BECRUX04,CISMAT,0.9927337765693665
BECRUX04,CISMAT01,0.9927337765693665
BECRUX05,BECRUX06,1.0
BECRUX05,BECRUX07,1.0
BECRUX05,CAZLEV,0.9944032430648804
BECRUX05,CAZLIZ,0.9944032430648804
BECRUX05,CISMAT,0.9927337765693665
BECRUX05,CISMAT01,0.9927337765693665
BECRUX06,BIVVOR,0.8281095623970032
BECRUX07,CISMAT,0.9927337765693665
BECRUX07,CISMAT01,0.9927337765693665
BEDHOJ,BOVQUZ,0.6146842241287231
BEDHOJ,BENXOJ,0.45231637358665466
BEDHOJ,BENXUP,0.45231637358665466
BEDHOJ,CUYDEG,0.38611432909965515
BEDJEA,CETFOX,0.9937262535095215
BEDJEA,CAKLOR,0.9678561091423035
BEDJOL,BEPYIG,0.882081925868988
BEDJOL,CARFOT,0.882081925868988
BEDJOL,CARFUZ,0.8812179565429688
BEDJOL,CIJBAB,0.762182354927063
BEDJOL,CIJBEF,0.7634329795837402
BEDJOL,CIJBIJ,0.7620042562484741
BEDPAE,CUVFUW,0.9939473867416382
BEDPAE,CITZIP,0.6464285254478455
BEDPAE,DIXKOL,0.6464285254478455
BEDPAE,CIWYUD,0.6464285254478455
BEDPAE,BOXMAE,0.5874938368797302
BEDQUZ,DITTEH,0.6188160181045532
BEDQUZ,CIKCOQ,0.6181818246841431
BEDREK,DITTEH,0.620080292224884
BEDREK,CEXBAL,0.5821150541305542
BEFJUS,DITGUL,0.5828797817230225
BEFJUS,DITJIC,0.5828797817230225
BEFJUS,DITROQ,0.5828797817230225
BEFJUS,DITRIK,0.5828797817230225
BEFJUS,DITRUW,0.5828797817230225
BEFJUS,BUKSAD,0.4791986644268036
BEFKEF,BEFKEF01,1.0
BEFKEF,CEKWEW,0.733069896697998
BEFKEF,COLPEA,0.7149186134338379
BEFKEF,CUQYEU,0.6969092488288879
BEFKEF,CEQPIA,0.6477757096290588
BEFKEF,DAWFEO,0.6285449862480164
BEFKEF,DAXDUE,0.5463033318519592
BEFKEF,DAXFEQ,0.4959937334060669
BEFKEF01,CEKWEW,0.733069896697998
BEFKEF01,COLPEA,0.7149186134338379
BEFKEF01,CUQYEU,0.6969092488288879
BEFKEF01,CEQPIA,0.6477757096290588
BEFKEF01,DAXDUE,0.5463033318519592
BEGFID,DEHHOQ,0.9971922636032104
BEGFID,BUKYAJ,0.5313277244567871
BEGFID,BUSMUZ,0.982013463973999
BEJKEJ,CAXZUY,1.0
BEJKEJ,DIDBAV,0.9997506737709045
BEJKEJ,DIDBEZ,0.9997506737709045
BEJKEJ,DIDBOJ,0.9997506737709045
BEJKEJ,DIDBID,0.9997506737709045
BEJKEJ,BEQJAL,0.5764706134796143
BEJKEJ,CAXZOS,0.9997506737709045
BEKMOW,BEKNEN,1.0
BEKMOW,BOWTAJ,0.9937959313392639
BEKMOW,CAVMUJ03,0.9741673469543457
BEKMOW,COWMUX,0.6360675096511841
BEKMOW,COWMOR,0.6358129382133484
BEKMOW,CAFJIF,0.3603929281234741
BEKNEN,BOWTAJ,0.9937959313392639
BEKNEN,CAVMUJ03,0.9741673469543457
BEKNEN,COWMUX,0.6360675096511841
BEKNEN,COWMOR,0.6358129382133484
BEKNEN,CAFJIF,0.3603929281234741
BEKVOD,BIFSUF,0.3863636553287506
BEKVOD,DELTAQ02,0.3863636553287506
BEKVOD,DEHHEG,0.3863636553287506
BEKVOD,DELTAQ,0.3863636553287506
BELHOR,BIZLUT,0.982000470161438
BELHOR,BEYTEG,0.5107045769691467
BELHOR,CEZZIR,0.5025019645690918
BELHOR,BIZMAA,0.4411466419696808
BELHOR,BIZMEE,0.4030384123325348
BELHOR,BIZMII,0.4032250940799713
BELJIL,BEPPOD,0.4903304874897003
BELJIL,BEPNER,0.4903304874897003
BELJIL,BEPPIX,0.4903304874897003
BELJIL,BEPNOB,0.37893345952033997
BELJIL,BEPNIV,0.37893345952033997
BELQAN,CITLOJ,0.9781790375709534
BELQAN,CITMIE,0.9781520962715149
BELQAN,CITMAW,0.9778347015380859
BELQAN,CITMEA,0.9776891469955444
BELQAN,CITLUP,0.9756634831428528
BELQAN,DAZZUC,0.7495500445365906
BELQAN,DEBBIY,0.7499997019767761
BELTOD,BELVEV,1.0
BELTOD,BELVAR,1.0
BELTOD,COGNAO,0.9974996447563171
BELTOD,CESQUP,0.9974996447563171
BELTOD,BELTUJ,0.9972895383834839
BELTUJ,CESQUP,0.9977757334709167
BELTUJ,COGNAO,0.9977757334709167
BELTUJ,CAVVOM,0.7238627076148987
BELVAR,BELVEV,1.0
BELVAR,COGNAO,0.9974996447563171
BELVAR,CESQUP,0.9974996447563171
BELVEV,COGNAO,0.9974996447563171
BELVEV,CESQUP,0.9974996447563171
BELXUN,BUSXAP,0.4243227541446686
BELXUN,BUSXET,0.4212201237678528
BELXUN,BUZHIO,0.3863636255264282
BELXUN,CIMFUB,0.3376988470554352
BELYIC,CABQEB,0.9963152408599854
BELYIC,CIQYUX,0.9963152408599854
BELYIC,DAYMAS,0.9959937334060669
BELYIC,DIDBIE,0.9821115732192993
BELYIC,DALSER,0.4968051016330719
BELYIC,CNPRCV,0.3196607828140259
BELYIC,COVSIP,0.2830614745616913
BENBIH,CEHQOX,0.728810727596283
BENBIH,BIFJUX,0.7160626649856567
BENBIH,BIFKAE,0.7160626649856567
BENBIH,DICJUW,0.7145718932151794
BENXOJ,BENXUP,1.0
BENXOJ,CAGSAG,0.45000001788139343
BENXOJ,CIFDUS,0.4474996328353882
BENXOJ,CIFDOM,0.4474996328353882
BENXUP,CAGSAG,0.45000001788139343
BENXUP,CIFDUS,0.4474996328353882
BENXUP,CIFDOM,0.4474996328353882
BENZOL,BENZUR,0.9991083145141602
BENZOL,BEPBAB,0.9966550469398499
BENZOL,BEPFIN,0.9965928792953491
BENZOL,BOLHAM,0.9933966398239136
BENZOL,BOLHOA,0.9913450479507446
BENZUR,BOLHAM,0.9965716600418091
BENZUR,BEPFIN,0.996257483959198
BENZUR,BEPBAB,0.9958264827728271
BENZUR,BOLHOA,0.994638979434967
BEPBAB,BEPFIN,0.9993717670440674
BEPLUF,BEPNUH,1.0
BEPLUF,BEPNOB,1.0
BEPLUF,BEPMEQ,1.0
BEPLUF,BEPMIU,1.0
BEPLUF,BEPNIV,1.0
BEPMAM,BEPNUH,1.0
BEPMAM,BEPNOB,1.0
BEPMAM,BEPMEQ,1.0
BEPMAM,BEPMIU,1.0
BEPMAM,BEPNIV,1.0
BEPMAM,BEPPAP,1.0
BEPMEQ,BEPNUH,1.0
BEPMEQ,BEPNOB,1.0
BEPMEQ,BEPMIU,1.0
BEPMEQ,BEPNIV,1.0
BEPMEQ,BEPPAP,1.0
BEPMIU,BEPNUH,1.0
BEPMIU,BEPNOB,1.0
BEPMIU,BEPNIV,1.0
BEPMIU,BEPNER,0.7352941632270813
BEPMIU,BEPPAP,1.0
BEPMIU,BEPPIX,0.7352941632270813
BEPMIU,BEPPOD,0.7352941632270813
BEPMOB,DETRAX,0.37655067443847656
BEPMOB,CANROA,0.3723548650741577
BEPMOB,CEMLOY,0.37055808305740356
BEPMOB,CEMLIS,0.37055808305740356
BEPNER,BEPPOD,1.0
BEPNER,BEPPIX,1.0
BEPNER,BEPNOB,0.7352941632270813
BEPNER,BEPNUH,0.7352941632270813
BEPNER,CIDNIM,0.29980629682540894
BEPNER,DEZCAO,0.4954501986503601
BEPNER,DEZCES,0.49417683482170105
BEPNER,DEZCIW,0.49767443537712097
BEPNIV,BEPNUH,1.0
BEPNIV,BEPNOB,1.0
BEPNIV,BEPPAP,1.0
BEPNOB,BEPNUH,1.0
BEPNOB,BEPPAP,1.0
BEPNOB,BEPPIX,0.7352941632270813
BEPNOB,BEPPOD,0.7352941632270813
BEPNOC,BEPNUI,0.9966550469398499
BEPNOC,CAYKEU,0.5904660820960999
BEPNOC,BERQIA,0.5334308743476868
BEPNUI,CAYKEU,0.5878300666809082
BEPNUI,BERQIA,0.5312382578849792
BEPPAP,BEPPIX,0.7352941632270813
BEPPAP,BEPPOD,0.7352941632270813
BEPPIX,BEPPOD,1.0
BEPPIX,CIDNIM,0.29980629682540894
BEPPIX,DEZCAO,0.4954501986503601
BEPPIX,DEZCES,0.49417683482170105
BEPPIY,COMFIU,0.9998192191123962
BEPPIY,CAVYUW,0.9994840025901794
BEPPIY,COMFEQ,0.9994805455207825
BEPPIY,DIVMUR,0.999313473701477
BEPPIY,DAHPAE,0.9985729455947876
BEPPIY,DAHNOQ,0.9985299110412598
BEPPIY,DAHNUW,0.9985299110412598
BEPPIY,DIVNAY,0.9976078867912292
BEPPOD,DEZCIW,0.49767443537712097
BEPREV,BEPREV01,1.0
BEPREV,BEPROF,1.0
BEPREV,BEPREV03,1.0
BEPREV,BEPREV02,1.0
BEPREV01,BEPROF,1.0
BEPREV01,BEPREV03,1.0
BEPREV01,BEPREV02,1.0
BEPREV01,CEZYOY,0.8030744791030884
BEPREV01,DANFUW,0.7230769395828247
BEPREV01,DIQHAO,0.9997506737709045
BEPREV01,DIQHAO01,0.9997506737709045
BEPREV02,BEPROF,1.0
BEPREV02,BEPREV03,1.0
BEPREV02,CEZYOY,0.8030744791030884
BEPREV02,DIQHAO,0.9997506737709045
BEPREV02,DIQHAO01,0.9997506737709045
BEPREV03,BEPROF,1.0
BEPREV03,CEZYOY,0.8030744791030884
BEPREV03,DIQHAO,0.9997506737709045
BEPREV03,DIQHAO01,0.9997506737709045
BEPREV03,DIRLIB,0.9955241084098816
BEPRIZ,CIKPEU,0.9999999403953552
BEPRIZ,DIBQOW,0.7374999523162842
BEPRIZ,CIFMAH,0.7374999523162842
BEPRIZ,DIBQIQ,0.7374999523162842
BEPROF,CEZYOY,0.8030744791030884
BEPROF,DIQHAO,0.9997506737709045
BEPROF,DIQHAO01,0.9997506737709045
BEPROF,DIRLIB,0.9955241084098816
BEPYIG,CARFOT,1.0
BEPYIG,CARFUZ,0.9965804815292358
BEQHUD,BEQJAL,0.9965023994445801
BEQHUD,BOYTEQ,0.5839861035346985
BEQHUD,DIDBOJ,0.574246346950531
BEQHUD,CAXZOS,0.574246346950531
BEQHUD,DIDBAV,0.574246346950531
BEQJAL,BOYTEQ,0.5820105671882629
BEQJAL,CAXZUY,0.5764706134796143
BEQJAL,DIDBID,0.5762212872505188
BEQJOZ,CAVWOO,0.5695456266403198
BEQJOZ,DIGPER,0.5694356560707092
BEQJOZ,BIXVIQ01,0.24684959650039673
BEQKAM,CADPII,1.0
BEQKAM,CEHLAD,1.0
BEQKAM,CIGXIA,0.9982883334159851
BEQKAM,DAPHOU,0.7000000476837158
BEQPEU,CANYIB,0.5908379554748535
BERQAS,CIFGUV,0.6026430130004883
BERQAS,DALSUH,0.5457138419151306
BERQAS,DALTAO,0.5437545776367188
BERQAS,CEJNOU,0.35400205850601196
BERQAS,CIMFUB,0.32849347591400146
BERQAS,DAPYUP,0.27685919404029846
BERQAS,DETGIT,0.351417601108551
BERQEW,CUKXAJ,0.6000000238418579
BERQEW,CUKXEN,0.6000000238418579
BERQEW,DAHMIJ,0.6000000238418579
BERQIA,CUWWOI,0.62794429063797
BERQIA,CAPLOX,0.6256742477416992
BERQIA,CUVTOD,0.5808507800102234
BERROH,BERRUN,0.9970499873161316
BERROH,BERSOI,0.6670500040054321
BERROH,BOJLOC,0.44999998807907104
BERROH,BOJLOC01,0.44999998807907104
BERROH,BUQROV,0.44161728024482727
BERRUN,BERSOI,0.6699999570846558
BERRUN,BOJLOC,0.447050005197525
BERRUN,BOJLOC01,0.447050005197525
BERSOI,BOJLOC,0.4411676526069641
BERSOI,BOJLOC01,0.4411676526069641
BERSOI,DALXEW,0.26637840270996094
BESKUI,RUBTAK02,1.0
BESKUI,SURKAT,1.0
BESKUI,CAVMUJ,0.9972875118255615
BESXED,CODFEH,0.9520620107650757
BESXED,CIMZII,0.9339526295661926
BESXED,CEFDAU,0.5076369047164917
BESXED,BUTCUQ,0.21938109397888184
BETDAH,BETDEL,0.9999803900718689
BETDAH,BETDOV,0.9998704195022583
BETDAH,CUWYAW,0.9994840025901794
BETDAH,BETDUB,0.9994840025901794
BETDAH,BETFAJ,0.9993398785591125
BETDAH,BETGAK,0.9981487989425659
BETDEL,BETDOV,0.999916136264801
BETDEL,BETDUB,0.9996340870857239
BETDEL,CUWYAW,0.9996340870857239
BETDEL,BETFAJ,0.9995414018630981
BETDEL,BETFOX,0.9796669483184814
BETDEL,BETFUD,0.9796669483184814
BETDEL,BETGAK,0.9983029365539551
BETDIP,CUWZIF,0.9998192191123962
BETDIP,CUWXID,0.9998192191123962
BETDIP,BETFEN,0.9991112351417542
BETDIP,BETFIR,0.9847605228424072
BETDIP,DIMDAG,0.5717675685882568
BETDIP,BIDPAH,0.5441616177558899
BETDOV,BETFAJ,0.9996404051780701
BETDOV,BETDUB,0.9994805455207825
BETDOV,CUWYAW,0.9994805455207825
BETDUB,CUWYAW,0.9999999403953552
BETDUB,BETFAJ,0.9996544122695923
BETDUB,BETFOX,0.9829657673835754
BETDUB,BETFUD,0.9829657673835754
BETDUB,BETGAK,0.9987545013427734
BETFAJ,CUWYAW,0.9996544122695923
BETFAJ,BETGAK,0.9983987212181091
BETFEN,CUWZIF,0.999613344669342
BETFEN,CUWXID,0.999613344669342
BETFEN,BETFIR,0.9823139905929565
BETFEN,DIMDAG,0.5689230561256409
BETFEN,BIDPAH,0.5398862361907959
BETFIR,CUWZIF,0.9829657673835754
BETFIR,CUWXID,0.9829657673835754
BETFIR,DIMDAG,0.5523610711097717
BETFOX,BETFUD,0.9999999403953552
BETFOX,CUWYAW,0.9829657673835754
BETFOX,BETGAK,0.9826657772064209
BETFUD,CUWYAW,0.9829657673835754
BETFUD,BETGAK,0.9826657772064209
BETGAK,CUWYAW,0.9987545013427734
BETGEO,BETGIS,1.0
BETGEO,BOWNUY,0.9999494552612305
BETGEO,COTYIV,0.9999494552612305
BETGEO,BETGUE,0.9997506737709045
BETGEO,BETGOY,0.9997506737709045
BETGEO,BIWSEG,0.40676766633987427
BETGIS,BOWNUY,0.9999494552612305
BETGIS,COTYIV,0.9999494552612305
BETGIS,BETGUE,0.9997506737709045
BETGIS,BETGOY,0.9997506737709045
BETGIS,BIWSEG,0.40676766633987427
BETGOY,BETGUE,0.9999999403953552
BETGOY,COTYIV,0.9996275901794434
BETGOY,BETHEP,0.9939473867416382
BETGOY,BETHIT,0.9939473867416382
BETGOY,BICDAU,0.3831416368484497
BETGOY,BOWNUY,0.9996275901794434
BETGOY,DAGTUD,0.9939473867416382
BETGOY,DANWAS,0.9977757334709167
BETGUE,COTYIV,0.9996275901794434
BETGUE,BETHEP,0.9939473867416382
BETGUE,BETHIT,0.9939473867416382
BETGUE,BICDAU,0.3831416368484497
BETGUE,BOWNUY,0.9996275901794434
BETGUE,DAGTUD,0.9939473867416382
BETGUE,DANWAS,0.9977757334709167
BETGUE,DAWVUV,0.3024999797344208
BETHEP,DAGTUD,1.0
BETHEP,BETHIT,1.0
BETHEP,DANWAS,0.9962353706359863
BETHIT,DAGTUD,1.0
BETHIT,DANWAS,0.9962353706359863
BETHUE,DAYYIN,0.9996275901794434
BETHUE,CAGLIF,0.29420188069343567
BETHUE,CEGDUO,0.2844467759132385
BETJUI,BETRUQ,0.9819706082344055
BETJUI,BIKMAL01,0.9788232445716858
BETJUI,BIKMAL,0.9788232445716858
BETJUI,BIKMEP,0.9778358340263367
BETJUI,BIKMEP01,0.9778358340263367
BETRUQ,BIKMAL,0.9972895383834839
BETRUQ,BIKMAL01,0.9972895383834839
BETRUQ,BIKMEP01,0.9955241084098816
BETRUQ,BIKMEP,0.9955241084098816
BETRUQ,DOBGAD,0.7938241362571716
BETRUQ,DOBGAD01,0.7938241362571716
BETXIK,DEJJEK,0.6753847599029541
BETXIK,CITWOS,0.300639808177948
BETXIK,CITXAF,0.2968648672103882
BETZOR,CIFJAE,0.6625000238418579
BETZOR,DAFHOJ,0.6625000238418579
BETZOR,COXFOL,0.6597895622253418
BETZOR,DAFHEZ,0.6597895622253418
BEVSUR,BOHWUS,0.9982609748840332
BEVSUR,DIGPER,0.9968496561050415
BEVSUR,CAVWOO,0.9965118765830994
BEVSUR,COSWEO,0.9929306507110596
BEWCUD,COKRUR,0.8736562132835388
BEWCUD,DAJVES,0.865422785282135
BEWCUD,DAJWET,0.8636407852172852
BEWCUD,COKROL,0.8471856117248535
BEWCUD,BIPSUQ,0.8263102173805237
BEWSOO,BEWSUU,1.0
BEWSOO,BEXPAX,0.6355241537094116
BEWSOO,DIWNAA,0.6354933977127075
BEWSOO,BOWKUU,0.48144444823265076
BEWSUU,BEXPAX,0.6355241537094116
BEWSUU,DIWNAA,0.6354933977127075
BEWSUU,BOWKUU,0.48144444823265076
BEWSUU,CUNWEO,0.5220499634742737
BEXFUI,BEZSIK,0.6684561371803284
BEXPAX,DIWNAA,0.995114803314209
BEXPAX,DIWMUT,0.9441367387771606
BEXPAX,DIWMON,0.9386946558952332
BEXPAX,BOXFAW,0.47791096568107605
BEXPAX,BOXFIE,0.4635501503944397
BEXPAX,BUFNEW,0.47791096568107605
BEXPAX,BUFNOG,0.47791096568107605
BEXQIF,BEXQOL,0.9996292591094971
BEXQIF,BEXREC,0.9996292591094971
BEXQIF,DIBXAO,0.9996292591094971
BEXQIF,BEXRAY,0.9989085793495178
BEXQIF,BITCUE,0.9971465468406677
BEXQIF,DACHAR,0.9971465468406677
BEXQIF,DANZEX,0.9989085793495178
BEXQOL,DIBXAO,0.9999999403953552
BEXQOL,BEXREC,0.9999999403953552
BEXQOL,DIBWUH,0.9997506737709045
BEXQUR,DIBWUH,1.0
BEXQUR,BEXRIG,1.0
BEXQUR,CUSYIA,0.9999494552612305
BEXQUR,CUSYOG,0.9999494552612305
BEXQUR,CUSYUM,0.9999494552612305
BEXQUR,BEXREC,0.9997506737709045
BEXQUR,DIBXAO,0.9997506737709045
BEXRAY,DANZEX,1.0
BEXRAY,CDCACD,0.9970499873161316
BEXRAY,CDCACD01,0.9970499873161316
BEXRAY,DABMEB,0.9970499873161316
BEXRAY,DALVAQ,0.9970499873161316
BEXREC,DIBXAO,0.9999999403953552
BEXRIG,DIBWUH,1.0
BEXRIG,CUSYIA,0.9999494552612305
BEXRIG,CUSYOG,0.9999494552612305
BEXRIG,CUSYUM,0.9999494552612305
BEXRUT,BEXSII,0.9999494552612305
BEXRUT,BEXSEE,0.9997506737709045
BEXRUT,BEXSAA,0.9955241084098816
BEXRUT,BUCWAZ,0.7194693684577942
BEXSAA,BEXSEE,0.9972895383834839
BEXSAA,BEXSII,0.9950717687606812
BEXSAA,BUCWAZ,0.7243227362632751
BEXSEE,BEXSII,0.9996275901794434
BEXSEE,BUCWAZ,0.7212201356887817
BEXSII,BUCWAZ,0.7195534110069275
BEXVAD01,CIFMIP,0.699999988079071
BEXVAD01,CIPLIX,0.699999988079071
BEXVAD01,CELZIE,0.6833555102348328
BEXVIL,CEHKUW,0.7000000476837158
BEXVIL,CUMLUT,0.7000000476837158
BEYKEX,CUFFEP,0.6654370427131653
BEYKEX,CUFDUD,0.6654370427131653
BEYKEX,CAYKEU,0.5750207304954529
BEYTEG,CISLUN,0.6100000143051147
BEYTEG,DEGJIK,0.6100000143051147
BEYTEG,BUZKUE,0.6100000143051147
BEYTEG,DAWWAC,0.6096276044845581
BEYTEG,CEXJUN02,0.5645161271095276
BEZKOI,DILJOA,0.6368592381477356
BEZKOI,DAWWUV,0.5604650974273682
BEZKOI,DAWWIJ,0.5575150847434998
BEZKOI,DAWWOP,0.5527458190917969
BEZKOI,BEZKOI01,0.5170731544494629
BEZKOI,CUBHOY,0.44285714626312256
BEZKOI,DITPON,0.5341928601264954
BEZKOI,DITPUT,0.531090259552002
BEZKOI01,COWKAB,0.7222806811332703
BEZKOI01,DAWWEF,0.5334822535514832
BEZKOI01,CUBHOY,0.4139534533023834
BEZSEG,BEZSEG01,0.9999999403953552
BEZSEG,DIJWID,0.9999999403953552
BEZSEG,BUPVEP,0.9650025963783264
BEZSEG,CONSAA,0.6996293067932129
BEZSEG,CAKLOR,0.6977757811546326
BEZSEG,BILRIA,0.44923296570777893
BEZSEG,COFORM10,0.26363635063171387
BEZSEG,DEHFUR,0.577775776386261
BEZSEG01,DIJWID,0.9999999403953552
BEZSEG01,BUPVEP,0.9650025963783264
BEZSEG01,CONSAA,0.6996293067932129
BEZSEG01,CAKLOR,0.6977757811546326
BEZSEG01,CDCYAC,0.509332001209259
BEZSEG01,COFORM10,0.26363635063171387
BEZSEG01,DEHFUR,0.577775776386261
BEZSIK,COFORM10,0.26659542322158813
BIBQEL,BUPJUS,0.9279949069023132
BIBQEL,BUPKED,0.9279949069023132
BIBQEL,CUSBUP,0.7183775901794434
BIBQEL,DECJON,0.6058775186538696
BIBQEL,BIJSEV,0.5736760497093201
BIBQEL,BOWZUK,0.47158047556877136
BIBQOV,DEDTEN,0.5420554876327515
BIBQOV,CEVBIR,0.4197664260864258
BIBXOB,BIBXUH,0.49130433797836304
BIBXOB,COJHIT,0.4910550117492676
BIBXUH,COJHIT,0.9997506737709045
BICDAU,BISPAU,0.48181819915771484
BICDAU,DANWAS,0.38536587357521057
BICPIP,CAVFEN,0.10000001639127731
BICPIP,CAVFEN01,0.10000001639127731
BICPIP,CAGSAG,0.10000001639127731
BICPIP,CAJHON,0.10000001639127731
BICPIP,CAKLOR,0.10000001639127731
BICPUA,CIFSAO,0.995492160320282
BICPUA,CIFSES,0.995492160320282
BICPUA,CIFSIW,0.995492160320282
BIDFEB,BIFDUQ,0.2733047902584076
BIDHIG,CEJXIA,0.9987543821334839
BIDHIG,CORZOA,0.9919713735580444
BIDHIG,CORZIU,0.9919713735580444
BIDHIG,CUKBEQ,0.9854779243469238
BIDHIG,CIQHIW,0.9778481721878052
BIDHIG,BUDDIO,0.9777316451072693
BIDPAH,CUWXID,0.542643666267395
BIDPAH,CUWZIF,0.542643666267395
BIDPOV,CEXJUN03,0.10000000149011612
BIDPOV,CEXJUN02,0.10000000149011612
BIDPOV,DALCEZ,0.10000000149011612
BIDPOV,CIDNIM,0.10000000149011612
BIDREO,CUWNIT,0.2629435956478119
BIFDUQ,CIJBEC,0.27549996972084045
BIFDUQ,DAPYUP,0.269321471452713
BIFJUX,BIFKAE,1.0
BIFJUX,DICJUW,0.9978838562965393
BIFJUX,CEHQOX,0.9859470725059509
BIFKAE,DICJUW,0.9978838562965393
BIFKAE,CEHQOX,0.9859470725059509
BIFNOW,DAHPAE,0.9962677955627441
BIFNOW,DIVMUR,0.9960730671882629
BIFNOW,CAVYUW,0.9960351586341858
BIFNOW,COMFIU,0.9959901571273804
BIFNOW,DAHNOQ,0.9957600831985474
BIFNOW,BOMCUB,0.9955965876579285
BIFNOW,DECDUN,0.9955965876579285
BIFORM,BIYLAW01,0.9986763000488281
BIFORM,CAHMON02,0.9954773783683777
BIFORM,CAHMON01,0.9954773783683777
BIFORM,CAHMON,0.9954773783683777
BIFSOB,DIXGIC,0.8652245402336121
BIFSOB,DADLEC,0.845791220664978
BIFSOB,DADLOM,0.845791220664978
BIFSUF,DEHHEG,1.0
BIFSUF,DELTAQ01,1.0
BIFSUF,DELTAQ,1.0
BIFSUF,DELTAQ03,1.0
BIFSUF,DELTAQ02,1.0
BIGJEJ,CUXPIV,0.9786702990531921
BIGJEJ,CUXQES,0.9781790375709534
BIGJEJ,CUXPUH,0.9780963063240051
BIGJEJ,DAMYUO,0.9780963063240051
BIGJEJ,CUXPAN,0.9778347015380859
BIHROC,CEXJUN03,0.10000000149011612
BIHROC,CEXJUN02,0.10000000149011612
BIHROC,DALCEZ,0.10000000149011612
BIHROC,CIDNIM,0.10000000149011612
BIHRUI,CEXJUN03,0.10000000149011612
BIHRUI,CEXJUN02,0.10000000149011612
BIHRUI,DALCEZ,0.10000000149011612
BIHRUI,CIDNIM,0.10000000149011612
BIHVEW,BIHVIA,0.9958264827728271
BIHVEW,BIHVUM,0.9958264827728271
BIHVEW,BUSTAM,0.9912782907485962
BIHVEW,BUSSIT,0.9864584803581238
BIHVEW,BUSSEP,0.9864584803581238
BIHVEW,CIGNAI,0.5687195062637329
BIHVEW,CIGNEM,0.5687195062637329
BIHVIA,BIHVUM,1.0
BIHVIA,BUSTAM,0.9964245557785034
BIHVIA,BUSSEP,0.9934701919555664
BIHVIA,BUSSIT,0.9934701919555664
BIHVIA,CIGNAI,0.5602866411209106
BIHVIA,CIGNEM,0.5602866411209106
BIHVIA,DAXKIY,0.9785740375518799
BIHVIA,DAXKOE,0.9785740375518799
BIHVUM,BUSTAM,0.9964245557785034
BIHVUM,BUSSEP,0.9934701919555664
BIHVUM,BUSSIT,0.9934701919555664
BIHVUM,CIGNAI,0.5602866411209106
BIHVUM,CIGNEM,0.5602866411209106
BIJGOT,CAFORM13,0.19729092717170715
BIJGOT,CAFORM,0.19729092717170715
BIJGOT,CALOXM16,0.19729092717170715
BIJJOV,COWQUC,0.9939473867416382
BIJJOV,COWRAJ,0.9939473867416382
BIJJOV,COWREN,0.9939473867416382
BIJJOV,COWRIR,0.9939473867416382
BIJJOV,COWROX,0.9939473867416382
BIJJOV,CAGXIU,0.9623563885688782
BIJSEV,CUSBUP,0.7170243263244629
BIJSEV,BIJZIG,0.6362354159355164
BIJSEV,BUPKED,0.5813953876495361
BIJSEV,BUPJUS,0.5813953876495361
BIJTAS,DARFAF,1.0
BIJTAS,DARFEJ,0.9999803900718689
BIJTAS,DARFIN,0.9999352693557739
BIJTAS,DARDOR,0.999916136264801
BIJTAS,DARDAD,0.999646008014679
BIJTAS,DARCUW,0.9996391534805298
BIJTAS,DARDEH,0.9995414018630981
BIJTAS,DARDIL,0.9996340870857239
BIJTAS,DARDUX,0.9995911717414856
BIJZIG,DITJOH,0.5088887214660645
BIJZIG,DITJIB,0.5047749280929565
BIJZIG,COZMUA,0.48349007964134216
BIKMAL,BIKMAL01,0.9999999403953552
BIKMAL,BIKMEP,0.9997506737709045
BIKMAL,BIKMEP01,0.9997506737709045
BIKMAL,DOBGAD,0.7907215356826782
BIKMAL,DOBGAD01,0.7907215356826782
BIKMAL01,BIKMEP,0.9997506737709045
BIKMAL01,BIKMEP01,0.9997506737709045
BIKMAL01,DOBGAD,0.7907215356826782
BIKMAL01,DOBGAD01,0.7907215356826782
BIKMEP,BIKMEP01,1.0
BIKMEP01,DOBGAD,0.7889707684516907
BIKMEP01,DOBGAD01,0.7889707684516907
BIKMEQ,BIKMUG,1.0
BIKMEQ,BIKNAN,1.0
BIKMEQ,BIKNER,1.0
BIKMEQ,BIKNIV,1.0
BIKMEQ,BIKMOA,1.0
BIKMEQ,DAWPEZ,0.9838886857032776
BIKMEQ01,BIKMUG,1.0
BIKMEQ01,BIKNAN,1.0
BIKMEQ01,BIKNER,1.0
BIKMEQ01,BIKNIV,1.0
BIKMEQ01,BIKMOA,1.0
BIKMIT,DINTID,0.47894734144210815
BIKMIT,DINQUM,0.47894734144210815
BIKMIT,CEGFAW,0.4119468033313751
BIKMIT,VELVOY,0.41158050298690796
BIKMIT,DIPGAK,0.4000000059604645
BIKMIT,CEGDUO,0.30149224400520325
BIKMIT,CUSFAZ,0.3368421196937561
BIKMOA,BIKMUG,1.0
BIKMOA,BIKNAN,1.0
BIKMOA,BIKNER,1.0
BIKMOA,BIKNIV,1.0
BIKMOA,DAWPEZ,0.9838886857032776
BIKMUG,BIKNAN,1.0
BIKMUG,BIKNER,1.0
BIKMUG,BIKNIV,1.0
BIKMUG,DAWPEZ,0.9838886857032776
BIKNAN,BIKNER,1.0
BIKNAN,BIKNIV,1.0
BIKNAN,DAWPEZ,0.9838886857032776
BIKNER,BIKNIV,1.0
BIKNER,DAWPEZ,0.9838886857032776
BIKNOB,BIKNUH,1.0
BIKNOB,CEMBII,0.7136363983154297
BIKNUH,CEMBII,0.7136363983154297
BILRIA,BUPVEP,0.4637078642845154
BILRIA,DIJWID,0.44923296570777893
BILRIA,DIXKUR,0.3315408527851105
BILRIA,DIXKUR01,0.3315408527851105
BIMDEF,BIMDIL,1.0
BIMDEF,DAPGUW01,0.35709235072135925
BIMDEF,COXHIH,0.35709235072135925
BIMDEF,CECKON,0.35677045583724976
BIMDEF,COXHED,0.35677045583724976
BIMDIL,DAPGUW01,0.35709235072135925
BIMDIL,COXHIH,0.35709235072135925
BIMDIL,CECKON,0.35677045583724976
BIMDIL,COXHED,0.35677045583724976
BINBIM,CUSBUP,0.5010902285575867
BINROH,BINRUN,0.9965804815292358
BINROH,BINSAU,0.9950717687606812
BINROH,CIQQIE,0.9684215784072876
BINROH,CAXSUR,0.7630482316017151
BINROH,CAGSAG,0.7617979049682617
BINRUN,BINSAU,0.9974996447563171
BINRUN,CIQQIE,0.9674572348594666
BINRUN,CAGSAG,0.7652174234390259
BINRUN,CIFDUS,0.762717068195343
BINSAU,CIQQIE,0.9781790375709534
BINSAU,CIFDUS,0.7652174234390259
BINSAU,CIFDOM,0.7652174234390259
BINSAV,BINSOJ,1.0
BINSAV,BORNEC,0.4053887724876404
BINSAV,BORNIG,0.40054577589035034
BINSAV,BOJLOC01,0.39844924211502075
BINSAV,BOJLOC,0.39844924211502075
BINSOJ,BORNEC,0.4053887724876404
BINSOJ,BORNIG,0.40054577589035034
BINSOJ,BOJLOC01,0.39844924211502075
BINSOJ,BOJLOC,0.39844924211502075
BIPKIW,DERBIO,0.713263988494873
BIPKIW,CEMBII,0.6988186836242676
BIPKIW,CEJXEW,0.6819214820861816
BIPSUQ,COKRUR,0.8051635026931763
BIPSUQ,DAJVES,0.7996275424957275
BIPSUQ,DAJWET,0.794660747051239
BIPSUQ,COKROL,0.7801634669303894
BIPSUQ,CIRTUU,0.5714285969734192
BIPXIK,CEYPUT,0.9999999403953552
BIPXIK,BOWDOI,0.9999999403953552
BIPXIK,BOWDIC,0.9999999403953552
BIPXIK,BUVNIR,0.9977757334709167
BIPXIK,CESYEF,0.9971376657485962
BIPXIK,CESYEF01,0.9971376657485962
BIQNUN,BIQPAV,0.9999855160713196
BIQNUN,BIQPOJ,0.9997872710227966
BIQNUN,BIQPID,0.9997713565826416
BIQNUN,BIQPEZ,0.9996700286865234
BIQNUN,DIXCET,0.5887514352798462
BIQPAV,BIQPID,0.9998589158058167
BIQPAV,BIQPOJ,0.9998542070388794
BIQPAV,BIQPEZ,0.9996850490570068
BIQPEZ,BIQPOJ,0.9996788501739502
BIQPEZ,BIQPID,0.9993627667427063
BIQPID,BIQPOJ,0.9998902082443237
BIQVII,CAVWOO,0.4604361951351166
BIQVII,CUFFOZ,0.46038055419921875
BIRBIQ,BIRBOW,0.9998192191123962
BIRBIQ,BIRBUC,0.9996340870857239
BIRBIQ,BIRCAJ,0.9994805455207825
BIRBIQ,CAJVUG,0.6380982398986816
BIRBOW,BIRBUC,0.9995911717414856
BIRBOW,BIRCAJ,0.9992827773094177
BIRBOW,CAJVUG,0.6396161913871765
BIRBUC,BIRCAJ,0.999916136264801
BIRBUC,CAJVUG,0.6396250128746033
BIRCAJ,CAJVUG,0.6389298439025879
BIRGAM,CEKYIC,1.0
BIRGAM,DEHBIC,0.9821406006813049
BIRGAM,DANWUL,0.39552146196365356
BIRGAM,DISROP,0.4510537087917328
BIRMUM,CUFKAR,0.6779347062110901
BIRMUM,CUFJUK,0.6779347062110901
BIRMUM,BOPHIZ,0.6776951551437378
BISPAU,DIMBOS,0.3965805172920227
BISPAU,CEFHAZ,0.3905678987503052
BISPAU,DAHJUR,0.28726041316986084
BITCUE,DEHRIR,1.0
BITCUE,DACHAR,1.0
BITLUL,DECVIT,1.0
BIVVOR,CAZLOF,0.9812976121902466
BIVVOR,CAZLEV,0.8428360819816589
BIVVOR,CAZLIZ,0.8428360819816589
BIVVOR,BIVXOT,0.5189266204833984
BIVVOR,CABHOC,0.4008098840713501
BIVVOR,CAVSOJ,0.42503806948661804
BIVVOR,CAVSUP,0.3227653205394745
BIVVOR,CAVTAW,0.42503806948661804
BIVXAG,CEJFOO,0.9999999403953552
BIVXAG,CEJGAB,0.9996292591094971
BIVXAG,CURSEO,0.9996292591094971
BIVXAG,BUQWER,0.9996275901794434
BIVXAG,DEGSIS,0.9996275901794434
BIVXAG,CEJFUU,0.9972895383834839
BIVXAG,DEGSIS01,0.9996275901794434
BIVXAG,DIKJUD,0.6096276044845581
BIVXEK,CIBTIR,0.6188232898712158
BIVXEK,BOQWEK,0.47277575731277466
BIVXOT,DEKPEP,0.5662470459938049
BIVXOT,DEKPAL,0.5662470459938049
BIVXOT,DALRAK,0.564463198184967
BIVXOT,CABHOC,0.375488817691803
BIVXOT,CEBDOD,0.4901745617389679
BIWSEG,DAWVUV,0.45962756872177124
BIWSEG,COTYIV,0.4068181812763214
BIWSEG,BOWNUY,0.4068181812763214
BIWSEG,BIXVIQ01,0.28837209939956665
BIXCOC,COQTEJ,0.7508606910705566
BIXCOC,CUNWEO,0.5549229383468628
BIXCOC,COXFOL,0.5354838371276855
BIXCOC,DAFHEZ,0.5354838371276855
BIXCOC,CIGTUK,0.4648648500442505
BIXCOC,CIGVAS,0.462640643119812
BIXCOC,CIGVEW,0.462640643119812
BIXVEM,BIXVOW,1.0
BIXVEM,BIXVIQ,1.0
BIXVIQ,BIXVOW,1.0
BIXVIQ01,BUPFAU,0.2451612949371338
BIXVIQ01,BUPFEY,0.2451612949371338
BIXVIQ01,BUPDUM,0.2451612949371338
BIXVIQ01,CAPQIU,0.19310344755649567
BIYHEX,BIYHOH,0.9823139905929565
BIYHEX,CUCITD03,0.9671784043312073
BIYHEX,CUCITD01,0.9671784043312073
BIYHEX,CEGWER,0.42501014471054077
BIYHEX,CEYYIQ,0.5498661994934082
BIYHEX,CUCITD,0.9671784043312073
BIYHEX,CUCITD02,0.9671784043312073
BIYHOH,DINNEV,0.9688994288444519
BIYHOH,CUCITD03,0.9661542773246765
BIYHOH,CEGWER,0.44484972953796387
BIYHOH,CEYYIQ,0.561833918094635
BIYLAW01,CAHMON03,0.9921848177909851
BIYLAW01,CAHMON,0.9921848177909851
BIYLAW01,CAHMON01,0.9921848177909851
BIYSUZ,BIYVIQ,0.9985291957855225
BIYSUZ,BIYVEM,0.9983987212181091
BIYSUZ,BIYTAG,0.9826657772064209
BIYSUZ,BIYTOU,0.9781790375709534
BIYTAG,BIYVIQ,0.9847605228424072
BIYTAG,BIYVEM,0.9782870411872864
BIYTAG,DITHUM,0.9654589891433716
BIYTEJ,DAWWAC,0.5477757453918457
BIYTEJ,DEGJIK,0.5465804934501648
BIYTEJ,BUZKUE,0.5465804934501648
BIYTEJ,CISLUN,0.5465804934501648
BIYTEJ,CEXJUN01,0.5000287890434265
BIYTEJ,CIDKUX,0.48229479789733887
BIYTEK,BUKMUQ,0.7238627076148987
BIYTEK,BUKMUQ01,0.7238627076148987
BIYTEK,BIYTOU,0.7233765125274658
BIYTOU,BUKMUQ01,0.9974996447563171
BIYTOU,BUKMUQ,0.9974996447563171
BIYTOU,BIYVEM,0.9778347015380859
BIYTOU,BIYVIQ,0.9775111675262451
BIYVEM,BIYVIQ,0.9990724921226501
BIYVEM,COTVOY,0.09999998658895493
BIZLUT,CEZZEN,0.49751120805740356
BIZLUT,CEZZIR,0.49751120805740356
BIZLUT,BIZMAA,0.45959118008613586
BIZLUT,BIZMEE,0.4209657311439514
BIZLUT,BIZMII,0.4208577573299408
BIZMAA,BIZMEE,0.414980411529541
BIZMAA,BIZMII,0.41493532061576843
BIZMEE,BIZMII,0.9999855160713196
BIZMEE,CEZZIR,0.38977372646331787
BIZMII,CEZZIR,0.39024585485458374
BOBTIW,BOGXIF,1.0
BOBTIW,BOBTUI,1.0
BOBTOC,BOGXIF,1.0
BOBTOC,BOBTUI,1.0
BOBTOC,BOGXIF02,1.0
BOBTOC,BOGXOL,1.0
BOBTOC,DEKGOS,0.625
BOBTUI,BOGXIF,1.0
BOBTUI,BOGXIF02,1.0
BOBTUI,BOGXOL,1.0
BOBTUI,DEKGOS,0.625
BODPAN,DIHVIB01,1.0
BODPAN,DIHVIB,1.0
BODPAN,CELZIE,0.6378308534622192
BODPAN,CELZOK,0.7331249713897705
BODPAN,CIFMIP,0.9996275901794434
BODPAN,CIPLIX,0.9996275901794434
BODPAN,DALSOA,0.7749999761581421
BOFJIQ,DIJCOP01,0.9974996447563171
BOFJIQ,DIJCOP,0.9974996447563171
BOFJIQ,CECVOW,0.9643369913101196
BOFJIQ,CECVIQ,0.9637575149536133
BOGXIF02,DEKGOS,0.625
BOHJOZ,BOHKAM,1.0
BOHJOZ,BOHJUF,1.0
BOHJOZ,BOHXIH,1.0
BOHJOZ,DAQRET01,0.994364321231842
BOHJOZ,DAQRET,0.994364321231842
BOHJUF,BOHKAM,1.0
BOHJUF,BOHXIH,1.0
BOHJUF,DAQRET01,0.994364321231842
BOHJUF,BUVQIT,0.3932110071182251
BOHJUF,DAQRET,0.994364321231842
BOHJUF,DEHBEY,0.9940944314002991
BOHKAM,BOHXIH,1.0
BOHKAM,DAQRET01,0.994364321231842
BOHKAM,BUVQIT,0.3932110071182251
BOHWOM,COZMUA,0.9877029657363892
BOHWOM,DITJOH,0.8650000095367432
BOHWOM,DITJIB,0.8600140810012817
BOHWOM,SURKAT,0.7352941036224365
BOHWOM,RUBTAK02,0.7352941036224365
BOHWUS,DIGPER,0.9940944314002991
BOHWUS,CAVWOO,0.9937636852264404
BOHWUS,CIBTIT,0.9932109713554382
BOHXAZ,BUTXOE,0.33238720893859863
BOHXAZ,BONWAD,0.3088887333869934
BOHXAZ,CICYIX,0.2967680096626282
BOHXAZ,COPTUX,0.27782636880874634
BOHXAZ,CAPQIU,0.19106468558311462
BOHXED,BOVLII,0.9930660724639893
BOHXED,CAYQAV,0.9781320691108704
BOHXED,BUXNOZ,0.5351822972297668
BOHXIH,DAQRET01,0.994364321231842
BOHXIH,BUVQIT,0.3932110071182251
BOHXIH,DEHBEY,0.9940944314002991
BOHXIH,DIDBIE,0.5090909004211426
BOHYUT,BOHZAA,0.9987545013427734
BOHYUT,DIPNIB,0.6860015392303467
BOHYUT,DAHWAM,0.5701830387115479
BOHYUT,CAKFIF,0.5699577927589417
BOHYUT,BOPWIO,0.5695773959159851
BOHYUT,DEXZIR,0.4925044775009155
BOHZAA,DIPNIB,0.6880748867988586
BOHZAA,DAHWAM,0.5714285373687744
BOHZAA,CAKFIF,0.5712478160858154
BOHZAA,BOPWIO,0.5709125995635986
BOHZAA,DEXZIR,0.4937499761581421
BOJLOC,BOJLOC01,1.0
BOJLOC,BORNEC,0.6752331852912903
BOJLOC,BORNIG,0.6727516651153564
BOJLOC,DAWVUV,0.31044745445251465
BOJLOC01,BORNEC,0.6752331852912903
BOJLOC01,BORNIG,0.6727516651153564
BOJLOC01,DAWVUV,0.31044745445251465
BOJXEE,DAYGUH,0.3151678442955017
BOJXEE,BUPDUM,0.2925989627838135
BOJXEE,BUPFAU,0.2925989627838135
BOJXEE,BUPFEY,0.2925989627838135
BOJXEE,CEHZAR01,0.28971633315086365
BOJXEE,CEHZAR,0.28971633315086365
BOJYIK,BOJYIK01,1.0
BOJYIK,CEJXOG,0.9994291663169861
BOJYIK01,CEJXOG,0.9994291663169861
BOJYIK01,CUJCIV,0.7000000476837158
BOKQEZ,CIFHIK,1.0
BOKQEZ,CIFHOQ,1.0
BOKQEZ,DETVUW,0.9846089482307434
BOKQEZ,DAMYIC,0.4550717771053314
BOKQEZ,DAMYIC01,0.4550717771053314
BOLGUF,BOLHAM,0.9977954626083374
BOLGUF,DALVIY,0.9968496561050415
BOLGUF,BOLHOA,0.9968496561050415
BOLGUF,BOLHEQ,0.9967017769813538
BOLGUF,DALVEU,0.9965118765830994
BOLHAM,BOLHOA,0.9996404051780701
BOLHAM,DALVIY,0.9996404051780701
BOLHAM,DALVEU,0.9995414018630981
BOLHAM,BOLHEQ,0.9990724921226501
BOLHEQ,DALVEU,0.9995911717414856
BOLHEQ,DALVIY,0.9992827773094177
BOLHEQ,BOLHOA,0.9992827773094177
BOLHOA,DALVIY,1.0
BOLHOA,DALVEU,0.999916136264801
BOLPAU,CANROA,0.9977757334709167
BOLPAU,CANRIU,0.9959937334060669
BOLPAU,CEMLOY,0.9927337765693665
BOLPAU,CEMLIS,0.9927337765693665
BOLPAU,CANRUG,0.9386109709739685
BOMCUB,DECDUN,0.9999999403953552
BOMCUB,CAHMAZ,0.9973565340042114
BOMCUB,DAHPAE,0.995492160320282
BOMCUB,DIVMUR,0.9949494004249573
BONKUK,BONLIZ,0.9999999403953552
BONKUK,CETPIB02,0.42690032720565796
BONKUK,CETPIB,0.42690032720565796
BONKUK,DAVMIY,0.39962759613990784
BONKUK,DIVQAB,0.39713770151138306
BONLIZ,CETPIB02,0.42690032720565796
BONLIZ,CETPIB,0.42690032720565796
BONLIZ,DAVMIY,0.39962759613990784
BONLIZ,DIVQAB,0.39713770151138306
BONWAD,DAGDEV,0.35464251041412354
BONWAD,DEJTIW,0.3533782958984375
BONWAD,DEJTES,0.3533782958984375
BONWAD,DAGDIZ,0.3533782958984375
BONWAD,CIJBEC,0.1694032847881317
BOPHEV,BOPHIZ,1.0
BOPHEV,CUFJUK,0.9939473867416382
BOPHEV,CUFKAR,0.9939473867416382
BOPHIZ,CUFJUK,0.9939473867416382
BOPHIZ,CUFKAR,0.9939473867416382
BOPWIO,CAKFEB,0.9998704195022583
BOPWIO,CAKFEB01,0.9998704195022583
BOPWIO,CAKFIF,0.9995371103286743
BOPWIO,DAHWAM,0.9994840025901794
BOPWIO,DEKLIP,0.6999855637550354
BOPWIO,DEKLEL,0.6981488466262817
BOQLEZ,BOQLID,0.537855327129364
BOQLEZ,CUMJEB,0.36414971947669983
BOQLEZ,BUQROV,0.34008193016052246
BOQLEZ,CAYDUD,0.3154160976409912
BOQLID,CUMJEB,0.3806515336036682
BOQLID,BUQROV,0.35118618607521057
BOQLID,CAYDIR,0.324361115694046
BOQLID,COVRUC,0.24185532331466675
BOQWEK,CIDNIM,0.31763315200805664
BORBAM,CEWNIB,0.4281790852546692
BORNEC,BORNIG,0.9993817806243896
BOSHUN,CUPHUS,0.9999494552612305
BOSHUN,DEHHIK,0.9997506737709045
BOSHUN,DAPZAW,0.9969134330749512
BOSHUN,CAWDOU,0.5736336708068848
BOSHUN,CAWDOU02,0.5736336708068848
BOSHUN,CETPIB,0.474949449300766
BOSHUN,CETPIB02,0.474949449300766
BOSHUN,CETVAA,0.6499494314193726
BOSJUQ,DAYGUH,0.32499998807907104
BOSJUQ,DIGTOE,0.2941659092903137
BOTCEU,CUFMOG,0.5711106061935425
BOTCEU,CEXJUN03,0.4176470637321472
BOTCEU,CEXJUN,0.4176470637321472
BOTCEU,CEXJUN01,0.4176470637321472
BOTCEU,CEXJUN02,0.4176470637321472
BOTCEU,DIGYIE,0.4081990122795105
BOVHEB,DEFTAL,0.9656329154968262
BOVHEB,DEFTAL01,0.9656329154968262
BOVHEB,DACZUF,0.8068666458129883
BOVHEB,CAXWOP,0.44218048453330994
BOVLII,CAYQAV,0.9826657772064209
BOVLII,BUXNOZ,0.5184215903282166
BOVQUZ,COHJEP,0.3051639795303345
BOVQUZ,CUZLAM,0.3251725137233734
BOWDIC,CEYPUT,0.9999999403953552
BOWDIC,BOWDOI,0.9999999403953552
BOWDIC,BOWDUO,0.9999999403953552
BOWDIC,CESYEF,0.9971376657485962
BOWDIC,CESYEF01,0.9971376657485962
BOWDIC,CEYPUT01,0.9999999403953552
BOWDIC,CIJBEE,0.9999999403953552
BOWDIC,DARYIF,0.9977757334709167
BOWDOI,CEYPUT,0.9999999403953552
BOWDOI,BUVNIR,0.9977757334709167
BOWDOI,CEBGAS,0.4535714089870453
BOWDOI,CEYPUT01,0.9999999403953552
BOWDOI,CIJBEE,0.9999999403953552
BOWDOI,DIWFAT,0.9972895383834839
BOWDUO,CEYPUT,0.9999999403953552
BOWDUO,BUVNIR,0.9977757334709167
BOWJAA,CAJHON,0.14500001072883606
BOWJAA,COBWEV,0.11716564744710922
BOWJAA,COBWIZ,0.11623542010784149
BOWJAA,DITVOT,0.1097664162516594
BOWJAA,CEVBIR,0.1062370017170906
BOWKUU,CEJSUG,0.4384560286998749
BOWNUY,COTYIV,1.0
BOWNUY,DANWAS,0.9965804815292358
BOWTAJ,CAVMUJ03,0.9870377779006958
BOWTAJ,COWMEH,0.6398192644119263
BOWTAJ,COWMAD,0.6396341323852539
BOWTAJ,CAFJIF,0.3651965856552124
BOWZUK,CUSBUP,0.5886848568916321
BOWZUK,CUSQOX,0.4962354302406311
BOWZUK,BUPKED,0.47123539447784424
BOWZUK,BUPJUS,0.47123539447784424
BOXBEX,BOXDID,0.9843295812606812
BOXBEX,DIPMAS,0.972368061542511
BOXBEX,COZGED01,0.5235294103622437
BOXBEX,COZGED,0.5235294103622437
BOXBEX,CATART04,0.5142370462417603
BOXDID,DIPMAS,0.9694830775260925
BOXDID,CUGROM,0.5217404961585999
BOXDID,CUGREC,0.5217404961585999
BOXDID,CATART03,0.5217404961585999
BOXFAW,BUFNOG,1.0
BOXFAW,BUFNEW,1.0
BOXFAW,BOXFIE,0.9921848177909851
BOXFAW,BOXFOK,0.9820774793624878
BOXFIE,BUFNOG,0.9921848177909851
BOXFIE,BUFNEW,0.9921848177909851
BOXFIE,BOXFOK,0.9890161752700806
BOXFOK,BUFNOG,0.9820774793624878
BOXFOK,BUFNEW,0.9820774793624878
BOXFOK,DIWMON,0.47678232192993164
BOXMAE,CIWYUD,0.94106525182724
BOXMAE,CITZIP,0.94106525182724
BOXMAE,DIXKOL,0.94106525182724
BOXMAE,CUVFUW,0.5998594164848328
BOYFUS,CEQPOG,0.5352597832679749
BOYFUS,DIVRAD,0.5234928131103516
BOYTEQ,CANYIB,0.7179791927337646
BOYTEQ,COTXEQ,0.4862391948699951
BOYTEQ,COTXIU,0.4862391948699951
BOYTEQ,COTXOA,0.4862391948699951
BOYTEQ,DEYVUA,0.6881246566772461
BOYYOF,CEXYOU,0.5199999809265137
BOYYOF,CEKWEW,0.4401012361049652
BOYYOF,DASMAM,0.4222806990146637
BOYYOF,DASLIT,0.4221966862678528
BUBVUR,DETRAX,0.5931090116500854
BUCWAZ,DEGMAG,0.753947377204895
BUCWAZ,DEGMAG01,0.753947377204895
BUCWAZ,CAJQEL,0.7129703164100647
BUCXUT,DIKBAB01,1.0
BUCXUT,CUGYUA,0.9944032430648804
BUCXUT,CUGYIO,0.5034942030906677
BUCXUT,CUGLIB,0.5034942030906677
BUDCIN,CAJTOX,0.21739131212234497
BUDCIN,CAJTUD,0.21739131212234497
BUDDIO,CEJXIA,0.9748807549476624
BUDDIO,CORZIU,0.9505798816680908
BUDDIO,CORZOA,0.9505798816680908
BUDDIO,CIQHIW,0.9410727620124817
BUFNEW,BUFNOG,1.0
BUGSAY,BUGSIG,0.999916136264801
BUGSAY,BUGSEC,0.9996340870857239
BUGSAY,BUGSOM,0.9995911717414856
BUGSAY,CELNUE,0.647846519947052
BUGSEC,BUGSOM,0.9998192191123962
BUGSEC,BUGSIG,0.9994805455207825
BUGSEC,CELNUE,0.6481048464775085
BUGSIG,BUGSOM,0.9992827773094177
BUGSIG,CELNUE,0.6477975845336914
BUGSOM,CELNUE,0.6488569974899292
BUGSOM,CIHNIR,0.2707850933074951
BUHFER,DITYEM02,1.0
BUHFER,CUGVUW,0.7387096881866455
BUHFER,BUSMUY,0.6902525424957275
BUHFER,BUVXOG,0.6891747117042542
BUHFER,BUVWOF02,0.6891747117042542
BUHFER,BUSNAF,0.6246275901794434
BUKLOJ,CUZBUW,0.9999999403953552
BUKLOJ,BUKLOJ01,0.9999999403953552
BUKLOJ,CAXTAY,0.9963989853858948
BUKLOJ,CEFNEJ,0.7349216938018799
BUKLOJ,CEFNOT,0.7349216938018799
BUKLOJ,COMDOY,0.9935371279716492
BUKLOJ,COZMUA,0.7352941036224365
BUKLOJ,CUWNIT,0.699999988079071
BUKLOJ,DAWCOV,0.6972895860671997
BUKLOJ,DAZKEX,0.6963990330696106
BUKLOJ,DAZMID,0.8163989782333374
BUKLOJ,SABVUN01,0.9963989853858948
BUKLOJ01,CUZBUW,0.9999999403953552
BUKLOJ01,CAXTAY,0.9963989853858948
BUKLOJ01,CEFNEJ,0.7349216938018799
BUKLOJ01,CEFNOT,0.7349216938018799
BUKLOJ01,CEJWAR,0.733069896697998
BUKLOJ01,COMDOY,0.9935371279716492
BUKLOJ01,COZMUA,0.7352941036224365
BUKLOJ01,CUWNIT,0.699999988079071
BUKLOJ01,DAWCIP,0.6977757811546326
BUKLOJ01,DAZMID,0.8163989782333374
BUKLOJ01,SABVUN01,0.9963989853858948
BUKMUQ,BUKMUQ01,1.0
BUKMUQ01,DEYVUA,0.6142857670783997
BUKPAZ,CEFNIN,0.6139132976531982
BUKPAZ,CEFNOT,0.5817704200744629
BUKPAZ,CEFNEJ,0.5817704200744629
BUKPAZ,CUSXIY,0.579918622970581
BUKPAZ,COQJAV,0.5022895336151123
BUKPAZ,COQJEZ,0.5022895336151123
BUKPAZ,CUTGAA,0.5752626657485962
BUKRUW,BUKTOS,1.0
BUKRUW,BUKTIM,1.0
BUKRUW,BUKTEI,1.0
BUKRUW,BUKTAE,1.0
BUKSAD,DITSAD,0.434113085269928
BUKSAD,DITJIC,0.434113085269928
BUKSAD,DITJAU,0.434113085269928
BUKSAD,DITROQ,0.434113085269928
BUKSAD,CIJBEC,0.19083185493946075
BUKTAE,BUKTOS,1.0
BUKTAE,BUKTIM,1.0
BUKTAE,BUKTEI,1.0
BUKTEI,BUKTOS,1.0
BUKTEI,BUKTIM,1.0
BUKTIM,BUKTOS,1.0
BUNKUS,BUNLAZ,1.0
BUNKUS,CEMBII,0.8499999046325684
BUNLAZ,CEMBII,0.8499999046325684
BUPDUM,BUPFEY,1.0
BUPDUM,BUPFAU,1.0
BUPDUM,CIZTIP,0.1869467943906784
BUPFAU,BUPFEY,1.0
BUPFEY,CIZTIP,0.1869467943906784
BUPJUS,BUPKED,1.0
BUPJUS,CUSBUP,0.7126973867416382
BUPJUS,DECJON,0.6455602645874023
BUPKED,CUSBUP,0.7126973867416382
BUPKED,DECJON,0.6455602645874023
BUPVEP,DIJWID,0.9650025963783264
BUPVEP,CASPUJ,0.32499998807907104
BUPVEP,DEHFUR,0.5319691896438599
BUPVIT,BUVHEH,0.9999999403953552
BUPVIT,CELDAA,0.9999999403953552
BUQROV,CUMJEB,0.5295687317848206
BUQROV,CAYGIU,0.5000287890434265
BUQROV,CAYDUD,0.5000287890434265
BUQROV,CAXWUV,0.4267679452896118
BUQROV,CUMJAX,0.4305211305618286
BUQWER,DEGSIS,1.0
BUQWER,DEGSIS01,1.0
BUQWER,CEJFOO,0.9996275901794434
BUQWER,CURSEO,0.9985496997833252
BUQWER,CIGYEY,0.4374999701976776
BUQWER,CIYZUG,0.48181816935539246
BUQWER,DIKJUD,0.6100000143051147
BUSMUY,BUVYIB01,0.9996292591094971
BUSMUY,BUVXOG,0.9996292591094971
BUSMUY,BUVXOG01,0.9996292591094971
BUSMUY,BUVYEX,0.9996292591094971
BUSMUY,BUVWOF02,0.9996292591094971
BUSMUY,BUSNAF,0.5714285373687744
BUSMUY,CUGVUW,0.6996276378631592
BUSMUY,DITYEM02,0.6902525424957275
BUSNAF,DITYEM02,0.6246275901794434
BUSNAF,BUVYIB01,0.5710578560829163
BUSNAF,BUVYEX,0.5710578560829163
BUSQIQ,CIZQOT,0.9927337765693665
BUSSEP,BUSSIT,0.9999999403953552
BUSSEP,BUSTAM,0.9977362751960754
BUSSEP,DAXKIY,0.9919713735580444
BUSSEP,BUTXIY,0.7960042953491211
BUSSEP,COTVIS,0.09999998658895493
BUSSEP,DAXKOE,0.9919713735580444
BUSSEP,DIXWAJ,0.3343369960784912
BUSSIT,BUSTAM,0.9977362751960754
BUSSIT,DAXKIY,0.9919713735580444
BUSSIT,BUTXIY,0.7960042953491211
BUSSIT,COTVIS,0.09999998658895493
BUSSIT,DAXKOE,0.9919713735580444
BUSSIT,DIXWAJ,0.3343369960784912
BUSTAM,BUTXIY,0.7930980920791626
BUSTAM,CIGNAI,0.5532953143119812
BUSTAM,CIGNEM,0.5532953143119812
BUSTAM,DAXKIY,0.9898862242698669
BUSTAM,DAXKOE,0.9898862242698669
BUSXAP,BUSXET,0.9972895383834839
BUSXAP,CEDTOX,0.5245499610900879
BUSXAP,CECWIT,0.5245499610900879
BUSXAP,CUSDIE,0.41271886229515076
BUSXAP,CUYDEG,0.4041077494621277
BUSXAP,DIMBOS,0.387571781873703
BUSXET,CECWIT,0.5214473605155945
BUSXET,CEDTOX,0.5214473605155945
BUSXET,CUSDIE,0.4172746539115906
BUSXET,CUYDEG,0.4068181812763214
BUSXET,DIMBOS,0.3921275734901428
BUTQUC,CUSBUO,0.5153846144676208
BUTXIY,DAXKOE,0.809266984462738
BUTXIY,DAXKIY,0.809266984462738
BUTXOE,DAGDIZ,0.33174076676368713
BUTXOE,DEJTES,0.33174076676368713
BUTXOE,DEJTIW,0.33174076676368713
BUTXOE,CAPQIU,0.3119550049304962
BUVHEH,CELDAA,0.9999999403953552
BUVNIR,DARYIF,1.0
BUVNIR,CUCFOX,0.4441176652908325
BUVNIR,DIWFAT,0.9974996447563171
BUVPUF,DEXXAF,0.9679427742958069
BUVPUF,CIFGUT,0.9679427742958069
BUVPUF,DAGGOK,0.36794281005859375
BUVPUF,DAGGUQ,0.36794281005859375
BUVQIT,DITPON,0.46562498807907104
BUVQIT,DITPUT,0.4629145562648773
BUVTOD,BUVVEV,0.999613344669342
BUVTOD,BUVVAR,0.9994630217552185
BUVTOD,BUVVIZ,0.9991112351417542
BUVTOD,BUVVOF,0.9988340735435486
BUVTOD,BUVTUJ,0.9977362751960754
BUVTUJ,BUVVIZ,0.9987543821334839
BUVTUJ,BUVVEV,0.9985299110412598
BUVTUJ,BUVVOF,0.9972487688064575
BUVTUJ,BUVVAR,0.9970894455909729
BUVVAR,BUVVEV,0.9996544122695923
BUVVAR,BUVVOF,0.9995414018630981
BUVVAR,BUVVIZ,0.9990724921226501
BUVVEV,BUVVIZ,0.9998192191123962
BUVVEV,BUVVOF,0.9996340870857239
BUVVIZ,BUVVOF,0.9995911717414856
BUVWOF02,BUVYIB01,1.0
BUVWOF02,BUVWOF03,1.0
BUVWOF02,BUVXOG,1.0
BUVWOF02,BUVXOG01,1.0
BUVWOF02,BUVYEX,1.0
BUVWOF02,BUVYIB,1.0
BUVWOF02,DITYEM02,0.6891747117042542
BUVWOF03,BUVYIB01,1.0
BUVWOF03,BUVXOG,1.0
BUVWOF03,BUVXOG01,1.0
BUVWOF03,BUVYEX,1.0
BUVWOF03,BUVYIB,1.0
BUVWOF03,CUGVUW,0.698549747467041
BUVXOG,BUVYIB01,1.0
BUVXOG,BUVXOG01,1.0
BUVXOG,BUVYEX,1.0
BUVXOG,BUVYIB,1.0
BUVXOG,DITYEM02,0.6891747117042542
BUVXOG01,BUVYIB01,1.0
BUVXOG01,BUVYEX,1.0
BUVXOG01,BUVYIB,1.0
BUVYEX,BUVYIB01,1.0
BUVYIB,BUVYIB01,1.0
BUVYIB,CUGVUW,0.698549747467041
BUXCAZ,CESYEF01,0.9813579320907593
BUXCAZ,CESYEF,0.9813579320907593
BUXCAZ,CESNUM,0.9801182150840759
BUXHOS,CAKWUI,0.21507179737091064
BUXHOS,DITJAU,0.20583081245422363
BUXHOS,CUBKUF,0.20000000298023224
BUXNOZ,CEKHIL,0.6450821161270142
BUXNOZ,DIMDAG,0.6216924786567688
BUXNOZ,CUFGIV,0.6137396693229675
BUXNOZ,DEXKEZ,0.5950717926025391
BUXNOZ,CAYQAV,0.5171784162521362
BUXTIZ,BUXTUL,1.0
BUXTIZ,DINTID,0.48825111985206604
BUXTIZ,DINQUM,0.48825111985206604
BUXTIZ,COBLIP,0.4857075810432434
BUXTUL,DINTID,0.48825111985206604
BUXTUL,DINQUM,0.48825111985206604
BUXTUL,COBLIP,0.4857075810432434
BUYNAL,CUMKIG03,0.47277575731277466
BUYNAL,CUMKIG,0.47277575731277466
BUYNAL,CIDPEM,0.44392964243888855
BUZHIO,DERBIO,0.4663611650466919
BUZHIO,CEMBII,0.4634675085544586
BUZHIO,CIGTUK,0.4282330870628357
BUZHIO,CIGVAS,0.4305211305618286
BUZHIO,CIGVEW,0.4305211305618286
BUZKUE,DEGJIK,1.0
BUZKUE,CISLUN,1.0
BUZKUE,DAWWAC,0.9996275901794434
BUZKUE,CEXJUN03,0.6142857670783997
BUZKUE,CEXJUN,0.6142857670783997
BUZKUE,CEXJUN01,0.6142857670783997
BUZKUE,CEXJUN02,0.6142857670783997
BUZKUE,CIDKUX,0.4599999785423279
CABHOC,CONSAA,0.3822653889656067
CABQEB,CIQYUX,0.9999999403953552
CABQEB,DAYMAS,0.9977757334709167
CABQEB,DIDBIE,0.9877029657363892
CABQEB,CNPRCV,0.3246275782585144
CABQEB,COVSIP,0.28011369705200195
CABSIK,DITPUT,0.44054052233695984
CABSIK,DITPON,0.4378300905227661
CABSIK,COWKAB,0.41584378480911255
CADPII,CEHLAD,1.0
CADPII,CIGXIA,0.9982883334159851
CADPII,CISJAQ,0.64000004529953
CADPII,DAPHOU,0.7000000476837158
CADQAB,CAQVOI,0.9991112351417542
CADQAB,CAQHEK,0.9991112351417542
CADQAB,CAQHOU,0.9991112351417542
CADQAB,CADQOP,0.9823139905929565
CADQOP,CAQVOI,0.9847605228424072
CADQOP,CAQHOU,0.9847605228424072
CADQOP,CAQHEK,0.9847605228424072
CAFJIF,CAVMUJ03,0.3529580235481262
CAFJIF,DIXWAJ,0.33933699131011963
CAFORM,CAFORM13,1.0
CAFORM,DADTOS10,0.9573289155960083
CAFORM,DADTOS08,0.9573289155960083
CAFORM,DADTOS17,0.9573289155960083
CAFORM13,DADTOS10,0.9573289155960083
CAFORM13,DADTOS08,0.9573289155960083
CAFORM13,DADTOS17,0.9573289155960083
CAFRUX,CEMMUD,0.373913049697876
CAFRUX,CORYUE,0.3738698959350586
CAFRUX,CEBGAS,0.34541356563568115
CAGLIF,CEGDUO,0.5257180333137512
CAGLIF,DAYYIN,0.29528144001960754
CAGSAG,CIFDUS,0.9974996447563171
CAGSAG,CIFDOM,0.9974996447563171
CAGSAG,DADXUE,0.9962353706359863
CAGSAG,CAXSUR,0.9927337765693665
CAGSAG,CUXFIL,0.8553943634033203
CAGSAG,DAWNAS,0.10000001639127731
CAGSAG,DIRPOL,0.737500011920929
CAGSAG,DIRPUR,0.737500011920929
CAGXIU,COWROX,0.9499646425247192
CAGXIU,COWRAJ,0.9499646425247192
CAGXIU,COWREN,0.9499646425247192
CAGXIU,COWRIR,0.9499646425247192
CAGXIU,CIXCOD,0.40821292996406555
CAGXIU,DEXZIS,0.10000000149011612
CAHMAZ,DECDUN,0.9973565340042114
CAHMON,CAHMON03,1.0
CAHMON,CAHMON02,1.0
CAHMON,CAHMON01,1.0
CAHMON,DADTOS01,0.9970499873161316
CAHMON01,CAHMON03,1.0
CAHMON01,CAHMON02,1.0
CAHMON01,DADTOS01,0.9970499873161316
CAHMON02,CAHMON03,1.0
CAHMON02,DADTOS01,0.9970499873161316
CAHMON03,DADTOS01,0.9970499873161316
CAJHON,CEJWAR,0.5875000357627869
CAJHON,CEKHIL,0.4071507751941681
CAJHON,CAWLIY,0.40000003576278687
CAJHON,DAWNAS,0.10000001639127731
CAJHUS,DEFNEK,1.0
CAJHUS,CAJHUS01,1.0
CAJHUS,CAJHUS03,1.0
CAJHUS,CAJHUS04,1.0
CAJHUS,CAJHUS02,1.0
CAJHUS01,DEFNEK,1.0
CAJHUS01,CAJHUS03,1.0
CAJHUS01,CAJHUS04,1.0
CAJHUS02,DEFNEK,1.0
CAJHUS02,CAJHUS03,1.0
CAJHUS02,CAJHUS04,1.0
CAJHUS03,DEFNEK,1.0
CAJHUS03,CAJHUS04,1.0
CAJHUS04,DEFNEK,1.0
CAJQIP,DEGMAG01,0.49962759017944336
CAJQIP,DEGMAG,0.49962759017944336
CAJTOX,CAJTUD,1.0
CAJTOX,DISROP,0.20806075632572174
CAJTUD,DISROP,0.20806075632572174
CAKFEB,CAKFEB01,1.0
CAKFEB,DAHWAM,0.9994805455207825
CAKFEB,CAKFIF,0.9992827773094177
CAKFEB,DEKLIP,0.6998305320739746
CAKFEB,DEKLEL,0.6977653503417969
CAKFEB01,DAHWAM,0.9994805455207825
CAKFEB01,CAKFIF,0.9992827773094177
CAKFEB01,DEKLIP,0.6998305320739746
CAKFIF,DAHWAM,0.9998192191123962
CAKFIF,DEKLIP,0.6994292140007019
CAKFIF,DEKLEL,0.6985292434692383
CAKLOR,DINNIZ,0.9974996447563171
CAKLOR,CONSAA,0.8482882976531982
CAKLOR,DEHFUR,0.5235294103622437
CAKLOR,DIJWID,0.6977757811546326
CAKWUI,CAXWUV,0.6076923608779907
CAKWUI,CUMJEB,0.3882264792919159
CAKWUI,CEWQED,0.3878222107887268
CAKWUI,CAPQIU,0.2274247407913208
CALOXM13,CALOXM16,1.0
CALOXM13,CALOXM15,1.0
CALOXM13,CALOXM14,1.0
CALOXM14,CALOXM16,1.0
CALOXM14,CALOXM15,1.0
CALOXM15,CALOXM16,1.0
CANRIU,CANROA,0.9963152408599854
CANRIU,CEMLIS,0.9929812550544739
CANRIU,CEMLOY,0.9929812550544739
CANRIU,CANRUG,0.9445696473121643
CANROA,CEMLOY,0.9963989853858948
CANROA,CEMLIS,0.9963989853858948
CANROA,CANRUG,0.9463374614715576
CANRUG,CEMLOY,0.934018075466156
CANRUG,CEMLIS,0.934018075466156
CANYIB,CIKCOQ,0.9939473867416382
CANYIB,DABWUA,0.5733118057250977
CAPLOX,CUWWOI,0.9985299110412598
CAPQIU,CAXWUV,0.19972294569015503
CAQCAZ,CASTEW,0.9999999403953552
CAQCAZ,CEMJOV,0.9999999403953552
CAQCAZ,CEVBEN,0.49874061346054077
CAQHEK,CAQVOI,1.0
CAQHEK,CAQHOU,1.0
CAQHOU,CAQVOI,1.0
CAQJOW,CAQKAJ01,0.9999999403953552
CAQJOW,CAQKAJ,0.9999999403953552
CAQJOW,DEKYOK,0.9702855944633484
CAQJOW,CUFKAR,0.6586205959320068
CAQJOW,CUFJUK,0.6586205959320068
CAQJOW,CODVAU,0.6215336322784424
CAQKAJ,CAQKAJ01,0.9999999403953552
CAQKAJ,DEKYOK,0.9702855944633484
CAQKAJ,CUFKAR,0.6586205959320068
CAQKAJ,CUFJUK,0.6586205959320068
CAQKAJ,CODVAU,0.6215336322784424
CAQKAJ01,DEKYOK,0.9702855944633484
CAQKAJ01,CUFKAR,0.6586205959320068
CAQKAJ01,CUFJUK,0.6586205959320068
CAQKAJ01,CODVAU,0.6215336322784424
CARFOT,CARFUZ,0.9965804815292358
CARGEK,CERPOF01,0.9986763000488281
CARGEK,CERPOF,0.9986763000488281
CARGEK,CUFFUF,0.9973565340042114
CARGEK,CUFDOX,0.9973565340042114
CARGEK,CUFFOZ,0.9973565340042114
CASCOR,CEXJUN03,0.10000000149011612
CASCOR,CEXJUN02,0.10000000149011612
CASCOR,DALCEZ,0.10000000149011612
CASCOR,CIDNIM,0.10000000149011612
CASPUJ,DIXKUR,0.9779111742973328
CASPUJ,DIXKUR01,0.9779111742973328
CASPUJ,CUYDEG,0.3650026321411133
CASTEW,CEMJOV,0.9999999403953552
CASTEW,CEVBEN,0.49874061346054077
CATART03,CATART04,1.0
CATART03,CUGREC,1.0
CATART03,CUGROM,1.0
CATART03,CUGSIH,0.9966550469398499
CATART03,CUGSUT,0.9966550469398499
CATART03,COZGED,0.9907075762748718
CATART03,COZGED01,0.9907075762748718
CATART03,CUGSON,0.9966550469398499
CATART04,CUGREC,1.0
CATART04,CUGROM,1.0
CATART04,CUGSIH,0.9966550469398499
CATART04,CUGSUT,0.9966550469398499
CATART04,COZGED,0.9907075762748718
CATART04,COZGED01,0.9907075762748718
CATDEH,CAYRIE,1.0
CATDEH,CATDIL,1.0
CATDEH,CAYROK,1.0
CATDEH,CAYSIE,0.8736377954483032
CATDEH,CAYYEG,0.8733617067337036
CATDEH,CAYSOK,0.8733617067337036
CATDIL,CAYRIE,1.0
CATDIL,CAYROK,1.0
CATDIL,CAYSIE,0.8736377954483032
CATDIL,CAYYEG,0.8733617067337036
CATDIL,DAWNAS,0.10000001639127731
CATZIJ,DEKBON,0.9985496997833252
CATZIJ,DELGIN,0.9955214262008667
CAVCEI,DALRAK,0.6371377110481262
CAVCEI,DEKPAL,0.6335371732711792
CAVCEI,DEKPEP,0.6335371732711792
CAVFEN,CAVFEN01,1.0
CAVFEN,CAVFIR,1.0
CAVFEN,CAVGAK,0.9965804815292358
CAVFEN,CUQXAP,0.5891304016113281
CAVFEN,CUQXIX,0.5853658318519592
CAVFEN01,CAVFIR,1.0
CAVFEN01,CAVGAK,0.9965804815292358
CAVFEN01,CUQXAP,0.5891304016113281
CAVFEN01,CUQXIX,0.5853658318519592
CAVFEN01,DAWNAS,0.10000001639127731
CAVFIR,CAVGAK,0.9965804815292358
CAVFIR,CUQXAP,0.5891304016113281
CAVFIR,CUQXIX,0.5853658318519592
CAVGAK,CUQXAP,0.5857109427452087
CAVGAK,CUQXIX,0.5814111232757568
CAVLIW,CAVLOC,1.0
CAVLIW,DIQGUH,0.6399999856948853
CAVLOC,DIQGUH,0.6399999856948853
CAVMIW,DALSAN,1.0
CAVMIW,CAYSOL,1.0
CAVMIW,COXHON,1.0
CAVMIW,DALSER,1.0
CAVMIW,COXHED,0.9996292591094971
CAVMIW,CECKIH,0.9982883334159851
CAVMIW,CECKON,0.9996292591094971
CAVMIW,DAPHAD01,0.9982883334159851
CAVMIX,DAFHEZ,0.397775799036026
CAVMIX,COXFOL,0.397775799036026
CAVMIX,CIFJAE,0.3974996507167816
CAVMIX,DAFHOJ,0.3974996507167816
CAVMIX,CECVAI,0.308345228433609
CAVMUJ03,DAGDEV,0.6329918503761292
CAVMUJ03,COWMEH,0.6258130669593811
CAVNOE,CAXTEC,0.3890812397003174
CAVNOE,DACJUO,0.3458902835845947
CAVNOE,CUWWOI,0.344180703163147
CAVQOH,CEBDOD,0.9455037117004395
CAVQOH,DALRAK,0.48815327882766724
CAVQOH,DEKPAL,0.4848501980304718
CAVQOH,DEKPEP,0.4848501980304718
CAVRUO,CAVSAV,0.9972895383834839
CAVRUO,CUMFOG,0.46391329169273376
CAVRUO,CUMKIG,0.4139534533023834
CAVSAV,CUMFOG,0.45935750007629395
CAVSAV,CUMKIG,0.4112430214881897
CAVSOJ,CAVTAW,1.0
CAVSOJ,CAVSUP,0.6275862455368042
CAVSUP,CAVTAW,0.6275862455368042
CAVSUP,DIBZIZ,0.32586899399757385
CAVVOM,CUKJUO,0.9652349948883057
CAVVOM,CESQUP,0.7260869741439819
CAVVOM,COGNAO,0.7260869741439819
CAVVOM,CISJAQ,0.64000004529953
CAVWII,DAKZUN,0.9995911717414856
CAVWOO,DIGPER,0.999916136264801
CAVWOO,COSWEO,0.9945001602172852
CAVYUW,DIVMUR,0.9999855160713196
CAVYUW,COMFEQ,0.9998704195022583
CAVYUW,DAHPAE,0.9997713565826416
CAVYUW,COMFIU,0.9995371103286743
CAVYUW,DAHNOQ,0.9970688223838806
CAVYUW,DAHNUW,0.9970688223838806
CAVYUW,DIVNAY,0.9961051344871521
CAWDOU,CAWDOU02,1.0
CAWDOU,CUPHUS,0.5736842155456543
CAWDOU02,CUPHUS,0.5736842155456543
CAWLIY,DITXOU,0.64000004529953
CAWLIY,CIZQUZ,0.64000004529953
CAWLIY,CIZQOT,0.64000004529953
CAWVIH,CENQAP,1.0
CAWVIH,DADLOM,0.9974996447563171
CAWVIH,DADLEC,0.9974996447563171
CAWVIH,CENPUI,0.9959937334060669
CAXSUR,CIFDUS,0.9887861013412476
CAXSUR,CIFDOM,0.9887861013412476
CAXSUR,DADXUE,0.9849830865859985
CAXSUR,CUXFIL,0.8466808199882507
CAXSUR,DICPUD,0.9613878726959229
CAXTAY,SABVUN01,1.0
CAXTAY,CUZBUW,0.9963989853858948
CAXTAY,DAZKEX,0.7000000476837158
CAXTAY,DAZMID,0.8199999928474426
CAXTEC,DETRAX,0.6106847524642944
CAXTEC,DIXCET,0.5756736397743225
CAXTEC,CUVHIL02,0.5576767325401306
CAXTEC,CUVHEH,0.5576767325401306
CAXTEC,CUVHIL,0.5576767325401306
CAXTEC,CUVHIL01,0.5576767325401306
CAXVII,CAXWIJ,1.0
CAXVII,CIGXIA,0.41499999165534973
CAXVII,CIPLIX,0.4146292805671692
CAXVOO,COKPID,1.0
CAXVOO,COKMEW,1.0
CAXVOO,COKNOH,1.0
CAXVOO,COKNOH01,1.0
CAXVOO,COKQIE,1.0
CAXVUU,CAXWEF,1.0
CAXVUU,DAGDEV,0.3989086151123047
CAXVUU,DAGDIZ,0.39552146196365356
CAXVUU,DEJTES,0.39552146196365356
CAXVUU,DEJTIW,0.39552146196365356
CAXWAB,COKPID,1.0
CAXWAB,COKMEW,1.0
CAXWAB,COKNOH,1.0
CAXWAB,COKNOH01,1.0
CAXWAB,COKQIE,1.0
CAXWAB,COKMUM,0.9989085793495178
CAXWAB,COKNAT,0.9982883334159851
CAXWAB,COKNUN,0.9989085793495178
CAXWAB,COKNUN01,0.9989085793495178
CAXWAB,COKNUN02,0.9989085793495178
CAXWAB,COKPEZ,0.9968050718307495
CAXWAB,COKPUP,0.9982883334159851
CAXWAB,COKQOK,0.9982883334159851
CAXWEF,DAGDEV,0.3989086151123047
CAXWEF,DEJTES,0.39552146196365356
CAXWEF,DAGDIZ,0.39552146196365356
CAXWEF,DEJTIW,0.39552146196365356
CAXWIJ,CIGXIA,0.41499999165534973
CAXWIJ,CIPLIX,0.4146292805671692
CAXWOP,DEFTAL01,0.4228214621543884
CAXWOP,DEFTAL,0.4228214621543884
CAXWOP,CAXWUV,0.42264148592948914
CAXWUV,COPTUX,0.3930232524871826
CAXZOS,DIDBID,0.9999999403953552
CAXZOS,DIDBEZ,0.9999999403953552
CAXZOS,DIDBOJ,0.9999999403953552
CAXZOS,DIDBAV,0.9999999403953552
CAXZUY,DIDBAV,0.9997506737709045
CAXZUY,DIDBEZ,0.9997506737709045
CAXZUY,DIDBOJ,0.9997506737709045
CAXZUY,DIDBID,0.9997506737709045
CAYBAH,CAYBAH01,1.0
CAYBAH,COMVAC,0.3700000047683716
CAYBAH,DIBXIW,0.3700000047683716
CAYBAH,COMVEG,0.3622806966304779
CAYBAH,CUIMDZ01,0.3142857253551483
CAYBAH01,COMVAC,0.3700000047683716
CAYBAH01,DIBXIW,0.3700000047683716
CAYBAH01,COMVEG,0.3622806966304779
CAYBAH01,CUIMDZ01,0.3142857253551483
CAYDEN,CAYFAL,1.0
CAYDEN,CAYGIU,1.0
CAYDEN,CAYDOX05,1.0
CAYDEN,CAYDOX04,1.0
CAYDEN,CAYDOX03,1.0
CAYDEN,CUMJAX,0.42656639218330383
CAYDEN,CUMJEB,0.5256140232086182
CAYDIR,CAYFAL,1.0
CAYDIR,CAYGIU,1.0
CAYDIR,CAYDOX05,1.0
CAYDIR,CAYDOX04,1.0
CAYDIR,CAYDOX03,1.0
CAYDOX,CAYFAL,1.0
CAYDOX,CAYGIU,1.0
CAYDOX,CAYDOX05,1.0
CAYDOX,CAYDOX04,1.0
CAYDOX,CAYDOX03,1.0
CAYDOX01,CAYFAL,1.0
CAYDOX01,CAYGIU,1.0
CAYDOX01,CAYDOX05,1.0
CAYDOX01,CAYDOX04,1.0
CAYDOX01,CAYDOX03,1.0
CAYDOX02,CAYFAL,1.0
CAYDOX02,CAYGIU,1.0
CAYDOX02,CAYDOX05,1.0
CAYDOX02,CAYDOX04,1.0
CAYDOX02,CAYDOX03,1.0
CAYDOX02,CAYDOX06,1.0
CAYDOX02,CAYDUD,1.0
CAYDOX03,CAYFAL,1.0
CAYDOX03,CAYGIU,1.0
CAYDOX03,CAYDOX05,1.0
CAYDOX03,CAYDOX04,1.0
CAYDOX03,CAYDOX06,1.0
CAYDOX03,CAYDUD,1.0
CAYDOX03,DACQOQ,0.23201093077659607
CAYDOX04,CAYFAL,1.0
CAYDOX04,CAYGIU,1.0
CAYDOX04,CAYDOX05,1.0
CAYDOX04,CAYDOX06,1.0
CAYDOX04,CAYDUD,1.0
CAYDOX05,CAYFAL,1.0
CAYDOX05,CAYGIU,1.0
CAYDOX05,DACQOQ,0.23201093077659607
CAYDOX06,CAYFAL,1.0
CAYDOX06,CAYGIU,1.0
CAYDUD,CAYFAL,1.0
CAYDUD,CAYGIU,1.0
CAYDUD,CUMJEB,0.5256140232086182
CAYFAL,CAYGIU,1.0
CAYFAL,CUMJAX,0.42656639218330383
CAYFAL,CUMJEB,0.5256140232086182
CAYKOF,CEFNIN,0.6065664291381836
CAYKOF,CODVAU,0.563636302947998
CAYKOF,DERBIO,0.5606139898300171
CAYKOF,CEMBII,0.5577203631401062
CAYRIE,CAYROK,1.0
CAYRIE,CAYSIE,0.8736377954483032
CAYRIE,CAYYEG,0.8733617067337036
CAYROK,CAYSIE,0.8736377954483032
CAYROK,CAYYEG,0.8733617067337036
CAYROK,CECHAW,0.8724425435066223
CAYSIE,CECHAW,0.9996275901794434
CAYSIE,CAYYEG,0.9972895383834839
CAYSIE,CAYSOK,0.9972895383834839
CAYSOK,CAYYEG,1.0
CAYSOK,CECHAW,0.9950717687606812
CAYSOL,DALSER,1.0
CAYSOL,COXHON,1.0
CAYSOL,DALSAN,1.0
CAYSOL,COXHED,0.9996292591094971
CAYSOL,CECKIH,0.9982883334159851
CAYSOL,DAPHAD01,0.9982883334159851
CAYYEG,CECHAW,0.9950717687606812
CAYYEG,DIBJEF,0.6071009635925293
CAYYEG,DIBJIJ,0.6071009635925293
CAZLEV,CAZLIZ,1.0
CAZLEV,CAZLOF,0.8615384697914124
CAZLEV,DALRAK,0.7230769395828247
CAZLEV,DEKPAL,0.7220803499221802
CAZLEV,DEKPEP,0.7220803499221802
CAZLIZ,CAZLOF,0.8615384697914124
CAZLIZ,DALRAK,0.7230769395828247
CAZLIZ,DEKPAL,0.7220803499221802
CAZLIZ,DEKPEP,0.7220803499221802
CAZLOF,DALRAK,0.7230769395828247
CAZLOF,DEKPAL,0.7220803499221802
CAZLOF,DEKPEP,0.7220803499221802
CAZNEY,CUYWUP,0.895781397819519
CAZNEY,CUTKEI,0.8939295411109924
CDCACD,CDCACD01,1.0
CDCACD,DALVAQ,1.0
CDCACD,DABMEB,1.0
CDCACD01,DALVAQ,1.0
CDCACD01,DABMEB,1.0
CDCYAC,DIJWID,0.509332001209259
CDLGLU01,CDLGLU12,1.0
CDLGLU01,CDLGLU11,1.0
CDLGLU01,CDLGLU10,1.0
CDLGLU01,CDLGLU02,1.0
CDLGLU01,CUGLTM,0.9922806620597839
CDLGLU01,CUGLTM01,0.9922806620597839
CDLGLU01,CUGLTM02,0.9922806620597839
CDLGLU02,CDLGLU12,1.0
CDLGLU02,CDLGLU11,1.0
CDLGLU02,CDLGLU10,1.0
CDLGLU02,CUGLTM,0.9922806620597839
CDLGLU02,CUGLTM01,0.9922806620597839
CDLGLU02,CUGLTM02,0.9922806620597839
CDLGLU10,CDLGLU12,1.0
CDLGLU10,CDLGLU11,1.0
CDLGLU10,CUGLTM,0.9922806620597839
CDLGLU11,CDLGLU12,1.0
CDLGLU11,CUGLTM,0.9922806620597839
CDLGLU12,CUGLTM,0.9922806620597839
CDLGLU12,CUGLTM01,0.9922806620597839
CDLGLU12,CUGLTM02,0.9922806620597839
CEBDOD,DEKPAL,0.4593624174594879
CEBDOD,DEKPEP,0.4593624174594879
CEBDOD,DEXZIS,0.10000000149011612
CEBGAS,CIJBEE,0.4535714089870453
CECKIH,DAPHAD01,1.0
CECKIH,DALSAN,0.9982883334159851
CECKIH,COXHON,0.9982883334159851
CECKIH,CETKOE,0.2800000011920929
CECKON,COXHED,0.9999999403953552
CECKON,DAPGUW01,0.9997506737709045
CECKON,COXHIH,0.9997506737709045
CECKON,DALSAN,0.9996292591094971
CECKON,DALSER,0.9996292591094971
CECVAI,CUBBEI,0.28408050537109375
CECVIQ,CECVOW,0.9977362751960754
CECVIQ,DIJCOP,0.9774142503738403
CECVIQ,DIJCOP01,0.9774142503738403
CECVOW,DIJCOP,0.9756634831428528
CECVOW,DIJCOP01,0.9756634831428528
CECWIT,CEDTOX,1.0
CECWIT,DECJON,0.50746089220047
CEDFIC,CEDFOI,1.0
CEDFIC,CEDFUO,1.0
CEDFIC,CEDYER,0.9436519145965576
CEDFIC,CEDYER01,0.9436519145965576
CEDFIC,CIJLIT,0.7588788270950317
CEDFIC,DALSUH,0.5763867497444153
CEDFIC,DALTAO,0.5759511590003967
CEDFOI,CEDFUO,1.0
CEDFOI,CEDYER,0.9436519145965576
CEDFOI,CEDYER01,0.9436519145965576
CEDFOI,CIJLIT,0.7588788270950317
CEDFOI,DALSUH,0.5763867497444153
CEDFUO,CEDYER,0.9436519145965576
CEDFUO,CEDYER01,0.9436519145965576
CEDFUO,CIJLIT,0.7588788270950317
CEDFUO,DALTAO,0.5759511590003967
CEDTOX,DECJON,0.50746089220047
CEDYER,CEDYER01,0.9999999403953552
CEDYER,CIJLIT,0.6916449069976807
CEDYER,CSTNME01,0.2799999713897705
CEDYER01,CIJLIT,0.6916449069976807
CEDYER01,CSTNME01,0.2799999713897705
CEFDAU,CIMZII,0.5736842155456543
CEFDAU,CODFEH,0.5711838603019714
CEFDAU,DANWUL,0.398288369178772
CEFHAZ,DAHJUR,0.2906920313835144
CEFNEJ,CEFNOT,1.0
CEFNEJ,CUSXIY,0.9965804815292358
CEFNIN,DERBIO,0.8496274948120117
CEFNIN,CEMBII,0.835182249546051
CEFNIN,COQJAV,0.5186011791229248
CEFNIN,COQJEZ,0.5186011791229248
CEFNOT,CUSXIY,0.9965804815292358
CEGDUO,DAYYIN,0.2846376895904541
CEGDUO,CUSFAZ,0.2844467759132385
CEGDUO,CIJBEC,0.17200002074241638
CEGFAW,VELVOY,0.9944032430648804
CEGFAW,CIMFUB,0.49040329456329346
CEGFAW,DEBXUG,0.454403281211853
CEGFAW,CUGLIB,0.40000003576278687
CEGFAW,CUGYIO,0.40000003576278687
CEGFAW,CUZLAM,0.3612903356552124
CEGJOO,DEFXEU,0.3602757751941681
CEGJOO,DAYGUH,0.32076483964920044
CEGJOO,DEKCEE,0.30117952823638916
CEGJOO,CEHZAR,0.22480684518814087
CEGJOO,CEHZAR01,0.22480684518814087
CEGWER,DINNEV,0.3999089002609253
CEHKUW,CUMLUT,1.0
CEHKUW,DEPXIG,0.9970499873161316
CEHKUW,CIBTIT,0.9970499873161316
CEHKUW,DEPXOM,0.9970499873161316
CEHLAD,CIGXIA,0.9982883334159851
CEHLAD,CISJAQ,0.64000004529953
CEHQOX,DICJUW,0.9845980405807495
CEHWIX,CEHWOD,1.0
CEHWIX,DEYNIG,0.9999494552612305
CEHWIX,CEHXIY,0.9999494552612305
CEHWIX,DENGAH,0.9955241084098816
CEHWIX,CEVVIJ,0.9955241084098816
CEHWIX,CEVVEF,0.9955241084098816
CEHWIX,DENFUA,0.9955241084098816
CEHWOD,DEYNIG,0.9999494552612305
CEHWOD,CEHXIY,0.9999494552612305
CEHWOD,DENGAH,0.9955241084098816
CEHWOD,CEVVIJ,0.9955241084098816
CEHWOD,CEVVEF,0.9955241084098816
CEHWOD,DENFUA,0.9955241084098816
CEHXIY,DEYNIG,1.0
CEHXIY,DENGAH,0.9950717687606812
CEHXIY,CEVVEF,0.9950717687606812
CEHZAR,CEHZAR01,1.0
CEHZAR,DAGGOK,0.27685919404029846
CEHZAR,DAGGUQ,0.27685919404029846
CEHZAR01,DAGGOK,0.27685919404029846
CEHZAR01,DAGGUQ,0.27685919404029846
CEJFOO,CEJGAB,0.9996292591094971
CEJFOO,CURSEO,0.9996292591094971
CEJFOO,DEGSIS,0.9996275901794434
CEJFOO,CEJFUU,0.9972895383834839
CEJFOO,DEGSIS01,0.9996275901794434
CEJFOO,DIKJUD,0.6096276044845581
CEJFUU,CURSEO,0.9989085793495178
CEJFUU,CEJGAB,0.9989085793495178
CEJGAB,CURSEO,1.0
CEJGAB,DEGSIS01,0.9985496997833252
CEJNOU,CSTNME01,0.39644715189933777
CEJNOU,CIFGUV,0.381348192691803
CEJNOU,DETGIT,0.345167875289917
CEJSUG,CIXCOD,0.455524742603302
CEJSUG,CUSBUO,0.43355825543403625
CEJSUG,DETGIT,0.3555247485637665
CEJXEW,CEMBII,0.9939729571342468
CEJXEW,DEKYOK,0.647826075553894
CEJXEW,DERBIO,0.9702855944633484
CEJXEW,DITJIB,0.771311342716217
CEJXIA,CORZOA,0.9941616058349609
CEJXIA,CORZIU,0.9941616058349609
CEJXIA,CUKBEQ,0.9884202480316162
CEJXIA,CIQHIW,0.9808584451675415
CEKHIL,CUFGIV,0.9702855944633484
CEKHIL,DIMDAG,0.9564473628997803
CEKHIL,DEXKEZ,0.7179791927337646
CEKHUY,CITXUZ,0.7545455098152161
CEKWEW,COLPEA,0.761764645576477
CEKWEW,DAWFEO,0.7499999403953552
CEKWEW,CUQYEU,0.7405879497528076
CEKWEW,CEQPIA,0.6499999165534973
CEKWEW,DIYRIO,0.5135135054588318
CEKYIC,DEHBIC,0.9821406006813049
CEKYIC,DANWUL,0.39552146196365356
CEKYIC,DISROP,0.4510537087917328
CELNUE,CUMDOE,0.6842026114463806
CELNUE,CUMDIY,0.6841917037963867
CELNUE,CIHNIR,0.2942221760749817
CELZEA,CIHNEO,0.9917930960655212
CELZEA,CIYJAW,0.5632216930389404
CELZEA,DALRAK,0.4976154863834381
CELZEA,DEKPEP,0.4964221119880676
CELZEA,DEKPAL,0.4964221119880676
CELZIE,DIHVIB,0.6378308534622192
CELZIE,DIHVIB01,0.6378308534622192
CELZOK,DIHVIB01,0.7331249713897705
CELZOK,DIHVIB,0.7331249713897705
CELZUQ,DAFHID,0.9974676966667175
CELZUQ,DAFHEZ,0.9963989853858948
CELZUQ,COXFOL,0.9963989853858948
CELZUQ,DAFHOJ,0.9887861013412476
CEMBII,DERBIO,0.9877029657363892
CEMBII,DITJOH,0.7749999761581421
CEMJOV,CEVBEN,0.49874061346054077
CEMLIS,CEMLOY,1.0
CEMMUD,CORYUE,0.3302801251411438
CENLEP,DEGPEL,0.32499998807907104
CENLEP,DAWMUL,0.10000000149011612
CENPUI,CENQAP,0.9959937334060669
CENPUI,DADLEC,0.9954933524131775
CENPUI,DADLOM,0.9954933524131775
CENQAP,DADLOM,0.9974996447563171
CENQAP,DADLEC,0.9974996447563171
CENQAP,DIXGIC,0.9652349948883057
CEPBEH,CEPBOR,0.9974996447563171
CEPBEH,CIFMAH,0.6857510805130005
CEPBOR,DIBQEM,0.6862372756004333
CEPBOR,DIBQOW,0.6862372756004333
CEPXON,DAKVUI,0.9999494552612305
CEPXON,CEPXUT,0.9997506737709045
CEPXON,DAKVOC,0.9965023994445801
CEPXON,CEPYII,0.9965023994445801
CEPXON,DAKVIW,0.9921966195106506
CEPXON,CILLAL,0.5499494671821594
CEPXON,DEYMOL,0.9799547791481018
CEPXUT,DAKVUI,0.9996275901794434
CEPXUT,CEPYII,0.9977757334709167
CEPXUT,DAKVOC,0.9977757334709167
CEPXUT,DAKVIW,0.9939473867416382
CEPXUT,CILLAL,0.5496275424957275
CEPXUT,DEYMOL,0.9809048175811768
CEPYII,DAKVOC,1.0
CEPYII,DAKVUI,0.9965804815292358
CEPYII,DAKVIW,0.9962353706359863
CEPYII,CUVTIX,0.43157896399497986
CEPYII,DEYMOL,0.9795385599136353
CEQPIA,COLPEA,0.6351351141929626
CEQPIA,DAWFEO,0.6307691931724548
CEQPOG,DIVRAD,0.5927757620811462
CEQPOG,DEMNOB,0.5199999809265137
CEQPOG,DIYREK,0.47894737124443054
CERMIV,DIKPOD,0.9975399971008301
CERMIV,CODQUJ,0.48517730832099915
CERMIV,CODSAR,0.4848255515098572
CERMIV,CODKOX,0.4846409261226654
CERMIV,CODKOX01,0.4846409261226654
CERMIV,DACQOQ,0.27326762676239014
CERPOF,CERPOF01,1.0
CERPOF,CUFDOX,0.9987406134605408
CERPOF,CUFFUF,0.9987406134605408
CERPOF,CUFFOZ,0.9987406134605408
CERPOF,CUFFIT,0.9987406134605408
CERPOF01,CUFDOX,0.9987406134605408
CERPOF01,CUFFUF,0.9987406134605408
CERPOF01,CUFFOZ,0.9987406134605408
CERPOF01,CUFFIT,0.9987406134605408
CESNUM,DIWFAT,0.9970499873161316
CESNUM,CESYEF,0.9968591928482056
CESNUM,CESYEF01,0.9968591928482056
CESPEY,CESPIC,1.0
CESPEY,DENQIZ,0.9969467520713806
CESPEY,DENQEV,0.6219467520713806
CESPEY,CUKXAI,0.4718591570854187
CESPEY,COWLIK,0.4718591570854187
CESPIC,DENQIZ,0.9969467520713806
CESPIC,DENQEV,0.6219467520713806
CESPIC,CUKXAI,0.4718591570854187
CESPIC,COWLIK,0.4718591570854187
CESQUP,COGNAO,1.0
CESYEF,CESYEF01,1.0
CESYEF,CEYPUT,0.9971376657485962
CESYEF,CEYPUT01,0.9971376657485962
CESYEF01,CEYPUT,0.9971376657485962
CESYEF01,CEYPUT01,0.9971376657485962
CETFOX,CETFUD,0.9227362871170044
CETFOX,CIHFUU,0.9686119556427002
CETFOX,DEKZEA,0.9934701919555664
CETFOX,DEKZIE,0.9184702038764954
CETFOX,DEKZOK,0.9184702038764954
CETFOX,DELBED,0.9184702038764954
CETFOX,DINNIZ,0.9756634831428528
CETFUD,DEKZOK,0.9964245557785034
CETFUD,DEKZIE,0.9964245557785034
CETFUD,DELBED,0.9964245557785034
CETHEQ,CUNFOH,1.0
CETHEQ,CUNFOH01,1.0
CETHEQ,CUGYEK,0.9969467520713806
CETHEQ,CUFMOG,0.34102362394332886
CETHEQ,CUGZAH,0.9969467520713806
CETHEQ,DEVBIQ,0.10000000149011612
CETHEQ,DICKEH,0.10000000149011612
CETHEQ,DIGYIE,0.30285337567329407
CETKOE,DAXNIA,0.2800000011920929
CETKOE,DAXNIA01,0.2800000011920929
CETNUL,CICSOW02,0.3526642918586731
CETNUL,CICSOW,0.3526642918586731
CETPIB,CETPIB02,1.0
CETPIB,CUPHUS,0.47499996423721313
CETPIB02,CUPHUS,0.47499996423721313
CETVAA,CUSQOX,0.7554385662078857
CETVAA,CUPHUS,0.6499999761581421
CEVBIR,DEDTEN,0.4816179573535919
CEVBIR,DITVOT,0.42553192377090454
CEVBIR,DACJUO,0.415371835231781
CEVKET,CUSYUM,1.0
CEVKET,CUSZEX,1.0
CEVKET,CUXLEO,1.0
CEVKET,CUTMAH,1.0
CEVKET,DALCEZ,1.0
CEVPID,CUSYUM,1.0
CEVPID,CUSZEX,1.0
CEVPID,CUXLEO,1.0
CEVPID,CUTMAH,1.0
CEVPID,DALCEZ,1.0
CEVPID01,CUSYUM,1.0
CEVPID01,CUSZEX,1.0
CEVPID01,CUXLEO,1.0
CEVPID01,CUTMAH,1.0
CEVPID01,DALCEZ,1.0
CEVVEF,CEVVIJ,1.0
CEVVEF,DENFUA,1.0
CEVVEF,DENGAH,1.0
CEVVEF,DEYNIG,0.9950717687606812
CEVVIJ,DENFUA,1.0
CEVVIJ,DENGAH,1.0
CEWNIB,DIKZED,0.4571264386177063
CEWQAZ,CEWQED,1.0
CEWQAZ,COWLIK,0.9962353706359863
CEWQAZ,CUKXAI,0.9962353706359863
CEWQAZ,COMHOC,0.3704935312271118
CEWQAZ,COMHUI,0.3704935312271118
CEWQAZ,DENQEV,0.47158047556877136
CEWQAZ,DIKBAB,0.36250001192092896
CEWQED,COWLIK,0.9962353706359863
CEWQED,CUKXAI,0.9962353706359863
CEWQED,COMHOC,0.3704935312271118
CEWQED,COMHUI,0.3704935312271118
CEWQED,DENQEV,0.47158047556877136
CEWQED,DENQIZ,0.47158047556877136
CEWQED,DIKBAB,0.36250001192092896
CEXBAL,DITTEH,0.5909091234207153
CEXJUN,CEXJUN03,1.0
CEXJUN,CEXJUN02,1.0
CEXJUN,CEXJUN01,1.0
CEXJUN,DEFSUE,0.6902525424957275
CEXJUN,DEBZOC,0.610438346862793
CEXJUN,DEGJIK,0.6142857670783997
CEXJUN01,CEXJUN03,1.0
CEXJUN01,CEXJUN02,1.0
CEXJUN01,DEFSUE,0.6902525424957275
CEXJUN01,CIDKUX,0.4599999785423279
CEXJUN01,DAWWAC,0.6139132976531982
CEXJUN01,DEBZOC,0.610438346862793
CEXJUN01,DEGJIK,0.6142857670783997
CEXJUN02,CEXJUN03,1.0
CEXJUN02,DEFSUE,0.6902525424957275
CEXJUN02,CIDKUX,0.4599999785423279
CEXJUN02,CISLUN,0.6142857670783997
CEXJUN02,DEBZOC,0.610438346862793
CEXJUN03,DEFSUE,0.6902525424957275
CEXJUN03,CIDKUX,0.4599999785423279
CEXJUN03,CISLUN,0.6142857670783997
CEXJUN03,DAWWAC,0.6139132976531982
CEXJUN03,DEBZOC,0.610438346862793
CEXWEI,CEXWOS,0.9987369775772095
CEXWEI,CEXWIM,0.9975399971008301
CEXWEI,DIVFOF,0.4731868505477905
CEXWIM,CEXWOS,0.9977362751960754
CEXWIM,DIVFOF,0.4715310037136078
CEXWOS,DIVFOF,0.4731978178024292
CEXYOU,CUKXAJ,0.5950000286102295
CEXYOU,DAHMIJ,0.5950000286102295
CEXYOU,CUKXEN,0.5950000286102295
CEXYOU,COHJEP,0.33399999141693115
CEXYOU,DASLIT,0.5046966671943665
CEXYOU,DASMAM,0.504780650138855
CEYPUT,CEYPUT01,0.9999999403953552
CEYPUT,CIJBEE,0.9999999403953552
CEYPUT,DIWFAT,0.9972895383834839
CEYYIQ,DINNEV,0.5396794080734253
CEYYIQ,CUCITD,0.5386483669281006
CEYYIQ,COVSIP,0.27486780285835266
CEZYOY,DANFUW,0.7394230961799622
CEZYOY,DAQMAM,0.43408048152923584
CEZZEN,CEZZIR,1.0
CEZZEN,COMDOY,0.5893670320510864
CEZZIR,COMDOY,0.5893670320510864
CIBTIR,CUTKUY,0.7260869741439819
CIBTIR,DEZCER,0.5906662344932556
CIBTIT,DEPXOM,1.0
CIBTIT,DEPXIG,1.0
CIBTIT,CIGXIA,0.9989085793495178
CIBTIT,CUMLUT,0.9970499873161316
CICSOW,CICSOW01,1.0
CICSOW,CICSOW02,1.0
CICSOW,CILXIE,0.4842640161514282
CICSOW01,CICSOW02,1.0
CICSOW01,CILXIE,0.4842640161514282
CICSOW01,CUBKUF,0.45854970812797546
CICSOW02,CILXIE,0.4842640161514282
CICSOW02,CUBKUF,0.45854970812797546
CICYIX,DASTEY01,0.610521137714386
CICYIX,DASTEY02,0.610521137714386
CICYIX,CUKXAJ,0.4272727370262146
CIDCAW,CUBHOY,0.761764645576477
CIDPEM,COKFAK,0.9999999403953552
CIDPEM,CUMKIG,0.8874999284744263
CIDPEM,CUMKIG03,0.8874999284744263
CIDPEM,DEPVUQ,0.5060791969299316
CIDPEM,DEPWAX,0.5060791969299316
CIFDOM,CIFDUS,1.0
CIFDOM,DADXUE,0.9970499873161316
CIFDOM,DICPUD,0.9734492301940918
CIFDOM,CUXFIL,0.8578947186470032
CIFDOM,DIRPOL,0.7349996566772461
CIFDOM,DIRPUR,0.7349996566772461
CIFDUS,DADXUE,0.9970499873161316
CIFDUS,DICPUD,0.9734492301940918
CIFDUS,CUXFIL,0.8578947186470032
CIFDUS,DIRPOL,0.7349996566772461
CIFDUS,DIRPUR,0.7349996566772461
CIFGOP,DIXBOC,0.5641663074493408
CIFGUT,DEXXAF,1.0
CIFGUT,DAGGUQ,0.40000003576278687
CIFGUT,DAGGOK,0.40000003576278687
CIFGUT,DIGYIE,0.20098385214805603
CIFGUV,DETRAX,0.5
CIFGUV,DIXCET,0.46834900975227356
CIFGUV,DAFYOB,0.4391723871231079
CIFGUV,DETGIT,0.37421363592147827
CIFHAC,CUYXOK,0.9950717687606812
CIFHAC,DETRAX,0.6115753054618835
CIFHAC,DIXCET,0.5877349972724915
CIFHAC,COMMUN,0.5233657956123352
CIFHAC,COMMOH,0.5213875770568848
CIFHIK,CIFHOQ,1.0
CIFHIK,DETVUW,0.9846089482307434
CIFHIK,DAMYIC,0.4550717771053314
CIFHIK,DAMYIC01,0.4550717771053314
CIFHOQ,DETVUW,0.9846089482307434
CIFHOQ,DAMYIC,0.4550717771053314
CIFHOQ,DAMYIC01,0.4550717771053314
CIFJAE,DAFHOJ,1.0
CIFJAE,DAFHEZ,0.9972895383834839
CIFJAE,COXFOL,0.9972895383834839
CIFJAE,DAFHID,0.9955241084098816
CIFJAE,COXKUW,0.9707819819450378
CIFLAH,CIFSAO,0.5628571510314941
CIFLAH,CIFSES,0.5628571510314941
CIFLAH,CIFSIW,0.5628571510314941
CIFMAH,DIBQOW,0.9999999403953552
CIFMAH,DIBQEM,0.9999999403953552
CIFMAH,DIBQIQ,0.9999999403953552
CIFMIP,CIPLIX,0.9999999403953552
CIFMIP,CIGXIA,0.9996292591094971
CIFMIP,DIHVIB,0.9996275901794434
CIFMIP,DIHVIB01,0.9996275901794434
CIFSAO,CIFSIW,0.9999999403953552
CIFSAO,CIFSES,0.9999999403953552
CIFSES,CIFSIW,0.9999999403953552
CIGDUT,CIYZAM01,1.0
CIGDUT,CIYZAM,1.0
CIGDUT,CIYZEQ,0.9999803900718689
CIGDUT,CIYZIU,0.9999352693557739
CIGDUT,CIGFAB,0.9995911717414856
CIGDUT,CIGFEF,0.9972487688064575
CIGFAB,CIYZAM01,0.9995911717414856
CIGFAB,CIYZAM,0.9995911717414856
CIGFAB,CIYZEQ,0.9995371103286743
CIGFAB,CIGFEF,0.9987543821334839
CIGFEF,CIYZAM,0.9972487688064575
CIGFEF,CIYZAM01,0.9972487688064575
CIGFEF,CIYZEQ,0.9970688223838806
CIGNAI,CIGNEM,1.0
CIGTUK,CIGVEW,0.9977757334709167
CIGTUK,CIGVAS,0.9977757334709167
CIGTUK,COQTEJ,0.4933740496635437
CIGVAS,CIGVEW,1.0
CIGVAS,COQTEJ,0.49305254220962524
CIGVEW,COQTEJ,0.49305254220962524
CIGYEY,CUYWUP,0.45454543828964233
CIGYEY,CUTKEI,0.45112594962120056
CIHFUU,DINNIZ,0.9707819819450378
CIHNEO,CIYJAW,0.5714285969734192
CIHNEO,DALRAK,0.4969468116760254
CIHNEO,DEKPEP,0.49375614523887634
CIHNEO,DEKPAL,0.49375614523887634
CIHNIR,CILLAL,0.2760869562625885
CIJBAB,CIJBEF,0.9987545013427734
CIJBAB,CIJBIJ,0.9985291957855225
CIJBAB,DEGMAG01,0.970555305480957
CIJBAB,DEGMAG,0.970555305480957
CIJBEC,DEFXEU,0.17895588278770447
CIJBEF,CIJBIJ,0.9998192191123962
CIJBEF,DEGMAG,0.9695334434509277
CIJBEF,DEGMAG01,0.9695334434509277
CIJBIJ,DEGMAG,0.9702855944633484
CIJBIJ,DEGMAG01,0.9702855944633484
CIJLIT,DALSUH,0.6063969135284424
CIJLIT,DALTAO,0.6052350401878357
CIKCOQ,DABWUA,0.565964937210083
CIKPEU,DIBQOW,0.7374999523162842
CIKPEU,DIBQIQ,0.7374999523162842
CIKPEU,DIBQEM,0.7374999523162842
CILLAL,DAKVUI,0.550000011920929
CILLAL,DAKVOC,0.5465804934501648
CIMFUB,VELVOY,0.4960000216960907
CIMFUB,DEBXUG,0.41034483909606934
CIMZII,CODFEH,0.9974996447563171
CIPLIX,CIGXIA,0.9996292591094971
CIPLIX,CIRTAB,0.5499999523162842
CIPLIX,DIHVIB,0.9996275901794434
CIPLIX,DIHVIB01,0.9996275901794434
CIPMOF,CIPMUL,0.9994805455207825
CIPMOF,DIGTEU,0.994638979434967
CIPMOF,DIGTIY,0.9913450479507446
CIPMOF,DIGTOE,0.985809862613678
CIPMOF,DIGTUK,0.959564745426178
CIPMUL,DIGTEU,0.9956910610198975
CIPMUL,DIGTIY,0.9925460815429688
CIPMUL,DIGTOE,0.9882460236549377
CIPMUL,DIGTUK,0.9598385691642761
CIQHES,CIQHIW,1.0
CIQHES,CIQHOC,0.9962353706359863
CIQHES,CUKBEQ,0.9921848177909851
CIQHES,CORZIU,0.9920910000801086
CIQHES,CORZOA,0.9920910000801086
CIQHIW,CIQHOC,0.9962353706359863
CIQHIW,CUKBEQ,0.9921848177909851
CIQHIW,CORZIU,0.9920910000801086
CIQHIW,CORZOA,0.9920910000801086
CIQHOC,CUKBEQ,0.9797663688659668
CIQHOC,CORZIU,0.9795385599136353
CIQHOC,CORZOA,0.9795385599136353
CIQQIE,DADXUE,0.7464559674263
CIQQIE,DICPUD,0.7440764904022217
CIQYUX,DAYMAS,0.9977757334709167
CIQYUX,DIDBIE,0.9877029657363892
CIQYUX,CNPRCV,0.3246275782585144
CIQYUX,COVSIP,0.28011369705200195
CIRSII,CIRSOO,0.9965804815292358
CIRSII,COQMAX,0.710705578327179
CIRSII,COQMEB,0.6267342567443848
CIRSOO,COQMAX,0.7076014280319214
CIRSOO,COQMEB,0.6236301064491272
CIRTUU,DITTEH,0.5602168440818787
CISLUN,DEGJIK,1.0
CISLUN,DAWWAC,0.9996275901794434
CISMAT,CISMAT01,1.0
CISMAU,CISMIC,0.9977757334709167
CISMAU,CISMEY01,0.9962353706359863
CISMAU,CISMEY,0.9962353706359863
CISMAU,DACZUF,0.7439296245574951
CISMEY,CISMEY01,1.0
CISMEY,CISMIC,0.9939473867416382
CISMEY,DACZUF,0.7401012182235718
CISMEY01,CISMIC,0.9939473867416382
CISMEY01,DACZUF,0.7401012182235718
CISMIC,DACZUF,0.7461538314819336
CITLOJ,CITMEA,0.9987545013427734
CITLOJ,CITLUP,0.9987369775772095
CITLOJ,CITMAW,0.9983987212181091
CITLOJ,CITMIE,0.9983029365539551
CITLOJ,DAZZUC,0.7337386012077332
CITLOJ,DEBBIY,0.7199572920799255
CITLUP,CITMEA,0.9985299110412598
CITLUP,CITMIE,0.9972487688064575
CITLUP,CITMAW,0.9970894455909729
CITMAW,CITMEA,0.9996544122695923
CITMAW,CITMIE,0.9995414018630981
CITMEA,CITMIE,0.9996340870857239
CITMEA,CUFGIV,0.6592786908149719
CITMEA,DAZZUC,0.7326182723045349
CITMIE,COTVUE,0.10000001639127731
CITMIE,CUFGIV,0.6590506434440613
CITMIE,DAZZUC,0.7345775365829468
CITMIE,DEBBIY,0.7188969850540161
CITWOS,CITXAF,0.9978553056716919
CITWOS,CITWUY,0.621052622795105
CITWOS,CUSBUO,0.2929475009441376
CITWUY,CITXAF,0.6189079284667969
CITWUY,CUSBUO,0.30894750356674194
CITXAF,DARSEV,0.292315810918808
CITXUZ,CUVTOD,0.6283986568450928
CITZIP,DIXKOL,0.9999999403953552
CITZIP,CIWYUD,0.9999999403953552
CITZIP,CUVFUW,0.6403759717941284
CITZIP,CUBHOY,0.4101635813713074
CIWNIH,COVRUC,0.3749999701976776
CIWNIH,CSTNME01,0.2619098126888275
CIWNIH,DETGIT,0.25
CIWYUD,DIXKOL,0.9999999403953552
CIWYUD,CUVFUW,0.6403759717941284
CIXNUT,DASLIT,0.5441367626190186
CIXNUT,DASMAM,0.5424090027809143
CIXNUT,DEGBUO,0.5399851202964783
CIXNUT,DEGBOI,0.5392654538154602
CIYJAW,DALRAK,0.4969468116760254
CIYJAW,DEKPEP,0.49375614523887634
CIYJAW,DEKPAL,0.49375614523887634
CIYZAM,CIYZAM01,1.0
CIYZAM,CIYZEQ,0.9999803900718689
CIYZAM,CIYZIU,0.9999352693557739
CIYZAM,COTVUE,0.10000001639127731
CIYZAM,DETVUW,0.9941704273223877
CIYZAM01,CIYZEQ,0.9999803900718689
CIYZAM01,CIYZIU,0.9999352693557739
CIYZAM01,DETVUW,0.9941704273223877
CIYZEQ,CIYZIU,0.9999855160713196
CIYZEQ,DETVUW,0.9946691393852234
CIYZIU,DETVUW,0.9949494004249573
CIYZUG,DIKJUD,0.5371428728103638
CIYZUG,CUXVEX,0.4139534533023834
CIZQOT,DITXOU,1.0
CIZQOT,CIZQUZ,1.0
CIZQOT,DEYXIQ,0.5714600086212158
CIZQUZ,DITXOU,1.0
CIZQUZ,CUKXIR,0.9974996447563171
CIZQUZ,DASTEY01,0.47894737124443054
CIZQUZ,DASTEY02,0.47894737124443054
CIZTIP,DEPVUQ,0.2375718057155609
CIZTIP,DEPWAX,0.2375718057155609
CNPRCV,DAYMAS,0.3215804994106293
CNSMAG,DENVOI,0.10000001639127731
CNSMAG,DEXXAF,0.10000001639127731
CNSMAG01,DENVOI,0.10000001639127731
CNSMAG01,DEXXAF,0.10000001639127731
COBLIP,DINTID,0.5056714415550232
COBLIP,DINQUM,0.5056714415550232
COBWEV,DEFFEC,0.7268592119216919
COBWEV,COBWIZ,0.6142857074737549
COBWEV,CURZEV,0.533790111541748
COBWEV,CYTPCD10,0.41428571939468384
COBWIZ,CYTPCD10,0.4836065471172333
COBWIZ,DEFFEC,0.4597623944282532
COBWIZ,CURZEV,0.31381914019584656
COCMOY,COCMUE,1.0
COCMOY,COCNAL,0.9970499873161316
COCMOY,COCNEP,0.9950717687606812
COCMUE,COCNAL,0.9970499873161316
COCMUE,COCNEP,0.9950717687606812
COCMUE,DEVBOW,0.10000000149011612
COCNAL,COCNEP,0.9922806620597839
CODFEH,DEVBOW,0.10000000149011612
CODKOX,CODKOX01,1.0
CODKOX,CODQUJ,0.9996404051780701
CODKOX,CODSAR,0.9992827773094177
CODKOX,CODQOD,0.9779111742973328
CODKOX,DAYCIQ,0.7956928610801697
CODKOX,DIKPOD,0.4834796190261841
CODKOX,DIPNIB,0.7220035791397095
CODKOX01,CODQUJ,0.9996404051780701
CODKOX01,CODSAR,0.9992827773094177
CODKOX01,CODQOD,0.9779111742973328
CODKOX01,DAYCIQ,0.7956928610801697
CODKOX01,DIKPOD,0.4834796190261841
CODKOX01,DIPNIB,0.7220035791397095
CODQOD,CODSAR,0.9847605228424072
CODQOD,CODQUJ,0.9782870411872864
CODQOD,DAYCIQ,0.7768137454986572
CODQOD,DIPNIB,0.7053909301757812
CODQUJ,CODSAR,0.9990724921226501
CODQUJ,DAYCIQ,0.7977444529533386
CODQUJ,DEXZIR,0.4437720775604248
CODQUJ,DIKPOD,0.48411303758621216
CODQUJ,DIPNIB,0.7225399613380432
CODSAR,DAYCIQ,0.7953800559043884
CODSAR,DEXZIR,0.44393688440322876
CODSAR,DIKPOD,0.4842435121536255
CODSAR,DIPNIB,0.7221881747245789
CODVAU,DEKYOK,0.6084446907043457
CODVAU,DAPYAW,0.6000000238418579
COFORM,DEFNIO,0.9999999403953552
COFORM,DADTUY01,0.9999999403953552
COFORM,DADTUY05,0.9999999403953552
COFORM,DADTUY06,0.9999999403953552
COFORM,DADTUY07,0.9999999403953552
COFORM01,DEFNIO,0.9999999403953552
COFORM01,DADTUY01,0.9999999403953552
COFORM01,DADTUY05,0.9999999403953552
COFORM01,DADTUY06,0.9999999403953552
COFORM01,DADTUY07,0.9999999403953552
COFORM10,DIJWID,0.26363635063171387
COFORM11,DEFNIO,0.9999999403953552
COFORM11,DADTUY01,0.9999999403953552
COFORM11,DADTUY05,0.9999999403953552
COFORM11,DADTUY06,0.9999999403953552
COFORM11,DADTUY07,0.9999999403953552
COGLOA,CUSYUM,1.0
COGLOA,CUSZEX,1.0
COGLOA,CUXLEO,1.0
COGLOA,CUTMAH,1.0
COGLOA,DALCEZ,1.0
COHJEP,DIYREK,0.3051639795303345
COKFAK,CUMKIG,0.8874999284744263
COKFAK,CUMKIG03,0.8874999284744263
COKFAK,DEPVUQ,0.5060791969299316
COKFAK,DEPWAX,0.5060791969299316
COKJIX,DIBZEU,0.999916136264801
COKJIX,COKJOD,0.9996404051780701
COKJIX,DITKAT,0.9881620407104492
COKJIX,COXLAD,0.9762802720069885
COKJIX,DITKAT01,0.9881620407104492
COKJOD,DIBZEU,0.9995414018630981
COKJOD,DITKAT01,0.9849025011062622
COKJOD,COXLAD,0.9802787899971008
COKMEW,COKNOH01,1.0
COKMEW,COKNOH,1.0
COKMEW,COKPID,1.0
COKMEW,COKPEZ,0.9968050718307495
COKMEW,COKQIE,1.0
COKMIA,COKPOJ,0.9999999403953552
COKMIA,CUVTUJ,0.9999999403953552
COKMIA,COKQEA,0.9999999403953552
COKMOG,COKQAW,1.0
COKMOG,COKNIB02,1.0
COKMOG,COKNIB,1.0
COKMOG,COKNIB01,1.0
COKMUM,COKNUN02,1.0
COKMUM,COKNUN01,1.0
COKMUM,COKNUN,1.0
COKMUM,COKNOH,0.9989085793495178
COKMUM,DEVBOW,0.10000000149011612
COKNAT,COKPUP,1.0
COKNAT,COKQOK,1.0
COKNAT,COKNOH,0.9982883334159851
COKNAT,COKNOH01,0.9982883334159851
COKNIB,COKQAW,1.0
COKNIB,COKNIB02,1.0
COKNIB,COKNIB01,1.0
COKNIB01,COKQAW,1.0
COKNIB01,COKNIB02,1.0
COKNIB02,COKQAW,1.0
COKNOH,COKNOH01,1.0
COKNOH,COKPID,1.0
COKNOH,COKQIE,1.0
COKNOH,COKNUN,0.9989085793495178
COKNOH,COKNUN01,0.9989085793495178
COKNOH,COKNUN02,0.9989085793495178
COKNOH,COKPEZ,0.9968050718307495
COKNOH,COKPUP,0.9982883334159851
COKNOH,COKQOK,0.9982883334159851
COKNOH01,COKPID,1.0
COKNOH01,COKQIE,1.0
COKNOH01,COKPUP,0.9982883334159851
COKNOH01,COKQOK,0.9982883334159851
COKNUN,COKNUN02,1.0
COKNUN,COKNUN01,1.0
COKNUN01,COKNUN02,1.0
COKNUN02,DEVBOW,0.10000000149011612
COKPEZ,COKQIE,0.9968050718307495
COKPEZ,COKPID,0.9968050718307495
COKPID,COKQIE,1.0
COKPOJ,COKQEA,0.9999999403953552
COKPOJ,CUVTUJ,0.9999999403953552
COKPUP,COKQOK,1.0
COKQEA,CUVTUJ,0.9999999403953552
COKROL,DAJVES,0.9809048175811768
COKROL,COKRUR,0.9709676504135132
COKROL,DAJWET,0.9671695232391357
COKROL,DIBJEF,0.6277788281440735
COKROL,DIBJIJ,0.6277788281440735
COKRUR,DAJVES,0.9518725275993347
COKRUR,DAJWET,0.9381372332572937
COKRUR,DIBJEF,0.613696277141571
COKRUR,DIBJIJ,0.613696277141571
COLPEA,CUQYEU,0.9788232445716858
COLPEA,DAWFEO,0.6538461446762085
COMDOY,CUZBUW,0.9935371279716492
COMFAM01,CURYOE01,1.0
COMFAM01,DEHHOQ,0.6595500111579895
COMFAM01,DAPZAW,0.6593592166900635
COMFAM01,DELTAQ03,0.6587353944778442
COMFAM01,DELTAQ,0.6587353944778442
COMFAM01,DARSEV,0.45454543828964233
COMFEQ,DIVMUR,0.9998304843902588
COMFEQ,DAHPAE,0.9995509386062622
COMFEQ,COMFIU,0.9992827773094177
COMFEQ,DIVNAY,0.9968496561050415
COMFIU,DIVMUR,0.9994291663169861
COMFIU,DAHPAE,0.9987759590148926
COMFIU,DAHNOQ,0.9987543821334839
COMFIU,DAHNUW,0.9987543821334839
COMFIU,DIVNAY,0.9967017769813538
COMHOC,COMHUI,1.0
COMHOC,CUGYOU,0.9969467520713806
COMHUI,CUGYOU,0.9969467520713806
COMMOH,COMMUN,0.9922806620597839
COMMOH,DETRAX,0.5496275424957275
COMMOH,CUYXOK,0.5263158082962036
COMMUN,DETRAX,0.5439473390579224
COMMUN,CUYXOK,0.5185964703559875
COMVAC,COMVEG,0.9922806620597839
COMVAC,DEGPEL,0.364705890417099
CONSAA,DINNIZ,0.848908543586731
CONSAA,DIJWID,0.6996293067932129
COPTUX,DAYWOS,0.6637166738510132
COPTUX,CUQXAP,0.5346425175666809
COPTUX,CUQXIX,0.5341928601264954
COPTUX,DEVBOW,0.10000000149011612
COQJAV,COQJEZ,1.0
COQMAX,COQMEB,0.831250011920929
COQMAX,COQMIF,0.621052622795105
COQMAX,CUQKOQ,0.5954988598823547
COQMIF,CUQKOQ,0.9744462370872498
COQTEJ,CUNWEO,0.549171507358551
CORYUE,DIVFOF,0.3139132857322693
CORZIU,CORZOA,0.9999999403953552
CORZIU,CUKBEQ,0.9987406134605408
CORZOA,CUKBEQ,0.9987406134605408
COSWEO,DIGPER,0.994638979434967
COTVOY,COYTOA,0.09999998658895493
COTVOY,CUXPAN,0.09999998658895493
COTVUE,COWMAD,0.10000001639127731
COTVUE,DARFAF,0.10000001639127731
COTXEQ,COTXIU,1.0
COTXEQ,COTXOA,1.0
COTXIU,COTXOA,1.0
COTYIV,DANWAS,0.9965804815292358
COVRUC,CSTNME01,0.32024314999580383
COVSIP,DIDBIE,0.29766350984573364
COWKAB,DAWWEF,0.46885836124420166
COWLIK,CUKXAI,1.0
COWLIK,CUGYOU,0.37077221274375916
COWMAD,COWMIL,0.9999803900718689
COWMAD,COWMOR,0.9999352693557739
COWMAD,COWMEH,0.9995911717414856
COWMAD,COWMUX,0.9995852708816528
COWMAD,DEJTES,0.9820774793624878
COWMAD,DAGDEV,0.9781520962715149
COWMEH,COWMUX,0.999731719493866
COWMEH,COWMIL,0.9995371103286743
COWMEH,COWMOR,0.9994291663169861
COWMEH,DAGDIZ,0.9808584451675415
COWMIL,COWMOR,0.9999855160713196
COWMIL,COWMUX,0.9996700286865234
COWMIL,DEJTES,0.982480525970459
COWMIL,DAGDEV,0.9781452417373657
COWMIL,DAGDIZ,0.982480525970459
COWMIL,DEJTIW,0.982480525970459
COWMOR,COWMUX,0.9996850490570068
COWMOR,DEJTES,0.9827293157577515
COWMOR,DAGDIZ,0.9827293157577515
COWMOR,DEJTIW,0.9827293157577515
COWMUX,DEJTES,0.9822689890861511
COWQUC,COWREN,0.9999999403953552
COWQUC,COWROX,0.9999999403953552
COWQUC,COWRIR,0.9999999403953552
COWQUC,COWRAJ,0.9999999403953552
COWRAJ,COWREN,0.9999999403953552
COWRAJ,COWROX,0.9999999403953552
COWRAJ,COWRIR,0.9999999403953552
COWREN,COWROX,0.9999999403953552
COWREN,COWRIR,0.9999999403953552
COWRIR,COWROX,0.9999999403953552
COWRUC,COWSAJ,1.0
COWRUC,COWSEN,1.0
COWRUC,DEBXUG,0.43190324306488037
COWSAJ,COWSEN,1.0
COWSAJ,DEBXUG,0.43190324306488037
COWSEN,DEBXUG,0.43190324306488037
COXCOJ,COXCUP,1.0
COXCOJ,COXDAW,1.0
COXCOJ,COXDIE,1.0
COXCOJ,COXDEA,0.48918917775154114
COXCUP,COXDAW,1.0
COXCUP,COXDIE,1.0
COXCUP,COXDEA,0.48918917775154114
COXDAW,COXDIE,1.0
COXDAW,COXDEA,0.48918917775154114
COXDEA,COXDIE,0.48918917775154114
COXFOL,DAFHEZ,0.9999999403953552
COXFOL,DAFHID,0.9997506737709045
COXFOL,DAFHOJ,0.9972895383834839
COXFOL,COXKUW,0.9697946310043335
COXHED,DAPGUW01,0.9997506737709045
COXHED,COXHIH,0.9997506737709045
COXHED,DALSAN,0.9996292591094971
COXHED,COXHON,0.9996292591094971
COXHIH,DAPGUW01,1.0
COXHIH,DALSER,0.9988105893135071
COXHIH,DALSAN,0.9988105893135071
COXHON,DALSER,1.0
COXHON,DALSAN,1.0
COXHON,DAPGUW01,0.9988105893135071
COXHON,DAPHAD01,0.9982883334159851
COXKUW,COXLAD,0.9958965182304382
COXKUW,DAFHOJ,0.9707819819450378
COXKUW,DAFHEZ,0.9697946310043335
COYTEQ,COYTUG01,0.9985291957855225
COYTEQ,COYTUG,0.9985291957855225
COYTEQ,COYTOA,0.9983987212181091
COYTEQ,COYVAO,0.9983029365539551
COYTEQ,COYVAO01,0.9983029365539551
COYTEQ,COYTIU,0.9826657772064209
COYTEQ,CUCKIV,0.970555305480957
COYTIU,COYTUG01,0.9847605228424072
COYTIU,COYTUG,0.9847605228424072
COYTIU,COYVAO01,0.9796669483184814
COYTIU,COYVAO,0.9796669483184814
COYTOA,COYVAO,0.9995414018630981
COYTOA,COYVAO01,0.9995414018630981
COYTOA,COYVES01,0.9993398785591125
COYTOA,COYVES,0.9993398785591125
COYTOA,COYTUG,0.9990724921226501
COYTUG,COYTUG01,1.0
COYTUG,COYVAO01,0.9995911717414856
COYTUG,COYVAO,0.9995911717414856
COYTUG,COYVES01,0.9995371103286743
COYTUG,COYVES,0.9995371103286743
COYTUG,CUCKIV,0.9702855944633484
COYTUG01,COYVAO01,0.9995911717414856
COYTUG01,COYVAO,0.9995911717414856
COYTUG01,COYVES01,0.9995371103286743
COYTUG01,COYVES,0.9995371103286743
COYTUG01,CUCKIV,0.9702855944633484
COYVAO,COYVAO01,1.0
COYVAO,COYVES01,0.9999803900718689
COYVAO,COYVES,0.9999803900718689
COYVAO01,COYVES01,0.9999803900718689
COYVAO01,COYVES,0.9999803900718689
COYVES,COYVES01,1.0
COYVES,CUCKIV,0.9693748354911804
COYVES01,CUCKIV,0.9693748354911804
COZGED,COZGED01,1.0
COZGED,CUGROM,0.9907075762748718
COZGED,CUGREC,0.9907075762748718
COZGED01,CUGROM,0.9907075762748718
COZGED01,CUGREC,0.9907075762748718
COZMUA,DITJOH,0.8527029752731323
COZMUA,DITJIB,0.8453625440597534
CSTNME01,DETGIT,0.2752431631088257
CUBBEI,CUTKUY,0.37976643443107605
CUBKUF,CUSDIE,0.48571428656578064
CUCFOX,DARYIF,0.4441176652908325
CUCITD,CUCITD02,1.0
CUCITD,CUCITD01,1.0
CUCITD,CUCITD03,1.0
CUCITD,DINNEV,0.9996275901794434
CUCITD01,CUCITD02,1.0
CUCITD01,CUCITD03,1.0
CUCITD01,DINNEV,0.9996275901794434
CUCITD02,CUCITD03,1.0
CUCITD02,DINNEV,0.9996275901794434
CUCITD03,DINNEV,0.9996275901794434
CUCKIV,DITSIK,0.693947434425354
CUFDOX,CUFFUF,0.9999999403953552
CUFDOX,CUFFOZ,0.9999999403953552
CUFDOX,CUFFIT,0.9999999403953552
CUFDOX,CUFFEP,0.9999999403953552
CUFDOX,CUFDUD,0.9999999403953552
CUFDUD,CUFFUF,0.9999999403953552
CUFDUD,CUFFOZ,0.9999999403953552
CUFDUD,CUFFIT,0.9999999403953552
CUFDUD,CUFFEP,0.9999999403953552
CUFFEP,CUFFUF,0.9999999403953552
CUFFEP,CUFFOZ,0.9999999403953552
CUFFEP,CUFFIT,0.9999999403953552
CUFFIT,CUFFUF,0.9999999403953552
CUFFIT,CUFFOZ,0.9999999403953552
CUFFOZ,CUFFUF,0.9999999403953552
CUFGIV,DIMDAG,0.9433584213256836
CUFGIV,DEXKEZ,0.6982008218765259
CUFJUK,CUFKAR,0.9999999403953552
CUFMOG,DIGYIE,0.4362000823020935
CUFMOG,CUGYEK,0.35527101159095764
CUFMOG,CUGZAH,0.35527101159095764
CUFORD,CUFORD01,1.0
CUFORD,CUFORM02,1.0
CUFORD,CUFORM04,1.0
CUFORD,CUFORM03,1.0
CUFORD,CUFORM,1.0
CUFORD,CUFORM06,1.0
CUFORD01,CUFORM02,1.0
CUFORD01,CUFORM04,1.0
CUFORD01,CUFORM03,1.0
CUFORD01,CUFORM,1.0
CUFORD01,CUFORM06,1.0
CUFORM,CUFORM02,1.0
CUFORM,CUFORM04,1.0
CUFORM,CUFORM03,1.0
CUFORM,CUFORM06,1.0
CUFORM02,CUFORM04,1.0
CUFORM02,CUFORM03,1.0
CUFORM02,CUFORM06,1.0
CUFORM03,CUFORM04,1.0
CUFORM03,CUFORM06,1.0
CUGLIB,CUGYIO,1.0
CUGLIB,CUGYUA,0.5090909004211426
CUGLIB,DIKBAB01,0.5034942030906677
CUGLTM,CUGLTM02,1.0
CUGLTM,CUGLTM01,1.0
CUGLTM01,CUGLTM02,1.0
CUGQUR,CUGSIH,0.9991083145141602
CUGQUR,CUGSON,0.9991083145141602
CUGQUR,CUGSUT,0.9991083145141602
CUGQUR,CUGREC,0.9958264827728271
CUGQUR,CUGROM,0.9958264827728271
CUGQUR,DEHBIC,0.994638979434967
CUGQUR,DIPMAS,0.4980347156524658
CUGREC,CUGROM,1.0
CUGREC,CUGSUT,0.9966550469398499
CUGREC,CUGSIH,0.9966550469398499
CUGREC,CUGSON,0.9966550469398499
CUGROM,CUGSUT,0.9966550469398499
CUGROM,CUGSIH,0.9966550469398499
CUGSIH,CUGSUT,1.0
CUGSIH,CUGSON,1.0
CUGSIH,DEHBIC,0.9913450479507446
CUGSON,CUGSUT,1.0
CUGSON,DEHBIC,0.9913450479507446
CUGSUT,DEHBIC,0.9913450479507446
CUGVUW,DITYEM02,0.7387096881866455
CUGYEK,CUGZAH,1.0
CUGYEK,CUNFOH,0.9969467520713806
CUGYEK,CUNFOH01,0.9969467520713806
CUGYIO,CUGYUA,0.5090909004211426
CUGYIO,DIKBAB01,0.5034942030906677
CUGYIO,VELVOY,0.39440327882766724
CUGYOU,CUKXAI,0.37077221274375916
CUGYOU,CUGYUA,0.36250001192092896
CUGYUA,DIKBAB01,0.9944032430648804
CUGZAH,CUNFOH,0.9969467520713806
CUGZAH,CUNFOH01,0.9969467520713806
CUHYUB,CUJCOB,0.999916136264801
CUHYUB,CUJCIV,0.9992827773094177
CUHYUB,DARQOF,0.6535276174545288
CUIMDZ01,CUIMDZ03,1.0
CUIMDZ01,DIBXIW,0.3142857253551483
CUIMDZ03,DIBXIW,0.3142857253551483
CUJCIV,CUJCOB,0.9995911717414856
CUJCOB,DARQOF,0.6533534526824951
CUKJUO,DARDIL,0.7260869145393372
CUKJUO,DARDUX,0.7259061932563782
CUKJUO,DARDEH,0.7257413864135742
CUKXAJ,CUKXEN,1.0
CUKXAJ,DAHMIJ,1.0
CUKXAJ,CUKXIR,0.9970499873161316
CUKXEN,DAHMIJ,1.0
CUKXEN,CUKXIR,0.9970499873161316
CUKXIR,DITXOU,0.9974996447563171
CUKXIR,DAHMIJ,0.9970499873161316
CUKXIR,DEJJEK,0.9929918050765991
CUMDIY,CUMDOE,0.9987369775772095
CUMFOG,CUSDIE,0.5846154093742371
CUMFOG,DEPVUQ,0.4899999797344208
CUMFOG,DEPWAX,0.4899999797344208
CUMFOG,DAWMUL,0.10000000149011612
CUMFOG,DAYWOS,0.3922806978225708
CUMFOG,DEVBIQ,0.10000000149011612
CUMFOG,DICKEH,0.10000000149011612
CUMJAX,CUMJEB,0.45454543828964233
CUMJAX,DAWVUV,0.31894737482070923
CUMKIG,CUMKIG03,0.9999999403953552
CUMLUT,DEPXIG,0.9970499873161316
CUMLUT,DEPXOM,0.9970499873161316
CUNFOH,CUNFOH01,1.0
CUNFOH,DIGYIE,0.30285337567329407
CUPHUS,DEHHIK,0.9996275901794434
CUPHUS,DAPZAW,0.9969467520713806
CUPHUS,DIPGAK,0.4000000059604645
CUPLIJ,CUPMAC,0.9970499873161316
CUPLIJ,CUPLUV,0.9955214262008667
CUPLIJ,DIFZUP,0.9939473867416382
CUPLIJ,CUPLOP,0.9939473867416382
CUPLIJ,CUPMEG,0.9921966195106506
CUPLOP,DIFZUP,0.9999999403953552
CUPLOP,CUPMEG,0.9997506737709045
CUPLOP,CUPLUV,0.9996292591094971
CUPLOP,CUPMAC,0.9972895383834839
CUPLOP,CUXFUX,0.4000000059604645
CUPLOP,CUXVAT,0.3908040523529053
CUPLUV,DIFZUP,0.9996292591094971
CUPLUV,CUPMAC,0.9989085793495178
CUPLUV,CUPMEG,0.9988105893135071
CUPLUV,CUXFUX,0.39962929487228394
CUPMAC,DIFZUP,0.9972895383834839
CUPMAC,CUPMEG,0.9955241084098816
CUPMAC,CUXFUX,0.39728957414627075
CUPMEG,DIFZUP,0.9997506737709045
CUPMEG,CUXFUX,0.3997507095336914
CUPMEG,CUXVAT,0.39112594723701477
CUQXAP,CUQXIX,0.9962353706359863
CUQXAP,DAYWOS,0.5333782434463501
CUQXIX,DAYWOS,0.5371428728103638
CUQYEU,DAWFEO,0.6326694488525391
CURSEO,DEGSIS01,0.9985496997833252
CURSEO,DEGSIS,0.9985496997833252
CURYOE01,DEHHOQ,0.6595500111579895
CURYOE01,DAPZAW,0.6593592166900635
CURYOE01,DELTAQ,0.6587353944778442
CURYOE01,DELTAQ01,0.6587353944778442
CURYOE01,DARSEV,0.45454543828964233
CURZEV,DEFFEC,0.7230337262153625
CURZEV,CYTPCD10,0.34310033917427063
CUSDIE,DITYOW,0.5333333611488342
CUSDIE,DIXVUC04,0.5318830609321594
CUSDIE,DIXVUC,0.5318830609321594
CUSDIE,DIXVUC01,0.5318830609321594
CUSFAZ,DINTID,0.5049999952316284
CUSFAZ,DINQUM,0.5049999952316284
CUSFAZ,DIPGAK,0.3739130198955536
CUSQOX,DEHHOQ,0.497050017118454
CUSQOX,DAPZAW,0.49685919284820557
CUSYIA,CUSYUM,1.0
CUSYIA,CUSZEX,1.0
CUSYIA,CUTMAH,1.0
CUSYIA,DALCEZ,1.0
CUSYIA,CUTCYM02,1.0
CUSYOG,CUSYUM,1.0
CUSYOG,CUSZEX,1.0
CUSYOG,CUTMAH,1.0
CUSYOG,DALCEZ,1.0
CUSYOG,CUTCYM02,1.0
CUSYOG,CUSZAT,1.0
CUSYOG,CUSZIB,1.0
CUSYOG,CUTCYM01,1.0
CUSYOG,CUXLEO,1.0
CUSYOG,CUYDIL,1.0
CUSYOG,DABMUR,1.0
CUSYUM,CUSZEX,1.0
CUSYUM,CUTMAH,1.0
CUSYUM,DALCEZ,1.0
CUSYUM,CUTCYM02,1.0
CUSYUM,DIBWUH,0.9999494552612305
CUSZAT,CUSZEX,1.0
CUSZAT,CUTMAH,1.0
CUSZAT,DALCEZ,1.0
CUSZAT,CUTCYM02,1.0
CUSZAT,CUSZIB,1.0
CUSZAT,CUTCYM01,1.0
CUSZAT,CUXLEO,1.0
CUSZAT,CUYDIL,1.0
CUSZAT,DABMUR,1.0
CUSZEX,CUTMAH,1.0
CUSZEX,DALCEZ,1.0
CUSZEX,CUTCYM02,1.0
CUSZIB,CUTMAH,1.0
CUSZIB,DALCEZ,1.0
CUSZIB,CUTCYM02,1.0
CUTBEA,CUTBOK,0.9998192191123962
CUTBEA,CUTBIE,0.9987545013427734
CUTBIE,CUTBOK,0.9985291957855225
CUTCYM01,CUTMAH,1.0
CUTCYM01,DALCEZ,1.0
CUTCYM01,CUTCYM02,1.0
CUTCYM02,CUTMAH,1.0
CUTCYM02,DALCEZ,1.0
CUTCYM02,CUXLEO,1.0
CUTCYM02,CUYDIL,1.0
CUTCYM02,DABMUR,1.0
CUTGAA,DAPZAW,0.4749999940395355
CUTKEI,CUYWUP,0.9965804815292358
CUTMAH,DALCEZ,1.0
CUTMAH,CUXLEO,1.0
CUTMAH,CUYDIL,1.0
CUTMAH,DABMUR,1.0
CUVFUW,DIXKOL,0.6403759717941284
CUVHEH,CUVHIL01,0.9999999403953552
CUVHEH,CUVHIL,0.9999999403953552
CUVHEH,CUVHIL02,0.9999999403953552
CUVHIL,CUVHIL01,0.9999999403953552
CUVHIL,CUVHIL02,0.9999999403953552
CUVHIL01,CUVHIL02,0.9999999403953552
CUVTIX,CUVTOD,0.4441176652908325
CUVTIX,DAKVOC,0.43157896399497986
CUVVOG,DIBQOW,0.65162193775177
CUWNIT,DAZKEX,0.9963989853858948
CUWNIT,CUZBUW,0.699999988079071
CUWNIT,DITVOT,0.5723716616630554
CUWXID,CUWZIF,0.9999999403953552
CUWXID,DIMDAG,0.5710273385047913
CUWZIF,DIMDAG,0.5710273385047913
CUXFIL,DADXUE,0.8549447059631348
CUXFUX,DIFZUP,0.4000000059604645
CUXLEO,DALCEZ,1.0
CUXPAN,CUXPER,0.9996544122695923
CUXPAN,CUXQAO,0.9996544122695923
CUXPAN,CUXPIV,0.9996404051780701
CUXPAN,DAMYUO,0.999160885810852
CUXPER,CUXQAO,0.9999999403953552
CUXPER,CUXQIW,0.9998192191123962
CUXPER,CUXPOB,0.9998192191123962
CUXPER,CUXPIV,0.9994805455207825
CUXPER,CUXQES,0.9987545013427734
CUXPIV,DAMYUO,0.9998304843902588
CUXPIV,CUXPUH,0.9998304843902588
CUXPIV,CUXQAO,0.9994805455207825
CUXPOB,CUXQIW,1.0
CUXPOB,CUXQAO,0.9998192191123962
CUXPOB,CUXQES,0.9985291957855225
CUXPOB,DAMYOI,0.999731719493866
CUXPOB,DAMYUO,0.9994291663169861
CUXPUH,DAMYUO,1.0
CUXPUH,DAMYOI,0.9996850490570068
CUXPUH,CUXQIW,0.9994291663169861
CUXQAO,CUXQIW,0.9998192191123962
CUXQAO,CUXQES,0.9987545013427734
CUXQIW,DAMYOI,0.999731719493866
CUXVAT,CUXVEX,0.7249999642372131
CUXVAT,DIMBOS,0.5885714292526245
CUXVAT,DIFZUP,0.3908040523529053
CUXVEX,DIMBOS,0.550000011920929
CUYDEG,DIXKUR,0.36922624707221985
CUYDEG,DIXKUR01,0.36922624707221985
CUYDIL,DALCEZ,1.0
CUYXOK,DETRAX,0.6139132976531982
CUYXOK,DIXCET,0.5796300172805786
CUZBUW,DAWCIP,0.6977757811546326
CUZBUW,DAWCOV,0.6972895860671997
CUZBUW,DAZMID,0.8163989782333374
CUZBUW,SABVUN01,0.9963989853858948
CUZLAM,VELVOY,0.3556935787200928
CUZLAM,DATPIY,0.33850085735321045
CYTPCD10,DEFFEC,0.5231750011444092
DABMEB,DALVAQ,1.0
DABMUR,DALCEZ,1.0
DABMUR,DIBWUH,0.9999494552612305
DACHAR,DEHRIR,1.0
DACJUO,DEDTEN,0.678196370601654
DACJUO,DITVOT,0.4559968411922455
DACQOQ,DIKPOD,0.2683327794075012
DACZUF,DEFTAL,0.7818180918693542
DACZUF,DEFTAL01,0.7818180918693542
DADLEC,DADLOM,1.0
DADLEC,DIXGIC,0.9776891469955444
DADLOM,DIXGIC,0.9776891469955444
DADTOS,DADTOS03,1.0
DADTOS,DADTOS07,1.0
DADTOS,DADTOS06,1.0
DADTOS,DADTOS05,1.0
DADTOS01,DADTOS03,1.0
DADTOS01,DADTOS07,1.0
DADTOS01,DADTOS06,1.0
DADTOS01,DADTOS05,1.0
DADTOS02,DADTOS03,1.0
DADTOS02,DADTOS07,1.0
DADTOS02,DADTOS06,1.0
DADTOS02,DADTOS05,1.0
DADTOS02,DADTOS04,1.0
DADTOS02,DADTOS08,1.0
DADTOS02,DADTOS09,1.0
DADTOS02,DADTOS10,1.0
DADTOS02,DADTOS11,1.0
DADTOS02,DADTOS12,1.0
DADTOS02,DADTOS13,1.0
DADTOS02,DADTOS14,1.0
DADTOS02,DADTOS15,1.0
DADTOS02,DADTOS16,1.0
DADTOS02,DADTOS17,1.0
DADTOS02,DADTOS18,1.0
DADTOS03,DADTOS07,1.0
DADTOS03,DADTOS06,1.0
DADTOS03,DADTOS05,1.0
DADTOS03,DIDVIW,1.0
DADTOS04,DADTOS07,1.0
DADTOS04,DADTOS06,1.0
DADTOS04,DADTOS05,1.0
DADTOS04,DADTOS08,1.0
DADTOS04,DADTOS09,1.0
DADTOS04,DADTOS10,1.0
DADTOS04,DADTOS11,1.0
DADTOS04,DADTOS12,1.0
DADTOS04,DADTOS13,1.0
DADTOS04,DADTOS14,1.0
DADTOS04,DADTOS15,1.0
DADTOS04,DADTOS16,1.0
DADTOS04,DADTOS17,1.0
DADTOS04,DADTOS18,1.0
DADTOS05,DADTOS07,1.0
DADTOS05,DADTOS06,1.0
DADTOS05,DADTOS08,1.0
DADTOS05,DADTOS09,1.0
DADTOS05,DADTOS10,1.0
DADTOS05,DADTOS11,1.0
DADTOS05,DADTOS12,1.0
DADTOS05,DADTOS13,1.0
DADTOS05,DADTOS14,1.0
DADTOS05,DADTOS15,1.0
DADTOS05,DADTOS16,1.0
DADTOS05,DADTOS17,1.0
DADTOS05,DADTOS18,1.0
DADTOS05,DIDVIW,1.0
DADTOS06,DADTOS07,1.0
DADTOS06,DADTOS08,1.0
DADTOS06,DADTOS09,1.0
DADTOS06,DADTOS10,1.0
DADTOS06,DADTOS11,1.0
DADTOS06,DADTOS12,1.0
DADTOS06,DADTOS13,1.0
DADTOS06,DADTOS14,1.0
DADTOS06,DADTOS15,1.0
DADTOS06,DADTOS16,1.0
DADTOS06,DADTOS17,1.0
DADTOS06,DADTOS18,1.0
DADTOS06,DIDVIW,1.0
DADTOS07,DIDVIW,1.0
DADTUY,DEFNIO,0.9999999403953552
DADTUY,DADTUY05,0.9999999403953552
DADTUY,DADTUY06,0.9999999403953552
DADTUY,DADTUY07,0.9999999403953552
DADTUY,DADTUY08,0.9999999403953552
DADTUY01,DEFNIO,0.9999999403953552
DADTUY01,DADTUY05,0.9999999403953552
DADTUY01,DADTUY06,0.9999999403953552
DADTUY01,DADTUY07,0.9999999403953552
DADTUY01,DADTUY08,0.9999999403953552
DADTUY01,DADTUY09,0.9999999403953552
DADTUY01,DADTUY10,0.9999999403953552
DADTUY01,DADTUY11,0.9999999403953552
DADTUY01,DADTUY12,0.9999999403953552
DADTUY05,DEFNIO,0.9999999403953552
DADTUY05,DADTUY06,0.9999999403953552
DADTUY05,DADTUY07,0.9999999403953552
DADTUY05,DADTUY08,0.9999999403953552
DADTUY05,DADTUY09,0.9999999403953552
DADTUY05,DADTUY10,0.9999999403953552
DADTUY05,DADTUY11,0.9999999403953552
DADTUY05,DADTUY12,0.9999999403953552
DADTUY06,DEFNIO,0.9999999403953552
DADTUY06,DADTUY07,0.9999999403953552
DADTUY06,DADTUY08,0.9999999403953552
DADTUY06,DADTUY09,0.9999999403953552
DADTUY06,DADTUY10,0.9999999403953552
DADTUY06,DADTUY11,0.9999999403953552
DADTUY06,DADTUY12,0.9999999403953552
DADTUY07,DEFNIO,0.9999999403953552
DADTUY07,DADTUY08,0.9999999403953552
DADTUY07,DADTUY09,0.9999999403953552
DADTUY07,DADTUY10,0.9999999403953552
DADTUY07,DADTUY11,0.9999999403953552
DADTUY07,DADTUY12,0.9999999403953552
DADTUY08,DEFNIO,0.9999999403953552
DADTUY09,DEFNIO,0.9999999403953552
DADTUY10,DEFNIO,0.9999999403953552
DADTUY11,DEFNIO,0.9999999403953552
DADTUY12,DEFNIO,0.9999999403953552
DADVAG,DADVAG05,1.0
DADVAG,DADVAG01,1.0
DADVAG,DADVAG02,1.0
DADVAG,DADVAG03,1.0
DADVAG,DADVAG04,1.0
DADVAG,DADVAG06,1.0
DADVAG,DADVAG07,1.0
DADVAG,DADVAG08,1.0
DADVAG,DEFNOU,1.0
DADVAG01,DADVAG05,1.0
DADVAG01,DADVAG02,1.0
DADVAG01,DADVAG03,1.0
DADVAG01,DADVAG04,1.0
DADVAG01,DADVAG06,1.0
DADVAG01,DADVAG07,1.0
DADVAG01,DADVAG08,1.0
DADVAG01,DEFNOU,1.0
DADVAG02,DADVAG05,1.0
DADVAG03,DADVAG05,1.0
DADVAG03,DEFNOU,1.0
DADVAG04,DADVAG05,1.0
DADVAG04,DADVAG06,1.0
DADVAG04,DADVAG07,1.0
DADVAG04,DADVAG08,1.0
DADXUE,DICPUD,0.9611314535140991
DADXUE,DIRPOL,0.7337353825569153
DADXUE,DIRPUR,0.7337353825569153
DAFHEZ,DAFHID,0.9997506737709045
DAFHEZ,DAFHOJ,0.9972895383834839
DAFHID,DAFHOJ,0.9955241084098816
DAFYAN,DAFYOB,1.0
DAFYAN,DETRAX,0.6501613855361938
DAFYAN,DIXCET,0.6251429319381714
DAFYOB,DETRAX,0.6501613855361938
DAFYOB,DIXCET,0.6251429319381714
DAGDEV,DEJTIW,0.9970499873161316
DAGDEV,DEJTES,0.9970499873161316
DAGDEV,DAGDIZ,0.9970499873161316
DAGDIZ,DEJTIW,1.0
DAGDIZ,DEJTES,1.0
DAGGOK,DAGGUQ,1.0
DAGGOK,DEXXAF,0.40000003576278687
DAGGUQ,DEXXAF,0.40000003576278687
DAGTUD,DANWAS,0.9962353706359863
DAHJUR,DIFYEZ,0.28776827454566956
DAHNOQ,DAHNUW,0.9999999403953552
DAHNOQ,DIVMUR,0.9967666864395142
DAHNUW,DIVMUR,0.9967666864395142
DAHPAE,DIVMUR,0.9998589158058167
DAHPAE,DECDUN,0.995492160320282
DAHWAM,DEKLIP,0.6993135213851929
DAHWAM,DEKLEL,0.6987545490264893
DAJVES,DAJWET,0.9963152408599854
DAKVIW,DAKVOC,0.9962353706359863
DAKVIW,DAKVUI,0.9922806620597839
DAKVIW,DEYMOL,0.9920910000801086
DAKVOC,DAKVUI,0.9965804815292358
DAKVUI,DEYMOL,0.9801634550094604
DALCEZ,DIBWUH,0.9999494552612305
DALRAK,DEKPAL,0.9990034103393555
DALRAK,DEKPEP,0.9990034103393555
DALRAK,DEBNUU,0.5680143237113953
DALRAK,DEFKUU,0.5734173655509949
DALRAK,DEHYEV,0.4649915099143982
DALSAN,DALSER,1.0
DALSAN,DAPGUW01,0.9988105893135071
DALSER,DAPHAD01,0.9982883334159851
DALSOA,DIHVIB,0.7749999761581421
DALSOA,DIHVIB01,0.7749999761581421
DALSUH,DALTAO,0.9996340870857239
DALVEU,DALVIY,0.999916136264801
DALXEW,DASMAM,0.25844457745552063
DAMYIC,DAMYIC01,1.0
DAMYOI,DAMYUO,0.9996850490570068
DANVAQ,DANVEU,1.0
DANVAQ,DITWEK,0.5944356322288513
DANVEU,DITWEK,0.5944356322288513
DAPYAW,DIBQEM,0.9939473867416382
DAPYAW,DIBQIQ,0.9939473867416382
DAPYAW,DIBQOW,0.9939473867416382
DAPZAW,DEHHIK,0.9971376657485962
DAPZAW,DARSEV,0.3781091868877411
DAPZAW,DIHPIU,0.5235294103622437
DAPZAW,DIVGIA,0.427272766828537
DAQMAM,DIQHAO,0.4283880293369293
DAQMAM,DIQHAO01,0.4283880293369293
DAQMAM,DIRLIB,0.42811188101768494
DAQRET,DAQRET01,0.9999999403953552
DAQRET,DEHBEY,0.9994805455207825
DAQRET01,DEHBEY,0.9994805455207825
DARCOQ,DARDEH,0.9977954626083374
DARCOQ,DARDIL,0.9976078867912292
DARCOQ,DARDOR,0.9968496561050415
DARCOQ,DARDUX,0.9967017769813538
DARCUW,DARDAD,0.9998902082443237
DARCUW,DARFIN,0.9998589158058167
DARCUW,DARFEJ,0.9997713565826416
DARCUW,DARFAF,0.9996391534805298
DARDAD,DARFIN,0.9998542070388794
DARDAD,DARFEJ,0.9997872710227966
DARDAD,DARFOT,0.9996788501739502
DARDAD,DARFAF,0.999646008014679
DARDEH,DARDIL,0.9996544122695923
DARDEH,DARDOR,0.9996404051780701
DARDEH,DARFAF,0.9995414018630981
DARDEH,DARFEJ,0.9993398785591125
DARDIL,DARDUX,0.9998192191123962
DARDIL,DARFAF,0.9996340870857239
DARDOR,DARFAF,0.999916136264801
DARDOR,DARFEJ,0.9998704195022583
DARDOR,DARFIN,0.9998304843902588
DARDUX,DARFOT,0.999731719493866
DARDUX,DARFAF,0.9995911717414856
DARFAF,DARFEJ,0.9999803900718689
DARFAF,DARFIN,0.9999352693557739
DARFEJ,DARFIN,0.9999855160713196
DARFEJ,DARFOT,0.9996700286865234
DARFIN,DARFOT,0.9996850490570068
DARSEV,DEHHOQ,0.3783000111579895
DARSEV,DELTAQ02,0.3774854242801666
DARYIF,DIWFAT,0.9974996447563171
DASLIT,DASMAM,0.9999494552612305
DASTEY01,DASTEY02,1.0
DATPIY,DEGBOI,0.495654433965683
DATPIY,DEGBUO,0.49360790848731995
DAVMIY,DIVQAB,0.9969467520713806
DAVMIY,DIVPUU,0.9969467520713806
DAWCIP,DAWCOV,0.9974996447563171
DAWWAC,DEGJIK,0.9996275901794434
DAWWEF,DIYRIO,0.5615384578704834
DAWWEF,DAXFEQ,0.482029527425766
DAWWIJ,DAWWUV,0.9970499873161316
DAWWIJ,DAWWOP,0.9950717687606812
DAWWIJ,DIYREK,0.5474996566772461
DAWWIJ,DITPON,0.48249998688697815
DAWWOP,DAWWUV,0.9922806620597839
DAWWOP,DIYREK,0.5465804934501648
DAWWOP,DITPUT,0.4821275770664215
DAWWUV,DIYREK,0.5462353825569153
DAWWUV,DITPON,0.47955000400543213
DAXDUE,DAXFIU,0.7266550660133362
DAXDUE,DAXFEQ,0.6745696663856506
DAXDUE,DIYRIO,0.5328239798545837
DAXFEQ,DAXFIU,0.9344717264175415
DAXFEQ,DIYRIO,0.5353395938873291
DAXFIU,DIYRIO,0.4800896644592285
DAXKIY,DAXKOE,0.9999999403953552
DAXKIY,DIXWAJ,0.3495385944843292
DAXKOE,DIXWAJ,0.3495385944843292
DAXNIA,DEPJIR01,1.0
DAXNIA,DAXNIA01,1.0
DAXNIA,DAXNIA02,1.0
DAXNIA,DAXNIA03,1.0
DAXNIA,DAXNIA04,1.0
DAXNIA01,DEPJIR01,1.0
DAXNIA01,DAXNIA02,1.0
DAXNIA01,DAXNIA03,1.0
DAXNIA01,DAXNIA04,1.0
DAXNIA01,DEPJIR,1.0
DAXNIA02,DEPJIR01,1.0
DAXNIA02,DAXNIA03,1.0
DAXNIA02,DAXNIA04,1.0
DAXNIA02,DEPJIR,1.0
DAXNIA03,DEPJIR01,1.0
DAXNIA04,DEPJIR01,1.0
DAXNIA04,DEPJIR,1.0
DAYGUH,DEFXEU,0.5408803224563599
DAYGUH,DEKCII,0.34804877638816833
DAYMAS,DIDBIE,0.9838886857032776
DAZKEX,SABVUN01,0.7000000476837158
DAZKEX,DITVOT,0.563677966594696
DAZMID,SABVUN01,0.8199999928474426
DAZZUC,DEBBIY,0.9962353706359863
DAZZUC,DEXKEZ,0.7323441505432129
DEBBIY,DEXKEZ,0.7327938079833984
DEBNUU,DEFKUU,0.9978308081626892
DEBNUU,DINDUZ,0.9701295495033264
DEBNUU,DINDUZ01,0.9701295495033264
DEBNUU,DEKPAL,0.5653048157691956
DEBNUU,DEHYEV,0.5427337884902954
DEBXUG,VELVOY,0.46000000834465027
DEBZOC,DEFSUE,0.510869562625885
DECDUN,DIVMUR,0.9949494004249573
DECXOB,DECYUI,0.8147058486938477
DECXOB,DECYAO,0.7749999761581421
DECXOB,DECXUH,0.7230769395828247
DECXOB,DECYES,0.7075000405311584
DECXOB,DECYOC,0.7000000476837158
DECXOB,DECYIW,0.6850000023841858
DECXUH,DECYUI,0.6357142925262451
DECXUH,DECYAO,0.6113636493682861
DECXUH,DECYIW,0.6086956262588501
DECXUH,DECYOC,0.5891304016113281
DECXUH,DECYES,0.5687499642372131
DECYAO,DECYUI,0.7567567229270935
DECYAO,DECYES,0.7000000476837158
DECYAO,DECYOC,0.6571428775787354
DECYAO,DECYIW,0.6113636493682861
DECYES,DECYUI,0.6926829814910889
DECYES,DECYOC,0.6086956262588501
DECYIW,DECYUI,0.6707317233085632
DECYIW,DECYOC,0.6522727608680725
DECYOC,DECYUI,0.7230769395828247
DECYUI,DIQHAO01,0.7406328916549683
DECYUI,DIQHAO,0.7406328916549683
DECYUI,DIRLIB,0.7403568029403687
DEDTEN,DEXZIS,0.10000000149011612
DEDTEN,DITVOT,0.5347054600715637
DEFKUU,DINDUZ,0.9784445762634277
DEFKUU,DINDUZ01,0.9784445762634277
DEFKUU,DEKPAL,0.5702267289161682
DEFKUU,DEHYEV,0.5465804934501648
DEFTAL,DEFTAL01,0.9999999403953552
DEFXEU,DEKCII,0.3695334494113922
DEFXEU,DEKCEE,0.36927518248558044
DEGBOI,DEGBUO,0.9977954626083374
DEGMAG,DEGMAG01,0.9999999403953552
DEGSIS,DEGSIS01,1.0
DEGSIS,DIKJUD,0.6100000143051147
DEGSIS01,DIKJUD,0.6100000143051147
DEHBIC,DIPMAS,0.5014405846595764
DEHBIC,DISROP,0.45409443974494934
DEHFUR,DIJWID,0.577775776386261
DEHHEG,DELTAQ02,1.0
DEHHEG,DELTAQ,1.0
DEHHEG,DELTAQ01,1.0
DEHHEG,DELTAQ03,1.0
DEHHEG,DEHHIK,0.9977757334709167
DEHHEG,DEHHOQ,0.9974996447563171
DEHHOQ,DELTAQ02,0.9974996447563171
DEHHOQ,DELTAQ,0.9974996447563171
DEHHOQ,DELTAQ03,0.9974996447563171
DEHHOQ,DELTAQ01,0.9974996447563171
DEHHOQ,DEZCER,0.5235294103622437
DEHYEV,DINDUZ01,0.5297663807868958
DEHYEV,DINDUZ,0.5297663807868958
DEJCEB,DEPXAY,1.0
DEJCEB,DEJCIF,0.9965804815292358
DEJCEB,DESHOZ,0.9962353706359863
DEJCIF,DEPXAY,0.9965804815292358
DEJTES,DEJTIW,1.0
DEKBON,DELGIN,0.9922806620597839
DEKCEE,DEKCII,0.9996340870857239
DEKLEL,DEKLIP,0.9978838562965393
DEKPAL,DEKPEP,1.0
DEKPAL,DINDUZ,0.5708376169204712
DEKPAL,DINDUZ01,0.5708376169204712
DEKPEP,DINDUZ,0.5708376169204712
DEKPEP,DINDUZ01,0.5708376169204712
DEKZEA,DEKZIE,0.925000011920929
DEKZEA,DEKZOK,0.925000011920929
DEKZEA,DELBED,0.925000011920929
DEKZIE,DELBED,1.0
DEKZIE,DEKZOK,1.0
DEKZOK,DELBED,1.0
DELTAQ,DELTAQ01,1.0
DELTAQ,DELTAQ02,1.0
DELTAQ,DELTAQ03,1.0
DELTAQ01,DELTAQ02,1.0
DELTAQ01,DELTAQ03,1.0
DELTAQ02,DELTAQ03,1.0
DENFUA,DENGAH,1.0
DENGAH,DEYNIG,0.9950717687606812
DENQEV,DENQIZ,0.625
DENTEW01,DENVIC,1.0
DENTEW01,DENVEY,0.9970499873161316
DENTEW01,DENVOI,0.9968591928482056
DENTEW01,DILJOA,0.4382384717464447
DENVEY,DENVIC,0.9970499873161316
DENVEY,DENVOI,0.9959419965744019
DENVEY,DILJOA,0.43732133507728577
DENVIC,DENVOI,0.9968591928482056
DENVIC,DILJOA,0.4382384717464447
DENVOI,DILJOA,0.4413793087005615
DEPJIR,DEPJIR01,1.0
DEPVUQ,DEPWAX,1.0
DEPXAY,DESHOZ,0.9962353706359863
DEPXIG,DEPXOM,1.0
DEPXIG,CIGXIA,0.9989085793495178
DEPXOM,CIGXIA,0.9989085793495178
DESVIJ,DESVOP,0.9998192191123962
DESVIJ,DIXBOC,0.46687832474708557
DESVOP,DIXBOC,0.46670037508010864
DETRAX,DIXCET,0.9683489799499512
DEXKEZ,DIMDAG,0.6970500349998474
DEXXAF,DIGYIE,0.20098385214805603
DEXZIR,DIPNIB,0.5746133923530579
DEXZIS,DIGTEU,0.10000000149011612
DEYVUA,DOBGAD01,0.7431103587150574
DEYVUA,DOBGAD,0.7431103587150574
DEZCAO,DEZCES,0.9997506737709045
DEZCAO,DEZCIW,0.9977757334709167
DEZCES,DEZCIW,0.9965023994445801
DEZKAW,DEZKEA,1.0
DIBJEF,DIBJIJ,0.9999999403953552
DIBQEM,DIBQIQ,0.9999999403953552
DIBQEM,DIBQOW,0.9999999403953552
DIBQIQ,DIBQOW,0.9999999403953552
DIBZEU,DITKAT,0.9890161752700806
DIBZEU,DITKAT01,0.9890161752700806
DIBZEV,DIBZOF,1.0
DIBZEV,DIBZIZ,0.9991083145141602
DIBZIZ,DIBZOF,0.9991083145141602
DIBZIZ,DINFOX,0.44236767292022705
DICPUD,DIWMUT,0.5994032025337219
DIDBAV,DIDBEZ,0.9999999403953552
DIDBAV,DIDBID,0.9999999403953552
DIDBAV,DIDBOJ,0.9999999403953552
DIDBEZ,DIDBID,0.9999999403953552
DIDBEZ,DIDBOJ,0.9999999403953552
DIDBID,DIDBOJ,0.9999999403953552
DIGTEU,DIGTIY,0.9991083145141602
DIGTEU,DIGTOE,0.9958264827728271
DIGTEU,DIGTUK,0.9438939094543457
DIGTIY,DIGTOE,0.9966550469398499
DIGTIY,DIGTUK,0.9344717264175415
DIGTOE,DIGTUK,0.9445696473121643
DIHVIB,DIHVIB01,1.0
DIJCOP,DIJCOP01,1.0
DINDUZ,DINDUZ01,1.0
DINQUM,DINTID,1.0
DINQUM,DIPGAK,0.4374999701976776
DINTID,DIPGAK,0.4374999701976776
DINYEG,DINYEG01,1.0
DINYEG,DIXBET,0.9978553056716919
DINYEG,DIXBET01,0.9978553056716919
DINYEG01,DIXBET,0.9978553056716919
DINYEG01,DIXBET01,0.9978553056716919
DIQHAO,DIQHAO01,0.9999999403953552
DIQHAO,DIRLIB,0.9972895383834839
DIQHAO01,DIRLIB,0.9972895383834839
DIRPOL,DIRPUR,1.0
DIRTEG,DOBGAD01,0.6670910120010376
DIRTEG,DOBGAD,0.6670910120010376
DITGUL,DITRUW,1.0
DITGUL,DITRIK,1.0
DITGUL,DITJIC,1.0
DITGUL,DITSAD,1.0
DITGUL,DITROQ,1.0
DITGUL,DITJAU,0.64000004529953
DITGUL,DITROQ01,0.4272727370262146
DITHAS,DITJOI,1.0
DITHAS,DITHEW01,1.0
DITHAS,DITHOG,1.0
DITHAS,DITHUM,1.0
DITHAS,DITJEY,1.0
DITHEW,DITJOI,1.0
DITHEW,DITHEW01,1.0
DITHEW,DITHOG,1.0
DITHEW,DITHUM,1.0
DITHEW,DITJEY,1.0
DITHEW,DITJEY01,1.0
DITHEW01,DITJOI,1.0
DITHEW01,DITHOG,1.0
DITHEW01,DITHUM,1.0
DITHEW01,DITJEY,1.0
DITHEW01,DITJEY01,1.0
DITHOG,DITJOI,1.0
DITHOG,DITHUM,1.0
DITHOG,DITJEY,1.0
DITHOG,DITJEY01,1.0
DITHUM,DITJOI,1.0
DITHUM,DITJEY,1.0
DITHUM,DITJEY01,1.0
DITJAU,DITSAD,0.64000004529953
DITJAU,DITRIK,0.64000004529953
DITJAU,DITROQ,0.64000004529953
DITJAU,DITRUW,0.64000004529953
DITJAU,DITROQ01,0.5064516067504883
DITJEY,DITJOI,1.0
DITJEY01,DITJOI,1.0
DITJIB,DITJOH,0.9950140714645386
DITJIC,DITRUW,1.0
DITJIC,DITROQ,1.0
DITJIC,DITRIK,1.0
DITJIC,DITSAD,1.0
DITKAT,DITKAT01,1.0
DITPON,DITPUT,0.9972895383834839
DITPON,DIXVUC04,0.5189085602760315
DITPON,DIXVUC01,0.5189085602760315
DITPUT,DIXVUC04,0.5196292400360107
DITPUT,DIXVUC01,0.5196292400360107
DITRIK,DITSAD,1.0
DITRIK,DITROQ,1.0
DITRIK,DITRUW,1.0
DITRIK,DITROQ01,0.4272727370262146
DITROQ,DITSAD,1.0
DITROQ,DITRUW,1.0
DITROQ01,DITRUW,0.4272727370262146
DITROQ01,DITSAD,0.4272727370262146
DITRUW,DITSAD,1.0
DITYOW,DIXVUC01,0.9985496997833252
DITYOW,DIXVUC03,0.9985496997833252
DITYOW,DIXVUC04,0.9985496997833252
DITYOW,DIXVUC02,0.9985496997833252
DITYOW,DIXVUC,0.9985496997833252
DIVMUR,DIVNAY,0.9957616925239563
DIVPUU,DIVQAB,1.0
DIVRAD,DIYREK,0.4709464907646179
DIWMON,DIWMUT,0.9966550469398499
DIWMON,DIWNAA,0.9344717264175415
DIWMUT,DIWNAA,0.9445696473121643
DIXBET,DIXBET01,1.0
DIXKUR,DIXKUR01,1.0
DIXNUV,DIXNUV01,1.0
DIXVUC,DIXVUC01,1.0
DIXVUC,DIXVUC04,1.0
DIXVUC,DIXVUC03,1.0
DIXVUC,DIXVUC02,1.0
DIXVUC01,DIXVUC04,1.0
DIXVUC01,DIXVUC03,1.0
DIXVUC01,DIXVUC02,1.0
DIXVUC02,DIXVUC04,1.0
DIXVUC02,DIXVUC03,1.0
DIXVUC03,DIXVUC04,1.0
DOBGAD,DOBGAD01,1.0
RUBTAK02,SURKAT,1.0
