source,target,weight
ABAVIJ,ABAVOP,0.9999999403953552
ABAVIJ,ABAVUV,0.9999999403953552
ABAVIJ,ACICOH,0.9997506737709045
ABAVIJ,AHEMEG,0.9996275901794434
ABAVIJ,AHETAK,0.9999999403953552
ABAVIJ,AKOXIJ,0.9997506737709045
ABAVIJ,AVAQIX,0.9939473867416382
ABAVIJ,AVAQIX01,0.9939473867416382
ABAVIJ,BAHGUN,0.9996275901794434
ABAVIJ,BAHGUN01,0.9996275901794434
ABAVIJ,BAHGUN02,0.9996275901794434
ABAVIJ,BAHGUN03,0.9996275901794434
ABAVIJ,BAHGUN04,0.9996275901794434
ABAVIJ,BIPXIK,0.9999999403953552
ABAVIJ,BOWDIC,0.9999999403953552
ABAVIJ,BOWDOI,0.9999999403953552
ABAVIJ,BOWDUO,0.9999999403953552
ABAVIJ,BUVNIR,0.9977757334709167
ABAVIJ,BUXCAZ,0.9695334434509277
ABAVIJ,CESNUM,0.9939473867416382
ABAVIJ,CESYEF,0.9971376657485962
ABAVIJ,CESYEF01,0.9971376657485962
ABAVIJ,CEYPUT,0.9999999403953552
ABAVIJ,CEYPUT01,0.9999999403953552
ABAVIJ,CIJBEE,0.9999999403953552
ABAVIJ,DARYIF,0.9977757334709167
ABAVIJ,DIWFAT,0.9972895383834839
ABAVOP,ABAVUV,0.9999999403953552
ABAVOP,ACICOH,0.9997506737709045
ABAVOP,AHEMEG,0.9996275901794434
ABAVOP,AHETAK,0.9999999403953552
ABAVOP,AKOXIJ,0.9997506737709045
ABAVOP,AVAQIX,0.9939473867416382
ABAVOP,AVAQIX01,0.9939473867416382
ABAVOP,BAHGUN,0.9996275901794434
ABAVOP,BAHGUN01,0.9996275901794434
ABAVOP,BAHGUN02,0.9996275901794434
ABAVOP,BAHGUN03,0.9996275901794434
ABAVOP,BAHGUN04,0.9996275901794434
ABAVOP,BIPXIK,0.9999999403953552
ABAVOP,BOWDIC,0.9999999403953552
ABAVOP,BOWDOI,0.9999999403953552
ABAVOP,BOWDUO,0.9999999403953552
ABAVOP,BUVNIR,0.9977757334709167
ABAVOP,BUXCAZ,0.9695334434509277
ABAVOP,CESNUM,0.9939473867416382
ABAVOP,CESYEF,0.9971376657485962
ABAVOP,CESYEF01,0.9971376657485962
ABAVOP,CEYPUT,0.9999999403953552
ABAVOP,CEYPUT01,0.9999999403953552
ABAVOP,CIJBEE,0.9999999403953552
ABAVOP,DARYIF,0.9977757334709167
ABAVOP,DIWFAT,0.9972895383834839
ABAVUV,ACICOH,0.9997506737709045
ABAVUV,AHEMEG,0.9996275901794434
ABAVUV,AHETAK,0.9999999403953552
ABAVUV,AKOXIJ,0.9997506737709045
ABAVUV,AVAQIX,0.9939473867416382
ABAVUV,AVAQIX01,0.9939473867416382
ABAVUV,BAHGUN,0.9996275901794434
ABAVUV,BAHGUN01,0.9996275901794434
ABAVUV,BAHGUN02,0.9996275901794434
ABAVUV,BAHGUN03,0.9996275901794434
ABAVUV,BAHGUN04,0.9996275901794434
ABAVUV,BIPXIK,0.9999999403953552
ABAVUV,BOWDIC,0.9999999403953552
ABAVUV,BOWDOI,0.9999999403953552
ABAVUV,BOWDUO,0.9999999403953552
ABAVUV,BUVNIR,0.9977757334709167
ABAVUV,BUXCAZ,0.9695334434509277
ABAVUV,CESNUM,0.9939473867416382
ABAVUV,CESYEF,0.9971376657485962
ABAVUV,CESYEF01,0.9971376657485962
ABAVUV,CEYPUT,0.9999999403953552
ABAVUV,CEYPUT01,0.9999999403953552
ABAVUV,CIJBEE,0.9999999403953552
ABAVUV,DARYIF,0.9977757334709167
ABAVUV,DIWFAT,0.9972895383834839
ABAYIM,ABAYOS,1.0
ABAYIM,ABAYOS01,1.0
ABAYIM,ASUQOV,0.9821665287017822
ABAYIM,DEGBOI,0.9794056415557861
ABAYIM,DEGBUO,0.9848994612693787
ABAYIO,ABAYOU,0.9972895383834839
ABAYIO,ABEMIF,0.9950717687606812
ABAYIO,ACIBOE,0.9974996447563171
ABAYIO,AFUPEX,0.9775062203407288
ABAYIO,AGIREP,0.9974996447563171
ABAYIO,AVIHIY,0.9781452417373657
ABAYIO,AVIHOE,0.9775062203407288
ABAYIO,AVUCEA,0.9972895383834839
ABAYIO,AWOFOI,0.9606602787971497
ABAYIO,BEQKAM,0.9974996447563171
ABAYIO,BEVSUR,0.9855749607086182
ABAYIO,BODPAN,0.9950717687606812
ABAYIO,BOHWUS,0.9932109713554382
ABAYIO,CADPII,0.9974996447563171
ABAYIO,CARGEK,0.9873164296150208
ABAYIO,CAVWOO,0.9781520962715149
ABAYIO,CEHKUW,0.9970499873161316
ABAYIO,CEHLAD,0.9974996447563171
ABAYIO,CERPOF,0.9819706082344055
ABAYIO,CERPOF01,0.9819706082344055
ABAYIO,CIBTIT,1.0
ABAYIO,CIFMIP,0.9972895383834839
ABAYIO,CIPLIX,0.9972895383834839
ABAYIO,COSWEO,0.9618924260139465
ABAYIO,CUFDOX,0.9846089482307434
ABAYIO,CUFDUD,0.9846089482307434
ABAYIO,CUFFEP,0.9846089482307434
ABAYIO,CUFFIT,0.9846089482307434
ABAYIO,CUFFOZ,0.9846089482307434
ABAYIO,CUFFUF,0.9846089482307434
ABAYIO,CUMLUT,0.9970499873161316
ABAYIO,DEPXIG,1.0
ABAYIO,DEPXOM,1.0
ABAYIO,DIGPER,0.9786702990531921
ABAYIO,DIHVIB,0.9950717687606812
ABAYIO,DIHVIB01,0.9950717687606812
ABAYIO,CIGXIA,0.9989085793495178
ABAYOS,ABAYOS01,1.0
ABAYOS,ASUQOV,0.9821665287017822
ABAYOS,DEGBOI,0.9794056415557861
ABAYOS,DEGBUO,0.9848994612693787
ABAYOS01,ASUQOV,0.9821665287017822
ABAYOS01,DEGBOI,0.9794056415557861
ABAYOS01,DEGBUO,0.9848994612693787
ABAYOU,ABEMIF,0.9996275901794434
ABAYOU,ACIBOE,0.9977757334709167
ABAYOU,AFUPEX,0.9703232049942017
ABAYOU,AGIREP,0.9977757334709167
ABAYOU,AVIHIY,0.9693748354911804
ABAYOU,AVIHOE,0.9703232049942017
ABAYOU,AVUCEA,0.9999999403953552
ABAYOU,AWOFOI,0.9650025963783264
ABAYOU,BEQKAM,0.9977757334709167
ABAYOU,BEVSUR,0.977738082408905
ABAYOU,BODPAN,0.9996275901794434
ABAYOU,BOHWUS,0.9877029657363892
ABAYOU,CADPII,0.9977757334709167
ABAYOU,CARGEK,0.9865953922271729
ABAYOU,CAVWOO,0.9692751169204712
ABAYOU,CEHKUW,0.9939473867416382
ABAYOU,CEHLAD,0.9977757334709167
ABAYOU,CERPOF,0.9788232445716858
ABAYOU,CERPOF01,0.9788232445716858
ABAYOU,CIBTIT,0.9972895383834839
ABAYOU,CIFMIP,0.9999999403953552
ABAYOU,CIPLIX,0.9999999403953552
ABAYOU,COSWEO,0.9499646425247192
ABAYOU,CUFDOX,0.9809048175811768
ABAYOU,CUFDUD,0.9809048175811768
ABAYOU,CUFFEP,0.9809048175811768
ABAYOU,CUFFIT,0.9809048175811768
ABAYOU,CUFFOZ,0.9809048175811768
ABAYOU,CUFFUF,0.9809048175811768
ABAYOU,CUMLUT,0.9939473867416382
ABAYOU,DEPXIG,0.9972895383834839
ABAYOU,DEPXOM,0.9972895383834839
ABAYOU,DIGPER,0.9692261815071106
ABAYOU,DIHVIB,0.9996275901794434
ABAYOU,DIHVIB01,0.9996275901794434
ABAYOU,CIGXIA,0.9996292591094971
ABEFUL,DIBJEF,0.9998192191123962
ABEFUL,DIBJIJ,0.9998192191123962
ABEMIF,ACIBOE,0.9965804815292358
ABEMIF,AFUPEX,0.9684330224990845
ABEMIF,AGIREP,0.9965804815292358
ABEMIF,AVIHIY,0.9668495655059814
ABEMIF,AVIHOE,0.9684330224990845
ABEMIF,AVUCEA,0.9996275901794434
ABEMIF,AWOFOI,0.9671784043312073
ABEMIF,BEQKAM,0.9965804815292358
ABEMIF,BEVSUR,0.9746922850608826
ABEMIF,BODPAN,1.0
ABEMIF,BOHWUS,0.9851822853088379
ABEMIF,CADPII,0.9965804815292358
ABEMIF,CARGEK,0.9866888523101807
ABEMIF,CAVWOO,0.9666798710823059
ABEMIF,CEHKUW,0.9922806620597839
ABEMIF,CEHLAD,0.9965804815292358
ABEMIF,CERPOF,0.9784445762634277
ABEMIF,CERPOF01,0.9784445762634277
ABEMIF,CIBTIT,0.9950717687606812
ABEMIF,CIFMIP,0.9996275901794434
ABEMIF,CIPLIX,0.9996275901794434
ABEMIF,COSWEO,0.9463676810264587
ABEMIF,CUFDOX,0.9801634550094604
ABEMIF,CUFDUD,0.9801634550094604
ABEMIF,CUFFEP,0.9801634550094604
ABEMIF,CUFFIT,0.9801634550094604
ABEMIF,CUFFOZ,0.9801634550094604
ABEMIF,CUFFUF,0.9801634550094604
ABEMIF,CUMLUT,0.9922806620597839
ABEMIF,DEPXIG,0.9950717687606812
ABEMIF,DEPXOM,0.9950717687606812
ABEMIF,DIGPER,0.9663447737693787
ABEMIF,DIHVIB,1.0
ABEMIF,DIHVIB01,1.0
ABEMIF,CIGXIA,0.9985496997833252
ABIWOX,ADONEP,0.9996275901794434
ABIWOX,AVIPAX,0.9963152408599854
ABIWOX,AVIPOL,0.9963152408599854
ABIWOX,BIYSUZ,0.970555305480957
ABIWOX,BIYTAG,0.9650025963783264
ABIWOX,BIYTOU,0.9972895383834839
ABIWOX,BIYVEM,0.9680224657058716
ABIWOX,BIYVIQ,0.9702855944633484
ABIWOX,BUKMUQ,0.9977757334709167
ABIWOX,BUKMUQ01,0.9977757334709167
ABIWOX,DITHAS,0.9963989853858948
ABIWOX,DITHEW,0.9963989853858948
ABIWOX,DITHEW01,0.9963989853858948
ABIWOX,DITHOG,0.9963989853858948
ABIWOX,DITHUM,0.9963989853858948
ABIWOX,DITJEY,0.9963989853858948
ABIWOX,DITJEY01,0.9963989853858948
ABIWOX,DITJOI,0.9963989853858948
ABUFOU,ABUFUA,0.9989085793495178
ABUFOU,CUTKUY,0.9819706082344055
ABUFUA,CUTKUY,0.9800522327423096
ABUWOJ,ACOBEC,0.9835813641548157
ABUWOJ,ADEGIA,0.9665710926055908
ABUWOJ,ADEGIA01,0.9665710926055908
ABUWOJ,ALEQIT,0.9657220840454102
ABUWOJ,ALOVEC,0.9918119311332703
ABUWOJ,ALUJEX,0.9674572348594666
ABUWOJ,ALUJIB,0.9519691467285156
ABUWOJ,ALUJOH,0.9643369913101196
ABUWOJ,ALUJUN,0.9731441140174866
ABUWOJ,ALUKAU,0.9663969278335571
ABUWOJ,AMIXIE,0.9667468070983887
ABUWOJ,AMIXOK,0.9643369913101196
ABUWOJ,AMIXUQ,0.9672327637672424
ABUWOJ,ASOHUL,0.9918119311332703
ABUWOJ,ATIJOC,0.9674572348594666
ABUWOJ,ATIJUI,0.9637575149536133
ABUWOJ,ATIKAP,0.9665710926055908
ABUWOJ,ATIKET,0.9663969278335571
ABUWOJ,ATIKIX,0.9731441140174866
ABUWOJ,ATOTIM,0.9918119311332703
ABUWOJ,AVAQAP,0.9643369913101196
ABUWOJ,AVAQET,0.9649213552474976
ABUWOJ,AVOFUM,0.9944032430648804
ABUWOJ,BADHIA,0.9835813641548157
ABUWOJ,BADHOG,0.9835813641548157
ABUWOJ,BADHUM,0.9835813641548157
ABUWOJ,BADHUM01,0.9835813641548157
ABUWOJ,BADJAU,0.9835813641548157
ABUWOJ,BADJIC,0.9835813641548157
ABUWOJ,BADZAK,1.0
ABUWOJ,BEBFIY,0.9592462778091431
ABUWOJ,BESKUI,0.9838886857032776
ABUWOJ,BOJYIK,0.9657220840454102
ABUWOJ,BOJYIK01,0.9657220840454102
ABUWOJ,BUKLOJ,0.9977757334709167
ABUWOJ,BUKLOJ01,0.9977757334709167
ABUWOJ,BUPVIT,0.9519691467285156
ABUWOJ,BUVHEH,0.9519691467285156
ABUWOJ,CAVMUJ,0.9835813641548157
ABUWOJ,CAVMUJ01,0.9835813641548157
ABUWOJ,CAVMUJ02,0.9835813641548157
ABUWOJ,CAXTAY,0.9927337765693665
ABUWOJ,CEJXOG,0.9667468070983887
ABUWOJ,CELDAA,0.9519691467285156
ABUWOJ,COMDOY,0.9911001920700073
ABUWOJ,CUZBUW,0.9977757334709167
ABUWOJ,DIQGUH,0.9386109709739685
ABUWOJ,RUBTAK02,0.9838886857032776
ABUWOJ,SABVUN01,0.9927337765693665
ABUWOJ,SURKAT,0.9838886857032776
ACAKUM,ACALAT,0.9987545013427734
ACAKUM,ACALEX,0.9985291957855225
ACAKUM,ACALIB,0.9978838562965393
ACALAT,ACALEX,0.9998192191123962
ACALAT,ACALIB,0.999313473701477
ACALEX,ACALIB,0.9994291663169861
ACIBIY,CNPRCV,0.9996275901794434
ACIBOE,AFUPEX,0.9664711356163025
ACIBOE,AGIREP,1.0
ACIBOE,AVIHIY,0.9666504263877869
ACIBOE,AVIHOE,0.9664711356163025
ACIBOE,AVUCEA,0.9977757334709167
ACIBOE,AWOFOI,0.9519691467285156
ACIBOE,BEQKAM,1.0
ACIBOE,BEVSUR,0.9731441140174866
ACIBOE,BODPAN,0.9965804815292358
ACIBOE,BOHWUS,0.9838886857032776
ACIBOE,CADPII,1.0
ACIBOE,CARGEK,0.9871268272399902
ACIBOE,CAVWOO,0.9663969278335571
ACIBOE,CEHKUW,0.9962353706359863
ACIBOE,CEHLAD,1.0
ACIBOE,CERPOF,0.9797663688659668
ACIBOE,CERPOF01,0.9797663688659668
ACIBOE,CIBTIT,0.9974996447563171
ACIBOE,CIFMIP,0.9977757334709167
ACIBOE,CIPLIX,0.9977757334709167
ACIBOE,COSWEO,0.9455037117004395
ACIBOE,CUFDOX,0.9795385599136353
ACIBOE,CUFDUD,0.9795385599136353
ACIBOE,CUFFEP,0.9795385599136353
ACIBOE,CUFFIT,0.9795385599136353
ACIBOE,CUFFOZ,0.9795385599136353
ACIBOE,CUFFUF,0.9795385599136353
ACIBOE,CUMLUT,0.9962353706359863
ACIBOE,DEPXIG,0.9974996447563171
ACIBOE,DEPXOM,0.9974996447563171
ACIBOE,DIGPER,0.9665710926055908
ACIBOE,DIHVIB,0.9965804815292358
ACIBOE,DIHVIB01,0.9965804815292358
ACIBOE,CIGXIA,0.9982883334159851
ACICOH,AHEMEG,0.9999494552612305
ACICOH,AHETAK,0.9997506737709045
ACICOH,AKOXIJ,1.0
ACICOH,AVAQIX,0.9921966195106506
ACICOH,AVAQIX01,0.9921966195106506
ACICOH,BAHGUN,0.9999494552612305
ACICOH,BAHGUN01,0.9999494552612305
ACICOH,BAHGUN02,0.9999494552612305
ACICOH,BAHGUN03,0.9999494552612305
ACICOH,BAHGUN04,0.9999494552612305
ACICOH,BIPXIK,0.9997506737709045
ACICOH,BOWDIC,0.9997506737709045
ACICOH,BOWDOI,0.9997506737709045
ACICOH,BOWDUO,0.9997506737709045
ACICOH,BUVNIR,0.9965023994445801
ACICOH,BUXCAZ,0.967766523361206
ACICOH,CESNUM,0.9921966195106506
ACICOH,CESYEF,0.9969134330749512
ACICOH,CESYEF01,0.9969134330749512
ACICOH,CEYPUT,0.9997506737709045
ACICOH,CEYPUT01,0.9997506737709045
ACICOH,CIJBEE,0.9997506737709045
ACICOH,DARYIF,0.9965023994445801
ACICOH,DIWFAT,0.9955241084098816
ACMPCD,DEFFEC,0.9968591928482056
ACOBEC,ADEGIA,0.9856320023536682
ACOBEC,ADEGIA01,0.9856320023536682
ACOBEC,ALEQIT,0.9858130216598511
ACOBEC,ALOVEC,0.9974375367164612
ACOBEC,ALUJEX,0.9863672256469727
ACOBEC,ALUJIB,0.9736005067825317
ACOBEC,ALUJOH,0.9862913489341736
ACOBEC,ALUJUN,0.9952925443649292
ACOBEC,ALUKAU,0.9850555658340454
ACOBEC,AMIXIE,0.983954906463623
ACOBEC,AMIXOK,0.9862913489341736
ACOBEC,AMIXUQ,0.9822522401809692
ACOBEC,ASOHUL,0.9974375367164612
ACOBEC,ATIJOC,0.9863672256469727
ACOBEC,ATIJUI,0.9887824058532715
ACOBEC,ATIKAP,0.9856320023536682
ACOBEC,ATIKET,0.9850555658340454
ACOBEC,ATIKIX,0.9952925443649292
ACOBEC,ATOTIM,0.9974375367164612
ACOBEC,AVAQAP,0.9862913489341736
ACOBEC,AVAQET,0.9871367812156677
ACOBEC,AVOFUM,0.9887474179267883
ACOBEC,BADHIA,1.0
ACOBEC,BADHOG,1.0
ACOBEC,BADHUM,1.0
ACOBEC,BADHUM01,1.0
ACOBEC,BADJAU,1.0
ACOBEC,BADJIC,1.0
ACOBEC,BADZAK,0.9835813641548157
ACOBEC,BEBFIY,0.9930317997932434
ACOBEC,BESKUI,0.9972875118255615
ACOBEC,BOJYIK,0.9858130216598511
ACOBEC,BOJYIK01,0.9858130216598511
ACOBEC,BUKLOJ,0.9885473847389221
ACOBEC,BUKLOJ01,0.9885473847389221
ACOBEC,BUPVIT,0.9736005067825317
ACOBEC,BUVHEH,0.9736005067825317
ACOBEC,CAVMUJ,1.0
ACOBEC,CAVMUJ01,1.0
ACOBEC,CAVMUJ02,1.0
ACOBEC,CAXTAY,0.9797062277793884
ACOBEC,CEJXOG,0.983954906463623
ACOBEC,CELDAA,0.9736005067825317
ACOBEC,COMDOY,0.9854570031166077
ACOBEC,CUZBUW,0.9885473847389221
ACOBEC,DIQGUH,0.9810920357704163
ACOBEC,RUBTAK02,0.9972875118255615
ACOBEC,SABVUN01,0.9797062277793884
ACOBEC,SURKAT,0.9972875118255615
ACODAA,ACODEE,1.0
ACODED,ACODIH,0.9965804815292358
ACODED,ACODON,0.968285083770752
ACODED,BELTOD,0.9950717687606812
ACODED,BELTUJ,0.9996275901794434
ACODED,BELVAR,0.9950717687606812
ACODED,BELVEV,0.9950717687606812
ACODED,BIJTAS,0.9666798710823059
ACODED,CESQUP,0.9965804815292358
ACODED,COGNAO,0.9965804815292358
ACODED,DARCOQ,0.9746922850608826
ACODED,DARCUW,0.966277003288269
ACODED,DARDAD,0.9670557975769043
ACODED,DARDEH,0.9649368524551392
ACODED,DARDIL,0.9671105742454529
ACODED,DARDOR,0.9663447737693787
ACODED,DARDUX,0.968285083770752
ACODED,DARFAF,0.9666798710823059
ACODED,DARFEJ,0.9668495655059814
ACODED,DARFIN,0.9668148159980774
ACODED,DARFOT,0.9684330224990845
ACODIH,ACODON,0.9657220840454102
ACODIH,BELTOD,0.9974996447563171
ACODIH,BELTUJ,0.9977757334709167
ACODIH,BELVAR,0.9974996447563171
ACODIH,BELVEV,0.9974996447563171
ACODIH,BIJTAS,0.9663969278335571
ACODIH,CESQUP,1.0
ACODIH,COGNAO,1.0
ACODIH,DARCOQ,0.9731441140174866
ACODIH,DARCUW,0.9672327637672424
ACODIH,DARDAD,0.9670689702033997
ACODIH,DARDEH,0.9649213552474976
ACODIH,DARDIL,0.9652349948883057
ACODIH,DARDOR,0.9665710926055908
ACODIH,DARDUX,0.9657220840454102
ACODIH,DARFAF,0.9663969278335571
ACODIH,DARFEJ,0.9666504263877869
ACODIH,DARFIN,0.9667468070983887
ACODIH,DARFOT,0.9664711356163025
ACODON,BELTOD,0.9775111675262451
ACODON,BELTUJ,0.9702855944633484
ACODON,BELVAR,0.9775111675262451
ACODON,BELVEV,0.9775111675262451
ACODON,BIJTAS,0.9995911717414856
ACODON,CESQUP,0.9657220840454102
ACODON,COGNAO,0.9657220840454102
ACODON,DARCOQ,0.9967017769813538
ACODON,DARCUW,0.9987759590148926
ACODON,DARDAD,0.9991527795791626
ACODON,DARDEH,0.9990724921226501
ACODON,DARDIL,0.9998192191123962
ACODON,DARDOR,0.9992827773094177
ACODON,DARDUX,1.0
ACODON,DARFAF,0.9995911717414856
ACODON,DARFEJ,0.9995371103286743
ACODON,DARFIN,0.9994291663169861
ACODON,DARFOT,0.999731719493866
ACOFEG,ACOFIK,0.9998192191123962
ACOFEG,ACUREY,0.967766523361206
ACOFEG,DANFUW,0.967766523361206
ACOFIK,ACUREY,0.9688132405281067
ACOFIK,DANFUW,0.9688132405281067
ACOGAB,ACOGEF,1.0
ACOLOV,ADODII,0.9812385439872742
ACOLOV,ADODOO,0.9801182150840759
ACOLOV,ADODUU,0.9808584451675415
ACOLOV,CAZNEY,0.9939473867416382
ACOVEU,AHIJOQ,0.9788232445716858
ACOVEU,AHIJOQ01,0.9788232445716858
ACOVEU,BAKWIV,0.9705662131309509
ACOVEU,BIRGAM,0.9939473867416382
ACOVEU,CATART03,0.9463374614715576
ACOVEU,CATART04,0.9463374614715576
ACOVEU,CEKYIC,0.9939473867416382
ACOVEU,COZGED,0.9683489799499512
ACOVEU,COZGED01,0.9683489799499512
ACOVEU,CUGQUR,0.9499646425247192
ACOVEU,CUGREC,0.9463374614715576
ACOVEU,CUGROM,0.9463374614715576
ACOVEU,CUGSIH,0.94106525182724
ACOVEU,CUGSON,0.94106525182724
ACOVEU,CUGSUT,0.94106525182724
ACOVEU,DEHBIC,0.9692261815071106
ACUBOP,ACUBOP01,1.0
ACUBOP,BIVXAG,0.9939473867416382
ACUBOP,BUQWER,0.9922806620597839
ACUBOP,CEJFOO,0.9939473867416382
ACUBOP,CEJFUU,0.9970499873161316
ACUBOP,CEJGAB,0.9955214262008667
ACUBOP,CURSEO,0.9955214262008667
ACUBOP,DEGSIS,0.9922806620597839
ACUBOP,DEGSIS01,0.9922806620597839
ACUBOP01,BIVXAG,0.9939473867416382
ACUBOP01,BUQWER,0.9922806620597839
ACUBOP01,CEJFOO,0.9939473867416382
ACUBOP01,CEJFUU,0.9970499873161316
ACUBOP01,CEJGAB,0.9955214262008667
ACUBOP01,CURSEO,0.9955214262008667
ACUBOP01,DEGSIS,0.9922806620597839
ACUBOP01,DEGSIS01,0.9922806620597839
ACUGAH,AQEGUZ,0.9514781832695007
ACUREY,DANFUW,1.0
ACUWIH,ACUWON,0.9972895383834839
ACUXUU,ACUYAB,1.0
ADASEF,DACZUF,0.9996275901794434
ADASIJ,ADASOP,0.9965804815292358
ADASIJ,ADASUV,0.9996275901794434
ADASIJ,BUCWAZ,0.9562806487083435
ADASOP,ADASUV,0.9977757334709167
ADASOP,BUCWAZ,0.9602353572845459
ADASUV,BUCWAZ,0.9579473733901978
ADATOQ,ADATUW,1.0
ADATOQ,ADAVEI,1.0
ADATUW,ADAVEI,1.0
ADEGIA,ADEGIA01,1.0
ADEGIA,ALEQIT,0.9992827773094177
ADEGIA,ALOVEC,0.9814549684524536
ADEGIA,ALUJEX,0.997765302658081
ADEGIA,ALUJIB,0.9779111742973328
ADEGIA,ALUJOH,0.9964936971664429
ADEGIA,ALUJUN,0.9968496561050415
ADEGIA,ALUKAU,0.999916136264801
ADEGIA,AMIXIE,0.9998304843902588
ADEGIA,AMIXOK,0.9964936971664429
ADEGIA,AMIXUQ,0.9995509386062622
ADEGIA,ASOHUL,0.9814549684524536
ADEGIA,ATIJOC,0.997765302658081
ADEGIA,ATIJUI,0.9989266395568848
ADEGIA,ATIKAP,1.0
ADEGIA,ATIKET,0.999916136264801
ADEGIA,ATIKIX,0.9968496561050415
ADEGIA,ATOTIM,0.9814549684524536
ADEGIA,AVAQAP,0.9964936971664429
ADEGIA,AVAQET,0.9996404051780701
ADEGIA,AVOFUM,0.9812976121902466
ADEGIA,BADHIA,0.9856320023536682
ADEGIA,BADHOG,0.9856320023536682
ADEGIA,BADHUM,0.9856320023536682
ADEGIA,BADHUM01,0.9856320023536682
ADEGIA,BADJAU,0.9856320023536682
ADEGIA,BADJIC,0.9856320023536682
ADEGIA,BADZAK,0.9665710926055908
ADEGIA,BEBFIY,0.9762802720069885
ADEGIA,BESKUI,0.9940944314002991
ADEGIA,BOJYIK,0.9992827773094177
ADEGIA,BOJYIK01,0.9992827773094177
ADEGIA,BUKLOJ,0.9692261815071106
ADEGIA,BUKLOJ01,0.9692261815071106
ADEGIA,BUPVIT,0.9779111742973328
ADEGIA,BUVHEH,0.9779111742973328
ADEGIA,CAVMUJ,0.9856320023536682
ADEGIA,CAVMUJ01,0.9856320023536682
ADEGIA,CAVMUJ02,0.9856320023536682
ADEGIA,CAXTAY,0.9552626609802246
ADEGIA,CEJXOG,0.9998304843902588
ADEGIA,CELDAA,0.9779111742973328
ADEGIA,COMDOY,0.9838084578514099
ADEGIA,CUZBUW,0.9692261815071106
ADEGIA,DIQGUH,0.985809862613678
ADEGIA,RUBTAK02,0.9940944314002991
ADEGIA,SABVUN01,0.9552626609802246
ADEGIA,SURKAT,0.9940944314002991
ADEGIA01,ALEQIT,0.9992827773094177
ADEGIA01,ALOVEC,0.9814549684524536
ADEGIA01,ALUJEX,0.997765302658081
ADEGIA01,ALUJIB,0.9779111742973328
ADEGIA01,ALUJOH,0.9964936971664429
ADEGIA01,ALUJUN,0.9968496561050415
ADEGIA01,ALUKAU,0.999916136264801
ADEGIA01,AMIXIE,0.9998304843902588
ADEGIA01,AMIXOK,0.9964936971664429
ADEGIA01,AMIXUQ,0.9995509386062622
ADEGIA01,ASOHUL,0.9814549684524536
ADEGIA01,ATIJOC,0.997765302658081
ADEGIA01,ATIJUI,0.9989266395568848
ADEGIA01,ATIKAP,1.0
ADEGIA01,ATIKET,0.999916136264801
ADEGIA01,ATIKIX,0.9968496561050415
ADEGIA01,ATOTIM,0.9814549684524536
ADEGIA01,AVAQAP,0.9964936971664429
ADEGIA01,AVAQET,0.9996404051780701
ADEGIA01,AVOFUM,0.9812976121902466
ADEGIA01,BADHIA,0.9856320023536682
ADEGIA01,BADHOG,0.9856320023536682
ADEGIA01,BADHUM,0.9856320023536682
ADEGIA01,BADHUM01,0.9856320023536682
ADEGIA01,BADJAU,0.9856320023536682
ADEGIA01,BADJIC,0.9856320023536682
ADEGIA01,BADZAK,0.9665710926055908
ADEGIA01,BEBFIY,0.9762802720069885
ADEGIA01,BESKUI,0.9940944314002991
ADEGIA01,BOJYIK,0.9992827773094177
ADEGIA01,BOJYIK01,0.9992827773094177
ADEGIA01,BUKLOJ,0.9692261815071106
ADEGIA01,BUKLOJ01,0.9692261815071106
ADEGIA01,BUPVIT,0.9779111742973328
ADEGIA01,BUVHEH,0.9779111742973328
ADEGIA01,CAVMUJ,0.9856320023536682
ADEGIA01,CAVMUJ01,0.9856320023536682
ADEGIA01,CAVMUJ02,0.9856320023536682
ADEGIA01,CAXTAY,0.9552626609802246
ADEGIA01,CEJXOG,0.9998304843902588
ADEGIA01,CELDAA,0.9779111742973328
ADEGIA01,COMDOY,0.9838084578514099
ADEGIA01,CUZBUW,0.9692261815071106
ADEGIA01,DIQGUH,0.985809862613678
ADEGIA01,RUBTAK02,0.9940944314002991
ADEGIA01,SABVUN01,0.9552626609802246
ADEGIA01,SURKAT,0.9940944314002991
ADEZUH,BUQROV,1.0
ADINCU,AGDCNM,0.9969467520713806
ADINCU,AGOWOL,0.965344250202179
ADINCU,AGOWUR,0.965344250202179
ADINCU,AGUWEG01,0.9368446469306946
ADINCU,AKECOK,0.9969467520713806
ADINCU,AXIGAR,0.9996275901794434
ADINCU,BALLOP,1.0
ADINCU,BASHAF,0.9950717687606812
ADINCU,BASHEJ,0.9996275901794434
ADINCU,BASHIN,0.9950717687606812
ADINCU,BASHOT,0.9985496997833252
ADINCU,BENZOL,0.937418520450592
ADINCU,BENZUR,0.9463676810264587
ADINCU,BEPBAB,0.9424089789390564
ADINCU,BEPFIN,0.9389952421188354
ADINCU,BEXQIF,0.9985496997833252
ADINCU,BEXQOL,0.9996275901794434
ADINCU,BEXQUR,0.9999494552612305
ADINCU,BEXRAY,0.9950717687606812
ADINCU,BEXREC,0.9996275901794434
ADINCU,BEXRIG,0.9999494552612305
ADINCU,BITCUE,0.9969467520713806
ADINCU,BOLGUF,0.9746922850608826
ADINCU,BOLHAM,0.9649368524551392
ADINCU,BOLHEQ,0.968285083770752
ADINCU,BOLHOA,0.9663447737693787
ADINCU,CDCACD,0.9922806620597839
ADINCU,CDCACD01,0.9922806620597839
ADINCU,CEVKET,1.0
ADINCU,CEVPID,1.0
ADINCU,CEVPID01,1.0
ADINCU,COGLOA,1.0
ADINCU,CUSYIA,1.0
ADINCU,CUSYOG,1.0
ADINCU,CUSYUM,1.0
ADINCU,CUSZAT,1.0
ADINCU,CUSZEX,1.0
ADINCU,CUSZIB,1.0
ADINCU,CUTCYM01,1.0
ADINCU,CUTCYM02,1.0
ADINCU,CUTMAH,1.0
ADINCU,CUXLEO,1.0
ADINCU,CUYDIL,1.0
ADINCU,DABMEB,0.9922806620597839
ADINCU,DABMUR,1.0
ADINCU,DACHAR,0.9969467520713806
ADINCU,DALCEZ,1.0
ADINCU,DALVAQ,0.9922806620597839
ADINCU,DALVEU,0.9666798710823059
ADINCU,DALVIY,0.9663447737693787
ADINCU,DANZEX,0.9950717687606812
ADINCU,DEHRIR,0.9969467520713806
ADINCU,DIBWUH,0.9999494552612305
ADINCU,DIBXAO,0.9996275901794434
ADIPUA,ADIQAH,1.0
ADODAA,BUKRUW,0.9965804815292358
ADODAA,BUKTAE,0.9965804815292358
ADODAA,BUKTEI,0.9965804815292358
ADODAA,BUKTIM,0.9965804815292358
ADODAA,BUKTOS,0.9965804815292358
ADODII,ADODOO,0.9987545013427734
ADODII,ADODUU,0.9985291957855225
ADODII,CAZNEY,0.970555305480957
ADODOO,ADODUU,0.9998192191123962
ADODOO,CAZNEY,0.9695334434509277
ADODUU,CAZNEY,0.9702855944633484
ADONEP,AVIPAX,0.9946607351303101
ADONEP,AVIPOL,0.9946607351303101
ADONEP,BIYSUZ,0.9684215784072876
ADONEP,BIYTAG,0.9671784043312073
ADONEP,BIYTOU,0.9950717687606812
ADONEP,BIYVEM,0.9649368524551392
ADONEP,BIYVIQ,0.968285083770752
ADONEP,BUKMUQ,0.9965804815292358
ADONEP,BUKMUQ01,0.9965804815292358
ADONEP,DITHAS,0.9978308081626892
ADONEP,DITHEW,0.9978308081626892
ADONEP,DITHEW01,0.9978308081626892
ADONEP,DITHOG,0.9978308081626892
ADONEP,DITHUM,0.9978308081626892
ADONEP,DITJEY,0.9978308081626892
ADONEP,DITJEY01,0.9978308081626892
ADONEP,DITJOI,0.9978308081626892
ADUFOX,BAXSIE,0.9954933524131775
ADUFOX,BOHXED,0.9932109713554382
ADUFOX,BOVLII,0.9781790375709534
ADUFOX,CAYQAV,0.9606602787971497
ADUWIH,ADUWON,0.9965023994445801
AFAFAR,ASUBIB,0.9996340870857239
AFAFAR,AZAYAD,0.9594981670379639
AFENOQ,AFENOQ01,0.9999999403953552
AFIPUB,AGEGOL,0.951238214969635
AFIPUB,AGESIP,0.9922806620597839
AFIPUB,BAQMOW,0.9970499873161316
AFIPUB,BAQMUC,0.9962353706359863
AFIPUB,BAQXOG,0.9970499873161316
AFIPUB,BAQXOG01,0.9970499873161316
AFIPUB,BAQXOG02,0.9970499873161316
AFIPUB,BAQXOG03,0.9970499873161316
AFIPUB,BITLUL,0.9837952852249146
AFIPUB,COZSIU,0.9856033325195312
AFIPUB,DECVIT,0.9837952852249146
AFIXAO,AFIXES,0.9999999403953552
AFIXAO,BAYPUN,0.9881815314292908
AFIXAO,BAYQAU,0.9939473867416382
AFIXAO,BAYQAU01,0.9939473867416382
AFIXAO,BAYQAU11,0.9939473867416382
AFIXAO,CUIMDZ01,0.9996275901794434
AFIXAO,CUIMDZ03,0.9996275901794434
AFIXES,BAYPUN,0.9881815314292908
AFIXES,BAYQAU,0.9939473867416382
AFIXES,BAYQAU01,0.9939473867416382
AFIXES,BAYQAU11,0.9939473867416382
AFIXES,CUIMDZ01,0.9996275901794434
AFIXES,CUIMDZ03,0.9996275901794434
AFOJIO,AGONAM,0.9821406006813049
AFOJIO,AGONEQ,0.9821406006813049
AFOJIO,AHEFAU,0.9728715419769287
AFOJIO,AHEFAU01,0.9728715419769287
AFOJIO,AMIWID,0.9994805455207825
AFOJIO,AMIWOJ,1.0
AFOJIO,AMIWUP,0.9992827773094177
AFOJIO,AMIXAW,0.999916136264801
AFOJIO,AMIXEA,0.9998704195022583
AFOJIO,AQEQES,0.9692261815071106
AFOJIO,AQEQIW,0.9665710926055908
AFOJIO,ATAFIK,0.9665710926055908
AFOJIO,AVOGAT,0.9812976121902466
AFOJIO,AVOGAT01,0.9812976121902466
AFOJIO,AVOGEX,0.9812976121902466
AFOJIO,AZIMIH,0.9665710926055908
AFOJIO,BUSQIQ,0.9552626609802246
AFOJIO,CAQCAZ,0.9934752583503723
AFOJIO,CASTEW,0.9934752583503723
AFOJIO,CEMJOV,0.9934752583503723
AFOJIO,CIZQOT,0.9665710926055908
AFOJIO,CIZQUZ,0.9665710926055908
AFOJIO,CUKXAJ,0.9821406006813049
AFOJIO,CUKXEN,0.9821406006813049
AFOJIO,CUKXIR,0.9786702990531921
AFOJIO,DAHMIJ,0.9821406006813049
AFOJIO,DEJJEK,0.9856320023536682
AFOJIO,DITXOU,0.9665710926055908
AFORCD,AGEWUH,0.9970499873161316
AFORCD,AMIYIG,0.9955214262008667
AFORCD,AMIYOM,0.9939473867416382
AFORCD,AMIZAZ,0.9921966195106506
AFORCD,AMIZAZ01,0.9921966195106506
AFORCD,AMIZAZ02,0.9921966195106506
AFORCD,AMIZON,0.9922806620597839
AFORCD,AMIZON01,0.9922806620597839
AFORCD,AMOBEL,0.9962353706359863
AFORCD,AMOBEL01,0.9962353706359863
AFORCD,AMOBEL02,0.9962353706359863
AFORCD,AMOMUM,0.9955214262008667
AFORCD,AMONAT,0.9955214262008667
AFORCD,AMURUX,0.9876330494880676
AFORCD,AMURUX01,0.9876330494880676
AFORCD,AMURUX02,0.9876330494880676
AFORCD,AMURUX06,0.9876330494880676
AFORCD,AMURUX07,0.9876330494880676
AFORCD,AMURUX08,0.9876330494880676
AFORCD,AMURUX09,0.9876330494880676
AFORCD,AMURUX10,0.9876330494880676
AFORCD,AMURUX11,0.9876330494880676
AFORCD,APOGOD,0.9955214262008667
AFORCD,ATIBAG,0.9970499873161316
AFORCD,ATIBIO,0.9970499873161316
AFORCD,ATIBOU,0.9970499873161316
AFORCD,ATIBOU01,0.9970499873161316
AFORCD,ATIBOU02,0.9970499873161316
AFORCD,ATIBUA,0.9970499873161316
AFORCD,ATICAH,0.9970499873161316
AFORCD,ATICEL,0.9970499873161316
AFORCD,AYONOT,0.9922806620597839
AFORCD,BAFORM,0.9623563885688782
AFORCD,BIFORM,0.9954773783683777
AFORCD,BIYLAW01,0.9921848177909851
AFORCD,CAFORM,0.951238214969635
AFORCD,CAFORM13,0.951238214969635
AFORCD,CAHMON,1.0
AFORCD,CAHMON01,1.0
AFORCD,CAHMON02,1.0
AFORCD,CAHMON03,1.0
AFORCD,CAJHUS,0.9955214262008667
AFORCD,CAJHUS01,0.9955214262008667
AFORCD,CAJHUS02,0.9955214262008667
AFORCD,CAJHUS03,0.9955214262008667
AFORCD,CAJHUS04,0.9955214262008667
AFORCD,COFORM,0.9939473867416382
AFORCD,COFORM01,0.9939473867416382
AFORCD,COFORM11,0.9939473867416382
AFORCD,CUFORD,0.9922806620597839
AFORCD,CUFORD01,0.9922806620597839
AFORCD,CUFORM,0.9922806620597839
AFORCD,CUFORM02,0.9922806620597839
AFORCD,CUFORM03,0.9922806620597839
AFORCD,CUFORM04,0.9922806620597839
AFORCD,CUFORM06,0.9922806620597839
AFORCD,DADTOS,0.9970499873161316
AFORCD,DADTOS01,0.9970499873161316
AFORCD,DADTOS02,0.9970499873161316
AFORCD,DADTOS03,0.9970499873161316
AFORCD,DADTOS04,0.9970499873161316
AFORCD,DADTOS05,0.9970499873161316
AFORCD,DADTOS06,0.9970499873161316
AFORCD,DADTOS07,0.9970499873161316
AFORCD,DADTOS08,0.9970499873161316
AFORCD,DADTOS09,0.9970499873161316
AFORCD,DADTOS10,0.9970499873161316
AFORCD,DADTOS11,0.9970499873161316
AFORCD,DADTOS12,0.9970499873161316
AFORCD,DADTOS13,0.9970499873161316
AFORCD,DADTOS14,0.9970499873161316
AFORCD,DADTOS15,0.9970499873161316
AFORCD,DADTOS16,0.9970499873161316
AFORCD,DADTOS17,0.9970499873161316
AFORCD,DADTOS18,0.9970499873161316
AFORCD,DADTUY,0.9939473867416382
AFORCD,DADTUY01,0.9939473867416382
AFORCD,DADTUY05,0.9939473867416382
AFORCD,DADTUY06,0.9939473867416382
AFORCD,DADTUY07,0.9939473867416382
AFORCD,DADTUY08,0.9939473867416382
AFORCD,DADTUY09,0.9939473867416382
AFORCD,DADTUY10,0.9939473867416382
AFORCD,DADTUY11,0.9939473867416382
AFORCD,DADTUY12,0.9939473867416382
AFORCD,DADVAG,0.9921966195106506
AFORCD,DADVAG01,0.9921966195106506
AFORCD,DADVAG02,0.9921966195106506
AFORCD,DADVAG03,0.9921966195106506
AFORCD,DADVAG04,0.9921966195106506
AFORCD,DADVAG05,0.9921966195106506
AFORCD,DADVAG06,0.9921966195106506
AFORCD,DADVAG07,0.9921966195106506
AFORCD,DADVAG08,0.9921966195106506
AFORCD,DAXNIA,0.9962353706359863
AFORCD,DAXNIA01,0.9962353706359863
AFORCD,DAXNIA02,0.9962353706359863
AFORCD,DAXNIA03,0.9962353706359863
AFORCD,DAXNIA04,0.9962353706359863
AFORCD,DEFNEK,0.9955214262008667
AFORCD,DEFNIO,0.9939473867416382
AFORCD,DEFNOU,0.9921966195106506
AFORCD,DEPJIR,0.9962353706359863
AFORCD,DEPJIR01,0.9962353706359863
AFORCD,DIDVIW,0.9970499873161316
AFOTOF,AFOTUL,0.9996544122695923
AFOTOF,AFOVAT,0.9987545013427734
AFOTOF,AFOVEX,0.9829657673835754
AFOTOF,AFOVIB,0.9994805455207825
AFOTOF,AFOVOH,0.9985299110412598
AFOTOF,CEJXEW,0.9998192191123962
AFOTOF,CEMBII,0.994364321231842
AFOTOF,DERBIO,0.9695334434509277
AFOTUL,AFOVAT,0.9983987212181091
AFOTUL,AFOVEX,0.9782870411872864
AFOTUL,AFOVIB,0.9996404051780701
AFOTUL,AFOVOH,0.9970894455909729
AFOTUL,CEJXEW,0.9990724921226501
AFOTUL,CEMBII,0.9941500425338745
AFOTUL,DERBIO,0.9680224657058716
AFOVAT,AFOVEX,0.9826657772064209
AFOVAT,AFOVIB,0.997765302658081
AFOVAT,AFOVOH,0.9987369775772095
AFOVAT,CEJXEW,0.9985291957855225
AFOVAT,CEMBII,0.9930660724639893
AFOVAT,DERBIO,0.970555305480957
AFOVEX,AFOVIB,0.9779111742973328
AFOVEX,AFOVOH,0.9901461601257324
AFOVEX,CEJXEW,0.9847605228424072
AFOVEX,CEMBII,0.9781320691108704
AFOVEX,DERBIO,0.9650025963783264
AFOVIB,AFOVOH,0.9964936971664429
AFOVIB,CEJXEW,0.9992827773094177
AFOVIB,CEMBII,0.9940944314002991
AFOVIB,DERBIO,0.9692261815071106
AFOVOH,CEJXEW,0.9987543821334839
AFOVOH,CEMBII,0.9926453232765198
AFOVOH,DERBIO,0.9705662131309509
AFOYAW,AFOYIE,1.0
AFOYOK,BIBXUH,0.9999494552612305
AFOYOK,COJHIT,0.9996275901794434
AFUDIR,AFUDOX,0.9999803900718689
AFUDIR,AFUDUD,0.999916136264801
AFUDIR,AFUFAL,0.9988340735435486
AFUDIR,AFUFEP,0.9995414018630981
AFUDIR,ANUGIA,0.9238227605819702
AFUDIR,ANUGOG,0.9238227605819702
AFUDIR,ANUGUM,0.9235397577285767
AFUDIR,APAYIB,0.9996340870857239
AFUDIR,APAYOH,0.9995911717414856
AFUDIR,APAYUN,0.9983029365539551
AFUDIR,APAZAU,0.9996340870857239
AFUDIR,APAZEY,0.9995911717414856
AFUDIR,APAZIC,0.9983029365539551
AFUDIR,APAZOI,0.9983029365539551
AFUDIR,DITTEH,0.9663969278335571
AFUDIR,DIVSUY,0.9996340870857239
AFUDOX,AFUDUD,0.9998704195022583
AFUDOX,AFUFAL,0.9985513091087341
AFUDOX,AFUFEP,0.9993398785591125
AFUDOX,ANUGIA,0.9239924550056458
AFUDOX,ANUGOG,0.9239924550056458
AFUDOX,ANUGUM,0.9237933158874512
AFUDOX,APAYIB,0.9994840025901794
AFUDOX,APAYOH,0.9995371103286743
AFUDOX,APAYUN,0.9981487989425659
AFUDOX,APAZAU,0.9994840025901794
AFUDOX,APAZEY,0.9995371103286743
AFUDOX,APAZIC,0.9981487989425659
AFUDOX,APAZOI,0.9981487989425659
AFUDOX,DITTEH,0.9666504263877869
AFUDOX,DIVSUY,0.9994840025901794
AFUDUD,AFUFAL,0.9989266395568848
AFUDUD,AFUFEP,0.9996404051780701
AFUDUD,ANUGIA,0.923487663269043
AFUDUD,ANUGOG,0.923487663269043
AFUDUD,ANUGUM,0.9237139821052551
AFUDUD,APAYIB,0.9994805455207825
AFUDUD,APAYOH,0.9992827773094177
AFUDUD,APAYUN,0.997765302658081
AFUDUD,APAZAU,0.9994805455207825
AFUDUD,APAZEY,0.9992827773094177
AFUDUD,APAZIC,0.997765302658081
AFUDUD,APAZOI,0.997765302658081
AFUDUD,DITTEH,0.9665710926055908
AFUDUD,DIVSUY,0.9994805455207825
AFUFAL,AFUFEP,0.9994630217552185
AFUFAL,ANUGIA,0.9232971668243408
AFUFAL,ANUGOG,0.9232971668243408
AFUFAL,ANUGUM,0.9209003448486328
AFUFAL,APAYIB,0.999613344669342
AFUFAL,APAYOH,0.9991112351417542
AFUFAL,APAYUN,0.9975399971008301
AFUFAL,APAZAU,0.999613344669342
AFUFAL,APAZEY,0.9991112351417542
AFUFAL,APAZIC,0.9975399971008301
AFUFAL,APAZOI,0.9975399971008301
AFUFAL,DITTEH,0.9637575149536133
AFUFAL,DIVSUY,0.999613344669342
AFUFEP,ANUGIA,0.9220797419548035
AFUFEP,ANUGOG,0.9220797419548035
AFUFEP,ANUGUM,0.9220642447471619
AFUFEP,APAYIB,0.9996544122695923
AFUFEP,APAYOH,0.9990724921226501
AFUFEP,APAYUN,0.9983987212181091
AFUFEP,APAZAU,0.9996544122695923
AFUFEP,APAZEY,0.9990724921226501
AFUFEP,APAZIC,0.9983987212181091
AFUFEP,APAZOI,0.9983987212181091
AFUFEP,DITTEH,0.9649213552474976
AFUFEP,DIVSUY,0.9996544122695923
AFUPEX,AGIREP,0.9664711356163025
AFUPEX,AVIHIY,0.9996700286865234
AFUPEX,AVIHOE,1.0
AFUPEX,AVUCEA,0.9703232049942017
AFUPEX,AWOFOI,0.9833859205245972
AFUPEX,BEQKAM,0.9664711356163025
AFUPEX,BEVSUR,0.9953123331069946
AFUPEX,BODPAN,0.9684330224990845
AFUPEX,BOHWUS,0.9932013154029846
AFUPEX,CADPII,0.9664711356163025
AFUPEX,CARGEK,0.9869542121887207
AFUPEX,CAVWOO,0.9995852708816528
AFUPEX,CEHKUW,0.9822689890861511
AFUPEX,CEHLAD,0.9664711356163025
AFUPEX,CERPOF,0.990902841091156
AFUPEX,CERPOF01,0.990902841091156
AFUPEX,CIBTIT,0.9775062203407288
AFUPEX,CIFMIP,0.9703232049942017
AFUPEX,CIPLIX,0.9703232049942017
AFUPEX,COSWEO,0.9924710392951965
AFUPEX,CUFDOX,0.9957316517829895
AFUPEX,CUFDUD,0.9957316517829895
AFUPEX,CUFFEP,0.9957316517829895
AFUPEX,CUFFIT,0.9957316517829895
AFUPEX,CUFFOZ,0.9957316517829895
AFUPEX,CUFFUF,0.9957316517829895
AFUPEX,CUMLUT,0.9822689890861511
AFUPEX,DEPXIG,0.9775062203407288
AFUPEX,DEPXOM,0.9775062203407288
AFUPEX,DIGPER,0.9992631673812866
AFUPEX,DIHVIB,0.9684330224990845
AFUPEX,DIHVIB01,0.9684330224990845
AFUPEX,CIGXIA,0.9730862379074097
AGADUK,CAVSOJ,0.9664000272750854
AGADUK,CAVTAW,0.9664000272750854
AGAFAS,ALOLIY,0.9410395622253418
AGAFAS,AVESOL,0.9977757334709167
AGAFAS,AVESUR,0.9939473867416382
AGAFAS,BAZBIQ,0.943379282951355
AGAFAS,DEMNOB,0.9415257573127747
AGAYIQ,AZADUC,0.9424089789390564
AGAYIQ,AZAFEO,0.9424089789390564
AGAYIQ,AZAFIS,0.9424089789390564
AGDCNM,AGOWOL,0.9679427742958069
AGDCNM,AGOWUR,0.9679427742958069
AGDCNM,AGUWEG01,0.9451678395271301
AGDCNM,AKECOK,1.0
AGDCNM,AXIGAR,0.9971376657485962
AGDCNM,BALLOP,0.9969467520713806
AGDCNM,BASHAF,0.9959419965744019
AGDCNM,BASHEJ,0.9971376657485962
AGDCNM,BASHIN,0.9959419965744019
AGDCNM,BASHOT,0.9971465468406677
AGDCNM,BENZOL,0.9544421434402466
AGDCNM,BENZUR,0.9624068737030029
AGDCNM,BEPBAB,0.9546010494232178
AGDCNM,BEPFIN,0.9514447450637817
AGDCNM,BEXQIF,0.9971465468406677
AGDCNM,BEXQOL,0.9971376657485962
AGDCNM,BEXQUR,0.9969134330749512
AGDCNM,BEXRAY,0.9959419965744019
AGDCNM,BEXREC,0.9971376657485962
AGDCNM,BEXRIG,0.9969134330749512
AGDCNM,BITCUE,1.0
AGDCNM,BOLGUF,0.9848994612693787
AGDCNM,BOLHAM,0.9794056415557861
AGDCNM,BOLHEQ,0.9826821088790894
AGDCNM,BOLHOA,0.9812976121902466
AGDCNM,CDCACD,0.9968591928482056
AGDCNM,CDCACD01,0.9968591928482056
AGDCNM,CEVKET,0.9969467520713806
AGDCNM,CEVPID,0.9969467520713806
AGDCNM,CEVPID01,0.9969467520713806
AGDCNM,COGLOA,0.9969467520713806
AGDCNM,CUSYIA,0.9969467520713806
AGDCNM,CUSYOG,0.9969467520713806
AGDCNM,CUSYUM,0.9969467520713806
AGDCNM,CUSZAT,0.9969467520713806
AGDCNM,CUSZEX,0.9969467520713806
AGDCNM,CUSZIB,0.9969467520713806
AGDCNM,CUTCYM01,0.9969467520713806
AGDCNM,CUTCYM02,0.9969467520713806
AGDCNM,CUTMAH,0.9969467520713806
AGDCNM,CUXLEO,0.9969467520713806
AGDCNM,CUYDIL,0.9969467520713806
AGDCNM,DABMEB,0.9968591928482056
AGDCNM,DABMUR,0.9969467520713806
AGDCNM,DACHAR,1.0
AGDCNM,DALCEZ,0.9969467520713806
AGDCNM,DALVAQ,0.9968591928482056
AGDCNM,DALVEU,0.981690526008606
AGDCNM,DALVIY,0.9812976121902466
AGDCNM,DANZEX,0.9959419965744019
AGDCNM,DEHRIR,1.0
AGDCNM,DIBWUH,0.9969134330749512
AGDCNM,DIBXAO,0.9971376657485962
AGEDIC,AZOCAU,0.9816316366195679
AGEDIC,BOHJOZ,0.9915627241134644
AGEDIC,BOHJUF,0.9915627241134644
AGEDIC,BOHKAM,0.9915627241134644
AGEDIC,BOHXIH,0.9915627241134644
AGEDIC,DAQRET,0.9840624928474426
AGEDIC,DAQRET01,0.9840624928474426
AGEDIC,DEHBEY,0.9838084578514099
AGEGOL,AGESIP,0.9424089789390564
AGEGOL,BAQMOW,0.9573289155960083
AGEGOL,BAQMUC,0.9386109709739685
AGEGOL,BAQXOG,0.9573289155960083
AGEGOL,BAQXOG01,0.9573289155960083
AGEGOL,BAQXOG02,0.9573289155960083
AGEGOL,BAQXOG03,0.9573289155960083
AGEGOL,BITLUL,0.9686790704727173
AGEGOL,COZSIU,0.9810920357704163
AGEGOL,DECVIT,0.9686790704727173
AGEHAY,AHIYOH,0.9702855944633484
AGEHAY,AHIYUN,0.9702855944633484
AGEHAY,CIFGOP,0.9657220840454102
AGESIP,BAQMOW,0.9950717687606812
AGESIP,BAQMUC,0.9965804815292358
AGESIP,BAQXOG,0.9950717687606812
AGESIP,BAQXOG01,0.9950717687606812
AGESIP,BAQXOG02,0.9950717687606812
AGESIP,BAQXOG03,0.9950717687606812
AGESIP,BITLUL,0.9672197103500366
AGESIP,COZSIU,0.9857849478721619
AGESIP,DECVIT,0.9672197103500366
AGEWUH,AMIYIG,0.9989085793495178
AGEWUH,AMIYOM,0.9972895383834839
AGEWUH,AMIZAZ,0.9955241084098816
AGEWUH,AMIZAZ01,0.9955241084098816
AGEWUH,AMIZAZ02,0.9955241084098816
AGEWUH,AMIZON,0.9950717687606812
AGEWUH,AMIZON01,0.9950717687606812
AGEWUH,AMOBEL,0.9974996447563171
AGEWUH,AMOBEL01,0.9974996447563171
AGEWUH,AMOBEL02,0.9974996447563171
AGEWUH,AMOMUM,0.9989085793495178
AGEWUH,AMONAT,0.9989085793495178
AGEWUH,AMURUX,0.9954933524131775
AGEWUH,AMURUX01,0.9954933524131775
AGEWUH,AMURUX02,0.9954933524131775
AGEWUH,AMURUX06,0.9954933524131775
AGEWUH,AMURUX07,0.9954933524131775
AGEWUH,AMURUX08,0.9954933524131775
AGEWUH,AMURUX09,0.9954933524131775
AGEWUH,AMURUX10,0.9954933524131775
AGEWUH,AMURUX11,0.9954933524131775
AGEWUH,APOGOD,0.9989085793495178
AGEWUH,ATIBAG,1.0
AGEWUH,ATIBIO,1.0
AGEWUH,ATIBOU,1.0
AGEWUH,ATIBOU01,1.0
AGEWUH,ATIBOU02,1.0
AGEWUH,ATIBUA,1.0
AGEWUH,ATICAH,1.0
AGEWUH,ATICEL,1.0
AGEWUH,AYONOT,0.9950717687606812
AGEWUH,BAFORM,0.9618924260139465
AGEWUH,BIFORM,0.9873164296150208
AGEWUH,BIYLAW01,0.9819706082344055
AGEWUH,CAFORM,0.9573289155960083
AGEWUH,CAFORM13,0.9573289155960083
AGEWUH,CAHMON,0.9970499873161316
AGEWUH,CAHMON01,0.9970499873161316
AGEWUH,CAHMON02,0.9970499873161316
AGEWUH,CAHMON03,0.9970499873161316
AGEWUH,CAJHUS,0.9989085793495178
AGEWUH,CAJHUS01,0.9989085793495178
AGEWUH,CAJHUS02,0.9989085793495178
AGEWUH,CAJHUS03,0.9989085793495178
AGEWUH,CAJHUS04,0.9989085793495178
AGEWUH,COFORM,0.9972895383834839
AGEWUH,COFORM01,0.9972895383834839
AGEWUH,COFORM11,0.9972895383834839
AGEWUH,CUFORD,0.9950717687606812
AGEWUH,CUFORD01,0.9950717687606812
AGEWUH,CUFORM,0.9950717687606812
AGEWUH,CUFORM02,0.9950717687606812
AGEWUH,CUFORM03,0.9950717687606812
AGEWUH,CUFORM04,0.9950717687606812
AGEWUH,CUFORM06,0.9950717687606812
AGEWUH,DADTOS,1.0
AGEWUH,DADTOS01,1.0
AGEWUH,DADTOS02,1.0
AGEWUH,DADTOS03,1.0
AGEWUH,DADTOS04,1.0
AGEWUH,DADTOS05,1.0
AGEWUH,DADTOS06,1.0
AGEWUH,DADTOS07,1.0
AGEWUH,DADTOS08,1.0
AGEWUH,DADTOS09,1.0
AGEWUH,DADTOS10,1.0
AGEWUH,DADTOS11,1.0
AGEWUH,DADTOS12,1.0
AGEWUH,DADTOS13,1.0
AGEWUH,DADTOS14,1.0
AGEWUH,DADTOS15,1.0
AGEWUH,DADTOS16,1.0
AGEWUH,DADTOS17,1.0
AGEWUH,DADTOS18,1.0
AGEWUH,DADTUY,0.9972895383834839
AGEWUH,DADTUY01,0.9972895383834839
AGEWUH,DADTUY05,0.9972895383834839
AGEWUH,DADTUY06,0.9972895383834839
AGEWUH,DADTUY07,0.9972895383834839
AGEWUH,DADTUY08,0.9972895383834839
AGEWUH,DADTUY09,0.9972895383834839
AGEWUH,DADTUY10,0.9972895383834839
AGEWUH,DADTUY11,0.9972895383834839
AGEWUH,DADTUY12,0.9972895383834839
AGEWUH,DADVAG,0.9955241084098816
AGEWUH,DADVAG01,0.9955241084098816
AGEWUH,DADVAG02,0.9955241084098816
AGEWUH,DADVAG03,0.9955241084098816
AGEWUH,DADVAG04,0.9955241084098816
AGEWUH,DADVAG05,0.9955241084098816
AGEWUH,DADVAG06,0.9955241084098816
AGEWUH,DADVAG07,0.9955241084098816
AGEWUH,DADVAG08,0.9955241084098816
AGEWUH,DAXNIA,0.9974996447563171
AGEWUH,DAXNIA01,0.9974996447563171
AGEWUH,DAXNIA02,0.9974996447563171
AGEWUH,DAXNIA03,0.9974996447563171
AGEWUH,DAXNIA04,0.9974996447563171
AGEWUH,DEFNEK,0.9989085793495178
AGEWUH,DEFNIO,0.9972895383834839
AGEWUH,DEFNOU,0.9955241084098816
AGEWUH,DEPJIR,0.9974996447563171
AGEWUH,DEPJIR01,0.9974996447563171
AGEWUH,DIDVIW,1.0
AGIMOU,CEWQAZ,0.9974996447563171
AGIMOU,CEWQED,0.9974996447563171
AGIMOU,COWLIK,0.9970499873161316
AGIMOU,CUKXAI,0.9970499873161316
AGIREP,AVIHIY,0.9666504263877869
AGIREP,AVIHOE,0.9664711356163025
AGIREP,AVUCEA,0.9977757334709167
AGIREP,AWOFOI,0.9519691467285156
AGIREP,BEQKAM,1.0
AGIREP,BEVSUR,0.9731441140174866
AGIREP,BODPAN,0.9965804815292358
AGIREP,BOHWUS,0.9838886857032776
AGIREP,CADPII,1.0
AGIREP,CARGEK,0.9871268272399902
AGIREP,CAVWOO,0.9663969278335571
AGIREP,CEHKUW,0.9962353706359863
AGIREP,CEHLAD,1.0
AGIREP,CERPOF,0.9797663688659668
AGIREP,CERPOF01,0.9797663688659668
AGIREP,CIBTIT,0.9974996447563171
AGIREP,CIFMIP,0.9977757334709167
AGIREP,CIPLIX,0.9977757334709167
AGIREP,COSWEO,0.9455037117004395
AGIREP,CUFDOX,0.9795385599136353
AGIREP,CUFDUD,0.9795385599136353
AGIREP,CUFFEP,0.9795385599136353
AGIREP,CUFFIT,0.9795385599136353
AGIREP,CUFFOZ,0.9795385599136353
AGIREP,CUFFUF,0.9795385599136353
AGIREP,CUMLUT,0.9962353706359863
AGIREP,DEPXIG,0.9974996447563171
AGIREP,DEPXOM,0.9974996447563171
AGIREP,DIGPER,0.9665710926055908
AGIREP,DIHVIB,0.9965804815292358
AGIREP,DIHVIB01,0.9965804815292358
AGIREP,CIGXIA,0.9982883334159851
AGOFEJ,COQJAV,0.9950717687606812
AGOFEJ,COQJEZ,0.9950717687606812
AGOGOU,ALICEE,0.9985496997833252
AGOGOU,ALICII,0.9985496997833252
AGOGOU,AVEROJ,0.9955214262008667
AGOGOU,AVERUP,0.9955214262008667
AGOGOU,AVESAW,0.9955214262008667
AGOGOU,AVESEA,0.9955214262008667
AGOGOU,AVESIE,0.9955214262008667
AGOGOU,DEGPEL,0.9985496997833252
AGONAM,AGONEQ,1.0
AGONAM,AHEFAU,0.9955214262008667
AGONAM,AHEFAU01,0.9955214262008667
AGONAM,AMIWID,0.9801182150840759
AGONAM,AMIWOJ,0.9821406006813049
AGONAM,AMIWUP,0.9808584451675415
AGONAM,AMIXAW,0.9820774793624878
AGONAM,AMIXEA,0.982480525970459
AGONAM,AQEQES,0.9939473867416382
AGONAM,AQEQIW,0.9962353706359863
AGONAM,ATAFIK,0.9962353706359863
AGONAM,AVOGAT,0.9968591928482056
AGONAM,AVOGAT01,0.9968591928482056
AGONAM,AVOGEX,0.9968591928482056
AGONAM,AZIMIH,0.9962353706359863
AGONAM,BUSQIQ,0.9849830865859985
AGONAM,CAQCAZ,0.9920910000801086
AGONAM,CASTEW,0.9920910000801086
AGONAM,CEMJOV,0.9920910000801086
AGONAM,CIZQOT,0.9962353706359863
AGONAM,CIZQUZ,0.9962353706359863
AGONAM,CUKXAJ,1.0
AGONAM,CUKXEN,1.0
AGONAM,CUKXIR,0.9970499873161316
AGONAM,DAHMIJ,1.0
AGONAM,DEJJEK,0.9856033325195312
AGONAM,DITXOU,0.9962353706359863
AGONEQ,AHEFAU,0.9955214262008667
AGONEQ,AHEFAU01,0.9955214262008667
AGONEQ,AMIWID,0.9801182150840759
AGONEQ,AMIWOJ,0.9821406006813049
AGONEQ,AMIWUP,0.9808584451675415
AGONEQ,AMIXAW,0.9820774793624878
AGONEQ,AMIXEA,0.982480525970459
AGONEQ,AQEQES,0.9939473867416382
AGONEQ,AQEQIW,0.9962353706359863
AGONEQ,ATAFIK,0.9962353706359863
AGONEQ,AVOGAT,0.9968591928482056
AGONEQ,AVOGAT01,0.9968591928482056
AGONEQ,AVOGEX,0.9968591928482056
AGONEQ,AZIMIH,0.9962353706359863
AGONEQ,BUSQIQ,0.9849830865859985
AGONEQ,CAQCAZ,0.9920910000801086
AGONEQ,CASTEW,0.9920910000801086
AGONEQ,CEMJOV,0.9920910000801086
AGONEQ,CIZQOT,0.9962353706359863
AGONEQ,CIZQUZ,0.9962353706359863
AGONEQ,CUKXAJ,1.0
AGONEQ,CUKXEN,1.0
AGONEQ,CUKXIR,0.9970499873161316
AGONEQ,DAHMIJ,1.0
AGONEQ,DEJJEK,0.9856033325195312
AGONEQ,DITXOU,0.9962353706359863
AGOWOL,AGOWUR,1.0
AGOWOL,AGUWEG01,0.9929474592208862
AGOWOL,AKECOK,0.9679427742958069
AGOWOL,AXIGAR,0.9683489799499512
AGOWOL,BALLOP,0.965344250202179
AGOWOL,BASHAF,0.9734492301940918
AGOWOL,BASHEJ,0.9683489799499512
AGOWOL,BASHIN,0.9734492301940918
AGOWOL,BASHOT,0.9708508849143982
AGOWOL,BENZOL,0.979142963886261
AGOWOL,BENZUR,0.9813843369483948
AGOWOL,BEPBAB,0.9907075762748718
AGOWOL,BEPFIN,0.9891725182533264
AGOWOL,BEXQIF,0.9708508849143982
AGOWOL,BEXQOL,0.9683489799499512
AGOWOL,BEXQUR,0.9670339822769165
AGOWOL,BEXRAY,0.9734492301940918
AGOWOL,BEXREC,0.9683489799499512
AGOWOL,BEXRIG,0.9670339822769165
AGOWOL,BITCUE,0.9679427742958069
AGOWOL,BOLGUF,0.9891651272773743
AGOWOL,BOLHAM,0.9802787899971008
AGOWOL,BOLHEQ,0.9776759743690491
AGOWOL,BOLHOA,0.9762802720069885
AGOWOL,CDCACD,0.9611314535140991
AGOWOL,CDCACD01,0.9611314535140991
AGOWOL,CEVKET,0.965344250202179
AGOWOL,CEVPID,0.965344250202179
AGOWOL,CEVPID01,0.965344250202179
AGOWOL,COGLOA,0.965344250202179
AGOWOL,CUSYIA,0.965344250202179
AGOWOL,CUSYOG,0.965344250202179
AGOWOL,CUSYUM,0.965344250202179
AGOWOL,CUSZAT,0.965344250202179
AGOWOL,CUSZEX,0.965344250202179
AGOWOL,CUSZIB,0.965344250202179
AGOWOL,CUTCYM01,0.965344250202179
AGOWOL,CUTCYM02,0.965344250202179
AGOWOL,CUTMAH,0.965344250202179
AGOWOL,CUXLEO,0.965344250202179
AGOWOL,CUYDIL,0.965344250202179
AGOWOL,DABMEB,0.9611314535140991
AGOWOL,DABMUR,0.965344250202179
AGOWOL,DACHAR,0.9679427742958069
AGOWOL,DALCEZ,0.965344250202179
AGOWOL,DALVAQ,0.9611314535140991
AGOWOL,DALVEU,0.9756394028663635
AGOWOL,DALVIY,0.9762802720069885
AGOWOL,DANZEX,0.9734492301940918
AGOWOL,DEHRIR,0.9679427742958069
AGOWOL,DIBWUH,0.9670339822769165
AGOWOL,DIBXAO,0.9683489799499512
AGOWUR,AGUWEG01,0.9929474592208862
AGOWUR,AKECOK,0.9679427742958069
AGOWUR,AXIGAR,0.9683489799499512
AGOWUR,BALLOP,0.965344250202179
AGOWUR,BASHAF,0.9734492301940918
AGOWUR,BASHEJ,0.9683489799499512
AGOWUR,BASHIN,0.9734492301940918
AGOWUR,BASHOT,0.9708508849143982
AGOWUR,BENZOL,0.979142963886261
AGOWUR,BENZUR,0.9813843369483948
AGOWUR,BEPBAB,0.9907075762748718
AGOWUR,BEPFIN,0.9891725182533264
AGOWUR,BEXQIF,0.9708508849143982
AGOWUR,BEXQOL,0.9683489799499512
AGOWUR,BEXQUR,0.9670339822769165
AGOWUR,BEXRAY,0.9734492301940918
AGOWUR,BEXREC,0.9683489799499512
AGOWUR,BEXRIG,0.9670339822769165
AGOWUR,BITCUE,0.9679427742958069
AGOWUR,BOLGUF,0.9891651272773743
AGOWUR,BOLHAM,0.9802787899971008
AGOWUR,BOLHEQ,0.9776759743690491
AGOWUR,BOLHOA,0.9762802720069885
AGOWUR,CDCACD,0.9611314535140991
AGOWUR,CDCACD01,0.9611314535140991
AGOWUR,CEVKET,0.965344250202179
AGOWUR,CEVPID,0.965344250202179
AGOWUR,CEVPID01,0.965344250202179
AGOWUR,COGLOA,0.965344250202179
AGOWUR,CUSYIA,0.965344250202179
AGOWUR,CUSYOG,0.965344250202179
AGOWUR,CUSYUM,0.965344250202179
AGOWUR,CUSZAT,0.965344250202179
AGOWUR,CUSZEX,0.965344250202179
AGOWUR,CUSZIB,0.965344250202179
AGOWUR,CUTCYM01,0.965344250202179
AGOWUR,CUTCYM02,0.965344250202179
AGOWUR,CUTMAH,0.965344250202179
AGOWUR,CUXLEO,0.965344250202179
AGOWUR,CUYDIL,0.965344250202179
AGOWUR,DABMEB,0.9611314535140991
AGOWUR,DABMUR,0.965344250202179
AGOWUR,DACHAR,0.9679427742958069
AGOWUR,DALCEZ,0.965344250202179
AGOWUR,DALVAQ,0.9611314535140991
AGOWUR,DALVEU,0.9756394028663635
AGOWUR,DALVIY,0.9762802720069885
AGOWUR,DANZEX,0.9734492301940918
AGOWUR,DEHRIR,0.9679427742958069
AGOWUR,DIBWUH,0.9670339822769165
AGOWUR,DIBXAO,0.9683489799499512
AGOXAL02,AGOXAL03,1.0
AGOXAL02,AGOXAL04,1.0
AGOXAL02,ALIQUH,0.9959419965744019
AGOXAL02,ALIRAO,0.9959419965744019
AGOXAL02,ALIRAO01,0.9959419965744019
AGOXAL02,BAHOXH13,0.9624068737030029
AGOXAL02,BALMUW,0.9624068737030029
AGOXAL02,BALMUW01,0.9624068737030029
AGOXAL02,BAOXAL,0.9624068737030029
AGOXAL02,BAOXAL02,0.9624068737030029
AGOXAL02,BAOXAL03,0.9624068737030029
AGOXAL02,BEPPIY,0.9813579320907593
AGOXAL02,BIFNOW,0.9802262783050537
AGOXAL02,BOMCUB,0.9922400116920471
AGOXAL02,CAHMAZ,0.9949789643287659
AGOXAL02,CALOXM13,0.9546010494232178
AGOXAL02,CALOXM14,0.9546010494232178
AGOXAL02,CALOXM15,0.9546010494232178
AGOXAL02,CALOXM16,0.9546010494232178
AGOXAL02,CAVMIW,0.9971465468406677
AGOXAL02,CAVYUW,0.9819859862327576
AGOXAL02,CAYSOL,0.9971465468406677
AGOXAL02,CECKIH,0.9944032430648804
AGOXAL02,CECKON,0.9971376657485962
AGOXAL02,COMFEQ,0.9812976121902466
AGOXAL02,COMFIU,0.9826821088790894
AGOXAL02,COXHED,0.9971376657485962
AGOXAL02,COXHIH,0.9969134330749512
AGOXAL02,COXHON,0.9971465468406677
AGOXAL02,DAHNOQ,0.9821665287017822
AGOXAL02,DAHNUW,0.9821665287017822
AGOXAL02,DAHPAE,0.9819186925888062
AGOXAL02,DALSAN,0.9971465468406677
AGOXAL02,DALSER,0.9971465468406677
AGOXAL02,DAPGUW01,0.9969134330749512
AGOXAL02,DAPHAD01,0.9944032430648804
AGOXAL02,DECDUN,0.9922400116920471
AGOXAL02,DIVMUR,0.9820845127105713
AGOXAL02,DIVNAY,0.9848994612693787
AGOXAL03,AGOXAL04,1.0
AGOXAL03,ALIQUH,0.9959419965744019
AGOXAL03,ALIRAO,0.9959419965744019
AGOXAL03,ALIRAO01,0.9959419965744019
AGOXAL03,BAHOXH13,0.9624068737030029
AGOXAL03,BALMUW,0.9624068737030029
AGOXAL03,BALMUW01,0.9624068737030029
AGOXAL03,BAOXAL,0.9624068737030029
AGOXAL03,BAOXAL02,0.9624068737030029
AGOXAL03,BAOXAL03,0.9624068737030029
AGOXAL03,BEPPIY,0.9813579320907593
AGOXAL03,BIFNOW,0.9802262783050537
AGOXAL03,BOMCUB,0.9922400116920471
AGOXAL03,CAHMAZ,0.9949789643287659
AGOXAL03,CALOXM13,0.9546010494232178
AGOXAL03,CALOXM14,0.9546010494232178
AGOXAL03,CALOXM15,0.9546010494232178
AGOXAL03,CALOXM16,0.9546010494232178
AGOXAL03,CAVMIW,0.9971465468406677
AGOXAL03,CAVYUW,0.9819859862327576
AGOXAL03,CAYSOL,0.9971465468406677
AGOXAL03,CECKIH,0.9944032430648804
AGOXAL03,CECKON,0.9971376657485962
AGOXAL03,COMFEQ,0.9812976121902466
AGOXAL03,COMFIU,0.9826821088790894
AGOXAL03,COXHED,0.9971376657485962
AGOXAL03,COXHIH,0.9969134330749512
AGOXAL03,COXHON,0.9971465468406677
AGOXAL03,DAHNOQ,0.9821665287017822
AGOXAL03,DAHNUW,0.9821665287017822
AGOXAL03,DAHPAE,0.9819186925888062
AGOXAL03,DALSAN,0.9971465468406677
AGOXAL03,DALSER,0.9971465468406677
AGOXAL03,DAPGUW01,0.9969134330749512
AGOXAL03,DAPHAD01,0.9944032430648804
AGOXAL03,DECDUN,0.9922400116920471
AGOXAL03,DIVMUR,0.9820845127105713
AGOXAL03,DIVNAY,0.9848994612693787
AGOXAL04,ALIQUH,0.9959419965744019
AGOXAL04,ALIRAO,0.9959419965744019
AGOXAL04,ALIRAO01,0.9959419965744019
AGOXAL04,BAHOXH13,0.9624068737030029
AGOXAL04,BALMUW,0.9624068737030029
AGOXAL04,BALMUW01,0.9624068737030029
AGOXAL04,BAOXAL,0.9624068737030029
AGOXAL04,BAOXAL02,0.9624068737030029
AGOXAL04,BAOXAL03,0.9624068737030029
AGOXAL04,BEPPIY,0.9813579320907593
AGOXAL04,BIFNOW,0.9802262783050537
AGOXAL04,BOMCUB,0.9922400116920471
AGOXAL04,CAHMAZ,0.9949789643287659
AGOXAL04,CALOXM13,0.9546010494232178
AGOXAL04,CALOXM14,0.9546010494232178
AGOXAL04,CALOXM15,0.9546010494232178
AGOXAL04,CALOXM16,0.9546010494232178
AGOXAL04,CAVMIW,0.9971465468406677
AGOXAL04,CAVYUW,0.9819859862327576
AGOXAL04,CAYSOL,0.9971465468406677
AGOXAL04,CECKIH,0.9944032430648804
AGOXAL04,CECKON,0.9971376657485962
AGOXAL04,COMFEQ,0.9812976121902466
AGOXAL04,COMFIU,0.9826821088790894
AGOXAL04,COXHED,0.9971376657485962
AGOXAL04,COXHIH,0.9969134330749512
AGOXAL04,COXHON,0.9971465468406677
AGOXAL04,DAHNOQ,0.9821665287017822
AGOXAL04,DAHNUW,0.9821665287017822
AGOXAL04,DAHPAE,0.9819186925888062
AGOXAL04,DALSAN,0.9971465468406677
AGOXAL04,DALSER,0.9971465468406677
AGOXAL04,DAPGUW01,0.9969134330749512
AGOXAL04,DAPHAD01,0.9944032430648804
AGOXAL04,DECDUN,0.9922400116920471
AGOXAL04,DIVMUR,0.9820845127105713
AGOXAL04,DIVNAY,0.9848994612693787
AGSLFA,BEZSIK,0.9949789643287659
AGSLFB,BEXFUI,0.9983992576599121
AGUMAR,BOFJIQ,0.9965804815292358
AGUMAR,CECVIQ,0.9661542773246765
AGUMAR,CECVOW,0.9693384766578674
AGUMAR,DIJCOP,0.9950717687606812
AGUMAR,DIJCOP01,0.9950717687606812
AGUVEE,AGUVOO,1.0
AGUVEE,CICSOW,0.9985496997833252
AGUVEE,CICSOW01,0.9985496997833252
AGUVEE,CICSOW02,0.9985496997833252
AGUVOO,CICSOW,0.9985496997833252
AGUVOO,CICSOW01,0.9985496997833252
AGUVOO,CICSOW02,0.9985496997833252
AGUWEG01,AKECOK,0.9451678395271301
AGUWEG01,AXIGAR,0.940880298614502
AGUWEG01,BALLOP,0.9368446469306946
AGUWEG01,BASHAF,0.9511309862136841
AGUWEG01,BASHEJ,0.940880298614502
AGUWEG01,BASHIN,0.9511309862136841
AGUWEG01,BASHOT,0.9450589418411255
AGUWEG01,BENZOL,0.9894606471061707
AGUWEG01,BENZUR,0.9888580441474915
AGUWEG01,BEPBAB,0.9972909092903137
AGUWEG01,BEPFIN,0.9978553056716919
AGUWEG01,BEXQIF,0.9450589418411255
AGUWEG01,BEXQOL,0.940880298614502
AGUWEG01,BEXQUR,0.938675582408905
AGUWEG01,BEXRAY,0.9511309862136841
AGUWEG01,BEXREC,0.940880298614502
AGUWEG01,BEXRIG,0.938675582408905
AGUWEG01,BITCUE,0.9451678395271301
AGUWEG01,BOLGUF,0.9827372431755066
AGUWEG01,BOLHAM,0.9794661402702332
AGUWEG01,BOLHEQ,0.9748807549476624
AGUWEG01,BOLHOA,0.9743816256523132
AGUWEG01,CDCACD,0.9410727620124817
AGUWEG01,CDCACD01,0.9410727620124817
AGUWEG01,CEVKET,0.9368446469306946
AGUWEG01,CEVPID,0.9368446469306946
AGUWEG01,CEVPID01,0.9368446469306946
AGUWEG01,COGLOA,0.9368446469306946
AGUWEG01,CUSYIA,0.9368446469306946
AGUWEG01,CUSYOG,0.9368446469306946
AGUWEG01,CUSYUM,0.9368446469306946
AGUWEG01,CUSZAT,0.9368446469306946
AGUWEG01,CUSZEX,0.9368446469306946
AGUWEG01,CUSZIB,0.9368446469306946
AGUWEG01,CUTCYM01,0.9368446469306946
AGUWEG01,CUTCYM02,0.9368446469306946
AGUWEG01,CUTMAH,0.9368446469306946
AGUWEG01,CUXLEO,0.9368446469306946
AGUWEG01,CUYDIL,0.9368446469306946
AGUWEG01,DABMEB,0.9410727620124817
AGUWEG01,DABMUR,0.9368446469306946
AGUWEG01,DACHAR,0.9451678395271301
AGUWEG01,DALCEZ,0.9368446469306946
AGUWEG01,DALVAQ,0.9410727620124817
AGUWEG01,DALVEU,0.9737297296524048
AGUWEG01,DALVIY,0.9743816256523132
AGUWEG01,DANZEX,0.9511309862136841
AGUWEG01,DEHRIR,0.9451678395271301
AGUWEG01,DIBWUH,0.938675582408905
AGUWEG01,DIBXAO,0.940880298614502
AHAKEA,AHALEB,0.9826657772064209
AHAKEA,AHALEB01,0.9826657772064209
AHAKEA,AHALEB02,0.9826657772064209
AHAKEA,DITSIK,0.9614519476890564
AHALEB,AHALEB01,1.0
AHALEB,AHALEB02,1.0
AHALEB,DITSIK,0.9812385439872742
AHALEB01,AHALEB02,1.0
AHALEB01,DITSIK,0.9812385439872742
AHALEB02,DITSIK,0.9812385439872742
AHEFAU,AHEFAU01,1.0
AHEFAU,AMIWID,0.9727237820625305
AHEFAU,AMIWOJ,0.9728715419769287
AHEFAU,AMIWUP,0.9731024503707886
AHEFAU,AMIXAW,0.9726957678794861
AHEFAU,AMIXEA,0.9727454781532288
AHEFAU,AQEQES,0.9996292591094971
AHEFAU,AQEQIW,0.9982883334159851
AHEFAU,ATAFIK,0.9982883334159851
AHEFAU,AVOGAT,0.9971465468406677
AHEFAU,AVOGAT01,0.9971465468406677
AHEFAU,AVOGEX,0.9971465468406677
AHEFAU,AZIMIH,0.9982883334159851
AHEFAU,BUSQIQ,0.9942253828048706
AHEFAU,CAQCAZ,0.9824130535125732
AHEFAU,CASTEW,0.9824130535125732
AHEFAU,CEMJOV,0.9824130535125732
AHEFAU,CIZQOT,0.9982883334159851
AHEFAU,CIZQUZ,0.9982883334159851
AHEFAU,CUKXAJ,0.9955214262008667
AHEFAU,CUKXEN,0.9955214262008667
AHEFAU,CUKXIR,0.9989085793495178
AHEFAU,DAHMIJ,0.9955214262008667
AHEFAU,DEJJEK,0.9908188581466675
AHEFAU,DITXOU,0.9982883334159851
AHEFAU01,AMIWID,0.9727237820625305
AHEFAU01,AMIWOJ,0.9728715419769287
AHEFAU01,AMIWUP,0.9731024503707886
AHEFAU01,AMIXAW,0.9726957678794861
AHEFAU01,AMIXEA,0.9727454781532288
AHEFAU01,AQEQES,0.9996292591094971
AHEFAU01,AQEQIW,0.9982883334159851
AHEFAU01,ATAFIK,0.9982883334159851
AHEFAU01,AVOGAT,0.9971465468406677
AHEFAU01,AVOGAT01,0.9971465468406677
AHEFAU01,AVOGEX,0.9971465468406677
AHEFAU01,AZIMIH,0.9982883334159851
AHEFAU01,BUSQIQ,0.9942253828048706
AHEFAU01,CAQCAZ,0.9824130535125732
AHEFAU01,CASTEW,0.9824130535125732
AHEFAU01,CEMJOV,0.9824130535125732
AHEFAU01,CIZQOT,0.9982883334159851
AHEFAU01,CIZQUZ,0.9982883334159851
AHEFAU01,CUKXAJ,0.9955214262008667
AHEFAU01,CUKXEN,0.9955214262008667
AHEFAU01,CUKXIR,0.9989085793495178
AHEFAU01,DAHMIJ,0.9955214262008667
AHEFAU01,DEJJEK,0.9908188581466675
AHEFAU01,DITXOU,0.9982883334159851
AHEMEG,AHETAK,0.9996275901794434
AHEMEG,AKOXIJ,0.9999494552612305
AHEMEG,AVAQIX,0.9922806620597839
AHEMEG,AVAQIX01,0.9922806620597839
AHEMEG,BAHGUN,1.0
AHEMEG,BAHGUN01,1.0
AHEMEG,BAHGUN02,1.0
AHEMEG,BAHGUN03,1.0
AHEMEG,BAHGUN04,1.0
AHEMEG,BIPXIK,0.9996275901794434
AHEMEG,BOWDIC,0.9996275901794434
AHEMEG,BOWDOI,0.9996275901794434
AHEMEG,BOWDUO,0.9996275901794434
AHEMEG,BUVNIR,0.9965804815292358
AHEMEG,BUXCAZ,0.9671105742454529
AHEMEG,CESNUM,0.9922806620597839
AHEMEG,CESYEF,0.9969467520713806
AHEMEG,CESYEF01,0.9969467520713806
AHEMEG,CEYPUT,0.9996275901794434
AHEMEG,CEYPUT01,0.9996275901794434
AHEMEG,CIJBEE,0.9996275901794434
AHEMEG,DARYIF,0.9965804815292358
AHEMEG,DIWFAT,0.9950717687606812
AHEMOQ,CAGSAG,0.9607003927230835
AHEMOQ,CAXSUR,0.9690567255020142
AHEMOQ,CIFDOM,0.9707819819450378
AHEMOQ,CIFDUS,0.9707819819450378
AHEMOQ,DADXUE,0.9555470943450928
AHEMOQ,DICPUD,0.9958965182304382
AHEQAH,CEFNEJ,0.9668495655059814
AHEQAH,CEFNOT,0.9668495655059814
AHEQAH,CUSXIY,0.9666504263877869
AHETAK,AKOXIJ,0.9997506737709045
AHETAK,AVAQIX,0.9939473867416382
AHETAK,AVAQIX01,0.9939473867416382
AHETAK,BAHGUN,0.9996275901794434
AHETAK,BAHGUN01,0.9996275901794434
AHETAK,BAHGUN02,0.9996275901794434
AHETAK,BAHGUN03,0.9996275901794434
AHETAK,BAHGUN04,0.9996275901794434
AHETAK,BIPXIK,0.9999999403953552
AHETAK,BOWDIC,0.9999999403953552
AHETAK,BOWDOI,0.9999999403953552
AHETAK,BOWDUO,0.9999999403953552
AHETAK,BUVNIR,0.9977757334709167
AHETAK,BUXCAZ,0.9695334434509277
AHETAK,CESNUM,0.9939473867416382
AHETAK,CESYEF,0.9971376657485962
AHETAK,CESYEF01,0.9971376657485962
AHETAK,CEYPUT,0.9999999403953552
AHETAK,CEYPUT01,0.9999999403953552
AHETAK,CIJBEE,0.9999999403953552
AHETAK,DARYIF,0.9977757334709167
AHETAK,DIWFAT,0.9972895383834839
AHIJOQ,AHIJOQ01,1.0
AHIJOQ,BAKWIV,0.9854779243469238
AHIJOQ,BIRGAM,0.9921848177909851
AHIJOQ,CATART03,0.9527355432510376
AHIJOQ,CATART04,0.9527355432510376
AHIJOQ,CEKYIC,0.9921848177909851
AHIJOQ,COZGED,0.9493358731269836
AHIJOQ,COZGED01,0.9493358731269836
AHIJOQ,CUGQUR,0.9701893329620361
AHIJOQ,CUGREC,0.9527355432510376
AHIJOQ,CUGROM,0.9527355432510376
AHIJOQ,CUGSIH,0.9632149934768677
AHIJOQ,CUGSON,0.9632149934768677
AHIJOQ,CUGSUT,0.9632149934768677
AHIJOQ,DEHBIC,0.9881620407104492
AHIJOQ01,BAKWIV,0.9854779243469238
AHIJOQ01,BIRGAM,0.9921848177909851
AHIJOQ01,CATART03,0.9527355432510376
AHIJOQ01,CATART04,0.9527355432510376
AHIJOQ01,CEKYIC,0.9921848177909851
AHIJOQ01,COZGED,0.9493358731269836
AHIJOQ01,COZGED01,0.9493358731269836
AHIJOQ01,CUGQUR,0.9701893329620361
AHIJOQ01,CUGREC,0.9527355432510376
AHIJOQ01,CUGROM,0.9527355432510376
AHIJOQ01,CUGSIH,0.9632149934768677
AHIJOQ01,CUGSON,0.9632149934768677
AHIJOQ01,CUGSUT,0.9632149934768677
AHIJOQ01,DEHBIC,0.9881620407104492
AHIYOH,AHIYUN,0.9999999403953552
AHIYOH,CIFGOP,0.9977757334709167
AHIYUN,CIFGOP,0.9977757334709167
AHIZOH,AHIZUN,0.9970499873161316
AHIZUN,AJIJEI,0.8999999761581421
AHIZUN,AJIJEI01,0.8999999761581421
AHIZUN,AJIJEI02,0.8999999761581421
AHOBAB,AMBZAG10,0.9959419965744019
AHOBAB,CEJWAR,0.9974996447563171
AHOKIR01,AHOKOX,0.9307692646980286
AHOKIR01,BECRUX,0.9965804815292358
AHOKIR01,BECRUX01,0.9965804815292358
AHOKIR01,BECRUX02,0.9965804815292358
AHOKIR01,BECRUX03,0.9965804815292358
AHOKIR01,BECRUX04,0.9965804815292358
AHOKIR01,BECRUX05,0.9965804815292358
AHOKIR01,BECRUX06,0.9965804815292358
AHOKIR01,BECRUX07,0.9965804815292358
AHOKIR01,CAZLEV,0.9969467520713806
AHOKIR01,CAZLIZ,0.9969467520713806
AHOKIR01,CISMAT,0.9978308081626892
AHOKIR01,CISMAT01,0.9978308081626892
AHOKOX,BECRUX,0.9273497462272644
AHOKOX,BECRUX01,0.9273497462272644
AHOKOX,BECRUX02,0.9273497462272644
AHOKOX,BECRUX03,0.9273497462272644
AHOKOX,BECRUX04,0.9273497462272644
AHOKOX,BECRUX05,0.9273497462272644
AHOKOX,BECRUX06,0.9273497462272644
AHOKOX,BECRUX07,0.9273497462272644
AHOKOX,CAZLEV,0.9277160167694092
AHOKOX,CAZLIZ,0.9277160167694092
AHOKOX,CISMAT,0.9286000728607178
AHOKOX,CISMAT01,0.9286000728607178
AHONEQ,AHONIU,0.9996544122695923
AHONEQ,BARZEA,0.9671105742454529
AHONEQ,CELZUQ,0.9574664235115051
AHONEQ,CIFJAE,0.9776891469955444
AHONEQ,COKJIX,0.9994805455207825
AHONEQ,COKJOD,0.9996544122695923
AHONEQ,COXFOL,0.9695334434509277
AHONEQ,COXKUW,0.9648386240005493
AHONEQ,COXLAD,0.9800315499305725
AHONEQ,DAFHEZ,0.9695334434509277
AHONEQ,DAFHID,0.967766523361206
AHONEQ,DAFHOJ,0.9776891469955444
AHONEQ,DIBZEU,0.9996340870857239
AHONEQ,DITKAT,0.986412525177002
AHONEQ,DITKAT01,0.986412525177002
AHONIU,BARZEA,0.9649368524551392
AHONIU,CELZUQ,0.9546363353729248
AHONIU,CIFJAE,0.9778347015380859
AHONIU,COKJIX,0.9996404051780701
AHONIU,COKJOD,0.9999999403953552
AHONIU,COXFOL,0.9680224657058716
AHONIU,COXKUW,0.9646247625350952
AHONIU,COXLAD,0.9802787899971008
AHONIU,DAFHEZ,0.9680224657058716
AHONIU,DAFHID,0.9657021760940552
AHONIU,DAFHOJ,0.9778347015380859
AHONIU,DIBZEU,0.9995414018630981
AHONIU,DITKAT,0.9849025011062622
AHONIU,DITKAT01,0.9849025011062622
AJABIX,AJABIX01,1.0
AJABIX,AJABOD,1.0
AJABIX,BOBTIW,1.0
AJABIX,BOBTOC,1.0
AJABIX,BOBTUI,1.0
AJABIX,BOGXIF,1.0
AJABIX,BOGXIF02,1.0
AJABIX,BOGXOL,1.0
AJABIX01,AJABOD,1.0
AJABIX01,BOBTIW,1.0
AJABIX01,BOBTOC,1.0
AJABIX01,BOBTUI,1.0
AJABIX01,BOGXIF,1.0
AJABIX01,BOGXIF02,1.0
AJABIX01,BOGXOL,1.0
AJABOD,BOBTIW,1.0
AJABOD,BOBTOC,1.0
AJABOD,BOBTUI,1.0
AJABOD,BOGXIF,1.0
AJABOD,BOGXIF02,1.0
AJABOD,BOGXOL,1.0
AJAKON,ATEJOA,0.9821406006813049
AJAKON,BIFSOB,0.9837952852249146
AJIFIJ,AVAXIF,0.9921848177909851
AJIFIJ,CEFDAU,0.9962353706359863
AJIJEI,AJIJEI01,1.0
AJIJEI,AJIJEI02,1.0
AJIJEI,CITXUZ,0.9922806620597839
AJIJEI01,AJIJEI02,1.0
AJIJEI01,CITXUZ,0.9922806620597839
AJIJEI02,CITXUZ,0.9922806620597839
AJIQIU,CUHYUB,0.9821406006813049
AJIQIU,CUJCIV,0.9808584451675415
AJIQIU,CUJCOB,0.9820774793624878
AKECOK,AXIGAR,0.9971376657485962
AKECOK,BALLOP,0.9969467520713806
AKECOK,BASHAF,0.9959419965744019
AKECOK,BASHEJ,0.9971376657485962
AKECOK,BASHIN,0.9959419965744019
AKECOK,BASHOT,0.9971465468406677
AKECOK,BENZOL,0.9544421434402466
AKECOK,BENZUR,0.9624068737030029
AKECOK,BEPBAB,0.9546010494232178
AKECOK,BEPFIN,0.9514447450637817
AKECOK,BEXQIF,0.9971465468406677
AKECOK,BEXQOL,0.9971376657485962
AKECOK,BEXQUR,0.9969134330749512
AKECOK,BEXRAY,0.9959419965744019
AKECOK,BEXREC,0.9971376657485962
AKECOK,BEXRIG,0.9969134330749512
AKECOK,BITCUE,1.0
AKECOK,BOLGUF,0.9848994612693787
AKECOK,BOLHAM,0.9794056415557861
AKECOK,BOLHEQ,0.9826821088790894
AKECOK,BOLHOA,0.9812976121902466
AKECOK,CDCACD,0.9968591928482056
AKECOK,CDCACD01,0.9968591928482056
AKECOK,CEVKET,0.9969467520713806
AKECOK,CEVPID,0.9969467520713806
AKECOK,CEVPID01,0.9969467520713806
AKECOK,COGLOA,0.9969467520713806
AKECOK,CUSYIA,0.9969467520713806
AKECOK,CUSYOG,0.9969467520713806
AKECOK,CUSYUM,0.9969467520713806
AKECOK,CUSZAT,0.9969467520713806
AKECOK,CUSZEX,0.9969467520713806
AKECOK,CUSZIB,0.9969467520713806
AKECOK,CUTCYM01,0.9969467520713806
AKECOK,CUTCYM02,0.9969467520713806
AKECOK,CUTMAH,0.9969467520713806
AKECOK,CUXLEO,0.9969467520713806
AKECOK,CUYDIL,0.9969467520713806
AKECOK,DABMEB,0.9968591928482056
AKECOK,DABMUR,0.9969467520713806
AKECOK,DACHAR,1.0
AKECOK,DALCEZ,0.9969467520713806
AKECOK,DALVAQ,0.9968591928482056
AKECOK,DALVEU,0.981690526008606
AKECOK,DALVIY,0.9812976121902466
AKECOK,DANZEX,0.9959419965744019
AKECOK,DEHRIR,1.0
AKECOK,DIBWUH,0.9969134330749512
AKECOK,DIBXAO,0.9971376657485962
AKEGON,AKEGUT,0.9974996447563171
AKOXIJ,AVAQIX,0.9921966195106506
AKOXIJ,AVAQIX01,0.9921966195106506
AKOXIJ,BAHGUN,0.9999494552612305
AKOXIJ,BAHGUN01,0.9999494552612305
AKOXIJ,BAHGUN02,0.9999494552612305
AKOXIJ,BAHGUN03,0.9999494552612305
AKOXIJ,BAHGUN04,0.9999494552612305
AKOXIJ,BIPXIK,0.9997506737709045
AKOXIJ,BOWDIC,0.9997506737709045
AKOXIJ,BOWDOI,0.9997506737709045
AKOXIJ,BOWDUO,0.9997506737709045
AKOXIJ,BUVNIR,0.9965023994445801
AKOXIJ,BUXCAZ,0.967766523361206
AKOXIJ,CESNUM,0.9921966195106506
AKOXIJ,CESYEF,0.9969134330749512
AKOXIJ,CESYEF01,0.9969134330749512
AKOXIJ,CEYPUT,0.9997506737709045
AKOXIJ,CEYPUT01,0.9997506737709045
AKOXIJ,CIJBEE,0.9997506737709045
AKOXIJ,DARYIF,0.9965023994445801
AKOXIJ,DIWFAT,0.9955241084098816
AKUHOD,AKUHOD01,1.0
AKUHOD,AKUHOD03,1.0
AKUHOD,ALALUU,0.9989266395568848
AKUHOD,ALALUU01,0.9989266395568848
AKUHOD,AMALND,0.9964936971664429
AKUHOD,AQMAND,0.9964936971664429
AKUHOD,AQMAND01,0.9964936971664429
AKUHOD,AXAWUT,0.9779111742973328
AKUHOD,BAYJEQ,0.9812976121902466
AKUHOD,CEWNIB,0.997765302658081
AKUHOD01,AKUHOD03,1.0
AKUHOD01,ALALUU,0.9989266395568848
AKUHOD01,ALALUU01,0.9989266395568848
AKUHOD01,AMALND,0.9964936971664429
AKUHOD01,AQMAND,0.9964936971664429
AKUHOD01,AQMAND01,0.9964936971664429
AKUHOD01,AXAWUT,0.9779111742973328
AKUHOD01,BAYJEQ,0.9812976121902466
AKUHOD01,CEWNIB,0.997765302658081
AKUHOD03,ALALUU,0.9989266395568848
AKUHOD03,ALALUU01,0.9989266395568848
AKUHOD03,AMALND,0.9964936971664429
AKUHOD03,AQMAND,0.9964936971664429
AKUHOD03,AQMAND01,0.9964936971664429
AKUHOD03,AXAWUT,0.9779111742973328
AKUHOD03,BAYJEQ,0.9812976121902466
AKUHOD03,CEWNIB,0.997765302658081
ALALUU,ALALUU01,1.0
ALALUU,AMALND,0.9977362751960754
ALALUU,AQMAND,0.9977362751960754
ALALUU,AQMAND01,0.9977362751960754
ALALUU,AXAWUT,0.9823139905929565
ALALUU,BAYJEQ,0.97984778881073
ALALUU,CEWNIB,0.9975399971008301
ALALUU01,AMALND,0.9977362751960754
ALALUU01,AQMAND,0.9977362751960754
ALALUU01,AQMAND01,0.9977362751960754
ALALUU01,AXAWUT,0.9823139905929565
ALALUU01,BAYJEQ,0.97984778881073
ALALUU01,CEWNIB,0.9975399971008301
ALAMUW,ALANAD,0.9965804815292358
ALEHUW,ALEJAE,0.9795385599136353
ALEJEI,ALEJIM,0.9965804815292358
ALEQIT,ALOVEC,0.9823547005653381
ALEQIT,ALUJEX,0.9985291957855225
ALEQIT,ALUJIB,0.9847605228424072
ALEQIT,ALUJOH,0.9987543821334839
ALEQIT,ALUJUN,0.9967017769813538
ALEQIT,ALUKAU,0.9995911717414856
ALEQIT,AMIXIE,0.9994291663169861
ALEQIT,AMIXOK,0.9987543821334839
ALEQIT,AMIXUQ,0.9987759590148926
ALEQIT,ASOHUL,0.9823547005653381
ALEQIT,ATIJOC,0.9985291957855225
ALEQIT,ATIJUI,0.9991112351417542
ALEQIT,ATIKAP,0.9992827773094177
ALEQIT,ATIKET,0.9995911717414856
ALEQIT,ATIKIX,0.9967017769813538
ALEQIT,ATOTIM,0.9823547005653381
ALEQIT,AVAQAP,0.9987543821334839
ALEQIT,AVAQET,0.9990724921226501
ALEQIT,AVOFUM,0.9826821088790894
ALEQIT,BADHIA,0.9858130216598511
ALEQIT,BADHOG,0.9858130216598511
ALEQIT,BADHUM,0.9858130216598511
ALEQIT,BADHUM01,0.9858130216598511
ALEQIT,BADJAU,0.9858130216598511
ALEQIT,BADJIC,0.9858130216598511
ALEQIT,BADZAK,0.9657220840454102
ALEQIT,BEBFIY,0.9776759743690491
ALEQIT,BESKUI,0.9939729571342468
ALEQIT,BOJYIK,1.0
ALEQIT,BOJYIK01,1.0
ALEQIT,BUKLOJ,0.9702855944633484
ALEQIT,BUKLOJ01,0.9702855944633484
ALEQIT,BUPVIT,0.9847605228424072
ALEQIT,BUVHEH,0.9847605228424072
ALEQIT,CAVMUJ,0.9858130216598511
ALEQIT,CAVMUJ01,0.9858130216598511
ALEQIT,CAVMUJ02,0.9858130216598511
ALEQIT,CAXTAY,0.9587392210960388
ALEQIT,CEJXOG,0.9994291663169861
ALEQIT,CELDAA,0.9847605228424072
ALEQIT,COMDOY,0.9857187867164612
ALEQIT,CUZBUW,0.9702855944633484
ALEQIT,DIQGUH,0.9859035015106201
ALEQIT,RUBTAK02,0.9939729571342468
ALEQIT,SABVUN01,0.9587392210960388
ALEQIT,SURKAT,0.9939729571342468
ALICEE,ALICII,1.0
ALICEE,AVEROJ,0.9922806620597839
ALICEE,AVERUP,0.9922806620597839
ALICEE,AVESAW,0.9922806620597839
ALICEE,AVESEA,0.9922806620597839
ALICEE,AVESIE,0.9922806620597839
ALICEE,DEGPEL,1.0
ALICII,AVEROJ,0.9922806620597839
ALICII,AVERUP,0.9922806620597839
ALICII,AVESAW,0.9922806620597839
ALICII,AVESEA,0.9922806620597839
ALICII,AVESIE,0.9922806620597839
ALICII,DEGPEL,1.0
ALIQUH,ALIRAO,1.0
ALIQUH,ALIRAO01,1.0
ALIQUH,BAHOXH13,0.9618924260139465
ALIQUH,BALMUW,0.9618924260139465
ALIQUH,BALMUW01,0.9618924260139465
ALIQUH,BAOXAL,0.9618924260139465
ALIQUH,BAOXAL02,0.9618924260139465
ALIQUH,BAOXAL03,0.9618924260139465
ALIQUH,BEPPIY,0.9776891469955444
ALIQUH,BIFNOW,0.9715331792831421
ALIQUH,BOMCUB,0.9846089482307434
ALIQUH,CAHMAZ,0.9873164296150208
ALIQUH,CALOXM13,0.9573289155960083
ALIQUH,CALOXM14,0.9573289155960083
ALIQUH,CALOXM15,0.9573289155960083
ALIQUH,CALOXM16,0.9573289155960083
ALIQUH,CAVMIW,0.9989085793495178
ALIQUH,CAVYUW,0.9781452417373657
ALIQUH,CAYSOL,0.9989085793495178
ALIQUH,CECKIH,0.9974996447563171
ALIQUH,CECKON,0.9972895383834839
ALIQUH,COMFEQ,0.9786702990531921
ALIQUH,COMFIU,0.9775111675262451
ALIQUH,COXHED,0.9972895383834839
ALIQUH,COXHIH,0.9955241084098816
ALIQUH,COXHON,0.9989085793495178
ALIQUH,DAHNOQ,0.9756634831428528
ALIQUH,DAHNUW,0.9756634831428528
ALIQUH,DAHPAE,0.9779961705207825
ALIQUH,DALSAN,0.9989085793495178
ALIQUH,DALSER,0.9989085793495178
ALIQUH,DAPGUW01,0.9955241084098816
ALIQUH,DAPHAD01,0.9974996447563171
ALIQUH,DECDUN,0.9846089482307434
ALIQUH,DIVMUR,0.9780963063240051
ALIQUH,DIVNAY,0.9855749607086182
ALIRAO,ALIRAO01,1.0
ALIRAO,BAHOXH13,0.9618924260139465
ALIRAO,BALMUW,0.9618924260139465
ALIRAO,BALMUW01,0.9618924260139465
ALIRAO,BAOXAL,0.9618924260139465
ALIRAO,BAOXAL02,0.9618924260139465
ALIRAO,BAOXAL03,0.9618924260139465
ALIRAO,BEPPIY,0.9776891469955444
ALIRAO,BIFNOW,0.9715331792831421
ALIRAO,BOMCUB,0.9846089482307434
ALIRAO,CAHMAZ,0.9873164296150208
ALIRAO,CALOXM13,0.9573289155960083
ALIRAO,CALOXM14,0.9573289155960083
ALIRAO,CALOXM15,0.9573289155960083
ALIRAO,CALOXM16,0.9573289155960083
ALIRAO,CAVMIW,0.9989085793495178
ALIRAO,CAVYUW,0.9781452417373657
ALIRAO,CAYSOL,0.9989085793495178
ALIRAO,CECKIH,0.9974996447563171
ALIRAO,CECKON,0.9972895383834839
ALIRAO,COMFEQ,0.9786702990531921
ALIRAO,COMFIU,0.9775111675262451
ALIRAO,COXHED,0.9972895383834839
ALIRAO,COXHIH,0.9955241084098816
ALIRAO,COXHON,0.9989085793495178
ALIRAO,DAHNOQ,0.9756634831428528
ALIRAO,DAHNUW,0.9756634831428528
ALIRAO,DAHPAE,0.9779961705207825
ALIRAO,DALSAN,0.9989085793495178
ALIRAO,DALSER,0.9989085793495178
ALIRAO,DAPGUW01,0.9955241084098816
ALIRAO,DAPHAD01,0.9974996447563171
ALIRAO,DECDUN,0.9846089482307434
ALIRAO,DIVMUR,0.9780963063240051
ALIRAO,DIVNAY,0.9855749607086182
ALIRAO01,BAHOXH13,0.9618924260139465
ALIRAO01,BALMUW,0.9618924260139465
ALIRAO01,BALMUW01,0.9618924260139465
ALIRAO01,BAOXAL,0.9618924260139465
ALIRAO01,BAOXAL02,0.9618924260139465
ALIRAO01,BAOXAL03,0.9618924260139465
ALIRAO01,BEPPIY,0.9776891469955444
ALIRAO01,BIFNOW,0.9715331792831421
ALIRAO01,BOMCUB,0.9846089482307434
ALIRAO01,CAHMAZ,0.9873164296150208
ALIRAO01,CALOXM13,0.9573289155960083
ALIRAO01,CALOXM14,0.9573289155960083
ALIRAO01,CALOXM15,0.9573289155960083
ALIRAO01,CALOXM16,0.9573289155960083
ALIRAO01,CAVMIW,0.9989085793495178
ALIRAO01,CAVYUW,0.9781452417373657
ALIRAO01,CAYSOL,0.9989085793495178
ALIRAO01,CECKIH,0.9974996447563171
ALIRAO01,CECKON,0.9972895383834839
ALIRAO01,COMFEQ,0.9786702990531921
ALIRAO01,COMFIU,0.9775111675262451
ALIRAO01,COXHED,0.9972895383834839
ALIRAO01,COXHIH,0.9955241084098816
ALIRAO01,COXHON,0.9989085793495178
ALIRAO01,DAHNOQ,0.9756634831428528
ALIRAO01,DAHNUW,0.9756634831428528
ALIRAO01,DAHPAE,0.9779961705207825
ALIRAO01,DALSAN,0.9989085793495178
ALIRAO01,DALSER,0.9989085793495178
ALIRAO01,DAPGUW01,0.9955241084098816
ALIRAO01,DAPHAD01,0.9974996447563171
ALIRAO01,DECDUN,0.9846089482307434
ALIRAO01,DIVMUR,0.9780963063240051
ALIRAO01,DIVNAY,0.9855749607086182
ALIXAU,CEGJOO,0.9965804815292358
ALIXID,ALIXOJ,0.9997506737709045
ALIXID,ALIXUP,0.9996275901794434
ALIXOJ,ALIXUP,0.9999494552612305
ALOLIY,AVESOL,0.941249668598175
ALOLIY,AVESUR,0.9408000111579895
ALOLIY,BAZBIQ,0.9989085793495178
ALOLIY,DEMNOB,0.9974996447563171
ALOVEC,ALUJEX,0.982013463973999
ALOVEC,ALUJIB,0.9743119478225708
ALOVEC,ALUJOH,0.9826644659042358
ALOVEC,ALUJUN,0.9904035329818726
ALOVEC,ALUKAU,0.9812027215957642
ALOVEC,AMIXIE,0.9806766510009766
ALOVEC,AMIXOK,0.9826644659042358
ALOVEC,AMIXUQ,0.9794445037841797
ALOVEC,ASOHUL,1.0
ALOVEC,ATIJOC,0.982013463973999
ALOVEC,ATIJUI,0.9831874370574951
ALOVEC,ATIKAP,0.9814549684524536
ALOVEC,ATIKET,0.9812027215957642
ALOVEC,ATIKIX,0.9904035329818726
ALOVEC,ATOTIM,1.0
ALOVEC,AVAQAP,0.9826644659042358
ALOVEC,AVAQET,0.9815157651901245
ALOVEC,AVOFUM,0.9959286451339722
ALOVEC,BADHIA,0.9974375367164612
ALOVEC,BADHOG,0.9974375367164612
ALOVEC,BADHUM,0.9974375367164612
ALOVEC,BADHUM01,0.9974375367164612
ALOVEC,BADJAU,0.9974375367164612
ALOVEC,BADJIC,0.9974375367164612
ALOVEC,BADZAK,0.9918119311332703
ALOVEC,BEBFIY,0.9841392636299133
ALOVEC,BESKUI,0.9961327314376831
ALOVEC,BOJYIK,0.9823547005653381
ALOVEC,BOJYIK01,0.9823547005653381
ALOVEC,BUKLOJ,0.9964157342910767
ALOVEC,BUKLOJ01,0.9964157342910767
ALOVEC,BUPVIT,0.9743119478225708
ALOVEC,BUVHEH,0.9743119478225708
ALOVEC,CAVMUJ,0.9974375367164612
ALOVEC,CAVMUJ01,0.9974375367164612
ALOVEC,CAVMUJ02,0.9974375367164612
ALOVEC,CAXTAY,0.9896013140678406
ALOVEC,CEJXOG,0.9806766510009766
ALOVEC,CELDAA,0.9743119478225708
ALOVEC,COMDOY,0.9925156831741333
ALOVEC,CUZBUW,0.9964157342910767
ALOVEC,DIQGUH,0.9678221344947815
ALOVEC,RUBTAK02,0.9961327314376831
ALOVEC,SABVUN01,0.9896013140678406
ALOVEC,SURKAT,0.9961327314376831
ALUJEX,ALUJIB,0.9826657772064209
ALUJEX,ALUJOH,0.9987369775772095
ALUJEX,ALUJUN,0.9961524605751038
ALUJEX,ALUKAU,0.9983029365539551
ALUJEX,AMIXIE,0.9978838562965393
ALUJEX,AMIXOK,0.9987369775772095
ALUJEX,AMIXUQ,0.9972423315048218
ALUJEX,ASOHUL,0.982013463973999
ALUJEX,ATIJOC,1.0
ALUJEX,ATIJUI,0.9975399971008301
ALUJEX,ATIKAP,0.997765302658081
ALUJEX,ATIKET,0.9983029365539551
ALUJEX,ATIKIX,0.9961524605751038
ALUJEX,ATOTIM,0.982013463973999
ALUJEX,AVAQAP,0.9987369775772095
ALUJEX,AVAQET,0.9983987212181091
ALUJEX,AVOFUM,0.981744110584259
ALUJEX,BADHIA,0.9863672256469727
ALUJEX,BADHOG,0.9863672256469727
ALUJEX,BADHUM,0.9863672256469727
ALUJEX,BADHUM01,0.9863672256469727
ALUJEX,BADJAU,0.9863672256469727
ALUJEX,BADJIC,0.9863672256469727
ALUJEX,BADZAK,0.9674572348594666
ALUJEX,BEBFIY,0.9788590669631958
ALUJEX,BESKUI,0.9930660724639893
ALUJEX,BOJYIK,0.9985291957855225
ALUJEX,BOJYIK01,0.9985291957855225
ALUJEX,BUKLOJ,0.970555305480957
ALUJEX,BUKLOJ01,0.970555305480957
ALUJEX,BUPVIT,0.9826657772064209
ALUJEX,BUVHEH,0.9826657772064209
ALUJEX,CAVMUJ,0.9863672256469727
ALUJEX,CAVMUJ01,0.9863672256469727
ALUJEX,CAVMUJ02,0.9863672256469727
ALUJEX,CAXTAY,0.9612045288085938
ALUJEX,CEJXOG,0.9978838562965393
ALUJEX,CELDAA,0.9826657772064209
ALUJEX,COMDOY,0.985438883304596
ALUJEX,CUZBUW,0.970555305480957
ALUJEX,DIQGUH,0.9855000972747803
ALUJEX,RUBTAK02,0.9930660724639893
ALUJEX,SABVUN01,0.9612045288085938
ALUJEX,SURKAT,0.9930660724639893
ALUJIB,ALUJOH,0.9901461601257324
ALUJIB,ALUJUN,0.9795703887939453
ALUJIB,ALUKAU,0.9796669483184814
ALUJIB,AMIXIE,0.979163408279419
ALUJIB,AMIXOK,0.9901461601257324
ALUJIB,AMIXUQ,0.9767930507659912
ALUJIB,ASOHUL,0.9743119478225708
ALUJIB,ATIJOC,0.9826657772064209
ALUJIB,ATIJUI,0.9823139905929565
ALUJIB,ATIKAP,0.9779111742973328
ALUJIB,ATIKET,0.9796669483184814
ALUJIB,ATIKIX,0.9795703887939453
ALUJIB,ATOTIM,0.9743119478225708
ALUJIB,AVAQAP,0.9901461601257324
ALUJIB,AVAQET,0.9782870411872864
ALUJIB,AVOFUM,0.9755967855453491
ALUJIB,BADHIA,0.9736005067825317
ALUJIB,BADHOG,0.9736005067825317
ALUJIB,BADHUM,0.9736005067825317
ALUJIB,BADHUM01,0.9736005067825317
ALUJIB,BADJAU,0.9736005067825317
ALUJIB,BADJIC,0.9736005067825317
ALUJIB,BADZAK,0.9519691467285156
ALUJIB,BEBFIY,0.972368061542511
ALUJIB,BESKUI,0.9781320691108704
ALUJIB,BOJYIK,0.9847605228424072
ALUJIB,BOJYIK01,0.9847605228424072
ALUJIB,BUKLOJ,0.9650025963783264
ALUJIB,BUKLOJ01,0.9650025963783264
ALUJIB,BUPVIT,0.9999999403953552
ALUJIB,BUVHEH,0.9999999403953552
ALUJIB,CAVMUJ,0.9736005067825317
ALUJIB,CAVMUJ01,0.9736005067825317
ALUJIB,CAVMUJ02,0.9736005067825317
ALUJIB,CAXTAY,0.9654589891433716
ALUJIB,CEJXOG,0.979163408279419
ALUJIB,CELDAA,0.9999999403953552
ALUJIB,COMDOY,0.9792416095733643
ALUJIB,CUZBUW,0.9650025963783264
ALUJIB,DIQGUH,0.9714387059211731
ALUJIB,RUBTAK02,0.9781320691108704
ALUJIB,SABVUN01,0.9654589891433716
ALUJIB,SURKAT,0.9781320691108704
ALUJOH,ALUJUN,0.9957407712936401
ALUJOH,ALUKAU,0.9972487688064575
ALUJOH,AMIXIE,0.9967666864395142
ALUJOH,AMIXOK,0.9999999403953552
ALUJOH,AMIXUQ,0.9955672025680542
ALUJOH,ASOHUL,0.9826644659042358
ALUJOH,ATIJOC,0.9987369775772095
ALUJOH,ATIJUI,0.9977362751960754
ALUJOH,ATIKAP,0.9964936971664429
ALUJOH,ATIKET,0.9972487688064575
ALUJOH,ATIKIX,0.9957407712936401
ALUJOH,ATOTIM,0.9826644659042358
ALUJOH,AVAQAP,0.9999999403953552
ALUJOH,AVAQET,0.9970894455909729
ALUJOH,AVOFUM,0.9821665287017822
ALUJOH,BADHIA,0.9862913489341736
ALUJOH,BADHOG,0.9862913489341736
ALUJOH,BADHUM,0.9862913489341736
ALUJOH,BADHUM01,0.9862913489341736
ALUJOH,BADJAU,0.9862913489341736
ALUJOH,BADJIC,0.9862913489341736
ALUJOH,BADZAK,0.9643369913101196
ALUJOH,BEBFIY,0.9808959364891052
ALUJOH,BESKUI,0.9926453232765198
ALUJOH,BOJYIK,0.9987543821334839
ALUJOH,BOJYIK01,0.9987543821334839
ALUJOH,BUKLOJ,0.9705662131309509
ALUJOH,BUKLOJ01,0.9705662131309509
ALUJOH,BUPVIT,0.9901461601257324
ALUJOH,BUVHEH,0.9901461601257324
ALUJOH,CAVMUJ,0.9862913489341736
ALUJOH,CAVMUJ01,0.9862913489341736
ALUJOH,CAVMUJ02,0.9862913489341736
ALUJOH,CAXTAY,0.9626767039299011
ALUJOH,CEJXOG,0.9967666864395142
ALUJOH,CELDAA,0.9901461601257324
ALUJOH,COMDOY,0.9857142567634583
ALUJOH,CUZBUW,0.9705662131309509
ALUJOH,DIQGUH,0.9864584803581238
ALUJOH,RUBTAK02,0.9926453232765198
ALUJOH,SABVUN01,0.9626767039299011
ALUJOH,SURKAT,0.9926453232765198
ALUJUN,ALUKAU,0.9965118765830994
ALUJUN,AMIXIE,0.9957616925239563
ALUJUN,AMIXOK,0.9957407712936401
ALUJUN,AMIXUQ,0.9945439100265503
ALUJUN,ASOHUL,0.9904035329818726
ALUJUN,ATIJOC,0.9961524605751038
ALUJUN,ATIJUI,0.9984701871871948
ALUJUN,ATIKAP,0.9968496561050415
ALUJUN,ATIKET,0.9965118765830994
ALUJUN,ATIKIX,1.0
ALUJUN,ATOTIM,0.9904035329818726
ALUJUN,AVAQAP,0.9957407712936401
ALUJUN,AVAQET,0.9977954626083374
ALUJUN,AVOFUM,0.9848994612693787
ALUJUN,BADHIA,0.9952925443649292
ALUJUN,BADHOG,0.9952925443649292
ALUJUN,BADHUM,0.9952925443649292
ALUJUN,BADHUM01,0.9952925443649292
ALUJUN,BADJAU,0.9952925443649292
ALUJUN,BADJIC,0.9952925443649292
ALUJUN,BADZAK,0.9731441140174866
ALUJUN,BEBFIY,0.9891651272773743
ALUJUN,BESKUI,0.9982609748840332
ALUJUN,BOJYIK,0.9967017769813538
ALUJUN,BOJYIK01,0.9967017769813538
ALUJUN,BUKLOJ,0.977738082408905
ALUJUN,BUKLOJ01,0.977738082408905
ALUJUN,BUPVIT,0.9795703887939453
ALUJUN,BUVHEH,0.9795703887939453
ALUJUN,CAVMUJ,0.9952925443649292
ALUJUN,CAVMUJ01,0.9952925443649292
ALUJUN,CAVMUJ02,0.9952925443649292
ALUJUN,CAXTAY,0.9656780958175659
ALUJUN,CEJXOG,0.9957616925239563
ALUJUN,CELDAA,0.9795703887939453
ALUJUN,COMDOY,0.984853982925415
ALUJUN,CUZBUW,0.977738082408905
ALUJUN,DIQGUH,0.9899851083755493
ALUJUN,RUBTAK02,0.9982609748840332
ALUJUN,SABVUN01,0.9656780958175659
ALUJUN,SURKAT,0.9982609748840332
ALUKAU,AMIXIE,0.9999352693557739
ALUKAU,AMIXOK,0.9972487688064575
ALUKAU,AMIXUQ,0.9996391534805298
ALUKAU,ASOHUL,0.9812027215957642
ALUKAU,ATIJOC,0.9983029365539551
ALUKAU,ATIJUI,0.9988340735435486
ALUKAU,ATIKAP,0.999916136264801
ALUKAU,ATIKET,1.0
ALUKAU,ATIKIX,0.9965118765830994
ALUKAU,ATOTIM,0.9812027215957642
ALUKAU,AVAQAP,0.9972487688064575
ALUKAU,AVAQET,0.9995414018630981
ALUKAU,AVOFUM,0.981690526008606
ALUKAU,BADHIA,0.9850555658340454
ALUKAU,BADHOG,0.9850555658340454
ALUKAU,BADHUM,0.9850555658340454
ALUKAU,BADHUM01,0.9850555658340454
ALUKAU,BADJAU,0.9850555658340454
ALUKAU,BADJIC,0.9850555658340454
ALUKAU,BADZAK,0.9663969278335571
ALUKAU,BEBFIY,0.9756394028663635
ALUKAU,BESKUI,0.9937636852264404
ALUKAU,BOJYIK,0.9995911717414856
ALUKAU,BOJYIK01,0.9995911717414856
ALUKAU,BUKLOJ,0.9692751169204712
ALUKAU,BUKLOJ01,0.9692751169204712
ALUKAU,BUPVIT,0.9796669483184814
ALUKAU,BUVHEH,0.9796669483184814
ALUKAU,CAVMUJ,0.9850555658340454
ALUKAU,CAVMUJ01,0.9850555658340454
ALUKAU,CAVMUJ02,0.9850555658340454
ALUKAU,CAXTAY,0.9561361074447632
ALUKAU,CEJXOG,0.9999352693557739
ALUKAU,CELDAA,0.9796669483184814
ALUKAU,COMDOY,0.9846258163452148
ALUKAU,CUZBUW,0.9692751169204712
ALUKAU,DIQGUH,0.9851804375648499
ALUKAU,RUBTAK02,0.9937636852264404
ALUKAU,SABVUN01,0.9561361074447632
ALUKAU,SURKAT,0.9937636852264404
ALUKIC,ALUKOI,0.9782870411872864
ALUKIC,ALUKUO,0.9829657673835754
ALUKIC,ALULAV,0.9779111742973328
ALUKIC,ALULEZ,0.9999999403953552
ALUKIC,ALULID,0.9999999403953552
ALUKOI,ALUKUO,0.9996544122695923
ALUKOI,ALULAV,0.9996404051780701
ALUKOI,ALULEZ,0.9782870411872864
ALUKOI,ALULID,0.9782870411872864
ALUKUO,ALULAV,0.9994805455207825
ALUKUO,ALULEZ,0.9829657673835754
ALUKUO,ALULID,0.9829657673835754
ALULAV,ALULEZ,0.9779111742973328
ALULAV,ALULID,0.9779111742973328
ALULEZ,ALULID,0.9999999403953552
AMAFIE,AMAFOK,0.9922806620597839
AMAFIE,AMAFUQ,0.9922806620597839
AMAFIE,AMAGAX,0.9922806620597839
AMAFOK,AMAFUQ,1.0
AMAFOK,AMAGAX,1.0
AMAFUQ,AMAGAX,1.0
AMAJUU,BIFJUX,0.9902458190917969
AMAJUU,BIFKAE,0.9902458190917969
AMAJUU,CEHQOX,0.9986763000488281
AMAJUU,DICJUW,0.9873213768005371
AMALND,AQMAND,0.9999999403953552
AMALND,AQMAND01,0.9999999403953552
AMALND,AXAWUT,0.9901461601257324
AMALND,BAYJEQ,0.9821665287017822
AMALND,CEWNIB,0.9987369775772095
AMBZAG10,CEJWAR,0.9944032430648804
AMEBAX,AMOPID,0.9376776814460754
AMIWID,AMIWOJ,0.9994805455207825
AMIWID,AMIWUP,0.9998192191123962
AMIWID,AMIXAW,0.9996340870857239
AMIWID,AMIXEA,0.9994840025901794
AMIWID,AQEQES,0.9695334434509277
AMIWID,AQEQIW,0.9652349948883057
AMIWID,ATAFIK,0.9652349948883057
AMIWID,AVOGAT,0.9813579320907593
AMIWID,AVOGAT01,0.9813579320907593
AMIWID,AVOGEX,0.9813579320907593
AMIWID,AZIMIH,0.9652349948883057
AMIWID,BUSQIQ,0.9574664235115051
AMIWID,CAQCAZ,0.9926436543464661
AMIWID,CASTEW,0.9926436543464661
AMIWID,CEMJOV,0.9926436543464661
AMIWID,CIZQOT,0.9652349948883057
AMIWID,CIZQUZ,0.9652349948883057
AMIWID,CUKXAJ,0.9801182150840759
AMIWID,CUKXEN,0.9801182150840759
AMIWID,CUKXIR,0.9776891469955444
AMIWID,DAHMIJ,0.9801182150840759
AMIWID,DEJJEK,0.9870377779006958
AMIWID,DITXOU,0.9652349948883057
AMIWOJ,AMIWUP,0.9992827773094177
AMIWOJ,AMIXAW,0.999916136264801
AMIWOJ,AMIXEA,0.9998704195022583
AMIWOJ,AQEQES,0.9692261815071106
AMIWOJ,AQEQIW,0.9665710926055908
AMIWOJ,ATAFIK,0.9665710926055908
AMIWOJ,AVOGAT,0.9812976121902466
AMIWOJ,AVOGAT01,0.9812976121902466
AMIWOJ,AVOGEX,0.9812976121902466
AMIWOJ,AZIMIH,0.9665710926055908
AMIWOJ,BUSQIQ,0.9552626609802246
AMIWOJ,CAQCAZ,0.9934752583503723
AMIWOJ,CASTEW,0.9934752583503723
AMIWOJ,CEMJOV,0.9934752583503723
AMIWOJ,CIZQOT,0.9665710926055908
AMIWOJ,CIZQUZ,0.9665710926055908
AMIWOJ,CUKXAJ,0.9821406006813049
AMIWOJ,CUKXEN,0.9821406006813049
AMIWOJ,CUKXIR,0.9786702990531921
AMIWOJ,DAHMIJ,0.9821406006813049
AMIWOJ,DEJJEK,0.9856320023536682
AMIWOJ,DITXOU,0.9665710926055908
AMIWUP,AMIXAW,0.9995911717414856
AMIWUP,AMIXEA,0.9995371103286743
AMIWUP,AQEQES,0.9702855944633484
AMIWUP,AQEQIW,0.9657220840454102
AMIWUP,ATAFIK,0.9657220840454102
AMIWUP,AVOGAT,0.9826821088790894
AMIWUP,AVOGAT01,0.9826821088790894
AMIWUP,AVOGEX,0.9826821088790894
AMIWUP,AZIMIH,0.9657220840454102
AMIWUP,BUSQIQ,0.9587392210960388
AMIWUP,CAQCAZ,0.9941616058349609
AMIWUP,CASTEW,0.9941616058349609
AMIWUP,CEMJOV,0.9941616058349609
AMIWUP,CIZQOT,0.9657220840454102
AMIWUP,CIZQUZ,0.9657220840454102
AMIWUP,CUKXAJ,0.9808584451675415
AMIWUP,CUKXEN,0.9808584451675415
AMIWUP,CUKXIR,0.9775111675262451
AMIWUP,DAHMIJ,0.9808584451675415
AMIWUP,DEJJEK,0.9858130216598511
AMIWUP,DITXOU,0.9657220840454102
AMIXAW,AMIXEA,0.9999803900718689
AMIXAW,AQEQES,0.9692751169204712
AMIXAW,AQEQIW,0.9663969278335571
AMIXAW,ATAFIK,0.9663969278335571
AMIXAW,AVOGAT,0.981690526008606
AMIXAW,AVOGAT01,0.981690526008606
AMIXAW,AVOGEX,0.981690526008606
AMIXAW,AZIMIH,0.9663969278335571
AMIXAW,BUSQIQ,0.9561361074447632
AMIXAW,CAQCAZ,0.9941704273223877
AMIXAW,CASTEW,0.9941704273223877
AMIXAW,CEMJOV,0.9941704273223877
AMIXAW,CIZQOT,0.9663969278335571
AMIXAW,CIZQUZ,0.9663969278335571
AMIXAW,CUKXAJ,0.9820774793624878
AMIXAW,CUKXEN,0.9820774793624878
AMIXAW,CUKXIR,0.9781520962715149
AMIXAW,DAHMIJ,0.9820774793624878
AMIXAW,DEJJEK,0.9850555658340454
AMIXAW,DITXOU,0.9663969278335571
AMIXEA,AQEQES,0.9693748354911804
AMIXEA,AQEQIW,0.9666504263877869
AMIXEA,ATAFIK,0.9666504263877869
AMIXEA,AVOGAT,0.9819859862327576
AMIXEA,AVOGAT01,0.9819859862327576
AMIXEA,AVOGEX,0.9819859862327576
AMIXEA,AZIMIH,0.9666504263877869
AMIXEA,BUSQIQ,0.9562243223190308
AMIXEA,CAQCAZ,0.9946691393852234
AMIXEA,CASTEW,0.9946691393852234
AMIXEA,CEMJOV,0.9946691393852234
AMIXEA,CIZQOT,0.9666504263877869
AMIXEA,CIZQUZ,0.9666504263877869
AMIXEA,CUKXAJ,0.982480525970459
AMIXEA,CUKXEN,0.982480525970459
AMIXEA,CUKXIR,0.9781452417373657
AMIXEA,DAHMIJ,0.982480525970459
AMIXEA,DEJJEK,0.9844666123390198
AMIXEA,DITXOU,0.9666504263877869
AMIXIE,AMIXOK,0.9967666864395142
AMIXIE,AMIXUQ,0.9998589158058167
AMIXIE,ASOHUL,0.9806766510009766
AMIXIE,ATIJOC,0.9978838562965393
AMIXIE,ATIJUI,0.9983102679252625
AMIXIE,ATIKAP,0.9998304843902588
AMIXIE,ATIKET,0.9999352693557739
AMIXIE,ATIKIX,0.9957616925239563
AMIXIE,ATOTIM,0.9806766510009766
AMIXIE,AVAQAP,0.9967666864395142
AMIXIE,AVAQET,0.999160885810852
AMIXIE,AVOFUM,0.9820845127105713
AMIXIE,BADHIA,0.983954906463623
AMIXIE,BADHOG,0.983954906463623
AMIXIE,BADHUM,0.983954906463623
AMIXIE,BADHUM01,0.983954906463623
AMIXIE,BADJAU,0.983954906463623
AMIXIE,BADJIC,0.983954906463623
AMIXIE,BADZAK,0.9667468070983887
AMIXIE,BEBFIY,0.9734861850738525
AMIXIE,BESKUI,0.9933327436447144
AMIXIE,BOJYIK,0.9994291663169861
AMIXIE,BOJYIK01,0.9994291663169861
AMIXIE,BUKLOJ,0.9693228602409363
AMIXIE,BUKLOJ01,0.9693228602409363
AMIXIE,BUPVIT,0.979163408279419
AMIXIE,BUVHEH,0.979163408279419
AMIXIE,CAVMUJ,0.983954906463623
AMIXIE,CAVMUJ01,0.983954906463623
AMIXIE,CAVMUJ02,0.983954906463623
AMIXIE,CAXTAY,0.9560074806213379
AMIXIE,CEJXOG,1.0
AMIXIE,CELDAA,0.979163408279419
AMIXIE,COMDOY,0.9851691722869873
AMIXIE,CUZBUW,0.9693228602409363
AMIXIE,DIQGUH,0.9834380745887756
AMIXIE,RUBTAK02,0.9933327436447144
AMIXIE,SABVUN01,0.9560074806213379
AMIXIE,SURKAT,0.9933327436447144
AMIXOK,AMIXUQ,0.9955672025680542
AMIXOK,ASOHUL,0.9826644659042358
AMIXOK,ATIJOC,0.9987369775772095
AMIXOK,ATIJUI,0.9977362751960754
AMIXOK,ATIKAP,0.9964936971664429
AMIXOK,ATIKET,0.9972487688064575
AMIXOK,ATIKIX,0.9957407712936401
AMIXOK,ATOTIM,0.9826644659042358
AMIXOK,AVAQAP,0.9999999403953552
AMIXOK,AVAQET,0.9970894455909729
AMIXOK,AVOFUM,0.9821665287017822
AMIXOK,BADHIA,0.9862913489341736
AMIXOK,BADHOG,0.9862913489341736
AMIXOK,BADHUM,0.9862913489341736
AMIXOK,BADHUM01,0.9862913489341736
AMIXOK,BADJAU,0.9862913489341736
AMIXOK,BADJIC,0.9862913489341736
AMIXOK,BADZAK,0.9643369913101196
AMIXOK,BEBFIY,0.9808959364891052
AMIXOK,BESKUI,0.9926453232765198
AMIXOK,BOJYIK,0.9987543821334839
AMIXOK,BOJYIK01,0.9987543821334839
AMIXOK,BUKLOJ,0.9705662131309509
AMIXOK,BUKLOJ01,0.9705662131309509
AMIXOK,BUPVIT,0.9901461601257324
AMIXOK,BUVHEH,0.9901461601257324
AMIXOK,CAVMUJ,0.9862913489341736
AMIXOK,CAVMUJ01,0.9862913489341736
AMIXOK,CAVMUJ02,0.9862913489341736
AMIXOK,CAXTAY,0.9626767039299011
AMIXOK,CEJXOG,0.9967666864395142
AMIXOK,CELDAA,0.9901461601257324
AMIXOK,COMDOY,0.9857142567634583
AMIXOK,CUZBUW,0.9705662131309509
AMIXOK,DIQGUH,0.9864584803581238
AMIXOK,RUBTAK02,0.9926453232765198
AMIXOK,SABVUN01,0.9626767039299011
AMIXOK,SURKAT,0.9926453232765198
AMIXUQ,ASOHUL,0.9794445037841797
AMIXUQ,ATIJOC,0.9972423315048218
AMIXUQ,ATIJUI,0.997262716293335
AMIXUQ,ATIKAP,0.9995509386062622
AMIXUQ,ATIKET,0.9996391534805298
AMIXUQ,ATIKIX,0.9945439100265503
AMIXUQ,ATOTIM,0.9794445037841797
AMIXUQ,AVAQAP,0.9955672025680542
AMIXUQ,AVAQET,0.9985684156417847
AMIXUQ,AVOFUM,0.9819186925888062
AMIXUQ,BADHIA,0.9822522401809692
AMIXUQ,BADHOG,0.9822522401809692
AMIXUQ,BADHUM,0.9822522401809692
AMIXUQ,BADHUM01,0.9822522401809692
AMIXUQ,BADJAU,0.9822522401809692
AMIXUQ,BADJIC,0.9822522401809692
AMIXUQ,BADZAK,0.9672327637672424
AMIXUQ,BEBFIY,0.9703088998794556
AMIXUQ,BESKUI,0.9924314022064209
AMIXUQ,BOJYIK,0.9987759590148926
AMIXUQ,BOJYIK01,0.9987759590148926
AMIXUQ,BUKLOJ,0.9688553810119629
AMIXUQ,BUKLOJ01,0.9688553810119629
AMIXUQ,BUPVIT,0.9767930507659912
AMIXUQ,BUVHEH,0.9767930507659912
AMIXUQ,CAVMUJ,0.9822522401809692
AMIXUQ,CAVMUJ01,0.9822522401809692
AMIXUQ,CAVMUJ02,0.9822522401809692
AMIXUQ,CAXTAY,0.9551078081130981
AMIXUQ,CEJXOG,0.9998589158058167
AMIXUQ,CELDAA,0.9767930507659912
AMIXUQ,COMDOY,0.9852132201194763
AMIXUQ,CUZBUW,0.9688553810119629
AMIXUQ,DIQGUH,0.9809977412223816
AMIXUQ,RUBTAK02,0.9924314022064209
AMIXUQ,SABVUN01,0.9551078081130981
AMIXUQ,SURKAT,0.9924314022064209
AMIYIG,AMIYOM,0.9996292591094971
AMIYIG,AMIZAZ,0.9988105893135071
AMIYIG,AMIZAZ01,0.9988105893135071
AMIYIG,AMIZAZ02,0.9988105893135071
AMIYIG,AMIZON,0.9985496997833252
AMIYIG,AMIZON01,0.9985496997833252
AMIYIG,AMOBEL,0.9982883334159851
AMIYIG,AMOBEL01,0.9982883334159851
AMIYIG,AMOBEL02,0.9982883334159851
AMIYIG,AMOMUM,1.0
AMIYIG,AMONAT,1.0
AMIYIG,AMURUX,0.9968050718307495
AMIYIG,AMURUX01,0.9968050718307495
AMIYIG,AMURUX02,0.9968050718307495
AMIYIG,AMURUX06,0.9968050718307495
AMIYIG,AMURUX07,0.9968050718307495
AMIYIG,AMURUX08,0.9968050718307495
AMIYIG,AMURUX09,0.9968050718307495
AMIYIG,AMURUX10,0.9968050718307495
AMIYIG,AMURUX11,0.9968050718307495
AMIYIG,APOGOD,1.0
AMIYIG,ATIBAG,0.9989085793495178
AMIYIG,ATIBIO,0.9989085793495178
AMIYIG,ATIBOU,0.9989085793495178
AMIYIG,ATIBOU01,0.9989085793495178
AMIYIG,ATIBOU02,0.9989085793495178
AMIYIG,ATIBUA,0.9989085793495178
AMIYIG,ATICAH,0.9989085793495178
AMIYIG,ATICEL,0.9989085793495178
AMIYIG,AYONOT,0.9985496997833252
AMIYIG,BAFORM,0.9544923305511475
AMIYIG,BIFORM,0.9870479702949524
AMIYIG,BIYLAW01,0.9800522327423096
AMIYIG,CAFORM,0.9506864547729492
AMIYIG,CAFORM13,0.9506864547729492
AMIYIG,CAHMON,0.9955214262008667
AMIYIG,CAHMON01,0.9955214262008667
AMIYIG,CAHMON02,0.9955214262008667
AMIYIG,CAHMON03,0.9955214262008667
AMIYIG,CAJHUS,1.0
AMIYIG,CAJHUS01,1.0
AMIYIG,CAJHUS02,1.0
AMIYIG,CAJHUS03,1.0
AMIYIG,CAJHUS04,1.0
AMIYIG,COFORM,0.9996292591094971
AMIYIG,COFORM01,0.9996292591094971
AMIYIG,COFORM11,0.9996292591094971
AMIYIG,CUFORD,0.9985496997833252
AMIYIG,CUFORD01,0.9985496997833252
AMIYIG,CUFORM,0.9985496997833252
AMIYIG,CUFORM02,0.9985496997833252
AMIYIG,CUFORM03,0.9985496997833252
AMIYIG,CUFORM04,0.9985496997833252
AMIYIG,CUFORM06,0.9985496997833252
AMIYIG,DADTOS,0.9989085793495178
AMIYIG,DADTOS01,0.9989085793495178
AMIYIG,DADTOS02,0.9989085793495178
AMIYIG,DADTOS03,0.9989085793495178
AMIYIG,DADTOS04,0.9989085793495178
AMIYIG,DADTOS05,0.9989085793495178
AMIYIG,DADTOS06,0.9989085793495178
AMIYIG,DADTOS07,0.9989085793495178
AMIYIG,DADTOS08,0.9989085793495178
AMIYIG,DADTOS09,0.9989085793495178
AMIYIG,DADTOS10,0.9989085793495178
AMIYIG,DADTOS11,0.9989085793495178
AMIYIG,DADTOS12,0.9989085793495178
AMIYIG,DADTOS13,0.9989085793495178
AMIYIG,DADTOS14,0.9989085793495178
AMIYIG,DADTOS15,0.9989085793495178
AMIYIG,DADTOS16,0.9989085793495178
AMIYIG,DADTOS17,0.9989085793495178
AMIYIG,DADTOS18,0.9989085793495178
AMIYIG,DADTUY,0.9996292591094971
AMIYIG,DADTUY01,0.9996292591094971
AMIYIG,DADTUY05,0.9996292591094971
AMIYIG,DADTUY06,0.9996292591094971
AMIYIG,DADTUY07,0.9996292591094971
AMIYIG,DADTUY08,0.9996292591094971
AMIYIG,DADTUY09,0.9996292591094971
AMIYIG,DADTUY10,0.9996292591094971
AMIYIG,DADTUY11,0.9996292591094971
AMIYIG,DADTUY12,0.9996292591094971
AMIYIG,DADVAG,0.9988105893135071
AMIYIG,DADVAG01,0.9988105893135071
AMIYIG,DADVAG02,0.9988105893135071
AMIYIG,DADVAG03,0.9988105893135071
AMIYIG,DADVAG04,0.9988105893135071
AMIYIG,DADVAG05,0.9988105893135071
AMIYIG,DADVAG06,0.9988105893135071
AMIYIG,DADVAG07,0.9988105893135071
AMIYIG,DADVAG08,0.9988105893135071
AMIYIG,DAXNIA,0.9982883334159851
AMIYIG,DAXNIA01,0.9982883334159851
AMIYIG,DAXNIA02,0.9982883334159851
AMIYIG,DAXNIA03,0.9982883334159851
AMIYIG,DAXNIA04,0.9982883334159851
AMIYIG,DEFNEK,1.0
AMIYIG,DEFNIO,0.9996292591094971
AMIYIG,DEFNOU,0.9988105893135071
AMIYIG,DEPJIR,0.9982883334159851
AMIYIG,DEPJIR01,0.9982883334159851
AMIYIG,DIDVIW,0.9989085793495178
AMIYOM,AMIZAZ,0.9997506737709045
AMIYOM,AMIZAZ01,0.9997506737709045
AMIYOM,AMIZAZ02,0.9997506737709045
AMIYOM,AMIZON,0.9996275901794434
AMIYOM,AMIZON01,0.9996275901794434
AMIYOM,AMOBEL,0.9977757334709167
AMIYOM,AMOBEL01,0.9977757334709167
AMIYOM,AMOBEL02,0.9977757334709167
AMIYOM,AMOMUM,0.9996292591094971
AMIYOM,AMONAT,0.9996292591094971
AMIYOM,AMURUX,0.9963152408599854
AMIYOM,AMURUX01,0.9963152408599854
AMIYOM,AMURUX02,0.9963152408599854
AMIYOM,AMURUX06,0.9963152408599854
AMIYOM,AMURUX07,0.9963152408599854
AMIYOM,AMURUX08,0.9963152408599854
AMIYOM,AMURUX09,0.9963152408599854
AMIYOM,AMURUX10,0.9963152408599854
AMIYOM,AMURUX11,0.9963152408599854
AMIYOM,APOGOD,0.9996292591094971
AMIYOM,ATIBAG,0.9972895383834839
AMIYOM,ATIBIO,0.9972895383834839
AMIYOM,ATIBOU,0.9972895383834839
AMIYOM,ATIBOU01,0.9972895383834839
AMIYOM,ATIBOU02,0.9972895383834839
AMIYOM,ATIBUA,0.9972895383834839
AMIYOM,ATICAH,0.9972895383834839
AMIYOM,ATICEL,0.9972895383834839
AMIYOM,AYONOT,0.9996275901794434
AMIYOM,BAFORM,0.9499646425247192
AMIYOM,BIFORM,0.9865953922271729
AMIYOM,BIYLAW01,0.9788232445716858
AMIYOM,CAFORM,0.9463374614715576
AMIYOM,CAFORM13,0.9463374614715576
AMIYOM,CAHMON,0.9939473867416382
AMIYOM,CAHMON01,0.9939473867416382
AMIYOM,CAHMON02,0.9939473867416382
AMIYOM,CAHMON03,0.9939473867416382
AMIYOM,CAJHUS,0.9996292591094971
AMIYOM,CAJHUS01,0.9996292591094971
AMIYOM,CAJHUS02,0.9996292591094971
AMIYOM,CAJHUS03,0.9996292591094971
AMIYOM,CAJHUS04,0.9996292591094971
AMIYOM,COFORM,0.9999999403953552
AMIYOM,COFORM01,0.9999999403953552
AMIYOM,COFORM11,0.9999999403953552
AMIYOM,CUFORD,0.9996275901794434
AMIYOM,CUFORD01,0.9996275901794434
AMIYOM,CUFORM,0.9996275901794434
AMIYOM,CUFORM02,0.9996275901794434
AMIYOM,CUFORM03,0.9996275901794434
AMIYOM,CUFORM04,0.9996275901794434
AMIYOM,CUFORM06,0.9996275901794434
AMIYOM,DADTOS,0.9972895383834839
AMIYOM,DADTOS01,0.9972895383834839
AMIYOM,DADTOS02,0.9972895383834839
AMIYOM,DADTOS03,0.9972895383834839
AMIYOM,DADTOS04,0.9972895383834839
AMIYOM,DADTOS05,0.9972895383834839
AMIYOM,DADTOS06,0.9972895383834839
AMIYOM,DADTOS07,0.9972895383834839
AMIYOM,DADTOS08,0.9972895383834839
AMIYOM,DADTOS09,0.9972895383834839
AMIYOM,DADTOS10,0.9972895383834839
AMIYOM,DADTOS11,0.9972895383834839
AMIYOM,DADTOS12,0.9972895383834839
AMIYOM,DADTOS13,0.9972895383834839
AMIYOM,DADTOS14,0.9972895383834839
AMIYOM,DADTOS15,0.9972895383834839
AMIYOM,DADTOS16,0.9972895383834839
AMIYOM,DADTOS17,0.9972895383834839
AMIYOM,DADTOS18,0.9972895383834839
AMIYOM,DADTUY,0.9999999403953552
AMIYOM,DADTUY01,0.9999999403953552
AMIYOM,DADTUY05,0.9999999403953552
AMIYOM,DADTUY06,0.9999999403953552
AMIYOM,DADTUY07,0.9999999403953552
AMIYOM,DADTUY08,0.9999999403953552
AMIYOM,DADTUY09,0.9999999403953552
AMIYOM,DADTUY10,0.9999999403953552
AMIYOM,DADTUY11,0.9999999403953552
AMIYOM,DADTUY12,0.9999999403953552
AMIYOM,DADVAG,0.9997506737709045
AMIYOM,DADVAG01,0.9997506737709045
AMIYOM,DADVAG02,0.9997506737709045
AMIYOM,DADVAG03,0.9997506737709045
AMIYOM,DADVAG04,0.9997506737709045
AMIYOM,DADVAG05,0.9997506737709045
AMIYOM,DADVAG06,0.9997506737709045
AMIYOM,DADVAG07,0.9997506737709045
AMIYOM,DADVAG08,0.9997506737709045
AMIYOM,DAXNIA,0.9977757334709167
AMIYOM,DAXNIA01,0.9977757334709167
AMIYOM,DAXNIA02,0.9977757334709167
AMIYOM,DAXNIA03,0.9977757334709167
AMIYOM,DAXNIA04,0.9977757334709167
AMIYOM,DEFNEK,0.9996292591094971
AMIYOM,DEFNIO,0.9999999403953552
AMIYOM,DEFNOU,0.9997506737709045
AMIYOM,DEPJIR,0.9977757334709167
AMIYOM,DEPJIR01,0.9977757334709167
AMIYOM,DIDVIW,0.9972895383834839
AMIZAZ,AMIZAZ01,1.0
AMIZAZ,AMIZAZ02,1.0
AMIZAZ,AMIZON,0.9999494552612305
AMIZAZ,AMIZON01,0.9999494552612305
AMIZAZ,AMOBEL,0.9965023994445801
AMIZAZ,AMOBEL01,0.9965023994445801
AMIZAZ,AMOBEL02,0.9965023994445801
AMIZAZ,AMOMUM,0.9988105893135071
AMIZAZ,AMONAT,0.9988105893135071
AMIZAZ,AMURUX,0.995114803314209
AMIZAZ,AMURUX01,0.995114803314209
AMIZAZ,AMURUX02,0.995114803314209
AMIZAZ,AMURUX06,0.995114803314209
AMIZAZ,AMURUX07,0.995114803314209
AMIZAZ,AMURUX08,0.995114803314209
AMIZAZ,AMURUX09,0.995114803314209
AMIZAZ,AMURUX10,0.995114803314209
AMIZAZ,AMURUX11,0.995114803314209
AMIZAZ,APOGOD,0.9988105893135071
AMIZAZ,ATIBAG,0.9955241084098816
AMIZAZ,ATIBIO,0.9955241084098816
AMIZAZ,ATIBOU,0.9955241084098816
AMIZAZ,ATIBOU01,0.9955241084098816
AMIZAZ,ATIBOU02,0.9955241084098816
AMIZAZ,ATIBUA,0.9955241084098816
AMIZAZ,ATICAH,0.9955241084098816
AMIZAZ,ATICEL,0.9955241084098816
AMIZAZ,AYONOT,0.9999494552612305
AMIZAZ,BAFORM,0.9474261999130249
AMIZAZ,BIFORM,0.986008882522583
AMIZAZ,BIYLAW01,0.9778358340263367
AMIZAZ,CAFORM,0.9441367387771606
AMIZAZ,CAFORM13,0.9441367387771606
AMIZAZ,CAHMON,0.9921966195106506
AMIZAZ,CAHMON01,0.9921966195106506
AMIZAZ,CAHMON02,0.9921966195106506
AMIZAZ,CAHMON03,0.9921966195106506
AMIZAZ,CAJHUS,0.9988105893135071
AMIZAZ,CAJHUS01,0.9988105893135071
AMIZAZ,CAJHUS02,0.9988105893135071
AMIZAZ,CAJHUS03,0.9988105893135071
AMIZAZ,CAJHUS04,0.9988105893135071
AMIZAZ,COFORM,0.9997506737709045
AMIZAZ,COFORM01,0.9997506737709045
AMIZAZ,COFORM11,0.9997506737709045
AMIZAZ,CUFORD,0.9999494552612305
AMIZAZ,CUFORD01,0.9999494552612305
AMIZAZ,CUFORM,0.9999494552612305
AMIZAZ,CUFORM02,0.9999494552612305
AMIZAZ,CUFORM03,0.9999494552612305
AMIZAZ,CUFORM04,0.9999494552612305
AMIZAZ,CUFORM06,0.9999494552612305
AMIZAZ,DADTOS,0.9955241084098816
AMIZAZ,DADTOS01,0.9955241084098816
AMIZAZ,DADTOS02,0.9955241084098816
AMIZAZ,DADTOS03,0.9955241084098816
AMIZAZ,DADTOS04,0.9955241084098816
AMIZAZ,DADTOS05,0.9955241084098816
AMIZAZ,DADTOS06,0.9955241084098816
AMIZAZ,DADTOS07,0.9955241084098816
AMIZAZ,DADTOS08,0.9955241084098816
AMIZAZ,DADTOS09,0.9955241084098816
AMIZAZ,DADTOS10,0.9955241084098816
AMIZAZ,DADTOS11,0.9955241084098816
AMIZAZ,DADTOS12,0.9955241084098816
AMIZAZ,DADTOS13,0.9955241084098816
AMIZAZ,DADTOS14,0.9955241084098816
AMIZAZ,DADTOS15,0.9955241084098816
AMIZAZ,DADTOS16,0.9955241084098816
AMIZAZ,DADTOS17,0.9955241084098816
AMIZAZ,DADTOS18,0.9955241084098816
AMIZAZ,DADTUY,0.9997506737709045
AMIZAZ,DADTUY01,0.9997506737709045
AMIZAZ,DADTUY05,0.9997506737709045
AMIZAZ,DADTUY06,0.9997506737709045
AMIZAZ,DADTUY07,0.9997506737709045
AMIZAZ,DADTUY08,0.9997506737709045
AMIZAZ,DADTUY09,0.9997506737709045
AMIZAZ,DADTUY10,0.9997506737709045
AMIZAZ,DADTUY11,0.9997506737709045
AMIZAZ,DADTUY12,0.9997506737709045
AMIZAZ,DADVAG,1.0
AMIZAZ,DADVAG01,1.0
AMIZAZ,DADVAG02,1.0
AMIZAZ,DADVAG03,1.0
AMIZAZ,DADVAG04,1.0
AMIZAZ,DADVAG05,1.0
AMIZAZ,DADVAG06,1.0
AMIZAZ,DADVAG07,1.0
AMIZAZ,DADVAG08,1.0
AMIZAZ,DAXNIA,0.9965023994445801
AMIZAZ,DAXNIA01,0.9965023994445801
AMIZAZ,DAXNIA02,0.9965023994445801
AMIZAZ,DAXNIA03,0.9965023994445801
AMIZAZ,DAXNIA04,0.9965023994445801
AMIZAZ,DEFNEK,0.9988105893135071
AMIZAZ,DEFNIO,0.9997506737709045
AMIZAZ,DEFNOU,1.0
AMIZAZ,DEPJIR,0.9965023994445801
AMIZAZ,DEPJIR01,0.9965023994445801
AMIZAZ,DIDVIW,0.9955241084098816
AMIZAZ01,AMIZAZ02,1.0
AMIZAZ01,AMIZON,0.9999494552612305
AMIZAZ01,AMIZON01,0.9999494552612305
AMIZAZ01,AMOBEL,0.9965023994445801
AMIZAZ01,AMOBEL01,0.9965023994445801
AMIZAZ01,AMOBEL02,0.9965023994445801
AMIZAZ01,AMOMUM,0.9988105893135071
AMIZAZ01,AMONAT,0.9988105893135071
AMIZAZ01,AMURUX,0.995114803314209
AMIZAZ01,AMURUX01,0.995114803314209
AMIZAZ01,AMURUX02,0.995114803314209
AMIZAZ01,AMURUX06,0.995114803314209
AMIZAZ01,AMURUX07,0.995114803314209
AMIZAZ01,AMURUX08,0.995114803314209
AMIZAZ01,AMURUX09,0.995114803314209
AMIZAZ01,AMURUX10,0.995114803314209
AMIZAZ01,AMURUX11,0.995114803314209
AMIZAZ01,APOGOD,0.9988105893135071
AMIZAZ01,ATIBAG,0.9955241084098816
AMIZAZ01,ATIBIO,0.9955241084098816
AMIZAZ01,ATIBOU,0.9955241084098816
AMIZAZ01,ATIBOU01,0.9955241084098816
AMIZAZ01,ATIBOU02,0.9955241084098816
AMIZAZ01,ATIBUA,0.9955241084098816
AMIZAZ01,ATICAH,0.9955241084098816
AMIZAZ01,ATICEL,0.9955241084098816
AMIZAZ01,AYONOT,0.9999494552612305
AMIZAZ01,BAFORM,0.9474261999130249
AMIZAZ01,BIFORM,0.986008882522583
AMIZAZ01,BIYLAW01,0.9778358340263367
AMIZAZ01,CAFORM,0.9441367387771606
AMIZAZ01,CAFORM13,0.9441367387771606
AMIZAZ01,CAHMON,0.9921966195106506
AMIZAZ01,CAHMON01,0.9921966195106506
AMIZAZ01,CAHMON02,0.9921966195106506
AMIZAZ01,CAHMON03,0.9921966195106506
AMIZAZ01,CAJHUS,0.9988105893135071
AMIZAZ01,CAJHUS01,0.9988105893135071
AMIZAZ01,CAJHUS02,0.9988105893135071
AMIZAZ01,CAJHUS03,0.9988105893135071
AMIZAZ01,CAJHUS04,0.9988105893135071
AMIZAZ01,COFORM,0.9997506737709045
AMIZAZ01,COFORM01,0.9997506737709045
AMIZAZ01,COFORM11,0.9997506737709045
AMIZAZ01,CUFORD,0.9999494552612305
AMIZAZ01,CUFORD01,0.9999494552612305
AMIZAZ01,CUFORM,0.9999494552612305
AMIZAZ01,CUFORM02,0.9999494552612305
AMIZAZ01,CUFORM03,0.9999494552612305
AMIZAZ01,CUFORM04,0.9999494552612305
AMIZAZ01,CUFORM06,0.9999494552612305
AMIZAZ01,DADTOS,0.9955241084098816
AMIZAZ01,DADTOS01,0.9955241084098816
AMIZAZ01,DADTOS02,0.9955241084098816
AMIZAZ01,DADTOS03,0.9955241084098816
AMIZAZ01,DADTOS04,0.9955241084098816
AMIZAZ01,DADTOS05,0.9955241084098816
AMIZAZ01,DADTOS06,0.9955241084098816
AMIZAZ01,DADTOS07,0.9955241084098816
AMIZAZ01,DADTOS08,0.9955241084098816
AMIZAZ01,DADTOS09,0.9955241084098816
AMIZAZ01,DADTOS10,0.9955241084098816
AMIZAZ01,DADTOS11,0.9955241084098816
AMIZAZ01,DADTOS12,0.9955241084098816
AMIZAZ01,DADTOS13,0.9955241084098816
AMIZAZ01,DADTOS14,0.9955241084098816
AMIZAZ01,DADTOS15,0.9955241084098816
AMIZAZ01,DADTOS16,0.9955241084098816
AMIZAZ01,DADTOS17,0.9955241084098816
AMIZAZ01,DADTOS18,0.9955241084098816
AMIZAZ01,DADTUY,0.9997506737709045
AMIZAZ01,DADTUY01,0.9997506737709045
AMIZAZ01,DADTUY05,0.9997506737709045
AMIZAZ01,DADTUY06,0.9997506737709045
AMIZAZ01,DADTUY07,0.9997506737709045
AMIZAZ01,DADTUY08,0.9997506737709045
AMIZAZ01,DADTUY09,0.9997506737709045
AMIZAZ01,DADTUY10,0.9997506737709045
AMIZAZ01,DADTUY11,0.9997506737709045
AMIZAZ01,DADTUY12,0.9997506737709045
AMIZAZ01,DADVAG,1.0
AMIZAZ01,DADVAG01,1.0
AMIZAZ01,DADVAG02,1.0
AMIZAZ01,DADVAG03,1.0
AMIZAZ01,DADVAG04,1.0
AMIZAZ01,DADVAG05,1.0
AMIZAZ01,DADVAG06,1.0
AMIZAZ01,DADVAG07,1.0
AMIZAZ01,DADVAG08,1.0
AMIZAZ01,DAXNIA,0.9965023994445801
AMIZAZ01,DAXNIA01,0.9965023994445801
AMIZAZ01,DAXNIA02,0.9965023994445801
AMIZAZ01,DAXNIA03,0.9965023994445801
AMIZAZ01,DAXNIA04,0.9965023994445801
AMIZAZ01,DEFNEK,0.9988105893135071
AMIZAZ01,DEFNIO,0.9997506737709045
AMIZAZ01,DEFNOU,1.0
AMIZAZ01,DEPJIR,0.9965023994445801
AMIZAZ01,DEPJIR01,0.9965023994445801
AMIZAZ01,DIDVIW,0.9955241084098816
AMIZAZ02,AMIZON,0.9999494552612305
AMIZAZ02,AMIZON01,0.9999494552612305
AMIZAZ02,AMOBEL,0.9965023994445801
AMIZAZ02,AMOBEL01,0.9965023994445801
AMIZAZ02,AMOBEL02,0.9965023994445801
AMIZAZ02,AMOMUM,0.9988105893135071
AMIZAZ02,AMONAT,0.9988105893135071
AMIZAZ02,AMURUX,0.995114803314209
AMIZAZ02,AMURUX01,0.995114803314209
AMIZAZ02,AMURUX02,0.995114803314209
AMIZAZ02,AMURUX06,0.995114803314209
AMIZAZ02,AMURUX07,0.995114803314209
AMIZAZ02,AMURUX08,0.995114803314209
AMIZAZ02,AMURUX09,0.995114803314209
AMIZAZ02,AMURUX10,0.995114803314209
AMIZAZ02,AMURUX11,0.995114803314209
AMIZAZ02,APOGOD,0.9988105893135071
AMIZAZ02,ATIBAG,0.9955241084098816
AMIZAZ02,ATIBIO,0.9955241084098816
AMIZAZ02,ATIBOU,0.9955241084098816
AMIZAZ02,ATIBOU01,0.9955241084098816
AMIZAZ02,ATIBOU02,0.9955241084098816
AMIZAZ02,ATIBUA,0.9955241084098816
AMIZAZ02,ATICAH,0.9955241084098816
AMIZAZ02,ATICEL,0.9955241084098816
AMIZAZ02,AYONOT,0.9999494552612305
AMIZAZ02,BAFORM,0.9474261999130249
AMIZAZ02,BIFORM,0.986008882522583
AMIZAZ02,BIYLAW01,0.9778358340263367
AMIZAZ02,CAFORM,0.9441367387771606
AMIZAZ02,CAFORM13,0.9441367387771606
AMIZAZ02,CAHMON,0.9921966195106506
AMIZAZ02,CAHMON01,0.9921966195106506
AMIZAZ02,CAHMON02,0.9921966195106506
AMIZAZ02,CAHMON03,0.9921966195106506
AMIZAZ02,CAJHUS,0.9988105893135071
AMIZAZ02,CAJHUS01,0.9988105893135071
AMIZAZ02,CAJHUS02,0.9988105893135071
AMIZAZ02,CAJHUS03,0.9988105893135071
AMIZAZ02,CAJHUS04,0.9988105893135071
AMIZAZ02,COFORM,0.9997506737709045
AMIZAZ02,COFORM01,0.9997506737709045
AMIZAZ02,COFORM11,0.9997506737709045
AMIZAZ02,CUFORD,0.9999494552612305
AMIZAZ02,CUFORD01,0.9999494552612305
AMIZAZ02,CUFORM,0.9999494552612305
AMIZAZ02,CUFORM02,0.9999494552612305
AMIZAZ02,CUFORM03,0.9999494552612305
AMIZAZ02,CUFORM04,0.9999494552612305
AMIZAZ02,CUFORM06,0.9999494552612305
AMIZAZ02,DADTOS,0.9955241084098816
AMIZAZ02,DADTOS01,0.9955241084098816
AMIZAZ02,DADTOS02,0.9955241084098816
AMIZAZ02,DADTOS03,0.9955241084098816
AMIZAZ02,DADTOS04,0.9955241084098816
AMIZAZ02,DADTOS05,0.9955241084098816
AMIZAZ02,DADTOS06,0.9955241084098816
AMIZAZ02,DADTOS07,0.9955241084098816
AMIZAZ02,DADTOS08,0.9955241084098816
AMIZAZ02,DADTOS09,0.9955241084098816
AMIZAZ02,DADTOS10,0.9955241084098816
AMIZAZ02,DADTOS11,0.9955241084098816
AMIZAZ02,DADTOS12,0.9955241084098816
AMIZAZ02,DADTOS13,0.9955241084098816
AMIZAZ02,DADTOS14,0.9955241084098816
AMIZAZ02,DADTOS15,0.9955241084098816
AMIZAZ02,DADTOS16,0.9955241084098816
AMIZAZ02,DADTOS17,0.9955241084098816
AMIZAZ02,DADTOS18,0.9955241084098816
AMIZAZ02,DADTUY,0.9997506737709045
AMIZAZ02,DADTUY01,0.9997506737709045
AMIZAZ02,DADTUY05,0.9997506737709045
AMIZAZ02,DADTUY06,0.9997506737709045
AMIZAZ02,DADTUY07,0.9997506737709045
AMIZAZ02,DADTUY08,0.9997506737709045
AMIZAZ02,DADTUY09,0.9997506737709045
AMIZAZ02,DADTUY10,0.9997506737709045
AMIZAZ02,DADTUY11,0.9997506737709045
AMIZAZ02,DADTUY12,0.9997506737709045
AMIZAZ02,DADVAG,1.0
AMIZAZ02,DADVAG01,1.0
AMIZAZ02,DADVAG02,1.0
AMIZAZ02,DADVAG03,1.0
AMIZAZ02,DADVAG04,1.0
AMIZAZ02,DADVAG05,1.0
AMIZAZ02,DADVAG06,1.0
AMIZAZ02,DADVAG07,1.0
AMIZAZ02,DADVAG08,1.0
AMIZAZ02,DAXNIA,0.9965023994445801
AMIZAZ02,DAXNIA01,0.9965023994445801
AMIZAZ02,DAXNIA02,0.9965023994445801
AMIZAZ02,DAXNIA03,0.9965023994445801
AMIZAZ02,DAXNIA04,0.9965023994445801
AMIZAZ02,DEFNEK,0.9988105893135071
AMIZAZ02,DEFNIO,0.9997506737709045
AMIZAZ02,DEFNOU,1.0
AMIZAZ02,DEPJIR,0.9965023994445801
AMIZAZ02,DEPJIR01,0.9965023994445801
AMIZAZ02,DIDVIW,0.9955241084098816
AMIZON,AMIZON01,1.0
AMIZON,AMOBEL,0.9965804815292358
AMIZON,AMOBEL01,0.9965804815292358
AMIZON,AMOBEL02,0.9965804815292358
AMIZON,AMOMUM,0.9985496997833252
AMIZON,AMONAT,0.9985496997833252
AMIZON,AMURUX,0.9946607351303101
AMIZON,AMURUX01,0.9946607351303101
AMIZON,AMURUX02,0.9946607351303101
AMIZON,AMURUX06,0.9946607351303101
AMIZON,AMURUX07,0.9946607351303101
AMIZON,AMURUX08,0.9946607351303101
AMIZON,AMURUX09,0.9946607351303101
AMIZON,AMURUX10,0.9946607351303101
AMIZON,AMURUX11,0.9946607351303101
AMIZON,APOGOD,0.9985496997833252
AMIZON,ATIBAG,0.9950717687606812
AMIZON,ATIBIO,0.9950717687606812
AMIZON,ATIBOU,0.9950717687606812
AMIZON,ATIBOU01,0.9950717687606812
AMIZON,ATIBOU02,0.9950717687606812
AMIZON,ATIBUA,0.9950717687606812
AMIZON,ATICAH,0.9950717687606812
AMIZON,ATICEL,0.9950717687606812
AMIZON,AYONOT,1.0
AMIZON,BAFORM,0.9463676810264587
AMIZON,BIFORM,0.9866888523101807
AMIZON,BIYLAW01,0.9784445762634277
AMIZON,CAFORM,0.9424089789390564
AMIZON,CAFORM13,0.9424089789390564
AMIZON,CAHMON,0.9922806620597839
AMIZON,CAHMON01,0.9922806620597839
AMIZON,CAHMON02,0.9922806620597839
AMIZON,CAHMON03,0.9922806620597839
AMIZON,CAJHUS,0.9985496997833252
AMIZON,CAJHUS01,0.9985496997833252
AMIZON,CAJHUS02,0.9985496997833252
AMIZON,CAJHUS03,0.9985496997833252
AMIZON,CAJHUS04,0.9985496997833252
AMIZON,COFORM,0.9996275901794434
AMIZON,COFORM01,0.9996275901794434
AMIZON,COFORM11,0.9996275901794434
AMIZON,CUFORD,1.0
AMIZON,CUFORD01,1.0
AMIZON,CUFORM,1.0
AMIZON,CUFORM02,1.0
AMIZON,CUFORM03,1.0
AMIZON,CUFORM04,1.0
AMIZON,CUFORM06,1.0
AMIZON,DADTOS,0.9950717687606812
AMIZON,DADTOS01,0.9950717687606812
AMIZON,DADTOS02,0.9950717687606812
AMIZON,DADTOS03,0.9950717687606812
AMIZON,DADTOS04,0.9950717687606812
AMIZON,DADTOS05,0.9950717687606812
AMIZON,DADTOS06,0.9950717687606812
AMIZON,DADTOS07,0.9950717687606812
AMIZON,DADTOS08,0.9950717687606812
AMIZON,DADTOS09,0.9950717687606812
AMIZON,DADTOS10,0.9950717687606812
AMIZON,DADTOS11,0.9950717687606812
AMIZON,DADTOS12,0.9950717687606812
AMIZON,DADTOS13,0.9950717687606812
AMIZON,DADTOS14,0.9950717687606812
AMIZON,DADTOS15,0.9950717687606812
AMIZON,DADTOS16,0.9950717687606812
AMIZON,DADTOS17,0.9950717687606812
AMIZON,DADTOS18,0.9950717687606812
AMIZON,DADTUY,0.9996275901794434
AMIZON,DADTUY01,0.9996275901794434
AMIZON,DADTUY05,0.9996275901794434
AMIZON,DADTUY06,0.9996275901794434
AMIZON,DADTUY07,0.9996275901794434
AMIZON,DADTUY08,0.9996275901794434
AMIZON,DADTUY09,0.9996275901794434
AMIZON,DADTUY10,0.9996275901794434
AMIZON,DADTUY11,0.9996275901794434
AMIZON,DADTUY12,0.9996275901794434
AMIZON,DADVAG,0.9999494552612305
AMIZON,DADVAG01,0.9999494552612305
AMIZON,DADVAG02,0.9999494552612305
AMIZON,DADVAG03,0.9999494552612305
AMIZON,DADVAG04,0.9999494552612305
AMIZON,DADVAG05,0.9999494552612305
AMIZON,DADVAG06,0.9999494552612305
AMIZON,DADVAG07,0.9999494552612305
AMIZON,DADVAG08,0.9999494552612305
AMIZON,DAXNIA,0.9965804815292358
AMIZON,DAXNIA01,0.9965804815292358
AMIZON,DAXNIA02,0.9965804815292358
AMIZON,DAXNIA03,0.9965804815292358
AMIZON,DAXNIA04,0.9965804815292358
AMIZON,DEFNEK,0.9985496997833252
AMIZON,DEFNIO,0.9996275901794434
AMIZON,DEFNOU,0.9999494552612305
AMIZON,DEPJIR,0.9965804815292358
AMIZON,DEPJIR01,0.9965804815292358
AMIZON,DIDVIW,0.9950717687606812
AMIZON01,AMOBEL,0.9965804815292358
AMIZON01,AMOBEL01,0.9965804815292358
AMIZON01,AMOBEL02,0.9965804815292358
AMIZON01,AMOMUM,0.9985496997833252
AMIZON01,AMONAT,0.9985496997833252
AMIZON01,AMURUX,0.9946607351303101
AMIZON01,AMURUX01,0.9946607351303101
AMIZON01,AMURUX02,0.9946607351303101
AMIZON01,AMURUX06,0.9946607351303101
AMIZON01,AMURUX07,0.9946607351303101
AMIZON01,AMURUX08,0.9946607351303101
AMIZON01,AMURUX09,0.9946607351303101
AMIZON01,AMURUX10,0.9946607351303101
AMIZON01,AMURUX11,0.9946607351303101
AMIZON01,APOGOD,0.9985496997833252
AMIZON01,ATIBAG,0.9950717687606812
AMIZON01,ATIBIO,0.9950717687606812
AMIZON01,ATIBOU,0.9950717687606812
AMIZON01,ATIBOU01,0.9950717687606812
AMIZON01,ATIBOU02,0.9950717687606812
AMIZON01,ATIBUA,0.9950717687606812
AMIZON01,ATICAH,0.9950717687606812
AMIZON01,ATICEL,0.9950717687606812
AMIZON01,AYONOT,1.0
AMIZON01,BAFORM,0.9463676810264587
AMIZON01,BIFORM,0.9866888523101807
AMIZON01,BIYLAW01,0.9784445762634277
AMIZON01,CAFORM,0.9424089789390564
AMIZON01,CAFORM13,0.9424089789390564
AMIZON01,CAHMON,0.9922806620597839
AMIZON01,CAHMON01,0.9922806620597839
AMIZON01,CAHMON02,0.9922806620597839
AMIZON01,CAHMON03,0.9922806620597839
AMIZON01,CAJHUS,0.9985496997833252
AMIZON01,CAJHUS01,0.9985496997833252
AMIZON01,CAJHUS02,0.9985496997833252
AMIZON01,CAJHUS03,0.9985496997833252
AMIZON01,CAJHUS04,0.9985496997833252
AMIZON01,COFORM,0.9996275901794434
AMIZON01,COFORM01,0.9996275901794434
AMIZON01,COFORM11,0.9996275901794434
AMIZON01,CUFORD,1.0
AMIZON01,CUFORD01,1.0
AMIZON01,CUFORM,1.0
AMIZON01,CUFORM02,1.0
AMIZON01,CUFORM03,1.0
AMIZON01,CUFORM04,1.0
AMIZON01,CUFORM06,1.0
AMIZON01,DADTOS,0.9950717687606812
AMIZON01,DADTOS01,0.9950717687606812
AMIZON01,DADTOS02,0.9950717687606812
AMIZON01,DADTOS03,0.9950717687606812
AMIZON01,DADTOS04,0.9950717687606812
AMIZON01,DADTOS05,0.9950717687606812
AMIZON01,DADTOS06,0.9950717687606812
AMIZON01,DADTOS07,0.9950717687606812
AMIZON01,DADTOS08,0.9950717687606812
AMIZON01,DADTOS09,0.9950717687606812
AMIZON01,DADTOS10,0.9950717687606812
AMIZON01,DADTOS11,0.9950717687606812
AMIZON01,DADTOS12,0.9950717687606812
AMIZON01,DADTOS13,0.9950717687606812
AMIZON01,DADTOS14,0.9950717687606812
AMIZON01,DADTOS15,0.9950717687606812
AMIZON01,DADTOS16,0.9950717687606812
AMIZON01,DADTOS17,0.9950717687606812
AMIZON01,DADTOS18,0.9950717687606812
AMIZON01,DADTUY,0.9996275901794434
AMIZON01,DADTUY01,0.9996275901794434
AMIZON01,DADTUY05,0.9996275901794434
AMIZON01,DADTUY06,0.9996275901794434
AMIZON01,DADTUY07,0.9996275901794434
AMIZON01,DADTUY08,0.9996275901794434
AMIZON01,DADTUY09,0.9996275901794434
AMIZON01,DADTUY10,0.9996275901794434
AMIZON01,DADTUY11,0.9996275901794434
AMIZON01,DADTUY12,0.9996275901794434
AMIZON01,DADVAG,0.9999494552612305
AMIZON01,DADVAG01,0.9999494552612305
AMIZON01,DADVAG02,0.9999494552612305
AMIZON01,DADVAG03,0.9999494552612305
AMIZON01,DADVAG04,0.9999494552612305
AMIZON01,DADVAG05,0.9999494552612305
AMIZON01,DADVAG06,0.9999494552612305
AMIZON01,DADVAG07,0.9999494552612305
AMIZON01,DADVAG08,0.9999494552612305
AMIZON01,DAXNIA,0.9965804815292358
AMIZON01,DAXNIA01,0.9965804815292358
AMIZON01,DAXNIA02,0.9965804815292358
AMIZON01,DAXNIA03,0.9965804815292358
AMIZON01,DAXNIA04,0.9965804815292358
AMIZON01,DEFNEK,0.9985496997833252
AMIZON01,DEFNIO,0.9996275901794434
AMIZON01,DEFNOU,0.9999494552612305
AMIZON01,DEPJIR,0.9965804815292358
AMIZON01,DEPJIR01,0.9965804815292358
AMIZON01,DIDVIW,0.9950717687606812
AMOBEL,AMOBEL01,1.0
AMOBEL,AMOBEL02,1.0
AMOBEL,AMOMUM,0.9982883334159851
AMOBEL,AMONAT,0.9982883334159851
AMOBEL,AMURUX,0.9959937334060669
AMOBEL,AMURUX01,0.9959937334060669
AMOBEL,AMURUX02,0.9959937334060669
AMOBEL,AMURUX06,0.9959937334060669
AMOBEL,AMURUX07,0.9959937334060669
AMOBEL,AMURUX08,0.9959937334060669
AMOBEL,AMURUX09,0.9959937334060669
AMOBEL,AMURUX10,0.9959937334060669
AMOBEL,AMURUX11,0.9959937334060669
AMOBEL,APOGOD,0.9982883334159851
AMOBEL,ATIBAG,0.9974996447563171
AMOBEL,ATIBIO,0.9974996447563171
AMOBEL,ATIBOU,0.9974996447563171
AMOBEL,ATIBOU01,0.9974996447563171
AMOBEL,ATIBOU02,0.9974996447563171
AMOBEL,ATIBUA,0.9974996447563171
AMOBEL,ATICAH,0.9974996447563171
AMOBEL,ATICEL,0.9974996447563171
AMOBEL,AYONOT,0.9965804815292358
AMOBEL,BAFORM,0.9455037117004395
AMOBEL,BIFORM,0.9871268272399902
AMOBEL,BIYLAW01,0.9797663688659668
AMOBEL,CAFORM,0.9386109709739685
AMOBEL,CAFORM13,0.9386109709739685
AMOBEL,CAHMON,0.9962353706359863
AMOBEL,CAHMON01,0.9962353706359863
AMOBEL,CAHMON02,0.9962353706359863
AMOBEL,CAHMON03,0.9962353706359863
AMOBEL,CAJHUS,0.9982883334159851
AMOBEL,CAJHUS01,0.9982883334159851
AMOBEL,CAJHUS02,0.9982883334159851
AMOBEL,CAJHUS03,0.9982883334159851
AMOBEL,CAJHUS04,0.9982883334159851
AMOBEL,COFORM,0.9977757334709167
AMOBEL,COFORM01,0.9977757334709167
AMOBEL,COFORM11,0.9977757334709167
AMOBEL,CUFORD,0.9965804815292358
AMOBEL,CUFORD01,0.9965804815292358
AMOBEL,CUFORM,0.9965804815292358
AMOBEL,CUFORM02,0.9965804815292358
AMOBEL,CUFORM03,0.9965804815292358
AMOBEL,CUFORM04,0.9965804815292358
AMOBEL,CUFORM06,0.9965804815292358
AMOBEL,DADTOS,0.9974996447563171
AMOBEL,DADTOS01,0.9974996447563171
AMOBEL,DADTOS02,0.9974996447563171
AMOBEL,DADTOS03,0.9974996447563171
AMOBEL,DADTOS04,0.9974996447563171
AMOBEL,DADTOS05,0.9974996447563171
AMOBEL,DADTOS06,0.9974996447563171
AMOBEL,DADTOS07,0.9974996447563171
AMOBEL,DADTOS08,0.9974996447563171
AMOBEL,DADTOS09,0.9974996447563171
AMOBEL,DADTOS10,0.9974996447563171
AMOBEL,DADTOS11,0.9974996447563171
AMOBEL,DADTOS12,0.9974996447563171
AMOBEL,DADTOS13,0.9974996447563171
AMOBEL,DADTOS14,0.9974996447563171
AMOBEL,DADTOS15,0.9974996447563171
AMOBEL,DADTOS16,0.9974996447563171
AMOBEL,DADTOS17,0.9974996447563171
AMOBEL,DADTOS18,0.9974996447563171
AMOBEL,DADTUY,0.9977757334709167
AMOBEL,DADTUY01,0.9977757334709167
AMOBEL,DADTUY05,0.9977757334709167
AMOBEL,DADTUY06,0.9977757334709167
AMOBEL,DADTUY07,0.9977757334709167
AMOBEL,DADTUY08,0.9977757334709167
AMOBEL,DADTUY09,0.9977757334709167
AMOBEL,DADTUY10,0.9977757334709167
AMOBEL,DADTUY11,0.9977757334709167
AMOBEL,DADTUY12,0.9977757334709167
AMOBEL,DADVAG,0.9965023994445801
AMOBEL,DADVAG01,0.9965023994445801
AMOBEL,DADVAG02,0.9965023994445801
AMOBEL,DADVAG03,0.9965023994445801
AMOBEL,DADVAG04,0.9965023994445801
AMOBEL,DADVAG05,0.9965023994445801
AMOBEL,DADVAG06,0.9965023994445801
AMOBEL,DADVAG07,0.9965023994445801
AMOBEL,DADVAG08,0.9965023994445801
AMOBEL,DAXNIA,1.0
AMOBEL,DAXNIA01,1.0
AMOBEL,DAXNIA02,1.0
AMOBEL,DAXNIA03,1.0
AMOBEL,DAXNIA04,1.0
AMOBEL,DEFNEK,0.9982883334159851
AMOBEL,DEFNIO,0.9977757334709167
AMOBEL,DEFNOU,0.9965023994445801
AMOBEL,DEPJIR,1.0
AMOBEL,DEPJIR01,1.0
AMOBEL,DIDVIW,0.9974996447563171
AMOBEL01,AMOBEL02,1.0
AMOBEL01,AMOMUM,0.9982883334159851
AMOBEL01,AMONAT,0.9982883334159851
AMOBEL01,AMURUX,0.9959937334060669
AMOBEL01,AMURUX01,0.9959937334060669
AMOBEL01,AMURUX02,0.9959937334060669
AMOBEL01,AMURUX06,0.9959937334060669
AMOBEL01,AMURUX07,0.9959937334060669
AMOBEL01,AMURUX08,0.9959937334060669
AMOBEL01,AMURUX09,0.9959937334060669
AMOBEL01,AMURUX10,0.9959937334060669
AMOBEL01,AMURUX11,0.9959937334060669
AMOBEL01,APOGOD,0.9982883334159851
AMOBEL01,ATIBAG,0.9974996447563171
AMOBEL01,ATIBIO,0.9974996447563171
AMOBEL01,ATIBOU,0.9974996447563171
AMOBEL01,ATIBOU01,0.9974996447563171
AMOBEL01,ATIBOU02,0.9974996447563171
AMOBEL01,ATIBUA,0.9974996447563171
AMOBEL01,ATICAH,0.9974996447563171
AMOBEL01,ATICEL,0.9974996447563171
AMOBEL01,AYONOT,0.9965804815292358
AMOBEL01,BAFORM,0.9455037117004395
AMOBEL01,BIFORM,0.9871268272399902
AMOBEL01,BIYLAW01,0.9797663688659668
AMOBEL01,CAFORM,0.9386109709739685
AMOBEL01,CAFORM13,0.9386109709739685
AMOBEL01,CAHMON,0.9962353706359863
AMOBEL01,CAHMON01,0.9962353706359863
AMOBEL01,CAHMON02,0.9962353706359863
AMOBEL01,CAHMON03,0.9962353706359863
AMOBEL01,CAJHUS,0.9982883334159851
AMOBEL01,CAJHUS01,0.9982883334159851
AMOBEL01,CAJHUS02,0.9982883334159851
AMOBEL01,CAJHUS03,0.9982883334159851
AMOBEL01,CAJHUS04,0.9982883334159851
AMOBEL01,COFORM,0.9977757334709167
AMOBEL01,COFORM01,0.9977757334709167
AMOBEL01,COFORM11,0.9977757334709167
AMOBEL01,CUFORD,0.9965804815292358
AMOBEL01,CUFORD01,0.9965804815292358
AMOBEL01,CUFORM,0.9965804815292358
AMOBEL01,CUFORM02,0.9965804815292358
AMOBEL01,CUFORM03,0.9965804815292358
AMOBEL01,CUFORM04,0.9965804815292358
AMOBEL01,CUFORM06,0.9965804815292358
AMOBEL01,DADTOS,0.9974996447563171
AMOBEL01,DADTOS01,0.9974996447563171
AMOBEL01,DADTOS02,0.9974996447563171
AMOBEL01,DADTOS03,0.9974996447563171
AMOBEL01,DADTOS04,0.9974996447563171
AMOBEL01,DADTOS05,0.9974996447563171
AMOBEL01,DADTOS06,0.9974996447563171
AMOBEL01,DADTOS07,0.9974996447563171
AMOBEL01,DADTOS08,0.9974996447563171
AMOBEL01,DADTOS09,0.9974996447563171
AMOBEL01,DADTOS10,0.9974996447563171
AMOBEL01,DADTOS11,0.9974996447563171
AMOBEL01,DADTOS12,0.9974996447563171
AMOBEL01,DADTOS13,0.9974996447563171
AMOBEL01,DADTOS14,0.9974996447563171
AMOBEL01,DADTOS15,0.9974996447563171
AMOBEL01,DADTOS16,0.9974996447563171
AMOBEL01,DADTOS17,0.9974996447563171
AMOBEL01,DADTOS18,0.9974996447563171
AMOBEL01,DADTUY,0.9977757334709167
AMOBEL01,DADTUY01,0.9977757334709167
AMOBEL01,DADTUY05,0.9977757334709167
AMOBEL01,DADTUY06,0.9977757334709167
AMOBEL01,DADTUY07,0.9977757334709167
AMOBEL01,DADTUY08,0.9977757334709167
AMOBEL01,DADTUY09,0.9977757334709167
AMOBEL01,DADTUY10,0.9977757334709167
AMOBEL01,DADTUY11,0.9977757334709167
AMOBEL01,DADTUY12,0.9977757334709167
AMOBEL01,DADVAG,0.9965023994445801
AMOBEL01,DADVAG01,0.9965023994445801
AMOBEL01,DADVAG02,0.9965023994445801
AMOBEL01,DADVAG03,0.9965023994445801
AMOBEL01,DADVAG04,0.9965023994445801
AMOBEL01,DADVAG05,0.9965023994445801
AMOBEL01,DADVAG06,0.9965023994445801
AMOBEL01,DADVAG07,0.9965023994445801
AMOBEL01,DADVAG08,0.9965023994445801
AMOBEL01,DAXNIA,1.0
AMOBEL01,DAXNIA01,1.0
AMOBEL01,DAXNIA02,1.0
AMOBEL01,DAXNIA03,1.0
AMOBEL01,DAXNIA04,1.0
AMOBEL01,DEFNEK,0.9982883334159851
AMOBEL01,DEFNIO,0.9977757334709167
AMOBEL01,DEFNOU,0.9965023994445801
AMOBEL01,DEPJIR,1.0
AMOBEL01,DEPJIR01,1.0
AMOBEL01,DIDVIW,0.9974996447563171
AMOBEL02,AMOMUM,0.9982883334159851
AMOBEL02,AMONAT,0.9982883334159851
AMOBEL02,AMURUX,0.9959937334060669
AMOBEL02,AMURUX01,0.9959937334060669
AMOBEL02,AMURUX02,0.9959937334060669
AMOBEL02,AMURUX06,0.9959937334060669
AMOBEL02,AMURUX07,0.9959937334060669
AMOBEL02,AMURUX08,0.9959937334060669
AMOBEL02,AMURUX09,0.9959937334060669
AMOBEL02,AMURUX10,0.9959937334060669
AMOBEL02,AMURUX11,0.9959937334060669
AMOBEL02,APOGOD,0.9982883334159851
AMOBEL02,ATIBAG,0.9974996447563171
AMOBEL02,ATIBIO,0.9974996447563171
AMOBEL02,ATIBOU,0.9974996447563171
AMOBEL02,ATIBOU01,0.9974996447563171
AMOBEL02,ATIBOU02,0.9974996447563171
AMOBEL02,ATIBUA,0.9974996447563171
AMOBEL02,ATICAH,0.9974996447563171
AMOBEL02,ATICEL,0.9974996447563171
AMOBEL02,AYONOT,0.9965804815292358
AMOBEL02,BAFORM,0.9455037117004395
AMOBEL02,BIFORM,0.9871268272399902
AMOBEL02,BIYLAW01,0.9797663688659668
AMOBEL02,CAFORM,0.9386109709739685
AMOBEL02,CAFORM13,0.9386109709739685
AMOBEL02,CAHMON,0.9962353706359863
AMOBEL02,CAHMON01,0.9962353706359863
AMOBEL02,CAHMON02,0.9962353706359863
AMOBEL02,CAHMON03,0.9962353706359863
AMOBEL02,CAJHUS,0.9982883334159851
AMOBEL02,CAJHUS01,0.9982883334159851
AMOBEL02,CAJHUS02,0.9982883334159851
AMOBEL02,CAJHUS03,0.9982883334159851
AMOBEL02,CAJHUS04,0.9982883334159851
AMOBEL02,COFORM,0.9977757334709167
AMOBEL02,COFORM01,0.9977757334709167
AMOBEL02,COFORM11,0.9977757334709167
AMOBEL02,CUFORD,0.9965804815292358
AMOBEL02,CUFORD01,0.9965804815292358
AMOBEL02,CUFORM,0.9965804815292358
AMOBEL02,CUFORM02,0.9965804815292358
AMOBEL02,CUFORM03,0.9965804815292358
AMOBEL02,CUFORM04,0.9965804815292358
AMOBEL02,CUFORM06,0.9965804815292358
AMOBEL02,DADTOS,0.9974996447563171
AMOBEL02,DADTOS01,0.9974996447563171
AMOBEL02,DADTOS02,0.9974996447563171
AMOBEL02,DADTOS03,0.9974996447563171
AMOBEL02,DADTOS04,0.9974996447563171
AMOBEL02,DADTOS05,0.9974996447563171
AMOBEL02,DADTOS06,0.9974996447563171
AMOBEL02,DADTOS07,0.9974996447563171
AMOBEL02,DADTOS08,0.9974996447563171
AMOBEL02,DADTOS09,0.9974996447563171
AMOBEL02,DADTOS10,0.9974996447563171
AMOBEL02,DADTOS11,0.9974996447563171
AMOBEL02,DADTOS12,0.9974996447563171
AMOBEL02,DADTOS13,0.9974996447563171
AMOBEL02,DADTOS14,0.9974996447563171
AMOBEL02,DADTOS15,0.9974996447563171
AMOBEL02,DADTOS16,0.9974996447563171
AMOBEL02,DADTOS17,0.9974996447563171
AMOBEL02,DADTOS18,0.9974996447563171
AMOBEL02,DADTUY,0.9977757334709167
AMOBEL02,DADTUY01,0.9977757334709167
AMOBEL02,DADTUY05,0.9977757334709167
AMOBEL02,DADTUY06,0.9977757334709167
AMOBEL02,DADTUY07,0.9977757334709167
AMOBEL02,DADTUY08,0.9977757334709167
AMOBEL02,DADTUY09,0.9977757334709167
AMOBEL02,DADTUY10,0.9977757334709167
AMOBEL02,DADTUY11,0.9977757334709167
AMOBEL02,DADTUY12,0.9977757334709167
AMOBEL02,DADVAG,0.9965023994445801
AMOBEL02,DADVAG01,0.9965023994445801
AMOBEL02,DADVAG02,0.9965023994445801
AMOBEL02,DADVAG03,0.9965023994445801
AMOBEL02,DADVAG04,0.9965023994445801
AMOBEL02,DADVAG05,0.9965023994445801
AMOBEL02,DADVAG06,0.9965023994445801
AMOBEL02,DADVAG07,0.9965023994445801
AMOBEL02,DADVAG08,0.9965023994445801
AMOBEL02,DAXNIA,1.0
AMOBEL02,DAXNIA01,1.0
AMOBEL02,DAXNIA02,1.0
AMOBEL02,DAXNIA03,1.0
AMOBEL02,DAXNIA04,1.0
AMOBEL02,DEFNEK,0.9982883334159851
AMOBEL02,DEFNIO,0.9977757334709167
AMOBEL02,DEFNOU,0.9965023994445801
AMOBEL02,DEPJIR,1.0
AMOBEL02,DEPJIR01,1.0
AMOBEL02,DIDVIW,0.9974996447563171
AMODUC,AMOFAK,0.9998192191123962
AMODUC,BIGJEJ,0.9775111675262451
AMODUC,CUXPAN,0.9990724921226501
AMODUC,CUXPER,0.9998192191123962
AMODUC,CUXPIV,0.9992827773094177
AMODUC,CUXPOB,1.0
AMODUC,CUXPUH,0.9994291663169861
AMODUC,CUXQAO,0.9998192191123962
AMODUC,CUXQES,0.9985291957855225
AMODUC,CUXQIW,1.0
AMODUC,DAMYOI,0.999731719493866
AMODUC,DAMYUO,0.9994291663169861
AMOFAK,BIGJEJ,0.9776891469955444
AMOFAK,CUXPAN,0.9996544122695923
AMOFAK,CUXPER,0.9999999403953552
AMOFAK,CUXPIV,0.9994805455207825
AMOFAK,CUXPOB,0.9998192191123962
AMOFAK,CUXPUH,0.999313473701477
AMOFAK,CUXQAO,0.9999999403953552
AMOFAK,CUXQES,0.9987545013427734
AMOFAK,CUXQIW,0.9998192191123962
AMOFAK,DAMYOI,0.9992610812187195
AMOFAK,DAMYUO,0.999313473701477
AMOMUM,AMONAT,1.0
AMOMUM,AMURUX,0.9968050718307495
AMOMUM,AMURUX01,0.9968050718307495
AMOMUM,AMURUX02,0.9968050718307495
AMOMUM,AMURUX06,0.9968050718307495
AMOMUM,AMURUX07,0.9968050718307495
AMOMUM,AMURUX08,0.9968050718307495
AMOMUM,AMURUX09,0.9968050718307495
AMOMUM,AMURUX10,0.9968050718307495
AMOMUM,AMURUX11,0.9968050718307495
AMOMUM,APOGOD,1.0
AMOMUM,ATIBAG,0.9989085793495178
AMOMUM,ATIBIO,0.9989085793495178
AMOMUM,ATIBOU,0.9989085793495178
AMOMUM,ATIBOU01,0.9989085793495178
AMOMUM,ATIBOU02,0.9989085793495178
AMOMUM,ATIBUA,0.9989085793495178
AMOMUM,ATICAH,0.9989085793495178
AMOMUM,ATICEL,0.9989085793495178
AMOMUM,AYONOT,0.9985496997833252
AMOMUM,BAFORM,0.9544923305511475
AMOMUM,BIFORM,0.9870479702949524
AMOMUM,BIYLAW01,0.9800522327423096
AMOMUM,CAFORM,0.9506864547729492
AMOMUM,CAFORM13,0.9506864547729492
AMOMUM,CAHMON,0.9955214262008667
AMOMUM,CAHMON01,0.9955214262008667
AMOMUM,CAHMON02,0.9955214262008667
AMOMUM,CAHMON03,0.9955214262008667
AMOMUM,CAJHUS,1.0
AMOMUM,CAJHUS01,1.0
AMOMUM,CAJHUS02,1.0
AMOMUM,CAJHUS03,1.0
AMOMUM,CAJHUS04,1.0
AMOMUM,COFORM,0.9996292591094971
AMOMUM,COFORM01,0.9996292591094971
AMOMUM,COFORM11,0.9996292591094971
AMOMUM,CUFORD,0.9985496997833252
AMOMUM,CUFORD01,0.9985496997833252
AMOMUM,CUFORM,0.9985496997833252
AMOMUM,CUFORM02,0.9985496997833252
AMOMUM,CUFORM03,0.9985496997833252
AMOMUM,CUFORM04,0.9985496997833252
AMOMUM,CUFORM06,0.9985496997833252
AMOMUM,DADTOS,0.9989085793495178
AMOMUM,DADTOS01,0.9989085793495178
AMOMUM,DADTOS02,0.9989085793495178
AMOMUM,DADTOS03,0.9989085793495178
AMOMUM,DADTOS04,0.9989085793495178
AMOMUM,DADTOS05,0.9989085793495178
AMOMUM,DADTOS06,0.9989085793495178
AMOMUM,DADTOS07,0.9989085793495178
AMOMUM,DADTOS08,0.9989085793495178
AMOMUM,DADTOS09,0.9989085793495178
AMOMUM,DADTOS10,0.9989085793495178
AMOMUM,DADTOS11,0.9989085793495178
AMOMUM,DADTOS12,0.9989085793495178
AMOMUM,DADTOS13,0.9989085793495178
AMOMUM,DADTOS14,0.9989085793495178
AMOMUM,DADTOS15,0.9989085793495178
AMOMUM,DADTOS16,0.9989085793495178
AMOMUM,DADTOS17,0.9989085793495178
AMOMUM,DADTOS18,0.9989085793495178
AMOMUM,DADTUY,0.9996292591094971
AMOMUM,DADTUY01,0.9996292591094971
AMOMUM,DADTUY05,0.9996292591094971
AMOMUM,DADTUY06,0.9996292591094971
AMOMUM,DADTUY07,0.9996292591094971
AMOMUM,DADTUY08,0.9996292591094971
AMOMUM,DADTUY09,0.9996292591094971
AMOMUM,DADTUY10,0.9996292591094971
AMOMUM,DADTUY11,0.9996292591094971
AMOMUM,DADTUY12,0.9996292591094971
AMOMUM,DADVAG,0.9988105893135071
AMOMUM,DADVAG01,0.9988105893135071
AMOMUM,DADVAG02,0.9988105893135071
AMOMUM,DADVAG03,0.9988105893135071
AMOMUM,DADVAG04,0.9988105893135071
AMOMUM,DADVAG05,0.9988105893135071
AMOMUM,DADVAG06,0.9988105893135071
AMOMUM,DADVAG07,0.9988105893135071
AMOMUM,DADVAG08,0.9988105893135071
AMOMUM,DAXNIA,0.9982883334159851
AMOMUM,DAXNIA01,0.9982883334159851
AMOMUM,DAXNIA02,0.9982883334159851
AMOMUM,DAXNIA03,0.9982883334159851
AMOMUM,DAXNIA04,0.9982883334159851
AMOMUM,DEFNEK,1.0
AMOMUM,DEFNIO,0.9996292591094971
AMOMUM,DEFNOU,0.9988105893135071
AMOMUM,DEPJIR,0.9982883334159851
AMOMUM,DEPJIR01,0.9982883334159851
AMOMUM,DIDVIW,0.9989085793495178
AMONAT,AMURUX,0.9968050718307495
AMONAT,AMURUX01,0.9968050718307495
AMONAT,AMURUX02,0.9968050718307495
AMONAT,AMURUX06,0.9968050718307495
AMONAT,AMURUX07,0.9968050718307495
AMONAT,AMURUX08,0.9968050718307495
AMONAT,AMURUX09,0.9968050718307495
AMONAT,AMURUX10,0.9968050718307495
AMONAT,AMURUX11,0.9968050718307495
AMONAT,APOGOD,1.0
AMONAT,ATIBAG,0.9989085793495178
AMONAT,ATIBIO,0.9989085793495178
AMONAT,ATIBOU,0.9989085793495178
AMONAT,ATIBOU01,0.9989085793495178
AMONAT,ATIBOU02,0.9989085793495178
AMONAT,ATIBUA,0.9989085793495178
AMONAT,ATICAH,0.9989085793495178
AMONAT,ATICEL,0.9989085793495178
AMONAT,AYONOT,0.9985496997833252
AMONAT,BAFORM,0.9544923305511475
AMONAT,BIFORM,0.9870479702949524
AMONAT,BIYLAW01,0.9800522327423096
AMONAT,CAFORM,0.9506864547729492
AMONAT,CAFORM13,0.9506864547729492
AMONAT,CAHMON,0.9955214262008667
AMONAT,CAHMON01,0.9955214262008667
AMONAT,CAHMON02,0.9955214262008667
AMONAT,CAHMON03,0.9955214262008667
AMONAT,CAJHUS,1.0
AMONAT,CAJHUS01,1.0
AMONAT,CAJHUS02,1.0
AMONAT,CAJHUS03,1.0
AMONAT,CAJHUS04,1.0
AMONAT,COFORM,0.9996292591094971
AMONAT,COFORM01,0.9996292591094971
AMONAT,COFORM11,0.9996292591094971
AMONAT,CUFORD,0.9985496997833252
AMONAT,CUFORD01,0.9985496997833252
AMONAT,CUFORM,0.9985496997833252
AMONAT,CUFORM02,0.9985496997833252
AMONAT,CUFORM03,0.9985496997833252
AMONAT,CUFORM04,0.9985496997833252
AMONAT,CUFORM06,0.9985496997833252
AMONAT,DADTOS,0.9989085793495178
AMONAT,DADTOS01,0.9989085793495178
AMONAT,DADTOS02,0.9989085793495178
AMONAT,DADTOS03,0.9989085793495178
AMONAT,DADTOS04,0.9989085793495178
AMONAT,DADTOS05,0.9989085793495178
AMONAT,DADTOS06,0.9989085793495178
AMONAT,DADTOS07,0.9989085793495178
AMONAT,DADTOS08,0.9989085793495178
AMONAT,DADTOS09,0.9989085793495178
AMONAT,DADTOS10,0.9989085793495178
AMONAT,DADTOS11,0.9989085793495178
AMONAT,DADTOS12,0.9989085793495178
AMONAT,DADTOS13,0.9989085793495178
AMONAT,DADTOS14,0.9989085793495178
AMONAT,DADTOS15,0.9989085793495178
AMONAT,DADTOS16,0.9989085793495178
AMONAT,DADTOS17,0.9989085793495178
AMONAT,DADTOS18,0.9989085793495178
AMONAT,DADTUY,0.9996292591094971
AMONAT,DADTUY01,0.9996292591094971
AMONAT,DADTUY05,0.9996292591094971
AMONAT,DADTUY06,0.9996292591094971
AMONAT,DADTUY07,0.9996292591094971
AMONAT,DADTUY08,0.9996292591094971
AMONAT,DADTUY09,0.9996292591094971
AMONAT,DADTUY10,0.9996292591094971
AMONAT,DADTUY11,0.9996292591094971
AMONAT,DADTUY12,0.9996292591094971
AMONAT,DADVAG,0.9988105893135071
AMONAT,DADVAG01,0.9988105893135071
AMONAT,DADVAG02,0.9988105893135071
AMONAT,DADVAG03,0.9988105893135071
AMONAT,DADVAG04,0.9988105893135071
AMONAT,DADVAG05,0.9988105893135071
AMONAT,DADVAG06,0.9988105893135071
AMONAT,DADVAG07,0.9988105893135071
AMONAT,DADVAG08,0.9988105893135071
AMONAT,DAXNIA,0.9982883334159851
AMONAT,DAXNIA01,0.9982883334159851
AMONAT,DAXNIA02,0.9982883334159851
AMONAT,DAXNIA03,0.9982883334159851
AMONAT,DAXNIA04,0.9982883334159851
AMONAT,DEFNEK,1.0
AMONAT,DEFNIO,0.9996292591094971
AMONAT,DEFNOU,0.9988105893135071
AMONAT,DEPJIR,0.9982883334159851
AMONAT,DEPJIR01,0.9982883334159851
AMONAT,DIDVIW,0.9989085793495178
AMOROK,AMORUQ,0.9994630217552185
AMUCOB,AROVAE,0.9855000972747803
AMUCOB,CONSAA,0.9506864547729492
AMURUX,AMURUX01,1.0
AMURUX,AMURUX02,1.0
AMURUX,AMURUX06,1.0
AMURUX,AMURUX07,1.0
AMURUX,AMURUX08,1.0
AMURUX,AMURUX09,1.0
AMURUX,AMURUX10,1.0
AMURUX,AMURUX11,1.0
AMURUX,APOGOD,0.9968050718307495
AMURUX,ATIBAG,0.9954933524131775
AMURUX,ATIBIO,0.9954933524131775
AMURUX,ATIBOU,0.9954933524131775
AMURUX,ATIBOU01,0.9954933524131775
AMURUX,ATIBOU02,0.9954933524131775
AMURUX,ATIBUA,0.9954933524131775
AMURUX,ATICAH,0.9954933524131775
AMURUX,ATICEL,0.9954933524131775
AMURUX,AYONOT,0.9946607351303101
AMURUX,BAFORM,0.9438939094543457
AMURUX,BIFORM,0.973654568195343
AMURUX,BIYLAW01,0.9642202854156494
AMURUX,CAFORM,0.9445696473121643
AMURUX,CAFORM13,0.9445696473121643
AMURUX,CAHMON,0.9876330494880676
AMURUX,CAHMON01,0.9876330494880676
AMURUX,CAHMON02,0.9876330494880676
AMURUX,CAHMON03,0.9876330494880676
AMURUX,CAJHUS,0.9968050718307495
AMURUX,CAJHUS01,0.9968050718307495
AMURUX,CAJHUS02,0.9968050718307495
AMURUX,CAJHUS03,0.9968050718307495
AMURUX,CAJHUS04,0.9968050718307495
AMURUX,COFORM,0.9963152408599854
AMURUX,COFORM01,0.9963152408599854
AMURUX,COFORM11,0.9963152408599854
AMURUX,CUFORD,0.9946607351303101
AMURUX,CUFORD01,0.9946607351303101
AMURUX,CUFORM,0.9946607351303101
AMURUX,CUFORM02,0.9946607351303101
AMURUX,CUFORM03,0.9946607351303101
AMURUX,CUFORM04,0.9946607351303101
AMURUX,CUFORM06,0.9946607351303101
AMURUX,DADTOS,0.9954933524131775
AMURUX,DADTOS01,0.9954933524131775
AMURUX,DADTOS02,0.9954933524131775
AMURUX,DADTOS03,0.9954933524131775
AMURUX,DADTOS04,0.9954933524131775
AMURUX,DADTOS05,0.9954933524131775
AMURUX,DADTOS06,0.9954933524131775
AMURUX,DADTOS07,0.9954933524131775
AMURUX,DADTOS08,0.9954933524131775
AMURUX,DADTOS09,0.9954933524131775
AMURUX,DADTOS10,0.9954933524131775
AMURUX,DADTOS11,0.9954933524131775
AMURUX,DADTOS12,0.9954933524131775
AMURUX,DADTOS13,0.9954933524131775
AMURUX,DADTOS14,0.9954933524131775
AMURUX,DADTOS15,0.9954933524131775
AMURUX,DADTOS16,0.9954933524131775
AMURUX,DADTOS17,0.9954933524131775
AMURUX,DADTOS18,0.9954933524131775
AMURUX,DADTUY,0.9963152408599854
AMURUX,DADTUY01,0.9963152408599854
AMURUX,DADTUY05,0.9963152408599854
AMURUX,DADTUY06,0.9963152408599854
AMURUX,DADTUY07,0.9963152408599854
AMURUX,DADTUY08,0.9963152408599854
AMURUX,DADTUY09,0.9963152408599854
AMURUX,DADTUY10,0.9963152408599854
AMURUX,DADTUY11,0.9963152408599854
AMURUX,DADTUY12,0.9963152408599854
AMURUX,DADVAG,0.995114803314209
AMURUX,DADVAG01,0.995114803314209
AMURUX,DADVAG02,0.995114803314209
AMURUX,DADVAG03,0.995114803314209
AMURUX,DADVAG04,0.995114803314209
AMURUX,DADVAG05,0.995114803314209
AMURUX,DADVAG06,0.995114803314209
AMURUX,DADVAG07,0.995114803314209
AMURUX,DADVAG08,0.995114803314209
AMURUX,DAXNIA,0.9959937334060669
AMURUX,DAXNIA01,0.9959937334060669
AMURUX,DAXNIA02,0.9959937334060669
AMURUX,DAXNIA03,0.9959937334060669
AMURUX,DAXNIA04,0.9959937334060669
AMURUX,DEFNEK,0.9968050718307495
AMURUX,DEFNIO,0.9963152408599854
AMURUX,DEFNOU,0.995114803314209
AMURUX,DEPJIR,0.9959937334060669
AMURUX,DEPJIR01,0.9959937334060669
AMURUX,DIDVIW,0.9954933524131775
AMURUX01,AMURUX02,1.0
AMURUX01,AMURUX06,1.0
AMURUX01,AMURUX07,1.0
AMURUX01,AMURUX08,1.0
AMURUX01,AMURUX09,1.0
AMURUX01,AMURUX10,1.0
AMURUX01,AMURUX11,1.0
AMURUX01,APOGOD,0.9968050718307495
AMURUX01,ATIBAG,0.9954933524131775
AMURUX01,ATIBIO,0.9954933524131775
AMURUX01,ATIBOU,0.9954933524131775
AMURUX01,ATIBOU01,0.9954933524131775
AMURUX01,ATIBOU02,0.9954933524131775
AMURUX01,ATIBUA,0.9954933524131775
AMURUX01,ATICAH,0.9954933524131775
AMURUX01,ATICEL,0.9954933524131775
AMURUX01,AYONOT,0.9946607351303101
AMURUX01,BAFORM,0.9438939094543457
AMURUX01,BIFORM,0.973654568195343
AMURUX01,BIYLAW01,0.9642202854156494
AMURUX01,CAFORM,0.9445696473121643
AMURUX01,CAFORM13,0.9445696473121643
AMURUX01,CAHMON,0.9876330494880676
AMURUX01,CAHMON01,0.9876330494880676
AMURUX01,CAHMON02,0.9876330494880676
AMURUX01,CAHMON03,0.9876330494880676
AMURUX01,CAJHUS,0.9968050718307495
AMURUX01,CAJHUS01,0.9968050718307495
AMURUX01,CAJHUS02,0.9968050718307495
AMURUX01,CAJHUS03,0.9968050718307495
AMURUX01,CAJHUS04,0.9968050718307495
AMURUX01,COFORM,0.9963152408599854
AMURUX01,COFORM01,0.9963152408599854
AMURUX01,COFORM11,0.9963152408599854
AMURUX01,CUFORD,0.9946607351303101
AMURUX01,CUFORD01,0.9946607351303101
AMURUX01,CUFORM,0.9946607351303101
AMURUX01,CUFORM02,0.9946607351303101
AMURUX01,CUFORM03,0.9946607351303101
AMURUX01,CUFORM04,0.9946607351303101
AMURUX01,CUFORM06,0.9946607351303101
AMURUX01,DADTOS,0.9954933524131775
AMURUX01,DADTOS01,0.9954933524131775
AMURUX01,DADTOS02,0.9954933524131775
AMURUX01,DADTOS03,0.9954933524131775
AMURUX01,DADTOS04,0.9954933524131775
AMURUX01,DADTOS05,0.9954933524131775
AMURUX01,DADTOS06,0.9954933524131775
AMURUX01,DADTOS07,0.9954933524131775
AMURUX01,DADTOS08,0.9954933524131775
AMURUX01,DADTOS09,0.9954933524131775
AMURUX01,DADTOS10,0.9954933524131775
AMURUX01,DADTOS11,0.9954933524131775
AMURUX01,DADTOS12,0.9954933524131775
AMURUX01,DADTOS13,0.9954933524131775
AMURUX01,DADTOS14,0.9954933524131775
AMURUX01,DADTOS15,0.9954933524131775
AMURUX01,DADTOS16,0.9954933524131775
AMURUX01,DADTOS17,0.9954933524131775
AMURUX01,DADTOS18,0.9954933524131775
AMURUX01,DADTUY,0.9963152408599854
AMURUX01,DADTUY01,0.9963152408599854
AMURUX01,DADTUY05,0.9963152408599854
AMURUX01,DADTUY06,0.9963152408599854
AMURUX01,DADTUY07,0.9963152408599854
AMURUX01,DADTUY08,0.9963152408599854
AMURUX01,DADTUY09,0.9963152408599854
AMURUX01,DADTUY10,0.9963152408599854
AMURUX01,DADTUY11,0.9963152408599854
AMURUX01,DADTUY12,0.9963152408599854
AMURUX01,DADVAG,0.995114803314209
AMURUX01,DADVAG01,0.995114803314209
AMURUX01,DADVAG02,0.995114803314209
AMURUX01,DADVAG03,0.995114803314209
AMURUX01,DADVAG04,0.995114803314209
AMURUX01,DADVAG05,0.995114803314209
AMURUX01,DADVAG06,0.995114803314209
AMURUX01,DADVAG07,0.995114803314209
AMURUX01,DADVAG08,0.995114803314209
AMURUX01,DAXNIA,0.9959937334060669
AMURUX01,DAXNIA01,0.9959937334060669
AMURUX01,DAXNIA02,0.9959937334060669
AMURUX01,DAXNIA03,0.9959937334060669
AMURUX01,DAXNIA04,0.9959937334060669
AMURUX01,DEFNEK,0.9968050718307495
AMURUX01,DEFNIO,0.9963152408599854
AMURUX01,DEFNOU,0.995114803314209
AMURUX01,DEPJIR,0.9959937334060669
AMURUX01,DEPJIR01,0.9959937334060669
AMURUX01,DIDVIW,0.9954933524131775
AMURUX02,AMURUX06,1.0
AMURUX02,AMURUX07,1.0
AMURUX02,AMURUX08,1.0
AMURUX02,AMURUX09,1.0
AMURUX02,AMURUX10,1.0
AMURUX02,AMURUX11,1.0
AMURUX02,APOGOD,0.9968050718307495
AMURUX02,ATIBAG,0.9954933524131775
AMURUX02,ATIBIO,0.9954933524131775
AMURUX02,ATIBOU,0.9954933524131775
AMURUX02,ATIBOU01,0.9954933524131775
AMURUX02,ATIBOU02,0.9954933524131775
AMURUX02,ATIBUA,0.9954933524131775
AMURUX02,ATICAH,0.9954933524131775
AMURUX02,ATICEL,0.9954933524131775
AMURUX02,AYONOT,0.9946607351303101
AMURUX02,BAFORM,0.9438939094543457
AMURUX02,BIFORM,0.973654568195343
AMURUX02,BIYLAW01,0.9642202854156494
AMURUX02,CAFORM,0.9445696473121643
AMURUX02,CAFORM13,0.9445696473121643
AMURUX02,CAHMON,0.9876330494880676
AMURUX02,CAHMON01,0.9876330494880676
AMURUX02,CAHMON02,0.9876330494880676
AMURUX02,CAHMON03,0.9876330494880676
AMURUX02,CAJHUS,0.9968050718307495
AMURUX02,CAJHUS01,0.9968050718307495
AMURUX02,CAJHUS02,0.9968050718307495
AMURUX02,CAJHUS03,0.9968050718307495
AMURUX02,CAJHUS04,0.9968050718307495
AMURUX02,COFORM,0.9963152408599854
AMURUX02,COFORM01,0.9963152408599854
AMURUX02,COFORM11,0.9963152408599854
AMURUX02,CUFORD,0.9946607351303101
AMURUX02,CUFORD01,0.9946607351303101
AMURUX02,CUFORM,0.9946607351303101
AMURUX02,CUFORM02,0.9946607351303101
AMURUX02,CUFORM03,0.9946607351303101
AMURUX02,CUFORM04,0.9946607351303101
AMURUX02,CUFORM06,0.9946607351303101
AMURUX02,DADTOS,0.9954933524131775
AMURUX02,DADTOS01,0.9954933524131775
AMURUX02,DADTOS02,0.9954933524131775
AMURUX02,DADTOS03,0.9954933524131775
AMURUX02,DADTOS04,0.9954933524131775
AMURUX02,DADTOS05,0.9954933524131775
AMURUX02,DADTOS06,0.9954933524131775
AMURUX02,DADTOS07,0.9954933524131775
AMURUX02,DADTOS08,0.9954933524131775
AMURUX02,DADTOS09,0.9954933524131775
AMURUX02,DADTOS10,0.9954933524131775
AMURUX02,DADTOS11,0.9954933524131775
AMURUX02,DADTOS12,0.9954933524131775
AMURUX02,DADTOS13,0.9954933524131775
AMURUX02,DADTOS14,0.9954933524131775
AMURUX02,DADTOS15,0.9954933524131775
AMURUX02,DADTOS16,0.9954933524131775
AMURUX02,DADTOS17,0.9954933524131775
AMURUX02,DADTOS18,0.9954933524131775
AMURUX02,DADTUY,0.9963152408599854
AMURUX02,DADTUY01,0.9963152408599854
AMURUX02,DADTUY05,0.9963152408599854
AMURUX02,DADTUY06,0.9963152408599854
AMURUX02,DADTUY07,0.9963152408599854
AMURUX02,DADTUY08,0.9963152408599854
AMURUX02,DADTUY09,0.9963152408599854
AMURUX02,DADTUY10,0.9963152408599854
AMURUX02,DADTUY11,0.9963152408599854
AMURUX02,DADTUY12,0.9963152408599854
AMURUX02,DADVAG,0.995114803314209
AMURUX02,DADVAG01,0.995114803314209
AMURUX02,DADVAG02,0.995114803314209
AMURUX02,DADVAG03,0.995114803314209
AMURUX02,DADVAG04,0.995114803314209
AMURUX02,DADVAG05,0.995114803314209
AMURUX02,DADVAG06,0.995114803314209
AMURUX02,DADVAG07,0.995114803314209
AMURUX02,DADVAG08,0.995114803314209
AMURUX02,DAXNIA,0.9959937334060669
AMURUX02,DAXNIA01,0.9959937334060669
AMURUX02,DAXNIA02,0.9959937334060669
AMURUX02,DAXNIA03,0.9959937334060669
AMURUX02,DAXNIA04,0.9959937334060669
AMURUX02,DEFNEK,0.9968050718307495
AMURUX02,DEFNIO,0.9963152408599854
AMURUX02,DEFNOU,0.995114803314209
AMURUX02,DEPJIR,0.9959937334060669
AMURUX02,DEPJIR01,0.9959937334060669
AMURUX02,DIDVIW,0.9954933524131775
AMURUX06,AMURUX07,1.0
AMURUX06,AMURUX08,1.0
AMURUX06,AMURUX09,1.0
AMURUX06,AMURUX10,1.0
AMURUX06,AMURUX11,1.0
AMURUX06,APOGOD,0.9968050718307495
AMURUX06,ATIBAG,0.9954933524131775
AMURUX06,ATIBIO,0.9954933524131775
AMURUX06,ATIBOU,0.9954933524131775
AMURUX06,ATIBOU01,0.9954933524131775
AMURUX06,ATIBOU02,0.9954933524131775
AMURUX06,ATIBUA,0.9954933524131775
AMURUX06,ATICAH,0.9954933524131775
AMURUX06,ATICEL,0.9954933524131775
AMURUX06,AYONOT,0.9946607351303101
AMURUX06,BAFORM,0.9438939094543457
AMURUX06,BIFORM,0.973654568195343
AMURUX06,BIYLAW01,0.9642202854156494
AMURUX06,CAFORM,0.9445696473121643
AMURUX06,CAFORM13,0.9445696473121643
AMURUX06,CAHMON,0.9876330494880676
AMURUX06,CAHMON01,0.9876330494880676
AMURUX06,CAHMON02,0.9876330494880676
AMURUX06,CAHMON03,0.9876330494880676
AMURUX06,CAJHUS,0.9968050718307495
AMURUX06,CAJHUS01,0.9968050718307495
AMURUX06,CAJHUS02,0.9968050718307495
AMURUX06,CAJHUS03,0.9968050718307495
AMURUX06,CAJHUS04,0.9968050718307495
AMURUX06,COFORM,0.9963152408599854
AMURUX06,COFORM01,0.9963152408599854
AMURUX06,COFORM11,0.9963152408599854
AMURUX06,CUFORD,0.9946607351303101
AMURUX06,CUFORD01,0.9946607351303101
AMURUX06,CUFORM,0.9946607351303101
AMURUX06,CUFORM02,0.9946607351303101
AMURUX06,CUFORM03,0.9946607351303101
AMURUX06,CUFORM04,0.9946607351303101
AMURUX06,CUFORM06,0.9946607351303101
AMURUX06,DADTOS,0.9954933524131775
AMURUX06,DADTOS01,0.9954933524131775
AMURUX06,DADTOS02,0.9954933524131775
AMURUX06,DADTOS03,0.9954933524131775
AMURUX06,DADTOS04,0.9954933524131775
AMURUX06,DADTOS05,0.9954933524131775
AMURUX06,DADTOS06,0.9954933524131775
AMURUX06,DADTOS07,0.9954933524131775
AMURUX06,DADTOS08,0.9954933524131775
AMURUX06,DADTOS09,0.9954933524131775
AMURUX06,DADTOS10,0.9954933524131775
AMURUX06,DADTOS11,0.9954933524131775
AMURUX06,DADTOS12,0.9954933524131775
AMURUX06,DADTOS13,0.9954933524131775
AMURUX06,DADTOS14,0.9954933524131775
AMURUX06,DADTOS15,0.9954933524131775
AMURUX06,DADTOS16,0.9954933524131775
AMURUX06,DADTOS17,0.9954933524131775
AMURUX06,DADTOS18,0.9954933524131775
AMURUX06,DADTUY,0.9963152408599854
AMURUX06,DADTUY01,0.9963152408599854
AMURUX06,DADTUY05,0.9963152408599854
AMURUX06,DADTUY06,0.9963152408599854
AMURUX06,DADTUY07,0.9963152408599854
AMURUX06,DADTUY08,0.9963152408599854
AMURUX06,DADTUY09,0.9963152408599854
AMURUX06,DADTUY10,0.9963152408599854
AMURUX06,DADTUY11,0.9963152408599854
AMURUX06,DADTUY12,0.9963152408599854
AMURUX06,DADVAG,0.995114803314209
AMURUX06,DADVAG01,0.995114803314209
AMURUX06,DADVAG02,0.995114803314209
AMURUX06,DADVAG03,0.995114803314209
AMURUX06,DADVAG04,0.995114803314209
AMURUX06,DADVAG05,0.995114803314209
AMURUX06,DADVAG06,0.995114803314209
AMURUX06,DADVAG07,0.995114803314209
AMURUX06,DADVAG08,0.995114803314209
AMURUX06,DAXNIA,0.9959937334060669
AMURUX06,DAXNIA01,0.9959937334060669
AMURUX06,DAXNIA02,0.9959937334060669
AMURUX06,DAXNIA03,0.9959937334060669
AMURUX06,DAXNIA04,0.9959937334060669
AMURUX06,DEFNEK,0.9968050718307495
AMURUX06,DEFNIO,0.9963152408599854
AMURUX06,DEFNOU,0.995114803314209
AMURUX06,DEPJIR,0.9959937334060669
AMURUX06,DEPJIR01,0.9959937334060669
AMURUX06,DIDVIW,0.9954933524131775
AMURUX07,AMURUX08,1.0
AMURUX07,AMURUX09,1.0
AMURUX07,AMURUX10,1.0
AMURUX07,AMURUX11,1.0
AMURUX07,APOGOD,0.9968050718307495
AMURUX07,ATIBAG,0.9954933524131775
AMURUX07,ATIBIO,0.9954933524131775
AMURUX07,ATIBOU,0.9954933524131775
AMURUX07,ATIBOU01,0.9954933524131775
AMURUX07,ATIBOU02,0.9954933524131775
AMURUX07,ATIBUA,0.9954933524131775
AMURUX07,ATICAH,0.9954933524131775
AMURUX07,ATICEL,0.9954933524131775
AMURUX07,AYONOT,0.9946607351303101
AMURUX07,BAFORM,0.9438939094543457
AMURUX07,BIFORM,0.973654568195343
AMURUX07,BIYLAW01,0.9642202854156494
AMURUX07,CAFORM,0.9445696473121643
AMURUX07,CAFORM13,0.9445696473121643
AMURUX07,CAHMON,0.9876330494880676
AMURUX07,CAHMON01,0.9876330494880676
AMURUX07,CAHMON02,0.9876330494880676
AMURUX07,CAHMON03,0.9876330494880676
AMURUX07,CAJHUS,0.9968050718307495
AMURUX07,CAJHUS01,0.9968050718307495
AMURUX07,CAJHUS02,0.9968050718307495
AMURUX07,CAJHUS03,0.9968050718307495
AMURUX07,CAJHUS04,0.9968050718307495
AMURUX07,COFORM,0.9963152408599854
AMURUX07,COFORM01,0.9963152408599854
AMURUX07,COFORM11,0.9963152408599854
AMURUX07,CUFORD,0.9946607351303101
AMURUX07,CUFORD01,0.9946607351303101
AMURUX07,CUFORM,0.9946607351303101
AMURUX07,CUFORM02,0.9946607351303101
AMURUX07,CUFORM03,0.9946607351303101
AMURUX07,CUFORM04,0.9946607351303101
AMURUX07,CUFORM06,0.9946607351303101
AMURUX07,DADTOS,0.9954933524131775
AMURUX07,DADTOS01,0.9954933524131775
AMURUX07,DADTOS02,0.9954933524131775
AMURUX07,DADTOS03,0.9954933524131775
AMURUX07,DADTOS04,0.9954933524131775
AMURUX07,DADTOS05,0.9954933524131775
AMURUX07,DADTOS06,0.9954933524131775
AMURUX07,DADTOS07,0.9954933524131775
AMURUX07,DADTOS08,0.9954933524131775
AMURUX07,DADTOS09,0.9954933524131775
AMURUX07,DADTOS10,0.9954933524131775
AMURUX07,DADTOS11,0.9954933524131775
AMURUX07,DADTOS12,0.9954933524131775
AMURUX07,DADTOS13,0.9954933524131775
AMURUX07,DADTOS14,0.9954933524131775
AMURUX07,DADTOS15,0.9954933524131775
AMURUX07,DADTOS16,0.9954933524131775
AMURUX07,DADTOS17,0.9954933524131775
AMURUX07,DADTOS18,0.9954933524131775
AMURUX07,DADTUY,0.9963152408599854
AMURUX07,DADTUY01,0.9963152408599854
AMURUX07,DADTUY05,0.9963152408599854
AMURUX07,DADTUY06,0.9963152408599854
AMURUX07,DADTUY07,0.9963152408599854
AMURUX07,DADTUY08,0.9963152408599854
AMURUX07,DADTUY09,0.9963152408599854
AMURUX07,DADTUY10,0.9963152408599854
AMURUX07,DADTUY11,0.9963152408599854
AMURUX07,DADTUY12,0.9963152408599854
AMURUX07,DADVAG,0.995114803314209
AMURUX07,DADVAG01,0.995114803314209
AMURUX07,DADVAG02,0.995114803314209
AMURUX07,DADVAG03,0.995114803314209
AMURUX07,DADVAG04,0.995114803314209
AMURUX07,DADVAG05,0.995114803314209
AMURUX07,DADVAG06,0.995114803314209
AMURUX07,DADVAG07,0.995114803314209
AMURUX07,DADVAG08,0.995114803314209
AMURUX07,DAXNIA,0.9959937334060669
AMURUX07,DAXNIA01,0.9959937334060669
AMURUX07,DAXNIA02,0.9959937334060669
AMURUX07,DAXNIA03,0.9959937334060669
AMURUX07,DAXNIA04,0.9959937334060669
AMURUX07,DEFNEK,0.9968050718307495
AMURUX07,DEFNIO,0.9963152408599854
AMURUX07,DEFNOU,0.995114803314209
AMURUX07,DEPJIR,0.9959937334060669
AMURUX07,DEPJIR01,0.9959937334060669
AMURUX07,DIDVIW,0.9954933524131775
AMURUX08,AMURUX09,1.0
AMURUX08,AMURUX10,1.0
AMURUX08,AMURUX11,1.0
AMURUX08,APOGOD,0.9968050718307495
AMURUX08,ATIBAG,0.9954933524131775
AMURUX08,ATIBIO,0.9954933524131775
AMURUX08,ATIBOU,0.9954933524131775
AMURUX08,ATIBOU01,0.9954933524131775
AMURUX08,ATIBOU02,0.9954933524131775
AMURUX08,ATIBUA,0.9954933524131775
AMURUX08,ATICAH,0.9954933524131775
AMURUX08,ATICEL,0.9954933524131775
AMURUX08,AYONOT,0.9946607351303101
AMURUX08,BAFORM,0.9438939094543457
AMURUX08,BIFORM,0.973654568195343
AMURUX08,BIYLAW01,0.9642202854156494
AMURUX08,CAFORM,0.9445696473121643
AMURUX08,CAFORM13,0.9445696473121643
AMURUX08,CAHMON,0.9876330494880676
AMURUX08,CAHMON01,0.9876330494880676
AMURUX08,CAHMON02,0.9876330494880676
AMURUX08,CAHMON03,0.9876330494880676
AMURUX08,CAJHUS,0.9968050718307495
AMURUX08,CAJHUS01,0.9968050718307495
AMURUX08,CAJHUS02,0.9968050718307495
AMURUX08,CAJHUS03,0.9968050718307495
AMURUX08,CAJHUS04,0.9968050718307495
AMURUX08,COFORM,0.9963152408599854
AMURUX08,COFORM01,0.9963152408599854
AMURUX08,COFORM11,0.9963152408599854
AMURUX08,CUFORD,0.9946607351303101
AMURUX08,CUFORD01,0.9946607351303101
AMURUX08,CUFORM,0.9946607351303101
AMURUX08,CUFORM02,0.9946607351303101
AMURUX08,CUFORM03,0.9946607351303101
AMURUX08,CUFORM04,0.9946607351303101
AMURUX08,CUFORM06,0.9946607351303101
AMURUX08,DADTOS,0.9954933524131775
AMURUX08,DADTOS01,0.9954933524131775
AMURUX08,DADTOS02,0.9954933524131775
AMURUX08,DADTOS03,0.9954933524131775
AMURUX08,DADTOS04,0.9954933524131775
AMURUX08,DADTOS05,0.9954933524131775
AMURUX08,DADTOS06,0.9954933524131775
AMURUX08,DADTOS07,0.9954933524131775
AMURUX08,DADTOS08,0.9954933524131775
AMURUX08,DADTOS09,0.9954933524131775
AMURUX08,DADTOS10,0.9954933524131775
AMURUX08,DADTOS11,0.9954933524131775
AMURUX08,DADTOS12,0.9954933524131775
AMURUX08,DADTOS13,0.9954933524131775
AMURUX08,DADTOS14,0.9954933524131775
AMURUX08,DADTOS15,0.9954933524131775
AMURUX08,DADTOS16,0.9954933524131775
AMURUX08,DADTOS17,0.9954933524131775
AMURUX08,DADTOS18,0.9954933524131775
AMURUX08,DADTUY,0.9963152408599854
AMURUX08,DADTUY01,0.9963152408599854
AMURUX08,DADTUY05,0.9963152408599854
AMURUX08,DADTUY06,0.9963152408599854
AMURUX08,DADTUY07,0.9963152408599854
AMURUX08,DADTUY08,0.9963152408599854
AMURUX08,DADTUY09,0.9963152408599854
AMURUX08,DADTUY10,0.9963152408599854
AMURUX08,DADTUY11,0.9963152408599854
AMURUX08,DADTUY12,0.9963152408599854
AMURUX08,DADVAG,0.995114803314209
AMURUX08,DADVAG01,0.995114803314209
AMURUX08,DADVAG02,0.995114803314209
AMURUX08,DADVAG03,0.995114803314209
AMURUX08,DADVAG04,0.995114803314209
AMURUX08,DADVAG05,0.995114803314209
AMURUX08,DADVAG06,0.995114803314209
AMURUX08,DADVAG07,0.995114803314209
AMURUX08,DADVAG08,0.995114803314209
AMURUX08,DAXNIA,0.9959937334060669
AMURUX08,DAXNIA01,0.9959937334060669
AMURUX08,DAXNIA02,0.9959937334060669
AMURUX08,DAXNIA03,0.9959937334060669
AMURUX08,DAXNIA04,0.9959937334060669
AMURUX08,DEFNEK,0.9968050718307495
AMURUX08,DEFNIO,0.9963152408599854
AMURUX08,DEFNOU,0.995114803314209
AMURUX08,DEPJIR,0.9959937334060669
AMURUX08,DEPJIR01,0.9959937334060669
AMURUX08,DIDVIW,0.9954933524131775
AMURUX09,AMURUX10,1.0
AMURUX09,AMURUX11,1.0
AMURUX09,APOGOD,0.9968050718307495
AMURUX09,ATIBAG,0.9954933524131775
AMURUX09,ATIBIO,0.9954933524131775
AMURUX09,ATIBOU,0.9954933524131775
AMURUX09,ATIBOU01,0.9954933524131775
AMURUX09,ATIBOU02,0.9954933524131775
AMURUX09,ATIBUA,0.9954933524131775
AMURUX09,ATICAH,0.9954933524131775
AMURUX09,ATICEL,0.9954933524131775
AMURUX09,AYONOT,0.9946607351303101
AMURUX09,BAFORM,0.9438939094543457
AMURUX09,BIFORM,0.973654568195343
AMURUX09,BIYLAW01,0.9642202854156494
AMURUX09,CAFORM,0.9445696473121643
AMURUX09,CAFORM13,0.9445696473121643
AMURUX09,CAHMON,0.9876330494880676
AMURUX09,CAHMON01,0.9876330494880676
AMURUX09,CAHMON02,0.9876330494880676
AMURUX09,CAHMON03,0.9876330494880676
AMURUX09,CAJHUS,0.9968050718307495
AMURUX09,CAJHUS01,0.9968050718307495
AMURUX09,CAJHUS02,0.9968050718307495
AMURUX09,CAJHUS03,0.9968050718307495
AMURUX09,CAJHUS04,0.9968050718307495
AMURUX09,COFORM,0.9963152408599854
AMURUX09,COFORM01,0.9963152408599854
AMURUX09,COFORM11,0.9963152408599854
AMURUX09,CUFORD,0.9946607351303101
AMURUX09,CUFORD01,0.9946607351303101
AMURUX09,CUFORM,0.9946607351303101
AMURUX09,CUFORM02,0.9946607351303101
AMURUX09,CUFORM03,0.9946607351303101
AMURUX09,CUFORM04,0.9946607351303101
AMURUX09,CUFORM06,0.9946607351303101
AMURUX09,DADTOS,0.9954933524131775
AMURUX09,DADTOS01,0.9954933524131775
AMURUX09,DADTOS02,0.9954933524131775
AMURUX09,DADTOS03,0.9954933524131775
AMURUX09,DADTOS04,0.9954933524131775
AMURUX09,DADTOS05,0.9954933524131775
AMURUX09,DADTOS06,0.9954933524131775
AMURUX09,DADTOS07,0.9954933524131775
AMURUX09,DADTOS08,0.9954933524131775
AMURUX09,DADTOS09,0.9954933524131775
AMURUX09,DADTOS10,0.9954933524131775
AMURUX09,DADTOS11,0.9954933524131775
AMURUX09,DADTOS12,0.9954933524131775
AMURUX09,DADTOS13,0.9954933524131775
AMURUX09,DADTOS14,0.9954933524131775
AMURUX09,DADTOS15,0.9954933524131775
AMURUX09,DADTOS16,0.9954933524131775
AMURUX09,DADTOS17,0.9954933524131775
AMURUX09,DADTOS18,0.9954933524131775
AMURUX09,DADTUY,0.9963152408599854
AMURUX09,DADTUY01,0.9963152408599854
AMURUX09,DADTUY05,0.9963152408599854
AMURUX09,DADTUY06,0.9963152408599854
AMURUX09,DADTUY07,0.9963152408599854
AMURUX09,DADTUY08,0.9963152408599854
AMURUX09,DADTUY09,0.9963152408599854
AMURUX09,DADTUY10,0.9963152408599854
AMURUX09,DADTUY11,0.9963152408599854
AMURUX09,DADTUY12,0.9963152408599854
AMURUX09,DADVAG,0.995114803314209
AMURUX09,DADVAG01,0.995114803314209
AMURUX09,DADVAG02,0.995114803314209
AMURUX09,DADVAG03,0.995114803314209
AMURUX09,DADVAG04,0.995114803314209
AMURUX09,DADVAG05,0.995114803314209
AMURUX09,DADVAG06,0.995114803314209
AMURUX09,DADVAG07,0.995114803314209
AMURUX09,DADVAG08,0.995114803314209
AMURUX09,DAXNIA,0.9959937334060669
AMURUX09,DAXNIA01,0.9959937334060669
AMURUX09,DAXNIA02,0.9959937334060669
AMURUX09,DAXNIA03,0.9959937334060669
AMURUX09,DAXNIA04,0.9959937334060669
AMURUX09,DEFNEK,0.9968050718307495
AMURUX09,DEFNIO,0.9963152408599854
AMURUX09,DEFNOU,0.995114803314209
AMURUX09,DEPJIR,0.9959937334060669
AMURUX09,DEPJIR01,0.9959937334060669
AMURUX09,DIDVIW,0.9954933524131775
AMURUX10,AMURUX11,1.0
AMURUX10,APOGOD,0.9968050718307495
AMURUX10,ATIBAG,0.9954933524131775
AMURUX10,ATIBIO,0.9954933524131775
AMURUX10,ATIBOU,0.9954933524131775
AMURUX10,ATIBOU01,0.9954933524131775
AMURUX10,ATIBOU02,0.9954933524131775
AMURUX10,ATIBUA,0.9954933524131775
AMURUX10,ATICAH,0.9954933524131775
AMURUX10,ATICEL,0.9954933524131775
AMURUX10,AYONOT,0.9946607351303101
AMURUX10,BAFORM,0.9438939094543457
AMURUX10,BIFORM,0.973654568195343
AMURUX10,BIYLAW01,0.9642202854156494
AMURUX10,CAFORM,0.9445696473121643
AMURUX10,CAFORM13,0.9445696473121643
AMURUX10,CAHMON,0.9876330494880676
AMURUX10,CAHMON01,0.9876330494880676
AMURUX10,CAHMON02,0.9876330494880676
AMURUX10,CAHMON03,0.9876330494880676
AMURUX10,CAJHUS,0.9968050718307495
AMURUX10,CAJHUS01,0.9968050718307495
AMURUX10,CAJHUS02,0.9968050718307495
AMURUX10,CAJHUS03,0.9968050718307495
AMURUX10,CAJHUS04,0.9968050718307495
AMURUX10,COFORM,0.9963152408599854
AMURUX10,COFORM01,0.9963152408599854
AMURUX10,COFORM11,0.9963152408599854
AMURUX10,CUFORD,0.9946607351303101
AMURUX10,CUFORD01,0.9946607351303101
AMURUX10,CUFORM,0.9946607351303101
AMURUX10,CUFORM02,0.9946607351303101
AMURUX10,CUFORM03,0.9946607351303101
AMURUX10,CUFORM04,0.9946607351303101
AMURUX10,CUFORM06,0.9946607351303101
AMURUX10,DADTOS,0.9954933524131775
AMURUX10,DADTOS01,0.9954933524131775
AMURUX10,DADTOS02,0.9954933524131775
AMURUX10,DADTOS03,0.9954933524131775
AMURUX10,DADTOS04,0.9954933524131775
AMURUX10,DADTOS05,0.9954933524131775
AMURUX10,DADTOS06,0.9954933524131775
AMURUX10,DADTOS07,0.9954933524131775
AMURUX10,DADTOS08,0.9954933524131775
AMURUX10,DADTOS09,0.9954933524131775
AMURUX10,DADTOS10,0.9954933524131775
AMURUX10,DADTOS11,0.9954933524131775
AMURUX10,DADTOS12,0.9954933524131775
AMURUX10,DADTOS13,0.9954933524131775
AMURUX10,DADTOS14,0.9954933524131775
AMURUX10,DADTOS15,0.9954933524131775
AMURUX10,DADTOS16,0.9954933524131775
AMURUX10,DADTOS17,0.9954933524131775
AMURUX10,DADTOS18,0.9954933524131775
AMURUX10,DADTUY,0.9963152408599854
AMURUX10,DADTUY01,0.9963152408599854
AMURUX10,DADTUY05,0.9963152408599854
AMURUX10,DADTUY06,0.9963152408599854
AMURUX10,DADTUY07,0.9963152408599854
AMURUX10,DADTUY08,0.9963152408599854
AMURUX10,DADTUY09,0.9963152408599854
AMURUX10,DADTUY10,0.9963152408599854
AMURUX10,DADTUY11,0.9963152408599854
AMURUX10,DADTUY12,0.9963152408599854
AMURUX10,DADVAG,0.995114803314209
AMURUX10,DADVAG01,0.995114803314209
AMURUX10,DADVAG02,0.995114803314209
AMURUX10,DADVAG03,0.995114803314209
AMURUX10,DADVAG04,0.995114803314209
AMURUX10,DADVAG05,0.995114803314209
AMURUX10,DADVAG06,0.995114803314209
AMURUX10,DADVAG07,0.995114803314209
AMURUX10,DADVAG08,0.995114803314209
AMURUX10,DAXNIA,0.9959937334060669
AMURUX10,DAXNIA01,0.9959937334060669
AMURUX10,DAXNIA02,0.9959937334060669
AMURUX10,DAXNIA03,0.9959937334060669
AMURUX10,DAXNIA04,0.9959937334060669
AMURUX10,DEFNEK,0.9968050718307495
AMURUX10,DEFNIO,0.9963152408599854
AMURUX10,DEFNOU,0.995114803314209
AMURUX10,DEPJIR,0.9959937334060669
AMURUX10,DEPJIR01,0.9959937334060669
AMURUX10,DIDVIW,0.9954933524131775
AMURUX11,APOGOD,0.9968050718307495
AMURUX11,ATIBAG,0.9954933524131775
AMURUX11,ATIBIO,0.9954933524131775
AMURUX11,ATIBOU,0.9954933524131775
AMURUX11,ATIBOU01,0.9954933524131775
AMURUX11,ATIBOU02,0.9954933524131775
AMURUX11,ATIBUA,0.9954933524131775
AMURUX11,ATICAH,0.9954933524131775
AMURUX11,ATICEL,0.9954933524131775
AMURUX11,AYONOT,0.9946607351303101
AMURUX11,BAFORM,0.9438939094543457
AMURUX11,BIFORM,0.973654568195343
AMURUX11,BIYLAW01,0.9642202854156494
AMURUX11,CAFORM,0.9445696473121643
AMURUX11,CAFORM13,0.9445696473121643
AMURUX11,CAHMON,0.9876330494880676
AMURUX11,CAHMON01,0.9876330494880676
AMURUX11,CAHMON02,0.9876330494880676
AMURUX11,CAHMON03,0.9876330494880676
AMURUX11,CAJHUS,0.9968050718307495
AMURUX11,CAJHUS01,0.9968050718307495
AMURUX11,CAJHUS02,0.9968050718307495
AMURUX11,CAJHUS03,0.9968050718307495
AMURUX11,CAJHUS04,0.9968050718307495
AMURUX11,COFORM,0.9963152408599854
AMURUX11,COFORM01,0.9963152408599854
AMURUX11,COFORM11,0.9963152408599854
AMURUX11,CUFORD,0.9946607351303101
AMURUX11,CUFORD01,0.9946607351303101
AMURUX11,CUFORM,0.9946607351303101
AMURUX11,CUFORM02,0.9946607351303101
AMURUX11,CUFORM03,0.9946607351303101
AMURUX11,CUFORM04,0.9946607351303101
AMURUX11,CUFORM06,0.9946607351303101
AMURUX11,DADTOS,0.9954933524131775
AMURUX11,DADTOS01,0.9954933524131775
AMURUX11,DADTOS02,0.9954933524131775
AMURUX11,DADTOS03,0.9954933524131775
AMURUX11,DADTOS04,0.9954933524131775
AMURUX11,DADTOS05,0.9954933524131775
AMURUX11,DADTOS06,0.9954933524131775
AMURUX11,DADTOS07,0.9954933524131775
AMURUX11,DADTOS08,0.9954933524131775
AMURUX11,DADTOS09,0.9954933524131775
AMURUX11,DADTOS10,0.9954933524131775
AMURUX11,DADTOS11,0.9954933524131775
AMURUX11,DADTOS12,0.9954933524131775
AMURUX11,DADTOS13,0.9954933524131775
AMURUX11,DADTOS14,0.9954933524131775
AMURUX11,DADTOS15,0.9954933524131775
AMURUX11,DADTOS16,0.9954933524131775
AMURUX11,DADTOS17,0.9954933524131775
AMURUX11,DADTOS18,0.9954933524131775
AMURUX11,DADTUY,0.9963152408599854
AMURUX11,DADTUY01,0.9963152408599854
AMURUX11,DADTUY05,0.9963152408599854
AMURUX11,DADTUY06,0.9963152408599854
AMURUX11,DADTUY07,0.9963152408599854
AMURUX11,DADTUY08,0.9963152408599854
AMURUX11,DADTUY09,0.9963152408599854
AMURUX11,DADTUY10,0.9963152408599854
AMURUX11,DADTUY11,0.9963152408599854
AMURUX11,DADTUY12,0.9963152408599854
AMURUX11,DADVAG,0.995114803314209
AMURUX11,DADVAG01,0.995114803314209
AMURUX11,DADVAG02,0.995114803314209
AMURUX11,DADVAG03,0.995114803314209
AMURUX11,DADVAG04,0.995114803314209
AMURUX11,DADVAG05,0.995114803314209
AMURUX11,DADVAG06,0.995114803314209
AMURUX11,DADVAG07,0.995114803314209
AMURUX11,DADVAG08,0.995114803314209
AMURUX11,DAXNIA,0.9959937334060669
AMURUX11,DAXNIA01,0.9959937334060669
AMURUX11,DAXNIA02,0.9959937334060669
AMURUX11,DAXNIA03,0.9959937334060669
AMURUX11,DAXNIA04,0.9959937334060669
AMURUX11,DEFNEK,0.9968050718307495
AMURUX11,DEFNIO,0.9963152408599854
AMURUX11,DEFNOU,0.995114803314209
AMURUX11,DEPJIR,0.9959937334060669
AMURUX11,DEPJIR01,0.9959937334060669
AMURUX11,DIDVIW,0.9954933524131775
ANABAT,CEXWEI,0.984165370464325
ANABAT,CEXWIM,0.9802009463310242
ANABAT,CEXWOS,0.9810264110565186
ANAWAP,ANAWIX,0.9999999403953552
ANAWAP,ANAWOD,0.9999999403953552
ANAWAP,BUBVUR,0.9987406134605408
ANAWIX,ANAWOD,0.9999999403953552
ANAWIX,BUBVUR,0.9987406134605408
ANAWOD,BUBVUR,0.9987406134605408
ANAYUL,ANAZAS,0.9929474592208862
ANAYUL,BANLUA,1.0
ANAYUL,DEFXEU,0.940880298614502
ANAZAS,BANLUA,0.9929474592208862
ANAZAS,DEFXEU,0.9683489799499512
ANUGEW,ANUGIA,0.9571428894996643
ANUGEW,ANUGOG,0.9571428894996643
ANUGEW,ANUGUM,0.9537233710289001
ANUGEW,AWEJES,0.9965804815292358
ANUGEW,AWEJIW,0.9922806620597839
ANUGEW,AXINAX01,0.9096275568008423
ANUGEW,AXINIF,0.9096275568008423
ANUGEW,BABRII,0.9065804481506348
ANUGEW,BAZFUF,0.9099999666213989
ANUGEW,BAZFUF01,0.9099999666213989
ANUGEW,BAZGAM,0.9099999666213989
ANUGEW,CATZIJ,0.9985496997833252
ANUGEW,CIFMAH,0.9096275568008423
ANUGEW,DAPYAW,0.9022806286811829
ANUGEW,DEKBON,1.0
ANUGEW,DELGIN,0.9922806620597839
ANUGEW,DIBQEM,0.9096275568008423
ANUGEW,DIBQIQ,0.9096275568008423
ANUGEW,DIBQOW,0.9096275568008423
ANUGEW,DITTEH,0.9108662009239197
ANUGIA,ANUGOG,1.0
ANUGIA,ANUGUM,0.9965804815292358
ANUGIA,APAYIB,0.9242534637451172
ANUGIA,APAYOH,0.9254279732704163
ANUGIA,APAYUN,0.9255644679069519
ANUGIA,APAZAU,0.9242534637451172
ANUGIA,APAZEY,0.9254279732704163
ANUGIA,APAZIC,0.9255644679069519
ANUGIA,APAZOI,0.9255644679069519
ANUGIA,AWEJES,0.9537233710289001
ANUGIA,AWEJIW,0.9494235515594482
ANUGIA,CATZIJ,0.9556925892829895
ANUGIA,DEKBON,0.9571428894996643
ANUGIA,DELGIN,0.9494235515594482
ANUGIA,DITTEH,0.9537233710289001
ANUGIA,DIVSUY,0.9242534637451172
ANUGOG,ANUGUM,0.9965804815292358
ANUGOG,APAYIB,0.9242534637451172
ANUGOG,APAYOH,0.9254279732704163
ANUGOG,APAYUN,0.9255644679069519
ANUGOG,APAZAU,0.9242534637451172
ANUGOG,APAZEY,0.9254279732704163
ANUGOG,APAZIC,0.9255644679069519
ANUGOG,APAZOI,0.9255644679069519
ANUGOG,AWEJES,0.9537233710289001
ANUGOG,AWEJIW,0.9494235515594482
ANUGOG,CATZIJ,0.9556925892829895
ANUGOG,DEKBON,0.9571428894996643
ANUGOG,DELGIN,0.9494235515594482
ANUGOG,DITTEH,0.9537233710289001
ANUGOG,DIVSUY,0.9242534637451172
ANUGUM,APAYIB,0.92237788438797
ANUGUM,APAYOH,0.9228649735450745
ANUGUM,APAYUN,0.9246001243591309
ANUGUM,APAZAU,0.92237788438797
ANUGUM,APAZEY,0.9228649735450745
ANUGUM,APAZIC,0.9246001243591309
ANUGUM,APAZOI,0.9246001243591309
ANUGUM,AWEJES,0.9571428894996643
ANUGUM,AWEJIW,0.9533782601356506
ANUGUM,CATZIJ,0.9554312229156494
ANUGUM,DEKBON,0.9537233710289001
ANUGUM,DELGIN,0.9533782601356506
ANUGUM,DITTEH,0.9571428894996643
ANUGUM,DIVSUY,0.92237788438797
APACAX,AVETAY,1.0
APANAI,BALZEW,0.9843295812606812
APANAI,BIYHEX,0.972368061542511
APANAI,BIYHOH,0.9837939143180847
APANAI,CUCITD,0.965344250202179
APANAI,CUCITD01,0.965344250202179
APANAI,CUCITD02,0.965344250202179
APANAI,CUCITD03,0.965344250202179
APANAI,DINNEV,0.9683489799499512
APAYIB,APAYOH,0.9998192191123962
APAYIB,APAYUN,0.9987545013427734
APAYIB,APAZAU,0.9999999403953552
APAYIB,APAZEY,0.9998192191123962
APAYIB,APAZIC,0.9987545013427734
APAYIB,APAZOI,0.9987545013427734
APAYIB,DITTEH,0.9652349948883057
APAYIB,DIVSUY,0.9999999403953552
APAYOH,APAYUN,0.9985291957855225
APAYOH,APAZAU,0.9998192191123962
APAYOH,APAZEY,1.0
APAYOH,APAZIC,0.9985291957855225
APAYOH,APAZOI,0.9985291957855225
APAYOH,DITTEH,0.9657220840454102
APAYOH,DIVSUY,0.9998192191123962
APAYUN,APAZAU,0.9987545013427734
APAYUN,APAZEY,0.9985291957855225
APAYUN,APAZIC,1.0
APAYUN,APAZOI,1.0
APAYUN,DITTEH,0.9674572348594666
APAYUN,DIVSUY,0.9987545013427734
APAZAU,APAZEY,0.9998192191123962
APAZAU,APAZIC,0.9987545013427734
APAZAU,APAZOI,0.9987545013427734
APAZAU,DITTEH,0.9652349948883057
APAZAU,DIVSUY,0.9999999403953552
APAZEY,APAZIC,0.9985291957855225
APAZEY,APAZOI,0.9985291957855225
APAZEY,DITTEH,0.9657220840454102
APAZEY,DIVSUY,0.9998192191123962
APAZIC,APAZOI,1.0
APAZIC,DITTEH,0.9674572348594666
APAZIC,DIVSUY,0.9987545013427734
APAZOI,DITTEH,0.9674572348594666
APAZOI,DIVSUY,0.9987545013427734
APEBED,AYOREN,0.9962353706359863
APEBED,AZEBUE,0.9666504263877869
APEBED,BOKQEZ,0.9974996447563171
APEBED,CIFHIK,0.9974996447563171
APEBED,CIFHOQ,0.9974996447563171
APEBED,CIGDUT,0.9663969278335571
APEBED,CIGFAB,0.9657220840454102
APEBED,CIGFEF,0.9643369913101196
APEBED,CIYZAM,0.9663969278335571
APEBED,CIYZAM01,0.9663969278335571
APEBED,CIYZEQ,0.9666504263877869
APEBED,CIYZIU,0.9667468070983887
APEBED,DETVUW,0.9795385599136353
APOGOD,ATIBAG,0.9989085793495178
APOGOD,ATIBIO,0.9989085793495178
APOGOD,ATIBOU,0.9989085793495178
APOGOD,ATIBOU01,0.9989085793495178
APOGOD,ATIBOU02,0.9989085793495178
APOGOD,ATIBUA,0.9989085793495178
APOGOD,ATICAH,0.9989085793495178
APOGOD,ATICEL,0.9989085793495178
APOGOD,AYONOT,0.9985496997833252
APOGOD,BAFORM,0.9544923305511475
APOGOD,BIFORM,0.9870479702949524
APOGOD,BIYLAW01,0.9800522327423096
APOGOD,CAFORM,0.9506864547729492
APOGOD,CAFORM13,0.9506864547729492
APOGOD,CAHMON,0.9955214262008667
APOGOD,CAHMON01,0.9955214262008667
APOGOD,CAHMON02,0.9955214262008667
APOGOD,CAHMON03,0.9955214262008667
APOGOD,CAJHUS,1.0
APOGOD,CAJHUS01,1.0
APOGOD,CAJHUS02,1.0
APOGOD,CAJHUS03,1.0
APOGOD,CAJHUS04,1.0
APOGOD,COFORM,0.9996292591094971
APOGOD,COFORM01,0.9996292591094971
APOGOD,COFORM11,0.9996292591094971
APOGOD,CUFORD,0.9985496997833252
APOGOD,CUFORD01,0.9985496997833252
APOGOD,CUFORM,0.9985496997833252
APOGOD,CUFORM02,0.9985496997833252
APOGOD,CUFORM03,0.9985496997833252
APOGOD,CUFORM04,0.9985496997833252
APOGOD,CUFORM06,0.9985496997833252
APOGOD,DADTOS,0.9989085793495178
APOGOD,DADTOS01,0.9989085793495178
APOGOD,DADTOS02,0.9989085793495178
APOGOD,DADTOS03,0.9989085793495178
APOGOD,DADTOS04,0.9989085793495178
APOGOD,DADTOS05,0.9989085793495178
APOGOD,DADTOS06,0.9989085793495178
APOGOD,DADTOS07,0.9989085793495178
APOGOD,DADTOS08,0.9989085793495178
APOGOD,DADTOS09,0.9989085793495178
APOGOD,DADTOS10,0.9989085793495178
APOGOD,DADTOS11,0.9989085793495178
APOGOD,DADTOS12,0.9989085793495178
APOGOD,DADTOS13,0.9989085793495178
APOGOD,DADTOS14,0.9989085793495178
APOGOD,DADTOS15,0.9989085793495178
APOGOD,DADTOS16,0.9989085793495178
APOGOD,DADTOS17,0.9989085793495178
APOGOD,DADTOS18,0.9989085793495178
APOGOD,DADTUY,0.9996292591094971
APOGOD,DADTUY01,0.9996292591094971
APOGOD,DADTUY05,0.9996292591094971
APOGOD,DADTUY06,0.9996292591094971
APOGOD,DADTUY07,0.9996292591094971
APOGOD,DADTUY08,0.9996292591094971
APOGOD,DADTUY09,0.9996292591094971
APOGOD,DADTUY10,0.9996292591094971
APOGOD,DADTUY11,0.9996292591094971
APOGOD,DADTUY12,0.9996292591094971
APOGOD,DADVAG,0.9988105893135071
APOGOD,DADVAG01,0.9988105893135071
APOGOD,DADVAG02,0.9988105893135071
APOGOD,DADVAG03,0.9988105893135071
APOGOD,DADVAG04,0.9988105893135071
APOGOD,DADVAG05,0.9988105893135071
APOGOD,DADVAG06,0.9988105893135071
APOGOD,DADVAG07,0.9988105893135071
APOGOD,DADVAG08,0.9988105893135071
APOGOD,DAXNIA,0.9982883334159851
APOGOD,DAXNIA01,0.9982883334159851
APOGOD,DAXNIA02,0.9982883334159851
APOGOD,DAXNIA03,0.9982883334159851
APOGOD,DAXNIA04,0.9982883334159851
APOGOD,DEFNEK,1.0
APOGOD,DEFNIO,0.9996292591094971
APOGOD,DEFNOU,0.9988105893135071
APOGOD,DEPJIR,0.9982883334159851
APOGOD,DEPJIR01,0.9982883334159851
APOGOD,DIDVIW,0.9989085793495178
AQAJIM,AVUFED,0.9813843369483948
AQAJIM,AVUFED01,0.9813843369483948
AQAJIM,BEYKEX,0.9847758412361145
AQALUZ,AQALUZ01,1.0
AQALUZ,AQAMIO02,0.9997506737709045
AQALUZ,ASALEL,0.9965023994445801
AQALUZ,BIVXEK,0.9997506737709045
AQALUZ01,AQAMIO02,0.9997506737709045
AQALUZ01,ASALEL,0.9965023994445801
AQALUZ01,BIVXEK,0.9997506737709045
AQAMIO02,ASALEL,0.9977757334709167
AQAMIO02,BIVXEK,0.9999999403953552
AQEQES,AQEQIW,0.9977757334709167
AQEQES,ATAFIK,0.9977757334709167
AQEQES,AVOGAT,0.9971376657485962
AQEQES,AVOGAT01,0.9971376657485962
AQEQES,AVOGEX,0.9971376657485962
AQEQES,AZIMIH,0.9977757334709167
AQEQES,BUSQIQ,0.9963989853858948
AQEQES,CAQCAZ,0.9809048175811768
AQEQES,CASTEW,0.9809048175811768
AQEQES,CEMJOV,0.9809048175811768
AQEQES,CIZQOT,0.9977757334709167
AQEQES,CIZQUZ,0.9977757334709167
AQEQES,CUKXAJ,0.9939473867416382
AQEQES,CUKXEN,0.9939473867416382
AQEQES,CUKXIR,0.9972895383834839
AQEQES,DAHMIJ,0.9939473867416382
AQEQES,DEJJEK,0.9885473847389221
AQEQES,DITXOU,0.9977757334709167
AQEQIW,ATAFIK,1.0
AQEQIW,AVOGAT,0.9944032430648804
AQEQIW,AVOGAT01,0.9944032430648804
AQEQIW,AVOGEX,0.9944032430648804
AQEQIW,AZIMIH,1.0
AQEQIW,BUSQIQ,0.9927337765693665
AQEQIW,CAQCAZ,0.9795385599136353
AQEQIW,CASTEW,0.9795385599136353
AQEQIW,CEMJOV,0.9795385599136353
AQEQIW,CIZQOT,1.0
AQEQIW,CIZQUZ,1.0
AQEQIW,CUKXAJ,0.9962353706359863
AQEQIW,CUKXEN,0.9962353706359863
AQEQIW,CUKXIR,0.9974996447563171
AQEQIW,DAHMIJ,0.9962353706359863
AQEQIW,DEJJEK,0.9835813641548157
AQEQIW,DITXOU,1.0
AQESUK,BORNEC,0.996257483959198
AQESUK,BORNIG,0.9978995323181152
AQIQAU,AQIQEY,0.9922806620597839
AQIQAU,BEPREV,0.9921966195106506
AQIQAU,BEPREV01,0.9921966195106506
AQIQAU,BEPREV02,0.9921966195106506
AQIQAU,BEPREV03,0.9921966195106506
AQIQAU,BEPROF,0.9921966195106506
AQIQAU,DIQHAO,0.9939473867416382
AQIQAU,DIQHAO01,0.9939473867416382
AQIQAU,DIRLIB,0.9970499873161316
AQIQEY,BEPREV,0.9999494552612305
AQIQEY,BEPREV01,0.9999494552612305
AQIQEY,BEPREV02,0.9999494552612305
AQIQEY,BEPREV03,0.9999494552612305
AQIQEY,BEPROF,0.9999494552612305
AQIQEY,DIQHAO,0.9996275901794434
AQIQEY,DIQHAO01,0.9996275901794434
AQIQEY,DIRLIB,0.9950717687606812
AQIVIF,AQIVOL,0.9983987212181091
AQIVIF,AXUZUO,0.9826657772064209
AQIVIF,AYABAD,0.9826657772064209
AQIVIF,AYABEH,0.9987369775772095
AQIVIF,DANVAQ,1.0
AQIVIF,DANVEU,1.0
AQIVOL,AXUZUO,0.9782870411872864
AQIVOL,AYABAD,0.9782870411872864
AQIVOL,AYABEH,0.9970894455909729
AQIVOL,DANVAQ,0.9983987212181091
AQIVOL,DANVEU,0.9983987212181091
AQMAND,AQMAND01,0.9999999403953552
AQMAND,AXAWUT,0.9901461601257324
AQMAND,BAYJEQ,0.9821665287017822
AQMAND,CEWNIB,0.9987369775772095
AQMAND01,AXAWUT,0.9901461601257324
AQMAND01,BAYJEQ,0.9821665287017822
AQMAND01,CEWNIB,0.9987369775772095
AQOJUL,AQOJUL01,1.0
AQOJUL,BAMWES,0.9970499873161316
AQOJUL,DEJCEB,0.9962353706359863
AQOJUL,DEJCIF,0.9922806620597839
AQOJUL,DEPXAY,0.9962353706359863
AQOJUL,DESHOZ,1.0
AQOJUL01,BAMWES,0.9970499873161316
AQOJUL01,DEJCEB,0.9962353706359863
AQOJUL01,DEJCIF,0.9922806620597839
AQOJUL01,DEPXAY,0.9962353706359863
AQOJUL01,DESHOZ,1.0
AQOLEZ,BETGEO,0.9997506737709045
AQOLEZ,BETGIS,0.9997506737709045
AQOLEZ,BETGOY,0.9999999403953552
AQOLEZ,BETGUE,0.9999999403953552
AQOLEZ,BETHEP,0.9939473867416382
AQOLEZ,BETHIT,0.9939473867416382
AQOLEZ,BOWNUY,0.9996275901794434
AQOLEZ,COTYIV,0.9996275901794434
AQOLEZ,DAGTUD,0.9939473867416382
AQOLEZ,DANWAS,0.9977757334709167
AQOLID,AQOMEA,0.9999999403953552
AQOLID,BIXVEM,0.9996275901794434
AQOLID,BIXVIQ,0.9996275901794434
AQOLID,BIXVOW,0.9996275901794434
AQOMEA,BIXVEM,0.9996275901794434
AQOMEA,BIXVIQ,0.9996275901794434
AQOMEA,BIXVOW,0.9996275901794434
AQOROP,AQORUV,0.9962353706359863
AQUCOG,AQUCUM,1.0
AQUCOG,AQUDIB,1.0
AQUCOG,BAPDAA,0.9921966195106506
AQUCOG,CADQAB,0.9670645594596863
AQUCOG,CADQOP,0.9672331809997559
AQUCOG,CAQHEK,0.9688132405281067
AQUCOG,CAQHOU,0.9688132405281067
AQUCOG,CAQVOI,0.9688132405281067
AQUCOG,CAXVOO,0.9988105893135071
AQUCOG,CAXWAB,0.9988105893135071
AQUCOG,COKMEW,0.9988105893135071
AQUCOG,COKMIA,0.9997506737709045
AQUCOG,COKMOG,0.9999494552612305
AQUCOG,COKMUM,0.9955241084098816
AQUCOG,COKNAT,0.9965023994445801
AQUCOG,COKNIB,0.9999494552612305
AQUCOG,COKNIB01,0.9999494552612305
AQUCOG,COKNIB02,0.9999494552612305
AQUCOG,COKNOH,0.9988105893135071
AQUCOG,COKNOH01,0.9988105893135071
AQUCOG,COKNUN,0.9955241084098816
AQUCOG,COKNUN01,0.9955241084098816
AQUCOG,COKNUN02,0.9955241084098816
AQUCOG,COKPEZ,0.995114803314209
AQUCOG,COKPID,0.9988105893135071
AQUCOG,COKPOJ,0.9997506737709045
AQUCOG,COKPUP,0.9965023994445801
AQUCOG,COKQAW,0.9999494552612305
AQUCOG,COKQEA,0.9997506737709045
AQUCOG,COKQIE,0.9988105893135071
AQUCOG,COKQOK,0.9965023994445801
AQUCOG,CUVTUJ,0.9997506737709045
AQUCUM,AQUDIB,1.0
AQUCUM,BAPDAA,0.9921966195106506
AQUCUM,CADQAB,0.9670645594596863
AQUCUM,CADQOP,0.9672331809997559
AQUCUM,CAQHEK,0.9688132405281067
AQUCUM,CAQHOU,0.9688132405281067
AQUCUM,CAQVOI,0.9688132405281067
AQUCUM,CAXVOO,0.9988105893135071
AQUCUM,CAXWAB,0.9988105893135071
AQUCUM,COKMEW,0.9988105893135071
AQUCUM,COKMIA,0.9997506737709045
AQUCUM,COKMOG,0.9999494552612305
AQUCUM,COKMUM,0.9955241084098816
AQUCUM,COKNAT,0.9965023994445801
AQUCUM,COKNIB,0.9999494552612305
AQUCUM,COKNIB01,0.9999494552612305
AQUCUM,COKNIB02,0.9999494552612305
AQUCUM,COKNOH,0.9988105893135071
AQUCUM,COKNOH01,0.9988105893135071
AQUCUM,COKNUN,0.9955241084098816
AQUCUM,COKNUN01,0.9955241084098816
AQUCUM,COKNUN02,0.9955241084098816
AQUCUM,COKPEZ,0.995114803314209
AQUCUM,COKPID,0.9988105893135071
AQUCUM,COKPOJ,0.9997506737709045
AQUCUM,COKPUP,0.9965023994445801
AQUCUM,COKQAW,0.9999494552612305
AQUCUM,COKQEA,0.9997506737709045
AQUCUM,COKQIE,0.9988105893135071
AQUCUM,COKQOK,0.9965023994445801
AQUCUM,CUVTUJ,0.9997506737709045
AQUDIB,BAPDAA,0.9921966195106506
AQUDIB,CADQAB,0.9670645594596863
AQUDIB,CADQOP,0.9672331809997559
AQUDIB,CAQHEK,0.9688132405281067
AQUDIB,CAQHOU,0.9688132405281067
AQUDIB,CAQVOI,0.9688132405281067
AQUDIB,CAXVOO,0.9988105893135071
AQUDIB,CAXWAB,0.9988105893135071
AQUDIB,COKMEW,0.9988105893135071
AQUDIB,COKMIA,0.9997506737709045
AQUDIB,COKMOG,0.9999494552612305
AQUDIB,COKMUM,0.9955241084098816
AQUDIB,COKNAT,0.9965023994445801
AQUDIB,COKNIB,0.9999494552612305
AQUDIB,COKNIB01,0.9999494552612305
AQUDIB,COKNIB02,0.9999494552612305
AQUDIB,COKNOH,0.9988105893135071
AQUDIB,COKNOH01,0.9988105893135071
AQUDIB,COKNUN,0.9955241084098816
AQUDIB,COKNUN01,0.9955241084098816
AQUDIB,COKNUN02,0.9955241084098816
AQUDIB,COKPEZ,0.995114803314209
AQUDIB,COKPID,0.9988105893135071
AQUDIB,COKPOJ,0.9997506737709045
AQUDIB,COKPUP,0.9965023994445801
AQUDIB,COKQAW,0.9999494552612305
AQUDIB,COKQEA,0.9997506737709045
AQUDIB,COKQIE,0.9988105893135071
AQUDIB,COKQOK,0.9965023994445801
AQUDIB,CUVTUJ,0.9997506737709045
AQUKOO,AQULEF,0.9972895383834839
AQUKOO,AQULOP,0.9997506737709045
AQULEF,AQULOP,0.9955241084098816
ARAJEK,ARAJIO,0.9996275901794434
ARAJEK,ARAJOU,0.9999494552612305
ARAJEK,ARAKAH,0.9965804815292358
ARAJIO,ARAJOU,0.9997506737709045
ARAJIO,ARAKAH,0.9977757334709167
ARAJOU,ARAKAH,0.9965023994445801
AROFAP,AROFET,1.0
AROFAP,CUTKEI,0.9962353706359863
AROFAP,CUYWUP,0.9922806620597839
AROFET,CUTKEI,0.9962353706359863
AROFET,CUYWUP,0.9922806620597839
AROVAE,CONSAA,0.9735639095306396
ARUJED,COPTUX,1.0
ASACAZ,ASACIH,0.9974996447563171
ASACAZ,ASACON,0.9974996447563171
ASACAZ,DACJUO,0.9959419965744019
ASACIH,ASACON,1.0
ASACIH,DACJUO,0.9944032430648804
ASACON,DACJUO,0.9944032430648804
ASAHEJ,ASAMUE,0.9995650053024292
ASAHEJ,BILRIA,0.9949279427528381
ASALAH,ASALOV,0.9962353706359863
ASALEL,BIVXEK,0.9977757334709167
ASAMUE,BILRIA,0.9959901571273804
ASEJIT,ASEJOZ,1.0
ASEJIT,ASEJOZ01,1.0
ASEJIT,ASEKAM,1.0
ASEJOZ,ASEJOZ01,1.0
ASEJOZ,ASEKAM,1.0
ASEJOZ01,ASEKAM,1.0
ASEMUG,ASEMUG01,1.0
ASEMUG,AVUYAR,0.9975399971008301
ASEMUG01,AVUYAR,0.9975399971008301
ASIRAX,ATEYOP,0.999916136264801
ASIRAX,ATEYUV,0.9999803900718689
ASIRAX,ATEZAC,0.9999352693557739
ASIRAX,ATEZEG,0.9996391534805298
ASIRAX,ATEZIK,0.999646008014679
ASIRAX,AXINAX01,0.9692751169204712
ASIRAX,AXINIF,0.9692751169204712
ASIRAX,AYOZIZ,0.999916136264801
ASIRAX,AYOZOF,0.9995911717414856
ASIRAX,AYOZUL,0.9999352693557739
ASIRAX,BABRII,0.9663969278335571
ASIRAX,BAZFUF,0.9666798710823059
ASIRAX,BAZFUF01,0.9666798710823059
ASIRAX,BAZGAM,0.9666798710823059
ASIRAX,BICPUA,0.9996391534805298
ASIRAX,CAVWII,1.0
ASIRAX,CIFMAH,0.9692751169204712
ASIRAX,CIFSAO,0.9941704273223877
ASIRAX,CIFSES,0.9941704273223877
ASIRAX,CIFSIW,0.9941704273223877
ASIRAX,DAKZUN,0.9995911717414856
ASIRAX,DAPYAW,0.9820774793624878
ASIRAX,DIBQEM,0.9692751169204712
ASIRAX,DIBQIQ,0.9692751169204712
ASIRAX,DIBQOW,0.9692751169204712
ASIRUR,BOPHEV,0.9970499873161316
ASIRUR,BOPHIZ,0.9970499873161316
ASIRUR,CUFJUK,0.9972895383834839
ASIRUR,CUFKAR,0.9972895383834839
ASOHUL,ATIJOC,0.982013463973999
ASOHUL,ATIJUI,0.9831874370574951
ASOHUL,ATIKAP,0.9814549684524536
ASOHUL,ATIKET,0.9812027215957642
ASOHUL,ATIKIX,0.9904035329818726
ASOHUL,ATOTIM,1.0
ASOHUL,AVAQAP,0.9826644659042358
ASOHUL,AVAQET,0.9815157651901245
ASOHUL,AVOFUM,0.9959286451339722
ASOHUL,BADHIA,0.9974375367164612
ASOHUL,BADHOG,0.9974375367164612
ASOHUL,BADHUM,0.9974375367164612
ASOHUL,BADHUM01,0.9974375367164612
ASOHUL,BADJAU,0.9974375367164612
ASOHUL,BADJIC,0.9974375367164612
ASOHUL,BADZAK,0.9918119311332703
ASOHUL,BEBFIY,0.9841392636299133
ASOHUL,BESKUI,0.9961327314376831
ASOHUL,BOJYIK,0.9823547005653381
ASOHUL,BOJYIK01,0.9823547005653381
ASOHUL,BUKLOJ,0.9964157342910767
ASOHUL,BUKLOJ01,0.9964157342910767
ASOHUL,BUPVIT,0.9743119478225708
ASOHUL,BUVHEH,0.9743119478225708
ASOHUL,CAVMUJ,0.9974375367164612
ASOHUL,CAVMUJ01,0.9974375367164612
ASOHUL,CAVMUJ02,0.9974375367164612
ASOHUL,CAXTAY,0.9896013140678406
ASOHUL,CEJXOG,0.9806766510009766
ASOHUL,CELDAA,0.9743119478225708
ASOHUL,COMDOY,0.9925156831741333
ASOHUL,CUZBUW,0.9964157342910767
ASOHUL,DIQGUH,0.9678221344947815
ASOHUL,RUBTAK02,0.9961327314376831
ASOHUL,SABVUN01,0.9896013140678406
ASOHUL,SURKAT,0.9961327314376831
ASUBIB,AZAYAD,0.9648386240005493
ASUKEE,ASUKEE01,1.0
ASUKEE,BALFAV01,0.9917930960655212
ASUKEE,BALFAV02,0.9917930960655212
ASUKEE,BALFAV03,0.9917930960655212
ASUKEE,BALFAV04,0.9917930960655212
ASUKEE,BEGFID,0.9949160814285278
ASUKEE,BIFSUF,0.9965804815292358
ASUKEE,BOSHUN,0.9999494552612305
ASUKEE,BUSMUZ,0.9684215784072876
ASUKEE,CUPHUS,1.0
ASUKEE,DAPZAW,0.9969467520713806
ASUKEE,DEHHEG,0.9965804815292358
ASUKEE,DEHHIK,0.9996275901794434
ASUKEE,DEHHOQ,0.9950717687606812
ASUKEE,DELTAQ,0.9965804815292358
ASUKEE,DELTAQ01,0.9965804815292358
ASUKEE,DELTAQ02,0.9965804815292358
ASUKEE,DELTAQ03,0.9965804815292358
ASUKEE01,BALFAV01,0.9917930960655212
ASUKEE01,BALFAV02,0.9917930960655212
ASUKEE01,BALFAV03,0.9917930960655212
ASUKEE01,BALFAV04,0.9917930960655212
ASUKEE01,BEGFID,0.9949160814285278
ASUKEE01,BIFSUF,0.9965804815292358
ASUKEE01,BOSHUN,0.9999494552612305
ASUKEE01,BUSMUZ,0.9684215784072876
ASUKEE01,CUPHUS,1.0
ASUKEE01,DAPZAW,0.9969467520713806
ASUKEE01,DEHHEG,0.9965804815292358
ASUKEE01,DEHHIK,0.9996275901794434
ASUKEE01,DEHHOQ,0.9950717687606812
ASUKEE01,DELTAQ,0.9965804815292358
ASUKEE01,DELTAQ01,0.9965804815292358
ASUKEE01,DELTAQ02,0.9965804815292358
ASUKEE01,DELTAQ03,0.9965804815292358
ASUQIO03,ASUQIO04,1.0
ASUQIO03,CETHEQ,1.0
ASUQIO03,CUGYEK,0.9969467520713806
ASUQIO03,CUGZAH,0.9969467520713806
ASUQIO03,CUNFOH,1.0
ASUQIO03,CUNFOH01,1.0
ASUQIO04,CETHEQ,1.0
ASUQIO04,CUGYEK,0.9969467520713806
ASUQIO04,CUGZAH,0.9969467520713806
ASUQIO04,CUNFOH,1.0
ASUQIO04,CUNFOH01,1.0
ASUQOV,DEGBOI,0.9970894455909729
ASUQOV,DEGBUO,0.9957407712936401
ATAFIK,AVOGAT,0.9944032430648804
ATAFIK,AVOGAT01,0.9944032430648804
ATAFIK,AVOGEX,0.9944032430648804
ATAFIK,AZIMIH,1.0
ATAFIK,BUSQIQ,0.9927337765693665
ATAFIK,CAQCAZ,0.9795385599136353
ATAFIK,CASTEW,0.9795385599136353
ATAFIK,CEMJOV,0.9795385599136353
ATAFIK,CIZQOT,1.0
ATAFIK,CIZQUZ,1.0
ATAFIK,CUKXAJ,0.9962353706359863
ATAFIK,CUKXEN,0.9962353706359863
ATAFIK,CUKXIR,0.9974996447563171
ATAFIK,DAHMIJ,0.9962353706359863
ATAFIK,DEJJEK,0.9835813641548157
ATAFIK,DITXOU,1.0
ATEJOA,BIFSOB,0.9942138195037842
ATEYED,CUMKIG,0.9999999403953552
ATEYED,CUMKIG03,0.9999999403953552
ATEYOP,ATEYUV,0.9998704195022583
ATEYOP,ATEZAC,0.9998304843902588
ATEYOP,ATEZEG,0.9995509386062622
ATEYOP,ATEZIK,0.9993820190429688
ATEYOP,AXINAX01,0.9692261815071106
ATEYOP,AXINIF,0.9692261815071106
ATEYOP,AYOZIZ,1.0
ATEYOP,AYOZOF,0.9992827773094177
ATEYOP,AYOZUL,0.9998304843902588
ATEYOP,BABRII,0.9665710926055908
ATEYOP,BAZFUF,0.9663447737693787
ATEYOP,BAZFUF01,0.9663447737693787
ATEYOP,BAZGAM,0.9663447737693787
ATEYOP,BICPUA,0.9995509386062622
ATEYOP,CAVWII,0.999916136264801
ATEYOP,CIFMAH,0.9692261815071106
ATEYOP,CIFSAO,0.9934752583503723
ATEYOP,CIFSES,0.9934752583503723
ATEYOP,CIFSIW,0.9934752583503723
ATEYOP,DAKZUN,0.9992827773094177
ATEYOP,DAPYAW,0.9821406006813049
ATEYOP,DIBQEM,0.9692261815071106
ATEYOP,DIBQIQ,0.9692261815071106
ATEYOP,DIBQOW,0.9692261815071106
ATEYUV,ATEZAC,0.9999855160713196
ATEYUV,ATEZEG,0.9997713565826416
ATEYUV,ATEZIK,0.9997872710227966
ATEYUV,AXINAX01,0.9693748354911804
ATEYUV,AXINIF,0.9693748354911804
ATEYUV,AYOZIZ,0.9998704195022583
ATEYUV,AYOZOF,0.9995371103286743
ATEYUV,AYOZUL,0.9999855160713196
ATEYUV,BABRII,0.9666504263877869
ATEYUV,BAZFUF,0.9668495655059814
ATEYUV,BAZFUF01,0.9668495655059814
ATEYUV,BAZGAM,0.9668495655059814
ATEYUV,BICPUA,0.9997713565826416
ATEYUV,CAVWII,0.9999803900718689
ATEYUV,CIFMAH,0.9693748354911804
ATEYUV,CIFSAO,0.9946691393852234
ATEYUV,CIFSES,0.9946691393852234
ATEYUV,CIFSIW,0.9946691393852234
ATEYUV,DAKZUN,0.9995371103286743
ATEYUV,DAPYAW,0.982480525970459
ATEYUV,DIBQEM,0.9693748354911804
ATEYUV,DIBQIQ,0.9693748354911804
ATEYUV,DIBQOW,0.9693748354911804
ATEZAC,ATEZEG,0.9998589158058167
ATEZAC,ATEZIK,0.9998542070388794
ATEZAC,AXINAX01,0.9693228602409363
ATEZAC,AXINIF,0.9693228602409363
ATEZAC,AYOZIZ,0.9998304843902588
ATEZAC,AYOZOF,0.9994291663169861
ATEZAC,AYOZUL,1.0
ATEZAC,BABRII,0.9667468070983887
ATEZAC,BAZFUF,0.9668148159980774
ATEZAC,BAZFUF01,0.9668148159980774
ATEZAC,BAZGAM,0.9668148159980774
ATEZAC,BICPUA,0.9998589158058167
ATEZAC,CAVWII,0.9999352693557739
ATEZAC,CIFMAH,0.9693228602409363
ATEZAC,CIFSAO,0.9949494004249573
ATEZAC,CIFSES,0.9949494004249573
ATEZAC,CIFSIW,0.9949494004249573
ATEZAC,DAKZUN,0.9994291663169861
ATEZAC,DAPYAW,0.9827293157577515
ATEZAC,DIBQEM,0.9693228602409363
ATEZAC,DIBQIQ,0.9693228602409363
ATEZAC,DIBQOW,0.9693228602409363
ATEZEG,ATEZIK,0.9998902082443237
ATEZEG,AXINAX01,0.9688553810119629
ATEZEG,AXINIF,0.9688553810119629
ATEZEG,AYOZIZ,0.9995509386062622
ATEZEG,AYOZOF,0.9987759590148926
ATEZEG,AYOZUL,0.9998589158058167
ATEZEG,BABRII,0.9672327637672424
ATEZEG,BAZFUF,0.966277003288269
ATEZEG,BAZFUF01,0.966277003288269
ATEZEG,BAZGAM,0.966277003288269
ATEZEG,BICPUA,1.0
ATEZEG,CAVWII,0.9996391534805298
ATEZEG,CIFMAH,0.9688553810119629
ATEZEG,CIFSAO,0.995492160320282
ATEZEG,CIFSES,0.995492160320282
ATEZEG,CIFSIW,0.995492160320282
ATEZEG,DAKZUN,0.9987759590148926
ATEZEG,DAPYAW,0.983597457408905
ATEZEG,DIBQEM,0.9688553810119629
ATEZEG,DIBQIQ,0.9688553810119629
ATEZEG,DIBQOW,0.9688553810119629
ATEZIK,AXINAX01,0.9692806601524353
ATEZIK,AXINIF,0.9692806601524353
ATEZIK,AYOZIZ,0.9993820190429688
ATEZIK,AYOZOF,0.9991527795791626
ATEZIK,AYOZUL,0.9998542070388794
ATEZIK,BABRII,0.9670689702033997
ATEZIK,BAZFUF,0.9670557975769043
ATEZIK,BAZFUF01,0.9670557975769043
ATEZIK,BAZGAM,0.9670557975769043
ATEZIK,BICPUA,0.9998902082443237
ATEZIK,CAVWII,0.999646008014679
ATEZIK,CIFMAH,0.9692806601524353
ATEZIK,CIFSAO,0.9960513114929199
ATEZIK,CIFSES,0.9960513114929199
ATEZIK,CIFSIW,0.9960513114929199
ATEZIK,DAKZUN,0.9991527795791626
ATEZIK,DAPYAW,0.9833487272262573
ATEZIK,DIBQEM,0.9692806601524353
ATEZIK,DIBQIQ,0.9692806601524353
ATEZIK,DIBQOW,0.9692806601524353
ATIBAG,ATIBIO,1.0
ATIBAG,ATIBOU,1.0
ATIBAG,ATIBOU01,1.0
ATIBAG,ATIBOU02,1.0
ATIBAG,ATIBUA,1.0
ATIBAG,ATICAH,1.0
ATIBAG,ATICEL,1.0
ATIBAG,AYONOT,0.9950717687606812
ATIBAG,BAFORM,0.9618924260139465
ATIBAG,BIFORM,0.9873164296150208
ATIBAG,BIYLAW01,0.9819706082344055
ATIBAG,CAFORM,0.9573289155960083
ATIBAG,CAFORM13,0.9573289155960083
ATIBAG,CAHMON,0.9970499873161316
ATIBAG,CAHMON01,0.9970499873161316
ATIBAG,CAHMON02,0.9970499873161316
ATIBAG,CAHMON03,0.9970499873161316
ATIBAG,CAJHUS,0.9989085793495178
ATIBAG,CAJHUS01,0.9989085793495178
ATIBAG,CAJHUS02,0.9989085793495178
ATIBAG,CAJHUS03,0.9989085793495178
ATIBAG,CAJHUS04,0.9989085793495178
ATIBAG,COFORM,0.9972895383834839
ATIBAG,COFORM01,0.9972895383834839
ATIBAG,COFORM11,0.9972895383834839
ATIBAG,CUFORD,0.9950717687606812
ATIBAG,CUFORD01,0.9950717687606812
ATIBAG,CUFORM,0.9950717687606812
ATIBAG,CUFORM02,0.9950717687606812
ATIBAG,CUFORM03,0.9950717687606812
ATIBAG,CUFORM04,0.9950717687606812
ATIBAG,CUFORM06,0.9950717687606812
ATIBAG,DADTOS,1.0
ATIBAG,DADTOS01,1.0
ATIBAG,DADTOS02,1.0
ATIBAG,DADTOS03,1.0
ATIBAG,DADTOS04,1.0
ATIBAG,DADTOS05,1.0
ATIBAG,DADTOS06,1.0
ATIBAG,DADTOS07,1.0
ATIBAG,DADTOS08,1.0
ATIBAG,DADTOS09,1.0
ATIBAG,DADTOS10,1.0
ATIBAG,DADTOS11,1.0
ATIBAG,DADTOS12,1.0
ATIBAG,DADTOS13,1.0
ATIBAG,DADTOS14,1.0
ATIBAG,DADTOS15,1.0
ATIBAG,DADTOS16,1.0
ATIBAG,DADTOS17,1.0
ATIBAG,DADTOS18,1.0
ATIBAG,DADTUY,0.9972895383834839
ATIBAG,DADTUY01,0.9972895383834839
ATIBAG,DADTUY05,0.9972895383834839
ATIBAG,DADTUY06,0.9972895383834839
ATIBAG,DADTUY07,0.9972895383834839
ATIBAG,DADTUY08,0.9972895383834839
ATIBAG,DADTUY09,0.9972895383834839
ATIBAG,DADTUY10,0.9972895383834839
ATIBAG,DADTUY11,0.9972895383834839
ATIBAG,DADTUY12,0.9972895383834839
ATIBAG,DADVAG,0.9955241084098816
ATIBAG,DADVAG01,0.9955241084098816
ATIBAG,DADVAG02,0.9955241084098816
ATIBAG,DADVAG03,0.9955241084098816
ATIBAG,DADVAG04,0.9955241084098816
ATIBAG,DADVAG05,0.9955241084098816
ATIBAG,DADVAG06,0.9955241084098816
ATIBAG,DADVAG07,0.9955241084098816
ATIBAG,DADVAG08,0.9955241084098816
ATIBAG,DAXNIA,0.9974996447563171
ATIBAG,DAXNIA01,0.9974996447563171
ATIBAG,DAXNIA02,0.9974996447563171
ATIBAG,DAXNIA03,0.9974996447563171
ATIBAG,DAXNIA04,0.9974996447563171
ATIBAG,DEFNEK,0.9989085793495178
ATIBAG,DEFNIO,0.9972895383834839
ATIBAG,DEFNOU,0.9955241084098816
ATIBAG,DEPJIR,0.9974996447563171
ATIBAG,DEPJIR01,0.9974996447563171
ATIBAG,DIDVIW,1.0
ATIBIO,ATIBOU,1.0
ATIBIO,ATIBOU01,1.0
ATIBIO,ATIBOU02,1.0
ATIBIO,ATIBUA,1.0
ATIBIO,ATICAH,1.0
ATIBIO,ATICEL,1.0
ATIBIO,AYONOT,0.9950717687606812
ATIBIO,BAFORM,0.9618924260139465
ATIBIO,BIFORM,0.9873164296150208
ATIBIO,BIYLAW01,0.9819706082344055
ATIBIO,CAFORM,0.9573289155960083
ATIBIO,CAFORM13,0.9573289155960083
ATIBIO,CAHMON,0.9970499873161316
ATIBIO,CAHMON01,0.9970499873161316
ATIBIO,CAHMON02,0.9970499873161316
ATIBIO,CAHMON03,0.9970499873161316
ATIBIO,CAJHUS,0.9989085793495178
ATIBIO,CAJHUS01,0.9989085793495178
ATIBIO,CAJHUS02,0.9989085793495178
ATIBIO,CAJHUS03,0.9989085793495178
ATIBIO,CAJHUS04,0.9989085793495178
ATIBIO,COFORM,0.9972895383834839
ATIBIO,COFORM01,0.9972895383834839
ATIBIO,COFORM11,0.9972895383834839
ATIBIO,CUFORD,0.9950717687606812
ATIBIO,CUFORD01,0.9950717687606812
ATIBIO,CUFORM,0.9950717687606812
ATIBIO,CUFORM02,0.9950717687606812
ATIBIO,CUFORM03,0.9950717687606812
ATIBIO,CUFORM04,0.9950717687606812
ATIBIO,CUFORM06,0.9950717687606812
ATIBIO,DADTOS,1.0
ATIBIO,DADTOS01,1.0
ATIBIO,DADTOS02,1.0
ATIBIO,DADTOS03,1.0
ATIBIO,DADTOS04,1.0
ATIBIO,DADTOS05,1.0
ATIBIO,DADTOS06,1.0
ATIBIO,DADTOS07,1.0
ATIBIO,DADTOS08,1.0
ATIBIO,DADTOS09,1.0
ATIBIO,DADTOS10,1.0
ATIBIO,DADTOS11,1.0
ATIBIO,DADTOS12,1.0
ATIBIO,DADTOS13,1.0
ATIBIO,DADTOS14,1.0
ATIBIO,DADTOS15,1.0
ATIBIO,DADTOS16,1.0
ATIBIO,DADTOS17,1.0
ATIBIO,DADTOS18,1.0
ATIBIO,DADTUY,0.9972895383834839
ATIBIO,DADTUY01,0.9972895383834839
ATIBIO,DADTUY05,0.9972895383834839
ATIBIO,DADTUY06,0.9972895383834839
ATIBIO,DADTUY07,0.9972895383834839
ATIBIO,DADTUY08,0.9972895383834839
ATIBIO,DADTUY09,0.9972895383834839
ATIBIO,DADTUY10,0.9972895383834839
ATIBIO,DADTUY11,0.9972895383834839
ATIBIO,DADTUY12,0.9972895383834839
ATIBIO,DADVAG,0.9955241084098816
ATIBIO,DADVAG01,0.9955241084098816
ATIBIO,DADVAG02,0.9955241084098816
ATIBIO,DADVAG03,0.9955241084098816
ATIBIO,DADVAG04,0.9955241084098816
ATIBIO,DADVAG05,0.9955241084098816
ATIBIO,DADVAG06,0.9955241084098816
ATIBIO,DADVAG07,0.9955241084098816
ATIBIO,DADVAG08,0.9955241084098816
ATIBIO,DAXNIA,0.9974996447563171
ATIBIO,DAXNIA01,0.9974996447563171
ATIBIO,DAXNIA02,0.9974996447563171
ATIBIO,DAXNIA03,0.9974996447563171
ATIBIO,DAXNIA04,0.9974996447563171
ATIBIO,DEFNEK,0.9989085793495178
ATIBIO,DEFNIO,0.9972895383834839
ATIBIO,DEFNOU,0.9955241084098816
ATIBIO,DEPJIR,0.9974996447563171
ATIBIO,DEPJIR01,0.9974996447563171
ATIBIO,DIDVIW,1.0
ATIBOU,ATIBOU01,1.0
ATIBOU,ATIBOU02,1.0
ATIBOU,ATIBUA,1.0
ATIBOU,ATICAH,1.0
ATIBOU,ATICEL,1.0
ATIBOU,AYONOT,0.9950717687606812
ATIBOU,BAFORM,0.9618924260139465
ATIBOU,BIFORM,0.9873164296150208
ATIBOU,BIYLAW01,0.9819706082344055
ATIBOU,CAFORM,0.9573289155960083
ATIBOU,CAFORM13,0.9573289155960083
ATIBOU,CAHMON,0.9970499873161316
ATIBOU,CAHMON01,0.9970499873161316
ATIBOU,CAHMON02,0.9970499873161316
ATIBOU,CAHMON03,0.9970499873161316
ATIBOU,CAJHUS,0.9989085793495178
ATIBOU,CAJHUS01,0.9989085793495178
ATIBOU,CAJHUS02,0.9989085793495178
ATIBOU,CAJHUS03,0.9989085793495178
ATIBOU,CAJHUS04,0.9989085793495178
ATIBOU,COFORM,0.9972895383834839
ATIBOU,COFORM01,0.9972895383834839
ATIBOU,COFORM11,0.9972895383834839
ATIBOU,CUFORD,0.9950717687606812
ATIBOU,CUFORD01,0.9950717687606812
ATIBOU,CUFORM,0.9950717687606812
ATIBOU,CUFORM02,0.9950717687606812
ATIBOU,CUFORM03,0.9950717687606812
ATIBOU,CUFORM04,0.9950717687606812
ATIBOU,CUFORM06,0.9950717687606812
ATIBOU,DADTOS,1.0
ATIBOU,DADTOS01,1.0
ATIBOU,DADTOS02,1.0
ATIBOU,DADTOS03,1.0
ATIBOU,DADTOS04,1.0
ATIBOU,DADTOS05,1.0
ATIBOU,DADTOS06,1.0
ATIBOU,DADTOS07,1.0
ATIBOU,DADTOS08,1.0
ATIBOU,DADTOS09,1.0
ATIBOU,DADTOS10,1.0
ATIBOU,DADTOS11,1.0
ATIBOU,DADTOS12,1.0
ATIBOU,DADTOS13,1.0
ATIBOU,DADTOS14,1.0
ATIBOU,DADTOS15,1.0
ATIBOU,DADTOS16,1.0
ATIBOU,DADTOS17,1.0
ATIBOU,DADTOS18,1.0
ATIBOU,DADTUY,0.9972895383834839
ATIBOU,DADTUY01,0.9972895383834839
ATIBOU,DADTUY05,0.9972895383834839
ATIBOU,DADTUY06,0.9972895383834839
ATIBOU,DADTUY07,0.9972895383834839
ATIBOU,DADTUY08,0.9972895383834839
ATIBOU,DADTUY09,0.9972895383834839
ATIBOU,DADTUY10,0.9972895383834839
ATIBOU,DADTUY11,0.9972895383834839
ATIBOU,DADTUY12,0.9972895383834839
ATIBOU,DADVAG,0.9955241084098816
ATIBOU,DADVAG01,0.9955241084098816
ATIBOU,DADVAG02,0.9955241084098816
ATIBOU,DADVAG03,0.9955241084098816
ATIBOU,DADVAG04,0.9955241084098816
ATIBOU,DADVAG05,0.9955241084098816
ATIBOU,DADVAG06,0.9955241084098816
ATIBOU,DADVAG07,0.9955241084098816
ATIBOU,DADVAG08,0.9955241084098816
ATIBOU,DAXNIA,0.9974996447563171
ATIBOU,DAXNIA01,0.9974996447563171
ATIBOU,DAXNIA02,0.9974996447563171
ATIBOU,DAXNIA03,0.9974996447563171
ATIBOU,DAXNIA04,0.9974996447563171
ATIBOU,DEFNEK,0.9989085793495178
ATIBOU,DEFNIO,0.9972895383834839
ATIBOU,DEFNOU,0.9955241084098816
ATIBOU,DEPJIR,0.9974996447563171
ATIBOU,DEPJIR01,0.9974996447563171
ATIBOU,DIDVIW,1.0
ATIBOU01,ATIBOU02,1.0
ATIBOU01,ATIBUA,1.0
ATIBOU01,ATICAH,1.0
ATIBOU01,ATICEL,1.0
ATIBOU01,AYONOT,0.9950717687606812
ATIBOU01,BAFORM,0.9618924260139465
ATIBOU01,BIFORM,0.9873164296150208
ATIBOU01,BIYLAW01,0.9819706082344055
ATIBOU01,CAFORM,0.9573289155960083
ATIBOU01,CAFORM13,0.9573289155960083
ATIBOU01,CAHMON,0.9970499873161316
ATIBOU01,CAHMON01,0.9970499873161316
ATIBOU01,CAHMON02,0.9970499873161316
ATIBOU01,CAHMON03,0.9970499873161316
ATIBOU01,CAJHUS,0.9989085793495178
ATIBOU01,CAJHUS01,0.9989085793495178
ATIBOU01,CAJHUS02,0.9989085793495178
ATIBOU01,CAJHUS03,0.9989085793495178
ATIBOU01,CAJHUS04,0.9989085793495178
ATIBOU01,COFORM,0.9972895383834839
ATIBOU01,COFORM01,0.9972895383834839
ATIBOU01,COFORM11,0.9972895383834839
ATIBOU01,CUFORD,0.9950717687606812
ATIBOU01,CUFORD01,0.9950717687606812
ATIBOU01,CUFORM,0.9950717687606812
ATIBOU01,CUFORM02,0.9950717687606812
ATIBOU01,CUFORM03,0.9950717687606812
ATIBOU01,CUFORM04,0.9950717687606812
ATIBOU01,CUFORM06,0.9950717687606812
ATIBOU01,DADTOS,1.0
ATIBOU01,DADTOS01,1.0
ATIBOU01,DADTOS02,1.0
ATIBOU01,DADTOS03,1.0
ATIBOU01,DADTOS04,1.0
ATIBOU01,DADTOS05,1.0
ATIBOU01,DADTOS06,1.0
ATIBOU01,DADTOS07,1.0
ATIBOU01,DADTOS08,1.0
ATIBOU01,DADTOS09,1.0
ATIBOU01,DADTOS10,1.0
ATIBOU01,DADTOS11,1.0
ATIBOU01,DADTOS12,1.0
ATIBOU01,DADTOS13,1.0
ATIBOU01,DADTOS14,1.0
ATIBOU01,DADTOS15,1.0
ATIBOU01,DADTOS16,1.0
ATIBOU01,DADTOS17,1.0
ATIBOU01,DADTOS18,1.0
ATIBOU01,DADTUY,0.9972895383834839
ATIBOU01,DADTUY01,0.9972895383834839
ATIBOU01,DADTUY05,0.9972895383834839
ATIBOU01,DADTUY06,0.9972895383834839
ATIBOU01,DADTUY07,0.9972895383834839
ATIBOU01,DADTUY08,0.9972895383834839
ATIBOU01,DADTUY09,0.9972895383834839
ATIBOU01,DADTUY10,0.9972895383834839
ATIBOU01,DADTUY11,0.9972895383834839
ATIBOU01,DADTUY12,0.9972895383834839
ATIBOU01,DADVAG,0.9955241084098816
ATIBOU01,DADVAG01,0.9955241084098816
ATIBOU01,DADVAG02,0.9955241084098816
ATIBOU01,DADVAG03,0.9955241084098816
ATIBOU01,DADVAG04,0.9955241084098816
ATIBOU01,DADVAG05,0.9955241084098816
ATIBOU01,DADVAG06,0.9955241084098816
ATIBOU01,DADVAG07,0.9955241084098816
ATIBOU01,DADVAG08,0.9955241084098816
ATIBOU01,DAXNIA,0.9974996447563171
ATIBOU01,DAXNIA01,0.9974996447563171
ATIBOU01,DAXNIA02,0.9974996447563171
ATIBOU01,DAXNIA03,0.9974996447563171
ATIBOU01,DAXNIA04,0.9974996447563171
ATIBOU01,DEFNEK,0.9989085793495178
ATIBOU01,DEFNIO,0.9972895383834839
ATIBOU01,DEFNOU,0.9955241084098816
ATIBOU01,DEPJIR,0.9974996447563171
ATIBOU01,DEPJIR01,0.9974996447563171
ATIBOU01,DIDVIW,1.0
ATIBOU02,ATIBUA,1.0
ATIBOU02,ATICAH,1.0
ATIBOU02,ATICEL,1.0
ATIBOU02,AYONOT,0.9950717687606812
ATIBOU02,BAFORM,0.9618924260139465
ATIBOU02,BIFORM,0.9873164296150208
ATIBOU02,BIYLAW01,0.9819706082344055
ATIBOU02,CAFORM,0.9573289155960083
ATIBOU02,CAFORM13,0.9573289155960083
ATIBOU02,CAHMON,0.9970499873161316
ATIBOU02,CAHMON01,0.9970499873161316
ATIBOU02,CAHMON02,0.9970499873161316
ATIBOU02,CAHMON03,0.9970499873161316
ATIBOU02,CAJHUS,0.9989085793495178
ATIBOU02,CAJHUS01,0.9989085793495178
ATIBOU02,CAJHUS02,0.9989085793495178
ATIBOU02,CAJHUS03,0.9989085793495178
ATIBOU02,CAJHUS04,0.9989085793495178
ATIBOU02,COFORM,0.9972895383834839
ATIBOU02,COFORM01,0.9972895383834839
ATIBOU02,COFORM11,0.9972895383834839
ATIBOU02,CUFORD,0.9950717687606812
ATIBOU02,CUFORD01,0.9950717687606812
ATIBOU02,CUFORM,0.9950717687606812
ATIBOU02,CUFORM02,0.9950717687606812
ATIBOU02,CUFORM03,0.9950717687606812
ATIBOU02,CUFORM04,0.9950717687606812
ATIBOU02,CUFORM06,0.9950717687606812
ATIBOU02,DADTOS,1.0
ATIBOU02,DADTOS01,1.0
ATIBOU02,DADTOS02,1.0
ATIBOU02,DADTOS03,1.0
ATIBOU02,DADTOS04,1.0
ATIBOU02,DADTOS05,1.0
ATIBOU02,DADTOS06,1.0
ATIBOU02,DADTOS07,1.0
ATIBOU02,DADTOS08,1.0
ATIBOU02,DADTOS09,1.0
ATIBOU02,DADTOS10,1.0
ATIBOU02,DADTOS11,1.0
ATIBOU02,DADTOS12,1.0
ATIBOU02,DADTOS13,1.0
ATIBOU02,DADTOS14,1.0
ATIBOU02,DADTOS15,1.0
ATIBOU02,DADTOS16,1.0
ATIBOU02,DADTOS17,1.0
ATIBOU02,DADTOS18,1.0
ATIBOU02,DADTUY,0.9972895383834839
ATIBOU02,DADTUY01,0.9972895383834839
ATIBOU02,DADTUY05,0.9972895383834839
ATIBOU02,DADTUY06,0.9972895383834839
ATIBOU02,DADTUY07,0.9972895383834839
ATIBOU02,DADTUY08,0.9972895383834839
ATIBOU02,DADTUY09,0.9972895383834839
ATIBOU02,DADTUY10,0.9972895383834839
ATIBOU02,DADTUY11,0.9972895383834839
ATIBOU02,DADTUY12,0.9972895383834839
ATIBOU02,DADVAG,0.9955241084098816
ATIBOU02,DADVAG01,0.9955241084098816
ATIBOU02,DADVAG02,0.9955241084098816
ATIBOU02,DADVAG03,0.9955241084098816
ATIBOU02,DADVAG04,0.9955241084098816
ATIBOU02,DADVAG05,0.9955241084098816
ATIBOU02,DADVAG06,0.9955241084098816
ATIBOU02,DADVAG07,0.9955241084098816
ATIBOU02,DADVAG08,0.9955241084098816
ATIBOU02,DAXNIA,0.9974996447563171
ATIBOU02,DAXNIA01,0.9974996447563171
ATIBOU02,DAXNIA02,0.9974996447563171
ATIBOU02,DAXNIA03,0.9974996447563171
ATIBOU02,DAXNIA04,0.9974996447563171
ATIBOU02,DEFNEK,0.9989085793495178
ATIBOU02,DEFNIO,0.9972895383834839
ATIBOU02,DEFNOU,0.9955241084098816
ATIBOU02,DEPJIR,0.9974996447563171
ATIBOU02,DEPJIR01,0.9974996447563171
ATIBOU02,DIDVIW,1.0
ATIBUA,ATICAH,1.0
ATIBUA,ATICEL,1.0
ATIBUA,AYONOT,0.9950717687606812
ATIBUA,BAFORM,0.9618924260139465
ATIBUA,BIFORM,0.9873164296150208
ATIBUA,BIYLAW01,0.9819706082344055
ATIBUA,CAFORM,0.9573289155960083
ATIBUA,CAFORM13,0.9573289155960083
ATIBUA,CAHMON,0.9970499873161316
ATIBUA,CAHMON01,0.9970499873161316
ATIBUA,CAHMON02,0.9970499873161316
ATIBUA,CAHMON03,0.9970499873161316
ATIBUA,CAJHUS,0.9989085793495178
ATIBUA,CAJHUS01,0.9989085793495178
ATIBUA,CAJHUS02,0.9989085793495178
ATIBUA,CAJHUS03,0.9989085793495178
ATIBUA,CAJHUS04,0.9989085793495178
ATIBUA,COFORM,0.9972895383834839
ATIBUA,COFORM01,0.9972895383834839
ATIBUA,COFORM11,0.9972895383834839
ATIBUA,CUFORD,0.9950717687606812
ATIBUA,CUFORD01,0.9950717687606812
ATIBUA,CUFORM,0.9950717687606812
ATIBUA,CUFORM02,0.9950717687606812
ATIBUA,CUFORM03,0.9950717687606812
ATIBUA,CUFORM04,0.9950717687606812
ATIBUA,CUFORM06,0.9950717687606812
ATIBUA,DADTOS,1.0
ATIBUA,DADTOS01,1.0
ATIBUA,DADTOS02,1.0
ATIBUA,DADTOS03,1.0
ATIBUA,DADTOS04,1.0
ATIBUA,DADTOS05,1.0
ATIBUA,DADTOS06,1.0
ATIBUA,DADTOS07,1.0
ATIBUA,DADTOS08,1.0
ATIBUA,DADTOS09,1.0
ATIBUA,DADTOS10,1.0
ATIBUA,DADTOS11,1.0
ATIBUA,DADTOS12,1.0
ATIBUA,DADTOS13,1.0
ATIBUA,DADTOS14,1.0
ATIBUA,DADTOS15,1.0
ATIBUA,DADTOS16,1.0
ATIBUA,DADTOS17,1.0
ATIBUA,DADTOS18,1.0
ATIBUA,DADTUY,0.9972895383834839
ATIBUA,DADTUY01,0.9972895383834839
ATIBUA,DADTUY05,0.9972895383834839
ATIBUA,DADTUY06,0.9972895383834839
ATIBUA,DADTUY07,0.9972895383834839
ATIBUA,DADTUY08,0.9972895383834839
ATIBUA,DADTUY09,0.9972895383834839
ATIBUA,DADTUY10,0.9972895383834839
ATIBUA,DADTUY11,0.9972895383834839
ATIBUA,DADTUY12,0.9972895383834839
ATIBUA,DADVAG,0.9955241084098816
ATIBUA,DADVAG01,0.9955241084098816
ATIBUA,DADVAG02,0.9955241084098816
ATIBUA,DADVAG03,0.9955241084098816
ATIBUA,DADVAG04,0.9955241084098816
ATIBUA,DADVAG05,0.9955241084098816
ATIBUA,DADVAG06,0.9955241084098816
ATIBUA,DADVAG07,0.9955241084098816
ATIBUA,DADVAG08,0.9955241084098816
ATIBUA,DAXNIA,0.9974996447563171
ATIBUA,DAXNIA01,0.9974996447563171
ATIBUA,DAXNIA02,0.9974996447563171
ATIBUA,DAXNIA03,0.9974996447563171
ATIBUA,DAXNIA04,0.9974996447563171
ATIBUA,DEFNEK,0.9989085793495178
ATIBUA,DEFNIO,0.9972895383834839
ATIBUA,DEFNOU,0.9955241084098816
ATIBUA,DEPJIR,0.9974996447563171
ATIBUA,DEPJIR01,0.9974996447563171
ATIBUA,DIDVIW,1.0
ATICAH,ATICEL,1.0
ATICAH,AYONOT,0.9950717687606812
ATICAH,BAFORM,0.9618924260139465
ATICAH,BIFORM,0.9873164296150208
ATICAH,BIYLAW01,0.9819706082344055
ATICAH,CAFORM,0.9573289155960083
ATICAH,CAFORM13,0.9573289155960083
ATICAH,CAHMON,0.9970499873161316
ATICAH,CAHMON01,0.9970499873161316
ATICAH,CAHMON02,0.9970499873161316
ATICAH,CAHMON03,0.9970499873161316
ATICAH,CAJHUS,0.9989085793495178
ATICAH,CAJHUS01,0.9989085793495178
ATICAH,CAJHUS02,0.9989085793495178
ATICAH,CAJHUS03,0.9989085793495178
ATICAH,CAJHUS04,0.9989085793495178
ATICAH,COFORM,0.9972895383834839
ATICAH,COFORM01,0.9972895383834839
ATICAH,COFORM11,0.9972895383834839
ATICAH,CUFORD,0.9950717687606812
ATICAH,CUFORD01,0.9950717687606812
ATICAH,CUFORM,0.9950717687606812
ATICAH,CUFORM02,0.9950717687606812
ATICAH,CUFORM03,0.9950717687606812
ATICAH,CUFORM04,0.9950717687606812
ATICAH,CUFORM06,0.9950717687606812
ATICAH,DADTOS,1.0
ATICAH,DADTOS01,1.0
ATICAH,DADTOS02,1.0
ATICAH,DADTOS03,1.0
ATICAH,DADTOS04,1.0
ATICAH,DADTOS05,1.0
ATICAH,DADTOS06,1.0
ATICAH,DADTOS07,1.0
ATICAH,DADTOS08,1.0
ATICAH,DADTOS09,1.0
ATICAH,DADTOS10,1.0
ATICAH,DADTOS11,1.0
ATICAH,DADTOS12,1.0
ATICAH,DADTOS13,1.0
ATICAH,DADTOS14,1.0
ATICAH,DADTOS15,1.0
ATICAH,DADTOS16,1.0
ATICAH,DADTOS17,1.0
ATICAH,DADTOS18,1.0
ATICAH,DADTUY,0.9972895383834839
ATICAH,DADTUY01,0.9972895383834839
ATICAH,DADTUY05,0.9972895383834839
ATICAH,DADTUY06,0.9972895383834839
ATICAH,DADTUY07,0.9972895383834839
ATICAH,DADTUY08,0.9972895383834839
ATICAH,DADTUY09,0.9972895383834839
ATICAH,DADTUY10,0.9972895383834839
ATICAH,DADTUY11,0.9972895383834839
ATICAH,DADTUY12,0.9972895383834839
ATICAH,DADVAG,0.9955241084098816
ATICAH,DADVAG01,0.9955241084098816
ATICAH,DADVAG02,0.9955241084098816
ATICAH,DADVAG03,0.9955241084098816
ATICAH,DADVAG04,0.9955241084098816
ATICAH,DADVAG05,0.9955241084098816
ATICAH,DADVAG06,0.9955241084098816
ATICAH,DADVAG07,0.9955241084098816
ATICAH,DADVAG08,0.9955241084098816
ATICAH,DAXNIA,0.9974996447563171
ATICAH,DAXNIA01,0.9974996447563171
ATICAH,DAXNIA02,0.9974996447563171
ATICAH,DAXNIA03,0.9974996447563171
ATICAH,DAXNIA04,0.9974996447563171
ATICAH,DEFNEK,0.9989085793495178
ATICAH,DEFNIO,0.9972895383834839
ATICAH,DEFNOU,0.9955241084098816
ATICAH,DEPJIR,0.9974996447563171
ATICAH,DEPJIR01,0.9974996447563171
ATICAH,DIDVIW,1.0
ATICEL,AYONOT,0.9950717687606812
ATICEL,BAFORM,0.9618924260139465
ATICEL,BIFORM,0.9873164296150208
ATICEL,BIYLAW01,0.9819706082344055
ATICEL,CAFORM,0.9573289155960083
ATICEL,CAFORM13,0.9573289155960083
ATICEL,CAHMON,0.9970499873161316
ATICEL,CAHMON01,0.9970499873161316
ATICEL,CAHMON02,0.9970499873161316
ATICEL,CAHMON03,0.9970499873161316
ATICEL,CAJHUS,0.9989085793495178
ATICEL,CAJHUS01,0.9989085793495178
ATICEL,CAJHUS02,0.9989085793495178
ATICEL,CAJHUS03,0.9989085793495178
ATICEL,CAJHUS04,0.9989085793495178
ATICEL,COFORM,0.9972895383834839
ATICEL,COFORM01,0.9972895383834839
ATICEL,COFORM11,0.9972895383834839
ATICEL,CUFORD,0.9950717687606812
ATICEL,CUFORD01,0.9950717687606812
ATICEL,CUFORM,0.9950717687606812
ATICEL,CUFORM02,0.9950717687606812
ATICEL,CUFORM03,0.9950717687606812
ATICEL,CUFORM04,0.9950717687606812
ATICEL,CUFORM06,0.9950717687606812
ATICEL,DADTOS,1.0
ATICEL,DADTOS01,1.0
ATICEL,DADTOS02,1.0
ATICEL,DADTOS03,1.0
ATICEL,DADTOS04,1.0
ATICEL,DADTOS05,1.0
ATICEL,DADTOS06,1.0
ATICEL,DADTOS07,1.0
ATICEL,DADTOS08,1.0
ATICEL,DADTOS09,1.0
ATICEL,DADTOS10,1.0
ATICEL,DADTOS11,1.0
ATICEL,DADTOS12,1.0
ATICEL,DADTOS13,1.0
ATICEL,DADTOS14,1.0
ATICEL,DADTOS15,1.0
ATICEL,DADTOS16,1.0
ATICEL,DADTOS17,1.0
ATICEL,DADTOS18,1.0
ATICEL,DADTUY,0.9972895383834839
ATICEL,DADTUY01,0.9972895383834839
ATICEL,DADTUY05,0.9972895383834839
ATICEL,DADTUY06,0.9972895383834839
ATICEL,DADTUY07,0.9972895383834839
ATICEL,DADTUY08,0.9972895383834839
ATICEL,DADTUY09,0.9972895383834839
ATICEL,DADTUY10,0.9972895383834839
ATICEL,DADTUY11,0.9972895383834839
ATICEL,DADTUY12,0.9972895383834839
ATICEL,DADVAG,0.9955241084098816
ATICEL,DADVAG01,0.9955241084098816
ATICEL,DADVAG02,0.9955241084098816
ATICEL,DADVAG03,0.9955241084098816
ATICEL,DADVAG04,0.9955241084098816
ATICEL,DADVAG05,0.9955241084098816
ATICEL,DADVAG06,0.9955241084098816
ATICEL,DADVAG07,0.9955241084098816
ATICEL,DADVAG08,0.9955241084098816
ATICEL,DAXNIA,0.9974996447563171
ATICEL,DAXNIA01,0.9974996447563171
ATICEL,DAXNIA02,0.9974996447563171
ATICEL,DAXNIA03,0.9974996447563171
ATICEL,DAXNIA04,0.9974996447563171
ATICEL,DEFNEK,0.9989085793495178
ATICEL,DEFNIO,0.9972895383834839
ATICEL,DEFNOU,0.9955241084098816
ATICEL,DEPJIR,0.9974996447563171
ATICEL,DEPJIR01,0.9974996447563171
ATICEL,DIDVIW,1.0
ATIJOC,ATIJUI,0.9975399971008301
ATIJOC,ATIKAP,0.997765302658081
ATIJOC,ATIKET,0.9983029365539551
ATIJOC,ATIKIX,0.9961524605751038
ATIJOC,ATOTIM,0.982013463973999
ATIJOC,AVAQAP,0.9987369775772095
ATIJOC,AVAQET,0.9983987212181091
ATIJOC,AVOFUM,0.981744110584259
ATIJOC,BADHIA,0.9863672256469727
ATIJOC,BADHOG,0.9863672256469727
ATIJOC,BADHUM,0.9863672256469727
ATIJOC,BADHUM01,0.9863672256469727
ATIJOC,BADJAU,0.9863672256469727
ATIJOC,BADJIC,0.9863672256469727
ATIJOC,BADZAK,0.9674572348594666
ATIJOC,BEBFIY,0.9788590669631958
ATIJOC,BESKUI,0.9930660724639893
ATIJOC,BOJYIK,0.9985291957855225
ATIJOC,BOJYIK01,0.9985291957855225
ATIJOC,BUKLOJ,0.970555305480957
ATIJOC,BUKLOJ01,0.970555305480957
ATIJOC,BUPVIT,0.9826657772064209
ATIJOC,BUVHEH,0.9826657772064209
ATIJOC,CAVMUJ,0.9863672256469727
ATIJOC,CAVMUJ01,0.9863672256469727
ATIJOC,CAVMUJ02,0.9863672256469727
ATIJOC,CAXTAY,0.9612045288085938
ATIJOC,CEJXOG,0.9978838562965393
ATIJOC,CELDAA,0.9826657772064209
ATIJOC,COMDOY,0.985438883304596
ATIJOC,CUZBUW,0.970555305480957
ATIJOC,DIQGUH,0.9855000972747803
ATIJOC,RUBTAK02,0.9930660724639893
ATIJOC,SABVUN01,0.9612045288085938
ATIJOC,SURKAT,0.9930660724639893
ATIJUI,ATIKAP,0.9989266395568848
ATIJUI,ATIKET,0.9988340735435486
ATIJUI,ATIKIX,0.9984701871871948
ATIJUI,ATOTIM,0.9831874370574951
ATIJUI,AVAQAP,0.9977362751960754
ATIJUI,AVAQET,0.9994630217552185
ATIJUI,AVOFUM,0.97984778881073
ATIJUI,BADHIA,0.9887824058532715
ATIJUI,BADHOG,0.9887824058532715
ATIJUI,BADHUM,0.9887824058532715
ATIJUI,BADHUM01,0.9887824058532715
ATIJUI,BADJAU,0.9887824058532715
ATIJUI,BADJIC,0.9887824058532715
ATIJUI,BADZAK,0.9637575149536133
ATIJUI,BEBFIY,0.9837939143180847
ATIJUI,BESKUI,0.9948086142539978
ATIJUI,BOJYIK,0.9991112351417542
ATIJUI,BOJYIK01,0.9991112351417542
ATIJUI,BUKLOJ,0.9688994288444519
ATIJUI,BUKLOJ01,0.9688994288444519
ATIJUI,BUPVIT,0.9823139905929565
ATIJUI,BUVHEH,0.9823139905929565
ATIJUI,CAVMUJ,0.9887824058532715
ATIJUI,CAVMUJ01,0.9887824058532715
ATIJUI,CAVMUJ02,0.9887824058532715
ATIJUI,CAXTAY,0.956095814704895
ATIJUI,CEJXOG,0.9983102679252625
ATIJUI,CELDAA,0.9823139905929565
ATIJUI,COMDOY,0.9816316366195679
ATIJUI,CUZBUW,0.9688994288444519
ATIJUI,DIQGUH,0.9912782907485962
ATIJUI,RUBTAK02,0.9948086142539978
ATIJUI,SABVUN01,0.956095814704895
ATIJUI,SURKAT,0.9948086142539978
ATIJUJ,CELNUE,0.9999999403953552
ATIKAP,ATIKET,0.999916136264801
ATIKAP,ATIKIX,0.9968496561050415
ATIKAP,ATOTIM,0.9814549684524536
ATIKAP,AVAQAP,0.9964936971664429
ATIKAP,AVAQET,0.9996404051780701
ATIKAP,AVOFUM,0.9812976121902466
ATIKAP,BADHIA,0.9856320023536682
ATIKAP,BADHOG,0.9856320023536682
ATIKAP,BADHUM,0.9856320023536682
ATIKAP,BADHUM01,0.9856320023536682
ATIKAP,BADJAU,0.9856320023536682
ATIKAP,BADJIC,0.9856320023536682
ATIKAP,BADZAK,0.9665710926055908
ATIKAP,BEBFIY,0.9762802720069885
ATIKAP,BESKUI,0.9940944314002991
ATIKAP,BOJYIK,0.9992827773094177
ATIKAP,BOJYIK01,0.9992827773094177
ATIKAP,BUKLOJ,0.9692261815071106
ATIKAP,BUKLOJ01,0.9692261815071106
ATIKAP,BUPVIT,0.9779111742973328
ATIKAP,BUVHEH,0.9779111742973328
ATIKAP,CAVMUJ,0.9856320023536682
ATIKAP,CAVMUJ01,0.9856320023536682
ATIKAP,CAVMUJ02,0.9856320023536682
ATIKAP,CAXTAY,0.9552626609802246
ATIKAP,CEJXOG,0.9998304843902588
ATIKAP,CELDAA,0.9779111742973328
ATIKAP,COMDOY,0.9838084578514099
ATIKAP,CUZBUW,0.9692261815071106
ATIKAP,DIQGUH,0.985809862613678
ATIKAP,RUBTAK02,0.9940944314002991
ATIKAP,SABVUN01,0.9552626609802246
ATIKAP,SURKAT,0.9940944314002991
ATIKET,ATIKIX,0.9965118765830994
ATIKET,ATOTIM,0.9812027215957642
ATIKET,AVAQAP,0.9972487688064575
ATIKET,AVAQET,0.9995414018630981
ATIKET,AVOFUM,0.981690526008606
ATIKET,BADHIA,0.9850555658340454
ATIKET,BADHOG,0.9850555658340454
ATIKET,BADHUM,0.9850555658340454
ATIKET,BADHUM01,0.9850555658340454
ATIKET,BADJAU,0.9850555658340454
ATIKET,BADJIC,0.9850555658340454
ATIKET,BADZAK,0.9663969278335571
ATIKET,BEBFIY,0.9756394028663635
ATIKET,BESKUI,0.9937636852264404
ATIKET,BOJYIK,0.9995911717414856
ATIKET,BOJYIK01,0.9995911717414856
ATIKET,BUKLOJ,0.9692751169204712
ATIKET,BUKLOJ01,0.9692751169204712
ATIKET,BUPVIT,0.9796669483184814
ATIKET,BUVHEH,0.9796669483184814
ATIKET,CAVMUJ,0.9850555658340454
ATIKET,CAVMUJ01,0.9850555658340454
ATIKET,CAVMUJ02,0.9850555658340454
ATIKET,CAXTAY,0.9561361074447632
ATIKET,CEJXOG,0.9999352693557739
ATIKET,CELDAA,0.9796669483184814
ATIKET,COMDOY,0.9846258163452148
ATIKET,CUZBUW,0.9692751169204712
ATIKET,DIQGUH,0.9851804375648499
ATIKET,RUBTAK02,0.9937636852264404
ATIKET,SABVUN01,0.9561361074447632
ATIKET,SURKAT,0.9937636852264404
ATIKIX,ATOTIM,0.9904035329818726
ATIKIX,AVAQAP,0.9957407712936401
ATIKIX,AVAQET,0.9977954626083374
ATIKIX,AVOFUM,0.9848994612693787
ATIKIX,BADHIA,0.9952925443649292
ATIKIX,BADHOG,0.9952925443649292
ATIKIX,BADHUM,0.9952925443649292
ATIKIX,BADHUM01,0.9952925443649292
ATIKIX,BADJAU,0.9952925443649292
ATIKIX,BADJIC,0.9952925443649292
ATIKIX,BADZAK,0.9731441140174866
ATIKIX,BEBFIY,0.9891651272773743
ATIKIX,BESKUI,0.9982609748840332
ATIKIX,BOJYIK,0.9967017769813538
ATIKIX,BOJYIK01,0.9967017769813538
ATIKIX,BUKLOJ,0.977738082408905
ATIKIX,BUKLOJ01,0.977738082408905
ATIKIX,BUPVIT,0.9795703887939453
ATIKIX,BUVHEH,0.9795703887939453
ATIKIX,CAVMUJ,0.9952925443649292
ATIKIX,CAVMUJ01,0.9952925443649292
ATIKIX,CAVMUJ02,0.9952925443649292
ATIKIX,CAXTAY,0.9656780958175659
ATIKIX,CEJXOG,0.9957616925239563
ATIKIX,CELDAA,0.9795703887939453
ATIKIX,COMDOY,0.984853982925415
ATIKIX,CUZBUW,0.977738082408905
ATIKIX,DIQGUH,0.9899851083755493
ATIKIX,RUBTAK02,0.9982609748840332
ATIKIX,SABVUN01,0.9656780958175659
ATIKIX,SURKAT,0.9982609748840332
ATOTIM,AVAQAP,0.9826644659042358
ATOTIM,AVAQET,0.9815157651901245
ATOTIM,AVOFUM,0.9959286451339722
ATOTIM,BADHIA,0.9974375367164612
ATOTIM,BADHOG,0.9974375367164612
ATOTIM,BADHUM,0.9974375367164612
ATOTIM,BADHUM01,0.9974375367164612
ATOTIM,BADJAU,0.9974375367164612
ATOTIM,BADJIC,0.9974375367164612
ATOTIM,BADZAK,0.9918119311332703
ATOTIM,BEBFIY,0.9841392636299133
ATOTIM,BESKUI,0.9961327314376831
ATOTIM,BOJYIK,0.9823547005653381
ATOTIM,BOJYIK01,0.9823547005653381
ATOTIM,BUKLOJ,0.9964157342910767
ATOTIM,BUKLOJ01,0.9964157342910767
ATOTIM,BUPVIT,0.9743119478225708
ATOTIM,BUVHEH,0.9743119478225708
ATOTIM,CAVMUJ,0.9974375367164612
ATOTIM,CAVMUJ01,0.9974375367164612
ATOTIM,CAVMUJ02,0.9974375367164612
ATOTIM,CAXTAY,0.9896013140678406
ATOTIM,CEJXOG,0.9806766510009766
ATOTIM,CELDAA,0.9743119478225708
ATOTIM,COMDOY,0.9925156831741333
ATOTIM,CUZBUW,0.9964157342910767
ATOTIM,DIQGUH,0.9678221344947815
ATOTIM,RUBTAK02,0.9961327314376831
ATOTIM,SABVUN01,0.9896013140678406
ATOTIM,SURKAT,0.9961327314376831
AVAGIP,AVAGUB,1.0
AVAJUE02,AVAKAL02,1.0
AVAJUE02,CAWVIH,0.9965804815292358
AVAJUE02,CENPUI,0.9946607351303101
AVAJUE02,CENQAP,0.9965804815292358
AVAJUE02,DADLEC,0.9950717687606812
AVAJUE02,DADLOM,0.9950717687606812
AVAJUE02,DIXGIC,0.9671105742454529
AVAKAL02,CAWVIH,0.9965804815292358
AVAKAL02,CENPUI,0.9946607351303101
AVAKAL02,CENQAP,0.9965804815292358
AVAKAL02,DADLEC,0.9950717687606812
AVAKAL02,DADLOM,0.9950717687606812
AVAKAL02,DIXGIC,0.9671105742454529
AVAQAP,AVAQET,0.9970894455909729
AVAQAP,AVOFUM,0.9821665287017822
AVAQAP,BADHIA,0.9862913489341736
AVAQAP,BADHOG,0.9862913489341736
AVAQAP,BADHUM,0.9862913489341736
AVAQAP,BADHUM01,0.9862913489341736
AVAQAP,BADJAU,0.9862913489341736
AVAQAP,BADJIC,0.9862913489341736
AVAQAP,BADZAK,0.9643369913101196
AVAQAP,BEBFIY,0.9808959364891052
AVAQAP,BESKUI,0.9926453232765198
AVAQAP,BOJYIK,0.9987543821334839
AVAQAP,BOJYIK01,0.9987543821334839
AVAQAP,BUKLOJ,0.9705662131309509
AVAQAP,BUKLOJ01,0.9705662131309509
AVAQAP,BUPVIT,0.9901461601257324
AVAQAP,BUVHEH,0.9901461601257324
AVAQAP,CAVMUJ,0.9862913489341736
AVAQAP,CAVMUJ01,0.9862913489341736
AVAQAP,CAVMUJ02,0.9862913489341736
AVAQAP,CAXTAY,0.9626767039299011
AVAQAP,CEJXOG,0.9967666864395142
AVAQAP,CELDAA,0.9901461601257324
AVAQAP,COMDOY,0.9857142567634583
AVAQAP,CUZBUW,0.9705662131309509
AVAQAP,DIQGUH,0.9864584803581238
AVAQAP,RUBTAK02,0.9926453232765198
AVAQAP,SABVUN01,0.9626767039299011
AVAQAP,SURKAT,0.9926453232765198
AVAQET,AVOFUM,0.9794056415557861
AVAQET,BADHIA,0.9871367812156677
AVAQET,BADHOG,0.9871367812156677
AVAQET,BADHUM,0.9871367812156677
AVAQET,BADHUM01,0.9871367812156677
AVAQET,BADJAU,0.9871367812156677
AVAQET,BADJIC,0.9871367812156677
AVAQET,BADZAK,0.9649213552474976
AVAQET,BEBFIY,0.9802787899971008
AVAQET,BESKUI,0.9941500425338745
AVAQET,BOJYIK,0.9990724921226501
AVAQET,BOJYIK01,0.9990724921226501
AVAQET,BUKLOJ,0.9680224657058716
AVAQET,BUKLOJ01,0.9680224657058716
AVAQET,BUPVIT,0.9782870411872864
AVAQET,BUVHEH,0.9782870411872864
AVAQET,CAVMUJ,0.9871367812156677
AVAQET,CAVMUJ01,0.9871367812156677
AVAQET,CAVMUJ02,0.9871367812156677
AVAQET,CAXTAY,0.9546363353729248
AVAQET,CEJXOG,0.999160885810852
AVAQET,CELDAA,0.9782870411872864
AVAQET,COMDOY,0.9817837476730347
AVAQET,CUZBUW,0.9680224657058716
AVAQET,DIQGUH,0.9892654418945312
AVAQET,RUBTAK02,0.9941500425338745
AVAQET,SABVUN01,0.9546363353729248
AVAQET,SURKAT,0.9941500425338745
AVAQIX,AVAQIX01,1.0
AVAQIX,BAHGUN,0.9922806620597839
AVAQIX,BAHGUN01,0.9922806620597839
AVAQIX,BAHGUN02,0.9922806620597839
AVAQIX,BAHGUN03,0.9922806620597839
AVAQIX,BAHGUN04,0.9922806620597839
AVAQIX,BIPXIK,0.9939473867416382
AVAQIX,BOWDIC,0.9939473867416382
AVAQIX,BOWDOI,0.9939473867416382
AVAQIX,BOWDUO,0.9939473867416382
AVAQIX,BUVNIR,0.9962353706359863
AVAQIX,BUXCAZ,0.9801182150840759
AVAQIX,CESNUM,1.0
AVAQIX,CESYEF,0.9968591928482056
AVAQIX,CESYEF01,0.9968591928482056
AVAQIX,CEYPUT,0.9939473867416382
AVAQIX,CEYPUT01,0.9939473867416382
AVAQIX,CIJBEE,0.9939473867416382
AVAQIX,DARYIF,0.9962353706359863
AVAQIX,DIWFAT,0.9970499873161316
AVAQIX01,BAHGUN,0.9922806620597839
AVAQIX01,BAHGUN01,0.9922806620597839
AVAQIX01,BAHGUN02,0.9922806620597839
AVAQIX01,BAHGUN03,0.9922806620597839
AVAQIX01,BAHGUN04,0.9922806620597839
AVAQIX01,BIPXIK,0.9939473867416382
AVAQIX01,BOWDIC,0.9939473867416382
AVAQIX01,BOWDOI,0.9939473867416382
AVAQIX01,BOWDUO,0.9939473867416382
AVAQIX01,BUVNIR,0.9962353706359863
AVAQIX01,BUXCAZ,0.9801182150840759
AVAQIX01,CESNUM,1.0
AVAQIX01,CESYEF,0.9968591928482056
AVAQIX01,CESYEF01,0.9968591928482056
AVAQIX01,CEYPUT,0.9939473867416382
AVAQIX01,CEYPUT01,0.9939473867416382
AVAQIX01,CIJBEE,0.9939473867416382
AVAQIX01,DARYIF,0.9962353706359863
AVAQIX01,DIWFAT,0.9970499873161316
AVAXIF,CEFDAU,0.9797663688659668
AVELOD,AVELUJ,0.9999494552612305
AVELOD,AVEMAQ,0.9999494552612305
AVELOD,DEZCER,0.9950717687606812
AVELUJ,AVEMAQ,1.0
AVELUJ,DEZCER,0.9955241084098816
AVEMAQ,DEZCER,0.9955241084098816
AVEROJ,AVERUP,1.0
AVEROJ,AVESAW,1.0
AVEROJ,AVESEA,1.0
AVEROJ,AVESIE,1.0
AVEROJ,DEGPEL,0.9922806620597839
AVERUP,AVESAW,1.0
AVERUP,AVESEA,1.0
AVERUP,AVESIE,1.0
AVERUP,DEGPEL,0.9922806620597839
AVESAW,AVESEA,1.0
AVESAW,AVESIE,1.0
AVESAW,DEGPEL,0.9922806620597839
AVESEA,AVESIE,1.0
AVESEA,DEGPEL,0.9922806620597839
AVESIE,DEGPEL,0.9922806620597839
AVESOL,AVESUR,0.9962353706359863
AVESOL,BAZBIQ,0.942038357257843
AVESOL,DEMNOB,0.9437500238418579
AVESUR,BAZBIQ,0.9392714500427246
AVESUR,DEMNOB,0.9399853944778442
AVETUS02,AVEVAA02,1.0
AVETUS02,AVEVEE02,0.9962353706359863
AVETUS02,AVEVII02,0.9977757334709167
AVEVAA02,AVEVEE02,0.9962353706359863
AVEVAA02,AVEVII02,0.9977757334709167
AVEVEE02,AVEVII02,0.9939473867416382
AVIHIY,AVIHOE,0.9996700286865234
AVIHIY,AVUCEA,0.9693748354911804
AVIHIY,AWOFOI,0.9795458912849426
AVIHIY,BEQKAM,0.9666504263877869
AVIHIY,BEVSUR,0.9961051344871521
AVIHIY,BODPAN,0.9668495655059814
AVIHIY,BOHWUS,0.9935397505760193
AVIHIY,CADPII,0.9666504263877869
AVIHIY,CARGEK,0.9855638742446899
AVIHIY,CAVWOO,0.9999803900718689
AVIHIY,CEHKUW,0.982480525970459
AVIHIY,CEHLAD,0.9666504263877869
AVIHIY,CERPOF,0.989773690700531
AVIHIY,CERPOF01,0.989773690700531
AVIHIY,CIBTIT,0.9781452417373657
AVIHIY,CIFMIP,0.9693748354911804
AVIHIY,CIPLIX,0.9693748354911804
AVIHIY,COSWEO,0.9939661026000977
AVIHIY,CUFDOX,0.9946691393852234
AVIHIY,CUFDUD,0.9946691393852234
AVIHIY,CUFFEP,0.9946691393852234
AVIHIY,CUFFIT,0.9946691393852234
AVIHIY,CUFFOZ,0.9946691393852234
AVIHIY,CUFFUF,0.9946691393852234
AVIHIY,CUMLUT,0.982480525970459
AVIHIY,DEPXIG,0.9781452417373657
AVIHIY,DEPXOM,0.9781452417373657
AVIHIY,DIGPER,0.9998704195022583
AVIHIY,DIHVIB,0.9668495655059814
AVIHIY,DIHVIB01,0.9668495655059814
AVIHIY,CIGXIA,0.9727454781532288
AVIHOE,AVUCEA,0.9703232049942017
AVIHOE,AWOFOI,0.9833859205245972
AVIHOE,BEQKAM,0.9664711356163025
AVIHOE,BEVSUR,0.9953123331069946
AVIHOE,BODPAN,0.9684330224990845
AVIHOE,BOHWUS,0.9932013154029846
AVIHOE,CADPII,0.9664711356163025
AVIHOE,CARGEK,0.9869542121887207
AVIHOE,CAVWOO,0.9995852708816528
AVIHOE,CEHKUW,0.9822689890861511
AVIHOE,CEHLAD,0.9664711356163025
AVIHOE,CERPOF,0.990902841091156
AVIHOE,CERPOF01,0.990902841091156
AVIHOE,CIBTIT,0.9775062203407288
AVIHOE,CIFMIP,0.9703232049942017
AVIHOE,CIPLIX,0.9703232049942017
AVIHOE,COSWEO,0.9924710392951965
AVIHOE,CUFDOX,0.9957316517829895
AVIHOE,CUFDUD,0.9957316517829895
AVIHOE,CUFFEP,0.9957316517829895
AVIHOE,CUFFIT,0.9957316517829895
AVIHOE,CUFFOZ,0.9957316517829895
AVIHOE,CUFFUF,0.9957316517829895
AVIHOE,CUMLUT,0.9822689890861511
AVIHOE,DEPXIG,0.9775062203407288
AVIHOE,DEPXOM,0.9775062203407288
AVIHOE,DIGPER,0.9992631673812866
AVIHOE,DIHVIB,0.9684330224990845
AVIHOE,DIHVIB01,0.9684330224990845
AVIHOE,CIGXIA,0.9730862379074097
AVILAT,AXOCEW,0.9974996447563171
AVIMIC,AVIMOI,1.0
AVIMIC,AVIMUO,0.9974996447563171
AVIMOI,AVIMUO,0.9974996447563171
AVIPAX,AVIPOL,1.0
AVIPAX,BIYSUZ,0.9619939923286438
AVIPAX,BIYTAG,0.9499404430389404
AVIPAX,BIYTOU,0.9954933524131775
AVIPAX,BIYVEM,0.9598793387413025
AVIPAX,BIYVIQ,0.9592116475105286
AVIPAX,BUKMUQ,0.9959937334060669
AVIPAX,BUKMUQ01,0.9959937334060669
AVIPAX,DITHAS,0.9929812550544739
AVIPAX,DITHEW,0.9929812550544739
AVIPAX,DITHEW01,0.9929812550544739
AVIPAX,DITHOG,0.9929812550544739
AVIPAX,DITHUM,0.9929812550544739
AVIPAX,DITJEY,0.9929812550544739
AVIPAX,DITJEY01,0.9929812550544739
AVIPAX,DITJOI,0.9929812550544739
AVIPOL,BIYSUZ,0.9619939923286438
AVIPOL,BIYTAG,0.9499404430389404
AVIPOL,BIYTOU,0.9954933524131775
AVIPOL,BIYVEM,0.9598793387413025
AVIPOL,BIYVIQ,0.9592116475105286
AVIPOL,BUKMUQ,0.9959937334060669
AVIPOL,BUKMUQ01,0.9959937334060669
AVIPOL,DITHAS,0.9929812550544739
AVIPOL,DITHEW,0.9929812550544739
AVIPOL,DITHEW01,0.9929812550544739
AVIPOL,DITHOG,0.9929812550544739
AVIPOL,DITHUM,0.9929812550544739
AVIPOL,DITJEY,0.9929812550544739
AVIPOL,DITJEY01,0.9929812550544739
AVIPOL,DITJOI,0.9929812550544739
AVITUU,AVIVAC,0.9969467520713806
AVITUU,AVIVEG,0.9969467520713806
AVITUU,AVIVOQ,0.9969467520713806
AVITUU,AVIVUW,0.9969467520713806
AVIVAC,AVIVEG,1.0
AVIVAC,AVIVOQ,1.0
AVIVAC,AVIVUW,1.0
AVIVEG,AVIVOQ,1.0
AVIVEG,AVIVUW,1.0
AVIVOQ,AVIVUW,1.0
AVOFUM,BADHIA,0.9887474179267883
AVOFUM,BADHOG,0.9887474179267883
AVOFUM,BADHUM,0.9887474179267883
AVOFUM,BADHUM01,0.9887474179267883
AVOFUM,BADJAU,0.9887474179267883
AVOFUM,BADJIC,0.9887474179267883
AVOFUM,BADZAK,0.9944032430648804
AVOFUM,BEBFIY,0.9679427742958069
AVOFUM,BESKUI,0.9927040934562683
AVOFUM,BOJYIK,0.9826821088790894
AVOFUM,BOJYIK01,0.9826821088790894
AVOFUM,BUKLOJ,0.9971376657485962
AVOFUM,BUKLOJ01,0.9971376657485962
AVOFUM,BUPVIT,0.9755967855453491
AVOFUM,BUVHEH,0.9755967855453491
AVOFUM,CAVMUJ,0.9887474179267883
AVOFUM,CAVMUJ01,0.9887474179267883
AVOFUM,CAVMUJ02,0.9887474179267883
AVOFUM,CAXTAY,0.991543710231781
AVOFUM,CEJXOG,0.9820845127105713
AVOFUM,CELDAA,0.9755967855453491
AVOFUM,COMDOY,0.9990034103393555
AVOFUM,CUZBUW,0.9971376657485962
AVOFUM,DIQGUH,0.9546010494232178
AVOFUM,RUBTAK02,0.9927040934562683
AVOFUM,SABVUN01,0.991543710231781
AVOFUM,SURKAT,0.9927040934562683
AVOGAT,AVOGAT01,1.0
AVOGAT,AVOGEX,1.0
AVOGAT,AZIMIH,0.9944032430648804
AVOGAT,BUSQIQ,0.991543710231781
AVOGAT,CAQCAZ,0.9922400116920471
AVOGAT,CASTEW,0.9922400116920471
AVOGAT,CEMJOV,0.9922400116920471
AVOGAT,CIZQOT,0.9944032430648804
AVOGAT,CIZQUZ,0.9944032430648804
AVOGAT,CUKXAJ,0.9968591928482056
AVOGAT,CUKXEN,0.9968591928482056
AVOGAT,CUKXIR,0.9959419965744019
AVOGAT,DAHMIJ,0.9968591928482056
AVOGAT,DEJJEK,0.9887474179267883
AVOGAT,DITXOU,0.9944032430648804
AVOGAT01,AVOGEX,1.0
AVOGAT01,AZIMIH,0.9944032430648804
AVOGAT01,BUSQIQ,0.991543710231781
AVOGAT01,CAQCAZ,0.9922400116920471
AVOGAT01,CASTEW,0.9922400116920471
AVOGAT01,CEMJOV,0.9922400116920471
AVOGAT01,CIZQOT,0.9944032430648804
AVOGAT01,CIZQUZ,0.9944032430648804
AVOGAT01,CUKXAJ,0.9968591928482056
AVOGAT01,CUKXEN,0.9968591928482056
AVOGAT01,CUKXIR,0.9959419965744019
AVOGAT01,DAHMIJ,0.9968591928482056
AVOGAT01,DEJJEK,0.9887474179267883
AVOGAT01,DITXOU,0.9944032430648804
AVOGEX,AZIMIH,0.9944032430648804
AVOGEX,BUSQIQ,0.991543710231781
AVOGEX,CAQCAZ,0.9922400116920471
AVOGEX,CASTEW,0.9922400116920471
AVOGEX,CEMJOV,0.9922400116920471
AVOGEX,CIZQOT,0.9944032430648804
AVOGEX,CIZQUZ,0.9944032430648804
AVOGEX,CUKXAJ,0.9968591928482056
AVOGEX,CUKXEN,0.9968591928482056
AVOGEX,CUKXIR,0.9959419965744019
AVOGEX,DAHMIJ,0.9968591928482056
AVOGEX,DEJJEK,0.9887474179267883
AVOGEX,DITXOU,0.9944032430648804
AVOQOT,BADNOM,0.9623563885688782
AVUCEA,AWOFOI,0.9650025963783264
AVUCEA,BEQKAM,0.9977757334709167
AVUCEA,BEVSUR,0.977738082408905
AVUCEA,BODPAN,0.9996275901794434
AVUCEA,BOHWUS,0.9877029657363892
AVUCEA,CADPII,0.9977757334709167
AVUCEA,CARGEK,0.9865953922271729
AVUCEA,CAVWOO,0.9692751169204712
AVUCEA,CEHKUW,0.9939473867416382
AVUCEA,CEHLAD,0.9977757334709167
AVUCEA,CERPOF,0.9788232445716858
AVUCEA,CERPOF01,0.9788232445716858
AVUCEA,CIBTIT,0.9972895383834839
AVUCEA,CIFMIP,0.9999999403953552
AVUCEA,CIPLIX,0.9999999403953552
AVUCEA,COSWEO,0.9499646425247192
AVUCEA,CUFDOX,0.9809048175811768
AVUCEA,CUFDUD,0.9809048175811768
AVUCEA,CUFFEP,0.9809048175811768
AVUCEA,CUFFIT,0.9809048175811768
AVUCEA,CUFFOZ,0.9809048175811768
AVUCEA,CUFFUF,0.9809048175811768
AVUCEA,CUMLUT,0.9939473867416382
AVUCEA,DEPXIG,0.9972895383834839
AVUCEA,DEPXOM,0.9972895383834839
AVUCEA,DIGPER,0.9692261815071106
AVUCEA,DIHVIB,0.9996275901794434
AVUCEA,DIHVIB01,0.9996275901794434
AVUCEA,CIGXIA,0.9996292591094971
AVUFED,AVUFED01,1.0
AVUFED,BEYKEX,0.9588677883148193
AVUFED01,BEYKEX,0.9588677883148193
AVUKUY,AVULAF,1.0
AVUKUY,AVULEJ,1.0
AVUKUY,AWEYUX,1.0
AVUKUY,AWEZAE,1.0
AVUKUY,AWEZEI,1.0
AVULAF,AVULEJ,1.0
AVULAF,AWEYUX,1.0
AVULAF,AWEZAE,1.0
AVULAF,AWEZEI,1.0
AVULEJ,AWEYUX,1.0
AVULEJ,AWEZAE,1.0
AVULEJ,AWEZEI,1.0
AVUPIR,AVUPOX,1.0
AVUPIR,CUMDIY,0.9930660724639893
AVUPIR,CUMDOE,0.9926453232765198
AVUPOX,CUMDIY,0.9930660724639893
AVUPOX,CUMDOE,0.9926453232765198
AWAREV,COMHOC,0.9965804815292358
AWAREV,COMHUI,0.9965804815292358
AWAREV,CUGYOU,0.9944032430648804
AWARIZ,AWAROF,1.0
AWEJES,AWEJIW,0.9962353706359863
AWEJES,AXINAX01,0.9077757000923157
AWEJES,AXINIF,0.9077757000923157
AWEJES,BABRII,0.9099999666213989
AWEJES,BAZFUF,0.9065804481506348
AWEJES,BAZFUF01,0.9065804481506348
AWEJES,BAZGAM,0.9065804481506348
AWEJES,CATZIJ,0.9982883334159851
AWEJES,CIFMAH,0.9077757000923157
AWEJES,DAPYAW,0.9062353372573853
AWEJES,DEKBON,0.9965804815292358
AWEJES,DELGIN,0.9962353706359863
AWEJES,DIBQEM,0.9077757000923157
AWEJES,DIBQIQ,0.9077757000923157
AWEJES,DIBQOW,0.9077757000923157
AWEJES,DITTEH,0.9142857193946838
AWEJIW,AXINAX01,0.9039473533630371
AWEJIW,AXINIF,0.9039473533630371
AWEJIW,BABRII,0.9062353372573853
AWEJIW,BAZFUF,0.9022806286811829
AWEJIW,BAZFUF01,0.9022806286811829
AWEJIW,BAZGAM,0.9022806286811829
AWEJIW,CATZIJ,0.9955214262008667
AWEJIW,CIFMAH,0.9039473533630371
AWEJIW,CIFSAO,0.9020909667015076
AWEJIW,CIFSES,0.9020909667015076
AWEJIW,CIFSIW,0.9020909667015076
AWEJIW,DAPYAW,0.9099999666213989
AWEJIW,DEKBON,0.9922806620597839
AWEJIW,DELGIN,1.0
AWEJIW,DIBQEM,0.9039473533630371
AWEJIW,DIBQIQ,0.9039473533630371
AWEJIW,DIBQOW,0.9039473533630371
AWEJIW,DITTEH,0.9105210900306702
AWEMUL,COQMAX,0.9841392636299133
AWEYAE,CUWNIT,0.9977757334709167
AWEYAE,DAZKEX,0.9927337765693665
AWEYUX,AWEZAE,1.0
AWEYUX,AWEZEI,1.0
AWEZAE,AWEZEI,1.0
AWEZOS,AWEZOS01,1.0
AWEZOS,AWIBAK,1.0
AWEZOS01,AWIBAK,1.0
AWIBAL,AWIBEP,1.0
AWIBAL,CAPLOX,0.9965474605560303
AWIBAL,CUWWOI,0.9987848997116089
AWIBEO,AWIBIS,1.0
AWIBEP,CAPLOX,0.9965474605560303
AWIBEP,CUWWOI,0.9987848997116089
AWOFOI,BEQKAM,0.9519691467285156
AWOFOI,BEVSUR,0.9795703887939453
AWOFOI,BODPAN,0.9671784043312073
AWOFOI,BOHWUS,0.9781320691108704
AWOFOI,CADPII,0.9519691467285156
AWOFOI,CARGEK,0.9728050231933594
AWOFOI,CAVWOO,0.9796669483184814
AWOFOI,CEHKUW,0.9614519476890564
AWOFOI,CEHLAD,0.9519691467285156
AWOFOI,CERPOF,0.9724443554878235
AWOFOI,CERPOF01,0.9724443554878235
AWOFOI,CIBTIT,0.9606602787971497
AWOFOI,CIFMIP,0.9650025963783264
AWOFOI,CIPLIX,0.9650025963783264
AWOFOI,COSWEO,0.9745052456855774
AWOFOI,CUFDOX,0.9796112775802612
AWOFOI,CUFDUD,0.9796112775802612
AWOFOI,CUFFEP,0.9796112775802612
AWOFOI,CUFFIT,0.9796112775802612
AWOFOI,CUFFOZ,0.9796112775802612
AWOFOI,CUFFUF,0.9796112775802612
AWOFOI,CUMLUT,0.9614519476890564
AWOFOI,DEPXIG,0.9606602787971497
AWOFOI,DEPXOM,0.9606602787971497
AWOFOI,DIGPER,0.9779111742973328
AWOFOI,DIHVIB,0.9671784043312073
AWOFOI,DIHVIB01,0.9671784043312073
AWOFOI,CIGXIA,0.9635240435600281
AWOJOM,DINYEG,0.9952431321144104
AWOJOM,DINYEG01,0.9952431321144104
AWOJOM,DIXBET,0.9993817806243896
AWOJOM,DIXBET01,0.9993817806243896
AXAWUT,BAYJEQ,0.9755967855453491
AXAWUT,CEWNIB,0.9826657772064209
AXIGAR,BALLOP,0.9996275901794434
AXIGAR,BASHAF,0.9972895383834839
AXIGAR,BASHEJ,0.9999999403953552
AXIGAR,BASHIN,0.9972895383834839
AXIGAR,BASHOT,0.9996292591094971
AXIGAR,BENZOL,0.94106525182724
AXIGAR,BENZUR,0.9499646425247192
AXIGAR,BEPBAB,0.9463374614715576
AXIGAR,BEPFIN,0.9429752826690674
AXIGAR,BEXQIF,0.9996292591094971
AXIGAR,BEXQOL,0.9999999403953552
AXIGAR,BEXQUR,0.9997506737709045
AXIGAR,BEXRAY,0.9972895383834839
AXIGAR,BEXREC,0.9999999403953552
AXIGAR,BEXRIG,0.9997506737709045
AXIGAR,BITCUE,0.9971376657485962
AXIGAR,BOLGUF,0.977738082408905
AXIGAR,BOLHAM,0.9680224657058716
AXIGAR,BOLHEQ,0.9702855944633484
AXIGAR,BOLHOA,0.9692261815071106
AXIGAR,CDCACD,0.9939473867416382
AXIGAR,CDCACD01,0.9939473867416382
AXIGAR,CEVKET,0.9996275901794434
AXIGAR,CEVPID,0.9996275901794434
AXIGAR,CEVPID01,0.9996275901794434
AXIGAR,COGLOA,0.9996275901794434
AXIGAR,CUSYIA,0.9996275901794434
AXIGAR,CUSYOG,0.9996275901794434
AXIGAR,CUSYUM,0.9996275901794434
AXIGAR,CUSZAT,0.9996275901794434
AXIGAR,CUSZEX,0.9996275901794434
AXIGAR,CUSZIB,0.9996275901794434
AXIGAR,CUTCYM01,0.9996275901794434
AXIGAR,CUTCYM02,0.9996275901794434
AXIGAR,CUTMAH,0.9996275901794434
AXIGAR,CUXLEO,0.9996275901794434
AXIGAR,CUYDIL,0.9996275901794434
AXIGAR,DABMEB,0.9939473867416382
AXIGAR,DABMUR,0.9996275901794434
AXIGAR,DACHAR,0.9971376657485962
AXIGAR,DALCEZ,0.9996275901794434
AXIGAR,DALVAQ,0.9939473867416382
AXIGAR,DALVEU,0.9692751169204712
AXIGAR,DALVIY,0.9692261815071106
AXIGAR,DANZEX,0.9972895383834839
AXIGAR,DEHRIR,0.9971376657485962
AXIGAR,DIBWUH,0.9997506737709045
AXIGAR,DIBXAO,0.9999999403953552
AXINAX01,AXINIF,0.9999999403953552
AXINAX01,AYOZIZ,0.9692261815071106
AXINAX01,AYOZOF,0.9702855944633484
AXINAX01,AYOZUL,0.9693228602409363
AXINAX01,BABRII,0.9977757334709167
AXINAX01,BAZFUF,0.9996275901794434
AXINAX01,BAZFUF01,0.9996275901794434
AXINAX01,BAZGAM,0.9996275901794434
AXINAX01,BICPUA,0.9688553810119629
AXINAX01,CATZIJ,0.909629225730896
AXINAX01,CAVWII,0.9692751169204712
AXINAX01,CIFMAH,0.9999999403953552
AXINAX01,CIFSAO,0.9809048175811768
AXINAX01,CIFSES,0.9809048175811768
AXINAX01,CIFSIW,0.9809048175811768
AXINAX01,DAKZUN,0.9702855944633484
AXINAX01,DAPYAW,0.9939473867416382
AXINAX01,DEKBON,0.9096275568008423
AXINAX01,DELGIN,0.9039473533630371
AXINAX01,DIBQEM,0.9999999403953552
AXINAX01,DIBQIQ,0.9999999403953552
AXINAX01,DIBQOW,0.9999999403953552
AXINIF,AYOZIZ,0.9692261815071106
AXINIF,AYOZOF,0.9702855944633484
AXINIF,AYOZUL,0.9693228602409363
AXINIF,BABRII,0.9977757334709167
AXINIF,BAZFUF,0.9996275901794434
AXINIF,BAZFUF01,0.9996275901794434
AXINIF,BAZGAM,0.9996275901794434
AXINIF,BICPUA,0.9688553810119629
AXINIF,CATZIJ,0.909629225730896
AXINIF,CAVWII,0.9692751169204712
AXINIF,CIFMAH,0.9999999403953552
AXINIF,CIFSAO,0.9809048175811768
AXINIF,CIFSES,0.9809048175811768
AXINIF,CIFSIW,0.9809048175811768
AXINIF,DAKZUN,0.9702855944633484
AXINIF,DAPYAW,0.9939473867416382
AXINIF,DEKBON,0.9096275568008423
AXINIF,DELGIN,0.9039473533630371
AXINIF,DIBQEM,0.9999999403953552
AXINIF,DIBQIQ,0.9999999403953552
AXINIF,DIBQOW,0.9999999403953552
AXOBIA,AXOCAT,0.9843295812606812
AXOBIA,AXOCEX,0.9493358731269836
AXOCAT,AXOCEX,0.9550824165344238
AXOFOJ,AXOFOJ01,1.0
AXOVAL,AXOVIT,0.9618924260139465
AXOVIT,BEWSOO,0.918181836605072
AXOVIT,BEWSUU,0.918181836605072
AXUKUB,AXULAI,1.0
AXUKUB,AXULEM,1.0
AXULAI,AXULEM,1.0
AXUZUO,AYABAD,0.9999999403953552
AXUZUO,AYABEH,0.9901461601257324
AXUZUO,DANVAQ,0.9826657772064209
AXUZUO,DANVEU,0.9826657772064209
AYABAD,AYABEH,0.9901461601257324
AYABAD,DANVAQ,0.9826657772064209
AYABAD,DANVEU,0.9826657772064209
AYABEH,DANVAQ,0.9987369775772095
AYABEH,DANVEU,0.9987369775772095
AYAVON,BONWAD,0.9797663688659668
AYONOT,BAFORM,0.9463676810264587
AYONOT,BIFORM,0.9866888523101807
AYONOT,BIYLAW01,0.9784445762634277
AYONOT,CAFORM,0.9424089789390564
AYONOT,CAFORM13,0.9424089789390564
AYONOT,CAHMON,0.9922806620597839
AYONOT,CAHMON01,0.9922806620597839
AYONOT,CAHMON02,0.9922806620597839
AYONOT,CAHMON03,0.9922806620597839
AYONOT,CAJHUS,0.9985496997833252
AYONOT,CAJHUS01,0.9985496997833252
AYONOT,CAJHUS02,0.9985496997833252
AYONOT,CAJHUS03,0.9985496997833252
AYONOT,CAJHUS04,0.9985496997833252
AYONOT,COFORM,0.9996275901794434
AYONOT,COFORM01,0.9996275901794434
AYONOT,COFORM11,0.9996275901794434
AYONOT,CUFORD,1.0
AYONOT,CUFORD01,1.0
AYONOT,CUFORM,1.0
AYONOT,CUFORM02,1.0
AYONOT,CUFORM03,1.0
AYONOT,CUFORM04,1.0
AYONOT,CUFORM06,1.0
AYONOT,DADTOS,0.9950717687606812
AYONOT,DADTOS01,0.9950717687606812
AYONOT,DADTOS02,0.9950717687606812
AYONOT,DADTOS03,0.9950717687606812
AYONOT,DADTOS04,0.9950717687606812
AYONOT,DADTOS05,0.9950717687606812
AYONOT,DADTOS06,0.9950717687606812
AYONOT,DADTOS07,0.9950717687606812
AYONOT,DADTOS08,0.9950717687606812
AYONOT,DADTOS09,0.9950717687606812
AYONOT,DADTOS10,0.9950717687606812
AYONOT,DADTOS11,0.9950717687606812
AYONOT,DADTOS12,0.9950717687606812
AYONOT,DADTOS13,0.9950717687606812
AYONOT,DADTOS14,0.9950717687606812
AYONOT,DADTOS15,0.9950717687606812
AYONOT,DADTOS16,0.9950717687606812
AYONOT,DADTOS17,0.9950717687606812
AYONOT,DADTOS18,0.9950717687606812
AYONOT,DADTUY,0.9996275901794434
AYONOT,DADTUY01,0.9996275901794434
AYONOT,DADTUY05,0.9996275901794434
AYONOT,DADTUY06,0.9996275901794434
AYONOT,DADTUY07,0.9996275901794434
AYONOT,DADTUY08,0.9996275901794434
AYONOT,DADTUY09,0.9996275901794434
AYONOT,DADTUY10,0.9996275901794434
AYONOT,DADTUY11,0.9996275901794434
AYONOT,DADTUY12,0.9996275901794434
AYONOT,DADVAG,0.9999494552612305
AYONOT,DADVAG01,0.9999494552612305
AYONOT,DADVAG02,0.9999494552612305
AYONOT,DADVAG03,0.9999494552612305
AYONOT,DADVAG04,0.9999494552612305
AYONOT,DADVAG05,0.9999494552612305
AYONOT,DADVAG06,0.9999494552612305
AYONOT,DADVAG07,0.9999494552612305
AYONOT,DADVAG08,0.9999494552612305
AYONOT,DAXNIA,0.9965804815292358
AYONOT,DAXNIA01,0.9965804815292358
AYONOT,DAXNIA02,0.9965804815292358
AYONOT,DAXNIA03,0.9965804815292358
AYONOT,DAXNIA04,0.9965804815292358
AYONOT,DEFNEK,0.9985496997833252
AYONOT,DEFNIO,0.9996275901794434
AYONOT,DEFNOU,0.9999494552612305
AYONOT,DEPJIR,0.9965804815292358
AYONOT,DEPJIR01,0.9965804815292358
AYONOT,DIDVIW,0.9950717687606812
AYOREN,AZEBUE,0.982480525970459
AYOREN,BOKQEZ,0.9970499873161316
AYOREN,CIFHIK,0.9970499873161316
AYOREN,CIFHOQ,0.9970499873161316
AYOREN,CIGDUT,0.9820774793624878
AYOREN,CIGFAB,0.9808584451675415
AYOREN,CIGFEF,0.9778481721878052
AYOREN,CIYZAM,0.9820774793624878
AYOREN,CIYZAM01,0.9820774793624878
AYOREN,CIYZEQ,0.982480525970459
AYOREN,CIYZIU,0.9827293157577515
AYOREN,DETVUW,0.9920910000801086
AYOZIZ,AYOZOF,0.9992827773094177
AYOZIZ,AYOZUL,0.9998304843902588
AYOZIZ,BABRII,0.9665710926055908
AYOZIZ,BAZFUF,0.9663447737693787
AYOZIZ,BAZFUF01,0.9663447737693787
AYOZIZ,BAZGAM,0.9663447737693787
AYOZIZ,BICPUA,0.9995509386062622
AYOZIZ,CAVWII,0.999916136264801
AYOZIZ,CIFMAH,0.9692261815071106
AYOZIZ,CIFSAO,0.9934752583503723
AYOZIZ,CIFSES,0.9934752583503723
AYOZIZ,CIFSIW,0.9934752583503723
AYOZIZ,DAKZUN,0.9992827773094177
AYOZIZ,DAPYAW,0.9821406006813049
AYOZIZ,DIBQEM,0.9692261815071106
AYOZIZ,DIBQIQ,0.9692261815071106
AYOZIZ,DIBQOW,0.9692261815071106
AYOZOF,AYOZUL,0.9994291663169861
AYOZOF,BABRII,0.9657220840454102
AYOZOF,BAZFUF,0.968285083770752
AYOZOF,BAZFUF01,0.968285083770752
AYOZOF,BAZGAM,0.968285083770752
AYOZOF,BICPUA,0.9987759590148926
AYOZOF,CAVWII,0.9995911717414856
AYOZOF,CIFMAH,0.9702855944633484
AYOZOF,CIFSAO,0.9941616058349609
AYOZOF,CIFSES,0.9941616058349609
AYOZOF,CIFSIW,0.9941616058349609
AYOZOF,DAKZUN,1.0
AYOZOF,DAPYAW,0.9808584451675415
AYOZOF,DIBQEM,0.9702855944633484
AYOZOF,DIBQIQ,0.9702855944633484
AYOZOF,DIBQOW,0.9702855944633484
AYOZUL,BABRII,0.9667468070983887
AYOZUL,BAZFUF,0.9668148159980774
AYOZUL,BAZFUF01,0.9668148159980774
AYOZUL,BAZGAM,0.9668148159980774
AYOZUL,BICPUA,0.9998589158058167
AYOZUL,CAVWII,0.9999352693557739
AYOZUL,CIFMAH,0.9693228602409363
AYOZUL,CIFSAO,0.9949494004249573
AYOZUL,CIFSES,0.9949494004249573
AYOZUL,CIFSIW,0.9949494004249573
AYOZUL,DAKZUN,0.9994291663169861
AYOZUL,DAPYAW,0.9827293157577515
AYOZUL,DIBQEM,0.9693228602409363
AYOZUL,DIBQIQ,0.9693228602409363
AYOZUL,DIBQOW,0.9693228602409363
AYUFIL,DETRAX,0.9971376657485962
AYUFIL,DIXCET,0.9679427742958069
AZADUC,AZAFEO,1.0
AZADUC,AZAFIS,1.0
AZAFEO,AZAFIS,1.0
AZAVUU,CEFNIN,0.949999988079071
AZAYEH,BAZBOW,0.9709078073501587
AZAYEH,DAPHOU,0.9607003927230835
AZEBUE,BOKQEZ,0.9781452417373657
AZEBUE,CIFHIK,0.9781452417373657
AZEBUE,CIFHOQ,0.9781452417373657
AZEBUE,CIGDUT,0.9999803900718689
AZEBUE,CIGFAB,0.9995371103286743
AZEBUE,CIGFEF,0.9970688223838806
AZEBUE,CIYZAM,0.9999803900718689
AZEBUE,CIYZAM01,0.9999803900718689
AZEBUE,CIYZEQ,1.0
AZEBUE,CIYZIU,0.9999855160713196
AZEBUE,DETVUW,0.9946691393852234
AZIHOI,BAKJEE,0.9249999523162842
AZIHOI,BAKJII,0.9249999523162842
AZIHOI,BAKJOO,0.9249999523162842
AZIHOI,CANYIB,0.9249999523162842
AZIHOI,CIKCOQ,0.9189473390579224
AZILEA,BUGSAY,0.9988340735435486
AZILEA,BUGSEC,0.999613344669342
AZILEA,BUGSIG,0.9989266395568848
AZILEA,BUGSOM,0.9991112351417542
AZIMIH,BUSQIQ,0.9927337765693665
AZIMIH,CAQCAZ,0.9795385599136353
AZIMIH,CASTEW,0.9795385599136353
AZIMIH,CEMJOV,0.9795385599136353
AZIMIH,CIZQOT,1.0
AZIMIH,CIZQUZ,1.0
AZIMIH,CUKXAJ,0.9962353706359863
AZIMIH,CUKXEN,0.9962353706359863
AZIMIH,CUKXIR,0.9974996447563171
AZIMIH,DAHMIJ,0.9962353706359863
AZIMIH,DEJJEK,0.9835813641548157
AZIMIH,DITXOU,1.0
AZIVAI,CAYSIE,0.9996275901794434
AZIVAI,CAYSOK,0.9950717687606812
AZIVAI,CAYYEG,0.9950717687606812
AZIVAI,CECHAW,1.0
AZIYIR,AZIYOX,0.9999999403953552
AZIYIR,AZIYOX01,0.9999999403953552
AZIYIR,AZIYOX02,0.9999999403953552
AZIYIR,BEDJEA,0.9937262535095215
AZIYIR,CAKLOR,0.9643369913101196
AZIYIR,CETFOX,0.9999999403953552
AZIYIR,CETFUD,0.9227362871170044
AZIYIR,CIHFUU,0.9686119556427002
AZIYIR,DEKZEA,0.9934701919555664
AZIYIR,DEKZIE,0.9184702038764954
AZIYIR,DEKZOK,0.9184702038764954
AZIYIR,DELBED,0.9184702038764954
AZIYIR,DINNIZ,0.9756634831428528
AZIYOX,AZIYOX01,0.9999999403953552
AZIYOX,AZIYOX02,0.9999999403953552
AZIYOX,BEDJEA,0.9937262535095215
AZIYOX,CAKLOR,0.9643369913101196
AZIYOX,CETFOX,0.9999999403953552
AZIYOX,CETFUD,0.9227362871170044
AZIYOX,CIHFUU,0.9686119556427002
AZIYOX,DEKZEA,0.9934701919555664
AZIYOX,DEKZIE,0.9184702038764954
AZIYOX,DEKZOK,0.9184702038764954
AZIYOX,DELBED,0.9184702038764954
AZIYOX,DINNIZ,0.9756634831428528
AZIYOX01,AZIYOX02,0.9999999403953552
AZIYOX01,BEDJEA,0.9937262535095215
AZIYOX01,CAKLOR,0.9643369913101196
AZIYOX01,CETFOX,0.9999999403953552
AZIYOX01,CETFUD,0.9227362871170044
AZIYOX01,CIHFUU,0.9686119556427002
AZIYOX01,DEKZEA,0.9934701919555664
AZIYOX01,DEKZIE,0.9184702038764954
AZIYOX01,DEKZOK,0.9184702038764954
AZIYOX01,DELBED,0.9184702038764954
AZIYOX01,DINNIZ,0.9756634831428528
AZIYOX02,BEDJEA,0.9937262535095215
AZIYOX02,CAKLOR,0.9643369913101196
AZIYOX02,CETFOX,0.9999999403953552
AZIYOX02,CETFUD,0.9227362871170044
AZIYOX02,CIHFUU,0.9686119556427002
AZIYOX02,DEKZEA,0.9934701919555664
AZIYOX02,DEKZIE,0.9184702038764954
AZIYOX02,DEKZOK,0.9184702038764954
AZIYOX02,DELBED,0.9184702038764954
AZIYOX02,DINNIZ,0.9756634831428528
AZOCAU,BOHJOZ,0.9948086142539978
AZOCAU,BOHJUF,0.9948086142539978
AZOCAU,BOHKAM,0.9948086142539978
AZOCAU,BOHXIH,0.9948086142539978
AZOCAU,DAQRET,0.999613344669342
AZOCAU,DAQRET01,0.999613344669342
AZOCAU,DEHBEY,0.9989266395568848
BABREE,DALSOA,1.0
BABRII,BAZFUF,0.9965804815292358
BABRII,BAZFUF01,0.9965804815292358
BABRII,BAZGAM,0.9965804815292358
BABRII,BICPUA,0.9672327637672424
BABRII,CATZIJ,0.908288300037384
BABRII,CAVWII,0.9663969278335571
BABRII,CIFMAH,0.9977757334709167
BABRII,CIFSAO,0.9795385599136353
BABRII,CIFSES,0.9795385599136353
BABRII,CIFSIW,0.9795385599136353
BABRII,DAKZUN,0.9657220840454102
BABRII,DAPYAW,0.9962353706359863
BABRII,DEKBON,0.9065804481506348
BABRII,DELGIN,0.9062353372573853
BABRII,DIBQEM,0.9977757334709167
BABRII,DIBQIQ,0.9977757334709167
BABRII,DIBQOW,0.9977757334709167
BADHIA,BADHOG,1.0
BADHIA,BADHUM,1.0
BADHIA,BADHUM01,1.0
BADHIA,BADJAU,1.0
BADHIA,BADJIC,1.0
BADHIA,BADZAK,0.9835813641548157
BADHIA,BEBFIY,0.9930317997932434
BADHIA,BESKUI,0.9972875118255615
BADHIA,BOJYIK,0.9858130216598511
BADHIA,BOJYIK01,0.9858130216598511
BADHIA,BUKLOJ,0.9885473847389221
BADHIA,BUKLOJ01,0.9885473847389221
BADHIA,BUPVIT,0.9736005067825317
BADHIA,BUVHEH,0.9736005067825317
BADHIA,CAVMUJ,1.0
BADHIA,CAVMUJ01,1.0
BADHIA,CAVMUJ02,1.0
BADHIA,CAXTAY,0.9797062277793884
BADHIA,CEJXOG,0.983954906463623
BADHIA,CELDAA,0.9736005067825317
BADHIA,COMDOY,0.9854570031166077
BADHIA,CUZBUW,0.9885473847389221
BADHIA,DIQGUH,0.9810920357704163
BADHIA,RUBTAK02,0.9972875118255615
BADHIA,SABVUN01,0.9797062277793884
BADHIA,SURKAT,0.9972875118255615
BADHOG,BADHUM,1.0
BADHOG,BADHUM01,1.0
BADHOG,BADJAU,1.0
BADHOG,BADJIC,1.0
BADHOG,BADZAK,0.9835813641548157
BADHOG,BEBFIY,0.9930317997932434
BADHOG,BESKUI,0.9972875118255615
BADHOG,BOJYIK,0.9858130216598511
BADHOG,BOJYIK01,0.9858130216598511
BADHOG,BUKLOJ,0.9885473847389221
BADHOG,BUKLOJ01,0.9885473847389221
BADHOG,BUPVIT,0.9736005067825317
BADHOG,BUVHEH,0.9736005067825317
BADHOG,CAVMUJ,1.0
BADHOG,CAVMUJ01,1.0
BADHOG,CAVMUJ02,1.0
BADHOG,CAXTAY,0.9797062277793884
BADHOG,CEJXOG,0.983954906463623
BADHOG,CELDAA,0.9736005067825317
BADHOG,COMDOY,0.9854570031166077
BADHOG,CUZBUW,0.9885473847389221
BADHOG,DIQGUH,0.9810920357704163
BADHOG,RUBTAK02,0.9972875118255615
BADHOG,SABVUN01,0.9797062277793884
BADHOG,SURKAT,0.9972875118255615
BADHUM,BADHUM01,1.0
BADHUM,BADJAU,1.0
BADHUM,BADJIC,1.0
BADHUM,BADZAK,0.9835813641548157
BADHUM,BEBFIY,0.9930317997932434
BADHUM,BESKUI,0.9972875118255615
BADHUM,BOJYIK,0.9858130216598511
BADHUM,BOJYIK01,0.9858130216598511
BADHUM,BUKLOJ,0.9885473847389221
BADHUM,BUKLOJ01,0.9885473847389221
BADHUM,BUPVIT,0.9736005067825317
BADHUM,BUVHEH,0.9736005067825317
BADHUM,CAVMUJ,1.0
BADHUM,CAVMUJ01,1.0
BADHUM,CAVMUJ02,1.0
BADHUM,CAXTAY,0.9797062277793884
BADHUM,CEJXOG,0.983954906463623
BADHUM,CELDAA,0.9736005067825317
BADHUM,COMDOY,0.9854570031166077
BADHUM,CUZBUW,0.9885473847389221
BADHUM,DIQGUH,0.9810920357704163
BADHUM,RUBTAK02,0.9972875118255615
BADHUM,SABVUN01,0.9797062277793884
BADHUM,SURKAT,0.9972875118255615
BADHUM01,BADJAU,1.0
BADHUM01,BADJIC,1.0
BADHUM01,BADZAK,0.9835813641548157
BADHUM01,BEBFIY,0.9930317997932434
BADHUM01,BESKUI,0.9972875118255615
BADHUM01,BOJYIK,0.9858130216598511
BADHUM01,BOJYIK01,0.9858130216598511
BADHUM01,BUKLOJ,0.9885473847389221
BADHUM01,BUKLOJ01,0.9885473847389221
BADHUM01,BUPVIT,0.9736005067825317
BADHUM01,BUVHEH,0.9736005067825317
BADHUM01,CAVMUJ,1.0
BADHUM01,CAVMUJ01,1.0
BADHUM01,CAVMUJ02,1.0
BADHUM01,CAXTAY,0.9797062277793884
BADHUM01,CEJXOG,0.983954906463623
BADHUM01,CELDAA,0.9736005067825317
BADHUM01,COMDOY,0.9854570031166077
BADHUM01,CUZBUW,0.9885473847389221
BADHUM01,DIQGUH,0.9810920357704163
BADHUM01,RUBTAK02,0.9972875118255615
BADHUM01,SABVUN01,0.9797062277793884
BADHUM01,SURKAT,0.9972875118255615
BADJAU,BADJIC,1.0
BADJAU,BADZAK,0.9835813641548157
BADJAU,BEBFIY,0.9930317997932434
BADJAU,BESKUI,0.9972875118255615
BADJAU,BOJYIK,0.9858130216598511
BADJAU,BOJYIK01,0.9858130216598511
BADJAU,BUKLOJ,0.9885473847389221
BADJAU,BUKLOJ01,0.9885473847389221
BADJAU,BUPVIT,0.9736005067825317
BADJAU,BUVHEH,0.9736005067825317
BADJAU,CAVMUJ,1.0
BADJAU,CAVMUJ01,1.0
BADJAU,CAVMUJ02,1.0
BADJAU,CAXTAY,0.9797062277793884
BADJAU,CEJXOG,0.983954906463623
BADJAU,CELDAA,0.9736005067825317
BADJAU,COMDOY,0.9854570031166077
BADJAU,CUZBUW,0.9885473847389221
BADJAU,DIQGUH,0.9810920357704163
BADJAU,RUBTAK02,0.9972875118255615
BADJAU,SABVUN01,0.9797062277793884
BADJAU,SURKAT,0.9972875118255615
BADJIC,BADZAK,0.9835813641548157
BADJIC,BEBFIY,0.9930317997932434
BADJIC,BESKUI,0.9972875118255615
BADJIC,BOJYIK,0.9858130216598511
BADJIC,BOJYIK01,0.9858130216598511
BADJIC,BUKLOJ,0.9885473847389221
BADJIC,BUKLOJ01,0.9885473847389221
BADJIC,BUPVIT,0.9736005067825317
BADJIC,BUVHEH,0.9736005067825317
BADJIC,CAVMUJ,1.0
BADJIC,CAVMUJ01,1.0
BADJIC,CAVMUJ02,1.0
BADJIC,CAXTAY,0.9797062277793884
BADJIC,CEJXOG,0.983954906463623
BADJIC,CELDAA,0.9736005067825317
BADJIC,COMDOY,0.9854570031166077
BADJIC,CUZBUW,0.9885473847389221
BADJIC,DIQGUH,0.9810920357704163
BADJIC,RUBTAK02,0.9972875118255615
BADJIC,SABVUN01,0.9797062277793884
BADJIC,SURKAT,0.9972875118255615
BADZAK,BEBFIY,0.9592462778091431
BADZAK,BESKUI,0.9838886857032776
BADZAK,BOJYIK,0.9657220840454102
BADZAK,BOJYIK01,0.9657220840454102
BADZAK,BUKLOJ,0.9977757334709167
BADZAK,BUKLOJ01,0.9977757334709167
BADZAK,BUPVIT,0.9519691467285156
BADZAK,BUVHEH,0.9519691467285156
BADZAK,CAVMUJ,0.9835813641548157
BADZAK,CAVMUJ01,0.9835813641548157
BADZAK,CAVMUJ02,0.9835813641548157
BADZAK,CAXTAY,0.9927337765693665
BADZAK,CEJXOG,0.9667468070983887
BADZAK,CELDAA,0.9519691467285156
BADZAK,COMDOY,0.9911001920700073
BADZAK,CUZBUW,0.9977757334709167
BADZAK,DIQGUH,0.9386109709739685
BADZAK,RUBTAK02,0.9838886857032776
BADZAK,SABVUN01,0.9927337765693665
BADZAK,SURKAT,0.9838886857032776
BAFHIC,BAFHOI,1.0
BAFHIC,DIRTEG,0.9987406134605408
BAFHOI,DIRTEG,0.9987406134605408
BAFORM,BIFORM,0.9641532897949219
BAFORM,BIYLAW01,0.9701893329620361
BAFORM,CAFORM,0.9958264827728271
BAFORM,CAFORM13,0.9958264827728271
BAFORM,CAHMON,0.9623563885688782
BAFORM,CAHMON01,0.9623563885688782
BAFORM,CAHMON02,0.9623563885688782
BAFORM,CAHMON03,0.9623563885688782
BAFORM,CAJHUS,0.9544923305511475
BAFORM,CAJHUS01,0.9544923305511475
BAFORM,CAJHUS02,0.9544923305511475
BAFORM,CAJHUS03,0.9544923305511475
BAFORM,CAJHUS04,0.9544923305511475
BAFORM,COFORM,0.9499646425247192
BAFORM,COFORM01,0.9499646425247192
BAFORM,COFORM11,0.9499646425247192
BAFORM,CUFORD,0.9463676810264587
BAFORM,CUFORD01,0.9463676810264587
BAFORM,CUFORM,0.9463676810264587
BAFORM,CUFORM02,0.9463676810264587
BAFORM,CUFORM03,0.9463676810264587
BAFORM,CUFORM04,0.9463676810264587
BAFORM,CUFORM06,0.9463676810264587
BAFORM,DADTOS,0.9618924260139465
BAFORM,DADTOS01,0.9618924260139465
BAFORM,DADTOS02,0.9618924260139465
BAFORM,DADTOS03,0.9618924260139465
BAFORM,DADTOS04,0.9618924260139465
BAFORM,DADTOS05,0.9618924260139465
BAFORM,DADTOS06,0.9618924260139465
BAFORM,DADTOS07,0.9618924260139465
BAFORM,DADTOS08,0.9618924260139465
BAFORM,DADTOS09,0.9618924260139465
BAFORM,DADTOS10,0.9618924260139465
BAFORM,DADTOS11,0.9618924260139465
BAFORM,DADTOS12,0.9618924260139465
BAFORM,DADTOS13,0.9618924260139465
BAFORM,DADTOS14,0.9618924260139465
BAFORM,DADTOS15,0.9618924260139465
BAFORM,DADTOS16,0.9618924260139465
BAFORM,DADTOS17,0.9618924260139465
BAFORM,DADTOS18,0.9618924260139465
BAFORM,DADTUY,0.9499646425247192
BAFORM,DADTUY01,0.9499646425247192
BAFORM,DADTUY05,0.9499646425247192
BAFORM,DADTUY06,0.9499646425247192
BAFORM,DADTUY07,0.9499646425247192
BAFORM,DADTUY08,0.9499646425247192
BAFORM,DADTUY09,0.9499646425247192
BAFORM,DADTUY10,0.9499646425247192
BAFORM,DADTUY11,0.9499646425247192
BAFORM,DADTUY12,0.9499646425247192
BAFORM,DADVAG,0.9474261999130249
BAFORM,DADVAG01,0.9474261999130249
BAFORM,DADVAG02,0.9474261999130249
BAFORM,DADVAG03,0.9474261999130249
BAFORM,DADVAG04,0.9474261999130249
BAFORM,DADVAG05,0.9474261999130249
BAFORM,DADVAG06,0.9474261999130249
BAFORM,DADVAG07,0.9474261999130249
BAFORM,DADVAG08,0.9474261999130249
BAFORM,DAXNIA,0.9455037117004395
BAFORM,DAXNIA01,0.9455037117004395
BAFORM,DAXNIA02,0.9455037117004395
BAFORM,DAXNIA03,0.9455037117004395
BAFORM,DAXNIA04,0.9455037117004395
BAFORM,DEFNEK,0.9544923305511475
BAFORM,DEFNIO,0.9499646425247192
BAFORM,DEFNOU,0.9474261999130249
BAFORM,DEPJIR,0.9455037117004395
BAFORM,DEPJIR01,0.9455037117004395
BAFORM,DIDVIW,0.9618924260139465
BAFQOQ,BAFQUW,0.9975399971008301
BAFQOQ,BAFRAD,0.9983987212181091
BAFQOQ,BAFREH,0.997765302658081
BAFQOQ,BARKUD,0.9684215784072876
BAFQOQ,BOVQUZ,0.9674572348594666
BAFQUW,BAFRAD,0.9994630217552185
BAFQUW,BAFREH,0.9989266395568848
BAFQUW,BARKUD,0.9661542773246765
BAFQUW,BOVQUZ,0.9637575149536133
BAFRAD,BAFREH,0.9996404051780701
BAFRAD,BARKUD,0.9649368524551392
BAFRAD,BOVQUZ,0.9649213552474976
BAFREH,BARKUD,0.9663447737693787
BAFREH,BOVQUZ,0.9665710926055908
BAHGUN,BAHGUN01,1.0
BAHGUN,BAHGUN02,1.0
BAHGUN,BAHGUN03,1.0
BAHGUN,BAHGUN04,1.0
BAHGUN,BIPXIK,0.9996275901794434
BAHGUN,BOWDIC,0.9996275901794434
BAHGUN,BOWDOI,0.9996275901794434
BAHGUN,BOWDUO,0.9996275901794434
BAHGUN,BUVNIR,0.9965804815292358
BAHGUN,BUXCAZ,0.9671105742454529
BAHGUN,CESNUM,0.9922806620597839
BAHGUN,CESYEF,0.9969467520713806
BAHGUN,CESYEF01,0.9969467520713806
BAHGUN,CEYPUT,0.9996275901794434
BAHGUN,CEYPUT01,0.9996275901794434
BAHGUN,CIJBEE,0.9996275901794434
BAHGUN,DARYIF,0.9965804815292358
BAHGUN,DIWFAT,0.9950717687606812
BAHGUN01,BAHGUN02,1.0
BAHGUN01,BAHGUN03,1.0
BAHGUN01,BAHGUN04,1.0
BAHGUN01,BIPXIK,0.9996275901794434
BAHGUN01,BOWDIC,0.9996275901794434
BAHGUN01,BOWDOI,0.9996275901794434
BAHGUN01,BOWDUO,0.9996275901794434
BAHGUN01,BUVNIR,0.9965804815292358
BAHGUN01,BUXCAZ,0.9671105742454529
BAHGUN01,CESNUM,0.9922806620597839
BAHGUN01,CESYEF,0.9969467520713806
BAHGUN01,CESYEF01,0.9969467520713806
BAHGUN01,CEYPUT,0.9996275901794434
BAHGUN01,CEYPUT01,0.9996275901794434
BAHGUN01,CIJBEE,0.9996275901794434
BAHGUN01,DARYIF,0.9965804815292358
BAHGUN01,DIWFAT,0.9950717687606812
BAHGUN02,BAHGUN03,1.0
BAHGUN02,BAHGUN04,1.0
BAHGUN02,BIPXIK,0.9996275901794434
BAHGUN02,BOWDIC,0.9996275901794434
BAHGUN02,BOWDOI,0.9996275901794434
BAHGUN02,BOWDUO,0.9996275901794434
BAHGUN02,BUVNIR,0.9965804815292358
BAHGUN02,BUXCAZ,0.9671105742454529
BAHGUN02,CESNUM,0.9922806620597839
BAHGUN02,CESYEF,0.9969467520713806
BAHGUN02,CESYEF01,0.9969467520713806
BAHGUN02,CEYPUT,0.9996275901794434
BAHGUN02,CEYPUT01,0.9996275901794434
BAHGUN02,CIJBEE,0.9996275901794434
BAHGUN02,DARYIF,0.9965804815292358
BAHGUN02,DIWFAT,0.9950717687606812
BAHGUN03,BAHGUN04,1.0
BAHGUN03,BIPXIK,0.9996275901794434
BAHGUN03,BOWDIC,0.9996275901794434
BAHGUN03,BOWDOI,0.9996275901794434
BAHGUN03,BOWDUO,0.9996275901794434
BAHGUN03,BUVNIR,0.9965804815292358
BAHGUN03,BUXCAZ,0.9671105742454529
BAHGUN03,CESNUM,0.9922806620597839
BAHGUN03,CESYEF,0.9969467520713806
BAHGUN03,CESYEF01,0.9969467520713806
BAHGUN03,CEYPUT,0.9996275901794434
BAHGUN03,CEYPUT01,0.9996275901794434
BAHGUN03,CIJBEE,0.9996275901794434
BAHGUN03,DARYIF,0.9965804815292358
BAHGUN03,DIWFAT,0.9950717687606812
BAHGUN04,BIPXIK,0.9996275901794434
BAHGUN04,BOWDIC,0.9996275901794434
BAHGUN04,BOWDOI,0.9996275901794434
BAHGUN04,BOWDUO,0.9996275901794434
BAHGUN04,BUVNIR,0.9965804815292358
BAHGUN04,BUXCAZ,0.9671105742454529
BAHGUN04,CESNUM,0.9922806620597839
BAHGUN04,CESYEF,0.9969467520713806
BAHGUN04,CESYEF01,0.9969467520713806
BAHGUN04,CEYPUT,0.9996275901794434
BAHGUN04,CEYPUT01,0.9996275901794434
BAHGUN04,CIJBEE,0.9996275901794434
BAHGUN04,DARYIF,0.9965804815292358
BAHGUN04,DIWFAT,0.9950717687606812
BAHOXH13,BALMUW,1.0
BAHOXH13,BALMUW01,1.0
BAHOXH13,BAOXAL,1.0
BAHOXH13,BAOXAL02,1.0
BAHOXH13,BAOXAL03,1.0
BAHOXH13,BEPPIY,0.9956910610198975
BAHOXH13,BIFNOW,0.9875456094741821
BAHOXH13,BOMCUB,0.9785740375518799
BAHOXH13,CAHMAZ,0.9641532897949219
BAHOXH13,CALOXM13,0.9958264827728271
BAHOXH13,CALOXM14,0.9958264827728271
BAHOXH13,CALOXM15,0.9958264827728271
BAHOXH13,CALOXM16,0.9958264827728271
BAHOXH13,CAVMIW,0.9544923305511475
BAHOXH13,CAVYUW,0.9939661026000977
BAHOXH13,CAYSOL,0.9544923305511475
BAHOXH13,CECKIH,0.9455037117004395
BAHOXH13,CECKON,0.9499646425247192
BAHOXH13,COMFEQ,0.994638979434967
BAHOXH13,COMFIU,0.9942622780799866
BAHOXH13,COXHED,0.9499646425247192
BAHOXH13,COXHIH,0.9474261999130249
BAHOXH13,COXHON,0.9544923305511475
BAHOXH13,DAHNOQ,0.9934701919555664
BAHOXH13,DAHNUW,0.9934701919555664
BAHOXH13,DAHPAE,0.9923021197319031
BAHOXH13,DALSAN,0.9544923305511475
BAHOXH13,DALSER,0.9544923305511475
BAHOXH13,DAPGUW01,0.9474261999130249
BAHOXH13,DAPHAD01,0.9455037117004395
BAHOXH13,DECDUN,0.9785740375518799
BAHOXH13,DIVMUR,0.9935292601585388
BAHOXH13,DIVNAY,0.9929306507110596
BAKGEB,BAQXAU,0.9356977343559265
BAKJEE,BAKJII,0.9999999403953552
BAKJEE,BAKJOO,0.9999999403953552
BAKJEE,CANYIB,0.9999999403953552
BAKJEE,CIKCOQ,0.9939473867416382
BAKJII,BAKJOO,0.9999999403953552
BAKJII,CANYIB,0.9999999403953552
BAKJII,CIKCOQ,0.9939473867416382
BAKJOO,CANYIB,0.9999999403953552
BAKJOO,CIKCOQ,0.9939473867416382
BAKWIV,BIRGAM,0.9778481721878052
BAKWIV,CATART03,0.9864584803581238
BAKWIV,CATART04,0.9864584803581238
BAKWIV,CEKYIC,0.9778481721878052
BAKWIV,COZGED,0.9808959364891052
BAKWIV,COZGED01,0.9808959364891052
BAKWIV,CUGQUR,0.9934701919555664
BAKWIV,CUGREC,0.9864584803581238
BAKWIV,CUGROM,0.9864584803581238
BAKWIV,CUGSIH,0.9899165034294128
BAKWIV,CUGSON,0.9899165034294128
BAKWIV,CUGSUT,0.9899165034294128
BAKWIV,DEHBIC,0.9964936971664429
BALFAV01,BALFAV02,1.0
BALFAV01,BALFAV03,1.0
BALFAV01,BALFAV04,1.0
BALFAV01,BEGFID,0.997696578502655
BALFAV01,BIFSUF,0.9898903369903564
BALFAV01,BOSHUN,0.9922807216644287
BALFAV01,BUSMUZ,0.9894323945045471
BALFAV01,CUPHUS,0.9917930960655212
BALFAV01,DAPZAW,0.9976154565811157
BALFAV01,DEHHEG,0.9898903369903564
BALFAV01,DEHHIK,0.9933488965034485
BALFAV01,DEHHOQ,0.9960362911224365
BALFAV01,DELTAQ,0.9898903369903564
BALFAV01,DELTAQ01,0.9898903369903564
BALFAV01,DELTAQ02,0.9898903369903564
BALFAV01,DELTAQ03,0.9898903369903564
BALFAV02,BALFAV03,1.0
BALFAV02,BALFAV04,1.0
BALFAV02,BEGFID,0.997696578502655
BALFAV02,BIFSUF,0.9898903369903564
BALFAV02,BOSHUN,0.9922807216644287
BALFAV02,BUSMUZ,0.9894323945045471
BALFAV02,CUPHUS,0.9917930960655212
BALFAV02,DAPZAW,0.9976154565811157
BALFAV02,DEHHEG,0.9898903369903564
BALFAV02,DEHHIK,0.9933488965034485
BALFAV02,DEHHOQ,0.9960362911224365
BALFAV02,DELTAQ,0.9898903369903564
BALFAV02,DELTAQ01,0.9898903369903564
BALFAV02,DELTAQ02,0.9898903369903564
BALFAV02,DELTAQ03,0.9898903369903564
BALFAV03,BALFAV04,1.0
BALFAV03,BEGFID,0.997696578502655
BALFAV03,BIFSUF,0.9898903369903564
BALFAV03,BOSHUN,0.9922807216644287
BALFAV03,BUSMUZ,0.9894323945045471
BALFAV03,CUPHUS,0.9917930960655212
BALFAV03,DAPZAW,0.9976154565811157
BALFAV03,DEHHEG,0.9898903369903564
BALFAV03,DEHHIK,0.9933488965034485
BALFAV03,DEHHOQ,0.9960362911224365
BALFAV03,DELTAQ,0.9898903369903564
BALFAV03,DELTAQ01,0.9898903369903564
BALFAV03,DELTAQ02,0.9898903369903564
BALFAV03,DELTAQ03,0.9898903369903564
BALFAV04,BEGFID,0.997696578502655
BALFAV04,BIFSUF,0.9898903369903564
BALFAV04,BOSHUN,0.9922807216644287
BALFAV04,BUSMUZ,0.9894323945045471
BALFAV04,CUPHUS,0.9917930960655212
BALFAV04,DAPZAW,0.9976154565811157
BALFAV04,DEHHEG,0.9898903369903564
BALFAV04,DEHHIK,0.9933488965034485
BALFAV04,DEHHOQ,0.9960362911224365
BALFAV04,DELTAQ,0.9898903369903564
BALFAV04,DELTAQ01,0.9898903369903564
BALFAV04,DELTAQ02,0.9898903369903564
BALFAV04,DELTAQ03,0.9898903369903564
BALLOP,BASHAF,0.9950717687606812
BALLOP,BASHEJ,0.9996275901794434
BALLOP,BASHIN,0.9950717687606812
BALLOP,BASHOT,0.9985496997833252
BALLOP,BENZOL,0.937418520450592
BALLOP,BENZUR,0.9463676810264587
BALLOP,BEPBAB,0.9424089789390564
BALLOP,BEPFIN,0.9389952421188354
BALLOP,BEXQIF,0.9985496997833252
BALLOP,BEXQOL,0.9996275901794434
BALLOP,BEXQUR,0.9999494552612305
BALLOP,BEXRAY,0.9950717687606812
BALLOP,BEXREC,0.9996275901794434
BALLOP,BEXRIG,0.9999494552612305
BALLOP,BITCUE,0.9969467520713806
BALLOP,BOLGUF,0.9746922850608826
BALLOP,BOLHAM,0.9649368524551392
BALLOP,BOLHEQ,0.968285083770752
BALLOP,BOLHOA,0.9663447737693787
BALLOP,CDCACD,0.9922806620597839
BALLOP,CDCACD01,0.9922806620597839
BALLOP,CEVKET,1.0
BALLOP,CEVPID,1.0
BALLOP,CEVPID01,1.0
BALLOP,COGLOA,1.0
BALLOP,CUSYIA,1.0
BALLOP,CUSYOG,1.0
BALLOP,CUSYUM,1.0
BALLOP,CUSZAT,1.0
BALLOP,CUSZEX,1.0
BALLOP,CUSZIB,1.0
BALLOP,CUTCYM01,1.0
BALLOP,CUTCYM02,1.0
BALLOP,CUTMAH,1.0
BALLOP,CUXLEO,1.0
BALLOP,CUYDIL,1.0
BALLOP,DABMEB,0.9922806620597839
BALLOP,DABMUR,1.0
BALLOP,DACHAR,0.9969467520713806
BALLOP,DALCEZ,1.0
BALLOP,DALVAQ,0.9922806620597839
BALLOP,DALVEU,0.9666798710823059
BALLOP,DALVIY,0.9663447737693787
BALLOP,DANZEX,0.9950717687606812
BALLOP,DEHRIR,0.9969467520713806
BALLOP,DIBWUH,0.9999494552612305
BALLOP,DIBXAO,0.9996275901794434
BALMUW,BALMUW01,1.0
BALMUW,BAOXAL,1.0
BALMUW,BAOXAL02,1.0
BALMUW,BAOXAL03,1.0
BALMUW,BEPPIY,0.9956910610198975
BALMUW,BIFNOW,0.9875456094741821
BALMUW,BOMCUB,0.9785740375518799
BALMUW,CAHMAZ,0.9641532897949219
BALMUW,CALOXM13,0.9958264827728271
BALMUW,CALOXM14,0.9958264827728271
BALMUW,CALOXM15,0.9958264827728271
BALMUW,CALOXM16,0.9958264827728271
BALMUW,CAVMIW,0.9544923305511475
BALMUW,CAVYUW,0.9939661026000977
BALMUW,CAYSOL,0.9544923305511475
BALMUW,CECKIH,0.9455037117004395
BALMUW,CECKON,0.9499646425247192
BALMUW,COMFEQ,0.994638979434967
BALMUW,COMFIU,0.9942622780799866
BALMUW,COXHED,0.9499646425247192
BALMUW,COXHIH,0.9474261999130249
BALMUW,COXHON,0.9544923305511475
BALMUW,DAHNOQ,0.9934701919555664
BALMUW,DAHNUW,0.9934701919555664
BALMUW,DAHPAE,0.9923021197319031
BALMUW,DALSAN,0.9544923305511475
BALMUW,DALSER,0.9544923305511475
BALMUW,DAPGUW01,0.9474261999130249
BALMUW,DAPHAD01,0.9455037117004395
BALMUW,DECDUN,0.9785740375518799
BALMUW,DIVMUR,0.9935292601585388
BALMUW,DIVNAY,0.9929306507110596
BALMUW01,BAOXAL,1.0
BALMUW01,BAOXAL02,1.0
BALMUW01,BAOXAL03,1.0
BALMUW01,BEPPIY,0.9956910610198975
BALMUW01,BIFNOW,0.9875456094741821
BALMUW01,BOMCUB,0.9785740375518799
BALMUW01,CAHMAZ,0.9641532897949219
BALMUW01,CALOXM13,0.9958264827728271
BALMUW01,CALOXM14,0.9958264827728271
BALMUW01,CALOXM15,0.9958264827728271
BALMUW01,CALOXM16,0.9958264827728271
BALMUW01,CAVMIW,0.9544923305511475
BALMUW01,CAVYUW,0.9939661026000977
BALMUW01,CAYSOL,0.9544923305511475
BALMUW01,CECKIH,0.9455037117004395
BALMUW01,CECKON,0.9499646425247192
BALMUW01,COMFEQ,0.994638979434967
BALMUW01,COMFIU,0.9942622780799866
BALMUW01,COXHED,0.9499646425247192
BALMUW01,COXHIH,0.9474261999130249
BALMUW01,COXHON,0.9544923305511475
BALMUW01,DAHNOQ,0.9934701919555664
BALMUW01,DAHNUW,0.9934701919555664
BALMUW01,DAHPAE,0.9923021197319031
BALMUW01,DALSAN,0.9544923305511475
BALMUW01,DALSER,0.9544923305511475
BALMUW01,DAPGUW01,0.9474261999130249
BALMUW01,DAPHAD01,0.9455037117004395
BALMUW01,DECDUN,0.9785740375518799
BALMUW01,DIVMUR,0.9935292601585388
BALMUW01,DIVNAY,0.9929306507110596
BALZEW,BIYHEX,0.9694830775260925
BALZEW,BIYHOH,0.9905507564544678
BALZEW,CUCITD,0.9357975125312805
BALZEW,CUCITD01,0.9357975125312805
BALZEW,CUCITD02,0.9357975125312805
BALZEW,CUCITD03,0.9357975125312805
BALZEW,DINNEV,0.9397103190422058
BAMMOU,BAMMUA,1.0
BAMNAH,BAMNEL,1.0
BAMWES,DEJCEB,0.9974996447563171
BAMWES,DEJCIF,0.9950717687606812
BAMWES,DEPXAY,0.9974996447563171
BAMWES,DESHOZ,0.9970499873161316
BANLUA,DEFXEU,0.940880298614502
BAOXAL,BAOXAL02,1.0
BAOXAL,BAOXAL03,1.0
BAOXAL,BEPPIY,0.9956910610198975
BAOXAL,BIFNOW,0.9875456094741821
BAOXAL,BOMCUB,0.9785740375518799
BAOXAL,CAHMAZ,0.9641532897949219
BAOXAL,CALOXM13,0.9958264827728271
BAOXAL,CALOXM14,0.9958264827728271
BAOXAL,CALOXM15,0.9958264827728271
BAOXAL,CALOXM16,0.9958264827728271
BAOXAL,CAVMIW,0.9544923305511475
BAOXAL,CAVYUW,0.9939661026000977
BAOXAL,CAYSOL,0.9544923305511475
BAOXAL,CECKIH,0.9455037117004395
BAOXAL,CECKON,0.9499646425247192
BAOXAL,COMFEQ,0.994638979434967
BAOXAL,COMFIU,0.9942622780799866
BAOXAL,COXHED,0.9499646425247192
BAOXAL,COXHIH,0.9474261999130249
BAOXAL,COXHON,0.9544923305511475
BAOXAL,DAHNOQ,0.9934701919555664
BAOXAL,DAHNUW,0.9934701919555664
BAOXAL,DAHPAE,0.9923021197319031
BAOXAL,DALSAN,0.9544923305511475
BAOXAL,DALSER,0.9544923305511475
BAOXAL,DAPGUW01,0.9474261999130249
BAOXAL,DAPHAD01,0.9455037117004395
BAOXAL,DECDUN,0.9785740375518799
BAOXAL,DIVMUR,0.9935292601585388
BAOXAL,DIVNAY,0.9929306507110596
BAOXAL02,BAOXAL03,1.0
BAOXAL02,BEPPIY,0.9956910610198975
BAOXAL02,BIFNOW,0.9875456094741821
BAOXAL02,BOMCUB,0.9785740375518799
BAOXAL02,CAHMAZ,0.9641532897949219
BAOXAL02,CALOXM13,0.9958264827728271
BAOXAL02,CALOXM14,0.9958264827728271
BAOXAL02,CALOXM15,0.9958264827728271
BAOXAL02,CALOXM16,0.9958264827728271
BAOXAL02,CAVMIW,0.9544923305511475
BAOXAL02,CAVYUW,0.9939661026000977
BAOXAL02,CAYSOL,0.9544923305511475
BAOXAL02,CECKIH,0.9455037117004395
BAOXAL02,CECKON,0.9499646425247192
BAOXAL02,COMFEQ,0.994638979434967
BAOXAL02,COMFIU,0.9942622780799866
BAOXAL02,COXHED,0.9499646425247192
BAOXAL02,COXHIH,0.9474261999130249
BAOXAL02,COXHON,0.9544923305511475
BAOXAL02,DAHNOQ,0.9934701919555664
BAOXAL02,DAHNUW,0.9934701919555664
BAOXAL02,DAHPAE,0.9923021197319031
BAOXAL02,DALSAN,0.9544923305511475
BAOXAL02,DALSER,0.9544923305511475
BAOXAL02,DAPGUW01,0.9474261999130249
BAOXAL02,DAPHAD01,0.9455037117004395
BAOXAL02,DECDUN,0.9785740375518799
BAOXAL02,DIVMUR,0.9935292601585388
BAOXAL02,DIVNAY,0.9929306507110596
BAOXAL03,BEPPIY,0.9956910610198975
BAOXAL03,BIFNOW,0.9875456094741821
BAOXAL03,BOMCUB,0.9785740375518799
BAOXAL03,CAHMAZ,0.9641532897949219
BAOXAL03,CALOXM13,0.9958264827728271
BAOXAL03,CALOXM14,0.9958264827728271
BAOXAL03,CALOXM15,0.9958264827728271
BAOXAL03,CALOXM16,0.9958264827728271
BAOXAL03,CAVMIW,0.9544923305511475
BAOXAL03,CAVYUW,0.9939661026000977
BAOXAL03,CAYSOL,0.9544923305511475
BAOXAL03,CECKIH,0.9455037117004395
BAOXAL03,CECKON,0.9499646425247192
BAOXAL03,COMFEQ,0.994638979434967
BAOXAL03,COMFIU,0.9942622780799866
BAOXAL03,COXHED,0.9499646425247192
BAOXAL03,COXHIH,0.9474261999130249
BAOXAL03,COXHON,0.9544923305511475
BAOXAL03,DAHNOQ,0.9934701919555664
BAOXAL03,DAHNUW,0.9934701919555664
BAOXAL03,DAHPAE,0.9923021197319031
BAOXAL03,DALSAN,0.9544923305511475
BAOXAL03,DALSER,0.9544923305511475
BAOXAL03,DAPGUW01,0.9474261999130249
BAOXAL03,DAPHAD01,0.9455037117004395
BAOXAL03,DECDUN,0.9785740375518799
BAOXAL03,DIVMUR,0.9935292601585388
BAOXAL03,DIVNAY,0.9929306507110596
BAPDAA,CADQAB,0.9780139327049255
BAPDAA,CADQOP,0.9614519476890564
BAPDAA,CAQHEK,0.9808584451675415
BAPDAA,CAQHOU,0.9808584451675415
BAPDAA,CAQVOI,0.9808584451675415
BAPDAA,CAXVOO,0.9955214262008667
BAPDAA,CAXWAB,0.9955214262008667
BAPDAA,COKMEW,0.9955214262008667
BAPDAA,COKMIA,0.9939473867416382
BAPDAA,COKMOG,0.9922806620597839
BAPDAA,COKMUM,0.9970499873161316
BAPDAA,COKNAT,0.9962353706359863
BAPDAA,COKNIB,0.9922806620597839
BAPDAA,COKNIB01,0.9922806620597839
BAPDAA,COKNIB02,0.9922806620597839
BAPDAA,COKNOH,0.9955214262008667
BAPDAA,COKNOH01,0.9955214262008667
BAPDAA,COKNUN,0.9970499873161316
BAPDAA,COKNUN01,0.9970499873161316
BAPDAA,COKNUN02,0.9970499873161316
BAPDAA,COKPEZ,0.9876330494880676
BAPDAA,COKPID,0.9955214262008667
BAPDAA,COKPOJ,0.9939473867416382
BAPDAA,COKPUP,0.9962353706359863
BAPDAA,COKQAW,0.9922806620597839
BAPDAA,COKQEA,0.9939473867416382
BAPDAA,COKQIE,0.9955214262008667
BAPDAA,COKQOK,0.9962353706359863
BAPDAA,CUVTUJ,0.9939473867416382
BAQMOW,BAQMUC,0.9974996447563171
BAQMOW,BAQXOG,1.0
BAQMOW,BAQXOG01,1.0
BAQMOW,BAQXOG02,1.0
BAQMOW,BAQXOG03,1.0
BAQMOW,BITLUL,0.9743626117706299
BAQMOW,COZSIU,0.9929918050765991
BAQMOW,DECVIT,0.9743626117706299
BAQMUC,BAQXOG,0.9974996447563171
BAQMUC,BAQXOG01,0.9974996447563171
BAQMUC,BAQXOG02,0.9974996447563171
BAQMUC,BAQXOG03,0.9974996447563171
BAQMUC,BITLUL,0.9678561091423035
BAQMUC,COZSIU,0.9835813641548157
BAQMUC,DECVIT,0.9678561091423035
BAQXOG,BAQXOG01,1.0
BAQXOG,BAQXOG02,1.0
BAQXOG,BAQXOG03,1.0
BAQXOG,BITLUL,0.9743626117706299
BAQXOG,COZSIU,0.9929918050765991
BAQXOG,DECVIT,0.9743626117706299
BAQXOG01,BAQXOG02,1.0
BAQXOG01,BAQXOG03,1.0
BAQXOG01,BITLUL,0.9743626117706299
BAQXOG01,COZSIU,0.9929918050765991
BAQXOG01,DECVIT,0.9743626117706299
BAQXOG02,BAQXOG03,1.0
BAQXOG02,BITLUL,0.9743626117706299
BAQXOG02,COZSIU,0.9929918050765991
BAQXOG02,DECVIT,0.9743626117706299
BAQXOG03,BITLUL,0.9743626117706299
BAQXOG03,COZSIU,0.9929918050765991
BAQXOG03,DECVIT,0.9743626117706299
BARHUY,BARJAG,0.9891725182533264
BARHUY,BARKEL,0.9929474592208862
BARHUY,BARKIP,0.9843295812606812
BARJAG,BARKEL,0.9978553056716919
BARJAG,BARKIP,0.9993817806243896
BARJUA,BARKOV,0.9952431321144104
BARKEL,BARKIP,0.9952431321144104
BARKUD,BOVQUZ,0.9965804815292358
BARLEO,BARMAL,1.0
BARZEA,CELZUQ,0.9978308081626892
BARZEA,CIFJAE,0.9950717687606812
BARZEA,COKJIX,0.9663447737693787
BARZEA,COKJOD,0.9649368524551392
BARZEA,COXFOL,0.9996275901794434
BARZEA,COXKUW,0.9677958488464355
BARZEA,COXLAD,0.965344250202179
BARZEA,DAFHEZ,0.9996275901794434
BARZEA,DAFHID,0.9999494552612305
BARZEA,DAFHOJ,0.9950717687606812
BARZEA,DIBZEU,0.9666798710823059
BARZEA,DITKAT,0.9784445762634277
BARZEA,DITKAT01,0.9784445762634277
BASHAF,BASHEJ,0.9972895383834839
BASHAF,BASHIN,1.0
BASHAF,BASHOT,0.9989085793495178
BASHAF,BENZOL,0.9534018635749817
BASHAF,BENZUR,0.9618924260139465
BASHAF,BEPBAB,0.9573289155960083
BASHAF,BEPFIN,0.9545435309410095
BASHAF,BEXQIF,0.9989085793495178
BASHAF,BEXQOL,0.9972895383834839
BASHAF,BEXQUR,0.9955241084098816
BASHAF,BEXRAY,1.0
BASHAF,BEXREC,0.9972895383834839
BASHAF,BEXRIG,0.9955241084098816
BASHAF,BITCUE,0.9959419965744019
BASHAF,BOLGUF,0.9855749607086182
BASHAF,BOLHAM,0.9778347015380859
BASHAF,BOLHEQ,0.9775111675262451
BASHAF,BOLHOA,0.9786702990531921
BASHAF,CDCACD,0.9970499873161316
BASHAF,CDCACD01,0.9970499873161316
BASHAF,CEVKET,0.9950717687606812
BASHAF,CEVPID,0.9950717687606812
BASHAF,CEVPID01,0.9950717687606812
BASHAF,COGLOA,0.9950717687606812
BASHAF,CUSYIA,0.9950717687606812
BASHAF,CUSYOG,0.9950717687606812
BASHAF,CUSYUM,0.9950717687606812
BASHAF,CUSZAT,0.9950717687606812
BASHAF,CUSZEX,0.9950717687606812
BASHAF,CUSZIB,0.9950717687606812
BASHAF,CUTCYM01,0.9950717687606812
BASHAF,CUTCYM02,0.9950717687606812
BASHAF,CUTMAH,0.9950717687606812
BASHAF,CUXLEO,0.9950717687606812
BASHAF,CUYDIL,0.9950717687606812
BASHAF,DABMEB,0.9970499873161316
BASHAF,DABMUR,0.9950717687606812
BASHAF,DACHAR,0.9959419965744019
BASHAF,DALCEZ,0.9950717687606812
BASHAF,DALVAQ,0.9970499873161316
BASHAF,DALVEU,0.9781520962715149
BASHAF,DALVIY,0.9786702990531921
BASHAF,DANZEX,1.0
BASHAF,DEHRIR,0.9959419965744019
BASHAF,DIBWUH,0.9955241084098816
BASHAF,DIBXAO,0.9972895383834839
BASHEJ,BASHIN,0.9972895383834839
BASHEJ,BASHOT,0.9996292591094971
BASHEJ,BENZOL,0.94106525182724
BASHEJ,BENZUR,0.9499646425247192
BASHEJ,BEPBAB,0.9463374614715576
BASHEJ,BEPFIN,0.9429752826690674
BASHEJ,BEXQIF,0.9996292591094971
BASHEJ,BEXQOL,0.9999999403953552
BASHEJ,BEXQUR,0.9997506737709045
BASHEJ,BEXRAY,0.9972895383834839
BASHEJ,BEXREC,0.9999999403953552
BASHEJ,BEXRIG,0.9997506737709045
BASHEJ,BITCUE,0.9971376657485962
BASHEJ,BOLGUF,0.977738082408905
BASHEJ,BOLHAM,0.9680224657058716
BASHEJ,BOLHEQ,0.9702855944633484
BASHEJ,BOLHOA,0.9692261815071106
BASHEJ,CDCACD,0.9939473867416382
BASHEJ,CDCACD01,0.9939473867416382
BASHEJ,CEVKET,0.9996275901794434
BASHEJ,CEVPID,0.9996275901794434
BASHEJ,CEVPID01,0.9996275901794434
BASHEJ,COGLOA,0.9996275901794434
BASHEJ,CUSYIA,0.9996275901794434
BASHEJ,CUSYOG,0.9996275901794434
BASHEJ,CUSYUM,0.9996275901794434
BASHEJ,CUSZAT,0.9996275901794434
BASHEJ,CUSZEX,0.9996275901794434
BASHEJ,CUSZIB,0.9996275901794434
BASHEJ,CUTCYM01,0.9996275901794434
BASHEJ,CUTCYM02,0.9996275901794434
BASHEJ,CUTMAH,0.9996275901794434
BASHEJ,CUXLEO,0.9996275901794434
BASHEJ,CUYDIL,0.9996275901794434
BASHEJ,DABMEB,0.9939473867416382
BASHEJ,DABMUR,0.9996275901794434
BASHEJ,DACHAR,0.9971376657485962
BASHEJ,DALCEZ,0.9996275901794434
BASHEJ,DALVAQ,0.9939473867416382
BASHEJ,DALVEU,0.9692751169204712
BASHEJ,DALVIY,0.9692261815071106
BASHEJ,DANZEX,0.9972895383834839
BASHEJ,DEHRIR,0.9971376657485962
BASHEJ,DIBWUH,0.9997506737709045
BASHEJ,DIBXAO,0.9999999403953552
BASHIN,BASHOT,0.9989085793495178
BASHIN,BENZOL,0.9534018635749817
BASHIN,BENZUR,0.9618924260139465
BASHIN,BEPBAB,0.9573289155960083
BASHIN,BEPFIN,0.9545435309410095
BASHIN,BEXQIF,0.9989085793495178
BASHIN,BEXQOL,0.9972895383834839
BASHIN,BEXQUR,0.9955241084098816
BASHIN,BEXRAY,1.0
BASHIN,BEXREC,0.9972895383834839
BASHIN,BEXRIG,0.9955241084098816
BASHIN,BITCUE,0.9959419965744019
BASHIN,BOLGUF,0.9855749607086182
BASHIN,BOLHAM,0.9778347015380859
BASHIN,BOLHEQ,0.9775111675262451
BASHIN,BOLHOA,0.9786702990531921
BASHIN,CDCACD,0.9970499873161316
BASHIN,CDCACD01,0.9970499873161316
BASHIN,CEVKET,0.9950717687606812
BASHIN,CEVPID,0.9950717687606812
BASHIN,CEVPID01,0.9950717687606812
BASHIN,COGLOA,0.9950717687606812
BASHIN,CUSYIA,0.9950717687606812
BASHIN,CUSYOG,0.9950717687606812
BASHIN,CUSYUM,0.9950717687606812
BASHIN,CUSZAT,0.9950717687606812
BASHIN,CUSZEX,0.9950717687606812
BASHIN,CUSZIB,0.9950717687606812
BASHIN,CUTCYM01,0.9950717687606812
BASHIN,CUTCYM02,0.9950717687606812
BASHIN,CUTMAH,0.9950717687606812
BASHIN,CUXLEO,0.9950717687606812
BASHIN,CUYDIL,0.9950717687606812
BASHIN,DABMEB,0.9970499873161316
BASHIN,DABMUR,0.9950717687606812
BASHIN,DACHAR,0.9959419965744019
BASHIN,DALCEZ,0.9950717687606812
BASHIN,DALVAQ,0.9970499873161316
BASHIN,DALVEU,0.9781520962715149
BASHIN,DALVIY,0.9786702990531921
BASHIN,DANZEX,1.0
BASHIN,DEHRIR,0.9959419965744019
BASHIN,DIBWUH,0.9955241084098816
BASHIN,DIBXAO,0.9972895383834839
BASHOT,BENZOL,0.9456906318664551
BASHOT,BENZUR,0.9544923305511475
BASHOT,BEPBAB,0.9506864547729492
BASHOT,BEPFIN,0.9475057721138
BASHOT,BEXQIF,1.0
BASHOT,BEXQOL,0.9996292591094971
BASHOT,BEXQUR,0.9988105893135071
BASHOT,BEXRAY,0.9989085793495178
BASHOT,BEXREC,0.9996292591094971
BASHOT,BEXRIG,0.9988105893135071
BASHOT,BITCUE,0.9971465468406677
BASHOT,BOLGUF,0.9810159206390381
BASHOT,BOLHAM,0.9718403816223145
BASHOT,BOLHEQ,0.9731024503707886
BASHOT,BOLHOA,0.9728715419769287
BASHOT,CDCACD,0.9955214262008667
BASHOT,CDCACD01,0.9955214262008667
BASHOT,CEVKET,0.9985496997833252
BASHOT,CEVPID,0.9985496997833252
BASHOT,CEVPID01,0.9985496997833252
BASHOT,COGLOA,0.9985496997833252
BASHOT,CUSYIA,0.9985496997833252
BASHOT,CUSYOG,0.9985496997833252
BASHOT,CUSYUM,0.9985496997833252
BASHOT,CUSZAT,0.9985496997833252
BASHOT,CUSZEX,0.9985496997833252
BASHOT,CUSZIB,0.9985496997833252
BASHOT,CUTCYM01,0.9985496997833252
BASHOT,CUTCYM02,0.9985496997833252
BASHOT,CUTMAH,0.9985496997833252
BASHOT,CUXLEO,0.9985496997833252
BASHOT,CUYDIL,0.9985496997833252
BASHOT,DABMEB,0.9955214262008667
BASHOT,DABMUR,0.9985496997833252
BASHOT,DACHAR,0.9971465468406677
BASHOT,DALCEZ,0.9985496997833252
BASHOT,DALVAQ,0.9955214262008667
BASHOT,DALVEU,0.9726957678794861
BASHOT,DALVIY,0.9728715419769287
BASHOT,DANZEX,0.9989085793495178
BASHOT,DEHRIR,0.9971465468406677
BASHOT,DIBWUH,0.9988105893135071
BASHOT,DIBXAO,0.9996292591094971
BAWRUO,BIVXOT,0.9904053211212158
BAXFIR,BAXFIR01,1.0
BAXFIR,BAXFIR02,1.0
BAXFIR,BAXFUD,1.0
BAXFIR,BAXGAK,1.0
BAXFIR,DIXNUV,0.9985496997833252
BAXFIR,DIXNUV01,0.9985496997833252
BAXFIR01,BAXFIR02,1.0
BAXFIR01,BAXFUD,1.0
BAXFIR01,BAXGAK,1.0
BAXFIR01,DIXNUV,0.9985496997833252
BAXFIR01,DIXNUV01,0.9985496997833252
BAXFIR02,BAXFUD,1.0
BAXFIR02,BAXGAK,1.0
BAXFIR02,DIXNUV,0.9985496997833252
BAXFIR02,DIXNUV01,0.9985496997833252
BAXFUD,BAXGAK,1.0
BAXFUD,DIXNUV,0.9985496997833252
BAXFUD,DIXNUV01,0.9985496997833252
BAXGAK,DIXNUV,0.9985496997833252
BAXGAK,DIXNUV01,0.9985496997833252
BAXSIE,BOHXED,0.9821115732192993
BAXSIE,BOVLII,0.9619939923286438
BAXSIE,CAYQAV,0.9499404430389404
BAYJEQ,CEWNIB,0.981744110584259
BAYPUN,BAYQAU,0.9984074234962463
BAYPUN,BAYQAU01,0.9984074234962463
BAYPUN,BAYQAU11,0.9984074234962463
BAYPUN,CUIMDZ01,0.9869549870491028
BAYPUN,CUIMDZ03,0.9869549870491028
BAYQAU,BAYQAU01,1.0
BAYQAU,BAYQAU11,1.0
BAYQAU,CUIMDZ01,0.9922806620597839
BAYQAU,CUIMDZ03,0.9922806620597839
BAYQAU01,BAYQAU11,1.0
BAYQAU01,CUIMDZ01,0.9922806620597839
BAYQAU01,CUIMDZ03,0.9922806620597839
BAYQAU03,BAYQAU04,1.0
BAYQAU03,BAYQAU05,1.0
BAYQAU03,BAYQAU06,1.0
BAYQAU03,BAYQAU07,1.0
BAYQAU03,BAYQAU08,1.0
BAYQAU03,BAYQAU09,1.0
BAYQAU03,BAYQAU10,1.0
BAYQAU03,BETHUE,0.9922806620597839
BAYQAU03,DAYYIN,0.9939473867416382
BAYQAU04,BAYQAU05,1.0
BAYQAU04,BAYQAU06,1.0
BAYQAU04,BAYQAU07,1.0
BAYQAU04,BAYQAU08,1.0
BAYQAU04,BAYQAU09,1.0
BAYQAU04,BAYQAU10,1.0
BAYQAU04,BETHUE,0.9922806620597839
BAYQAU04,DAYYIN,0.9939473867416382
BAYQAU05,BAYQAU06,1.0
BAYQAU05,BAYQAU07,1.0
BAYQAU05,BAYQAU08,1.0
BAYQAU05,BAYQAU09,1.0
BAYQAU05,BAYQAU10,1.0
BAYQAU05,BETHUE,0.9922806620597839
BAYQAU05,DAYYIN,0.9939473867416382
BAYQAU06,BAYQAU07,1.0
BAYQAU06,BAYQAU08,1.0
BAYQAU06,BAYQAU09,1.0
BAYQAU06,BAYQAU10,1.0
BAYQAU06,BETHUE,0.9922806620597839
BAYQAU06,DAYYIN,0.9939473867416382
BAYQAU07,BAYQAU08,1.0
BAYQAU07,BAYQAU09,1.0
BAYQAU07,BAYQAU10,1.0
BAYQAU07,BETHUE,0.9922806620597839
BAYQAU07,DAYYIN,0.9939473867416382
BAYQAU08,BAYQAU09,1.0
BAYQAU08,BAYQAU10,1.0
BAYQAU08,BETHUE,0.9922806620597839
BAYQAU08,DAYYIN,0.9939473867416382
BAYQAU09,BAYQAU10,1.0
BAYQAU09,BETHUE,0.9922806620597839
BAYQAU09,DAYYIN,0.9939473867416382
BAYQAU10,BETHUE,0.9922806620597839
BAYQAU10,DAYYIN,0.9939473867416382
BAYQAU11,CUIMDZ01,0.9922806620597839
BAYQAU11,CUIMDZ03,0.9922806620597839
BAZBIQ,DEMNOB,0.9982883334159851
BAZBOW,DAPHOU,0.9982883334159851
BAZFUF,BAZFUF01,1.0
BAZFUF,BAZGAM,1.0
BAZFUF,BICPUA,0.966277003288269
BAZFUF,CATZIJ,0.9085496664047241
BAZFUF,CAVWII,0.9666798710823059
BAZFUF,CIFMAH,0.9996275901794434
BAZFUF,CIFSAO,0.9801634550094604
BAZFUF,CIFSES,0.9801634550094604
BAZFUF,CIFSIW,0.9801634550094604
BAZFUF,DAKZUN,0.968285083770752
BAZFUF,DAPYAW,0.9922806620597839
BAZFUF,DEKBON,0.9099999666213989
BAZFUF,DELGIN,0.9022806286811829
BAZFUF,DIBQEM,0.9996275901794434
BAZFUF,DIBQIQ,0.9996275901794434
BAZFUF,DIBQOW,0.9996275901794434
BAZFUF01,BAZGAM,1.0
BAZFUF01,BICPUA,0.966277003288269
BAZFUF01,CATZIJ,0.9085496664047241
BAZFUF01,CAVWII,0.9666798710823059
BAZFUF01,CIFMAH,0.9996275901794434
BAZFUF01,CIFSAO,0.9801634550094604
BAZFUF01,CIFSES,0.9801634550094604
BAZFUF01,CIFSIW,0.9801634550094604
BAZFUF01,DAKZUN,0.968285083770752
BAZFUF01,DAPYAW,0.9922806620597839
BAZFUF01,DEKBON,0.9099999666213989
BAZFUF01,DELGIN,0.9022806286811829
BAZFUF01,DIBQEM,0.9996275901794434
BAZFUF01,DIBQIQ,0.9996275901794434
BAZFUF01,DIBQOW,0.9996275901794434
BAZGAM,BICPUA,0.966277003288269
BAZGAM,CATZIJ,0.9085496664047241
BAZGAM,CAVWII,0.9666798710823059
BAZGAM,CIFMAH,0.9996275901794434
BAZGAM,CIFSAO,0.9801634550094604
BAZGAM,CIFSES,0.9801634550094604
BAZGAM,CIFSIW,0.9801634550094604
BAZGAM,DAKZUN,0.968285083770752
BAZGAM,DAPYAW,0.9922806620597839
BAZGAM,DEKBON,0.9099999666213989
BAZGAM,DELGIN,0.9022806286811829
BAZGAM,DIBQEM,0.9996275901794434
BAZGAM,DIBQIQ,0.9996275901794434
BAZGAM,DIBQOW,0.9996275901794434
BAZJET,BAZJIX,1.0
BEBFIY,BESKUI,0.9858987927436829
BEBFIY,BOJYIK,0.9776759743690491
BEBFIY,BOJYIK01,0.9776759743690491
BEBFIY,BUKLOJ,0.9683489799499512
BEBFIY,BUKLOJ01,0.9683489799499512
BEBFIY,BUPVIT,0.972368061542511
BEBFIY,BUVHEH,0.972368061542511
BEBFIY,CAVMUJ,0.9930317997932434
BEBFIY,CAVMUJ01,0.9930317997932434
BEBFIY,CAVMUJ02,0.9930317997932434
BEBFIY,CAXTAY,0.9613878726959229
BEBFIY,CEJXOG,0.9734861850738525
BEBFIY,CELDAA,0.972368061542511
BEBFIY,COMDOY,0.9644609093666077
BEBFIY,CUZBUW,0.9683489799499512
BEBFIY,DIQGUH,0.9907075762748718
BEBFIY,RUBTAK02,0.9858987927436829
BEBFIY,SABVUN01,0.9613878726959229
BEBFIY,SURKAT,0.9858987927436829
BECRUX,BECRUX01,1.0
BECRUX,BECRUX02,1.0
BECRUX,BECRUX03,1.0
BECRUX,BECRUX04,1.0
BECRUX,BECRUX05,1.0
BECRUX,BECRUX06,1.0
BECRUX,BECRUX07,1.0
BECRUX,CAZLEV,0.9944032430648804
BECRUX,CAZLIZ,0.9944032430648804
BECRUX,CISMAT,0.9927337765693665
BECRUX,CISMAT01,0.9927337765693665
BECRUX01,BECRUX02,1.0
BECRUX01,BECRUX03,1.0
BECRUX01,BECRUX04,1.0
BECRUX01,BECRUX05,1.0
BECRUX01,BECRUX06,1.0
BECRUX01,BECRUX07,1.0
BECRUX01,CAZLEV,0.9944032430648804
BECRUX01,CAZLIZ,0.9944032430648804
BECRUX01,CISMAT,0.9927337765693665
BECRUX01,CISMAT01,0.9927337765693665
BECRUX02,BECRUX03,1.0
BECRUX02,BECRUX04,1.0
BECRUX02,BECRUX05,1.0
BECRUX02,BECRUX06,1.0
BECRUX02,BECRUX07,1.0
BECRUX02,CAZLEV,0.9944032430648804
BECRUX02,CAZLIZ,0.9944032430648804
BECRUX02,CISMAT,0.9927337765693665
BECRUX02,CISMAT01,0.9927337765693665
BECRUX03,BECRUX04,1.0
BECRUX03,BECRUX05,1.0
BECRUX03,BECRUX06,1.0
BECRUX03,BECRUX07,1.0
BECRUX03,CAZLEV,0.9944032430648804
BECRUX03,CAZLIZ,0.9944032430648804
BECRUX03,CISMAT,0.9927337765693665
BECRUX03,CISMAT01,0.9927337765693665
BECRUX04,BECRUX05,1.0
BECRUX04,BECRUX06,1.0
BECRUX04,BECRUX07,1.0
BECRUX04,CAZLEV,0.9944032430648804
BECRUX04,CAZLIZ,0.9944032430648804
BECRUX04,CISMAT,0.9927337765693665
BECRUX04,CISMAT01,0.9927337765693665
BECRUX05,BECRUX06,1.0
BECRUX05,BECRUX07,1.0
BECRUX05,CAZLEV,0.9944032430648804
BECRUX05,CAZLIZ,0.9944032430648804
BECRUX05,CISMAT,0.9927337765693665
BECRUX05,CISMAT01,0.9927337765693665
BECRUX06,BECRUX07,1.0
BECRUX06,CAZLEV,0.9944032430648804
BECRUX06,CAZLIZ,0.9944032430648804
BECRUX06,CISMAT,0.9927337765693665
BECRUX06,CISMAT01,0.9927337765693665
BECRUX07,CAZLEV,0.9944032430648804
BECRUX07,CAZLIZ,0.9944032430648804
BECRUX07,CISMAT,0.9927337765693665
BECRUX07,CISMAT01,0.9927337765693665
BEDJEA,CAKLOR,0.9678561091423035
BEDJEA,CETFOX,0.9937262535095215
BEDJEA,CETFUD,0.9154053330421448
BEDJEA,CIHFUU,0.9453355669975281
BEDJEA,DEKZEA,0.9847758412361145
BEDJEA,DEKZIE,0.9097758531570435
BEDJEA,DEKZOK,0.9097758531570435
BEDJEA,DELBED,0.9097758531570435
BEDJEA,DINNIZ,0.9743626117706299
BEDPAE,CUVFUW,0.9939473867416382
BEFKEF,BEFKEF01,1.0
BEGFID,BIFSUF,0.9918119311332703
BEGFID,BOSHUN,0.9956179261207581
BEGFID,BUSMUZ,0.982013463973999
BEGFID,CUPHUS,0.9949160814285278
BEGFID,DAPZAW,0.9959286451339722
BEGFID,DEHHEG,0.9918119311332703
BEGFID,DEHHIK,0.9964157342910767
BEGFID,DEHHOQ,0.9971922636032104
BEGFID,DELTAQ,0.9918119311332703
BEGFID,DELTAQ01,0.9918119311332703
BEGFID,DELTAQ02,0.9918119311332703
BEGFID,DELTAQ03,0.9918119311332703
BEJKEJ,CAXZOS,0.9997506737709045
BEJKEJ,CAXZUY,1.0
BEJKEJ,DIDBAV,0.9997506737709045
BEJKEJ,DIDBEZ,0.9997506737709045
BEJKEJ,DIDBID,0.9997506737709045
BEJKEJ,DIDBOJ,0.9997506737709045
BEKMOW,BEKNEN,1.0
BEKMOW,BOWTAJ,0.9937959313392639
BEKMOW,CAVMUJ03,0.9741673469543457
BEKNEN,BOWTAJ,0.9937959313392639
BEKNEN,CAVMUJ03,0.9741673469543457
BELHOR,BIZLUT,0.982000470161438
BELQAN,CITLOJ,0.9781790375709534
BELQAN,CITLUP,0.9756634831428528
BELQAN,CITMAW,0.9778347015380859
BELQAN,CITMEA,0.9776891469955444
BELQAN,CITMIE,0.9781520962715149
BELTOD,BELTUJ,0.9972895383834839
BELTOD,BELVAR,1.0
BELTOD,BELVEV,1.0
BELTOD,BIJTAS,0.9781520962715149
BELTOD,CESQUP,0.9974996447563171
BELTOD,COGNAO,0.9974996447563171
BELTOD,DARCOQ,0.9855749607086182
BELTOD,DARCUW,0.9779961705207825
BELTOD,DARDAD,0.9775910377502441
BELTOD,DARDEH,0.9778347015380859
BELTOD,DARDIL,0.9776891469955444
BELTOD,DARDOR,0.9786702990531921
BELTOD,DARDUX,0.9775111675262451
BELTOD,DARFAF,0.9781520962715149
BELTOD,DARFEJ,0.9781452417373657
BELTOD,DARFIN,0.9780963063240051
BELTOD,DARFOT,0.9775062203407288
BELTUJ,BELVAR,0.9972895383834839
BELTUJ,BELVEV,0.9972895383834839
BELTUJ,BIJTAS,0.9692751169204712
BELTUJ,CESQUP,0.9977757334709167
BELTUJ,COGNAO,0.9977757334709167
BELTUJ,DARCOQ,0.977738082408905
BELTUJ,DARCUW,0.9688553810119629
BELTUJ,DARDAD,0.9692806601524353
BELTUJ,DARDEH,0.9680224657058716
BELTUJ,DARDIL,0.9695334434509277
BELTUJ,DARDOR,0.9692261815071106
BELTUJ,DARDUX,0.9702855944633484
BELTUJ,DARFAF,0.9692751169204712
BELTUJ,DARFEJ,0.9693748354911804
BELTUJ,DARFIN,0.9693228602409363
BELTUJ,DARFOT,0.9703232049942017
BELVAR,BELVEV,1.0
BELVAR,BIJTAS,0.9781520962715149
BELVAR,CESQUP,0.9974996447563171
BELVAR,COGNAO,0.9974996447563171
BELVAR,DARCOQ,0.9855749607086182
BELVAR,DARCUW,0.9779961705207825
BELVAR,DARDAD,0.9775910377502441
BELVAR,DARDEH,0.9778347015380859
BELVAR,DARDIL,0.9776891469955444
BELVAR,DARDOR,0.9786702990531921
BELVAR,DARDUX,0.9775111675262451
BELVAR,DARFAF,0.9781520962715149
BELVAR,DARFEJ,0.9781452417373657
BELVAR,DARFIN,0.9780963063240051
BELVAR,DARFOT,0.9775062203407288
BELVEV,BIJTAS,0.9781520962715149
BELVEV,CESQUP,0.9974996447563171
BELVEV,COGNAO,0.9974996447563171
BELVEV,DARCOQ,0.9855749607086182
BELVEV,DARCUW,0.9779961705207825
BELVEV,DARDAD,0.9775910377502441
BELVEV,DARDEH,0.9778347015380859
BELVEV,DARDIL,0.9776891469955444
BELVEV,DARDOR,0.9786702990531921
BELVEV,DARDUX,0.9775111675262451
BELVEV,DARFAF,0.9781520962715149
BELVEV,DARFEJ,0.9781452417373657
BELVEV,DARFIN,0.9780963063240051
BELVEV,DARFOT,0.9775062203407288
BELYIC,CABQEB,0.9963152408599854
BELYIC,CIQYUX,0.9963152408599854
BELYIC,DAYMAS,0.9959937334060669
BELYIC,DIDBIE,0.9821115732192993
BENXOJ,BENXUP,1.0
BENZOL,BENZUR,0.9991083145141602
BENZOL,BEPBAB,0.9966550469398499
BENZOL,BEPFIN,0.9965928792953491
BENZOL,BEXQIF,0.9456906318664551
BENZOL,BEXQOL,0.94106525182724
BENZOL,BEXQUR,0.9386946558952332
BENZOL,BEXRAY,0.9534018635749817
BENZOL,BEXREC,0.94106525182724
BENZOL,BEXRIG,0.9386946558952332
BENZOL,BITCUE,0.9544421434402466
BENZOL,BOLGUF,0.9891154766082764
BENZOL,BOLHAM,0.9933966398239136
BENZOL,BOLHEQ,0.9910322427749634
BENZOL,BOLHOA,0.9913450479507446
BENZOL,CDCACD,0.9534308314323425
BENZOL,CDCACD01,0.9534308314323425
BENZOL,CEVKET,0.937418520450592
BENZOL,CEVPID,0.937418520450592
BENZOL,CEVPID01,0.937418520450592
BENZOL,COGLOA,0.937418520450592
BENZOL,CUSYIA,0.937418520450592
BENZOL,CUSYOG,0.937418520450592
BENZOL,CUSYUM,0.937418520450592
BENZOL,CUSZAT,0.937418520450592
BENZOL,CUSZEX,0.937418520450592
BENZOL,CUSZIB,0.937418520450592
BENZOL,CUTCYM01,0.937418520450592
BENZOL,CUTCYM02,0.937418520450592
BENZOL,CUTMAH,0.937418520450592
BENZOL,CUXLEO,0.937418520450592
BENZOL,CUYDIL,0.937418520450592
BENZOL,DABMEB,0.9534308314323425
BENZOL,DABMUR,0.937418520450592
BENZOL,DACHAR,0.9544421434402466
BENZOL,DALCEZ,0.937418520450592
BENZOL,DALVAQ,0.9534308314323425
BENZOL,DALVEU,0.9910680055618286
BENZOL,DALVIY,0.9913450479507446
BENZOL,DANZEX,0.9534018635749817
BENZOL,DEHRIR,0.9544421434402466
BENZOL,DIBWUH,0.9386946558952332
BENZOL,DIBXAO,0.94106525182724
BENZUR,BEPBAB,0.9958264827728271
BENZUR,BEPFIN,0.996257483959198
BENZUR,BEXQIF,0.9544923305511475
BENZUR,BEXQOL,0.9499646425247192
BENZUR,BEXQUR,0.9474261999130249
BENZUR,BEXRAY,0.9618924260139465
BENZUR,BEXREC,0.9499646425247192
BENZUR,BEXRIG,0.9474261999130249
BENZUR,BITCUE,0.9624068737030029
BENZUR,BOLGUF,0.9929306507110596
BENZUR,BOLHAM,0.9965716600418091
BENZUR,BOLHEQ,0.9942622780799866
BENZUR,BOLHOA,0.994638979434967
BENZUR,CDCACD,0.9623563885688782
BENZUR,CDCACD01,0.9623563885688782
BENZUR,CEVKET,0.9463676810264587
BENZUR,CEVPID,0.9463676810264587
BENZUR,CEVPID01,0.9463676810264587
BENZUR,COGLOA,0.9463676810264587
BENZUR,CUSYIA,0.9463676810264587
BENZUR,CUSYOG,0.9463676810264587
BENZUR,CUSYUM,0.9463676810264587
BENZUR,CUSZAT,0.9463676810264587
BENZUR,CUSZEX,0.9463676810264587
BENZUR,CUSZIB,0.9463676810264587
BENZUR,CUTCYM01,0.9463676810264587
BENZUR,CUTCYM02,0.9463676810264587
BENZUR,CUTMAH,0.9463676810264587
BENZUR,CUXLEO,0.9463676810264587
BENZUR,CUYDIL,0.9463676810264587
BENZUR,DABMEB,0.9623563885688782
BENZUR,DABMUR,0.9463676810264587
BENZUR,DACHAR,0.9624068737030029
BENZUR,DALCEZ,0.9463676810264587
BENZUR,DALVAQ,0.9623563885688782
BENZUR,DALVEU,0.9945001602172852
BENZUR,DALVIY,0.994638979434967
BENZUR,DANZEX,0.9618924260139465
BENZUR,DEHRIR,0.9624068737030029
BENZUR,DIBWUH,0.9474261999130249
BENZUR,DIBXAO,0.9499646425247192
BEPBAB,BEPFIN,0.9993717670440674
BEPBAB,BEXQIF,0.9506864547729492
BEPBAB,BEXQOL,0.9463374614715576
BEPBAB,BEXQUR,0.9441367387771606
BEPBAB,BEXRAY,0.9573289155960083
BEPBAB,BEXREC,0.9463374614715576
BEPBAB,BEXRIG,0.9441367387771606
BEPBAB,BITCUE,0.9546010494232178
BEPBAB,BOLGUF,0.9899851083755493
BEPBAB,BOLHAM,0.9892654418945312
BEPBAB,BOLHEQ,0.9859035015106201
BEPBAB,BOLHOA,0.985809862613678
BEPBAB,CDCACD,0.951238214969635
BEPBAB,CDCACD01,0.951238214969635
BEPBAB,CEVKET,0.9424089789390564
BEPBAB,CEVPID,0.9424089789390564
BEPBAB,CEVPID01,0.9424089789390564
BEPBAB,COGLOA,0.9424089789390564
BEPBAB,CUSYIA,0.9424089789390564
BEPBAB,CUSYOG,0.9424089789390564
BEPBAB,CUSYUM,0.9424089789390564
BEPBAB,CUSZAT,0.9424089789390564
BEPBAB,CUSZEX,0.9424089789390564
BEPBAB,CUSZIB,0.9424089789390564
BEPBAB,CUTCYM01,0.9424089789390564
BEPBAB,CUTCYM02,0.9424089789390564
BEPBAB,CUTMAH,0.9424089789390564
BEPBAB,CUXLEO,0.9424089789390564
BEPBAB,CUYDIL,0.9424089789390564
BEPBAB,DABMEB,0.951238214969635
BEPBAB,DABMUR,0.9424089789390564
BEPBAB,DACHAR,0.9546010494232178
BEPBAB,DALCEZ,0.9424089789390564
BEPBAB,DALVAQ,0.951238214969635
BEPBAB,DALVEU,0.9851804375648499
BEPBAB,DALVIY,0.985809862613678
BEPBAB,DANZEX,0.9573289155960083
BEPBAB,DEHRIR,0.9546010494232178
BEPBAB,DIBWUH,0.9441367387771606
BEPBAB,DIBXAO,0.9463374614715576
BEPFIN,BEXQIF,0.9475057721138
BEPFIN,BEXQOL,0.9429752826690674
BEPFIN,BEXQUR,0.9405487179756165
BEPFIN,BEXRAY,0.9545435309410095
BEPFIN,BEXREC,0.9429752826690674
BEPFIN,BEXRIG,0.9405487179756165
BEPFIN,BITCUE,0.9514447450637817
BEPFIN,BOLGUF,0.9882705807685852
BEPFIN,BOLHAM,0.9884728193283081
BEPFIN,BOLHEQ,0.9846946597099304
BEPFIN,BOLHOA,0.9845850467681885
BEPFIN,CDCACD,0.949072539806366
BEPFIN,CDCACD01,0.949072539806366
BEPFIN,CEVKET,0.9389952421188354
BEPFIN,CEVPID,0.9389952421188354
BEPFIN,CEVPID01,0.9389952421188354
BEPFIN,COGLOA,0.9389952421188354
BEPFIN,CUSYIA,0.9389952421188354
BEPFIN,CUSYOG,0.9389952421188354
BEPFIN,CUSYUM,0.9389952421188354
BEPFIN,CUSZAT,0.9389952421188354
BEPFIN,CUSZEX,0.9389952421188354
BEPFIN,CUSZIB,0.9389952421188354
BEPFIN,CUTCYM01,0.9389952421188354
BEPFIN,CUTCYM02,0.9389952421188354
BEPFIN,CUTMAH,0.9389952421188354
BEPFIN,CUXLEO,0.9389952421188354
BEPFIN,CUYDIL,0.9389952421188354
BEPFIN,DABMEB,0.949072539806366
BEPFIN,DABMUR,0.9389952421188354
BEPFIN,DACHAR,0.9514447450637817
BEPFIN,DALCEZ,0.9389952421188354
BEPFIN,DALVAQ,0.949072539806366
BEPFIN,DALVEU,0.9841462969779968
BEPFIN,DALVIY,0.9845850467681885
BEPFIN,DANZEX,0.9545435309410095
BEPFIN,DEHRIR,0.9514447450637817
BEPFIN,DIBWUH,0.9405487179756165
BEPFIN,DIBXAO,0.9429752826690674
BEPLUF,BEPMAM,1.0
BEPLUF,BEPMEQ,1.0
BEPLUF,BEPMIU,1.0
BEPLUF,BEPNIV,1.0
BEPLUF,BEPNOB,1.0
BEPLUF,BEPNUH,1.0
BEPLUF,BEPPAP,1.0
BEPMAM,BEPMEQ,1.0
BEPMAM,BEPMIU,1.0
BEPMAM,BEPNIV,1.0
BEPMAM,BEPNOB,1.0
BEPMAM,BEPNUH,1.0
BEPMAM,BEPPAP,1.0
BEPMEQ,BEPMIU,1.0
BEPMEQ,BEPNIV,1.0
BEPMEQ,BEPNOB,1.0
BEPMEQ,BEPNUH,1.0
BEPMEQ,BEPPAP,1.0
BEPMIU,BEPNIV,1.0
BEPMIU,BEPNOB,1.0
BEPMIU,BEPNUH,1.0
BEPMIU,BEPPAP,1.0
BEPNER,BEPPIX,1.0
BEPNER,BEPPOD,1.0
BEPNIV,BEPNOB,1.0
BEPNIV,BEPNUH,1.0
BEPNIV,BEPPAP,1.0
BEPNOB,BEPNUH,1.0
BEPNOB,BEPPAP,1.0
BEPNOC,BEPNUI,0.9966550469398499
BEPNUH,BEPPAP,1.0
BEPPIX,BEPPOD,1.0
BEPPIY,BIFNOW,0.9949617981910706
BEPPIY,BOMCUB,0.9926436543464661
BEPPIY,CAHMAZ,0.9827624559402466
BEPPIY,CALOXM13,0.9882460236549377
BEPPIY,CALOXM14,0.9882460236549377
BEPPIY,CALOXM15,0.9882460236549377
BEPPIY,CALOXM16,0.9882460236549377
BEPPIY,CAVMIW,0.9727237820625305
BEPPIY,CAVYUW,0.9994840025901794
BEPPIY,CAYSOL,0.9727237820625305
BEPPIY,CECKIH,0.9652349948883057
BEPPIY,CECKON,0.9695334434509277
BEPPIY,COMFEQ,0.9994805455207825
BEPPIY,COMFIU,0.9998192191123962
BEPPIY,COXHED,0.9695334434509277
BEPPIY,COXHIH,0.967766523361206
BEPPIY,COXHON,0.9727237820625305
BEPPIY,DAHNOQ,0.9985299110412598
BEPPIY,DAHNUW,0.9985299110412598
BEPPIY,DAHPAE,0.9985729455947876
BEPPIY,DALSAN,0.9727237820625305
BEPPIY,DALSER,0.9727237820625305
BEPPIY,DAPGUW01,0.967766523361206
BEPPIY,DAPHAD01,0.9652349948883057
BEPPIY,DECDUN,0.9926436543464661
BEPPIY,DIVMUR,0.999313473701477
BEPPIY,DIVNAY,0.9976078867912292
BEPREV,BEPREV01,1.0
BEPREV,BEPREV02,1.0
BEPREV,BEPREV03,1.0
BEPREV,BEPROF,1.0
BEPREV,DIQHAO,0.9997506737709045
BEPREV,DIQHAO01,0.9997506737709045
BEPREV,DIRLIB,0.9955241084098816
BEPREV01,BEPREV02,1.0
BEPREV01,BEPREV03,1.0
BEPREV01,BEPROF,1.0
BEPREV01,DIQHAO,0.9997506737709045
BEPREV01,DIQHAO01,0.9997506737709045
BEPREV01,DIRLIB,0.9955241084098816
BEPREV02,BEPREV03,1.0
BEPREV02,BEPROF,1.0
BEPREV02,DIQHAO,0.9997506737709045
BEPREV02,DIQHAO01,0.9997506737709045
BEPREV02,DIRLIB,0.9955241084098816
BEPREV03,BEPROF,1.0
BEPREV03,DIQHAO,0.9997506737709045
BEPREV03,DIQHAO01,0.9997506737709045
BEPREV03,DIRLIB,0.9955241084098816
BEPRIZ,CIKPEU,0.9999999403953552
BEPROF,DIQHAO,0.9997506737709045
BEPROF,DIQHAO01,0.9997506737709045
BEPROF,DIRLIB,0.9955241084098816
BEPYIG,CARFOT,1.0
BEPYIG,CARFUZ,0.9965804815292358
BEQHUD,BEQJAL,0.9965023994445801
BEQKAM,BEVSUR,0.9731441140174866
BEQKAM,BODPAN,0.9965804815292358
BEQKAM,BOHWUS,0.9838886857032776
BEQKAM,CADPII,1.0
BEQKAM,CARGEK,0.9871268272399902
BEQKAM,CAVWOO,0.9663969278335571
BEQKAM,CEHKUW,0.9962353706359863
BEQKAM,CEHLAD,1.0
BEQKAM,CERPOF,0.9797663688659668
BEQKAM,CERPOF01,0.9797663688659668
BEQKAM,CIBTIT,0.9974996447563171
BEQKAM,CIFMIP,0.9977757334709167
BEQKAM,CIPLIX,0.9977757334709167
BEQKAM,COSWEO,0.9455037117004395
BEQKAM,CUFDOX,0.9795385599136353
BEQKAM,CUFDUD,0.9795385599136353
BEQKAM,CUFFEP,0.9795385599136353
BEQKAM,CUFFIT,0.9795385599136353
BEQKAM,CUFFOZ,0.9795385599136353
BEQKAM,CUFFUF,0.9795385599136353
BEQKAM,CUMLUT,0.9962353706359863
BEQKAM,DEPXIG,0.9974996447563171
BEQKAM,DEPXOM,0.9974996447563171
BEQKAM,DIGPER,0.9665710926055908
BEQKAM,DIHVIB,0.9965804815292358
BEQKAM,DIHVIB01,0.9965804815292358
BEQKAM,CIGXIA,0.9982883334159851
BERROH,BERRUN,0.9970499873161316
BESKUI,BOJYIK,0.9939729571342468
BESKUI,BOJYIK01,0.9939729571342468
BESKUI,BUKLOJ,0.9877029657363892
BESKUI,BUKLOJ01,0.9877029657363892
BESKUI,BUPVIT,0.9781320691108704
BESKUI,BUVHEH,0.9781320691108704
BESKUI,CAVMUJ,0.9972875118255615
BESKUI,CAVMUJ01,0.9972875118255615
BESKUI,CAVMUJ02,0.9972875118255615
BESKUI,CAXTAY,0.9766115546226501
BESKUI,CEJXOG,0.9933327436447144
BESKUI,CELDAA,0.9781320691108704
BESKUI,COMDOY,0.9915627241134644
BESKUI,CUZBUW,0.9877029657363892
BESKUI,DIQGUH,0.9809864163398743
BESKUI,RUBTAK02,1.0
BESKUI,SABVUN01,0.9766115546226501
BESKUI,SURKAT,1.0
BESXED,CIMZII,0.9339526295661926
BESXED,CODFEH,0.9520620107650757
BETDAH,BETDEL,0.9999803900718689
BETDAH,BETDOV,0.9998704195022583
BETDAH,BETDUB,0.9994840025901794
BETDAH,BETFAJ,0.9993398785591125
BETDAH,BETFOX,0.9795458912849426
BETDAH,BETFUD,0.9795458912849426
BETDAH,BETGAK,0.9981487989425659
BETDAH,CUWYAW,0.9994840025901794
BETDEL,BETDOV,0.999916136264801
BETDEL,BETDUB,0.9996340870857239
BETDEL,BETFAJ,0.9995414018630981
BETDEL,BETFOX,0.9796669483184814
BETDEL,BETFUD,0.9796669483184814
BETDEL,BETGAK,0.9983029365539551
BETDEL,CUWYAW,0.9996340870857239
BETDIP,BETFEN,0.9991112351417542
BETDIP,BETFIR,0.9847605228424072
BETDIP,CUWXID,0.9998192191123962
BETDIP,CUWZIF,0.9998192191123962
BETDOV,BETDUB,0.9994805455207825
BETDOV,BETFAJ,0.9996404051780701
BETDOV,BETFOX,0.9779111742973328
BETDOV,BETFUD,0.9779111742973328
BETDOV,BETGAK,0.997765302658081
BETDOV,CUWYAW,0.9994805455207825
BETDUB,BETFAJ,0.9996544122695923
BETDUB,BETFOX,0.9829657673835754
BETDUB,BETFUD,0.9829657673835754
BETDUB,BETGAK,0.9987545013427734
BETDUB,CUWYAW,0.9999999403953552
BETFAJ,BETFOX,0.9782870411872864
BETFAJ,BETFUD,0.9782870411872864
BETFAJ,BETGAK,0.9983987212181091
BETFAJ,CUWYAW,0.9996544122695923
BETFEN,BETFIR,0.9823139905929565
BETFEN,CUWXID,0.999613344669342
BETFEN,CUWZIF,0.999613344669342
BETFIR,CUWXID,0.9829657673835754
BETFIR,CUWZIF,0.9829657673835754
BETFOX,BETFUD,0.9999999403953552
BETFOX,BETGAK,0.9826657772064209
BETFOX,CUWYAW,0.9829657673835754
BETFUD,BETGAK,0.9826657772064209
BETFUD,CUWYAW,0.9829657673835754
BETGAK,CUWYAW,0.9987545013427734
BETGEO,BETGIS,1.0
BETGEO,BETGOY,0.9997506737709045
BETGEO,BETGUE,0.9997506737709045
BETGEO,BETHEP,0.9921966195106506
BETGEO,BETHIT,0.9921966195106506
BETGEO,BOWNUY,0.9999494552612305
BETGEO,COTYIV,0.9999494552612305
BETGEO,DAGTUD,0.9921966195106506
BETGEO,DANWAS,0.9965023994445801
BETGIS,BETGOY,0.9997506737709045
BETGIS,BETGUE,0.9997506737709045
BETGIS,BETHEP,0.9921966195106506
BETGIS,BETHIT,0.9921966195106506
BETGIS,BOWNUY,0.9999494552612305
BETGIS,COTYIV,0.9999494552612305
BETGIS,DAGTUD,0.9921966195106506
BETGIS,DANWAS,0.9965023994445801
BETGOY,BETGUE,0.9999999403953552
BETGOY,BETHEP,0.9939473867416382
BETGOY,BETHIT,0.9939473867416382
BETGOY,BOWNUY,0.9996275901794434
BETGOY,COTYIV,0.9996275901794434
BETGOY,DAGTUD,0.9939473867416382
BETGOY,DANWAS,0.9977757334709167
BETGUE,BETHEP,0.9939473867416382
BETGUE,BETHIT,0.9939473867416382
BETGUE,BOWNUY,0.9996275901794434
BETGUE,COTYIV,0.9996275901794434
BETGUE,DAGTUD,0.9939473867416382
BETGUE,DANWAS,0.9977757334709167
BETHEP,BETHIT,1.0
BETHEP,BOWNUY,0.9922806620597839
BETHEP,COTYIV,0.9922806620597839
BETHEP,DAGTUD,1.0
BETHEP,DANWAS,0.9962353706359863
BETHIT,BOWNUY,0.9922806620597839
BETHIT,COTYIV,0.9922806620597839
BETHIT,DAGTUD,1.0
BETHIT,DANWAS,0.9962353706359863
BETHUE,DAYYIN,0.9996275901794434
BETJUI,BETRUQ,0.9819706082344055
BETJUI,BIKMAL,0.9788232445716858
BETJUI,BIKMAL01,0.9788232445716858
BETJUI,BIKMEP,0.9778358340263367
BETJUI,BIKMEP01,0.9778358340263367
BETRUQ,BIKMAL,0.9972895383834839
BETRUQ,BIKMAL01,0.9972895383834839
BETRUQ,BIKMEP,0.9955241084098816
BETRUQ,BIKMEP01,0.9955241084098816
BEVSUR,BODPAN,0.9746922850608826
BEVSUR,BOHWUS,0.9982609748840332
BEVSUR,CADPII,0.9731441140174866
BEVSUR,CARGEK,0.9800933003425598
BEVSUR,CAVWOO,0.9965118765830994
BEVSUR,CEHKUW,0.983322262763977
BEVSUR,CEHLAD,0.9731441140174866
BEVSUR,CERPOF,0.9812131524085999
BEVSUR,CERPOF01,0.9812131524085999
BEVSUR,CIBTIT,0.9855749607086182
BEVSUR,CIFMIP,0.977738082408905
BEVSUR,CIPLIX,0.977738082408905
BEVSUR,COSWEO,0.9929306507110596
BEVSUR,CUFDOX,0.988788366317749
BEVSUR,CUFDUD,0.988788366317749
BEVSUR,CUFFEP,0.988788366317749
BEVSUR,CUFFIT,0.988788366317749
BEVSUR,CUFFOZ,0.988788366317749
BEVSUR,CUFFUF,0.988788366317749
BEVSUR,CUMLUT,0.983322262763977
BEVSUR,DEPXIG,0.9855749607086182
BEVSUR,DEPXOM,0.9855749607086182
BEVSUR,DIGPER,0.9968496561050415
BEVSUR,DIHVIB,0.9746922850608826
BEVSUR,DIHVIB01,0.9746922850608826
BEVSUR,CIGXIA,0.9810159206390381
BEWSOO,BEWSUU,1.0
BEXPAX,DIWMON,0.9386946558952332
BEXPAX,DIWMUT,0.9441367387771606
BEXPAX,DIWNAA,0.995114803314209
BEXQIF,BEXQOL,0.9996292591094971
BEXQIF,BEXQUR,0.9988105893135071
BEXQIF,BEXRAY,0.9989085793495178
BEXQIF,BEXREC,0.9996292591094971
BEXQIF,BEXRIG,0.9988105893135071
BEXQIF,BITCUE,0.9971465468406677
BEXQIF,BOLGUF,0.9810159206390381
BEXQIF,BOLHAM,0.9718403816223145
BEXQIF,BOLHEQ,0.9731024503707886
BEXQIF,BOLHOA,0.9728715419769287
BEXQIF,CDCACD,0.9955214262008667
BEXQIF,CDCACD01,0.9955214262008667
BEXQIF,CEVKET,0.9985496997833252
BEXQIF,CEVPID,0.9985496997833252
BEXQIF,CEVPID01,0.9985496997833252
BEXQIF,COGLOA,0.9985496997833252
BEXQIF,CUSYIA,0.9985496997833252
BEXQIF,CUSYOG,0.9985496997833252
BEXQIF,CUSYUM,0.9985496997833252
BEXQIF,CUSZAT,0.9985496997833252
BEXQIF,CUSZEX,0.9985496997833252
BEXQIF,CUSZIB,0.9985496997833252
BEXQIF,CUTCYM01,0.9985496997833252
BEXQIF,CUTCYM02,0.9985496997833252
BEXQIF,CUTMAH,0.9985496997833252
BEXQIF,CUXLEO,0.9985496997833252
BEXQIF,CUYDIL,0.9985496997833252
BEXQIF,DABMEB,0.9955214262008667
BEXQIF,DABMUR,0.9985496997833252
BEXQIF,DACHAR,0.9971465468406677
BEXQIF,DALCEZ,0.9985496997833252
BEXQIF,DALVAQ,0.9955214262008667
BEXQIF,DALVEU,0.9726957678794861
BEXQIF,DALVIY,0.9728715419769287
BEXQIF,DANZEX,0.9989085793495178
BEXQIF,DEHRIR,0.9971465468406677
BEXQIF,DIBWUH,0.9988105893135071
BEXQIF,DIBXAO,0.9996292591094971
BEXQOL,BEXQUR,0.9997506737709045
BEXQOL,BEXRAY,0.9972895383834839
BEXQOL,BEXREC,0.9999999403953552
BEXQOL,BEXRIG,0.9997506737709045
BEXQOL,BITCUE,0.9971376657485962
BEXQOL,BOLGUF,0.977738082408905
BEXQOL,BOLHAM,0.9680224657058716
BEXQOL,BOLHEQ,0.9702855944633484
BEXQOL,BOLHOA,0.9692261815071106
BEXQOL,CDCACD,0.9939473867416382
BEXQOL,CDCACD01,0.9939473867416382
BEXQOL,CEVKET,0.9996275901794434
BEXQOL,CEVPID,0.9996275901794434
BEXQOL,CEVPID01,0.9996275901794434
BEXQOL,COGLOA,0.9996275901794434
BEXQOL,CUSYIA,0.9996275901794434
BEXQOL,CUSYOG,0.9996275901794434
BEXQOL,CUSYUM,0.9996275901794434
BEXQOL,CUSZAT,0.9996275901794434
BEXQOL,CUSZEX,0.9996275901794434
BEXQOL,CUSZIB,0.9996275901794434
BEXQOL,CUTCYM01,0.9996275901794434
BEXQOL,CUTCYM02,0.9996275901794434
BEXQOL,CUTMAH,0.9996275901794434
BEXQOL,CUXLEO,0.9996275901794434
BEXQOL,CUYDIL,0.9996275901794434
BEXQOL,DABMEB,0.9939473867416382
BEXQOL,DABMUR,0.9996275901794434
BEXQOL,DACHAR,0.9971376657485962
BEXQOL,DALCEZ,0.9996275901794434
BEXQOL,DALVAQ,0.9939473867416382
BEXQOL,DALVEU,0.9692751169204712
BEXQOL,DALVIY,0.9692261815071106
BEXQOL,DANZEX,0.9972895383834839
BEXQOL,DEHRIR,0.9971376657485962
BEXQOL,DIBWUH,0.9997506737709045
BEXQOL,DIBXAO,0.9999999403953552
BEXQUR,BEXRAY,0.9955241084098816
BEXQUR,BEXREC,0.9997506737709045
BEXQUR,BEXRIG,1.0
BEXQUR,BITCUE,0.9969134330749512
BEXQUR,BOLGUF,0.9757223129272461
BEXQUR,BOLHAM,0.9657021760940552
BEXQUR,BOLHEQ,0.9688132405281067
BEXQUR,BOLHOA,0.9670003056526184
BEXQUR,CDCACD,0.9921966195106506
BEXQUR,CDCACD01,0.9921966195106506
BEXQUR,CEVKET,0.9999494552612305
BEXQUR,CEVPID,0.9999494552612305
BEXQUR,CEVPID01,0.9999494552612305
BEXQUR,COGLOA,0.9999494552612305
BEXQUR,CUSYIA,0.9999494552612305
BEXQUR,CUSYOG,0.9999494552612305
BEXQUR,CUSYUM,0.9999494552612305
BEXQUR,CUSZAT,0.9999494552612305
BEXQUR,CUSZEX,0.9999494552612305
BEXQUR,CUSZIB,0.9999494552612305
BEXQUR,CUTCYM01,0.9999494552612305
BEXQUR,CUTCYM02,0.9999494552612305
BEXQUR,CUTMAH,0.9999494552612305
BEXQUR,CUXLEO,0.9999494552612305
BEXQUR,CUYDIL,0.9999494552612305
BEXQUR,DABMEB,0.9921966195106506
BEXQUR,DABMUR,0.9999494552612305
BEXQUR,DACHAR,0.9969134330749512
BEXQUR,DALCEZ,0.9999494552612305
BEXQUR,DALVAQ,0.9921966195106506
BEXQUR,DALVEU,0.967235803604126
BEXQUR,DALVIY,0.9670003056526184
BEXQUR,DANZEX,0.9955241084098816
BEXQUR,DEHRIR,0.9969134330749512
BEXQUR,DIBWUH,1.0
BEXQUR,DIBXAO,0.9997506737709045
BEXRAY,BEXREC,0.9972895383834839
BEXRAY,BEXRIG,0.9955241084098816
BEXRAY,BITCUE,0.9959419965744019
BEXRAY,BOLGUF,0.9855749607086182
BEXRAY,BOLHAM,0.9778347015380859
BEXRAY,BOLHEQ,0.9775111675262451
BEXRAY,BOLHOA,0.9786702990531921
BEXRAY,CDCACD,0.9970499873161316
BEXRAY,CDCACD01,0.9970499873161316
BEXRAY,CEVKET,0.9950717687606812
BEXRAY,CEVPID,0.9950717687606812
BEXRAY,CEVPID01,0.9950717687606812
BEXRAY,COGLOA,0.9950717687606812
BEXRAY,CUSYIA,0.9950717687606812
BEXRAY,CUSYOG,0.9950717687606812
BEXRAY,CUSYUM,0.9950717687606812
BEXRAY,CUSZAT,0.9950717687606812
BEXRAY,CUSZEX,0.9950717687606812
BEXRAY,CUSZIB,0.9950717687606812
BEXRAY,CUTCYM01,0.9950717687606812
BEXRAY,CUTCYM02,0.9950717687606812
BEXRAY,CUTMAH,0.9950717687606812
BEXRAY,CUXLEO,0.9950717687606812
BEXRAY,CUYDIL,0.9950717687606812
BEXRAY,DABMEB,0.9970499873161316
BEXRAY,DABMUR,0.9950717687606812
BEXRAY,DACHAR,0.9959419965744019
BEXRAY,DALCEZ,0.9950717687606812
BEXRAY,DALVAQ,0.9970499873161316
BEXRAY,DALVEU,0.9781520962715149
BEXRAY,DALVIY,0.9786702990531921
BEXRAY,DANZEX,1.0
BEXRAY,DEHRIR,0.9959419965744019
BEXRAY,DIBWUH,0.9955241084098816
BEXRAY,DIBXAO,0.9972895383834839
BEXREC,BEXRIG,0.9997506737709045
BEXREC,BITCUE,0.9971376657485962
BEXREC,BOLGUF,0.977738082408905
BEXREC,BOLHAM,0.9680224657058716
BEXREC,BOLHEQ,0.9702855944633484
BEXREC,BOLHOA,0.9692261815071106
BEXREC,CDCACD,0.9939473867416382
BEXREC,CDCACD01,0.9939473867416382
BEXREC,CEVKET,0.9996275901794434
BEXREC,CEVPID,0.9996275901794434
BEXREC,CEVPID01,0.9996275901794434
BEXREC,COGLOA,0.9996275901794434
BEXREC,CUSYIA,0.9996275901794434
BEXREC,CUSYOG,0.9996275901794434
BEXREC,CUSYUM,0.9996275901794434
BEXREC,CUSZAT,0.9996275901794434
BEXREC,CUSZEX,0.9996275901794434
BEXREC,CUSZIB,0.9996275901794434
BEXREC,CUTCYM01,0.9996275901794434
BEXREC,CUTCYM02,0.9996275901794434
BEXREC,CUTMAH,0.9996275901794434
BEXREC,CUXLEO,0.9996275901794434
BEXREC,CUYDIL,0.9996275901794434
BEXREC,DABMEB,0.9939473867416382
BEXREC,DABMUR,0.9996275901794434
BEXREC,DACHAR,0.9971376657485962
BEXREC,DALCEZ,0.9996275901794434
BEXREC,DALVAQ,0.9939473867416382
BEXREC,DALVEU,0.9692751169204712
BEXREC,DALVIY,0.9692261815071106
BEXREC,DANZEX,0.9972895383834839
BEXREC,DEHRIR,0.9971376657485962
BEXREC,DIBWUH,0.9997506737709045
BEXREC,DIBXAO,0.9999999403953552
BEXRIG,BITCUE,0.9969134330749512
BEXRIG,BOLGUF,0.9757223129272461
BEXRIG,BOLHAM,0.9657021760940552
BEXRIG,BOLHEQ,0.9688132405281067
BEXRIG,BOLHOA,0.9670003056526184
BEXRIG,CDCACD,0.9921966195106506
BEXRIG,CDCACD01,0.9921966195106506
BEXRIG,CEVKET,0.9999494552612305
BEXRIG,CEVPID,0.9999494552612305
BEXRIG,CEVPID01,0.9999494552612305
BEXRIG,COGLOA,0.9999494552612305
BEXRIG,CUSYIA,0.9999494552612305
BEXRIG,CUSYOG,0.9999494552612305
BEXRIG,CUSYUM,0.9999494552612305
BEXRIG,CUSZAT,0.9999494552612305
BEXRIG,CUSZEX,0.9999494552612305
BEXRIG,CUSZIB,0.9999494552612305
BEXRIG,CUTCYM01,0.9999494552612305
BEXRIG,CUTCYM02,0.9999494552612305
BEXRIG,CUTMAH,0.9999494552612305
BEXRIG,CUXLEO,0.9999494552612305
BEXRIG,CUYDIL,0.9999494552612305
BEXRIG,DABMEB,0.9921966195106506
BEXRIG,DABMUR,0.9999494552612305
BEXRIG,DACHAR,0.9969134330749512
BEXRIG,DALCEZ,0.9999494552612305
BEXRIG,DALVAQ,0.9921966195106506
BEXRIG,DALVEU,0.967235803604126
BEXRIG,DALVIY,0.9670003056526184
BEXRIG,DANZEX,0.9955241084098816
BEXRIG,DEHRIR,0.9969134330749512
BEXRIG,DIBWUH,1.0
BEXRIG,DIBXAO,0.9997506737709045
BEXRUT,BEXSAA,0.9955241084098816
BEXRUT,BEXSEE,0.9997506737709045
BEXRUT,BEXSII,0.9999494552612305
BEXSAA,BEXSEE,0.9972895383834839
BEXSAA,BEXSII,0.9950717687606812
BEXSEE,BEXSII,0.9996275901794434
BEZSEG,BEZSEG01,0.9999999403953552
BEZSEG,BUPVEP,0.9650025963783264
BEZSEG,DIJWID,0.9999999403953552
BEZSEG01,BUPVEP,0.9650025963783264
BEZSEG01,DIJWID,0.9999999403953552
BIBQEL,BUPJUS,0.9279949069023132
BIBQEL,BUPKED,0.9279949069023132
BIBXUH,COJHIT,0.9997506737709045
BICPUA,CAVWII,0.9996391534805298
BICPUA,CIFMAH,0.9688553810119629
BICPUA,CIFSAO,0.995492160320282
BICPUA,CIFSES,0.995492160320282
BICPUA,CIFSIW,0.995492160320282
BICPUA,DAKZUN,0.9987759590148926
BICPUA,DAPYAW,0.983597457408905
BICPUA,DIBQEM,0.9688553810119629
BICPUA,DIBQIQ,0.9688553810119629
BICPUA,DIBQOW,0.9688553810119629
BIDHIG,BUDDIO,0.9777316451072693
BIDHIG,CEJXIA,0.9987543821334839
BIDHIG,CIQHES,0.9778481721878052
BIDHIG,CIQHIW,0.9778481721878052
BIDHIG,CIQHOC,0.9643369913101196
BIDHIG,CORZIU,0.9919713735580444
BIDHIG,CORZOA,0.9919713735580444
BIDHIG,CUKBEQ,0.9854779243469238
BIFJUX,BIFKAE,1.0
BIFJUX,CEHQOX,0.9859470725059509
BIFJUX,DICJUW,0.9978838562965393
BIFKAE,CEHQOX,0.9859470725059509
BIFKAE,DICJUW,0.9978838562965393
BIFNOW,BOMCUB,0.9955965876579285
BIFNOW,CAHMAZ,0.989421546459198
BIFNOW,CALOXM13,0.9727986454963684
BIFNOW,CALOXM14,0.9727986454963684
BIFNOW,CALOXM15,0.9727986454963684
BIFNOW,CALOXM16,0.9727986454963684
BIFNOW,CAVMIW,0.9678577780723572
BIFNOW,CAVYUW,0.9960351586341858
BIFNOW,CAYSOL,0.9678577780723572
BIFNOW,CECKIH,0.9638140201568604
BIFNOW,CECKON,0.9657093286514282
BIFNOW,COMFEQ,0.9945825338363647
BIFNOW,COMFIU,0.9959901571273804
BIFNOW,COXHED,0.9657093286514282
BIFNOW,COXHIH,0.9645290374755859
BIFNOW,COXHON,0.9678577780723572
BIFNOW,DAHNOQ,0.9957600831985474
BIFNOW,DAHNUW,0.9957600831985474
BIFNOW,DAHPAE,0.9962677955627441
BIFNOW,DALSAN,0.9678577780723572
BIFNOW,DALSER,0.9678577780723572
BIFNOW,DAPGUW01,0.9645290374755859
BIFNOW,DAPHAD01,0.9638140201568604
BIFNOW,DECDUN,0.9955965876579285
BIFNOW,DIVMUR,0.9960730671882629
BIFNOW,DIVNAY,0.9879194498062134
BIFORM,BIYLAW01,0.9986763000488281
BIFORM,CAFORM,0.9483379125595093
BIFORM,CAFORM13,0.9483379125595093
BIFORM,CAHMON,0.9954773783683777
BIFORM,CAHMON01,0.9954773783683777
BIFORM,CAHMON02,0.9954773783683777
BIFORM,CAHMON03,0.9954773783683777
BIFORM,CAJHUS,0.9870479702949524
BIFORM,CAJHUS01,0.9870479702949524
BIFORM,CAJHUS02,0.9870479702949524
BIFORM,CAJHUS03,0.9870479702949524
BIFORM,CAJHUS04,0.9870479702949524
BIFORM,COFORM,0.9865953922271729
BIFORM,COFORM01,0.9865953922271729
BIFORM,COFORM11,0.9865953922271729
BIFORM,CUFORD,0.9866888523101807
BIFORM,CUFORD01,0.9866888523101807
BIFORM,CUFORM,0.9866888523101807
BIFORM,CUFORM02,0.9866888523101807
BIFORM,CUFORM03,0.9866888523101807
BIFORM,CUFORM04,0.9866888523101807
BIFORM,CUFORM06,0.9866888523101807
BIFORM,DADTOS,0.9873164296150208
BIFORM,DADTOS01,0.9873164296150208
BIFORM,DADTOS02,0.9873164296150208
BIFORM,DADTOS03,0.9873164296150208
BIFORM,DADTOS04,0.9873164296150208
BIFORM,DADTOS05,0.9873164296150208
BIFORM,DADTOS06,0.9873164296150208
BIFORM,DADTOS07,0.9873164296150208
BIFORM,DADTOS08,0.9873164296150208
BIFORM,DADTOS09,0.9873164296150208
BIFORM,DADTOS10,0.9873164296150208
BIFORM,DADTOS11,0.9873164296150208
BIFORM,DADTOS12,0.9873164296150208
BIFORM,DADTOS13,0.9873164296150208
BIFORM,DADTOS14,0.9873164296150208
BIFORM,DADTOS15,0.9873164296150208
BIFORM,DADTOS16,0.9873164296150208
BIFORM,DADTOS17,0.9873164296150208
BIFORM,DADTOS18,0.9873164296150208
BIFORM,DADTUY,0.9865953922271729
BIFORM,DADTUY01,0.9865953922271729
BIFORM,DADTUY05,0.9865953922271729
BIFORM,DADTUY06,0.9865953922271729
BIFORM,DADTUY07,0.9865953922271729
BIFORM,DADTUY08,0.9865953922271729
BIFORM,DADTUY09,0.9865953922271729
BIFORM,DADTUY10,0.9865953922271729
BIFORM,DADTUY11,0.9865953922271729
BIFORM,DADTUY12,0.9865953922271729
BIFORM,DADVAG,0.986008882522583
BIFORM,DADVAG01,0.986008882522583
BIFORM,DADVAG02,0.986008882522583
BIFORM,DADVAG03,0.986008882522583
BIFORM,DADVAG04,0.986008882522583
BIFORM,DADVAG05,0.986008882522583
BIFORM,DADVAG06,0.986008882522583
BIFORM,DADVAG07,0.986008882522583
BIFORM,DADVAG08,0.986008882522583
BIFORM,DAXNIA,0.9871268272399902
BIFORM,DAXNIA01,0.9871268272399902
BIFORM,DAXNIA02,0.9871268272399902
BIFORM,DAXNIA03,0.9871268272399902
BIFORM,DAXNIA04,0.9871268272399902
BIFORM,DEFNEK,0.9870479702949524
BIFORM,DEFNIO,0.9865953922271729
BIFORM,DEFNOU,0.986008882522583
BIFORM,DEPJIR,0.9871268272399902
BIFORM,DEPJIR01,0.9871268272399902
BIFORM,DIDVIW,0.9873164296150208
BIFSUF,BOSHUN,0.9965023994445801
BIFSUF,BUSMUZ,0.9674572348594666
BIFSUF,CUPHUS,0.9965804815292358
BIFSUF,DAPZAW,0.9944032430648804
BIFSUF,DEHHEG,1.0
BIFSUF,DEHHIK,0.9977757334709167
BIFSUF,DEHHOQ,0.9974996447563171
BIFSUF,DELTAQ,1.0
BIFSUF,DELTAQ01,1.0
BIFSUF,DELTAQ02,1.0
BIFSUF,DELTAQ03,1.0
BIGJEJ,CUXPAN,0.9778347015380859
BIGJEJ,CUXPER,0.9776891469955444
BIGJEJ,CUXPIV,0.9786702990531921
BIGJEJ,CUXPOB,0.9775111675262451
BIGJEJ,CUXPUH,0.9780963063240051
BIGJEJ,CUXQAO,0.9776891469955444
BIGJEJ,CUXQES,0.9781790375709534
BIGJEJ,CUXQIW,0.9775111675262451
BIGJEJ,DAMYOI,0.9775062203407288
BIGJEJ,DAMYUO,0.9780963063240051
BIHVEW,BIHVIA,0.9958264827728271
BIHVEW,BIHVUM,0.9958264827728271
BIHVEW,BUSSEP,0.9864584803581238
BIHVEW,BUSSIT,0.9864584803581238
BIHVEW,BUSTAM,0.9912782907485962
BIHVEW,DAXKIY,0.964512288570404
BIHVEW,DAXKOE,0.964512288570404
BIHVIA,BIHVUM,1.0
BIHVIA,BUSSEP,0.9934701919555664
BIHVIA,BUSSIT,0.9934701919555664
BIHVIA,BUSTAM,0.9964245557785034
BIHVIA,DAXKIY,0.9785740375518799
BIHVIA,DAXKOE,0.9785740375518799
BIHVUM,BUSSEP,0.9934701919555664
BIHVUM,BUSSIT,0.9934701919555664
BIHVUM,BUSTAM,0.9964245557785034
BIHVUM,DAXKIY,0.9785740375518799
BIHVUM,DAXKOE,0.9785740375518799
BIJJOV,CAGXIU,0.9623563885688782
BIJJOV,COWQUC,0.9939473867416382
BIJJOV,COWRAJ,0.9939473867416382
BIJJOV,COWREN,0.9939473867416382
BIJJOV,COWRIR,0.9939473867416382
BIJJOV,COWROX,0.9939473867416382
BIJTAS,CESQUP,0.9663969278335571
BIJTAS,COGNAO,0.9663969278335571
BIJTAS,DARCOQ,0.9965118765830994
BIJTAS,DARCUW,0.9996391534805298
BIJTAS,DARDAD,0.999646008014679
BIJTAS,DARDEH,0.9995414018630981
BIJTAS,DARDIL,0.9996340870857239
BIJTAS,DARDOR,0.999916136264801
BIJTAS,DARDUX,0.9995911717414856
BIJTAS,DARFAF,1.0
BIJTAS,DARFEJ,0.9999803900718689
BIJTAS,DARFIN,0.9999352693557739
BIJTAS,DARFOT,0.9995852708816528
BIKMAL,BIKMAL01,0.9999999403953552
BIKMAL,BIKMEP,0.9997506737709045
BIKMAL,BIKMEP01,0.9997506737709045
BIKMAL01,BIKMEP,0.9997506737709045
BIKMAL01,BIKMEP01,0.9997506737709045
BIKMEP,BIKMEP01,1.0
BIKMEQ,BIKMEQ01,1.0
BIKMEQ,BIKMOA,1.0
BIKMEQ,BIKMUG,1.0
BIKMEQ,BIKNAN,1.0
BIKMEQ,BIKNER,1.0
BIKMEQ,BIKNIV,1.0
BIKMEQ,DAWPEZ,0.9838886857032776
BIKMEQ01,BIKMOA,1.0
BIKMEQ01,BIKMUG,1.0
BIKMEQ01,BIKNAN,1.0
BIKMEQ01,BIKNER,1.0
BIKMEQ01,BIKNIV,1.0
BIKMEQ01,DAWPEZ,0.9838886857032776
BIKMOA,BIKMUG,1.0
BIKMOA,BIKNAN,1.0
BIKMOA,BIKNER,1.0
BIKMOA,BIKNIV,1.0
BIKMOA,DAWPEZ,0.9838886857032776
BIKMUG,BIKNAN,1.0
BIKMUG,BIKNER,1.0
BIKMUG,BIKNIV,1.0
BIKMUG,DAWPEZ,0.9838886857032776
BIKNAN,BIKNER,1.0
BIKNAN,BIKNIV,1.0
BIKNAN,DAWPEZ,0.9838886857032776
BIKNER,BIKNIV,1.0
BIKNER,DAWPEZ,0.9838886857032776
BIKNIV,DAWPEZ,0.9838886857032776
BIKNOB,BIKNUH,1.0
BIMDEF,BIMDIL,1.0
BINROH,BINRUN,0.9965804815292358
BINROH,BINSAU,0.9950717687606812
BINROH,CIQQIE,0.9684215784072876
BINRUN,BINSAU,0.9974996447563171
BINRUN,CIQQIE,0.9674572348594666
BINSAU,CIQQIE,0.9781790375709534
BINSAV,BINSOJ,1.0
BIPXIK,BOWDIC,0.9999999403953552
BIPXIK,BOWDOI,0.9999999403953552
BIPXIK,BOWDUO,0.9999999403953552
BIPXIK,BUVNIR,0.9977757334709167
BIPXIK,BUXCAZ,0.9695334434509277
BIPXIK,CESNUM,0.9939473867416382
BIPXIK,CESYEF,0.9971376657485962
BIPXIK,CESYEF01,0.9971376657485962
BIPXIK,CEYPUT,0.9999999403953552
BIPXIK,CEYPUT01,0.9999999403953552
BIPXIK,CIJBEE,0.9999999403953552
BIPXIK,DARYIF,0.9977757334709167
BIPXIK,DIWFAT,0.9972895383834839
BIQNUN,BIQPAV,0.9999855160713196
BIQNUN,BIQPEZ,0.9996700286865234
BIQNUN,BIQPID,0.9997713565826416
BIQNUN,BIQPOJ,0.9997872710227966
BIQPAV,BIQPEZ,0.9996850490570068
BIQPAV,BIQPID,0.9998589158058167
BIQPAV,BIQPOJ,0.9998542070388794
BIQPEZ,BIQPID,0.9993627667427063
BIQPEZ,BIQPOJ,0.9996788501739502
BIQPID,BIQPOJ,0.9998902082443237
BIRBIQ,BIRBOW,0.9998192191123962
BIRBIQ,BIRBUC,0.9996340870857239
BIRBIQ,BIRCAJ,0.9994805455207825
BIRBOW,BIRBUC,0.9995911717414856
BIRBOW,BIRCAJ,0.9992827773094177
BIRBUC,BIRCAJ,0.999916136264801
BIRGAM,CATART03,0.951238214969635
BIRGAM,CATART04,0.951238214969635
BIRGAM,CEKYIC,1.0
BIRGAM,COZGED,0.9611314535140991
BIRGAM,COZGED01,0.9611314535140991
BIRGAM,CUGQUR,0.9623563885688782
BIRGAM,CUGREC,0.951238214969635
BIRGAM,CUGROM,0.951238214969635
BIRGAM,CUGSIH,0.9534308314323425
BIRGAM,CUGSON,0.9534308314323425
BIRGAM,CUGSUT,0.9534308314323425
BIRGAM,DEHBIC,0.9821406006813049
BITCUE,BOLGUF,0.9848994612693787
BITCUE,BOLHAM,0.9794056415557861
BITCUE,BOLHEQ,0.9826821088790894
BITCUE,BOLHOA,0.9812976121902466
BITCUE,CDCACD,0.9968591928482056
BITCUE,CDCACD01,0.9968591928482056
BITCUE,CEVKET,0.9969467520713806
BITCUE,CEVPID,0.9969467520713806
BITCUE,CEVPID01,0.9969467520713806
BITCUE,COGLOA,0.9969467520713806
BITCUE,CUSYIA,0.9969467520713806
BITCUE,CUSYOG,0.9969467520713806
BITCUE,CUSYUM,0.9969467520713806
BITCUE,CUSZAT,0.9969467520713806
BITCUE,CUSZEX,0.9969467520713806
BITCUE,CUSZIB,0.9969467520713806
BITCUE,CUTCYM01,0.9969467520713806
BITCUE,CUTCYM02,0.9969467520713806
BITCUE,CUTMAH,0.9969467520713806
BITCUE,CUXLEO,0.9969467520713806
BITCUE,CUYDIL,0.9969467520713806
BITCUE,DABMEB,0.9968591928482056
BITCUE,DABMUR,0.9969467520713806
BITCUE,DACHAR,1.0
BITCUE,DALCEZ,0.9969467520713806
BITCUE,DALVAQ,0.9968591928482056
BITCUE,DALVEU,0.981690526008606
BITCUE,DALVIY,0.9812976121902466
BITCUE,DANZEX,0.9959419965744019
BITCUE,DEHRIR,1.0
BITCUE,DIBWUH,0.9969134330749512
BITCUE,DIBXAO,0.9971376657485962
BITLUL,COZSIU,0.9741673469543457
BITLUL,DECVIT,1.0
BIVVOR,CAZLOF,0.9812976121902466
BIVXAG,BUQWER,0.9996275901794434
BIVXAG,CEJFOO,0.9999999403953552
BIVXAG,CEJFUU,0.9972895383834839
BIVXAG,CEJGAB,0.9996292591094971
BIVXAG,CURSEO,0.9996292591094971
BIVXAG,DEGSIS,0.9996275901794434
BIVXAG,DEGSIS01,0.9996275901794434
BIXVEM,BIXVIQ,1.0
BIXVEM,BIXVOW,1.0
BIXVIQ,BIXVOW,1.0
BIYHEX,BIYHOH,0.9823139905929565
BIYHEX,CUCITD,0.9671784043312073
BIYHEX,CUCITD01,0.9671784043312073
BIYHEX,CUCITD02,0.9671784043312073
BIYHEX,CUCITD03,0.9671784043312073
BIYHEX,DINNEV,0.9650025963783264
BIYHOH,CUCITD,0.9661542773246765
BIYHOH,CUCITD01,0.9661542773246765
BIYHOH,CUCITD02,0.9661542773246765
BIYHOH,CUCITD03,0.9661542773246765
BIYHOH,DINNEV,0.9688994288444519
BIYLAW01,CAFORM,0.9527355432510376
BIYLAW01,CAFORM13,0.9527355432510376
BIYLAW01,CAHMON,0.9921848177909851
BIYLAW01,CAHMON01,0.9921848177909851
BIYLAW01,CAHMON02,0.9921848177909851
BIYLAW01,CAHMON03,0.9921848177909851
BIYLAW01,CAJHUS,0.9800522327423096
BIYLAW01,CAJHUS01,0.9800522327423096
BIYLAW01,CAJHUS02,0.9800522327423096
BIYLAW01,CAJHUS03,0.9800522327423096
BIYLAW01,CAJHUS04,0.9800522327423096
BIYLAW01,COFORM,0.9788232445716858
BIYLAW01,COFORM01,0.9788232445716858
BIYLAW01,COFORM11,0.9788232445716858
BIYLAW01,CUFORD,0.9784445762634277
BIYLAW01,CUFORD01,0.9784445762634277
BIYLAW01,CUFORM,0.9784445762634277
BIYLAW01,CUFORM02,0.9784445762634277
BIYLAW01,CUFORM03,0.9784445762634277
BIYLAW01,CUFORM04,0.9784445762634277
BIYLAW01,CUFORM06,0.9784445762634277
BIYLAW01,DADTOS,0.9819706082344055
BIYLAW01,DADTOS01,0.9819706082344055
BIYLAW01,DADTOS02,0.9819706082344055
BIYLAW01,DADTOS03,0.9819706082344055
BIYLAW01,DADTOS04,0.9819706082344055
BIYLAW01,DADTOS05,0.9819706082344055
BIYLAW01,DADTOS06,0.9819706082344055
BIYLAW01,DADTOS07,0.9819706082344055
BIYLAW01,DADTOS08,0.9819706082344055
BIYLAW01,DADTOS09,0.9819706082344055
BIYLAW01,DADTOS10,0.9819706082344055
BIYLAW01,DADTOS11,0.9819706082344055
BIYLAW01,DADTOS12,0.9819706082344055
BIYLAW01,DADTOS13,0.9819706082344055
BIYLAW01,DADTOS14,0.9819706082344055
BIYLAW01,DADTOS15,0.9819706082344055
BIYLAW01,DADTOS16,0.9819706082344055
BIYLAW01,DADTOS17,0.9819706082344055
BIYLAW01,DADTOS18,0.9819706082344055
BIYLAW01,DADTUY,0.9788232445716858
BIYLAW01,DADTUY01,0.9788232445716858
BIYLAW01,DADTUY05,0.9788232445716858
BIYLAW01,DADTUY06,0.9788232445716858
BIYLAW01,DADTUY07,0.9788232445716858
BIYLAW01,DADTUY08,0.9788232445716858
BIYLAW01,DADTUY09,0.9788232445716858
BIYLAW01,DADTUY10,0.9788232445716858
BIYLAW01,DADTUY11,0.9788232445716858
BIYLAW01,DADTUY12,0.9788232445716858
BIYLAW01,DADVAG,0.9778358340263367
BIYLAW01,DADVAG01,0.9778358340263367
BIYLAW01,DADVAG02,0.9778358340263367
BIYLAW01,DADVAG03,0.9778358340263367
BIYLAW01,DADVAG04,0.9778358340263367
BIYLAW01,DADVAG05,0.9778358340263367
BIYLAW01,DADVAG06,0.9778358340263367
BIYLAW01,DADVAG07,0.9778358340263367
BIYLAW01,DADVAG08,0.9778358340263367
BIYLAW01,DAXNIA,0.9797663688659668
BIYLAW01,DAXNIA01,0.9797663688659668
BIYLAW01,DAXNIA02,0.9797663688659668
BIYLAW01,DAXNIA03,0.9797663688659668
BIYLAW01,DAXNIA04,0.9797663688659668
BIYLAW01,DEFNEK,0.9800522327423096
BIYLAW01,DEFNIO,0.9788232445716858
BIYLAW01,DEFNOU,0.9778358340263367
BIYLAW01,DEPJIR,0.9797663688659668
BIYLAW01,DEPJIR01,0.9797663688659668
BIYLAW01,DIDVIW,0.9819706082344055
BIYSUZ,BIYTAG,0.9826657772064209
BIYSUZ,BIYTOU,0.9781790375709534
BIYSUZ,BIYVEM,0.9983987212181091
BIYSUZ,BIYVIQ,0.9985291957855225
BIYSUZ,BUKMUQ,0.9674572348594666
BIYSUZ,BUKMUQ01,0.9674572348594666
BIYSUZ,DITHAS,0.9612045288085938
BIYSUZ,DITHEW,0.9612045288085938
BIYSUZ,DITHEW01,0.9612045288085938
BIYSUZ,DITHOG,0.9612045288085938
BIYSUZ,DITHUM,0.9612045288085938
BIYSUZ,DITJEY,0.9612045288085938
BIYSUZ,DITJEY01,0.9612045288085938
BIYSUZ,DITJOI,0.9612045288085938
BIYTAG,BIYTOU,0.9606602787971497
BIYTAG,BIYVEM,0.9782870411872864
BIYTAG,BIYVIQ,0.9847605228424072
BIYTAG,BUKMUQ,0.9519691467285156
BIYTAG,BUKMUQ01,0.9519691467285156
BIYTAG,DITHAS,0.9654589891433716
BIYTAG,DITHEW,0.9654589891433716
BIYTAG,DITHEW01,0.9654589891433716
BIYTAG,DITHOG,0.9654589891433716
BIYTAG,DITHUM,0.9654589891433716
BIYTAG,DITJEY,0.9654589891433716
BIYTAG,DITJEY01,0.9654589891433716
BIYTAG,DITJOI,0.9654589891433716
BIYTOU,BIYVEM,0.9778347015380859
BIYTOU,BIYVIQ,0.9775111675262451
BIYTOU,BUKMUQ,0.9974996447563171
BIYTOU,BUKMUQ01,0.9974996447563171
BIYTOU,DITHAS,0.9887861013412476
BIYTOU,DITHEW,0.9887861013412476
BIYTOU,DITHEW01,0.9887861013412476
BIYTOU,DITHOG,0.9887861013412476
BIYTOU,DITHUM,0.9887861013412476
BIYTOU,DITJEY,0.9887861013412476
BIYTOU,DITJEY01,0.9887861013412476
BIYTOU,DITJOI,0.9887861013412476
BIYVEM,BIYVIQ,0.9990724921226501
BIYVEM,BUKMUQ,0.9649213552474976
BIYVEM,BUKMUQ01,0.9649213552474976
BIYVEM,DITHAS,0.9546363353729248
BIYVEM,DITHEW,0.9546363353729248
BIYVEM,DITHEW01,0.9546363353729248
BIYVEM,DITHOG,0.9546363353729248
BIYVEM,DITHUM,0.9546363353729248
BIYVEM,DITJEY,0.9546363353729248
BIYVEM,DITJEY01,0.9546363353729248
BIYVEM,DITJOI,0.9546363353729248
BIYVIQ,BUKMUQ,0.9657220840454102
BIYVIQ,BUKMUQ01,0.9657220840454102
BIYVIQ,DITHAS,0.9587392210960388
BIYVIQ,DITHEW,0.9587392210960388
BIYVIQ,DITHEW01,0.9587392210960388
BIYVIQ,DITHOG,0.9587392210960388
BIYVIQ,DITHUM,0.9587392210960388
BIYVIQ,DITJEY,0.9587392210960388
BIYVIQ,DITJEY01,0.9587392210960388
BIYVIQ,DITJOI,0.9587392210960388
BIZMEE,BIZMII,0.9999855160713196
BOBTIW,BOBTOC,1.0
BOBTIW,BOBTUI,1.0
BOBTIW,BOGXIF,1.0
BOBTIW,BOGXIF02,1.0
BOBTIW,BOGXOL,1.0
BOBTOC,BOBTUI,1.0
BOBTOC,BOGXIF,1.0
BOBTOC,BOGXIF02,1.0
BOBTOC,BOGXOL,1.0
BOBTUI,BOGXIF,1.0
BOBTUI,BOGXIF02,1.0
BOBTUI,BOGXOL,1.0
BODPAN,BOHWUS,0.9851822853088379
BODPAN,CADPII,0.9965804815292358
BODPAN,CARGEK,0.9866888523101807
BODPAN,CAVWOO,0.9666798710823059
BODPAN,CEHKUW,0.9922806620597839
BODPAN,CEHLAD,0.9965804815292358
BODPAN,CERPOF,0.9784445762634277
BODPAN,CERPOF01,0.9784445762634277
BODPAN,CIBTIT,0.9950717687606812
BODPAN,CIFMIP,0.9996275901794434
BODPAN,CIPLIX,0.9996275901794434
BODPAN,COSWEO,0.9463676810264587
BODPAN,CUFDOX,0.9801634550094604
BODPAN,CUFDUD,0.9801634550094604
BODPAN,CUFFEP,0.9801634550094604
BODPAN,CUFFIT,0.9801634550094604
BODPAN,CUFFOZ,0.9801634550094604
BODPAN,CUFFUF,0.9801634550094604
BODPAN,CUMLUT,0.9922806620597839
BODPAN,DEPXIG,0.9950717687606812
BODPAN,DEPXOM,0.9950717687606812
BODPAN,DIGPER,0.9663447737693787
BODPAN,DIHVIB,1.0
BODPAN,DIHVIB01,1.0
BODPAN,CIGXIA,0.9985496997833252
BOFJIQ,CECVIQ,0.9637575149536133
BOFJIQ,CECVOW,0.9643369913101196
BOFJIQ,DIJCOP,0.9974996447563171
BOFJIQ,DIJCOP01,0.9974996447563171
BOGXIF,BOGXIF02,1.0
BOGXIF,BOGXOL,1.0
BOGXIF02,BOGXOL,1.0
BOHJOZ,BOHJUF,1.0
BOHJOZ,BOHKAM,1.0
BOHJOZ,BOHXIH,1.0
BOHJOZ,DAQRET,0.994364321231842
BOHJOZ,DAQRET01,0.994364321231842
BOHJOZ,DEHBEY,0.9940944314002991
BOHJUF,BOHKAM,1.0
BOHJUF,BOHXIH,1.0
BOHJUF,DAQRET,0.994364321231842
BOHJUF,DAQRET01,0.994364321231842
BOHJUF,DEHBEY,0.9940944314002991
BOHKAM,BOHXIH,1.0
BOHKAM,DAQRET,0.994364321231842
BOHKAM,DAQRET01,0.994364321231842
BOHKAM,DEHBEY,0.9940944314002991
BOHWOM,COZMUA,0.9877029657363892
BOHWUS,CADPII,0.9838886857032776
BOHWUS,CARGEK,0.9864763617515564
BOHWUS,CAVWOO,0.9937636852264404
BOHWUS,CEHKUW,0.9910537004470825
BOHWUS,CEHLAD,0.9838886857032776
BOHWUS,CERPOF,0.9854522943496704
BOHWUS,CERPOF01,0.9854522943496704
BOHWUS,CIBTIT,0.9932109713554382
BOHWUS,CIFMIP,0.9877029657363892
BOHWUS,CIPLIX,0.9877029657363892
BOHWUS,COSWEO,0.9847813248634338
BOHWUS,CUFDOX,0.991519570350647
BOHWUS,CUFDUD,0.991519570350647
BOHWUS,CUFFEP,0.991519570350647
BOHWUS,CUFFIT,0.991519570350647
BOHWUS,CUFFOZ,0.991519570350647
BOHWUS,CUFFUF,0.991519570350647
BOHWUS,CUMLUT,0.9910537004470825
BOHWUS,DEPXIG,0.9932109713554382
BOHWUS,DEPXOM,0.9932109713554382
BOHWUS,DIGPER,0.9940944314002991
BOHWUS,DIHVIB,0.9851822853088379
BOHWUS,DIHVIB01,0.9851822853088379
BOHWUS,CIGXIA,0.9901922941207886
BOHXED,BOVLII,0.9930660724639893
BOHXED,CAYQAV,0.9781320691108704
BOHXIH,DAQRET,0.994364321231842
BOHXIH,DAQRET01,0.994364321231842
BOHXIH,DEHBEY,0.9940944314002991
BOHYUT,BOHZAA,0.9987545013427734
BOJLOC,BOJLOC01,1.0
BOJYIK,BOJYIK01,1.0
BOJYIK,BUKLOJ,0.9702855944633484
BOJYIK,BUKLOJ01,0.9702855944633484
BOJYIK,BUPVIT,0.9847605228424072
BOJYIK,BUVHEH,0.9847605228424072
BOJYIK,CAVMUJ,0.9858130216598511
BOJYIK,CAVMUJ01,0.9858130216598511
BOJYIK,CAVMUJ02,0.9858130216598511
BOJYIK,CAXTAY,0.9587392210960388
BOJYIK,CEJXOG,0.9994291663169861
BOJYIK,CELDAA,0.9847605228424072
BOJYIK,COMDOY,0.9857187867164612
BOJYIK,CUZBUW,0.9702855944633484
BOJYIK,DIQGUH,0.9859035015106201
BOJYIK,RUBTAK02,0.9939729571342468
BOJYIK,SABVUN01,0.9587392210960388
BOJYIK,SURKAT,0.9939729571342468
BOJYIK01,BUKLOJ,0.9702855944633484
BOJYIK01,BUKLOJ01,0.9702855944633484
BOJYIK01,BUPVIT,0.9847605228424072
BOJYIK01,BUVHEH,0.9847605228424072
BOJYIK01,CAVMUJ,0.9858130216598511
BOJYIK01,CAVMUJ01,0.9858130216598511
BOJYIK01,CAVMUJ02,0.9858130216598511
BOJYIK01,CAXTAY,0.9587392210960388
BOJYIK01,CEJXOG,0.9994291663169861
BOJYIK01,CELDAA,0.9847605228424072
BOJYIK01,COMDOY,0.9857187867164612
BOJYIK01,CUZBUW,0.9702855944633484
BOJYIK01,DIQGUH,0.9859035015106201
BOJYIK01,RUBTAK02,0.9939729571342468
BOJYIK01,SABVUN01,0.9587392210960388
BOJYIK01,SURKAT,0.9939729571342468
BOKQEZ,CIFHIK,1.0
BOKQEZ,CIFHOQ,1.0
BOKQEZ,CIGDUT,0.9781520962715149
BOKQEZ,CIGFAB,0.9775111675262451
BOKQEZ,CIGFEF,0.9756634831428528
BOKQEZ,CIYZAM,0.9781520962715149
BOKQEZ,CIYZAM01,0.9781520962715149
BOKQEZ,CIYZEQ,0.9781452417373657
BOKQEZ,CIYZIU,0.9780963063240051
BOKQEZ,DETVUW,0.9846089482307434
BOLGUF,BOLHAM,0.9977954626083374
BOLGUF,BOLHEQ,0.9967017769813538
BOLGUF,BOLHOA,0.9968496561050415
BOLGUF,CDCACD,0.983322262763977
BOLGUF,CDCACD01,0.983322262763977
BOLGUF,CEVKET,0.9746922850608826
BOLGUF,CEVPID,0.9746922850608826
BOLGUF,CEVPID01,0.9746922850608826
BOLGUF,COGLOA,0.9746922850608826
BOLGUF,CUSYIA,0.9746922850608826
BOLGUF,CUSYOG,0.9746922850608826
BOLGUF,CUSYUM,0.9746922850608826
BOLGUF,CUSZAT,0.9746922850608826
BOLGUF,CUSZEX,0.9746922850608826
BOLGUF,CUSZIB,0.9746922850608826
BOLGUF,CUTCYM01,0.9746922850608826
BOLGUF,CUTCYM02,0.9746922850608826
BOLGUF,CUTMAH,0.9746922850608826
BOLGUF,CUXLEO,0.9746922850608826
BOLGUF,CUYDIL,0.9746922850608826
BOLGUF,DABMEB,0.983322262763977
BOLGUF,DABMUR,0.9746922850608826
BOLGUF,DACHAR,0.9848994612693787
BOLGUF,DALCEZ,0.9746922850608826
BOLGUF,DALVAQ,0.983322262763977
BOLGUF,DALVEU,0.9965118765830994
BOLGUF,DALVIY,0.9968496561050415
BOLGUF,DANZEX,0.9855749607086182
BOLGUF,DEHRIR,0.9848994612693787
BOLGUF,DIBWUH,0.9757223129272461
BOLGUF,DIBXAO,0.977738082408905
BOLHAM,BOLHEQ,0.9990724921226501
BOLHAM,BOLHOA,0.9996404051780701
BOLHAM,CDCACD,0.9799123406410217
BOLHAM,CDCACD01,0.9799123406410217
BOLHAM,CEVKET,0.9649368524551392
BOLHAM,CEVPID,0.9649368524551392
BOLHAM,CEVPID01,0.9649368524551392
BOLHAM,COGLOA,0.9649368524551392
BOLHAM,CUSYIA,0.9649368524551392
BOLHAM,CUSYOG,0.9649368524551392
BOLHAM,CUSYUM,0.9649368524551392
BOLHAM,CUSZAT,0.9649368524551392
BOLHAM,CUSZEX,0.9649368524551392
BOLHAM,CUSZIB,0.9649368524551392
BOLHAM,CUTCYM01,0.9649368524551392
BOLHAM,CUTCYM02,0.9649368524551392
BOLHAM,CUTMAH,0.9649368524551392
BOLHAM,CUXLEO,0.9649368524551392
BOLHAM,CUYDIL,0.9649368524551392
BOLHAM,DABMEB,0.9799123406410217
BOLHAM,DABMUR,0.9649368524551392
BOLHAM,DACHAR,0.9794056415557861
BOLHAM,DALCEZ,0.9649368524551392
BOLHAM,DALVAQ,0.9799123406410217
BOLHAM,DALVEU,0.9995414018630981
BOLHAM,DALVIY,0.9996404051780701
BOLHAM,DANZEX,0.9778347015380859
BOLHAM,DEHRIR,0.9794056415557861
BOLHAM,DIBWUH,0.9657021760940552
BOLHAM,DIBXAO,0.9680224657058716
BOLHEQ,BOLHOA,0.9992827773094177
BOLHEQ,CDCACD,0.9808584451675415
BOLHEQ,CDCACD01,0.9808584451675415
BOLHEQ,CEVKET,0.968285083770752
BOLHEQ,CEVPID,0.968285083770752
BOLHEQ,CEVPID01,0.968285083770752
BOLHEQ,COGLOA,0.968285083770752
BOLHEQ,CUSYIA,0.968285083770752
BOLHEQ,CUSYOG,0.968285083770752
BOLHEQ,CUSYUM,0.968285083770752
BOLHEQ,CUSZAT,0.968285083770752
BOLHEQ,CUSZEX,0.968285083770752
BOLHEQ,CUSZIB,0.968285083770752
BOLHEQ,CUTCYM01,0.968285083770752
BOLHEQ,CUTCYM02,0.968285083770752
BOLHEQ,CUTMAH,0.968285083770752
BOLHEQ,CUXLEO,0.968285083770752
BOLHEQ,CUYDIL,0.968285083770752
BOLHEQ,DABMEB,0.9808584451675415
BOLHEQ,DABMUR,0.968285083770752
BOLHEQ,DACHAR,0.9826821088790894
BOLHEQ,DALCEZ,0.968285083770752
BOLHEQ,DALVAQ,0.9808584451675415
BOLHEQ,DALVEU,0.9995911717414856
BOLHEQ,DALVIY,0.9992827773094177
BOLHEQ,DANZEX,0.9775111675262451
BOLHEQ,DEHRIR,0.9826821088790894
BOLHEQ,DIBWUH,0.9688132405281067
BOLHEQ,DIBXAO,0.9702855944633484
BOLHOA,CDCACD,0.9821406006813049
BOLHOA,CDCACD01,0.9821406006813049
BOLHOA,CEVKET,0.9663447737693787
BOLHOA,CEVPID,0.9663447737693787
BOLHOA,CEVPID01,0.9663447737693787
BOLHOA,COGLOA,0.9663447737693787
BOLHOA,CUSYIA,0.9663447737693787
BOLHOA,CUSYOG,0.9663447737693787
BOLHOA,CUSYUM,0.9663447737693787
BOLHOA,CUSZAT,0.9663447737693787
BOLHOA,CUSZEX,0.9663447737693787
BOLHOA,CUSZIB,0.9663447737693787
BOLHOA,CUTCYM01,0.9663447737693787
BOLHOA,CUTCYM02,0.9663447737693787
BOLHOA,CUTMAH,0.9663447737693787
BOLHOA,CUXLEO,0.9663447737693787
BOLHOA,CUYDIL,0.9663447737693787
BOLHOA,DABMEB,0.9821406006813049
BOLHOA,DABMUR,0.9663447737693787
BOLHOA,DACHAR,0.9812976121902466
BOLHOA,DALCEZ,0.9663447737693787
BOLHOA,DALVAQ,0.9821406006813049
BOLHOA,DALVEU,0.999916136264801
BOLHOA,DALVIY,1.0
BOLHOA,DANZEX,0.9786702990531921
BOLHOA,DEHRIR,0.9812976121902466
BOLHOA,DIBWUH,0.9670003056526184
BOLHOA,DIBXAO,0.9692261815071106
BOLPAU,CANRIU,0.9959937334060669
BOLPAU,CANROA,0.9977757334709167
BOLPAU,CANRUG,0.9386109709739685
BOLPAU,CEMLIS,0.9927337765693665
BOLPAU,CEMLOY,0.9927337765693665
BOMCUB,CAHMAZ,0.9973565340042114
BOMCUB,CALOXM13,0.964512288570404
BOMCUB,CALOXM14,0.964512288570404
BOMCUB,CALOXM15,0.964512288570404
BOMCUB,CALOXM16,0.964512288570404
BOMCUB,CAVMIW,0.9824130535125732
BOMCUB,CAVYUW,0.9946691393852234
BOMCUB,CAYSOL,0.9824130535125732
BOMCUB,CECKIH,0.9795385599136353
BOMCUB,CECKON,0.9809048175811768
BOMCUB,COMFEQ,0.9934752583503723
BOMCUB,COMFIU,0.9941616058349609
BOMCUB,COXHED,0.9809048175811768
BOMCUB,COXHIH,0.9799547791481018
BOMCUB,COXHON,0.9824130535125732
BOMCUB,DAHNOQ,0.9919713735580444
BOMCUB,DAHNUW,0.9919713735580444
BOMCUB,DAHPAE,0.995492160320282
BOMCUB,DALSAN,0.9824130535125732
BOMCUB,DALSER,0.9824130535125732
BOMCUB,DAPGUW01,0.9799547791481018
BOMCUB,DAPHAD01,0.9795385599136353
BOMCUB,DECDUN,0.9999999403953552
BOMCUB,DIVMUR,0.9949494004249573
BOMCUB,DIVNAY,0.988788366317749
BONKUK,BONLIZ,0.9999999403953552
BOPHEV,BOPHIZ,1.0
BOPHEV,CUFJUK,0.9939473867416382
BOPHEV,CUFKAR,0.9939473867416382
BOPHIZ,CUFJUK,0.9939473867416382
BOPHIZ,CUFKAR,0.9939473867416382
BOPWIO,CAKFEB,0.9998704195022583
BOPWIO,CAKFEB01,0.9998704195022583
BOPWIO,CAKFIF,0.9995371103286743
BOPWIO,DAHWAM,0.9994840025901794
BORNEC,BORNIG,0.9993817806243896
BOSHUN,BUSMUZ,0.9687594771385193
BOSHUN,CUPHUS,0.9999494552612305
BOSHUN,DAPZAW,0.9969134330749512
BOSHUN,DEHHEG,0.9965023994445801
BOSHUN,DEHHIK,0.9997506737709045
BOSHUN,DEHHOQ,0.9955241084098816
BOSHUN,DELTAQ,0.9965023994445801
BOSHUN,DELTAQ01,0.9965023994445801
BOSHUN,DELTAQ02,0.9965023994445801
BOSHUN,DELTAQ03,0.9965023994445801
BOVHEB,DEFTAL,0.9656329154968262
BOVHEB,DEFTAL01,0.9656329154968262
BOVLII,CAYQAV,0.9826657772064209
BOWDIC,BOWDOI,0.9999999403953552
BOWDIC,BOWDUO,0.9999999403953552
BOWDIC,BUVNIR,0.9977757334709167
BOWDIC,BUXCAZ,0.9695334434509277
BOWDIC,CESNUM,0.9939473867416382
BOWDIC,CESYEF,0.9971376657485962
BOWDIC,CESYEF01,0.9971376657485962
BOWDIC,CEYPUT,0.9999999403953552
BOWDIC,CEYPUT01,0.9999999403953552
BOWDIC,CIJBEE,0.9999999403953552
BOWDIC,DARYIF,0.9977757334709167
BOWDIC,DIWFAT,0.9972895383834839
BOWDOI,BOWDUO,0.9999999403953552
BOWDOI,BUVNIR,0.9977757334709167
BOWDOI,BUXCAZ,0.9695334434509277
BOWDOI,CESNUM,0.9939473867416382
BOWDOI,CESYEF,0.9971376657485962
BOWDOI,CESYEF01,0.9971376657485962
BOWDOI,CEYPUT,0.9999999403953552
BOWDOI,CEYPUT01,0.9999999403953552
BOWDOI,CIJBEE,0.9999999403953552
BOWDOI,DARYIF,0.9977757334709167
BOWDOI,DIWFAT,0.9972895383834839
BOWDUO,BUVNIR,0.9977757334709167
BOWDUO,BUXCAZ,0.9695334434509277
BOWDUO,CESNUM,0.9939473867416382
BOWDUO,CESYEF,0.9971376657485962
BOWDUO,CESYEF01,0.9971376657485962
BOWDUO,CEYPUT,0.9999999403953552
BOWDUO,CEYPUT01,0.9999999403953552
BOWDUO,CIJBEE,0.9999999403953552
BOWDUO,DARYIF,0.9977757334709167
BOWDUO,DIWFAT,0.9972895383834839
BOWNUY,COTYIV,1.0
BOWNUY,DAGTUD,0.9922806620597839
BOWNUY,DANWAS,0.9965804815292358
BOWTAJ,CAVMUJ03,0.9870377779006958
BOXBEX,BOXDID,0.9843295812606812
BOXBEX,DIPMAS,0.972368061542511
BOXDID,DIPMAS,0.9694830775260925
BOXFAW,BOXFIE,0.9921848177909851
BOXFAW,BOXFOK,0.9820774793624878
BOXFAW,BUFNEW,1.0
BOXFAW,BUFNOG,1.0
BOXFIE,BOXFOK,0.9890161752700806
BOXFIE,BUFNEW,0.9921848177909851
BOXFIE,BUFNOG,0.9921848177909851
BOXFOK,BUFNEW,0.9820774793624878
BOXFOK,BUFNOG,0.9820774793624878
BOXMAE,CITZIP,0.94106525182724
BOXMAE,CIWYUD,0.94106525182724
BOXMAE,DIXKOL,0.94106525182724
BUCXUT,CUGYUA,0.9944032430648804
BUCXUT,DIKBAB01,1.0
BUDDIO,CEJXIA,0.9748807549476624
BUDDIO,CIQHES,0.9410727620124817
BUDDIO,CIQHIW,0.9410727620124817
BUDDIO,CIQHOC,0.9327648282051086
BUDDIO,CORZIU,0.9505798816680908
BUDDIO,CORZOA,0.9505798816680908
BUDDIO,CUKBEQ,0.9376776814460754
BUFNEW,BUFNOG,1.0
BUGSAY,BUGSEC,0.9996340870857239
BUGSAY,BUGSIG,0.999916136264801
BUGSAY,BUGSOM,0.9995911717414856
BUGSEC,BUGSIG,0.9994805455207825
BUGSEC,BUGSOM,0.9998192191123962
BUGSIG,BUGSOM,0.9992827773094177
BUHFER,DITYEM02,1.0
BUKLOJ,BUKLOJ01,0.9999999403953552
BUKLOJ,BUPVIT,0.9650025963783264
BUKLOJ,BUVHEH,0.9650025963783264
BUKLOJ,CAVMUJ,0.9885473847389221
BUKLOJ,CAVMUJ01,0.9885473847389221
BUKLOJ,CAVMUJ02,0.9885473847389221
BUKLOJ,CAXTAY,0.9963989853858948
BUKLOJ,CEJXOG,0.9693228602409363
BUKLOJ,CELDAA,0.9650025963783264
BUKLOJ,COMDOY,0.9935371279716492
BUKLOJ,CUZBUW,0.9999999403953552
BUKLOJ,DIQGUH,0.9463374614715576
BUKLOJ,RUBTAK02,0.9877029657363892
BUKLOJ,SABVUN01,0.9963989853858948
BUKLOJ,SURKAT,0.9877029657363892
BUKLOJ01,BUPVIT,0.9650025963783264
BUKLOJ01,BUVHEH,0.9650025963783264
BUKLOJ01,CAVMUJ,0.9885473847389221
BUKLOJ01,CAVMUJ01,0.9885473847389221
BUKLOJ01,CAVMUJ02,0.9885473847389221
BUKLOJ01,CAXTAY,0.9963989853858948
BUKLOJ01,CEJXOG,0.9693228602409363
BUKLOJ01,CELDAA,0.9650025963783264
BUKLOJ01,COMDOY,0.9935371279716492
BUKLOJ01,CUZBUW,0.9999999403953552
BUKLOJ01,DIQGUH,0.9463374614715576
BUKLOJ01,RUBTAK02,0.9877029657363892
BUKLOJ01,SABVUN01,0.9963989853858948
BUKLOJ01,SURKAT,0.9877029657363892
BUKMUQ,BUKMUQ01,1.0
BUKMUQ,DITHAS,0.9927337765693665
BUKMUQ,DITHEW,0.9927337765693665
BUKMUQ,DITHEW01,0.9927337765693665
BUKMUQ,DITHOG,0.9927337765693665
BUKMUQ,DITHUM,0.9927337765693665
BUKMUQ,DITJEY,0.9927337765693665
BUKMUQ,DITJEY01,0.9927337765693665
BUKMUQ,DITJOI,0.9927337765693665
BUKMUQ01,DITHAS,0.9927337765693665
BUKMUQ01,DITHEW,0.9927337765693665
BUKMUQ01,DITHEW01,0.9927337765693665
BUKMUQ01,DITHOG,0.9927337765693665
BUKMUQ01,DITHUM,0.9927337765693665
BUKMUQ01,DITJEY,0.9927337765693665
BUKMUQ01,DITJEY01,0.9927337765693665
BUKMUQ01,DITJOI,0.9927337765693665
BUKRUW,BUKTAE,1.0
BUKRUW,BUKTEI,1.0
BUKRUW,BUKTIM,1.0
BUKRUW,BUKTOS,1.0
BUKTAE,BUKTEI,1.0
BUKTAE,BUKTIM,1.0
BUKTAE,BUKTOS,1.0
BUKTEI,BUKTIM,1.0
BUKTEI,BUKTOS,1.0
BUKTIM,BUKTOS,1.0
BUNKUS,BUNLAZ,1.0
BUPDUM,BUPFAU,1.0
BUPDUM,BUPFEY,1.0
BUPFAU,BUPFEY,1.0
BUPJUS,BUPKED,1.0
BUPVEP,DIJWID,0.9650025963783264
BUPVIT,BUVHEH,0.9999999403953552
BUPVIT,CAVMUJ,0.9736005067825317
BUPVIT,CAVMUJ01,0.9736005067825317
BUPVIT,CAVMUJ02,0.9736005067825317
BUPVIT,CAXTAY,0.9654589891433716
BUPVIT,CEJXOG,0.979163408279419
BUPVIT,CELDAA,0.9999999403953552
BUPVIT,COMDOY,0.9792416095733643
BUPVIT,CUZBUW,0.9650025963783264
BUPVIT,DIQGUH,0.9714387059211731
BUPVIT,RUBTAK02,0.9781320691108704
BUPVIT,SABVUN01,0.9654589891433716
BUPVIT,SURKAT,0.9781320691108704
BUQWER,CEJFOO,0.9996275901794434
BUQWER,CEJFUU,0.9950717687606812
BUQWER,CEJGAB,0.9985496997833252
BUQWER,CURSEO,0.9985496997833252
BUQWER,DEGSIS,1.0
BUQWER,DEGSIS01,1.0
BUSMUY,BUVWOF02,0.9996292591094971
BUSMUY,BUVWOF03,0.9996292591094971
BUSMUY,BUVXOG,0.9996292591094971
BUSMUY,BUVXOG01,0.9996292591094971
BUSMUY,BUVYEX,0.9996292591094971
BUSMUY,BUVYIB,0.9996292591094971
BUSMUY,BUVYIB01,0.9996292591094971
BUSMUZ,CUPHUS,0.9684215784072876
BUSMUZ,DAPZAW,0.981744110584259
BUSMUZ,DEHHEG,0.9674572348594666
BUSMUZ,DEHHIK,0.970555305480957
BUSMUZ,DEHHOQ,0.9781790375709534
BUSMUZ,DELTAQ,0.9674572348594666
BUSMUZ,DELTAQ01,0.9674572348594666
BUSMUZ,DELTAQ02,0.9674572348594666
BUSMUZ,DELTAQ03,0.9674572348594666
BUSQIQ,CAQCAZ,0.9715579152107239
BUSQIQ,CASTEW,0.9715579152107239
BUSQIQ,CEMJOV,0.9715579152107239
BUSQIQ,CIZQOT,0.9927337765693665
BUSQIQ,CIZQUZ,0.9927337765693665
BUSQIQ,CUKXAJ,0.9849830865859985
BUSQIQ,CUKXEN,0.9849830865859985
BUSQIQ,CUKXIR,0.9887861013412476
BUSQIQ,DAHMIJ,0.9849830865859985
BUSQIQ,DEJJEK,0.9797062277793884
BUSQIQ,DITXOU,0.9927337765693665
BUSSEP,BUSSIT,0.9999999403953552
BUSSEP,BUSTAM,0.9977362751960754
BUSSEP,DAXKIY,0.9919713735580444
BUSSEP,DAXKOE,0.9919713735580444
BUSSIT,BUSTAM,0.9977362751960754
BUSSIT,DAXKIY,0.9919713735580444
BUSSIT,DAXKOE,0.9919713735580444
BUSTAM,DAXKIY,0.9898862242698669
BUSTAM,DAXKOE,0.9898862242698669
BUSXAP,BUSXET,0.9972895383834839
BUVHEH,CAVMUJ,0.9736005067825317
BUVHEH,CAVMUJ01,0.9736005067825317
BUVHEH,CAVMUJ02,0.9736005067825317
BUVHEH,CAXTAY,0.9654589891433716
BUVHEH,CEJXOG,0.979163408279419
BUVHEH,CELDAA,0.9999999403953552
BUVHEH,COMDOY,0.9792416095733643
BUVHEH,CUZBUW,0.9650025963783264
BUVHEH,DIQGUH,0.9714387059211731
BUVHEH,RUBTAK02,0.9781320691108704
BUVHEH,SABVUN01,0.9654589891433716
BUVHEH,SURKAT,0.9781320691108704
BUVNIR,BUXCAZ,0.9652349948883057
BUVNIR,CESNUM,0.9962353706359863
BUVNIR,CESYEF,0.9944032430648804
BUVNIR,CESYEF01,0.9944032430648804
BUVNIR,CEYPUT,0.9977757334709167
BUVNIR,CEYPUT01,0.9977757334709167
BUVNIR,CIJBEE,0.9977757334709167
BUVNIR,DARYIF,1.0
BUVNIR,DIWFAT,0.9974996447563171
BUVPUF,CIFGUT,0.9679427742958069
BUVPUF,DEXXAF,0.9679427742958069
BUVTOD,BUVTUJ,0.9977362751960754
BUVTOD,BUVVAR,0.9994630217552185
BUVTOD,BUVVEV,0.999613344669342
BUVTOD,BUVVIZ,0.9991112351417542
BUVTOD,BUVVOF,0.9988340735435486
BUVTUJ,BUVVAR,0.9970894455909729
BUVTUJ,BUVVEV,0.9985299110412598
BUVTUJ,BUVVIZ,0.9987543821334839
BUVTUJ,BUVVOF,0.9972487688064575
BUVVAR,BUVVEV,0.9996544122695923
BUVVAR,BUVVIZ,0.9990724921226501
BUVVAR,BUVVOF,0.9995414018630981
BUVVEV,BUVVIZ,0.9998192191123962
BUVVEV,BUVVOF,0.9996340870857239
BUVVIZ,BUVVOF,0.9995911717414856
BUVWOF02,BUVWOF03,1.0
BUVWOF02,BUVXOG,1.0
BUVWOF02,BUVXOG01,1.0
BUVWOF02,BUVYEX,1.0
BUVWOF02,BUVYIB,1.0
BUVWOF02,BUVYIB01,1.0
BUVWOF03,BUVXOG,1.0
BUVWOF03,BUVXOG01,1.0
BUVWOF03,BUVYEX,1.0
BUVWOF03,BUVYIB,1.0
BUVWOF03,BUVYIB01,1.0
BUVXOG,BUVXOG01,1.0
BUVXOG,BUVYEX,1.0
BUVXOG,BUVYIB,1.0
BUVXOG,BUVYIB01,1.0
BUVXOG01,BUVYEX,1.0
BUVXOG01,BUVYIB,1.0
BUVXOG01,BUVYIB01,1.0
BUVYEX,BUVYIB,1.0
BUVYEX,BUVYIB01,1.0
BUVYIB,BUVYIB01,1.0
BUXCAZ,CESNUM,0.9801182150840759
BUXCAZ,CESYEF,0.9813579320907593
BUXCAZ,CESYEF01,0.9813579320907593
BUXCAZ,CEYPUT,0.9695334434509277
BUXCAZ,CEYPUT01,0.9695334434509277
BUXCAZ,CIJBEE,0.9695334434509277
BUXCAZ,DARYIF,0.9652349948883057
BUXCAZ,DIWFAT,0.9776891469955444
BUXTIZ,BUXTUL,1.0
BUZKUE,CISLUN,1.0
BUZKUE,DAWWAC,0.9996275901794434
BUZKUE,DEGJIK,1.0
CABQEB,CIQYUX,0.9999999403953552
CABQEB,DAYMAS,0.9977757334709167
CABQEB,DIDBIE,0.9877029657363892
CADPII,CARGEK,0.9871268272399902
CADPII,CAVWOO,0.9663969278335571
CADPII,CEHKUW,0.9962353706359863
CADPII,CEHLAD,1.0
CADPII,CERPOF,0.9797663688659668
CADPII,CERPOF01,0.9797663688659668
CADPII,CIBTIT,0.9974996447563171
CADPII,CIFMIP,0.9977757334709167
CADPII,CIPLIX,0.9977757334709167
CADPII,COSWEO,0.9455037117004395
CADPII,CUFDOX,0.9795385599136353
CADPII,CUFDUD,0.9795385599136353
CADPII,CUFFEP,0.9795385599136353
CADPII,CUFFIT,0.9795385599136353
CADPII,CUFFOZ,0.9795385599136353
CADPII,CUFFUF,0.9795385599136353
CADPII,CUMLUT,0.9962353706359863
CADPII,DEPXIG,0.9974996447563171
CADPII,DEPXOM,0.9974996447563171
CADPII,DIGPER,0.9665710926055908
CADPII,DIHVIB,0.9965804815292358
CADPII,DIHVIB01,0.9965804815292358
CADPII,CIGXIA,0.9982883334159851
CADQAB,CADQOP,0.9823139905929565
CADQAB,CAQHEK,0.9991112351417542
CADQAB,CAQHOU,0.9991112351417542
CADQAB,CAQVOI,0.9991112351417542
CADQAB,CAXVOO,0.9722643494606018
CADQAB,CAXWAB,0.9722643494606018
CADQAB,COKMEW,0.9722643494606018
CADQAB,COKMIA,0.9688994288444519
CADQAB,COKMOG,0.9661542773246765
CADQAB,COKMUM,0.9774142503738403
CADQAB,COKNAT,0.9637575149536133
CADQAB,COKNIB,0.9661542773246765
CADQAB,COKNIB01,0.9661542773246765
CADQAB,COKNIB02,0.9661542773246765
CADQAB,COKNOH,0.9722643494606018
CADQAB,COKNOH01,0.9722643494606018
CADQAB,COKNUN,0.9774142503738403
CADQAB,COKNUN01,0.9774142503738403
CADQAB,COKNUN02,0.9774142503738403
CADQAB,COKPEZ,0.9603390693664551
CADQAB,COKPID,0.9722643494606018
CADQAB,COKPOJ,0.9688994288444519
CADQAB,COKPUP,0.9637575149536133
CADQAB,COKQAW,0.9661542773246765
CADQAB,COKQEA,0.9688994288444519
CADQAB,COKQIE,0.9722643494606018
CADQAB,COKQOK,0.9637575149536133
CADQAB,CUVTUJ,0.9688994288444519
CADQOP,CAQHEK,0.9847605228424072
CADQOP,CAQHOU,0.9847605228424072
CADQOP,CAQVOI,0.9847605228424072
CADQOP,CAXVOO,0.9635240435600281
CADQOP,CAXWAB,0.9635240435600281
CADQOP,COKMEW,0.9635240435600281
CADQOP,COKMIA,0.9650025963783264
CADQOP,COKMOG,0.9671784043312073
CADQOP,COKMUM,0.9606602787971497
CADQOP,COKNAT,0.9519691467285156
CADQOP,COKNIB,0.9671784043312073
CADQOP,COKNIB01,0.9671784043312073
CADQOP,COKNIB02,0.9671784043312073
CADQOP,COKNOH,0.9635240435600281
CADQOP,COKNOH01,0.9635240435600281
CADQOP,COKNUN,0.9606602787971497
CADQOP,COKNUN01,0.9606602787971497
CADQOP,COKNUN02,0.9606602787971497
CADQOP,COKPEZ,0.9499404430389404
CADQOP,COKPID,0.9635240435600281
CADQOP,COKPOJ,0.9650025963783264
CADQOP,COKPUP,0.9519691467285156
CADQOP,COKQAW,0.9671784043312073
CADQOP,COKQEA,0.9650025963783264
CADQOP,COKQIE,0.9635240435600281
CADQOP,COKQOK,0.9519691467285156
CADQOP,CUVTUJ,0.9650025963783264
CAFORM,CAFORM13,1.0
CAFORM,CAHMON,0.951238214969635
CAFORM,CAHMON01,0.951238214969635
CAFORM,CAHMON02,0.951238214969635
CAFORM,CAHMON03,0.951238214969635
CAFORM,CAJHUS,0.9506864547729492
CAFORM,CAJHUS01,0.9506864547729492
CAFORM,CAJHUS02,0.9506864547729492
CAFORM,CAJHUS03,0.9506864547729492
CAFORM,CAJHUS04,0.9506864547729492
CAFORM,COFORM,0.9463374614715576
CAFORM,COFORM01,0.9463374614715576
CAFORM,COFORM11,0.9463374614715576
CAFORM,CUFORD,0.9424089789390564
CAFORM,CUFORD01,0.9424089789390564
CAFORM,CUFORM,0.9424089789390564
CAFORM,CUFORM02,0.9424089789390564
CAFORM,CUFORM03,0.9424089789390564
CAFORM,CUFORM04,0.9424089789390564
CAFORM,CUFORM06,0.9424089789390564
CAFORM,DADTOS,0.9573289155960083
CAFORM,DADTOS01,0.9573289155960083
CAFORM,DADTOS02,0.9573289155960083
CAFORM,DADTOS03,0.9573289155960083
CAFORM,DADTOS04,0.9573289155960083
CAFORM,DADTOS05,0.9573289155960083
CAFORM,DADTOS06,0.9573289155960083
CAFORM,DADTOS07,0.9573289155960083
CAFORM,DADTOS08,0.9573289155960083
CAFORM,DADTOS09,0.9573289155960083
CAFORM,DADTOS10,0.9573289155960083
CAFORM,DADTOS11,0.9573289155960083
CAFORM,DADTOS12,0.9573289155960083
CAFORM,DADTOS13,0.9573289155960083
CAFORM,DADTOS14,0.9573289155960083
CAFORM,DADTOS15,0.9573289155960083
CAFORM,DADTOS16,0.9573289155960083
CAFORM,DADTOS17,0.9573289155960083
CAFORM,DADTOS18,0.9573289155960083
CAFORM,DADTUY,0.9463374614715576
CAFORM,DADTUY01,0.9463374614715576
CAFORM,DADTUY05,0.9463374614715576
CAFORM,DADTUY06,0.9463374614715576
CAFORM,DADTUY07,0.9463374614715576
CAFORM,DADTUY08,0.9463374614715576
CAFORM,DADTUY09,0.9463374614715576
CAFORM,DADTUY10,0.9463374614715576
CAFORM,DADTUY11,0.9463374614715576
CAFORM,DADTUY12,0.9463374614715576
CAFORM,DADVAG,0.9441367387771606
CAFORM,DADVAG01,0.9441367387771606
CAFORM,DADVAG02,0.9441367387771606
CAFORM,DADVAG03,0.9441367387771606
CAFORM,DADVAG04,0.9441367387771606
CAFORM,DADVAG05,0.9441367387771606
CAFORM,DADVAG06,0.9441367387771606
CAFORM,DADVAG07,0.9441367387771606
CAFORM,DADVAG08,0.9441367387771606
CAFORM,DAXNIA,0.9386109709739685
CAFORM,DAXNIA01,0.9386109709739685
CAFORM,DAXNIA02,0.9386109709739685
CAFORM,DAXNIA03,0.9386109709739685
CAFORM,DAXNIA04,0.9386109709739685
CAFORM,DEFNEK,0.9506864547729492
CAFORM,DEFNIO,0.9463374614715576
CAFORM,DEFNOU,0.9441367387771606
CAFORM,DEPJIR,0.9386109709739685
CAFORM,DEPJIR01,0.9386109709739685
CAFORM,DIDVIW,0.9573289155960083
CAFORM13,CAHMON,0.951238214969635
CAFORM13,CAHMON01,0.951238214969635
CAFORM13,CAHMON02,0.951238214969635
CAFORM13,CAHMON03,0.951238214969635
CAFORM13,CAJHUS,0.9506864547729492
CAFORM13,CAJHUS01,0.9506864547729492
CAFORM13,CAJHUS02,0.9506864547729492
CAFORM13,CAJHUS03,0.9506864547729492
CAFORM13,CAJHUS04,0.9506864547729492
CAFORM13,COFORM,0.9463374614715576
CAFORM13,COFORM01,0.9463374614715576
CAFORM13,COFORM11,0.9463374614715576
CAFORM13,CUFORD,0.9424089789390564
CAFORM13,CUFORD01,0.9424089789390564
CAFORM13,CUFORM,0.9424089789390564
CAFORM13,CUFORM02,0.9424089789390564
CAFORM13,CUFORM03,0.9424089789390564
CAFORM13,CUFORM04,0.9424089789390564
CAFORM13,CUFORM06,0.9424089789390564
CAFORM13,DADTOS,0.9573289155960083
CAFORM13,DADTOS01,0.9573289155960083
CAFORM13,DADTOS02,0.9573289155960083
CAFORM13,DADTOS03,0.9573289155960083
CAFORM13,DADTOS04,0.9573289155960083
CAFORM13,DADTOS05,0.9573289155960083
CAFORM13,DADTOS06,0.9573289155960083
CAFORM13,DADTOS07,0.9573289155960083
CAFORM13,DADTOS08,0.9573289155960083
CAFORM13,DADTOS09,0.9573289155960083
CAFORM13,DADTOS10,0.9573289155960083
CAFORM13,DADTOS11,0.9573289155960083
CAFORM13,DADTOS12,0.9573289155960083
CAFORM13,DADTOS13,0.9573289155960083
CAFORM13,DADTOS14,0.9573289155960083
CAFORM13,DADTOS15,0.9573289155960083
CAFORM13,DADTOS16,0.9573289155960083
CAFORM13,DADTOS17,0.9573289155960083
CAFORM13,DADTOS18,0.9573289155960083
CAFORM13,DADTUY,0.9463374614715576
CAFORM13,DADTUY01,0.9463374614715576
CAFORM13,DADTUY05,0.9463374614715576
CAFORM13,DADTUY06,0.9463374614715576
CAFORM13,DADTUY07,0.9463374614715576
CAFORM13,DADTUY08,0.9463374614715576
CAFORM13,DADTUY09,0.9463374614715576
CAFORM13,DADTUY10,0.9463374614715576
CAFORM13,DADTUY11,0.9463374614715576
CAFORM13,DADTUY12,0.9463374614715576
CAFORM13,DADVAG,0.9441367387771606
CAFORM13,DADVAG01,0.9441367387771606
CAFORM13,DADVAG02,0.9441367387771606
CAFORM13,DADVAG03,0.9441367387771606
CAFORM13,DADVAG04,0.9441367387771606
CAFORM13,DADVAG05,0.9441367387771606
CAFORM13,DADVAG06,0.9441367387771606
CAFORM13,DADVAG07,0.9441367387771606
CAFORM13,DADVAG08,0.9441367387771606
CAFORM13,DAXNIA,0.9386109709739685
CAFORM13,DAXNIA01,0.9386109709739685
CAFORM13,DAXNIA02,0.9386109709739685
CAFORM13,DAXNIA03,0.9386109709739685
CAFORM13,DAXNIA04,0.9386109709739685
CAFORM13,DEFNEK,0.9506864547729492
CAFORM13,DEFNIO,0.9463374614715576
CAFORM13,DEFNOU,0.9441367387771606
CAFORM13,DEPJIR,0.9386109709739685
CAFORM13,DEPJIR01,0.9386109709739685
CAFORM13,DIDVIW,0.9573289155960083
CAGSAG,CAXSUR,0.9927337765693665
CAGSAG,CIFDOM,0.9974996447563171
CAGSAG,CIFDUS,0.9974996447563171
CAGSAG,DADXUE,0.9962353706359863
CAGSAG,DICPUD,0.9592462778091431
CAGXIU,COWQUC,0.9499646425247192
CAGXIU,COWRAJ,0.9499646425247192
CAGXIU,COWREN,0.9499646425247192
CAGXIU,COWRIR,0.9499646425247192
CAGXIU,COWROX,0.9499646425247192
CAHMAZ,CALOXM13,0.9483379125595093
CAHMAZ,CALOXM14,0.9483379125595093
CAHMAZ,CALOXM15,0.9483379125595093
CAHMAZ,CALOXM16,0.9483379125595093
CAHMAZ,CAVMIW,0.9870479702949524
CAHMAZ,CAVYUW,0.9855638742446899
CAHMAZ,CAYSOL,0.9870479702949524
CAHMAZ,CECKIH,0.9871268272399902
CAHMAZ,CECKON,0.9865953922271729
CAHMAZ,COMFEQ,0.9839211702346802
CAHMAZ,COMFIU,0.9848137497901917
CAHMAZ,COXHED,0.9865953922271729
CAHMAZ,COXHIH,0.986008882522583
CAHMAZ,COXHON,0.9870479702949524
CAHMAZ,DAHNOQ,0.9831216335296631
CAHMAZ,DAHNUW,0.9831216335296631
CAHMAZ,DAHPAE,0.986968994140625
CAHMAZ,DALSAN,0.9870479702949524
CAHMAZ,DALSER,0.9870479702949524
CAHMAZ,DAPGUW01,0.986008882522583
CAHMAZ,DAPHAD01,0.9871268272399902
CAHMAZ,DECDUN,0.9973565340042114
CAHMAZ,DIVMUR,0.9859470725059509
CAHMAZ,DIVNAY,0.9800933003425598
CAHMON,CAHMON01,1.0
CAHMON,CAHMON02,1.0
CAHMON,CAHMON03,1.0
CAHMON,CAJHUS,0.9955214262008667
CAHMON,CAJHUS01,0.9955214262008667
CAHMON,CAJHUS02,0.9955214262008667
CAHMON,CAJHUS03,0.9955214262008667
CAHMON,CAJHUS04,0.9955214262008667
CAHMON,COFORM,0.9939473867416382
CAHMON,COFORM01,0.9939473867416382
CAHMON,COFORM11,0.9939473867416382
CAHMON,CUFORD,0.9922806620597839
CAHMON,CUFORD01,0.9922806620597839
CAHMON,CUFORM,0.9922806620597839
CAHMON,CUFORM02,0.9922806620597839
CAHMON,CUFORM03,0.9922806620597839
CAHMON,CUFORM04,0.9922806620597839
CAHMON,CUFORM06,0.9922806620597839
CAHMON,DADTOS,0.9970499873161316
CAHMON,DADTOS01,0.9970499873161316
CAHMON,DADTOS02,0.9970499873161316
CAHMON,DADTOS03,0.9970499873161316
CAHMON,DADTOS04,0.9970499873161316
CAHMON,DADTOS05,0.9970499873161316
CAHMON,DADTOS06,0.9970499873161316
CAHMON,DADTOS07,0.9970499873161316
CAHMON,DADTOS08,0.9970499873161316
CAHMON,DADTOS09,0.9970499873161316
CAHMON,DADTOS10,0.9970499873161316
CAHMON,DADTOS11,0.9970499873161316
CAHMON,DADTOS12,0.9970499873161316
CAHMON,DADTOS13,0.9970499873161316
CAHMON,DADTOS14,0.9970499873161316
CAHMON,DADTOS15,0.9970499873161316
CAHMON,DADTOS16,0.9970499873161316
CAHMON,DADTOS17,0.9970499873161316
CAHMON,DADTOS18,0.9970499873161316
CAHMON,DADTUY,0.9939473867416382
CAHMON,DADTUY01,0.9939473867416382
CAHMON,DADTUY05,0.9939473867416382
CAHMON,DADTUY06,0.9939473867416382
CAHMON,DADTUY07,0.9939473867416382
CAHMON,DADTUY08,0.9939473867416382
CAHMON,DADTUY09,0.9939473867416382
CAHMON,DADTUY10,0.9939473867416382
CAHMON,DADTUY11,0.9939473867416382
CAHMON,DADTUY12,0.9939473867416382
CAHMON,DADVAG,0.9921966195106506
CAHMON,DADVAG01,0.9921966195106506
CAHMON,DADVAG02,0.9921966195106506
CAHMON,DADVAG03,0.9921966195106506
CAHMON,DADVAG04,0.9921966195106506
CAHMON,DADVAG05,0.9921966195106506
CAHMON,DADVAG06,0.9921966195106506
CAHMON,DADVAG07,0.9921966195106506
CAHMON,DADVAG08,0.9921966195106506
CAHMON,DAXNIA,0.9962353706359863
CAHMON,DAXNIA01,0.9962353706359863
CAHMON,DAXNIA02,0.9962353706359863
CAHMON,DAXNIA03,0.9962353706359863
CAHMON,DAXNIA04,0.9962353706359863
CAHMON,DEFNEK,0.9955214262008667
CAHMON,DEFNIO,0.9939473867416382
CAHMON,DEFNOU,0.9921966195106506
CAHMON,DEPJIR,0.9962353706359863
CAHMON,DEPJIR01,0.9962353706359863
CAHMON,DIDVIW,0.9970499873161316
CAHMON01,CAHMON02,1.0
CAHMON01,CAHMON03,1.0
CAHMON01,CAJHUS,0.9955214262008667
CAHMON01,CAJHUS01,0.9955214262008667
CAHMON01,CAJHUS02,0.9955214262008667
CAHMON01,CAJHUS03,0.9955214262008667
CAHMON01,CAJHUS04,0.9955214262008667
CAHMON01,COFORM,0.9939473867416382
CAHMON01,COFORM01,0.9939473867416382
CAHMON01,COFORM11,0.9939473867416382
CAHMON01,CUFORD,0.9922806620597839
CAHMON01,CUFORD01,0.9922806620597839
CAHMON01,CUFORM,0.9922806620597839
CAHMON01,CUFORM02,0.9922806620597839
CAHMON01,CUFORM03,0.9922806620597839
CAHMON01,CUFORM04,0.9922806620597839
CAHMON01,CUFORM06,0.9922806620597839
CAHMON01,DADTOS,0.9970499873161316
CAHMON01,DADTOS01,0.9970499873161316
CAHMON01,DADTOS02,0.9970499873161316
CAHMON01,DADTOS03,0.9970499873161316
CAHMON01,DADTOS04,0.9970499873161316
CAHMON01,DADTOS05,0.9970499873161316
CAHMON01,DADTOS06,0.9970499873161316
CAHMON01,DADTOS07,0.9970499873161316
CAHMON01,DADTOS08,0.9970499873161316
CAHMON01,DADTOS09,0.9970499873161316
CAHMON01,DADTOS10,0.9970499873161316
CAHMON01,DADTOS11,0.9970499873161316
CAHMON01,DADTOS12,0.9970499873161316
CAHMON01,DADTOS13,0.9970499873161316
CAHMON01,DADTOS14,0.9970499873161316
CAHMON01,DADTOS15,0.9970499873161316
CAHMON01,DADTOS16,0.9970499873161316
CAHMON01,DADTOS17,0.9970499873161316
CAHMON01,DADTOS18,0.9970499873161316
CAHMON01,DADTUY,0.9939473867416382
CAHMON01,DADTUY01,0.9939473867416382
CAHMON01,DADTUY05,0.9939473867416382
CAHMON01,DADTUY06,0.9939473867416382
CAHMON01,DADTUY07,0.9939473867416382
CAHMON01,DADTUY08,0.9939473867416382
CAHMON01,DADTUY09,0.9939473867416382
CAHMON01,DADTUY10,0.9939473867416382
CAHMON01,DADTUY11,0.9939473867416382
CAHMON01,DADTUY12,0.9939473867416382
CAHMON01,DADVAG,0.9921966195106506
CAHMON01,DADVAG01,0.9921966195106506
CAHMON01,DADVAG02,0.9921966195106506
CAHMON01,DADVAG03,0.9921966195106506
CAHMON01,DADVAG04,0.9921966195106506
CAHMON01,DADVAG05,0.9921966195106506
CAHMON01,DADVAG06,0.9921966195106506
CAHMON01,DADVAG07,0.9921966195106506
CAHMON01,DADVAG08,0.9921966195106506
CAHMON01,DAXNIA,0.9962353706359863
CAHMON01,DAXNIA01,0.9962353706359863
CAHMON01,DAXNIA02,0.9962353706359863
CAHMON01,DAXNIA03,0.9962353706359863
CAHMON01,DAXNIA04,0.9962353706359863
CAHMON01,DEFNEK,0.9955214262008667
CAHMON01,DEFNIO,0.9939473867416382
CAHMON01,DEFNOU,0.9921966195106506
CAHMON01,DEPJIR,0.9962353706359863
CAHMON01,DEPJIR01,0.9962353706359863
CAHMON01,DIDVIW,0.9970499873161316
CAHMON02,CAHMON03,1.0
CAHMON02,CAJHUS,0.9955214262008667
CAHMON02,CAJHUS01,0.9955214262008667
CAHMON02,CAJHUS02,0.9955214262008667
CAHMON02,CAJHUS03,0.9955214262008667
CAHMON02,CAJHUS04,0.9955214262008667
CAHMON02,COFORM,0.9939473867416382
CAHMON02,COFORM01,0.9939473867416382
CAHMON02,COFORM11,0.9939473867416382
CAHMON02,CUFORD,0.9922806620597839
CAHMON02,CUFORD01,0.9922806620597839
CAHMON02,CUFORM,0.9922806620597839
CAHMON02,CUFORM02,0.9922806620597839
CAHMON02,CUFORM03,0.9922806620597839
CAHMON02,CUFORM04,0.9922806620597839
CAHMON02,CUFORM06,0.9922806620597839
CAHMON02,DADTOS,0.9970499873161316
CAHMON02,DADTOS01,0.9970499873161316
CAHMON02,DADTOS02,0.9970499873161316
CAHMON02,DADTOS03,0.9970499873161316
CAHMON02,DADTOS04,0.9970499873161316
CAHMON02,DADTOS05,0.9970499873161316
CAHMON02,DADTOS06,0.9970499873161316
CAHMON02,DADTOS07,0.9970499873161316
CAHMON02,DADTOS08,0.9970499873161316
CAHMON02,DADTOS09,0.9970499873161316
CAHMON02,DADTOS10,0.9970499873161316
CAHMON02,DADTOS11,0.9970499873161316
CAHMON02,DADTOS12,0.9970499873161316
CAHMON02,DADTOS13,0.9970499873161316
CAHMON02,DADTOS14,0.9970499873161316
CAHMON02,DADTOS15,0.9970499873161316
CAHMON02,DADTOS16,0.9970499873161316
CAHMON02,DADTOS17,0.9970499873161316
CAHMON02,DADTOS18,0.9970499873161316
CAHMON02,DADTUY,0.9939473867416382
CAHMON02,DADTUY01,0.9939473867416382
CAHMON02,DADTUY05,0.9939473867416382
CAHMON02,DADTUY06,0.9939473867416382
CAHMON02,DADTUY07,0.9939473867416382
CAHMON02,DADTUY08,0.9939473867416382
CAHMON02,DADTUY09,0.9939473867416382
CAHMON02,DADTUY10,0.9939473867416382
CAHMON02,DADTUY11,0.9939473867416382
CAHMON02,DADTUY12,0.9939473867416382
CAHMON02,DADVAG,0.9921966195106506
CAHMON02,DADVAG01,0.9921966195106506
CAHMON02,DADVAG02,0.9921966195106506
CAHMON02,DADVAG03,0.9921966195106506
CAHMON02,DADVAG04,0.9921966195106506
CAHMON02,DADVAG05,0.9921966195106506
CAHMON02,DADVAG06,0.9921966195106506
CAHMON02,DADVAG07,0.9921966195106506
CAHMON02,DADVAG08,0.9921966195106506
CAHMON02,DAXNIA,0.9962353706359863
CAHMON02,DAXNIA01,0.9962353706359863
CAHMON02,DAXNIA02,0.9962353706359863
CAHMON02,DAXNIA03,0.9962353706359863
CAHMON02,DAXNIA04,0.9962353706359863
CAHMON02,DEFNEK,0.9955214262008667
CAHMON02,DEFNIO,0.9939473867416382
CAHMON02,DEFNOU,0.9921966195106506
CAHMON02,DEPJIR,0.9962353706359863
CAHMON02,DEPJIR01,0.9962353706359863
CAHMON02,DIDVIW,0.9970499873161316
CAHMON03,CAJHUS,0.9955214262008667
CAHMON03,CAJHUS01,0.9955214262008667
CAHMON03,CAJHUS02,0.9955214262008667
CAHMON03,CAJHUS03,0.9955214262008667
CAHMON03,CAJHUS04,0.9955214262008667
CAHMON03,COFORM,0.9939473867416382
CAHMON03,COFORM01,0.9939473867416382
CAHMON03,COFORM11,0.9939473867416382
CAHMON03,CUFORD,0.9922806620597839
CAHMON03,CUFORD01,0.9922806620597839
CAHMON03,CUFORM,0.9922806620597839
CAHMON03,CUFORM02,0.9922806620597839
CAHMON03,CUFORM03,0.9922806620597839
CAHMON03,CUFORM04,0.9922806620597839
CAHMON03,CUFORM06,0.9922806620597839
CAHMON03,DADTOS,0.9970499873161316
CAHMON03,DADTOS01,0.9970499873161316
CAHMON03,DADTOS02,0.9970499873161316
CAHMON03,DADTOS03,0.9970499873161316
CAHMON03,DADTOS04,0.9970499873161316
CAHMON03,DADTOS05,0.9970499873161316
CAHMON03,DADTOS06,0.9970499873161316
CAHMON03,DADTOS07,0.9970499873161316
CAHMON03,DADTOS08,0.9970499873161316
CAHMON03,DADTOS09,0.9970499873161316
CAHMON03,DADTOS10,0.9970499873161316
CAHMON03,DADTOS11,0.9970499873161316
CAHMON03,DADTOS12,0.9970499873161316
CAHMON03,DADTOS13,0.9970499873161316
CAHMON03,DADTOS14,0.9970499873161316
CAHMON03,DADTOS15,0.9970499873161316
CAHMON03,DADTOS16,0.9970499873161316
CAHMON03,DADTOS17,0.9970499873161316
CAHMON03,DADTOS18,0.9970499873161316
CAHMON03,DADTUY,0.9939473867416382
CAHMON03,DADTUY01,0.9939473867416382
CAHMON03,DADTUY05,0.9939473867416382
CAHMON03,DADTUY06,0.9939473867416382
CAHMON03,DADTUY07,0.9939473867416382
CAHMON03,DADTUY08,0.9939473867416382
CAHMON03,DADTUY09,0.9939473867416382
CAHMON03,DADTUY10,0.9939473867416382
CAHMON03,DADTUY11,0.9939473867416382
CAHMON03,DADTUY12,0.9939473867416382
CAHMON03,DADVAG,0.9921966195106506
CAHMON03,DADVAG01,0.9921966195106506
CAHMON03,DADVAG02,0.9921966195106506
CAHMON03,DADVAG03,0.9921966195106506
CAHMON03,DADVAG04,0.9921966195106506
CAHMON03,DADVAG05,0.9921966195106506
CAHMON03,DADVAG06,0.9921966195106506
CAHMON03,DADVAG07,0.9921966195106506
CAHMON03,DADVAG08,0.9921966195106506
CAHMON03,DAXNIA,0.9962353706359863
CAHMON03,DAXNIA01,0.9962353706359863
CAHMON03,DAXNIA02,0.9962353706359863
CAHMON03,DAXNIA03,0.9962353706359863
CAHMON03,DAXNIA04,0.9962353706359863
CAHMON03,DEFNEK,0.9955214262008667
CAHMON03,DEFNIO,0.9939473867416382
CAHMON03,DEFNOU,0.9921966195106506
CAHMON03,DEPJIR,0.9962353706359863
CAHMON03,DEPJIR01,0.9962353706359863
CAHMON03,DIDVIW,0.9970499873161316
CAJHUS,CAJHUS01,1.0
CAJHUS,CAJHUS02,1.0
CAJHUS,CAJHUS03,1.0
CAJHUS,CAJHUS04,1.0
CAJHUS,COFORM,0.9996292591094971
CAJHUS,COFORM01,0.9996292591094971
CAJHUS,COFORM11,0.9996292591094971
CAJHUS,CUFORD,0.9985496997833252
CAJHUS,CUFORD01,0.9985496997833252
CAJHUS,CUFORM,0.9985496997833252
CAJHUS,CUFORM02,0.9985496997833252
CAJHUS,CUFORM03,0.9985496997833252
CAJHUS,CUFORM04,0.9985496997833252
CAJHUS,CUFORM06,0.9985496997833252
CAJHUS,DADTOS,0.9989085793495178
CAJHUS,DADTOS01,0.9989085793495178
CAJHUS,DADTOS02,0.9989085793495178
CAJHUS,DADTOS03,0.9989085793495178
CAJHUS,DADTOS04,0.9989085793495178
CAJHUS,DADTOS05,0.9989085793495178
CAJHUS,DADTOS06,0.9989085793495178
CAJHUS,DADTOS07,0.9989085793495178
CAJHUS,DADTOS08,0.9989085793495178
CAJHUS,DADTOS09,0.9989085793495178
CAJHUS,DADTOS10,0.9989085793495178
CAJHUS,DADTOS11,0.9989085793495178
CAJHUS,DADTOS12,0.9989085793495178
CAJHUS,DADTOS13,0.9989085793495178
CAJHUS,DADTOS14,0.9989085793495178
CAJHUS,DADTOS15,0.9989085793495178
CAJHUS,DADTOS16,0.9989085793495178
CAJHUS,DADTOS17,0.9989085793495178
CAJHUS,DADTOS18,0.9989085793495178
CAJHUS,DADTUY,0.9996292591094971
CAJHUS,DADTUY01,0.9996292591094971
CAJHUS,DADTUY05,0.9996292591094971
CAJHUS,DADTUY06,0.9996292591094971
CAJHUS,DADTUY07,0.9996292591094971
CAJHUS,DADTUY08,0.9996292591094971
CAJHUS,DADTUY09,0.9996292591094971
CAJHUS,DADTUY10,0.9996292591094971
CAJHUS,DADTUY11,0.9996292591094971
CAJHUS,DADTUY12,0.9996292591094971
CAJHUS,DADVAG,0.9988105893135071
CAJHUS,DADVAG01,0.9988105893135071
CAJHUS,DADVAG02,0.9988105893135071
CAJHUS,DADVAG03,0.9988105893135071
CAJHUS,DADVAG04,0.9988105893135071
CAJHUS,DADVAG05,0.9988105893135071
CAJHUS,DADVAG06,0.9988105893135071
CAJHUS,DADVAG07,0.9988105893135071
CAJHUS,DADVAG08,0.9988105893135071
CAJHUS,DAXNIA,0.9982883334159851
CAJHUS,DAXNIA01,0.9982883334159851
CAJHUS,DAXNIA02,0.9982883334159851
CAJHUS,DAXNIA03,0.9982883334159851
CAJHUS,DAXNIA04,0.9982883334159851
CAJHUS,DEFNEK,1.0
CAJHUS,DEFNIO,0.9996292591094971
CAJHUS,DEFNOU,0.9988105893135071
CAJHUS,DEPJIR,0.9982883334159851
CAJHUS,DEPJIR01,0.9982883334159851
CAJHUS,DIDVIW,0.9989085793495178
CAJHUS01,CAJHUS02,1.0
CAJHUS01,CAJHUS03,1.0
CAJHUS01,CAJHUS04,1.0
CAJHUS01,COFORM,0.9996292591094971
CAJHUS01,COFORM01,0.9996292591094971
CAJHUS01,COFORM11,0.9996292591094971
CAJHUS01,CUFORD,0.9985496997833252
CAJHUS01,CUFORD01,0.9985496997833252
CAJHUS01,CUFORM,0.9985496997833252
CAJHUS01,CUFORM02,0.9985496997833252
CAJHUS01,CUFORM03,0.9985496997833252
CAJHUS01,CUFORM04,0.9985496997833252
CAJHUS01,CUFORM06,0.9985496997833252
CAJHUS01,DADTOS,0.9989085793495178
CAJHUS01,DADTOS01,0.9989085793495178
CAJHUS01,DADTOS02,0.9989085793495178
CAJHUS01,DADTOS03,0.9989085793495178
CAJHUS01,DADTOS04,0.9989085793495178
CAJHUS01,DADTOS05,0.9989085793495178
CAJHUS01,DADTOS06,0.9989085793495178
CAJHUS01,DADTOS07,0.9989085793495178
CAJHUS01,DADTOS08,0.9989085793495178
CAJHUS01,DADTOS09,0.9989085793495178
CAJHUS01,DADTOS10,0.9989085793495178
CAJHUS01,DADTOS11,0.9989085793495178
CAJHUS01,DADTOS12,0.9989085793495178
CAJHUS01,DADTOS13,0.9989085793495178
CAJHUS01,DADTOS14,0.9989085793495178
CAJHUS01,DADTOS15,0.9989085793495178
CAJHUS01,DADTOS16,0.9989085793495178
CAJHUS01,DADTOS17,0.9989085793495178
CAJHUS01,DADTOS18,0.9989085793495178
CAJHUS01,DADTUY,0.9996292591094971
CAJHUS01,DADTUY01,0.9996292591094971
CAJHUS01,DADTUY05,0.9996292591094971
CAJHUS01,DADTUY06,0.9996292591094971
CAJHUS01,DADTUY07,0.9996292591094971
CAJHUS01,DADTUY08,0.9996292591094971
CAJHUS01,DADTUY09,0.9996292591094971
CAJHUS01,DADTUY10,0.9996292591094971
CAJHUS01,DADTUY11,0.9996292591094971
CAJHUS01,DADTUY12,0.9996292591094971
CAJHUS01,DADVAG,0.9988105893135071
CAJHUS01,DADVAG01,0.9988105893135071
CAJHUS01,DADVAG02,0.9988105893135071
CAJHUS01,DADVAG03,0.9988105893135071
CAJHUS01,DADVAG04,0.9988105893135071
CAJHUS01,DADVAG05,0.9988105893135071
CAJHUS01,DADVAG06,0.9988105893135071
CAJHUS01,DADVAG07,0.9988105893135071
CAJHUS01,DADVAG08,0.9988105893135071
CAJHUS01,DAXNIA,0.9982883334159851
CAJHUS01,DAXNIA01,0.9982883334159851
CAJHUS01,DAXNIA02,0.9982883334159851
CAJHUS01,DAXNIA03,0.9982883334159851
CAJHUS01,DAXNIA04,0.9982883334159851
CAJHUS01,DEFNEK,1.0
CAJHUS01,DEFNIO,0.9996292591094971
CAJHUS01,DEFNOU,0.9988105893135071
CAJHUS01,DEPJIR,0.9982883334159851
CAJHUS01,DEPJIR01,0.9982883334159851
CAJHUS01,DIDVIW,0.9989085793495178
CAJHUS02,CAJHUS03,1.0
CAJHUS02,CAJHUS04,1.0
CAJHUS02,COFORM,0.9996292591094971
CAJHUS02,COFORM01,0.9996292591094971
CAJHUS02,COFORM11,0.9996292591094971
CAJHUS02,CUFORD,0.9985496997833252
CAJHUS02,CUFORD01,0.9985496997833252
CAJHUS02,CUFORM,0.9985496997833252
CAJHUS02,CUFORM02,0.9985496997833252
CAJHUS02,CUFORM03,0.9985496997833252
CAJHUS02,CUFORM04,0.9985496997833252
CAJHUS02,CUFORM06,0.9985496997833252
CAJHUS02,DADTOS,0.9989085793495178
CAJHUS02,DADTOS01,0.9989085793495178
CAJHUS02,DADTOS02,0.9989085793495178
CAJHUS02,DADTOS03,0.9989085793495178
CAJHUS02,DADTOS04,0.9989085793495178
CAJHUS02,DADTOS05,0.9989085793495178
CAJHUS02,DADTOS06,0.9989085793495178
CAJHUS02,DADTOS07,0.9989085793495178
CAJHUS02,DADTOS08,0.9989085793495178
CAJHUS02,DADTOS09,0.9989085793495178
CAJHUS02,DADTOS10,0.9989085793495178
CAJHUS02,DADTOS11,0.9989085793495178
CAJHUS02,DADTOS12,0.9989085793495178
CAJHUS02,DADTOS13,0.9989085793495178
CAJHUS02,DADTOS14,0.9989085793495178
CAJHUS02,DADTOS15,0.9989085793495178
CAJHUS02,DADTOS16,0.9989085793495178
CAJHUS02,DADTOS17,0.9989085793495178
CAJHUS02,DADTOS18,0.9989085793495178
CAJHUS02,DADTUY,0.9996292591094971
CAJHUS02,DADTUY01,0.9996292591094971
CAJHUS02,DADTUY05,0.9996292591094971
CAJHUS02,DADTUY06,0.9996292591094971
CAJHUS02,DADTUY07,0.9996292591094971
CAJHUS02,DADTUY08,0.9996292591094971
CAJHUS02,DADTUY09,0.9996292591094971
CAJHUS02,DADTUY10,0.9996292591094971
CAJHUS02,DADTUY11,0.9996292591094971
CAJHUS02,DADTUY12,0.9996292591094971
CAJHUS02,DADVAG,0.9988105893135071
CAJHUS02,DADVAG01,0.9988105893135071
CAJHUS02,DADVAG02,0.9988105893135071
CAJHUS02,DADVAG03,0.9988105893135071
CAJHUS02,DADVAG04,0.9988105893135071
CAJHUS02,DADVAG05,0.9988105893135071
CAJHUS02,DADVAG06,0.9988105893135071
CAJHUS02,DADVAG07,0.9988105893135071
CAJHUS02,DADVAG08,0.9988105893135071
CAJHUS02,DAXNIA,0.9982883334159851
CAJHUS02,DAXNIA01,0.9982883334159851
CAJHUS02,DAXNIA02,0.9982883334159851
CAJHUS02,DAXNIA03,0.9982883334159851
CAJHUS02,DAXNIA04,0.9982883334159851
CAJHUS02,DEFNEK,1.0
CAJHUS02,DEFNIO,0.9996292591094971
CAJHUS02,DEFNOU,0.9988105893135071
CAJHUS02,DEPJIR,0.9982883334159851
CAJHUS02,DEPJIR01,0.9982883334159851
CAJHUS02,DIDVIW,0.9989085793495178
CAJHUS03,CAJHUS04,1.0
CAJHUS03,COFORM,0.9996292591094971
CAJHUS03,COFORM01,0.9996292591094971
CAJHUS03,COFORM11,0.9996292591094971
CAJHUS03,CUFORD,0.9985496997833252
CAJHUS03,CUFORD01,0.9985496997833252
CAJHUS03,CUFORM,0.9985496997833252
CAJHUS03,CUFORM02,0.9985496997833252
CAJHUS03,CUFORM03,0.9985496997833252
CAJHUS03,CUFORM04,0.9985496997833252
CAJHUS03,CUFORM06,0.9985496997833252
CAJHUS03,DADTOS,0.9989085793495178
CAJHUS03,DADTOS01,0.9989085793495178
CAJHUS03,DADTOS02,0.9989085793495178
CAJHUS03,DADTOS03,0.9989085793495178
CAJHUS03,DADTOS04,0.9989085793495178
CAJHUS03,DADTOS05,0.9989085793495178
CAJHUS03,DADTOS06,0.9989085793495178
CAJHUS03,DADTOS07,0.9989085793495178
CAJHUS03,DADTOS08,0.9989085793495178
CAJHUS03,DADTOS09,0.9989085793495178
CAJHUS03,DADTOS10,0.9989085793495178
CAJHUS03,DADTOS11,0.9989085793495178
CAJHUS03,DADTOS12,0.9989085793495178
CAJHUS03,DADTOS13,0.9989085793495178
CAJHUS03,DADTOS14,0.9989085793495178
CAJHUS03,DADTOS15,0.9989085793495178
CAJHUS03,DADTOS16,0.9989085793495178
CAJHUS03,DADTOS17,0.9989085793495178
CAJHUS03,DADTOS18,0.9989085793495178
CAJHUS03,DADTUY,0.9996292591094971
CAJHUS03,DADTUY01,0.9996292591094971
CAJHUS03,DADTUY05,0.9996292591094971
CAJHUS03,DADTUY06,0.9996292591094971
CAJHUS03,DADTUY07,0.9996292591094971
CAJHUS03,DADTUY08,0.9996292591094971
CAJHUS03,DADTUY09,0.9996292591094971
CAJHUS03,DADTUY10,0.9996292591094971
CAJHUS03,DADTUY11,0.9996292591094971
CAJHUS03,DADTUY12,0.9996292591094971
CAJHUS03,DADVAG,0.9988105893135071
CAJHUS03,DADVAG01,0.9988105893135071
CAJHUS03,DADVAG02,0.9988105893135071
CAJHUS03,DADVAG03,0.9988105893135071
CAJHUS03,DADVAG04,0.9988105893135071
CAJHUS03,DADVAG05,0.9988105893135071
CAJHUS03,DADVAG06,0.9988105893135071
CAJHUS03,DADVAG07,0.9988105893135071
CAJHUS03,DADVAG08,0.9988105893135071
CAJHUS03,DAXNIA,0.9982883334159851
CAJHUS03,DAXNIA01,0.9982883334159851
CAJHUS03,DAXNIA02,0.9982883334159851
CAJHUS03,DAXNIA03,0.9982883334159851
CAJHUS03,DAXNIA04,0.9982883334159851
CAJHUS03,DEFNEK,1.0
CAJHUS03,DEFNIO,0.9996292591094971
CAJHUS03,DEFNOU,0.9988105893135071
CAJHUS03,DEPJIR,0.9982883334159851
CAJHUS03,DEPJIR01,0.9982883334159851
CAJHUS03,DIDVIW,0.9989085793495178
CAJHUS04,COFORM,0.9996292591094971
CAJHUS04,COFORM01,0.9996292591094971
CAJHUS04,COFORM11,0.9996292591094971
CAJHUS04,CUFORD,0.9985496997833252
CAJHUS04,CUFORD01,0.9985496997833252
CAJHUS04,CUFORM,0.9985496997833252
CAJHUS04,CUFORM02,0.9985496997833252
CAJHUS04,CUFORM03,0.9985496997833252
CAJHUS04,CUFORM04,0.9985496997833252
CAJHUS04,CUFORM06,0.9985496997833252
CAJHUS04,DADTOS,0.9989085793495178
CAJHUS04,DADTOS01,0.9989085793495178
CAJHUS04,DADTOS02,0.9989085793495178
CAJHUS04,DADTOS03,0.9989085793495178
CAJHUS04,DADTOS04,0.9989085793495178
CAJHUS04,DADTOS05,0.9989085793495178
CAJHUS04,DADTOS06,0.9989085793495178
CAJHUS04,DADTOS07,0.9989085793495178
CAJHUS04,DADTOS08,0.9989085793495178
CAJHUS04,DADTOS09,0.9989085793495178
CAJHUS04,DADTOS10,0.9989085793495178
CAJHUS04,DADTOS11,0.9989085793495178
CAJHUS04,DADTOS12,0.9989085793495178
CAJHUS04,DADTOS13,0.9989085793495178
CAJHUS04,DADTOS14,0.9989085793495178
CAJHUS04,DADTOS15,0.9989085793495178
CAJHUS04,DADTOS16,0.9989085793495178
CAJHUS04,DADTOS17,0.9989085793495178
CAJHUS04,DADTOS18,0.9989085793495178
CAJHUS04,DADTUY,0.9996292591094971
CAJHUS04,DADTUY01,0.9996292591094971
CAJHUS04,DADTUY05,0.9996292591094971
CAJHUS04,DADTUY06,0.9996292591094971
CAJHUS04,DADTUY07,0.9996292591094971
CAJHUS04,DADTUY08,0.9996292591094971
CAJHUS04,DADTUY09,0.9996292591094971
CAJHUS04,DADTUY10,0.9996292591094971
CAJHUS04,DADTUY11,0.9996292591094971
CAJHUS04,DADTUY12,0.9996292591094971
CAJHUS04,DADVAG,0.9988105893135071
CAJHUS04,DADVAG01,0.9988105893135071
CAJHUS04,DADVAG02,0.9988105893135071
CAJHUS04,DADVAG03,0.9988105893135071
CAJHUS04,DADVAG04,0.9988105893135071
CAJHUS04,DADVAG05,0.9988105893135071
CAJHUS04,DADVAG06,0.9988105893135071
CAJHUS04,DADVAG07,0.9988105893135071
CAJHUS04,DADVAG08,0.9988105893135071
CAJHUS04,DAXNIA,0.9982883334159851
CAJHUS04,DAXNIA01,0.9982883334159851
CAJHUS04,DAXNIA02,0.9982883334159851
CAJHUS04,DAXNIA03,0.9982883334159851
CAJHUS04,DAXNIA04,0.9982883334159851
CAJHUS04,DEFNEK,1.0
CAJHUS04,DEFNIO,0.9996292591094971
CAJHUS04,DEFNOU,0.9988105893135071
CAJHUS04,DEPJIR,0.9982883334159851
CAJHUS04,DEPJIR01,0.9982883334159851
CAJHUS04,DIDVIW,0.9989085793495178
CAJTOX,CAJTUD,1.0
CAKFEB,CAKFEB01,1.0
CAKFEB,CAKFIF,0.9992827773094177
CAKFEB,DAHWAM,0.9994805455207825
CAKFEB01,CAKFIF,0.9992827773094177
CAKFEB01,DAHWAM,0.9994805455207825
CAKFIF,DAHWAM,0.9998192191123962
CAKLOR,CETFOX,0.9643369913101196
CAKLOR,CIHFUU,0.9607003927230835
CAKLOR,DEKZEA,0.9455037117004395
CAKLOR,DINNIZ,0.9974996447563171
CALOXM13,CALOXM14,1.0
CALOXM13,CALOXM15,1.0
CALOXM13,CALOXM16,1.0
CALOXM13,CAVMIW,0.9506864547729492
CALOXM13,CAVYUW,0.9841887950897217
CALOXM13,CAYSOL,0.9506864547729492
CALOXM13,CECKIH,0.9386109709739685
CALOXM13,CECKON,0.9463374614715576
CALOXM13,COMFEQ,0.985809862613678
CALOXM13,COMFIU,0.9859035015106201
CALOXM13,COXHED,0.9463374614715576
CALOXM13,COXHIH,0.9441367387771606
CALOXM13,COXHON,0.9506864547729492
CALOXM13,DAHNOQ,0.9864584803581238
CALOXM13,DAHNUW,0.9864584803581238
CALOXM13,DAHPAE,0.9809977412223816
CALOXM13,DALSAN,0.9506864547729492
CALOXM13,DALSER,0.9506864547729492
CALOXM13,DAPGUW01,0.9441367387771606
CALOXM13,DAPHAD01,0.9386109709739685
CALOXM13,DECDUN,0.964512288570404
CALOXM13,DIVMUR,0.9834380745887756
CALOXM13,DIVNAY,0.9899851083755493
CALOXM14,CALOXM15,1.0
CALOXM14,CALOXM16,1.0
CALOXM14,CAVMIW,0.9506864547729492
CALOXM14,CAVYUW,0.9841887950897217
CALOXM14,CAYSOL,0.9506864547729492
CALOXM14,CECKIH,0.9386109709739685
CALOXM14,CECKON,0.9463374614715576
CALOXM14,COMFEQ,0.985809862613678
CALOXM14,COMFIU,0.9859035015106201
CALOXM14,COXHED,0.9463374614715576
CALOXM14,COXHIH,0.9441367387771606
CALOXM14,COXHON,0.9506864547729492
CALOXM14,DAHNOQ,0.9864584803581238
CALOXM14,DAHNUW,0.9864584803581238
CALOXM14,DAHPAE,0.9809977412223816
CALOXM14,DALSAN,0.9506864547729492
CALOXM14,DALSER,0.9506864547729492
CALOXM14,DAPGUW01,0.9441367387771606
CALOXM14,DAPHAD01,0.9386109709739685
CALOXM14,DECDUN,0.964512288570404
CALOXM14,DIVMUR,0.9834380745887756
CALOXM14,DIVNAY,0.9899851083755493
CALOXM15,CALOXM16,1.0
CALOXM15,CAVMIW,0.9506864547729492
CALOXM15,CAVYUW,0.9841887950897217
CALOXM15,CAYSOL,0.9506864547729492
CALOXM15,CECKIH,0.9386109709739685
CALOXM15,CECKON,0.9463374614715576
CALOXM15,COMFEQ,0.985809862613678
CALOXM15,COMFIU,0.9859035015106201
CALOXM15,COXHED,0.9463374614715576
CALOXM15,COXHIH,0.9441367387771606
CALOXM15,COXHON,0.9506864547729492
CALOXM15,DAHNOQ,0.9864584803581238
CALOXM15,DAHNUW,0.9864584803581238
CALOXM15,DAHPAE,0.9809977412223816
CALOXM15,DALSAN,0.9506864547729492
CALOXM15,DALSER,0.9506864547729492
CALOXM15,DAPGUW01,0.9441367387771606
CALOXM15,DAPHAD01,0.9386109709739685
CALOXM15,DECDUN,0.964512288570404
CALOXM15,DIVMUR,0.9834380745887756
CALOXM15,DIVNAY,0.9899851083755493
CALOXM16,CAVMIW,0.9506864547729492
CALOXM16,CAVYUW,0.9841887950897217
CALOXM16,CAYSOL,0.9506864547729492
CALOXM16,CECKIH,0.9386109709739685
CALOXM16,CECKON,0.9463374614715576
CALOXM16,COMFEQ,0.985809862613678
CALOXM16,COMFIU,0.9859035015106201
CALOXM16,COXHED,0.9463374614715576
CALOXM16,COXHIH,0.9441367387771606
CALOXM16,COXHON,0.9506864547729492
CALOXM16,DAHNOQ,0.9864584803581238
CALOXM16,DAHNUW,0.9864584803581238
CALOXM16,DAHPAE,0.9809977412223816
CALOXM16,DALSAN,0.9506864547729492
CALOXM16,DALSER,0.9506864547729492
CALOXM16,DAPGUW01,0.9441367387771606
CALOXM16,DAPHAD01,0.9386109709739685
CALOXM16,DECDUN,0.964512288570404
CALOXM16,DIVMUR,0.9834380745887756
CALOXM16,DIVNAY,0.9899851083755493
CANRIU,CANROA,0.9963152408599854
CANRIU,CANRUG,0.9445696473121643
CANRIU,CEMLIS,0.9929812550544739
CANRIU,CEMLOY,0.9929812550544739
CANROA,CANRUG,0.9463374614715576
CANROA,CEMLIS,0.9963989853858948
CANROA,CEMLOY,0.9963989853858948
CANRUG,CEMLIS,0.934018075466156
CANRUG,CEMLOY,0.934018075466156
CANYIB,CIKCOQ,0.9939473867416382
CAPLOX,CUWWOI,0.9985299110412598
CAQCAZ,CASTEW,0.9999999403953552
CAQCAZ,CEMJOV,0.9999999403953552
CAQCAZ,CIZQOT,0.9795385599136353
CAQCAZ,CIZQUZ,0.9795385599136353
CAQCAZ,CUKXAJ,0.9920910000801086
CAQCAZ,CUKXEN,0.9920910000801086
CAQCAZ,CUKXIR,0.9846089482307434
CAQCAZ,DAHMIJ,0.9920910000801086
CAQCAZ,DEJJEK,0.9807055592536926
CAQCAZ,DITXOU,0.9795385599136353
CAQHEK,CAQHOU,1.0
CAQHEK,CAQVOI,1.0
CAQHEK,CAXVOO,0.9731024503707886
CAQHEK,CAXWAB,0.9731024503707886
CAQHEK,COKMEW,0.9731024503707886
CAQHEK,COKMIA,0.9702855944633484
CAQHEK,COKMOG,0.968285083770752
CAQHEK,COKMUM,0.9775111675262451
CAQHEK,COKNAT,0.9657220840454102
CAQHEK,COKNIB,0.968285083770752
CAQHEK,COKNIB01,0.968285083770752
CAQHEK,COKNIB02,0.968285083770752
CAQHEK,COKNOH,0.9731024503707886
CAQHEK,COKNOH01,0.9731024503707886
CAQHEK,COKNUN,0.9775111675262451
CAQHEK,COKNUN01,0.9775111675262451
CAQHEK,COKNUN02,0.9775111675262451
CAQHEK,COKPEZ,0.9592116475105286
CAQHEK,COKPID,0.9731024503707886
CAQHEK,COKPOJ,0.9702855944633484
CAQHEK,COKPUP,0.9657220840454102
CAQHEK,COKQAW,0.968285083770752
CAQHEK,COKQEA,0.9702855944633484
CAQHEK,COKQIE,0.9731024503707886
CAQHEK,COKQOK,0.9657220840454102
CAQHEK,CUVTUJ,0.9702855944633484
CAQHOU,CAQVOI,1.0
CAQHOU,CAXVOO,0.9731024503707886
CAQHOU,CAXWAB,0.9731024503707886
CAQHOU,COKMEW,0.9731024503707886
CAQHOU,COKMIA,0.9702855944633484
CAQHOU,COKMOG,0.968285083770752
CAQHOU,COKMUM,0.9775111675262451
CAQHOU,COKNAT,0.9657220840454102
CAQHOU,COKNIB,0.968285083770752
CAQHOU,COKNIB01,0.968285083770752
CAQHOU,COKNIB02,0.968285083770752
CAQHOU,COKNOH,0.9731024503707886
CAQHOU,COKNOH01,0.9731024503707886
CAQHOU,COKNUN,0.9775111675262451
CAQHOU,COKNUN01,0.9775111675262451
CAQHOU,COKNUN02,0.9775111675262451
CAQHOU,COKPEZ,0.9592116475105286
CAQHOU,COKPID,0.9731024503707886
CAQHOU,COKPOJ,0.9702855944633484
CAQHOU,COKPUP,0.9657220840454102
CAQHOU,COKQAW,0.968285083770752
CAQHOU,COKQEA,0.9702855944633484
CAQHOU,COKQIE,0.9731024503707886
CAQHOU,COKQOK,0.9657220840454102
CAQHOU,CUVTUJ,0.9702855944633484
CAQJOW,CAQKAJ,0.9999999403953552
CAQJOW,CAQKAJ01,0.9999999403953552
CAQJOW,DEKYOK,0.9702855944633484
CAQKAJ,CAQKAJ01,0.9999999403953552
CAQKAJ,DEKYOK,0.9702855944633484
CAQKAJ01,DEKYOK,0.9702855944633484
CAQVOI,CAXVOO,0.9731024503707886
CAQVOI,CAXWAB,0.9731024503707886
CAQVOI,COKMEW,0.9731024503707886
CAQVOI,COKMIA,0.9702855944633484
CAQVOI,COKMOG,0.968285083770752
CAQVOI,COKMUM,0.9775111675262451
CAQVOI,COKNAT,0.9657220840454102
CAQVOI,COKNIB,0.968285083770752
CAQVOI,COKNIB01,0.968285083770752
CAQVOI,COKNIB02,0.968285083770752
CAQVOI,COKNOH,0.9731024503707886
CAQVOI,COKNOH01,0.9731024503707886
CAQVOI,COKNUN,0.9775111675262451
CAQVOI,COKNUN01,0.9775111675262451
CAQVOI,COKNUN02,0.9775111675262451
CAQVOI,COKPEZ,0.9592116475105286
CAQVOI,COKPID,0.9731024503707886
CAQVOI,COKPOJ,0.9702855944633484
CAQVOI,COKPUP,0.9657220840454102
CAQVOI,COKQAW,0.968285083770752
CAQVOI,COKQEA,0.9702855944633484
CAQVOI,COKQIE,0.9731024503707886
CAQVOI,COKQOK,0.9657220840454102
CAQVOI,CUVTUJ,0.9702855944633484
CARFOT,CARFUZ,0.9965804815292358
CARGEK,CAVWOO,0.9848597049713135
CARGEK,CEHKUW,0.9954773783683777
CARGEK,CEHLAD,0.9871268272399902
CARGEK,CERPOF,0.9986763000488281
CARGEK,CERPOF01,0.9986763000488281
CARGEK,CIBTIT,0.9873164296150208
CARGEK,CIFMIP,0.9865953922271729
CARGEK,CIPLIX,0.9865953922271729
CARGEK,COSWEO,0.9641532897949219
CARGEK,CUFDOX,0.9973565340042114
CARGEK,CUFDUD,0.9973565340042114
CARGEK,CUFFEP,0.9973565340042114
CARGEK,CUFFIT,0.9973565340042114
CARGEK,CUFFOZ,0.9973565340042114
CARGEK,CUFFUF,0.9973565340042114
CARGEK,CUMLUT,0.9954773783683777
CARGEK,DEPXIG,0.9873164296150208
CARGEK,DEPXOM,0.9873164296150208
CARGEK,DIGPER,0.9839211702346802
CARGEK,DIHVIB,0.9866888523101807
CARGEK,DIHVIB01,0.9866888523101807
CARGEK,CIGXIA,0.9870479702949524
CASPUJ,DIXKUR,0.9779111742973328
CASPUJ,DIXKUR01,0.9779111742973328
CASTEW,CEMJOV,0.9999999403953552
CASTEW,CIZQOT,0.9795385599136353
CASTEW,CIZQUZ,0.9795385599136353
CASTEW,CUKXAJ,0.9920910000801086
CASTEW,CUKXEN,0.9920910000801086
CASTEW,CUKXIR,0.9846089482307434
CASTEW,DAHMIJ,0.9920910000801086
CASTEW,DEJJEK,0.9807055592536926
CASTEW,DITXOU,0.9795385599136353
CATART03,CATART04,1.0
CATART03,CEKYIC,0.951238214969635
CATART03,COZGED,0.9907075762748718
CATART03,COZGED01,0.9907075762748718
CATART03,CUGQUR,0.9958264827728271
CATART03,CUGREC,1.0
CATART03,CUGROM,1.0
CATART03,CUGSIH,0.9966550469398499
CATART03,CUGSON,0.9966550469398499
CATART03,CUGSUT,0.9966550469398499
CATART03,DEHBIC,0.985809862613678
CATART04,CEKYIC,0.951238214969635
CATART04,COZGED,0.9907075762748718
CATART04,COZGED01,0.9907075762748718
CATART04,CUGQUR,0.9958264827728271
CATART04,CUGREC,1.0
CATART04,CUGROM,1.0
CATART04,CUGSIH,0.9966550469398499
CATART04,CUGSON,0.9966550469398499
CATART04,CUGSUT,0.9966550469398499
CATART04,DEHBIC,0.985809862613678
CATDEH,CATDIL,1.0
CATDEH,CAYRIE,1.0
CATDEH,CAYROK,1.0
CATDIL,CAYRIE,1.0
CATDIL,CAYROK,1.0
CATZIJ,CIFMAH,0.909629225730896
CATZIJ,DAPYAW,0.9055213928222656
CATZIJ,DEKBON,0.9985496997833252
CATZIJ,DELGIN,0.9955214262008667
CATZIJ,DIBQEM,0.909629225730896
CATZIJ,DIBQIQ,0.909629225730896
CATZIJ,DIBQOW,0.909629225730896
CATZIJ,DITTEH,0.912574052810669
CAVFEN,CAVFEN01,1.0
CAVFEN,CAVFIR,1.0
CAVFEN,CAVGAK,0.9965804815292358
CAVFEN01,CAVFIR,1.0
CAVFEN01,CAVGAK,0.9965804815292358
CAVFIR,CAVGAK,0.9965804815292358
CAVLIW,CAVLOC,1.0
CAVMIW,CAVYUW,0.9727454781532288
CAVMIW,CAYSOL,1.0
CAVMIW,CECKIH,0.9982883334159851
CAVMIW,CECKON,0.9996292591094971
CAVMIW,COMFEQ,0.9728715419769287
CAVMIW,COMFIU,0.9731024503707886
CAVMIW,COXHED,0.9996292591094971
CAVMIW,COXHIH,0.9988105893135071
CAVMIW,COXHON,1.0
CAVMIW,DAHNOQ,0.9726292490959167
CAVMIW,DAHNUW,0.9726292490959167
CAVMIW,DAHPAE,0.9723321199417114
CAVMIW,DALSAN,1.0
CAVMIW,DALSER,1.0
CAVMIW,DAPGUW01,0.9988105893135071
CAVMIW,DAPHAD01,0.9982883334159851
CAVMIW,DECDUN,0.9824130535125732
CAVMIW,DIVMUR,0.9726861715316772
CAVMIW,DIVNAY,0.9810159206390381
CAVMUJ,CAVMUJ01,1.0
CAVMUJ,CAVMUJ02,1.0
CAVMUJ,CAXTAY,0.9797062277793884
CAVMUJ,CEJXOG,0.983954906463623
CAVMUJ,CELDAA,0.9736005067825317
CAVMUJ,COMDOY,0.9854570031166077
CAVMUJ,CUZBUW,0.9885473847389221
CAVMUJ,DIQGUH,0.9810920357704163
CAVMUJ,RUBTAK02,0.9972875118255615
CAVMUJ,SABVUN01,0.9797062277793884
CAVMUJ,SURKAT,0.9972875118255615
CAVMUJ01,CAVMUJ02,1.0
CAVMUJ01,CAXTAY,0.9797062277793884
CAVMUJ01,CEJXOG,0.983954906463623
CAVMUJ01,CELDAA,0.9736005067825317
CAVMUJ01,COMDOY,0.9854570031166077
CAVMUJ01,CUZBUW,0.9885473847389221
CAVMUJ01,DIQGUH,0.9810920357704163
CAVMUJ01,RUBTAK02,0.9972875118255615
CAVMUJ01,SABVUN01,0.9797062277793884
CAVMUJ01,SURKAT,0.9972875118255615
CAVMUJ02,CAXTAY,0.9797062277793884
CAVMUJ02,CEJXOG,0.983954906463623
CAVMUJ02,CELDAA,0.9736005067825317
CAVMUJ02,COMDOY,0.9854570031166077
CAVMUJ02,CUZBUW,0.9885473847389221
CAVMUJ02,DIQGUH,0.9810920357704163
CAVMUJ02,RUBTAK02,0.9972875118255615
CAVMUJ02,SABVUN01,0.9797062277793884
CAVMUJ02,SURKAT,0.9972875118255615
CAVQOH,CEBDOD,0.9455037117004395
CAVRUO,CAVSAV,0.9972895383834839
CAVSOJ,CAVTAW,1.0
CAVVOM,CUKJUO,0.9652349948883057
CAVWII,CIFMAH,0.9692751169204712
CAVWII,CIFSAO,0.9941704273223877
CAVWII,CIFSES,0.9941704273223877
CAVWII,CIFSIW,0.9941704273223877
CAVWII,DAKZUN,0.9995911717414856
CAVWII,DAPYAW,0.9820774793624878
CAVWII,DIBQEM,0.9692751169204712
CAVWII,DIBQIQ,0.9692751169204712
CAVWII,DIBQOW,0.9692751169204712
CAVWOO,CEHKUW,0.9820774793624878
CAVWOO,CEHLAD,0.9663969278335571
CAVWOO,CERPOF,0.9890161752700806
CAVWOO,CERPOF01,0.9890161752700806
CAVWOO,CIBTIT,0.9781520962715149
CAVWOO,CIFMIP,0.9692751169204712
CAVWOO,CIPLIX,0.9692751169204712
CAVWOO,COSWEO,0.9945001602172852
CAVWOO,CUFDOX,0.9941704273223877
CAVWOO,CUFDUD,0.9941704273223877
CAVWOO,CUFFEP,0.9941704273223877
CAVWOO,CUFFIT,0.9941704273223877
CAVWOO,CUFFOZ,0.9941704273223877
CAVWOO,CUFFUF,0.9941704273223877
CAVWOO,CUMLUT,0.9820774793624878
CAVWOO,DEPXIG,0.9781520962715149
CAVWOO,DEPXOM,0.9781520962715149
CAVWOO,DIGPER,0.999916136264801
CAVWOO,DIHVIB,0.9666798710823059
CAVWOO,DIHVIB01,0.9666798710823059
CAVWOO,CIGXIA,0.9726957678794861
CAVYUW,CAYSOL,0.9727454781532288
CAVYUW,CECKIH,0.9666504263877869
CAVYUW,CECKON,0.9693748354911804
CAVYUW,COMFEQ,0.9998704195022583
CAVYUW,COMFIU,0.9995371103286743
CAVYUW,COXHED,0.9693748354911804
CAVYUW,COXHIH,0.9673632383346558
CAVYUW,COXHON,0.9727454781532288
CAVYUW,DAHNOQ,0.9970688223838806
CAVYUW,DAHNUW,0.9970688223838806
CAVYUW,DAHPAE,0.9997713565826416
CAVYUW,DALSAN,0.9727454781532288
CAVYUW,DALSER,0.9727454781532288
CAVYUW,DAPGUW01,0.9673632383346558
CAVYUW,DAPHAD01,0.9666504263877869
CAVYUW,DECDUN,0.9946691393852234
CAVYUW,DIVMUR,0.9999855160713196
CAVYUW,DIVNAY,0.9961051344871521
CAWDOU,CAWDOU02,1.0
CAWVIH,CENPUI,0.9959937334060669
CAWVIH,CENQAP,1.0
CAWVIH,DADLEC,0.9974996447563171
CAWVIH,DADLOM,0.9974996447563171
CAWVIH,DIXGIC,0.9652349948883057
CAXSUR,CIFDOM,0.9887861013412476
CAXSUR,CIFDUS,0.9887861013412476
CAXSUR,DADXUE,0.9849830865859985
CAXSUR,DICPUD,0.9613878726959229
CAXTAY,CEJXOG,0.9560074806213379
CAXTAY,CELDAA,0.9654589891433716
CAXTAY,COMDOY,0.9888342022895813
CAXTAY,CUZBUW,0.9963989853858948
CAXTAY,DIQGUH,0.934018075466156
CAXTAY,RUBTAK02,0.9766115546226501
CAXTAY,SABVUN01,1.0
CAXTAY,SURKAT,0.9766115546226501
CAXVII,CAXWIJ,1.0
CAXVOO,CAXWAB,1.0
CAXVOO,COKMEW,1.0
CAXVOO,COKMIA,0.9996292591094971
CAXVOO,COKMOG,0.9985496997833252
CAXVOO,COKMUM,0.9989085793495178
CAXVOO,COKNAT,0.9982883334159851
CAXVOO,COKNIB,0.9985496997833252
CAXVOO,COKNIB01,0.9985496997833252
CAXVOO,COKNIB02,0.9985496997833252
CAXVOO,COKNOH,1.0
CAXVOO,COKNOH01,1.0
CAXVOO,COKNUN,0.9989085793495178
CAXVOO,COKNUN01,0.9989085793495178
CAXVOO,COKNUN02,0.9989085793495178
CAXVOO,COKPEZ,0.9968050718307495
CAXVOO,COKPID,1.0
CAXVOO,COKPOJ,0.9996292591094971
CAXVOO,COKPUP,0.9982883334159851
CAXVOO,COKQAW,0.9985496997833252
CAXVOO,COKQEA,0.9996292591094971
CAXVOO,COKQIE,1.0
CAXVOO,COKQOK,0.9982883334159851
CAXVOO,CUVTUJ,0.9996292591094971
CAXVUU,CAXWEF,1.0
CAXWAB,COKMEW,1.0
CAXWAB,COKMIA,0.9996292591094971
CAXWAB,COKMOG,0.9985496997833252
CAXWAB,COKMUM,0.9989085793495178
CAXWAB,COKNAT,0.9982883334159851
CAXWAB,COKNIB,0.9985496997833252
CAXWAB,COKNIB01,0.9985496997833252
CAXWAB,COKNIB02,0.9985496997833252
CAXWAB,COKNOH,1.0
CAXWAB,COKNOH01,1.0
CAXWAB,COKNUN,0.9989085793495178
CAXWAB,COKNUN01,0.9989085793495178
CAXWAB,COKNUN02,0.9989085793495178
CAXWAB,COKPEZ,0.9968050718307495
CAXWAB,COKPID,1.0
CAXWAB,COKPOJ,0.9996292591094971
CAXWAB,COKPUP,0.9982883334159851
CAXWAB,COKQAW,0.9985496997833252
CAXWAB,COKQEA,0.9996292591094971
CAXWAB,COKQIE,1.0
CAXWAB,COKQOK,0.9982883334159851
CAXWAB,CUVTUJ,0.9996292591094971
CAXZOS,CAXZUY,0.9997506737709045
CAXZOS,DIDBAV,0.9999999403953552
CAXZOS,DIDBEZ,0.9999999403953552
CAXZOS,DIDBID,0.9999999403953552
CAXZOS,DIDBOJ,0.9999999403953552
CAXZUY,DIDBAV,0.9997506737709045
CAXZUY,DIDBEZ,0.9997506737709045
CAXZUY,DIDBID,0.9997506737709045
CAXZUY,DIDBOJ,0.9997506737709045
CAYBAH,CAYBAH01,1.0
CAYDEN,CAYDIR,1.0
CAYDEN,CAYDOX,1.0
CAYDEN,CAYDOX01,1.0
CAYDEN,CAYDOX02,1.0
CAYDEN,CAYDOX03,1.0
CAYDEN,CAYDOX04,1.0
CAYDEN,CAYDOX05,1.0
CAYDEN,CAYDOX06,1.0
CAYDEN,CAYDUD,1.0
CAYDEN,CAYFAL,1.0
CAYDEN,CAYGIU,1.0
CAYDIR,CAYDOX,1.0
CAYDIR,CAYDOX01,1.0
CAYDIR,CAYDOX02,1.0
CAYDIR,CAYDOX03,1.0
CAYDIR,CAYDOX04,1.0
CAYDIR,CAYDOX05,1.0
CAYDIR,CAYDOX06,1.0
CAYDIR,CAYDUD,1.0
CAYDIR,CAYFAL,1.0
CAYDIR,CAYGIU,1.0
CAYDOX,CAYDOX01,1.0
CAYDOX,CAYDOX02,1.0
CAYDOX,CAYDOX03,1.0
CAYDOX,CAYDOX04,1.0
CAYDOX,CAYDOX05,1.0
CAYDOX,CAYDOX06,1.0
CAYDOX,CAYDUD,1.0
CAYDOX,CAYFAL,1.0
CAYDOX,CAYGIU,1.0
CAYDOX01,CAYDOX02,1.0
CAYDOX01,CAYDOX03,1.0
CAYDOX01,CAYDOX04,1.0
CAYDOX01,CAYDOX05,1.0
CAYDOX01,CAYDOX06,1.0
CAYDOX01,CAYDUD,1.0
CAYDOX01,CAYFAL,1.0
CAYDOX01,CAYGIU,1.0
CAYDOX02,CAYDOX03,1.0
CAYDOX02,CAYDOX04,1.0
CAYDOX02,CAYDOX05,1.0
CAYDOX02,CAYDOX06,1.0
CAYDOX02,CAYDUD,1.0
CAYDOX02,CAYFAL,1.0
CAYDOX02,CAYGIU,1.0
CAYDOX03,CAYDOX04,1.0
CAYDOX03,CAYDOX05,1.0
CAYDOX03,CAYDOX06,1.0
CAYDOX03,CAYDUD,1.0
CAYDOX03,CAYFAL,1.0
CAYDOX03,CAYGIU,1.0
CAYDOX04,CAYDOX05,1.0
CAYDOX04,CAYDOX06,1.0
CAYDOX04,CAYDUD,1.0
CAYDOX04,CAYFAL,1.0
CAYDOX04,CAYGIU,1.0
CAYDOX05,CAYDOX06,1.0
CAYDOX05,CAYDUD,1.0
CAYDOX05,CAYFAL,1.0
CAYDOX05,CAYGIU,1.0
CAYDOX06,CAYDUD,1.0
CAYDOX06,CAYFAL,1.0
CAYDOX06,CAYGIU,1.0
CAYDUD,CAYFAL,1.0
CAYDUD,CAYGIU,1.0
CAYFAL,CAYGIU,1.0
CAYRIE,CAYROK,1.0
CAYSIE,CAYSOK,0.9972895383834839
CAYSIE,CAYYEG,0.9972895383834839
CAYSIE,CECHAW,0.9996275901794434
CAYSOK,CAYYEG,1.0
CAYSOK,CECHAW,0.9950717687606812
CAYSOL,CECKIH,0.9982883334159851
CAYSOL,CECKON,0.9996292591094971
CAYSOL,COMFEQ,0.9728715419769287
CAYSOL,COMFIU,0.9731024503707886
CAYSOL,COXHED,0.9996292591094971
CAYSOL,COXHIH,0.9988105893135071
CAYSOL,COXHON,1.0
CAYSOL,DAHNOQ,0.9726292490959167
CAYSOL,DAHNUW,0.9726292490959167
CAYSOL,DAHPAE,0.9723321199417114
CAYSOL,DALSAN,1.0
CAYSOL,DALSER,1.0
CAYSOL,DAPGUW01,0.9988105893135071
CAYSOL,DAPHAD01,0.9982883334159851
CAYSOL,DECDUN,0.9824130535125732
CAYSOL,DIVMUR,0.9726861715316772
CAYSOL,DIVNAY,0.9810159206390381
CAYYEG,CECHAW,0.9950717687606812
CAZLEV,CAZLIZ,1.0
CAZLEV,CISMAT,0.991543710231781
CAZLEV,CISMAT01,0.991543710231781
CAZLIZ,CISMAT,0.991543710231781
CAZLIZ,CISMAT01,0.991543710231781
CDCACD,CDCACD01,1.0
CDCACD,CEVKET,0.9922806620597839
CDCACD,CEVPID,0.9922806620597839
CDCACD,CEVPID01,0.9922806620597839
CDCACD,COGLOA,0.9922806620597839
CDCACD,CUSYIA,0.9922806620597839
CDCACD,CUSYOG,0.9922806620597839
CDCACD,CUSYUM,0.9922806620597839
CDCACD,CUSZAT,0.9922806620597839
CDCACD,CUSZEX,0.9922806620597839
CDCACD,CUSZIB,0.9922806620597839
CDCACD,CUTCYM01,0.9922806620597839
CDCACD,CUTCYM02,0.9922806620597839
CDCACD,CUTMAH,0.9922806620597839
CDCACD,CUXLEO,0.9922806620597839
CDCACD,CUYDIL,0.9922806620597839
CDCACD,DABMEB,1.0
CDCACD,DABMUR,0.9922806620597839
CDCACD,DACHAR,0.9968591928482056
CDCACD,DALCEZ,0.9922806620597839
CDCACD,DALVAQ,1.0
CDCACD,DALVEU,0.9820774793624878
CDCACD,DALVIY,0.9821406006813049
CDCACD,DANZEX,0.9970499873161316
CDCACD,DEHRIR,0.9968591928482056
CDCACD,DIBWUH,0.9921966195106506
CDCACD,DIBXAO,0.9939473867416382
CDCACD01,CEVKET,0.9922806620597839
CDCACD01,CEVPID,0.9922806620597839
CDCACD01,CEVPID01,0.9922806620597839
CDCACD01,COGLOA,0.9922806620597839
CDCACD01,CUSYIA,0.9922806620597839
CDCACD01,CUSYOG,0.9922806620597839
CDCACD01,CUSYUM,0.9922806620597839
CDCACD01,CUSZAT,0.9922806620597839
CDCACD01,CUSZEX,0.9922806620597839
CDCACD01,CUSZIB,0.9922806620597839
CDCACD01,CUTCYM01,0.9922806620597839
CDCACD01,CUTCYM02,0.9922806620597839
CDCACD01,CUTMAH,0.9922806620597839
CDCACD01,CUXLEO,0.9922806620597839
CDCACD01,CUYDIL,0.9922806620597839
CDCACD01,DABMEB,1.0
CDCACD01,DABMUR,0.9922806620597839
CDCACD01,DACHAR,0.9968591928482056
CDCACD01,DALCEZ,0.9922806620597839
CDCACD01,DALVAQ,1.0
CDCACD01,DALVEU,0.9820774793624878
CDCACD01,DALVIY,0.9821406006813049
CDCACD01,DANZEX,0.9970499873161316
CDCACD01,DEHRIR,0.9968591928482056
CDCACD01,DIBWUH,0.9921966195106506
CDCACD01,DIBXAO,0.9939473867416382
CDLGLU01,CDLGLU02,1.0
CDLGLU01,CDLGLU10,1.0
CDLGLU01,CDLGLU11,1.0
CDLGLU01,CDLGLU12,1.0
CDLGLU01,CUGLTM,0.9922806620597839
CDLGLU01,CUGLTM01,0.9922806620597839
CDLGLU01,CUGLTM02,0.9922806620597839
CDLGLU02,CDLGLU10,1.0
CDLGLU02,CDLGLU11,1.0
CDLGLU02,CDLGLU12,1.0
CDLGLU02,CUGLTM,0.9922806620597839
CDLGLU02,CUGLTM01,0.9922806620597839
CDLGLU02,CUGLTM02,0.9922806620597839
CDLGLU10,CDLGLU11,1.0
CDLGLU10,CDLGLU12,1.0
CDLGLU10,CUGLTM,0.9922806620597839
CDLGLU10,CUGLTM01,0.9922806620597839
CDLGLU10,CUGLTM02,0.9922806620597839
CDLGLU11,CDLGLU12,1.0
CDLGLU11,CUGLTM,0.9922806620597839
CDLGLU11,CUGLTM01,0.9922806620597839
CDLGLU11,CUGLTM02,0.9922806620597839
CDLGLU12,CUGLTM,0.9922806620597839
CDLGLU12,CUGLTM01,0.9922806620597839
CDLGLU12,CUGLTM02,0.9922806620597839
CECKIH,CECKON,0.9977757334709167
CECKIH,COMFEQ,0.9665710926055908
CECKIH,COMFIU,0.9657220840454102
CECKIH,COXHED,0.9977757334709167
CECKIH,COXHIH,0.9965023994445801
CECKIH,COXHON,0.9982883334159851
CECKIH,DAHNOQ,0.9643369913101196
CECKIH,DAHNUW,0.9643369913101196
CECKIH,DAHPAE,0.9672327637672424
CECKIH,DALSAN,0.9982883334159851
CECKIH,DALSER,0.9982883334159851
CECKIH,DAPGUW01,0.9965023994445801
CECKIH,DAPHAD01,1.0
CECKIH,DECDUN,0.9795385599136353
CECKIH,DIVMUR,0.9667468070983887
CECKIH,DIVNAY,0.9731441140174866
CECKON,COMFEQ,0.9692261815071106
CECKON,COMFIU,0.9702855944633484
CECKON,COXHED,0.9999999403953552
CECKON,COXHIH,0.9997506737709045
CECKON,COXHON,0.9996292591094971
CECKON,DAHNOQ,0.9705662131309509
CECKON,DAHNUW,0.9705662131309509
CECKON,DAHPAE,0.9688553810119629
CECKON,DALSAN,0.9996292591094971
CECKON,DALSER,0.9996292591094971
CECKON,DAPGUW01,0.9997506737709045
CECKON,DAPHAD01,0.9977757334709167
CECKON,DECDUN,0.9809048175811768
CECKON,DIVMUR,0.9693228602409363
CECKON,DIVNAY,0.977738082408905
CECVIQ,CECVOW,0.9977362751960754
CECVIQ,DIJCOP,0.9774142503738403
CECVIQ,DIJCOP01,0.9774142503738403
CECVOW,DIJCOP,0.9756634831428528
CECVOW,DIJCOP01,0.9756634831428528
CECWIT,CEDTOX,1.0
CEDFIC,CEDFOI,1.0
CEDFIC,CEDFUO,1.0
CEDFIC,CEDYER,0.9436519145965576
CEDFIC,CEDYER01,0.9436519145965576
CEDFOI,CEDFUO,1.0
CEDFOI,CEDYER,0.9436519145965576
CEDFOI,CEDYER01,0.9436519145965576
CEDFUO,CEDYER,0.9436519145965576
CEDFUO,CEDYER01,0.9436519145965576
CEDYER,CEDYER01,0.9999999403953552
CEFNEJ,CEFNOT,1.0
CEFNEJ,CUSXIY,0.9965804815292358
CEFNOT,CUSXIY,0.9965804815292358
CEGFAW,VELVOY,0.9944032430648804
CEHKUW,CEHLAD,0.9962353706359863
CEHKUW,CERPOF,0.9921848177909851
CEHKUW,CERPOF01,0.9921848177909851
CEHKUW,CIBTIT,0.9970499873161316
CEHKUW,CIFMIP,0.9939473867416382
CEHKUW,CIPLIX,0.9939473867416382
CEHKUW,COSWEO,0.9623563885688782
CEHKUW,CUFDOX,0.9920910000801086
CEHKUW,CUFDUD,0.9920910000801086
CEHKUW,CUFFEP,0.9920910000801086
CEHKUW,CUFFIT,0.9920910000801086
CEHKUW,CUFFOZ,0.9920910000801086
CEHKUW,CUFFUF,0.9920910000801086
CEHKUW,CUMLUT,1.0
CEHKUW,DEPXIG,0.9970499873161316
CEHKUW,DEPXOM,0.9970499873161316
CEHKUW,DIGPER,0.9821406006813049
CEHKUW,DIHVIB,0.9922806620597839
CEHKUW,DIHVIB01,0.9922806620597839
CEHKUW,CIGXIA,0.9955214262008667
CEHLAD,CERPOF,0.9797663688659668
CEHLAD,CERPOF01,0.9797663688659668
CEHLAD,CIBTIT,0.9974996447563171
CEHLAD,CIFMIP,0.9977757334709167
CEHLAD,CIPLIX,0.9977757334709167
CEHLAD,COSWEO,0.9455037117004395
CEHLAD,CUFDOX,0.9795385599136353
CEHLAD,CUFDUD,0.9795385599136353
CEHLAD,CUFFEP,0.9795385599136353
CEHLAD,CUFFIT,0.9795385599136353
CEHLAD,CUFFOZ,0.9795385599136353
CEHLAD,CUFFUF,0.9795385599136353
CEHLAD,CUMLUT,0.9962353706359863
CEHLAD,DEPXIG,0.9974996447563171
CEHLAD,DEPXOM,0.9974996447563171
CEHLAD,DIGPER,0.9665710926055908
CEHLAD,DIHVIB,0.9965804815292358
CEHLAD,DIHVIB01,0.9965804815292358
CEHLAD,CIGXIA,0.9982883334159851
CEHQOX,DICJUW,0.9845980405807495
CEHWIX,CEHWOD,1.0
CEHWIX,CEHXIY,0.9999494552612305
CEHWIX,CEVVEF,0.9955241084098816
CEHWIX,CEVVIJ,0.9955241084098816
CEHWIX,DENFUA,0.9955241084098816
CEHWIX,DENGAH,0.9955241084098816
CEHWIX,DEYNIG,0.9999494552612305
CEHWOD,CEHXIY,0.9999494552612305
CEHWOD,CEVVEF,0.9955241084098816
CEHWOD,CEVVIJ,0.9955241084098816
CEHWOD,DENFUA,0.9955241084098816
CEHWOD,DENGAH,0.9955241084098816
CEHWOD,DEYNIG,0.9999494552612305
CEHXIY,CEVVEF,0.9950717687606812
CEHXIY,CEVVIJ,0.9950717687606812
CEHXIY,DENFUA,0.9950717687606812
CEHXIY,DENGAH,0.9950717687606812
CEHXIY,DEYNIG,1.0
CEHZAR,CEHZAR01,1.0
CEJFOO,CEJFUU,0.9972895383834839
CEJFOO,CEJGAB,0.9996292591094971
CEJFOO,CURSEO,0.9996292591094971
CEJFOO,DEGSIS,0.9996275901794434
CEJFOO,DEGSIS01,0.9996275901794434
CEJFUU,CEJGAB,0.9989085793495178
CEJFUU,CURSEO,0.9989085793495178
CEJFUU,DEGSIS,0.9950717687606812
CEJFUU,DEGSIS01,0.9950717687606812
CEJGAB,CURSEO,1.0
CEJGAB,DEGSIS,0.9985496997833252
CEJGAB,DEGSIS01,0.9985496997833252
CEJXEW,CEMBII,0.9939729571342468
CEJXEW,DERBIO,0.9702855944633484
CEJXIA,CIQHES,0.9808584451675415
CEJXIA,CIQHIW,0.9808584451675415
CEJXIA,CIQHOC,0.9657220840454102
CEJXIA,CORZIU,0.9941616058349609
CEJXIA,CORZOA,0.9941616058349609
CEJXIA,CUKBEQ,0.9884202480316162
CEJXOG,CELDAA,0.979163408279419
CEJXOG,COMDOY,0.9851691722869873
CEJXOG,CUZBUW,0.9693228602409363
CEJXOG,DIQGUH,0.9834380745887756
CEJXOG,RUBTAK02,0.9933327436447144
CEJXOG,SABVUN01,0.9560074806213379
CEJXOG,SURKAT,0.9933327436447144
CEKHIL,CUFGIV,0.9702855944633484
CEKHIL,DIMDAG,0.9564473628997803
CEKYIC,COZGED,0.9611314535140991
CEKYIC,COZGED01,0.9611314535140991
CEKYIC,CUGQUR,0.9623563885688782
CEKYIC,CUGREC,0.951238214969635
CEKYIC,CUGROM,0.951238214969635
CEKYIC,CUGSIH,0.9534308314323425
CEKYIC,CUGSON,0.9534308314323425
CEKYIC,CUGSUT,0.9534308314323425
CEKYIC,DEHBIC,0.9821406006813049
CELDAA,COMDOY,0.9792416095733643
CELDAA,CUZBUW,0.9650025963783264
CELDAA,DIQGUH,0.9714387059211731
CELDAA,RUBTAK02,0.9781320691108704
CELDAA,SABVUN01,0.9654589891433716
CELDAA,SURKAT,0.9781320691108704
CELZEA,CIHNEO,0.9917930960655212
CELZUQ,CIFJAE,0.9887861013412476
CELZUQ,COKJIX,0.9552626609802246
CELZUQ,COKJOD,0.9546363353729248
CELZUQ,COXFOL,0.9963989853858948
CELZUQ,COXKUW,0.9690567255020142
CELZUQ,COXLAD,0.9613878726959229
CELZUQ,DAFHEZ,0.9963989853858948
CELZUQ,DAFHID,0.9974676966667175
CELZUQ,DAFHOJ,0.9887861013412476
CELZUQ,DIBZEU,0.9561361074447632
CELZUQ,DITKAT,0.9701295495033264
CELZUQ,DITKAT01,0.9701295495033264
CEMBII,DERBIO,0.9877029657363892
CEMJOV,CIZQOT,0.9795385599136353
CEMJOV,CIZQUZ,0.9795385599136353
CEMJOV,CUKXAJ,0.9920910000801086
CEMJOV,CUKXEN,0.9920910000801086
CEMJOV,CUKXIR,0.9846089482307434
CEMJOV,DAHMIJ,0.9920910000801086
CEMJOV,DEJJEK,0.9807055592536926
CEMJOV,DITXOU,0.9795385599136353
CEMLIS,CEMLOY,1.0
CENPUI,CENQAP,0.9959937334060669
CENPUI,DADLEC,0.9954933524131775
CENPUI,DADLOM,0.9954933524131775
CENPUI,DIXGIC,0.9598385691642761
CENQAP,DADLEC,0.9974996447563171
CENQAP,DADLOM,0.9974996447563171
CENQAP,DIXGIC,0.9652349948883057
CEPBEH,CEPBOR,0.9974996447563171
CEPXON,CEPXUT,0.9997506737709045
CEPXON,CEPYII,0.9965023994445801
CEPXON,DAKVIW,0.9921966195106506
CEPXON,DAKVOC,0.9965023994445801
CEPXON,DAKVUI,0.9999494552612305
CEPXON,DEYMOL,0.9799547791481018
CEPXUT,CEPYII,0.9977757334709167
CEPXUT,DAKVIW,0.9939473867416382
CEPXUT,DAKVOC,0.9977757334709167
CEPXUT,DAKVUI,0.9996275901794434
CEPXUT,DEYMOL,0.9809048175811768
CEPYII,DAKVIW,0.9962353706359863
CEPYII,DAKVOC,1.0
CEPYII,DAKVUI,0.9965804815292358
CEPYII,DEYMOL,0.9795385599136353
CERMIV,DIKPOD,0.9975399971008301
CERPOF,CERPOF01,1.0
CERPOF,CIBTIT,0.9819706082344055
CERPOF,CIFMIP,0.9788232445716858
CERPOF,CIPLIX,0.9788232445716858
CERPOF,COSWEO,0.9701893329620361
CERPOF,CUFDOX,0.9987406134605408
CERPOF,CUFDUD,0.9987406134605408
CERPOF,CUFFEP,0.9987406134605408
CERPOF,CUFFIT,0.9987406134605408
CERPOF,CUFFOZ,0.9987406134605408
CERPOF,CUFFUF,0.9987406134605408
CERPOF,CUMLUT,0.9921848177909851
CERPOF,DEPXIG,0.9819706082344055
CERPOF,DEPXOM,0.9819706082344055
CERPOF,DIGPER,0.9881620407104492
CERPOF,DIHVIB,0.9784445762634277
CERPOF,DIHVIB01,0.9784445762634277
CERPOF,CIGXIA,0.9800522327423096
CERPOF01,CIBTIT,0.9819706082344055
CERPOF01,CIFMIP,0.9788232445716858
CERPOF01,CIPLIX,0.9788232445716858
CERPOF01,COSWEO,0.9701893329620361
CERPOF01,CUFDOX,0.9987406134605408
CERPOF01,CUFDUD,0.9987406134605408
CERPOF01,CUFFEP,0.9987406134605408
CERPOF01,CUFFIT,0.9987406134605408
CERPOF01,CUFFOZ,0.9987406134605408
CERPOF01,CUFFUF,0.9987406134605408
CERPOF01,CUMLUT,0.9921848177909851
CERPOF01,DEPXIG,0.9819706082344055
CERPOF01,DEPXOM,0.9819706082344055
CERPOF01,DIGPER,0.9881620407104492
CERPOF01,DIHVIB,0.9784445762634277
CERPOF01,DIHVIB01,0.9784445762634277
CERPOF01,CIGXIA,0.9800522327423096
CESNUM,CESYEF,0.9968591928482056
CESNUM,CESYEF01,0.9968591928482056
CESNUM,CEYPUT,0.9939473867416382
CESNUM,CEYPUT01,0.9939473867416382
CESNUM,CIJBEE,0.9939473867416382
CESNUM,DARYIF,0.9962353706359863
CESNUM,DIWFAT,0.9970499873161316
CESPEY,CESPIC,1.0
CESPEY,DENQIZ,0.9969467520713806
CESPIC,DENQIZ,0.9969467520713806
CESQUP,COGNAO,1.0
CESQUP,DARCOQ,0.9731441140174866
CESQUP,DARCUW,0.9672327637672424
CESQUP,DARDAD,0.9670689702033997
CESQUP,DARDEH,0.9649213552474976
CESQUP,DARDIL,0.9652349948883057
CESQUP,DARDOR,0.9665710926055908
CESQUP,DARDUX,0.9657220840454102
CESQUP,DARFAF,0.9663969278335571
CESQUP,DARFEJ,0.9666504263877869
CESQUP,DARFIN,0.9667468070983887
CESQUP,DARFOT,0.9664711356163025
CESYEF,CESYEF01,1.0
CESYEF,CEYPUT,0.9971376657485962
CESYEF,CEYPUT01,0.9971376657485962
CESYEF,CIJBEE,0.9971376657485962
CESYEF,DARYIF,0.9944032430648804
CESYEF,DIWFAT,0.9959419965744019
CESYEF01,CEYPUT,0.9971376657485962
CESYEF01,CEYPUT01,0.9971376657485962
CESYEF01,CIJBEE,0.9971376657485962
CESYEF01,DARYIF,0.9944032430648804
CESYEF01,DIWFAT,0.9959419965744019
CETFOX,CETFUD,0.9227362871170044
CETFOX,CIHFUU,0.9686119556427002
CETFOX,DEKZEA,0.9934701919555664
CETFOX,DEKZIE,0.9184702038764954
CETFOX,DEKZOK,0.9184702038764954
CETFOX,DELBED,0.9184702038764954
CETFOX,DINNIZ,0.9756634831428528
CETFUD,DEKZEA,0.9214245676994324
CETFUD,DEKZIE,0.9964245557785034
CETFUD,DEKZOK,0.9964245557785034
CETFUD,DELBED,0.9964245557785034
CETFUD,DINNIZ,0.9024142622947693
CETHEQ,CUGYEK,0.9969467520713806
CETHEQ,CUGZAH,0.9969467520713806
CETHEQ,CUNFOH,1.0
CETHEQ,CUNFOH01,1.0
CETPIB,CETPIB02,1.0
CEVKET,CEVPID,1.0
CEVKET,CEVPID01,1.0
CEVKET,COGLOA,1.0
CEVKET,CUSYIA,1.0
CEVKET,CUSYOG,1.0
CEVKET,CUSYUM,1.0
CEVKET,CUSZAT,1.0
CEVKET,CUSZEX,1.0
CEVKET,CUSZIB,1.0
CEVKET,CUTCYM01,1.0
CEVKET,CUTCYM02,1.0
CEVKET,CUTMAH,1.0
CEVKET,CUXLEO,1.0
CEVKET,CUYDIL,1.0
CEVKET,DABMEB,0.9922806620597839
CEVKET,DABMUR,1.0
CEVKET,DACHAR,0.9969467520713806
CEVKET,DALCEZ,1.0
CEVKET,DALVAQ,0.9922806620597839
CEVKET,DALVEU,0.9666798710823059
CEVKET,DALVIY,0.9663447737693787
CEVKET,DANZEX,0.9950717687606812
CEVKET,DEHRIR,0.9969467520713806
CEVKET,DIBWUH,0.9999494552612305
CEVKET,DIBXAO,0.9996275901794434
CEVPID,CEVPID01,1.0
CEVPID,COGLOA,1.0
CEVPID,CUSYIA,1.0
CEVPID,CUSYOG,1.0
CEVPID,CUSYUM,1.0
CEVPID,CUSZAT,1.0
CEVPID,CUSZEX,1.0
CEVPID,CUSZIB,1.0
CEVPID,CUTCYM01,1.0
CEVPID,CUTCYM02,1.0
CEVPID,CUTMAH,1.0
CEVPID,CUXLEO,1.0
CEVPID,CUYDIL,1.0
CEVPID,DABMEB,0.9922806620597839
CEVPID,DABMUR,1.0
CEVPID,DACHAR,0.9969467520713806
CEVPID,DALCEZ,1.0
CEVPID,DALVAQ,0.9922806620597839
CEVPID,DALVEU,0.9666798710823059
CEVPID,DALVIY,0.9663447737693787
CEVPID,DANZEX,0.9950717687606812
CEVPID,DEHRIR,0.9969467520713806
CEVPID,DIBWUH,0.9999494552612305
CEVPID,DIBXAO,0.9996275901794434
CEVPID01,COGLOA,1.0
CEVPID01,CUSYIA,1.0
CEVPID01,CUSYOG,1.0
CEVPID01,CUSYUM,1.0
CEVPID01,CUSZAT,1.0
CEVPID01,CUSZEX,1.0
CEVPID01,CUSZIB,1.0
CEVPID01,CUTCYM01,1.0
CEVPID01,CUTCYM02,1.0
CEVPID01,CUTMAH,1.0
CEVPID01,CUXLEO,1.0
CEVPID01,CUYDIL,1.0
CEVPID01,DABMEB,0.9922806620597839
CEVPID01,DABMUR,1.0
CEVPID01,DACHAR,0.9969467520713806
CEVPID01,DALCEZ,1.0
CEVPID01,DALVAQ,0.9922806620597839
CEVPID01,DALVEU,0.9666798710823059
CEVPID01,DALVIY,0.9663447737693787
CEVPID01,DANZEX,0.9950717687606812
CEVPID01,DEHRIR,0.9969467520713806
CEVPID01,DIBWUH,0.9999494552612305
CEVPID01,DIBXAO,0.9996275901794434
CEVVEF,CEVVIJ,1.0
CEVVEF,DENFUA,1.0
CEVVEF,DENGAH,1.0
CEVVEF,DEYNIG,0.9950717687606812
CEVVIJ,DENFUA,1.0
CEVVIJ,DENGAH,1.0
CEVVIJ,DEYNIG,0.9950717687606812
CEWQAZ,CEWQED,1.0
CEWQAZ,COWLIK,0.9962353706359863
CEWQAZ,CUKXAI,0.9962353706359863
CEWQED,COWLIK,0.9962353706359863
CEWQED,CUKXAI,0.9962353706359863
CEXJUN,CEXJUN01,1.0
CEXJUN,CEXJUN02,1.0
CEXJUN,CEXJUN03,1.0
CEXJUN01,CEXJUN02,1.0
CEXJUN01,CEXJUN03,1.0
CEXJUN02,CEXJUN03,1.0
CEXWEI,CEXWIM,0.9975399971008301
CEXWEI,CEXWOS,0.9987369775772095
CEXWIM,CEXWOS,0.9977362751960754
CEYPUT,CEYPUT01,0.9999999403953552
CEYPUT,CIJBEE,0.9999999403953552
CEYPUT,DARYIF,0.9977757334709167
CEYPUT,DIWFAT,0.9972895383834839
CEYPUT01,CIJBEE,0.9999999403953552
CEYPUT01,DARYIF,0.9977757334709167
CEYPUT01,DIWFAT,0.9972895383834839
CEZZEN,CEZZIR,1.0
CIBTIT,CIFMIP,0.9972895383834839
CIBTIT,CIPLIX,0.9972895383834839
CIBTIT,COSWEO,0.9618924260139465
CIBTIT,CUFDOX,0.9846089482307434
CIBTIT,CUFDUD,0.9846089482307434
CIBTIT,CUFFEP,0.9846089482307434
CIBTIT,CUFFIT,0.9846089482307434
CIBTIT,CUFFOZ,0.9846089482307434
CIBTIT,CUFFUF,0.9846089482307434
CIBTIT,CUMLUT,0.9970499873161316
CIBTIT,DEPXIG,1.0
CIBTIT,DEPXOM,1.0
CIBTIT,DIGPER,0.9786702990531921
CIBTIT,DIHVIB,0.9950717687606812
CIBTIT,DIHVIB01,0.9950717687606812
CIBTIT,CIGXIA,0.9989085793495178
CICSOW,CICSOW01,1.0
CICSOW,CICSOW02,1.0
CICSOW01,CICSOW02,1.0
CIDPEM,COKFAK,0.9999999403953552
CIFDOM,CIFDUS,1.0
CIFDOM,DADXUE,0.9970499873161316
CIFDOM,DICPUD,0.9734492301940918
CIFDUS,DADXUE,0.9970499873161316
CIFDUS,DICPUD,0.9734492301940918
CIFGUT,DEXXAF,1.0
CIFHAC,CUYXOK,0.9950717687606812
CIFHIK,CIFHOQ,1.0
CIFHIK,CIGDUT,0.9781520962715149
CIFHIK,CIGFAB,0.9775111675262451
CIFHIK,CIGFEF,0.9756634831428528
CIFHIK,CIYZAM,0.9781520962715149
CIFHIK,CIYZAM01,0.9781520962715149
CIFHIK,CIYZEQ,0.9781452417373657
CIFHIK,CIYZIU,0.9780963063240051
CIFHIK,DETVUW,0.9846089482307434
CIFHOQ,CIGDUT,0.9781520962715149
CIFHOQ,CIGFAB,0.9775111675262451
CIFHOQ,CIGFEF,0.9756634831428528
CIFHOQ,CIYZAM,0.9781520962715149
CIFHOQ,CIYZAM01,0.9781520962715149
CIFHOQ,CIYZEQ,0.9781452417373657
CIFHOQ,CIYZIU,0.9780963063240051
CIFHOQ,DETVUW,0.9846089482307434
CIFJAE,COKJIX,0.9786702990531921
CIFJAE,COKJOD,0.9778347015380859
CIFJAE,COXFOL,0.9972895383834839
CIFJAE,COXKUW,0.9707819819450378
CIFJAE,COXLAD,0.9734492301940918
CIFJAE,DAFHEZ,0.9972895383834839
CIFJAE,DAFHID,0.9955241084098816
CIFJAE,DAFHOJ,1.0
CIFJAE,DIBZEU,0.9781520962715149
CIFJAE,DITKAT,0.9819706082344055
CIFJAE,DITKAT01,0.9819706082344055
CIFMAH,CIFSAO,0.9809048175811768
CIFMAH,CIFSES,0.9809048175811768
CIFMAH,CIFSIW,0.9809048175811768
CIFMAH,DAKZUN,0.9702855944633484
CIFMAH,DAPYAW,0.9939473867416382
CIFMAH,DEKBON,0.9096275568008423
CIFMAH,DELGIN,0.9039473533630371
CIFMAH,DIBQEM,0.9999999403953552
CIFMAH,DIBQIQ,0.9999999403953552
CIFMAH,DIBQOW,0.9999999403953552
CIFMIP,CIPLIX,0.9999999403953552
CIFMIP,COSWEO,0.9499646425247192
CIFMIP,CUFDOX,0.9809048175811768
CIFMIP,CUFDUD,0.9809048175811768
CIFMIP,CUFFEP,0.9809048175811768
CIFMIP,CUFFIT,0.9809048175811768
CIFMIP,CUFFOZ,0.9809048175811768
CIFMIP,CUFFUF,0.9809048175811768
CIFMIP,CUMLUT,0.9939473867416382
CIFMIP,DEPXIG,0.9972895383834839
CIFMIP,DEPXOM,0.9972895383834839
CIFMIP,DIGPER,0.9692261815071106
CIFMIP,DIHVIB,0.9996275901794434
CIFMIP,DIHVIB01,0.9996275901794434
CIFMIP,CIGXIA,0.9996292591094971
CIFSAO,CIFSES,0.9999999403953552
CIFSAO,CIFSIW,0.9999999403953552
CIFSAO,DAKZUN,0.9941616058349609
CIFSAO,DAPYAW,0.9920910000801086
CIFSAO,DELGIN,0.9020909667015076
CIFSAO,DIBQEM,0.9809048175811768
CIFSAO,DIBQIQ,0.9809048175811768
CIFSAO,DIBQOW,0.9809048175811768
CIFSES,CIFSIW,0.9999999403953552
CIFSES,DAKZUN,0.9941616058349609
CIFSES,DAPYAW,0.9920910000801086
CIFSES,DELGIN,0.9020909667015076
CIFSES,DIBQEM,0.9809048175811768
CIFSES,DIBQIQ,0.9809048175811768
CIFSES,DIBQOW,0.9809048175811768
CIFSIW,DAKZUN,0.9941616058349609
CIFSIW,DAPYAW,0.9920910000801086
CIFSIW,DELGIN,0.9020909667015076
CIFSIW,DIBQEM,0.9809048175811768
CIFSIW,DIBQIQ,0.9809048175811768
CIFSIW,DIBQOW,0.9809048175811768
CIGDUT,CIGFAB,0.9995911717414856
CIGDUT,CIGFEF,0.9972487688064575
CIGDUT,CIYZAM,1.0
CIGDUT,CIYZAM01,1.0
CIGDUT,CIYZEQ,0.9999803900718689
CIGDUT,CIYZIU,0.9999352693557739
CIGDUT,DETVUW,0.9941704273223877
CIGFAB,CIGFEF,0.9987543821334839
CIGFAB,CIYZAM,0.9995911717414856
CIGFAB,CIYZAM01,0.9995911717414856
CIGFAB,CIYZEQ,0.9995371103286743
CIGFAB,CIYZIU,0.9994291663169861
CIGFAB,DETVUW,0.9941616058349609
CIGFEF,CIYZAM,0.9972487688064575
CIGFEF,CIYZAM01,0.9972487688064575
CIGFEF,CIYZEQ,0.9970688223838806
CIGFEF,CIYZIU,0.9967666864395142
CIGFEF,DETVUW,0.9919713735580444
CIGNAI,CIGNEM,1.0
CIGTUK,CIGVAS,0.9977757334709167
CIGTUK,CIGVEW,0.9977757334709167
CIGVAS,CIGVEW,1.0
CIHFUU,DEKZEA,0.9646862745285034
CIHFUU,DINNIZ,0.9707819819450378
CIJBAB,CIJBEF,0.9987545013427734
CIJBAB,CIJBIJ,0.9985291957855225
CIJBAB,DEGMAG,0.970555305480957
CIJBAB,DEGMAG01,0.970555305480957
CIJBEE,DARYIF,0.9977757334709167
CIJBEE,DIWFAT,0.9972895383834839
CIJBEF,CIJBIJ,0.9998192191123962
CIJBEF,DEGMAG,0.9695334434509277
CIJBEF,DEGMAG01,0.9695334434509277
CIJBIJ,DEGMAG,0.9702855944633484
CIJBIJ,DEGMAG01,0.9702855944633484
CIMZII,CODFEH,0.9974996447563171
CIPLIX,COSWEO,0.9499646425247192
CIPLIX,CUFDOX,0.9809048175811768
CIPLIX,CUFDUD,0.9809048175811768
CIPLIX,CUFFEP,0.9809048175811768
CIPLIX,CUFFIT,0.9809048175811768
CIPLIX,CUFFOZ,0.9809048175811768
CIPLIX,CUFFUF,0.9809048175811768
CIPLIX,CUMLUT,0.9939473867416382
CIPLIX,DEPXIG,0.9972895383834839
CIPLIX,DEPXOM,0.9972895383834839
CIPLIX,DIGPER,0.9692261815071106
CIPLIX,DIHVIB,0.9996275901794434
CIPLIX,DIHVIB01,0.9996275901794434
CIPLIX,CIGXIA,0.9996292591094971
CIPMOF,CIPMUL,0.9994805455207825
CIPMOF,DIGTEU,0.994638979434967
CIPMOF,DIGTIY,0.9913450479507446
CIPMOF,DIGTOE,0.985809862613678
CIPMOF,DIGTUK,0.959564745426178
CIPMUL,DIGTEU,0.9956910610198975
CIPMUL,DIGTIY,0.9925460815429688
CIPMUL,DIGTOE,0.9882460236549377
CIPMUL,DIGTUK,0.9598385691642761
CIQHES,CIQHIW,1.0
CIQHES,CIQHOC,0.9962353706359863
CIQHES,CORZIU,0.9920910000801086
CIQHES,CORZOA,0.9920910000801086
CIQHES,CUKBEQ,0.9921848177909851
CIQHIW,CIQHOC,0.9962353706359863
CIQHIW,CORZIU,0.9920910000801086
CIQHIW,CORZOA,0.9920910000801086
CIQHIW,CUKBEQ,0.9921848177909851
CIQHOC,CORZIU,0.9795385599136353
CIQHOC,CORZOA,0.9795385599136353
CIQHOC,CUKBEQ,0.9797663688659668
CIQYUX,DAYMAS,0.9977757334709167
CIQYUX,DIDBIE,0.9877029657363892
CIRSII,CIRSOO,0.9965804815292358
CISLUN,DAWWAC,0.9996275901794434
CISLUN,DEGJIK,1.0
CISMAT,CISMAT01,1.0
CISMAU,CISMEY,0.9962353706359863
CISMAU,CISMEY01,0.9962353706359863
CISMAU,CISMIC,0.9977757334709167
CISMEY,CISMEY01,1.0
CISMEY,CISMIC,0.9939473867416382
CISMEY01,CISMIC,0.9939473867416382
CITLOJ,CITLUP,0.9987369775772095
CITLOJ,CITMAW,0.9983987212181091
CITLOJ,CITMEA,0.9987545013427734
CITLOJ,CITMIE,0.9983029365539551
CITLUP,CITMAW,0.9970894455909729
CITLUP,CITMEA,0.9985299110412598
CITLUP,CITMIE,0.9972487688064575
CITMAW,CITMEA,0.9996544122695923
CITMAW,CITMIE,0.9995414018630981
CITMEA,CITMIE,0.9996340870857239
CITWOS,CITXAF,0.9978553056716919
CITZIP,CIWYUD,0.9999999403953552
CITZIP,DIXKOL,0.9999999403953552
CIWYUD,DIXKOL,0.9999999403953552
CIYZAM,CIYZAM01,1.0
CIYZAM,CIYZEQ,0.9999803900718689
CIYZAM,CIYZIU,0.9999352693557739
CIYZAM,DETVUW,0.9941704273223877
CIYZAM01,CIYZEQ,0.9999803900718689
CIYZAM01,CIYZIU,0.9999352693557739
CIYZAM01,DETVUW,0.9941704273223877
CIYZEQ,CIYZIU,0.9999855160713196
CIYZEQ,DETVUW,0.9946691393852234
CIYZIU,DETVUW,0.9949494004249573
CIZQOT,CIZQUZ,1.0
CIZQOT,CUKXAJ,0.9962353706359863
CIZQOT,CUKXEN,0.9962353706359863
CIZQOT,CUKXIR,0.9974996447563171
CIZQOT,DAHMIJ,0.9962353706359863
CIZQOT,DEJJEK,0.9835813641548157
CIZQOT,DITXOU,1.0
CIZQUZ,CUKXAJ,0.9962353706359863
CIZQUZ,CUKXEN,0.9962353706359863
CIZQUZ,CUKXIR,0.9974996447563171
CIZQUZ,DAHMIJ,0.9962353706359863
CIZQUZ,DEJJEK,0.9835813641548157
CIZQUZ,DITXOU,1.0
COCMOY,COCMUE,1.0
COCMOY,COCNAL,0.9970499873161316
COCMOY,COCNEP,0.9950717687606812
COCMUE,COCNAL,0.9970499873161316
COCMUE,COCNEP,0.9950717687606812
COCNAL,COCNEP,0.9922806620597839
CODKOX,CODKOX01,1.0
CODKOX,CODQOD,0.9779111742973328
CODKOX,CODQUJ,0.9996404051780701
CODKOX,CODSAR,0.9992827773094177
CODKOX01,CODQOD,0.9779111742973328
CODKOX01,CODQUJ,0.9996404051780701
CODKOX01,CODSAR,0.9992827773094177
CODQOD,CODQUJ,0.9782870411872864
CODQOD,CODSAR,0.9847605228424072
CODQUJ,CODSAR,0.9990724921226501
COFORM,COFORM01,0.9999999403953552
COFORM,COFORM11,0.9999999403953552
COFORM,CUFORD,0.9996275901794434
COFORM,CUFORD01,0.9996275901794434
COFORM,CUFORM,0.9996275901794434
COFORM,CUFORM02,0.9996275901794434
COFORM,CUFORM03,0.9996275901794434
COFORM,CUFORM04,0.9996275901794434
COFORM,CUFORM06,0.9996275901794434
COFORM,DADTOS,0.9972895383834839
COFORM,DADTOS01,0.9972895383834839
COFORM,DADTOS02,0.9972895383834839
COFORM,DADTOS03,0.9972895383834839
COFORM,DADTOS04,0.9972895383834839
COFORM,DADTOS05,0.9972895383834839
COFORM,DADTOS06,0.9972895383834839
COFORM,DADTOS07,0.9972895383834839
COFORM,DADTOS08,0.9972895383834839
COFORM,DADTOS09,0.9972895383834839
COFORM,DADTOS10,0.9972895383834839
COFORM,DADTOS11,0.9972895383834839
COFORM,DADTOS12,0.9972895383834839
COFORM,DADTOS13,0.9972895383834839
COFORM,DADTOS14,0.9972895383834839
COFORM,DADTOS15,0.9972895383834839
COFORM,DADTOS16,0.9972895383834839
COFORM,DADTOS17,0.9972895383834839
COFORM,DADTOS18,0.9972895383834839
COFORM,DADTUY,0.9999999403953552
COFORM,DADTUY01,0.9999999403953552
COFORM,DADTUY05,0.9999999403953552
COFORM,DADTUY06,0.9999999403953552
COFORM,DADTUY07,0.9999999403953552
COFORM,DADTUY08,0.9999999403953552
COFORM,DADTUY09,0.9999999403953552
COFORM,DADTUY10,0.9999999403953552
COFORM,DADTUY11,0.9999999403953552
COFORM,DADTUY12,0.9999999403953552
COFORM,DADVAG,0.9997506737709045
COFORM,DADVAG01,0.9997506737709045
COFORM,DADVAG02,0.9997506737709045
COFORM,DADVAG03,0.9997506737709045
COFORM,DADVAG04,0.9997506737709045
COFORM,DADVAG05,0.9997506737709045
COFORM,DADVAG06,0.9997506737709045
COFORM,DADVAG07,0.9997506737709045
COFORM,DADVAG08,0.9997506737709045
COFORM,DAXNIA,0.9977757334709167
COFORM,DAXNIA01,0.9977757334709167
COFORM,DAXNIA02,0.9977757334709167
COFORM,DAXNIA03,0.9977757334709167
COFORM,DAXNIA04,0.9977757334709167
COFORM,DEFNEK,0.9996292591094971
COFORM,DEFNIO,0.9999999403953552
COFORM,DEFNOU,0.9997506737709045
COFORM,DEPJIR,0.9977757334709167
COFORM,DEPJIR01,0.9977757334709167
COFORM,DIDVIW,0.9972895383834839
COFORM01,COFORM11,0.9999999403953552
COFORM01,CUFORD,0.9996275901794434
COFORM01,CUFORD01,0.9996275901794434
COFORM01,CUFORM,0.9996275901794434
COFORM01,CUFORM02,0.9996275901794434
COFORM01,CUFORM03,0.9996275901794434
COFORM01,CUFORM04,0.9996275901794434
COFORM01,CUFORM06,0.9996275901794434
COFORM01,DADTOS,0.9972895383834839
COFORM01,DADTOS01,0.9972895383834839
COFORM01,DADTOS02,0.9972895383834839
COFORM01,DADTOS03,0.9972895383834839
COFORM01,DADTOS04,0.9972895383834839
COFORM01,DADTOS05,0.9972895383834839
COFORM01,DADTOS06,0.9972895383834839
COFORM01,DADTOS07,0.9972895383834839
COFORM01,DADTOS08,0.9972895383834839
COFORM01,DADTOS09,0.9972895383834839
COFORM01,DADTOS10,0.9972895383834839
COFORM01,DADTOS11,0.9972895383834839
COFORM01,DADTOS12,0.9972895383834839
COFORM01,DADTOS13,0.9972895383834839
COFORM01,DADTOS14,0.9972895383834839
COFORM01,DADTOS15,0.9972895383834839
COFORM01,DADTOS16,0.9972895383834839
COFORM01,DADTOS17,0.9972895383834839
COFORM01,DADTOS18,0.9972895383834839
COFORM01,DADTUY,0.9999999403953552
COFORM01,DADTUY01,0.9999999403953552
COFORM01,DADTUY05,0.9999999403953552
COFORM01,DADTUY06,0.9999999403953552
COFORM01,DADTUY07,0.9999999403953552
COFORM01,DADTUY08,0.9999999403953552
COFORM01,DADTUY09,0.9999999403953552
COFORM01,DADTUY10,0.9999999403953552
COFORM01,DADTUY11,0.9999999403953552
COFORM01,DADTUY12,0.9999999403953552
COFORM01,DADVAG,0.9997506737709045
COFORM01,DADVAG01,0.9997506737709045
COFORM01,DADVAG02,0.9997506737709045
COFORM01,DADVAG03,0.9997506737709045
COFORM01,DADVAG04,0.9997506737709045
COFORM01,DADVAG05,0.9997506737709045
COFORM01,DADVAG06,0.9997506737709045
COFORM01,DADVAG07,0.9997506737709045
COFORM01,DADVAG08,0.9997506737709045
COFORM01,DAXNIA,0.9977757334709167
COFORM01,DAXNIA01,0.9977757334709167
COFORM01,DAXNIA02,0.9977757334709167
COFORM01,DAXNIA03,0.9977757334709167
COFORM01,DAXNIA04,0.9977757334709167
COFORM01,DEFNEK,0.9996292591094971
COFORM01,DEFNIO,0.9999999403953552
COFORM01,DEFNOU,0.9997506737709045
COFORM01,DEPJIR,0.9977757334709167
COFORM01,DEPJIR01,0.9977757334709167
COFORM01,DIDVIW,0.9972895383834839
COFORM11,CUFORD,0.9996275901794434
COFORM11,CUFORD01,0.9996275901794434
COFORM11,CUFORM,0.9996275901794434
COFORM11,CUFORM02,0.9996275901794434
COFORM11,CUFORM03,0.9996275901794434
COFORM11,CUFORM04,0.9996275901794434
COFORM11,CUFORM06,0.9996275901794434
COFORM11,DADTOS,0.9972895383834839
COFORM11,DADTOS01,0.9972895383834839
COFORM11,DADTOS02,0.9972895383834839
COFORM11,DADTOS03,0.9972895383834839
COFORM11,DADTOS04,0.9972895383834839
COFORM11,DADTOS05,0.9972895383834839
COFORM11,DADTOS06,0.9972895383834839
COFORM11,DADTOS07,0.9972895383834839
COFORM11,DADTOS08,0.9972895383834839
COFORM11,DADTOS09,0.9972895383834839
COFORM11,DADTOS10,0.9972895383834839
COFORM11,DADTOS11,0.9972895383834839
COFORM11,DADTOS12,0.9972895383834839
COFORM11,DADTOS13,0.9972895383834839
COFORM11,DADTOS14,0.9972895383834839
COFORM11,DADTOS15,0.9972895383834839
COFORM11,DADTOS16,0.9972895383834839
COFORM11,DADTOS17,0.9972895383834839
COFORM11,DADTOS18,0.9972895383834839
COFORM11,DADTUY,0.9999999403953552
COFORM11,DADTUY01,0.9999999403953552
COFORM11,DADTUY05,0.9999999403953552
COFORM11,DADTUY06,0.9999999403953552
COFORM11,DADTUY07,0.9999999403953552
COFORM11,DADTUY08,0.9999999403953552
COFORM11,DADTUY09,0.9999999403953552
COFORM11,DADTUY10,0.9999999403953552
COFORM11,DADTUY11,0.9999999403953552
COFORM11,DADTUY12,0.9999999403953552
COFORM11,DADVAG,0.9997506737709045
COFORM11,DADVAG01,0.9997506737709045
COFORM11,DADVAG02,0.9997506737709045
COFORM11,DADVAG03,0.9997506737709045
COFORM11,DADVAG04,0.9997506737709045
COFORM11,DADVAG05,0.9997506737709045
COFORM11,DADVAG06,0.9997506737709045
COFORM11,DADVAG07,0.9997506737709045
COFORM11,DADVAG08,0.9997506737709045
COFORM11,DAXNIA,0.9977757334709167
COFORM11,DAXNIA01,0.9977757334709167
COFORM11,DAXNIA02,0.9977757334709167
COFORM11,DAXNIA03,0.9977757334709167
COFORM11,DAXNIA04,0.9977757334709167
COFORM11,DEFNEK,0.9996292591094971
COFORM11,DEFNIO,0.9999999403953552
COFORM11,DEFNOU,0.9997506737709045
COFORM11,DEPJIR,0.9977757334709167
COFORM11,DEPJIR01,0.9977757334709167
COFORM11,DIDVIW,0.9972895383834839
COGLOA,CUSYIA,1.0
COGLOA,CUSYOG,1.0
COGLOA,CUSYUM,1.0
COGLOA,CUSZAT,1.0
COGLOA,CUSZEX,1.0
COGLOA,CUSZIB,1.0
COGLOA,CUTCYM01,1.0
COGLOA,CUTCYM02,1.0
COGLOA,CUTMAH,1.0
COGLOA,CUXLEO,1.0
COGLOA,CUYDIL,1.0
COGLOA,DABMEB,0.9922806620597839
COGLOA,DABMUR,1.0
COGLOA,DACHAR,0.9969467520713806
COGLOA,DALCEZ,1.0
COGLOA,DALVAQ,0.9922806620597839
COGLOA,DALVEU,0.9666798710823059
COGLOA,DALVIY,0.9663447737693787
COGLOA,DANZEX,0.9950717687606812
COGLOA,DEHRIR,0.9969467520713806
COGLOA,DIBWUH,0.9999494552612305
COGLOA,DIBXAO,0.9996275901794434
COGNAO,DARCOQ,0.9731441140174866
COGNAO,DARCUW,0.9672327637672424
COGNAO,DARDAD,0.9670689702033997
COGNAO,DARDEH,0.9649213552474976
COGNAO,DARDIL,0.9652349948883057
COGNAO,DARDOR,0.9665710926055908
COGNAO,DARDUX,0.9657220840454102
COGNAO,DARFAF,0.9663969278335571
COGNAO,DARFEJ,0.9666504263877869
COGNAO,DARFIN,0.9667468070983887
COGNAO,DARFOT,0.9664711356163025
COKJIX,COKJOD,0.9996404051780701
COKJIX,COXFOL,0.9692261815071106
COKJIX,COXKUW,0.9597979187965393
COKJIX,COXLAD,0.9762802720069885
COKJIX,DAFHEZ,0.9692261815071106
COKJIX,DAFHID,0.9670003056526184
COKJIX,DAFHOJ,0.9786702990531921
COKJIX,DIBZEU,0.999916136264801
COKJIX,DITKAT,0.9881620407104492
COKJIX,DITKAT01,0.9881620407104492
COKJOD,COXFOL,0.9680224657058716
COKJOD,COXKUW,0.9646247625350952
COKJOD,COXLAD,0.9802787899971008
COKJOD,DAFHEZ,0.9680224657058716
COKJOD,DAFHID,0.9657021760940552
COKJOD,DAFHOJ,0.9778347015380859
COKJOD,DIBZEU,0.9995414018630981
COKJOD,DITKAT,0.9849025011062622
COKJOD,DITKAT01,0.9849025011062622
COKMEW,COKMIA,0.9996292591094971
COKMEW,COKMOG,0.9985496997833252
COKMEW,COKMUM,0.9989085793495178
COKMEW,COKNAT,0.9982883334159851
COKMEW,COKNIB,0.9985496997833252
COKMEW,COKNIB01,0.9985496997833252
COKMEW,COKNIB02,0.9985496997833252
COKMEW,COKNOH,1.0
COKMEW,COKNOH01,1.0
COKMEW,COKNUN,0.9989085793495178
COKMEW,COKNUN01,0.9989085793495178
COKMEW,COKNUN02,0.9989085793495178
COKMEW,COKPEZ,0.9968050718307495
COKMEW,COKPID,1.0
COKMEW,COKPOJ,0.9996292591094971
COKMEW,COKPUP,0.9982883334159851
COKMEW,COKQAW,0.9985496997833252
COKMEW,COKQEA,0.9996292591094971
COKMEW,COKQIE,1.0
COKMEW,COKQOK,0.9982883334159851
COKMEW,CUVTUJ,0.9996292591094971
COKMIA,COKMOG,0.9996275901794434
COKMIA,COKMUM,0.9972895383834839
COKMIA,COKNAT,0.9977757334709167
COKMIA,COKNIB,0.9996275901794434
COKMIA,COKNIB01,0.9996275901794434
COKMIA,COKNIB02,0.9996275901794434
COKMIA,COKNOH,0.9996292591094971
COKMIA,COKNOH01,0.9996292591094971
COKMIA,COKNUN,0.9972895383834839
COKMIA,COKNUN01,0.9972895383834839
COKMIA,COKNUN02,0.9972895383834839
COKMIA,COKPEZ,0.9963152408599854
COKMIA,COKPID,0.9996292591094971
COKMIA,COKPOJ,0.9999999403953552
COKMIA,COKPUP,0.9977757334709167
COKMIA,COKQAW,0.9996275901794434
COKMIA,COKQEA,0.9999999403953552
COKMIA,COKQIE,0.9996292591094971
COKMIA,COKQOK,0.9977757334709167
COKMIA,CUVTUJ,0.9999999403953552
COKMOG,COKMUM,0.9950717687606812
COKMOG,COKNAT,0.9965804815292358
COKMOG,COKNIB,1.0
COKMOG,COKNIB01,1.0
COKMOG,COKNIB02,1.0
COKMOG,COKNOH,0.9985496997833252
COKMOG,COKNOH01,0.9985496997833252
COKMOG,COKNUN,0.9950717687606812
COKMOG,COKNUN01,0.9950717687606812
COKMOG,COKNUN02,0.9950717687606812
COKMOG,COKPEZ,0.9946607351303101
COKMOG,COKPID,0.9985496997833252
COKMOG,COKPOJ,0.9996275901794434
COKMOG,COKPUP,0.9965804815292358
COKMOG,COKQAW,1.0
COKMOG,COKQEA,0.9996275901794434
COKMOG,COKQIE,0.9985496997833252
COKMOG,COKQOK,0.9965804815292358
COKMOG,CUVTUJ,0.9996275901794434
COKMUM,COKNAT,0.9974996447563171
COKMUM,COKNIB,0.9950717687606812
COKMUM,COKNIB01,0.9950717687606812
COKMUM,COKNIB02,0.9950717687606812
COKMUM,COKNOH,0.9989085793495178
COKMUM,COKNOH01,0.9989085793495178
COKMUM,COKNUN,1.0
COKMUM,COKNUN01,1.0
COKMUM,COKNUN02,1.0
COKMUM,COKPEZ,0.9954933524131775
COKMUM,COKPID,0.9989085793495178
COKMUM,COKPOJ,0.9972895383834839
COKMUM,COKPUP,0.9974996447563171
COKMUM,COKQAW,0.9950717687606812
COKMUM,COKQEA,0.9972895383834839
COKMUM,COKQIE,0.9989085793495178
COKMUM,COKQOK,0.9974996447563171
COKMUM,CUVTUJ,0.9972895383834839
COKNAT,COKNIB,0.9965804815292358
COKNAT,COKNIB01,0.9965804815292358
COKNAT,COKNIB02,0.9965804815292358
COKNAT,COKNOH,0.9982883334159851
COKNAT,COKNOH01,0.9982883334159851
COKNAT,COKNUN,0.9974996447563171
COKNAT,COKNUN01,0.9974996447563171
COKNAT,COKNUN02,0.9974996447563171
COKNAT,COKPEZ,0.9959937334060669
COKNAT,COKPID,0.9982883334159851
COKNAT,COKPOJ,0.9977757334709167
COKNAT,COKPUP,1.0
COKNAT,COKQAW,0.9965804815292358
COKNAT,COKQEA,0.9977757334709167
COKNAT,COKQIE,0.9982883334159851
COKNAT,COKQOK,1.0
COKNAT,CUVTUJ,0.9977757334709167
COKNIB,COKNIB01,1.0
COKNIB,COKNIB02,1.0
COKNIB,COKNOH,0.9985496997833252
COKNIB,COKNOH01,0.9985496997833252
COKNIB,COKNUN,0.9950717687606812
COKNIB,COKNUN01,0.9950717687606812
COKNIB,COKNUN02,0.9950717687606812
COKNIB,COKPEZ,0.9946607351303101
COKNIB,COKPID,0.9985496997833252
COKNIB,COKPOJ,0.9996275901794434
COKNIB,COKPUP,0.9965804815292358
COKNIB,COKQAW,1.0
COKNIB,COKQEA,0.9996275901794434
COKNIB,COKQIE,0.9985496997833252
COKNIB,COKQOK,0.9965804815292358
COKNIB,CUVTUJ,0.9996275901794434
COKNIB01,COKNIB02,1.0
COKNIB01,COKNOH,0.9985496997833252
COKNIB01,COKNOH01,0.9985496997833252
COKNIB01,COKNUN,0.9950717687606812
COKNIB01,COKNUN01,0.9950717687606812
COKNIB01,COKNUN02,0.9950717687606812
COKNIB01,COKPEZ,0.9946607351303101
COKNIB01,COKPID,0.9985496997833252
COKNIB01,COKPOJ,0.9996275901794434
COKNIB01,COKPUP,0.9965804815292358
COKNIB01,COKQAW,1.0
COKNIB01,COKQEA,0.9996275901794434
COKNIB01,COKQIE,0.9985496997833252
COKNIB01,COKQOK,0.9965804815292358
COKNIB01,CUVTUJ,0.9996275901794434
COKNIB02,COKNOH,0.9985496997833252
COKNIB02,COKNOH01,0.9985496997833252
COKNIB02,COKNUN,0.9950717687606812
COKNIB02,COKNUN01,0.9950717687606812
COKNIB02,COKNUN02,0.9950717687606812
COKNIB02,COKPEZ,0.9946607351303101
COKNIB02,COKPID,0.9985496997833252
COKNIB02,COKPOJ,0.9996275901794434
COKNIB02,COKPUP,0.9965804815292358
COKNIB02,COKQAW,1.0
COKNIB02,COKQEA,0.9996275901794434
COKNIB02,COKQIE,0.9985496997833252
COKNIB02,COKQOK,0.9965804815292358
COKNIB02,CUVTUJ,0.9996275901794434
COKNOH,COKNOH01,1.0
COKNOH,COKNUN,0.9989085793495178
COKNOH,COKNUN01,0.9989085793495178
COKNOH,COKNUN02,0.9989085793495178
COKNOH,COKPEZ,0.9968050718307495
COKNOH,COKPID,1.0
COKNOH,COKPOJ,0.9996292591094971
COKNOH,COKPUP,0.9982883334159851
COKNOH,COKQAW,0.9985496997833252
COKNOH,COKQEA,0.9996292591094971
COKNOH,COKQIE,1.0
COKNOH,COKQOK,0.9982883334159851
COKNOH,CUVTUJ,0.9996292591094971
COKNOH01,COKNUN,0.9989085793495178
COKNOH01,COKNUN01,0.9989085793495178
COKNOH01,COKNUN02,0.9989085793495178
COKNOH01,COKPEZ,0.9968050718307495
COKNOH01,COKPID,1.0
COKNOH01,COKPOJ,0.9996292591094971
COKNOH01,COKPUP,0.9982883334159851
COKNOH01,COKQAW,0.9985496997833252
COKNOH01,COKQEA,0.9996292591094971
COKNOH01,COKQIE,1.0
COKNOH01,COKQOK,0.9982883334159851
COKNOH01,CUVTUJ,0.9996292591094971
COKNUN,COKNUN01,1.0
COKNUN,COKNUN02,1.0
COKNUN,COKPEZ,0.9954933524131775
COKNUN,COKPID,0.9989085793495178
COKNUN,COKPOJ,0.9972895383834839
COKNUN,COKPUP,0.9974996447563171
COKNUN,COKQAW,0.9950717687606812
COKNUN,COKQEA,0.9972895383834839
COKNUN,COKQIE,0.9989085793495178
COKNUN,COKQOK,0.9974996447563171
COKNUN,CUVTUJ,0.9972895383834839
COKNUN01,COKNUN02,1.0
COKNUN01,COKPEZ,0.9954933524131775
COKNUN01,COKPID,0.9989085793495178
COKNUN01,COKPOJ,0.9972895383834839
COKNUN01,COKPUP,0.9974996447563171
COKNUN01,COKQAW,0.9950717687606812
COKNUN01,COKQEA,0.9972895383834839
COKNUN01,COKQIE,0.9989085793495178
COKNUN01,COKQOK,0.9974996447563171
COKNUN01,CUVTUJ,0.9972895383834839
COKNUN02,COKPEZ,0.9954933524131775
COKNUN02,COKPID,0.9989085793495178
COKNUN02,COKPOJ,0.9972895383834839
COKNUN02,COKPUP,0.9974996447563171
COKNUN02,COKQAW,0.9950717687606812
COKNUN02,COKQEA,0.9972895383834839
COKNUN02,COKQIE,0.9989085793495178
COKNUN02,COKQOK,0.9974996447563171
COKNUN02,CUVTUJ,0.9972895383834839
COKPEZ,COKPID,0.9968050718307495
COKPEZ,COKPOJ,0.9963152408599854
COKPEZ,COKPUP,0.9959937334060669
COKPEZ,COKQAW,0.9946607351303101
COKPEZ,COKQEA,0.9963152408599854
COKPEZ,COKQIE,0.9968050718307495
COKPEZ,COKQOK,0.9959937334060669
COKPEZ,CUVTUJ,0.9963152408599854
COKPID,COKPOJ,0.9996292591094971
COKPID,COKPUP,0.9982883334159851
COKPID,COKQAW,0.9985496997833252
COKPID,COKQEA,0.9996292591094971
COKPID,COKQIE,1.0
COKPID,COKQOK,0.9982883334159851
COKPID,CUVTUJ,0.9996292591094971
COKPOJ,COKPUP,0.9977757334709167
COKPOJ,COKQAW,0.9996275901794434
COKPOJ,COKQEA,0.9999999403953552
COKPOJ,COKQIE,0.9996292591094971
COKPOJ,COKQOK,0.9977757334709167
COKPOJ,CUVTUJ,0.9999999403953552
COKPUP,COKQAW,0.9965804815292358
COKPUP,COKQEA,0.9977757334709167
COKPUP,COKQIE,0.9982883334159851
COKPUP,COKQOK,1.0
COKPUP,CUVTUJ,0.9977757334709167
COKQAW,COKQEA,0.9996275901794434
COKQAW,COKQIE,0.9985496997833252
COKQAW,COKQOK,0.9965804815292358
COKQAW,CUVTUJ,0.9996275901794434
COKQEA,COKQIE,0.9996292591094971
COKQEA,COKQOK,0.9977757334709167
COKQEA,CUVTUJ,0.9999999403953552
COKQIE,COKQOK,0.9982883334159851
COKQIE,CUVTUJ,0.9996292591094971
COKQOK,CUVTUJ,0.9977757334709167
COKROL,COKRUR,0.9709676504135132
COKROL,DAJVES,0.9809048175811768
COKROL,DAJWET,0.9671695232391357
COKRUR,DAJVES,0.9518725275993347
COKRUR,DAJWET,0.9381372332572937
COLPEA,CUQYEU,0.9788232445716858
COMDOY,CUZBUW,0.9935371279716492
COMDOY,DIQGUH,0.9550184011459351
COMDOY,RUBTAK02,0.9915627241134644
COMDOY,SABVUN01,0.9888342022895813
COMDOY,SURKAT,0.9915627241134644
COMFAM01,CURYOE01,1.0
COMFEQ,COMFIU,0.9992827773094177
COMFEQ,COXHED,0.9692261815071106
COMFEQ,COXHIH,0.9670003056526184
COMFEQ,COXHON,0.9728715419769287
COMFEQ,DAHNOQ,0.9964936971664429
COMFEQ,DAHNUW,0.9964936971664429
COMFEQ,DAHPAE,0.9995509386062622
COMFEQ,DALSAN,0.9728715419769287
COMFEQ,DALSER,0.9728715419769287
COMFEQ,DAPGUW01,0.9670003056526184
COMFEQ,DAPHAD01,0.9665710926055908
COMFEQ,DECDUN,0.9934752583503723
COMFEQ,DIVMUR,0.9998304843902588
COMFEQ,DIVNAY,0.9968496561050415
COMFIU,COXHED,0.9702855944633484
COMFIU,COXHIH,0.9688132405281067
COMFIU,COXHON,0.9731024503707886
COMFIU,DAHNOQ,0.9987543821334839
COMFIU,DAHNUW,0.9987543821334839
COMFIU,DAHPAE,0.9987759590148926
COMFIU,DALSAN,0.9731024503707886
COMFIU,DALSER,0.9731024503707886
COMFIU,DAPGUW01,0.9688132405281067
COMFIU,DAPHAD01,0.9657220840454102
COMFIU,DECDUN,0.9941616058349609
COMFIU,DIVMUR,0.9994291663169861
COMFIU,DIVNAY,0.9967017769813538
COMHOC,COMHUI,1.0
COMHOC,CUGYOU,0.9969467520713806
COMHUI,CUGYOU,0.9969467520713806
COMMOH,COMMUN,0.9922806620597839
COMVAC,COMVEG,0.9922806620597839
COQJAV,COQJEZ,1.0
COQMIF,CUQKOQ,0.9744462370872498
CORZIU,CORZOA,0.9999999403953552
CORZIU,CUKBEQ,0.9987406134605408
CORZOA,CUKBEQ,0.9987406134605408
COSWEO,CUFDOX,0.9785740375518799
COSWEO,CUFDUD,0.9785740375518799
COSWEO,CUFFEP,0.9785740375518799
COSWEO,CUFFIT,0.9785740375518799
COSWEO,CUFFOZ,0.9785740375518799
COSWEO,CUFFUF,0.9785740375518799
COSWEO,CUMLUT,0.9623563885688782
COSWEO,DEPXIG,0.9618924260139465
COSWEO,DEPXOM,0.9618924260139465
COSWEO,DIGPER,0.994638979434967
COSWEO,DIHVIB,0.9463676810264587
COSWEO,DIHVIB01,0.9463676810264587
COSWEO,CIGXIA,0.9544923305511475
COTXEQ,COTXIU,1.0
COTXEQ,COTXOA,1.0
COTXIU,COTXOA,1.0
COTYIV,DAGTUD,0.9922806620597839
COTYIV,DANWAS,0.9965804815292358
COWLIK,CUKXAI,1.0
COWMAD,COWMEH,0.9995911717414856
COWMAD,COWMIL,0.9999803900718689
COWMAD,COWMOR,0.9999352693557739
COWMAD,COWMUX,0.9995852708816528
COWMAD,DAGDEV,0.9781520962715149
COWMAD,DAGDIZ,0.9820774793624878
COWMAD,DEJTES,0.9820774793624878
COWMAD,DEJTIW,0.9820774793624878
COWMEH,COWMIL,0.9995371103286743
COWMEH,COWMOR,0.9994291663169861
COWMEH,COWMUX,0.999731719493866
COWMEH,DAGDEV,0.9775111675262451
COWMEH,DAGDIZ,0.9808584451675415
COWMEH,DEJTES,0.9808584451675415
COWMEH,DEJTIW,0.9808584451675415
COWMIL,COWMOR,0.9999855160713196
COWMIL,COWMUX,0.9996700286865234
COWMIL,DAGDEV,0.9781452417373657
COWMIL,DAGDIZ,0.982480525970459
COWMIL,DEJTES,0.982480525970459
COWMIL,DEJTIW,0.982480525970459
COWMOR,COWMUX,0.9996850490570068
COWMOR,DAGDEV,0.9780963063240051
COWMOR,DAGDIZ,0.9827293157577515
COWMOR,DEJTES,0.9827293157577515
COWMOR,DEJTIW,0.9827293157577515
COWMUX,DAGDEV,0.9775062203407288
COWMUX,DAGDIZ,0.9822689890861511
COWMUX,DEJTES,0.9822689890861511
COWMUX,DEJTIW,0.9822689890861511
COWQUC,COWRAJ,0.9999999403953552
COWQUC,COWREN,0.9999999403953552
COWQUC,COWRIR,0.9999999403953552
COWQUC,COWROX,0.9999999403953552
COWRAJ,COWREN,0.9999999403953552
COWRAJ,COWRIR,0.9999999403953552
COWRAJ,COWROX,0.9999999403953552
COWREN,COWRIR,0.9999999403953552
COWREN,COWROX,0.9999999403953552
COWRIR,COWROX,0.9999999403953552
COWRUC,COWSAJ,1.0
COWRUC,COWSEN,1.0
COWSAJ,COWSEN,1.0
COXCOJ,COXCUP,1.0
COXCOJ,COXDAW,1.0
COXCOJ,COXDIE,1.0
COXCUP,COXDAW,1.0
COXCUP,COXDIE,1.0
COXDAW,COXDIE,1.0
COXFOL,COXKUW,0.9697946310043335
COXFOL,COXLAD,0.9683489799499512
COXFOL,DAFHEZ,0.9999999403953552
COXFOL,DAFHID,0.9997506737709045
COXFOL,DAFHOJ,0.9972895383834839
COXFOL,DIBZEU,0.9692751169204712
COXFOL,DITKAT,0.9788232445716858
COXFOL,DITKAT01,0.9788232445716858
COXHED,COXHIH,0.9997506737709045
COXHED,COXHON,0.9996292591094971
COXHED,DAHNOQ,0.9705662131309509
COXHED,DAHNUW,0.9705662131309509
COXHED,DAHPAE,0.9688553810119629
COXHED,DALSAN,0.9996292591094971
COXHED,DALSER,0.9996292591094971
COXHED,DAPGUW01,0.9997506737709045
COXHED,DAPHAD01,0.9977757334709167
COXHED,DECDUN,0.9809048175811768
COXHED,DIVMUR,0.9693228602409363
COXHED,DIVNAY,0.977738082408905
COXHIH,COXHON,0.9988105893135071
COXHIH,DAHNOQ,0.9697352647781372
COXHIH,DAHNUW,0.9697352647781372
COXHIH,DAHPAE,0.9666890501976013
COXHIH,DALSAN,0.9988105893135071
COXHIH,DALSER,0.9988105893135071
COXHIH,DAPGUW01,1.0
COXHIH,DAPHAD01,0.9965023994445801
COXHIH,DECDUN,0.9799547791481018
COXHIH,DIVMUR,0.9673097729682922
COXHIH,DIVNAY,0.9757223129272461
COXHON,DAHNOQ,0.9726292490959167
COXHON,DAHNUW,0.9726292490959167
COXHON,DAHPAE,0.9723321199417114
COXHON,DALSAN,1.0
COXHON,DALSER,1.0
COXHON,DAPGUW01,0.9988105893135071
COXHON,DAPHAD01,0.9982883334159851
COXHON,DECDUN,0.9824130535125732
COXHON,DIVMUR,0.9726861715316772
COXHON,DIVNAY,0.9810159206390381
COXKUW,COXLAD,0.9958965182304382
COXKUW,DAFHEZ,0.9697946310043335
COXKUW,DAFHID,0.9691864848136902
COXKUW,DAFHOJ,0.9707819819450378
COXKUW,DIBZEU,0.9594981670379639
COXKUW,DITKAT,0.937652587890625
COXKUW,DITKAT01,0.937652587890625
COXLAD,DAFHEZ,0.9683489799499512
COXLAD,DAFHID,0.9670339822769165
COXLAD,DAFHOJ,0.9734492301940918
COXLAD,DIBZEU,0.9756394028663635
COXLAD,DITKAT,0.9493358731269836
COXLAD,DITKAT01,0.9493358731269836
COYTEQ,COYTIU,0.9826657772064209
COYTEQ,COYTOA,0.9983987212181091
COYTEQ,COYTUG,0.9985291957855225
COYTEQ,COYTUG01,0.9985291957855225
COYTEQ,COYVAO,0.9983029365539551
COYTEQ,COYVAO01,0.9983029365539551
COYTEQ,COYVES,0.9981487989425659
COYTEQ,COYVES01,0.9981487989425659
COYTEQ,CUCKIV,0.970555305480957
COYTIU,COYTOA,0.9782870411872864
COYTIU,COYTUG,0.9847605228424072
COYTIU,COYTUG01,0.9847605228424072
COYTIU,COYVAO,0.9796669483184814
COYTIU,COYVAO01,0.9796669483184814
COYTIU,COYVES,0.9795458912849426
COYTIU,COYVES01,0.9795458912849426
COYTIU,CUCKIV,0.9650025963783264
COYTOA,COYTUG,0.9990724921226501
COYTOA,COYTUG01,0.9990724921226501
COYTOA,COYVAO,0.9995414018630981
COYTOA,COYVAO01,0.9995414018630981
COYTOA,COYVES,0.9993398785591125
COYTOA,COYVES01,0.9993398785591125
COYTOA,CUCKIV,0.9680224657058716
COYTUG,COYTUG01,1.0
COYTUG,COYVAO,0.9995911717414856
COYTUG,COYVAO01,0.9995911717414856
COYTUG,COYVES,0.9995371103286743
COYTUG,COYVES01,0.9995371103286743
COYTUG,CUCKIV,0.9702855944633484
COYTUG01,COYVAO,0.9995911717414856
COYTUG01,COYVAO01,0.9995911717414856
COYTUG01,COYVES,0.9995371103286743
COYTUG01,COYVES01,0.9995371103286743
COYTUG01,CUCKIV,0.9702855944633484
COYVAO,COYVAO01,1.0
COYVAO,COYVES,0.9999803900718689
COYVAO,COYVES01,0.9999803900718689
COYVAO,CUCKIV,0.9692751169204712
COYVAO01,COYVES,0.9999803900718689
COYVAO01,COYVES01,0.9999803900718689
COYVAO01,CUCKIV,0.9692751169204712
COYVES,COYVES01,1.0
COYVES,CUCKIV,0.9693748354911804
COYVES01,CUCKIV,0.9693748354911804
COZGED,COZGED01,1.0
COZGED,CUGQUR,0.9813843369483948
COZGED,CUGREC,0.9907075762748718
COZGED,CUGROM,0.9907075762748718
COZGED,CUGSIH,0.979142963886261
COZGED,CUGSON,0.979142963886261
COZGED,CUGSUT,0.979142963886261
COZGED,DEHBIC,0.9762802720069885
COZGED01,CUGQUR,0.9813843369483948
COZGED01,CUGREC,0.9907075762748718
COZGED01,CUGROM,0.9907075762748718
COZGED01,CUGSIH,0.979142963886261
COZGED01,CUGSON,0.979142963886261
COZGED01,CUGSUT,0.979142963886261
COZGED01,DEHBIC,0.9762802720069885
COZSIU,DECVIT,0.9741673469543457
CUCITD,CUCITD01,1.0
CUCITD,CUCITD02,1.0
CUCITD,CUCITD03,1.0
CUCITD,DINNEV,0.9996275901794434
CUCITD01,CUCITD02,1.0
CUCITD01,CUCITD03,1.0
CUCITD01,DINNEV,0.9996275901794434
CUCITD02,CUCITD03,1.0
CUCITD02,DINNEV,0.9996275901794434
CUCITD03,DINNEV,0.9996275901794434
CUFDOX,CUFDUD,0.9999999403953552
CUFDOX,CUFFEP,0.9999999403953552
CUFDOX,CUFFIT,0.9999999403953552
CUFDOX,CUFFOZ,0.9999999403953552
CUFDOX,CUFFUF,0.9999999403953552
CUFDOX,CUMLUT,0.9920910000801086
CUFDOX,DEPXIG,0.9846089482307434
CUFDOX,DEPXOM,0.9846089482307434
CUFDOX,DIGPER,0.9934752583503723
CUFDOX,DIHVIB,0.9801634550094604
CUFDOX,DIHVIB01,0.9801634550094604
CUFDOX,CIGXIA,0.9824130535125732
CUFDUD,CUFFEP,0.9999999403953552
CUFDUD,CUFFIT,0.9999999403953552
CUFDUD,CUFFOZ,0.9999999403953552
CUFDUD,CUFFUF,0.9999999403953552
CUFDUD,CUMLUT,0.9920910000801086
CUFDUD,DEPXIG,0.9846089482307434
CUFDUD,DEPXOM,0.9846089482307434
CUFDUD,DIGPER,0.9934752583503723
CUFDUD,DIHVIB,0.9801634550094604
CUFDUD,DIHVIB01,0.9801634550094604
CUFDUD,CIGXIA,0.9824130535125732
CUFFEP,CUFFIT,0.9999999403953552
CUFFEP,CUFFOZ,0.9999999403953552
CUFFEP,CUFFUF,0.9999999403953552
CUFFEP,CUMLUT,0.9920910000801086
CUFFEP,DEPXIG,0.9846089482307434
CUFFEP,DEPXOM,0.9846089482307434
CUFFEP,DIGPER,0.9934752583503723
CUFFEP,DIHVIB,0.9801634550094604
CUFFEP,DIHVIB01,0.9801634550094604
CUFFEP,CIGXIA,0.9824130535125732
CUFFIT,CUFFOZ,0.9999999403953552
CUFFIT,CUFFUF,0.9999999403953552
CUFFIT,CUMLUT,0.9920910000801086
CUFFIT,DEPXIG,0.9846089482307434
CUFFIT,DEPXOM,0.9846089482307434
CUFFIT,DIGPER,0.9934752583503723
CUFFIT,DIHVIB,0.9801634550094604
CUFFIT,DIHVIB01,0.9801634550094604
CUFFIT,CIGXIA,0.9824130535125732
CUFFOZ,CUFFUF,0.9999999403953552
CUFFOZ,CUMLUT,0.9920910000801086
CUFFOZ,DEPXIG,0.9846089482307434
CUFFOZ,DEPXOM,0.9846089482307434
CUFFOZ,DIGPER,0.9934752583503723
CUFFOZ,DIHVIB,0.9801634550094604
CUFFOZ,DIHVIB01,0.9801634550094604
CUFFOZ,CIGXIA,0.9824130535125732
CUFFUF,CUMLUT,0.9920910000801086
CUFFUF,DEPXIG,0.9846089482307434
CUFFUF,DEPXOM,0.9846089482307434
CUFFUF,DIGPER,0.9934752583503723
CUFFUF,DIHVIB,0.9801634550094604
CUFFUF,DIHVIB01,0.9801634550094604
CUFFUF,CIGXIA,0.9824130535125732
CUFGIV,DIMDAG,0.9433584213256836
CUFJUK,CUFKAR,0.9999999403953552
CUFORD,CUFORD01,1.0
CUFORD,CUFORM,1.0
CUFORD,CUFORM02,1.0
CUFORD,CUFORM03,1.0
CUFORD,CUFORM04,1.0
CUFORD,CUFORM06,1.0
CUFORD,DADTOS,0.9950717687606812
CUFORD,DADTOS01,0.9950717687606812
CUFORD,DADTOS02,0.9950717687606812
CUFORD,DADTOS03,0.9950717687606812
CUFORD,DADTOS04,0.9950717687606812
CUFORD,DADTOS05,0.9950717687606812
CUFORD,DADTOS06,0.9950717687606812
CUFORD,DADTOS07,0.9950717687606812
CUFORD,DADTOS08,0.9950717687606812
CUFORD,DADTOS09,0.9950717687606812
CUFORD,DADTOS10,0.9950717687606812
CUFORD,DADTOS11,0.9950717687606812
CUFORD,DADTOS12,0.9950717687606812
CUFORD,DADTOS13,0.9950717687606812
CUFORD,DADTOS14,0.9950717687606812
CUFORD,DADTOS15,0.9950717687606812
CUFORD,DADTOS16,0.9950717687606812
CUFORD,DADTOS17,0.9950717687606812
CUFORD,DADTOS18,0.9950717687606812
CUFORD,DADTUY,0.9996275901794434
CUFORD,DADTUY01,0.9996275901794434
CUFORD,DADTUY05,0.9996275901794434
CUFORD,DADTUY06,0.9996275901794434
CUFORD,DADTUY07,0.9996275901794434
CUFORD,DADTUY08,0.9996275901794434
CUFORD,DADTUY09,0.9996275901794434
CUFORD,DADTUY10,0.9996275901794434
CUFORD,DADTUY11,0.9996275901794434
CUFORD,DADTUY12,0.9996275901794434
CUFORD,DADVAG,0.9999494552612305
CUFORD,DADVAG01,0.9999494552612305
CUFORD,DADVAG02,0.9999494552612305
CUFORD,DADVAG03,0.9999494552612305
CUFORD,DADVAG04,0.9999494552612305
CUFORD,DADVAG05,0.9999494552612305
CUFORD,DADVAG06,0.9999494552612305
CUFORD,DADVAG07,0.9999494552612305
CUFORD,DADVAG08,0.9999494552612305
CUFORD,DAXNIA,0.9965804815292358
CUFORD,DAXNIA01,0.9965804815292358
CUFORD,DAXNIA02,0.9965804815292358
CUFORD,DAXNIA03,0.9965804815292358
CUFORD,DAXNIA04,0.9965804815292358
CUFORD,DEFNEK,0.9985496997833252
CUFORD,DEFNIO,0.9996275901794434
CUFORD,DEFNOU,0.9999494552612305
CUFORD,DEPJIR,0.9965804815292358
CUFORD,DEPJIR01,0.9965804815292358
CUFORD,DIDVIW,0.9950717687606812
CUFORD01,CUFORM,1.0
CUFORD01,CUFORM02,1.0
CUFORD01,CUFORM03,1.0
CUFORD01,CUFORM04,1.0
CUFORD01,CUFORM06,1.0
CUFORD01,DADTOS,0.9950717687606812
CUFORD01,DADTOS01,0.9950717687606812
CUFORD01,DADTOS02,0.9950717687606812
CUFORD01,DADTOS03,0.9950717687606812
CUFORD01,DADTOS04,0.9950717687606812
CUFORD01,DADTOS05,0.9950717687606812
CUFORD01,DADTOS06,0.9950717687606812
CUFORD01,DADTOS07,0.9950717687606812
CUFORD01,DADTOS08,0.9950717687606812
CUFORD01,DADTOS09,0.9950717687606812
CUFORD01,DADTOS10,0.9950717687606812
CUFORD01,DADTOS11,0.9950717687606812
CUFORD01,DADTOS12,0.9950717687606812
CUFORD01,DADTOS13,0.9950717687606812
CUFORD01,DADTOS14,0.9950717687606812
CUFORD01,DADTOS15,0.9950717687606812
CUFORD01,DADTOS16,0.9950717687606812
CUFORD01,DADTOS17,0.9950717687606812
CUFORD01,DADTOS18,0.9950717687606812
CUFORD01,DADTUY,0.9996275901794434
CUFORD01,DADTUY01,0.9996275901794434
CUFORD01,DADTUY05,0.9996275901794434
CUFORD01,DADTUY06,0.9996275901794434
CUFORD01,DADTUY07,0.9996275901794434
CUFORD01,DADTUY08,0.9996275901794434
CUFORD01,DADTUY09,0.9996275901794434
CUFORD01,DADTUY10,0.9996275901794434
CUFORD01,DADTUY11,0.9996275901794434
CUFORD01,DADTUY12,0.9996275901794434
CUFORD01,DADVAG,0.9999494552612305
CUFORD01,DADVAG01,0.9999494552612305
CUFORD01,DADVAG02,0.9999494552612305
CUFORD01,DADVAG03,0.9999494552612305
CUFORD01,DADVAG04,0.9999494552612305
CUFORD01,DADVAG05,0.9999494552612305
CUFORD01,DADVAG06,0.9999494552612305
CUFORD01,DADVAG07,0.9999494552612305
CUFORD01,DADVAG08,0.9999494552612305
CUFORD01,DAXNIA,0.9965804815292358
CUFORD01,DAXNIA01,0.9965804815292358
CUFORD01,DAXNIA02,0.9965804815292358
CUFORD01,DAXNIA03,0.9965804815292358
CUFORD01,DAXNIA04,0.9965804815292358
CUFORD01,DEFNEK,0.9985496997833252
CUFORD01,DEFNIO,0.9996275901794434
CUFORD01,DEFNOU,0.9999494552612305
CUFORD01,DEPJIR,0.9965804815292358
CUFORD01,DEPJIR01,0.9965804815292358
CUFORD01,DIDVIW,0.9950717687606812
CUFORM,CUFORM02,1.0
CUFORM,CUFORM03,1.0
CUFORM,CUFORM04,1.0
CUFORM,CUFORM06,1.0
CUFORM,DADTOS,0.9950717687606812
CUFORM,DADTOS01,0.9950717687606812
CUFORM,DADTOS02,0.9950717687606812
CUFORM,DADTOS03,0.9950717687606812
CUFORM,DADTOS04,0.9950717687606812
CUFORM,DADTOS05,0.9950717687606812
CUFORM,DADTOS06,0.9950717687606812
CUFORM,DADTOS07,0.9950717687606812
CUFORM,DADTOS08,0.9950717687606812
CUFORM,DADTOS09,0.9950717687606812
CUFORM,DADTOS10,0.9950717687606812
CUFORM,DADTOS11,0.9950717687606812
CUFORM,DADTOS12,0.9950717687606812
CUFORM,DADTOS13,0.9950717687606812
CUFORM,DADTOS14,0.9950717687606812
CUFORM,DADTOS15,0.9950717687606812
CUFORM,DADTOS16,0.9950717687606812
CUFORM,DADTOS17,0.9950717687606812
CUFORM,DADTOS18,0.9950717687606812
CUFORM,DADTUY,0.9996275901794434
CUFORM,DADTUY01,0.9996275901794434
CUFORM,DADTUY05,0.9996275901794434
CUFORM,DADTUY06,0.9996275901794434
CUFORM,DADTUY07,0.9996275901794434
CUFORM,DADTUY08,0.9996275901794434
CUFORM,DADTUY09,0.9996275901794434
CUFORM,DADTUY10,0.9996275901794434
CUFORM,DADTUY11,0.9996275901794434
CUFORM,DADTUY12,0.9996275901794434
CUFORM,DADVAG,0.9999494552612305
CUFORM,DADVAG01,0.9999494552612305
CUFORM,DADVAG02,0.9999494552612305
CUFORM,DADVAG03,0.9999494552612305
CUFORM,DADVAG04,0.9999494552612305
CUFORM,DADVAG05,0.9999494552612305
CUFORM,DADVAG06,0.9999494552612305
CUFORM,DADVAG07,0.9999494552612305
CUFORM,DADVAG08,0.9999494552612305
CUFORM,DAXNIA,0.9965804815292358
CUFORM,DAXNIA01,0.9965804815292358
CUFORM,DAXNIA02,0.9965804815292358
CUFORM,DAXNIA03,0.9965804815292358
CUFORM,DAXNIA04,0.9965804815292358
CUFORM,DEFNEK,0.9985496997833252
CUFORM,DEFNIO,0.9996275901794434
CUFORM,DEFNOU,0.9999494552612305
CUFORM,DEPJIR,0.9965804815292358
CUFORM,DEPJIR01,0.9965804815292358
CUFORM,DIDVIW,0.9950717687606812
CUFORM02,CUFORM03,1.0
CUFORM02,CUFORM04,1.0
CUFORM02,CUFORM06,1.0
CUFORM02,DADTOS,0.9950717687606812
CUFORM02,DADTOS01,0.9950717687606812
CUFORM02,DADTOS02,0.9950717687606812
CUFORM02,DADTOS03,0.9950717687606812
CUFORM02,DADTOS04,0.9950717687606812
CUFORM02,DADTOS05,0.9950717687606812
CUFORM02,DADTOS06,0.9950717687606812
CUFORM02,DADTOS07,0.9950717687606812
CUFORM02,DADTOS08,0.9950717687606812
CUFORM02,DADTOS09,0.9950717687606812
CUFORM02,DADTOS10,0.9950717687606812
CUFORM02,DADTOS11,0.9950717687606812
CUFORM02,DADTOS12,0.9950717687606812
CUFORM02,DADTOS13,0.9950717687606812
CUFORM02,DADTOS14,0.9950717687606812
CUFORM02,DADTOS15,0.9950717687606812
CUFORM02,DADTOS16,0.9950717687606812
CUFORM02,DADTOS17,0.9950717687606812
CUFORM02,DADTOS18,0.9950717687606812
CUFORM02,DADTUY,0.9996275901794434
CUFORM02,DADTUY01,0.9996275901794434
CUFORM02,DADTUY05,0.9996275901794434
CUFORM02,DADTUY06,0.9996275901794434
CUFORM02,DADTUY07,0.9996275901794434
CUFORM02,DADTUY08,0.9996275901794434
CUFORM02,DADTUY09,0.9996275901794434
CUFORM02,DADTUY10,0.9996275901794434
CUFORM02,DADTUY11,0.9996275901794434
CUFORM02,DADTUY12,0.9996275901794434
CUFORM02,DADVAG,0.9999494552612305
CUFORM02,DADVAG01,0.9999494552612305
CUFORM02,DADVAG02,0.9999494552612305
CUFORM02,DADVAG03,0.9999494552612305
CUFORM02,DADVAG04,0.9999494552612305
CUFORM02,DADVAG05,0.9999494552612305
CUFORM02,DADVAG06,0.9999494552612305
CUFORM02,DADVAG07,0.9999494552612305
CUFORM02,DADVAG08,0.9999494552612305
CUFORM02,DAXNIA,0.9965804815292358
CUFORM02,DAXNIA01,0.9965804815292358
CUFORM02,DAXNIA02,0.9965804815292358
CUFORM02,DAXNIA03,0.9965804815292358
CUFORM02,DAXNIA04,0.9965804815292358
CUFORM02,DEFNEK,0.9985496997833252
CUFORM02,DEFNIO,0.9996275901794434
CUFORM02,DEFNOU,0.9999494552612305
CUFORM02,DEPJIR,0.9965804815292358
CUFORM02,DEPJIR01,0.9965804815292358
CUFORM02,DIDVIW,0.9950717687606812
CUFORM03,CUFORM04,1.0
CUFORM03,CUFORM06,1.0
CUFORM03,DADTOS,0.9950717687606812
CUFORM03,DADTOS01,0.9950717687606812
CUFORM03,DADTOS02,0.9950717687606812
CUFORM03,DADTOS03,0.9950717687606812
CUFORM03,DADTOS04,0.9950717687606812
CUFORM03,DADTOS05,0.9950717687606812
CUFORM03,DADTOS06,0.9950717687606812
CUFORM03,DADTOS07,0.9950717687606812
CUFORM03,DADTOS08,0.9950717687606812
CUFORM03,DADTOS09,0.9950717687606812
CUFORM03,DADTOS10,0.9950717687606812
CUFORM03,DADTOS11,0.9950717687606812
CUFORM03,DADTOS12,0.9950717687606812
CUFORM03,DADTOS13,0.9950717687606812
CUFORM03,DADTOS14,0.9950717687606812
CUFORM03,DADTOS15,0.9950717687606812
CUFORM03,DADTOS16,0.9950717687606812
CUFORM03,DADTOS17,0.9950717687606812
CUFORM03,DADTOS18,0.9950717687606812
CUFORM03,DADTUY,0.9996275901794434
CUFORM03,DADTUY01,0.9996275901794434
CUFORM03,DADTUY05,0.9996275901794434
CUFORM03,DADTUY06,0.9996275901794434
CUFORM03,DADTUY07,0.9996275901794434
CUFORM03,DADTUY08,0.9996275901794434
CUFORM03,DADTUY09,0.9996275901794434
CUFORM03,DADTUY10,0.9996275901794434
CUFORM03,DADTUY11,0.9996275901794434
CUFORM03,DADTUY12,0.9996275901794434
CUFORM03,DADVAG,0.9999494552612305
CUFORM03,DADVAG01,0.9999494552612305
CUFORM03,DADVAG02,0.9999494552612305
CUFORM03,DADVAG03,0.9999494552612305
CUFORM03,DADVAG04,0.9999494552612305
CUFORM03,DADVAG05,0.9999494552612305
CUFORM03,DADVAG06,0.9999494552612305
CUFORM03,DADVAG07,0.9999494552612305
CUFORM03,DADVAG08,0.9999494552612305
CUFORM03,DAXNIA,0.9965804815292358
CUFORM03,DAXNIA01,0.9965804815292358
CUFORM03,DAXNIA02,0.9965804815292358
CUFORM03,DAXNIA03,0.9965804815292358
CUFORM03,DAXNIA04,0.9965804815292358
CUFORM03,DEFNEK,0.9985496997833252
CUFORM03,DEFNIO,0.9996275901794434
CUFORM03,DEFNOU,0.9999494552612305
CUFORM03,DEPJIR,0.9965804815292358
CUFORM03,DEPJIR01,0.9965804815292358
CUFORM03,DIDVIW,0.9950717687606812
CUFORM04,CUFORM06,1.0
CUFORM04,DADTOS,0.9950717687606812
CUFORM04,DADTOS01,0.9950717687606812
CUFORM04,DADTOS02,0.9950717687606812
CUFORM04,DADTOS03,0.9950717687606812
CUFORM04,DADTOS04,0.9950717687606812
CUFORM04,DADTOS05,0.9950717687606812
CUFORM04,DADTOS06,0.9950717687606812
CUFORM04,DADTOS07,0.9950717687606812
CUFORM04,DADTOS08,0.9950717687606812
CUFORM04,DADTOS09,0.9950717687606812
CUFORM04,DADTOS10,0.9950717687606812
CUFORM04,DADTOS11,0.9950717687606812
CUFORM04,DADTOS12,0.9950717687606812
CUFORM04,DADTOS13,0.9950717687606812
CUFORM04,DADTOS14,0.9950717687606812
CUFORM04,DADTOS15,0.9950717687606812
CUFORM04,DADTOS16,0.9950717687606812
CUFORM04,DADTOS17,0.9950717687606812
CUFORM04,DADTOS18,0.9950717687606812
CUFORM04,DADTUY,0.9996275901794434
CUFORM04,DADTUY01,0.9996275901794434
CUFORM04,DADTUY05,0.9996275901794434
CUFORM04,DADTUY06,0.9996275901794434
CUFORM04,DADTUY07,0.9996275901794434
CUFORM04,DADTUY08,0.9996275901794434
CUFORM04,DADTUY09,0.9996275901794434
CUFORM04,DADTUY10,0.9996275901794434
CUFORM04,DADTUY11,0.9996275901794434
CUFORM04,DADTUY12,0.9996275901794434
CUFORM04,DADVAG,0.9999494552612305
CUFORM04,DADVAG01,0.9999494552612305
CUFORM04,DADVAG02,0.9999494552612305
CUFORM04,DADVAG03,0.9999494552612305
CUFORM04,DADVAG04,0.9999494552612305
CUFORM04,DADVAG05,0.9999494552612305
CUFORM04,DADVAG06,0.9999494552612305
CUFORM04,DADVAG07,0.9999494552612305
CUFORM04,DADVAG08,0.9999494552612305
CUFORM04,DAXNIA,0.9965804815292358
CUFORM04,DAXNIA01,0.9965804815292358
CUFORM04,DAXNIA02,0.9965804815292358
CUFORM04,DAXNIA03,0.9965804815292358
CUFORM04,DAXNIA04,0.9965804815292358
CUFORM04,DEFNEK,0.9985496997833252
CUFORM04,DEFNIO,0.9996275901794434
CUFORM04,DEFNOU,0.9999494552612305
CUFORM04,DEPJIR,0.9965804815292358
CUFORM04,DEPJIR01,0.9965804815292358
CUFORM04,DIDVIW,0.9950717687606812
CUFORM06,DADTOS,0.9950717687606812
CUFORM06,DADTOS01,0.9950717687606812
CUFORM06,DADTOS02,0.9950717687606812
CUFORM06,DADTOS03,0.9950717687606812
CUFORM06,DADTOS04,0.9950717687606812
CUFORM06,DADTOS05,0.9950717687606812
CUFORM06,DADTOS06,0.9950717687606812
CUFORM06,DADTOS07,0.9950717687606812
CUFORM06,DADTOS08,0.9950717687606812
CUFORM06,DADTOS09,0.9950717687606812
CUFORM06,DADTOS10,0.9950717687606812
CUFORM06,DADTOS11,0.9950717687606812
CUFORM06,DADTOS12,0.9950717687606812
CUFORM06,DADTOS13,0.9950717687606812
CUFORM06,DADTOS14,0.9950717687606812
CUFORM06,DADTOS15,0.9950717687606812
CUFORM06,DADTOS16,0.9950717687606812
CUFORM06,DADTOS17,0.9950717687606812
CUFORM06,DADTOS18,0.9950717687606812
CUFORM06,DADTUY,0.9996275901794434
CUFORM06,DADTUY01,0.9996275901794434
CUFORM06,DADTUY05,0.9996275901794434
CUFORM06,DADTUY06,0.9996275901794434
CUFORM06,DADTUY07,0.9996275901794434
CUFORM06,DADTUY08,0.9996275901794434
CUFORM06,DADTUY09,0.9996275901794434
CUFORM06,DADTUY10,0.9996275901794434
CUFORM06,DADTUY11,0.9996275901794434
CUFORM06,DADTUY12,0.9996275901794434
CUFORM06,DADVAG,0.9999494552612305
CUFORM06,DADVAG01,0.9999494552612305
CUFORM06,DADVAG02,0.9999494552612305
CUFORM06,DADVAG03,0.9999494552612305
CUFORM06,DADVAG04,0.9999494552612305
CUFORM06,DADVAG05,0.9999494552612305
CUFORM06,DADVAG06,0.9999494552612305
CUFORM06,DADVAG07,0.9999494552612305
CUFORM06,DADVAG08,0.9999494552612305
CUFORM06,DAXNIA,0.9965804815292358
CUFORM06,DAXNIA01,0.9965804815292358
CUFORM06,DAXNIA02,0.9965804815292358
CUFORM06,DAXNIA03,0.9965804815292358
CUFORM06,DAXNIA04,0.9965804815292358
CUFORM06,DEFNEK,0.9985496997833252
CUFORM06,DEFNIO,0.9996275901794434
CUFORM06,DEFNOU,0.9999494552612305
CUFORM06,DEPJIR,0.9965804815292358
CUFORM06,DEPJIR01,0.9965804815292358
CUFORM06,DIDVIW,0.9950717687606812
CUGLIB,CUGYIO,1.0
CUGLTM,CUGLTM01,1.0
CUGLTM,CUGLTM02,1.0
CUGLTM01,CUGLTM02,1.0
CUGQUR,CUGREC,0.9958264827728271
CUGQUR,CUGROM,0.9958264827728271
CUGQUR,CUGSIH,0.9991083145141602
CUGQUR,CUGSON,0.9991083145141602
CUGQUR,CUGSUT,0.9991083145141602
CUGQUR,DEHBIC,0.994638979434967
CUGREC,CUGROM,1.0
CUGREC,CUGSIH,0.9966550469398499
CUGREC,CUGSON,0.9966550469398499
CUGREC,CUGSUT,0.9966550469398499
CUGREC,DEHBIC,0.985809862613678
CUGROM,CUGSIH,0.9966550469398499
CUGROM,CUGSON,0.9966550469398499
CUGROM,CUGSUT,0.9966550469398499
CUGROM,DEHBIC,0.985809862613678
CUGSIH,CUGSON,1.0
CUGSIH,CUGSUT,1.0
CUGSIH,DEHBIC,0.9913450479507446
CUGSON,CUGSUT,1.0
CUGSON,DEHBIC,0.9913450479507446
CUGSUT,DEHBIC,0.9913450479507446
CUGYEK,CUGZAH,1.0
CUGYEK,CUNFOH,0.9969467520713806
CUGYEK,CUNFOH01,0.9969467520713806
CUGYUA,DIKBAB01,0.9944032430648804
CUGZAH,CUNFOH,0.9969467520713806
CUGZAH,CUNFOH01,0.9969467520713806
CUHYUB,CUJCIV,0.9992827773094177
CUHYUB,CUJCOB,0.999916136264801
CUIMDZ01,CUIMDZ03,1.0
CUJCIV,CUJCOB,0.9995911717414856
CUKXAJ,CUKXEN,1.0
CUKXAJ,CUKXIR,0.9970499873161316
CUKXAJ,DAHMIJ,1.0
CUKXAJ,DEJJEK,0.9856033325195312
CUKXAJ,DITXOU,0.9962353706359863
CUKXEN,CUKXIR,0.9970499873161316
CUKXEN,DAHMIJ,1.0
CUKXEN,DEJJEK,0.9856033325195312
CUKXEN,DITXOU,0.9962353706359863
CUKXIR,DAHMIJ,0.9970499873161316
CUKXIR,DEJJEK,0.9929918050765991
CUKXIR,DITXOU,0.9974996447563171
CUMDIY,CUMDOE,0.9987369775772095
CUMKIG,CUMKIG03,0.9999999403953552
CUMLUT,DEPXIG,0.9970499873161316
CUMLUT,DEPXOM,0.9970499873161316
CUMLUT,DIGPER,0.9821406006813049
CUMLUT,DIHVIB,0.9922806620597839
CUMLUT,DIHVIB01,0.9922806620597839
CUMLUT,CIGXIA,0.9955214262008667
CUNFOH,CUNFOH01,1.0
CUPHUS,DAPZAW,0.9969467520713806
CUPHUS,DEHHEG,0.9965804815292358
CUPHUS,DEHHIK,0.9996275901794434
CUPHUS,DEHHOQ,0.9950717687606812
CUPHUS,DELTAQ,0.9965804815292358
CUPHUS,DELTAQ01,0.9965804815292358
CUPHUS,DELTAQ02,0.9965804815292358
CUPHUS,DELTAQ03,0.9965804815292358
CUPLIJ,CUPLOP,0.9939473867416382
CUPLIJ,CUPLUV,0.9955214262008667
CUPLIJ,CUPMAC,0.9970499873161316
CUPLIJ,CUPMEG,0.9921966195106506
CUPLIJ,DIFZUP,0.9939473867416382
CUPLOP,CUPLUV,0.9996292591094971
CUPLOP,CUPMAC,0.9972895383834839
CUPLOP,CUPMEG,0.9997506737709045
CUPLOP,DIFZUP,0.9999999403953552
CUPLUV,CUPMAC,0.9989085793495178
CUPLUV,CUPMEG,0.9988105893135071
CUPLUV,DIFZUP,0.9996292591094971
CUPMAC,CUPMEG,0.9955241084098816
CUPMAC,DIFZUP,0.9972895383834839
CUPMEG,DIFZUP,0.9997506737709045
CUQXAP,CUQXIX,0.9962353706359863
CURSEO,DEGSIS,0.9985496997833252
CURSEO,DEGSIS01,0.9985496997833252
CUSYIA,CUSYOG,1.0
CUSYIA,CUSYUM,1.0
CUSYIA,CUSZAT,1.0
CUSYIA,CUSZEX,1.0
CUSYIA,CUSZIB,1.0
CUSYIA,CUTCYM01,1.0
CUSYIA,CUTCYM02,1.0
CUSYIA,CUTMAH,1.0
CUSYIA,CUXLEO,1.0
CUSYIA,CUYDIL,1.0
CUSYIA,DABMEB,0.9922806620597839
CUSYIA,DABMUR,1.0
CUSYIA,DACHAR,0.9969467520713806
CUSYIA,DALCEZ,1.0
CUSYIA,DALVAQ,0.9922806620597839
CUSYIA,DALVEU,0.9666798710823059
CUSYIA,DALVIY,0.9663447737693787
CUSYIA,DANZEX,0.9950717687606812
CUSYIA,DEHRIR,0.9969467520713806
CUSYIA,DIBWUH,0.9999494552612305
CUSYIA,DIBXAO,0.9996275901794434
CUSYOG,CUSYUM,1.0
CUSYOG,CUSZAT,1.0
CUSYOG,CUSZEX,1.0
CUSYOG,CUSZIB,1.0
CUSYOG,CUTCYM01,1.0
CUSYOG,CUTCYM02,1.0
CUSYOG,CUTMAH,1.0
CUSYOG,CUXLEO,1.0
CUSYOG,CUYDIL,1.0
CUSYOG,DABMEB,0.9922806620597839
CUSYOG,DABMUR,1.0
CUSYOG,DACHAR,0.9969467520713806
CUSYOG,DALCEZ,1.0
CUSYOG,DALVAQ,0.9922806620597839
CUSYOG,DALVEU,0.9666798710823059
CUSYOG,DALVIY,0.9663447737693787
CUSYOG,DANZEX,0.9950717687606812
CUSYOG,DEHRIR,0.9969467520713806
CUSYOG,DIBWUH,0.9999494552612305
CUSYOG,DIBXAO,0.9996275901794434
CUSYUM,CUSZAT,1.0
CUSYUM,CUSZEX,1.0
CUSYUM,CUSZIB,1.0
CUSYUM,CUTCYM01,1.0
CUSYUM,CUTCYM02,1.0
CUSYUM,CUTMAH,1.0
CUSYUM,CUXLEO,1.0
CUSYUM,CUYDIL,1.0
CUSYUM,DABMEB,0.9922806620597839
CUSYUM,DABMUR,1.0
CUSYUM,DACHAR,0.9969467520713806
CUSYUM,DALCEZ,1.0
CUSYUM,DALVAQ,0.9922806620597839
CUSYUM,DALVEU,0.9666798710823059
CUSYUM,DALVIY,0.9663447737693787
CUSYUM,DANZEX,0.9950717687606812
CUSYUM,DEHRIR,0.9969467520713806
CUSYUM,DIBWUH,0.9999494552612305
CUSYUM,DIBXAO,0.9996275901794434
CUSZAT,CUSZEX,1.0
CUSZAT,CUSZIB,1.0
CUSZAT,CUTCYM01,1.0
CUSZAT,CUTCYM02,1.0
CUSZAT,CUTMAH,1.0
CUSZAT,CUXLEO,1.0
CUSZAT,CUYDIL,1.0
CUSZAT,DABMEB,0.9922806620597839
CUSZAT,DABMUR,1.0
CUSZAT,DACHAR,0.9969467520713806
CUSZAT,DALCEZ,1.0
CUSZAT,DALVAQ,0.9922806620597839
CUSZAT,DALVEU,0.9666798710823059
CUSZAT,DALVIY,0.9663447737693787
CUSZAT,DANZEX,0.9950717687606812
CUSZAT,DEHRIR,0.9969467520713806
CUSZAT,DIBWUH,0.9999494552612305
CUSZAT,DIBXAO,0.9996275901794434
CUSZEX,CUSZIB,1.0
CUSZEX,CUTCYM01,1.0
CUSZEX,CUTCYM02,1.0
CUSZEX,CUTMAH,1.0
CUSZEX,CUXLEO,1.0
CUSZEX,CUYDIL,1.0
CUSZEX,DABMEB,0.9922806620597839
CUSZEX,DABMUR,1.0
CUSZEX,DACHAR,0.9969467520713806
CUSZEX,DALCEZ,1.0
CUSZEX,DALVAQ,0.9922806620597839
CUSZEX,DALVEU,0.9666798710823059
CUSZEX,DALVIY,0.9663447737693787
CUSZEX,DANZEX,0.9950717687606812
CUSZEX,DEHRIR,0.9969467520713806
CUSZEX,DIBWUH,0.9999494552612305
CUSZEX,DIBXAO,0.9996275901794434
CUSZIB,CUTCYM01,1.0
CUSZIB,CUTCYM02,1.0
CUSZIB,CUTMAH,1.0
CUSZIB,CUXLEO,1.0
CUSZIB,CUYDIL,1.0
CUSZIB,DABMEB,0.9922806620597839
CUSZIB,DABMUR,1.0
CUSZIB,DACHAR,0.9969467520713806
CUSZIB,DALCEZ,1.0
CUSZIB,DALVAQ,0.9922806620597839
CUSZIB,DALVEU,0.9666798710823059
CUSZIB,DALVIY,0.9663447737693787
CUSZIB,DANZEX,0.9950717687606812
CUSZIB,DEHRIR,0.9969467520713806
CUSZIB,DIBWUH,0.9999494552612305
CUSZIB,DIBXAO,0.9996275901794434
CUTBEA,CUTBIE,0.9987545013427734
CUTBEA,CUTBOK,0.9998192191123962
CUTBIE,CUTBOK,0.9985291957855225
CUTCYM01,CUTCYM02,1.0
CUTCYM01,CUTMAH,1.0
CUTCYM01,CUXLEO,1.0
CUTCYM01,CUYDIL,1.0
CUTCYM01,DABMEB,0.9922806620597839
CUTCYM01,DABMUR,1.0
CUTCYM01,DACHAR,0.9969467520713806
CUTCYM01,DALCEZ,1.0
CUTCYM01,DALVAQ,0.9922806620597839
CUTCYM01,DALVEU,0.9666798710823059
CUTCYM01,DALVIY,0.9663447737693787
CUTCYM01,DANZEX,0.9950717687606812
CUTCYM01,DEHRIR,0.9969467520713806
CUTCYM01,DIBWUH,0.9999494552612305
CUTCYM01,DIBXAO,0.9996275901794434
CUTCYM02,CUTMAH,1.0
CUTCYM02,CUXLEO,1.0
CUTCYM02,CUYDIL,1.0
CUTCYM02,DABMEB,0.9922806620597839
CUTCYM02,DABMUR,1.0
CUTCYM02,DACHAR,0.9969467520713806
CUTCYM02,DALCEZ,1.0
CUTCYM02,DALVAQ,0.9922806620597839
CUTCYM02,DALVEU,0.9666798710823059
CUTCYM02,DALVIY,0.9663447737693787
CUTCYM02,DANZEX,0.9950717687606812
CUTCYM02,DEHRIR,0.9969467520713806
CUTCYM02,DIBWUH,0.9999494552612305
CUTCYM02,DIBXAO,0.9996275901794434
CUTKEI,CUYWUP,0.9965804815292358
CUTMAH,CUXLEO,1.0
CUTMAH,CUYDIL,1.0
CUTMAH,DABMEB,0.9922806620597839
CUTMAH,DABMUR,1.0
CUTMAH,DACHAR,0.9969467520713806
CUTMAH,DALCEZ,1.0
CUTMAH,DALVAQ,0.9922806620597839
CUTMAH,DALVEU,0.9666798710823059
CUTMAH,DALVIY,0.9663447737693787
CUTMAH,DANZEX,0.9950717687606812
CUTMAH,DEHRIR,0.9969467520713806
CUTMAH,DIBWUH,0.9999494552612305
CUTMAH,DIBXAO,0.9996275901794434
CUVHEH,CUVHIL,0.9999999403953552
CUVHEH,CUVHIL01,0.9999999403953552
CUVHEH,CUVHIL02,0.9999999403953552
CUVHIL,CUVHIL01,0.9999999403953552
CUVHIL,CUVHIL02,0.9999999403953552
CUVHIL01,CUVHIL02,0.9999999403953552
CUWNIT,DAZKEX,0.9963989853858948
CUWXID,CUWZIF,0.9999999403953552
CUXLEO,CUYDIL,1.0
CUXLEO,DABMEB,0.9922806620597839
CUXLEO,DABMUR,1.0
CUXLEO,DACHAR,0.9969467520713806
CUXLEO,DALCEZ,1.0
CUXLEO,DALVAQ,0.9922806620597839
CUXLEO,DALVEU,0.9666798710823059
CUXLEO,DALVIY,0.9663447737693787
CUXLEO,DANZEX,0.9950717687606812
CUXLEO,DEHRIR,0.9969467520713806
CUXLEO,DIBWUH,0.9999494552612305
CUXLEO,DIBXAO,0.9996275901794434
CUXPAN,CUXPER,0.9996544122695923
CUXPAN,CUXPIV,0.9996404051780701
CUXPAN,CUXPOB,0.9990724921226501
CUXPAN,CUXPUH,0.999160885810852
CUXPAN,CUXQAO,0.9996544122695923
CUXPAN,CUXQES,0.9983987212181091
CUXPAN,CUXQIW,0.9990724921226501
CUXPAN,DAMYOI,0.998455822467804
CUXPAN,DAMYUO,0.999160885810852
CUXPER,CUXPIV,0.9994805455207825
CUXPER,CUXPOB,0.9998192191123962
CUXPER,CUXPUH,0.999313473701477
CUXPER,CUXQAO,0.9999999403953552
CUXPER,CUXQES,0.9987545013427734
CUXPER,CUXQIW,0.9998192191123962
CUXPER,DAMYOI,0.9992610812187195
CUXPER,DAMYUO,0.999313473701477
CUXPIV,CUXPOB,0.9992827773094177
CUXPIV,CUXPUH,0.9998304843902588
CUXPIV,CUXQAO,0.9994805455207825
CUXPIV,CUXQES,0.997765302658081
CUXPIV,CUXQIW,0.9992827773094177
CUXPIV,DAMYOI,0.9992631673812866
CUXPIV,DAMYUO,0.9998304843902588
CUXPOB,CUXPUH,0.9994291663169861
CUXPOB,CUXQAO,0.9998192191123962
CUXPOB,CUXQES,0.9985291957855225
CUXPOB,CUXQIW,1.0
CUXPOB,DAMYOI,0.999731719493866
CUXPOB,DAMYUO,0.9994291663169861
CUXPUH,CUXQAO,0.999313473701477
CUXPUH,CUXQES,0.9978838562965393
CUXPUH,CUXQIW,0.9994291663169861
CUXPUH,DAMYOI,0.9996850490570068
CUXPUH,DAMYUO,1.0
CUXQAO,CUXQES,0.9987545013427734
CUXQAO,CUXQIW,0.9998192191123962
CUXQAO,DAMYOI,0.9992610812187195
CUXQAO,DAMYUO,0.999313473701477
CUXQES,CUXQIW,0.9985291957855225
CUXQES,DAMYOI,0.997728705406189
CUXQES,DAMYUO,0.9978838562965393
CUXQIW,DAMYOI,0.999731719493866
CUXQIW,DAMYUO,0.9994291663169861
CUYDIL,DABMEB,0.9922806620597839
CUYDIL,DABMUR,1.0
CUYDIL,DACHAR,0.9969467520713806
CUYDIL,DALCEZ,1.0
CUYDIL,DALVAQ,0.9922806620597839
CUYDIL,DALVEU,0.9666798710823059
CUYDIL,DALVIY,0.9663447737693787
CUYDIL,DANZEX,0.9950717687606812
CUYDIL,DEHRIR,0.9969467520713806
CUYDIL,DIBWUH,0.9999494552612305
CUYDIL,DIBXAO,0.9996275901794434
CUZBUW,DIQGUH,0.9463374614715576
CUZBUW,RUBTAK02,0.9877029657363892
CUZBUW,SABVUN01,0.9963989853858948
CUZBUW,SURKAT,0.9877029657363892
DABMEB,DABMUR,0.9922806620597839
DABMEB,DACHAR,0.9968591928482056
DABMEB,DALCEZ,0.9922806620597839
DABMEB,DALVAQ,1.0
DABMEB,DALVEU,0.9820774793624878
DABMEB,DALVIY,0.9821406006813049
DABMEB,DANZEX,0.9970499873161316
DABMEB,DEHRIR,0.9968591928482056
DABMEB,DIBWUH,0.9921966195106506
DABMEB,DIBXAO,0.9939473867416382
DABMUR,DACHAR,0.9969467520713806
DABMUR,DALCEZ,1.0
DABMUR,DALVAQ,0.9922806620597839
DABMUR,DALVEU,0.9666798710823059
DABMUR,DALVIY,0.9663447737693787
DABMUR,DANZEX,0.9950717687606812
DABMUR,DEHRIR,0.9969467520713806
DABMUR,DIBWUH,0.9999494552612305
DABMUR,DIBXAO,0.9996275901794434
DACHAR,DALCEZ,0.9969467520713806
DACHAR,DALVAQ,0.9968591928482056
DACHAR,DALVEU,0.981690526008606
DACHAR,DALVIY,0.9812976121902466
DACHAR,DANZEX,0.9959419965744019
DACHAR,DEHRIR,1.0
DACHAR,DIBWUH,0.9969134330749512
DACHAR,DIBXAO,0.9971376657485962
DADLEC,DADLOM,1.0
DADLEC,DIXGIC,0.9776891469955444
DADLOM,DIXGIC,0.9776891469955444
DADTOS,DADTOS01,1.0
DADTOS,DADTOS02,1.0
DADTOS,DADTOS03,1.0
DADTOS,DADTOS04,1.0
DADTOS,DADTOS05,1.0
DADTOS,DADTOS06,1.0
DADTOS,DADTOS07,1.0
DADTOS,DADTOS08,1.0
DADTOS,DADTOS09,1.0
DADTOS,DADTOS10,1.0
DADTOS,DADTOS11,1.0
DADTOS,DADTOS12,1.0
DADTOS,DADTOS13,1.0
DADTOS,DADTOS14,1.0
DADTOS,DADTOS15,1.0
DADTOS,DADTOS16,1.0
DADTOS,DADTOS17,1.0
DADTOS,DADTOS18,1.0
DADTOS,DADTUY,0.9972895383834839
DADTOS,DADTUY01,0.9972895383834839
DADTOS,DADTUY05,0.9972895383834839
DADTOS,DADTUY06,0.9972895383834839
DADTOS,DADTUY07,0.9972895383834839
DADTOS,DADTUY08,0.9972895383834839
DADTOS,DADTUY09,0.9972895383834839
DADTOS,DADTUY10,0.9972895383834839
DADTOS,DADTUY11,0.9972895383834839
DADTOS,DADTUY12,0.9972895383834839
DADTOS,DADVAG,0.9955241084098816
DADTOS,DADVAG01,0.9955241084098816
DADTOS,DADVAG02,0.9955241084098816
DADTOS,DADVAG03,0.9955241084098816
DADTOS,DADVAG04,0.9955241084098816
DADTOS,DADVAG05,0.9955241084098816
DADTOS,DADVAG06,0.9955241084098816
DADTOS,DADVAG07,0.9955241084098816
DADTOS,DADVAG08,0.9955241084098816
DADTOS,DAXNIA,0.9974996447563171
DADTOS,DAXNIA01,0.9974996447563171
DADTOS,DAXNIA02,0.9974996447563171
DADTOS,DAXNIA03,0.9974996447563171
DADTOS,DAXNIA04,0.9974996447563171
DADTOS,DEFNEK,0.9989085793495178
DADTOS,DEFNIO,0.9972895383834839
DADTOS,DEFNOU,0.9955241084098816
DADTOS,DEPJIR,0.9974996447563171
DADTOS,DEPJIR01,0.9974996447563171
DADTOS,DIDVIW,1.0
DADTOS01,DADTOS02,1.0
DADTOS01,DADTOS03,1.0
DADTOS01,DADTOS04,1.0
DADTOS01,DADTOS05,1.0
DADTOS01,DADTOS06,1.0
DADTOS01,DADTOS07,1.0
DADTOS01,DADTOS08,1.0
DADTOS01,DADTOS09,1.0
DADTOS01,DADTOS10,1.0
DADTOS01,DADTOS11,1.0
DADTOS01,DADTOS12,1.0
DADTOS01,DADTOS13,1.0
DADTOS01,DADTOS14,1.0
DADTOS01,DADTOS15,1.0
DADTOS01,DADTOS16,1.0
DADTOS01,DADTOS17,1.0
DADTOS01,DADTOS18,1.0
DADTOS01,DADTUY,0.9972895383834839
DADTOS01,DADTUY01,0.9972895383834839
DADTOS01,DADTUY05,0.9972895383834839
DADTOS01,DADTUY06,0.9972895383834839
DADTOS01,DADTUY07,0.9972895383834839
DADTOS01,DADTUY08,0.9972895383834839
DADTOS01,DADTUY09,0.9972895383834839
DADTOS01,DADTUY10,0.9972895383834839
DADTOS01,DADTUY11,0.9972895383834839
DADTOS01,DADTUY12,0.9972895383834839
DADTOS01,DADVAG,0.9955241084098816
DADTOS01,DADVAG01,0.9955241084098816
DADTOS01,DADVAG02,0.9955241084098816
DADTOS01,DADVAG03,0.9955241084098816
DADTOS01,DADVAG04,0.9955241084098816
DADTOS01,DADVAG05,0.9955241084098816
DADTOS01,DADVAG06,0.9955241084098816
DADTOS01,DADVAG07,0.9955241084098816
DADTOS01,DADVAG08,0.9955241084098816
DADTOS01,DAXNIA,0.9974996447563171
DADTOS01,DAXNIA01,0.9974996447563171
DADTOS01,DAXNIA02,0.9974996447563171
DADTOS01,DAXNIA03,0.9974996447563171
DADTOS01,DAXNIA04,0.9974996447563171
DADTOS01,DEFNEK,0.9989085793495178
DADTOS01,DEFNIO,0.9972895383834839
DADTOS01,DEFNOU,0.9955241084098816
DADTOS01,DEPJIR,0.9974996447563171
DADTOS01,DEPJIR01,0.9974996447563171
DADTOS01,DIDVIW,1.0
DADTOS02,DADTOS03,1.0
DADTOS02,DADTOS04,1.0
DADTOS02,DADTOS05,1.0
DADTOS02,DADTOS06,1.0
DADTOS02,DADTOS07,1.0
DADTOS02,DADTOS08,1.0
DADTOS02,DADTOS09,1.0
DADTOS02,DADTOS10,1.0
DADTOS02,DADTOS11,1.0
DADTOS02,DADTOS12,1.0
DADTOS02,DADTOS13,1.0
DADTOS02,DADTOS14,1.0
DADTOS02,DADTOS15,1.0
DADTOS02,DADTOS16,1.0
DADTOS02,DADTOS17,1.0
DADTOS02,DADTOS18,1.0
DADTOS02,DADTUY,0.9972895383834839
DADTOS02,DADTUY01,0.9972895383834839
DADTOS02,DADTUY05,0.9972895383834839
DADTOS02,DADTUY06,0.9972895383834839
DADTOS02,DADTUY07,0.9972895383834839
DADTOS02,DADTUY08,0.9972895383834839
DADTOS02,DADTUY09,0.9972895383834839
DADTOS02,DADTUY10,0.9972895383834839
DADTOS02,DADTUY11,0.9972895383834839
DADTOS02,DADTUY12,0.9972895383834839
DADTOS02,DADVAG,0.9955241084098816
DADTOS02,DADVAG01,0.9955241084098816
DADTOS02,DADVAG02,0.9955241084098816
DADTOS02,DADVAG03,0.9955241084098816
DADTOS02,DADVAG04,0.9955241084098816
DADTOS02,DADVAG05,0.9955241084098816
DADTOS02,DADVAG06,0.9955241084098816
DADTOS02,DADVAG07,0.9955241084098816
DADTOS02,DADVAG08,0.9955241084098816
DADTOS02,DAXNIA,0.9974996447563171
DADTOS02,DAXNIA01,0.9974996447563171
DADTOS02,DAXNIA02,0.9974996447563171
DADTOS02,DAXNIA03,0.9974996447563171
DADTOS02,DAXNIA04,0.9974996447563171
DADTOS02,DEFNEK,0.9989085793495178
DADTOS02,DEFNIO,0.9972895383834839
DADTOS02,DEFNOU,0.9955241084098816
DADTOS02,DEPJIR,0.9974996447563171
DADTOS02,DEPJIR01,0.9974996447563171
DADTOS02,DIDVIW,1.0
DADTOS03,DADTOS04,1.0
DADTOS03,DADTOS05,1.0
DADTOS03,DADTOS06,1.0
DADTOS03,DADTOS07,1.0
DADTOS03,DADTOS08,1.0
DADTOS03,DADTOS09,1.0
DADTOS03,DADTOS10,1.0
DADTOS03,DADTOS11,1.0
DADTOS03,DADTOS12,1.0
DADTOS03,DADTOS13,1.0
DADTOS03,DADTOS14,1.0
DADTOS03,DADTOS15,1.0
DADTOS03,DADTOS16,1.0
DADTOS03,DADTOS17,1.0
DADTOS03,DADTOS18,1.0
DADTOS03,DADTUY,0.9972895383834839
DADTOS03,DADTUY01,0.9972895383834839
DADTOS03,DADTUY05,0.9972895383834839
DADTOS03,DADTUY06,0.9972895383834839
DADTOS03,DADTUY07,0.9972895383834839
DADTOS03,DADTUY08,0.9972895383834839
DADTOS03,DADTUY09,0.9972895383834839
DADTOS03,DADTUY10,0.9972895383834839
DADTOS03,DADTUY11,0.9972895383834839
DADTOS03,DADTUY12,0.9972895383834839
DADTOS03,DADVAG,0.9955241084098816
DADTOS03,DADVAG01,0.9955241084098816
DADTOS03,DADVAG02,0.9955241084098816
DADTOS03,DADVAG03,0.9955241084098816
DADTOS03,DADVAG04,0.9955241084098816
DADTOS03,DADVAG05,0.9955241084098816
DADTOS03,DADVAG06,0.9955241084098816
DADTOS03,DADVAG07,0.9955241084098816
DADTOS03,DADVAG08,0.9955241084098816
DADTOS03,DAXNIA,0.9974996447563171
DADTOS03,DAXNIA01,0.9974996447563171
DADTOS03,DAXNIA02,0.9974996447563171
DADTOS03,DAXNIA03,0.9974996447563171
DADTOS03,DAXNIA04,0.9974996447563171
DADTOS03,DEFNEK,0.9989085793495178
DADTOS03,DEFNIO,0.9972895383834839
DADTOS03,DEFNOU,0.9955241084098816
DADTOS03,DEPJIR,0.9974996447563171
DADTOS03,DEPJIR01,0.9974996447563171
DADTOS03,DIDVIW,1.0
DADTOS04,DADTOS05,1.0
DADTOS04,DADTOS06,1.0
DADTOS04,DADTOS07,1.0
DADTOS04,DADTOS08,1.0
DADTOS04,DADTOS09,1.0
DADTOS04,DADTOS10,1.0
DADTOS04,DADTOS11,1.0
DADTOS04,DADTOS12,1.0
DADTOS04,DADTOS13,1.0
DADTOS04,DADTOS14,1.0
DADTOS04,DADTOS15,1.0
DADTOS04,DADTOS16,1.0
DADTOS04,DADTOS17,1.0
DADTOS04,DADTOS18,1.0
DADTOS04,DADTUY,0.9972895383834839
DADTOS04,DADTUY01,0.9972895383834839
DADTOS04,DADTUY05,0.9972895383834839
DADTOS04,DADTUY06,0.9972895383834839
DADTOS04,DADTUY07,0.9972895383834839
DADTOS04,DADTUY08,0.9972895383834839
DADTOS04,DADTUY09,0.9972895383834839
DADTOS04,DADTUY10,0.9972895383834839
DADTOS04,DADTUY11,0.9972895383834839
DADTOS04,DADTUY12,0.9972895383834839
DADTOS04,DADVAG,0.9955241084098816
DADTOS04,DADVAG01,0.9955241084098816
DADTOS04,DADVAG02,0.9955241084098816
DADTOS04,DADVAG03,0.9955241084098816
DADTOS04,DADVAG04,0.9955241084098816
DADTOS04,DADVAG05,0.9955241084098816
DADTOS04,DADVAG06,0.9955241084098816
DADTOS04,DADVAG07,0.9955241084098816
DADTOS04,DADVAG08,0.9955241084098816
DADTOS04,DAXNIA,0.9974996447563171
DADTOS04,DAXNIA01,0.9974996447563171
DADTOS04,DAXNIA02,0.9974996447563171
DADTOS04,DAXNIA03,0.9974996447563171
DADTOS04,DAXNIA04,0.9974996447563171
DADTOS04,DEFNEK,0.9989085793495178
DADTOS04,DEFNIO,0.9972895383834839
DADTOS04,DEFNOU,0.9955241084098816
DADTOS04,DEPJIR,0.9974996447563171
DADTOS04,DEPJIR01,0.9974996447563171
DADTOS04,DIDVIW,1.0
DADTOS05,DADTOS06,1.0
DADTOS05,DADTOS07,1.0
DADTOS05,DADTOS08,1.0
DADTOS05,DADTOS09,1.0
DADTOS05,DADTOS10,1.0
DADTOS05,DADTOS11,1.0
DADTOS05,DADTOS12,1.0
DADTOS05,DADTOS13,1.0
DADTOS05,DADTOS14,1.0
DADTOS05,DADTOS15,1.0
DADTOS05,DADTOS16,1.0
DADTOS05,DADTOS17,1.0
DADTOS05,DADTOS18,1.0
DADTOS05,DADTUY,0.9972895383834839
DADTOS05,DADTUY01,0.9972895383834839
DADTOS05,DADTUY05,0.9972895383834839
DADTOS05,DADTUY06,0.9972895383834839
DADTOS05,DADTUY07,0.9972895383834839
DADTOS05,DADTUY08,0.9972895383834839
DADTOS05,DADTUY09,0.9972895383834839
DADTOS05,DADTUY10,0.9972895383834839
DADTOS05,DADTUY11,0.9972895383834839
DADTOS05,DADTUY12,0.9972895383834839
DADTOS05,DADVAG,0.9955241084098816
DADTOS05,DADVAG01,0.9955241084098816
DADTOS05,DADVAG02,0.9955241084098816
DADTOS05,DADVAG03,0.9955241084098816
DADTOS05,DADVAG04,0.9955241084098816
DADTOS05,DADVAG05,0.9955241084098816
DADTOS05,DADVAG06,0.9955241084098816
DADTOS05,DADVAG07,0.9955241084098816
DADTOS05,DADVAG08,0.9955241084098816
DADTOS05,DAXNIA,0.9974996447563171
DADTOS05,DAXNIA01,0.9974996447563171
DADTOS05,DAXNIA02,0.9974996447563171
DADTOS05,DAXNIA03,0.9974996447563171
DADTOS05,DAXNIA04,0.9974996447563171
DADTOS05,DEFNEK,0.9989085793495178
DADTOS05,DEFNIO,0.9972895383834839
DADTOS05,DEFNOU,0.9955241084098816
DADTOS05,DEPJIR,0.9974996447563171
DADTOS05,DEPJIR01,0.9974996447563171
DADTOS05,DIDVIW,1.0
DADTOS06,DADTOS07,1.0
DADTOS06,DADTOS08,1.0
DADTOS06,DADTOS09,1.0
DADTOS06,DADTOS10,1.0
DADTOS06,DADTOS11,1.0
DADTOS06,DADTOS12,1.0
DADTOS06,DADTOS13,1.0
DADTOS06,DADTOS14,1.0
DADTOS06,DADTOS15,1.0
DADTOS06,DADTOS16,1.0
DADTOS06,DADTOS17,1.0
DADTOS06,DADTOS18,1.0
DADTOS06,DADTUY,0.9972895383834839
DADTOS06,DADTUY01,0.9972895383834839
DADTOS06,DADTUY05,0.9972895383834839
DADTOS06,DADTUY06,0.9972895383834839
DADTOS06,DADTUY07,0.9972895383834839
DADTOS06,DADTUY08,0.9972895383834839
DADTOS06,DADTUY09,0.9972895383834839
DADTOS06,DADTUY10,0.9972895383834839
DADTOS06,DADTUY11,0.9972895383834839
DADTOS06,DADTUY12,0.9972895383834839
DADTOS06,DADVAG,0.9955241084098816
DADTOS06,DADVAG01,0.9955241084098816
DADTOS06,DADVAG02,0.9955241084098816
DADTOS06,DADVAG03,0.9955241084098816
DADTOS06,DADVAG04,0.9955241084098816
DADTOS06,DADVAG05,0.9955241084098816
DADTOS06,DADVAG06,0.9955241084098816
DADTOS06,DADVAG07,0.9955241084098816
DADTOS06,DADVAG08,0.9955241084098816
DADTOS06,DAXNIA,0.9974996447563171
DADTOS06,DAXNIA01,0.9974996447563171
DADTOS06,DAXNIA02,0.9974996447563171
DADTOS06,DAXNIA03,0.9974996447563171
DADTOS06,DAXNIA04,0.9974996447563171
DADTOS06,DEFNEK,0.9989085793495178
DADTOS06,DEFNIO,0.9972895383834839
DADTOS06,DEFNOU,0.9955241084098816
DADTOS06,DEPJIR,0.9974996447563171
DADTOS06,DEPJIR01,0.9974996447563171
DADTOS06,DIDVIW,1.0
DADTOS07,DADTOS08,1.0
DADTOS07,DADTOS09,1.0
DADTOS07,DADTOS10,1.0
DADTOS07,DADTOS11,1.0
DADTOS07,DADTOS12,1.0
DADTOS07,DADTOS13,1.0
DADTOS07,DADTOS14,1.0
DADTOS07,DADTOS15,1.0
DADTOS07,DADTOS16,1.0
DADTOS07,DADTOS17,1.0
DADTOS07,DADTOS18,1.0
DADTOS07,DADTUY,0.9972895383834839
DADTOS07,DADTUY01,0.9972895383834839
DADTOS07,DADTUY05,0.9972895383834839
DADTOS07,DADTUY06,0.9972895383834839
DADTOS07,DADTUY07,0.9972895383834839
DADTOS07,DADTUY08,0.9972895383834839
DADTOS07,DADTUY09,0.9972895383834839
DADTOS07,DADTUY10,0.9972895383834839
DADTOS07,DADTUY11,0.9972895383834839
DADTOS07,DADTUY12,0.9972895383834839
DADTOS07,DADVAG,0.9955241084098816
DADTOS07,DADVAG01,0.9955241084098816
DADTOS07,DADVAG02,0.9955241084098816
DADTOS07,DADVAG03,0.9955241084098816
DADTOS07,DADVAG04,0.9955241084098816
DADTOS07,DADVAG05,0.9955241084098816
DADTOS07,DADVAG06,0.9955241084098816
DADTOS07,DADVAG07,0.9955241084098816
DADTOS07,DADVAG08,0.9955241084098816
DADTOS07,DAXNIA,0.9974996447563171
DADTOS07,DAXNIA01,0.9974996447563171
DADTOS07,DAXNIA02,0.9974996447563171
DADTOS07,DAXNIA03,0.9974996447563171
DADTOS07,DAXNIA04,0.9974996447563171
DADTOS07,DEFNEK,0.9989085793495178
DADTOS07,DEFNIO,0.9972895383834839
DADTOS07,DEFNOU,0.9955241084098816
DADTOS07,DEPJIR,0.9974996447563171
DADTOS07,DEPJIR01,0.9974996447563171
DADTOS07,DIDVIW,1.0
DADTOS08,DADTOS09,1.0
DADTOS08,DADTOS10,1.0
DADTOS08,DADTOS11,1.0
DADTOS08,DADTOS12,1.0
DADTOS08,DADTOS13,1.0
DADTOS08,DADTOS14,1.0
DADTOS08,DADTOS15,1.0
DADTOS08,DADTOS16,1.0
DADTOS08,DADTOS17,1.0
DADTOS08,DADTOS18,1.0
DADTOS08,DADTUY,0.9972895383834839
DADTOS08,DADTUY01,0.9972895383834839
DADTOS08,DADTUY05,0.9972895383834839
DADTOS08,DADTUY06,0.9972895383834839
DADTOS08,DADTUY07,0.9972895383834839
DADTOS08,DADTUY08,0.9972895383834839
DADTOS08,DADTUY09,0.9972895383834839
DADTOS08,DADTUY10,0.9972895383834839
DADTOS08,DADTUY11,0.9972895383834839
DADTOS08,DADTUY12,0.9972895383834839
DADTOS08,DADVAG,0.9955241084098816
DADTOS08,DADVAG01,0.9955241084098816
DADTOS08,DADVAG02,0.9955241084098816
DADTOS08,DADVAG03,0.9955241084098816
DADTOS08,DADVAG04,0.9955241084098816
DADTOS08,DADVAG05,0.9955241084098816
DADTOS08,DADVAG06,0.9955241084098816
DADTOS08,DADVAG07,0.9955241084098816
DADTOS08,DADVAG08,0.9955241084098816
DADTOS08,DAXNIA,0.9974996447563171
DADTOS08,DAXNIA01,0.9974996447563171
DADTOS08,DAXNIA02,0.9974996447563171
DADTOS08,DAXNIA03,0.9974996447563171
DADTOS08,DAXNIA04,0.9974996447563171
DADTOS08,DEFNEK,0.9989085793495178
DADTOS08,DEFNIO,0.9972895383834839
DADTOS08,DEFNOU,0.9955241084098816
DADTOS08,DEPJIR,0.9974996447563171
DADTOS08,DEPJIR01,0.9974996447563171
DADTOS08,DIDVIW,1.0
DADTOS09,DADTOS10,1.0
DADTOS09,DADTOS11,1.0
DADTOS09,DADTOS12,1.0
DADTOS09,DADTOS13,1.0
DADTOS09,DADTOS14,1.0
DADTOS09,DADTOS15,1.0
DADTOS09,DADTOS16,1.0
DADTOS09,DADTOS17,1.0
DADTOS09,DADTOS18,1.0
DADTOS09,DADTUY,0.9972895383834839
DADTOS09,DADTUY01,0.9972895383834839
DADTOS09,DADTUY05,0.9972895383834839
DADTOS09,DADTUY06,0.9972895383834839
DADTOS09,DADTUY07,0.9972895383834839
DADTOS09,DADTUY08,0.9972895383834839
DADTOS09,DADTUY09,0.9972895383834839
DADTOS09,DADTUY10,0.9972895383834839
DADTOS09,DADTUY11,0.9972895383834839
DADTOS09,DADTUY12,0.9972895383834839
DADTOS09,DADVAG,0.9955241084098816
DADTOS09,DADVAG01,0.9955241084098816
DADTOS09,DADVAG02,0.9955241084098816
DADTOS09,DADVAG03,0.9955241084098816
DADTOS09,DADVAG04,0.9955241084098816
DADTOS09,DADVAG05,0.9955241084098816
DADTOS09,DADVAG06,0.9955241084098816
DADTOS09,DADVAG07,0.9955241084098816
DADTOS09,DADVAG08,0.9955241084098816
DADTOS09,DAXNIA,0.9974996447563171
DADTOS09,DAXNIA01,0.9974996447563171
DADTOS09,DAXNIA02,0.9974996447563171
DADTOS09,DAXNIA03,0.9974996447563171
DADTOS09,DAXNIA04,0.9974996447563171
DADTOS09,DEFNEK,0.9989085793495178
DADTOS09,DEFNIO,0.9972895383834839
DADTOS09,DEFNOU,0.9955241084098816
DADTOS09,DEPJIR,0.9974996447563171
DADTOS09,DEPJIR01,0.9974996447563171
DADTOS09,DIDVIW,1.0
DADTOS10,DADTOS11,1.0
DADTOS10,DADTOS12,1.0
DADTOS10,DADTOS13,1.0
DADTOS10,DADTOS14,1.0
DADTOS10,DADTOS15,1.0
DADTOS10,DADTOS16,1.0
DADTOS10,DADTOS17,1.0
DADTOS10,DADTOS18,1.0
DADTOS10,DADTUY,0.9972895383834839
DADTOS10,DADTUY01,0.9972895383834839
DADTOS10,DADTUY05,0.9972895383834839
DADTOS10,DADTUY06,0.9972895383834839
DADTOS10,DADTUY07,0.9972895383834839
DADTOS10,DADTUY08,0.9972895383834839
DADTOS10,DADTUY09,0.9972895383834839
DADTOS10,DADTUY10,0.9972895383834839
DADTOS10,DADTUY11,0.9972895383834839
DADTOS10,DADTUY12,0.9972895383834839
DADTOS10,DADVAG,0.9955241084098816
DADTOS10,DADVAG01,0.9955241084098816
DADTOS10,DADVAG02,0.9955241084098816
DADTOS10,DADVAG03,0.9955241084098816
DADTOS10,DADVAG04,0.9955241084098816
DADTOS10,DADVAG05,0.9955241084098816
DADTOS10,DADVAG06,0.9955241084098816
DADTOS10,DADVAG07,0.9955241084098816
DADTOS10,DADVAG08,0.9955241084098816
DADTOS10,DAXNIA,0.9974996447563171
DADTOS10,DAXNIA01,0.9974996447563171
DADTOS10,DAXNIA02,0.9974996447563171
DADTOS10,DAXNIA03,0.9974996447563171
DADTOS10,DAXNIA04,0.9974996447563171
DADTOS10,DEFNEK,0.9989085793495178
DADTOS10,DEFNIO,0.9972895383834839
DADTOS10,DEFNOU,0.9955241084098816
DADTOS10,DEPJIR,0.9974996447563171
DADTOS10,DEPJIR01,0.9974996447563171
DADTOS10,DIDVIW,1.0
DADTOS11,DADTOS12,1.0
DADTOS11,DADTOS13,1.0
DADTOS11,DADTOS14,1.0
DADTOS11,DADTOS15,1.0
DADTOS11,DADTOS16,1.0
DADTOS11,DADTOS17,1.0
DADTOS11,DADTOS18,1.0
DADTOS11,DADTUY,0.9972895383834839
DADTOS11,DADTUY01,0.9972895383834839
DADTOS11,DADTUY05,0.9972895383834839
DADTOS11,DADTUY06,0.9972895383834839
DADTOS11,DADTUY07,0.9972895383834839
DADTOS11,DADTUY08,0.9972895383834839
DADTOS11,DADTUY09,0.9972895383834839
DADTOS11,DADTUY10,0.9972895383834839
DADTOS11,DADTUY11,0.9972895383834839
DADTOS11,DADTUY12,0.9972895383834839
DADTOS11,DADVAG,0.9955241084098816
DADTOS11,DADVAG01,0.9955241084098816
DADTOS11,DADVAG02,0.9955241084098816
DADTOS11,DADVAG03,0.9955241084098816
DADTOS11,DADVAG04,0.9955241084098816
DADTOS11,DADVAG05,0.9955241084098816
DADTOS11,DADVAG06,0.9955241084098816
DADTOS11,DADVAG07,0.9955241084098816
DADTOS11,DADVAG08,0.9955241084098816
DADTOS11,DAXNIA,0.9974996447563171
DADTOS11,DAXNIA01,0.9974996447563171
DADTOS11,DAXNIA02,0.9974996447563171
DADTOS11,DAXNIA03,0.9974996447563171
DADTOS11,DAXNIA04,0.9974996447563171
DADTOS11,DEFNEK,0.9989085793495178
DADTOS11,DEFNIO,0.9972895383834839
DADTOS11,DEFNOU,0.9955241084098816
DADTOS11,DEPJIR,0.9974996447563171
DADTOS11,DEPJIR01,0.9974996447563171
DADTOS11,DIDVIW,1.0
DADTOS12,DADTOS13,1.0
DADTOS12,DADTOS14,1.0
DADTOS12,DADTOS15,1.0
DADTOS12,DADTOS16,1.0
DADTOS12,DADTOS17,1.0
DADTOS12,DADTOS18,1.0
DADTOS12,DADTUY,0.9972895383834839
DADTOS12,DADTUY01,0.9972895383834839
DADTOS12,DADTUY05,0.9972895383834839
DADTOS12,DADTUY06,0.9972895383834839
DADTOS12,DADTUY07,0.9972895383834839
DADTOS12,DADTUY08,0.9972895383834839
DADTOS12,DADTUY09,0.9972895383834839
DADTOS12,DADTUY10,0.9972895383834839
DADTOS12,DADTUY11,0.9972895383834839
DADTOS12,DADTUY12,0.9972895383834839
DADTOS12,DADVAG,0.9955241084098816
DADTOS12,DADVAG01,0.9955241084098816
DADTOS12,DADVAG02,0.9955241084098816
DADTOS12,DADVAG03,0.9955241084098816
DADTOS12,DADVAG04,0.9955241084098816
DADTOS12,DADVAG05,0.9955241084098816
DADTOS12,DADVAG06,0.9955241084098816
DADTOS12,DADVAG07,0.9955241084098816
DADTOS12,DADVAG08,0.9955241084098816
DADTOS12,DAXNIA,0.9974996447563171
DADTOS12,DAXNIA01,0.9974996447563171
DADTOS12,DAXNIA02,0.9974996447563171
DADTOS12,DAXNIA03,0.9974996447563171
DADTOS12,DAXNIA04,0.9974996447563171
DADTOS12,DEFNEK,0.9989085793495178
DADTOS12,DEFNIO,0.9972895383834839
DADTOS12,DEFNOU,0.9955241084098816
DADTOS12,DEPJIR,0.9974996447563171
DADTOS12,DEPJIR01,0.9974996447563171
DADTOS12,DIDVIW,1.0
DADTOS13,DADTOS14,1.0
DADTOS13,DADTOS15,1.0
DADTOS13,DADTOS16,1.0
DADTOS13,DADTOS17,1.0
DADTOS13,DADTOS18,1.0
DADTOS13,DADTUY,0.9972895383834839
DADTOS13,DADTUY01,0.9972895383834839
DADTOS13,DADTUY05,0.9972895383834839
DADTOS13,DADTUY06,0.9972895383834839
DADTOS13,DADTUY07,0.9972895383834839
DADTOS13,DADTUY08,0.9972895383834839
DADTOS13,DADTUY09,0.9972895383834839
DADTOS13,DADTUY10,0.9972895383834839
DADTOS13,DADTUY11,0.9972895383834839
DADTOS13,DADTUY12,0.9972895383834839
DADTOS13,DADVAG,0.9955241084098816
DADTOS13,DADVAG01,0.9955241084098816
DADTOS13,DADVAG02,0.9955241084098816
DADTOS13,DADVAG03,0.9955241084098816
DADTOS13,DADVAG04,0.9955241084098816
DADTOS13,DADVAG05,0.9955241084098816
DADTOS13,DADVAG06,0.9955241084098816
DADTOS13,DADVAG07,0.9955241084098816
DADTOS13,DADVAG08,0.9955241084098816
DADTOS13,DAXNIA,0.9974996447563171
DADTOS13,DAXNIA01,0.9974996447563171
DADTOS13,DAXNIA02,0.9974996447563171
DADTOS13,DAXNIA03,0.9974996447563171
DADTOS13,DAXNIA04,0.9974996447563171
DADTOS13,DEFNEK,0.9989085793495178
DADTOS13,DEFNIO,0.9972895383834839
DADTOS13,DEFNOU,0.9955241084098816
DADTOS13,DEPJIR,0.9974996447563171
DADTOS13,DEPJIR01,0.9974996447563171
DADTOS13,DIDVIW,1.0
DADTOS14,DADTOS15,1.0
DADTOS14,DADTOS16,1.0
DADTOS14,DADTOS17,1.0
DADTOS14,DADTOS18,1.0
DADTOS14,DADTUY,0.9972895383834839
DADTOS14,DADTUY01,0.9972895383834839
DADTOS14,DADTUY05,0.9972895383834839
DADTOS14,DADTUY06,0.9972895383834839
DADTOS14,DADTUY07,0.9972895383834839
DADTOS14,DADTUY08,0.9972895383834839
DADTOS14,DADTUY09,0.9972895383834839
DADTOS14,DADTUY10,0.9972895383834839
DADTOS14,DADTUY11,0.9972895383834839
DADTOS14,DADTUY12,0.9972895383834839
DADTOS14,DADVAG,0.9955241084098816
DADTOS14,DADVAG01,0.9955241084098816
DADTOS14,DADVAG02,0.9955241084098816
DADTOS14,DADVAG03,0.9955241084098816
DADTOS14,DADVAG04,0.9955241084098816
DADTOS14,DADVAG05,0.9955241084098816
DADTOS14,DADVAG06,0.9955241084098816
DADTOS14,DADVAG07,0.9955241084098816
DADTOS14,DADVAG08,0.9955241084098816
DADTOS14,DAXNIA,0.9974996447563171
DADTOS14,DAXNIA01,0.9974996447563171
DADTOS14,DAXNIA02,0.9974996447563171
DADTOS14,DAXNIA03,0.9974996447563171
DADTOS14,DAXNIA04,0.9974996447563171
DADTOS14,DEFNEK,0.9989085793495178
DADTOS14,DEFNIO,0.9972895383834839
DADTOS14,DEFNOU,0.9955241084098816
DADTOS14,DEPJIR,0.9974996447563171
DADTOS14,DEPJIR01,0.9974996447563171
DADTOS14,DIDVIW,1.0
DADTOS15,DADTOS16,1.0
DADTOS15,DADTOS17,1.0
DADTOS15,DADTOS18,1.0
DADTOS15,DADTUY,0.9972895383834839
DADTOS15,DADTUY01,0.9972895383834839
DADTOS15,DADTUY05,0.9972895383834839
DADTOS15,DADTUY06,0.9972895383834839
DADTOS15,DADTUY07,0.9972895383834839
DADTOS15,DADTUY08,0.9972895383834839
DADTOS15,DADTUY09,0.9972895383834839
DADTOS15,DADTUY10,0.9972895383834839
DADTOS15,DADTUY11,0.9972895383834839
DADTOS15,DADTUY12,0.9972895383834839
DADTOS15,DADVAG,0.9955241084098816
DADTOS15,DADVAG01,0.9955241084098816
DADTOS15,DADVAG02,0.9955241084098816
DADTOS15,DADVAG03,0.9955241084098816
DADTOS15,DADVAG04,0.9955241084098816
DADTOS15,DADVAG05,0.9955241084098816
DADTOS15,DADVAG06,0.9955241084098816
DADTOS15,DADVAG07,0.9955241084098816
DADTOS15,DADVAG08,0.9955241084098816
DADTOS15,DAXNIA,0.9974996447563171
DADTOS15,DAXNIA01,0.9974996447563171
DADTOS15,DAXNIA02,0.9974996447563171
DADTOS15,DAXNIA03,0.9974996447563171
DADTOS15,DAXNIA04,0.9974996447563171
DADTOS15,DEFNEK,0.9989085793495178
DADTOS15,DEFNIO,0.9972895383834839
DADTOS15,DEFNOU,0.9955241084098816
DADTOS15,DEPJIR,0.9974996447563171
DADTOS15,DEPJIR01,0.9974996447563171
DADTOS15,DIDVIW,1.0
DADTOS16,DADTOS17,1.0
DADTOS16,DADTOS18,1.0
DADTOS16,DADTUY,0.9972895383834839
DADTOS16,DADTUY01,0.9972895383834839
DADTOS16,DADTUY05,0.9972895383834839
DADTOS16,DADTUY06,0.9972895383834839
DADTOS16,DADTUY07,0.9972895383834839
DADTOS16,DADTUY08,0.9972895383834839
DADTOS16,DADTUY09,0.9972895383834839
DADTOS16,DADTUY10,0.9972895383834839
DADTOS16,DADTUY11,0.9972895383834839
DADTOS16,DADTUY12,0.9972895383834839
DADTOS16,DADVAG,0.9955241084098816
DADTOS16,DADVAG01,0.9955241084098816
DADTOS16,DADVAG02,0.9955241084098816
DADTOS16,DADVAG03,0.9955241084098816
DADTOS16,DADVAG04,0.9955241084098816
DADTOS16,DADVAG05,0.9955241084098816
DADTOS16,DADVAG06,0.9955241084098816
DADTOS16,DADVAG07,0.9955241084098816
DADTOS16,DADVAG08,0.9955241084098816
DADTOS16,DAXNIA,0.9974996447563171
DADTOS16,DAXNIA01,0.9974996447563171
DADTOS16,DAXNIA02,0.9974996447563171
DADTOS16,DAXNIA03,0.9974996447563171
DADTOS16,DAXNIA04,0.9974996447563171
DADTOS16,DEFNEK,0.9989085793495178
DADTOS16,DEFNIO,0.9972895383834839
DADTOS16,DEFNOU,0.9955241084098816
DADTOS16,DEPJIR,0.9974996447563171
DADTOS16,DEPJIR01,0.9974996447563171
DADTOS16,DIDVIW,1.0
DADTOS17,DADTOS18,1.0
DADTOS17,DADTUY,0.9972895383834839
DADTOS17,DADTUY01,0.9972895383834839
DADTOS17,DADTUY05,0.9972895383834839
DADTOS17,DADTUY06,0.9972895383834839
DADTOS17,DADTUY07,0.9972895383834839
DADTOS17,DADTUY08,0.9972895383834839
DADTOS17,DADTUY09,0.9972895383834839
DADTOS17,DADTUY10,0.9972895383834839
DADTOS17,DADTUY11,0.9972895383834839
DADTOS17,DADTUY12,0.9972895383834839
DADTOS17,DADVAG,0.9955241084098816
DADTOS17,DADVAG01,0.9955241084098816
DADTOS17,DADVAG02,0.9955241084098816
DADTOS17,DADVAG03,0.9955241084098816
DADTOS17,DADVAG04,0.9955241084098816
DADTOS17,DADVAG05,0.9955241084098816
DADTOS17,DADVAG06,0.9955241084098816
DADTOS17,DADVAG07,0.9955241084098816
DADTOS17,DADVAG08,0.9955241084098816
DADTOS17,DAXNIA,0.9974996447563171
DADTOS17,DAXNIA01,0.9974996447563171
DADTOS17,DAXNIA02,0.9974996447563171
DADTOS17,DAXNIA03,0.9974996447563171
DADTOS17,DAXNIA04,0.9974996447563171
DADTOS17,DEFNEK,0.9989085793495178
DADTOS17,DEFNIO,0.9972895383834839
DADTOS17,DEFNOU,0.9955241084098816
DADTOS17,DEPJIR,0.9974996447563171
DADTOS17,DEPJIR01,0.9974996447563171
DADTOS17,DIDVIW,1.0
DADTOS18,DADTUY,0.9972895383834839
DADTOS18,DADTUY01,0.9972895383834839
DADTOS18,DADTUY05,0.9972895383834839
DADTOS18,DADTUY06,0.9972895383834839
DADTOS18,DADTUY07,0.9972895383834839
DADTOS18,DADTUY08,0.9972895383834839
DADTOS18,DADTUY09,0.9972895383834839
DADTOS18,DADTUY10,0.9972895383834839
DADTOS18,DADTUY11,0.9972895383834839
DADTOS18,DADTUY12,0.9972895383834839
DADTOS18,DADVAG,0.9955241084098816
DADTOS18,DADVAG01,0.9955241084098816
DADTOS18,DADVAG02,0.9955241084098816
DADTOS18,DADVAG03,0.9955241084098816
DADTOS18,DADVAG04,0.9955241084098816
DADTOS18,DADVAG05,0.9955241084098816
DADTOS18,DADVAG06,0.9955241084098816
DADTOS18,DADVAG07,0.9955241084098816
DADTOS18,DADVAG08,0.9955241084098816
DADTOS18,DAXNIA,0.9974996447563171
DADTOS18,DAXNIA01,0.9974996447563171
DADTOS18,DAXNIA02,0.9974996447563171
DADTOS18,DAXNIA03,0.9974996447563171
DADTOS18,DAXNIA04,0.9974996447563171
DADTOS18,DEFNEK,0.9989085793495178
DADTOS18,DEFNIO,0.9972895383834839
DADTOS18,DEFNOU,0.9955241084098816
DADTOS18,DEPJIR,0.9974996447563171
DADTOS18,DEPJIR01,0.9974996447563171
DADTOS18,DIDVIW,1.0
DADTUY,DADTUY01,0.9999999403953552
DADTUY,DADTUY05,0.9999999403953552
DADTUY,DADTUY06,0.9999999403953552
DADTUY,DADTUY07,0.9999999403953552
DADTUY,DADTUY08,0.9999999403953552
DADTUY,DADTUY09,0.9999999403953552
DADTUY,DADTUY10,0.9999999403953552
DADTUY,DADTUY11,0.9999999403953552
DADTUY,DADTUY12,0.9999999403953552
DADTUY,DADVAG,0.9997506737709045
DADTUY,DADVAG01,0.9997506737709045
DADTUY,DADVAG02,0.9997506737709045
DADTUY,DADVAG03,0.9997506737709045
DADTUY,DADVAG04,0.9997506737709045
DADTUY,DADVAG05,0.9997506737709045
DADTUY,DADVAG06,0.9997506737709045
DADTUY,DADVAG07,0.9997506737709045
DADTUY,DADVAG08,0.9997506737709045
DADTUY,DAXNIA,0.9977757334709167
DADTUY,DAXNIA01,0.9977757334709167
DADTUY,DAXNIA02,0.9977757334709167
DADTUY,DAXNIA03,0.9977757334709167
DADTUY,DAXNIA04,0.9977757334709167
DADTUY,DEFNEK,0.9996292591094971
DADTUY,DEFNIO,0.9999999403953552
DADTUY,DEFNOU,0.9997506737709045
DADTUY,DEPJIR,0.9977757334709167
DADTUY,DEPJIR01,0.9977757334709167
DADTUY,DIDVIW,0.9972895383834839
DADTUY01,DADTUY05,0.9999999403953552
DADTUY01,DADTUY06,0.9999999403953552
DADTUY01,DADTUY07,0.9999999403953552
DADTUY01,DADTUY08,0.9999999403953552
DADTUY01,DADTUY09,0.9999999403953552
DADTUY01,DADTUY10,0.9999999403953552
DADTUY01,DADTUY11,0.9999999403953552
DADTUY01,DADTUY12,0.9999999403953552
DADTUY01,DADVAG,0.9997506737709045
DADTUY01,DADVAG01,0.9997506737709045
DADTUY01,DADVAG02,0.9997506737709045
DADTUY01,DADVAG03,0.9997506737709045
DADTUY01,DADVAG04,0.9997506737709045
DADTUY01,DADVAG05,0.9997506737709045
DADTUY01,DADVAG06,0.9997506737709045
DADTUY01,DADVAG07,0.9997506737709045
DADTUY01,DADVAG08,0.9997506737709045
DADTUY01,DAXNIA,0.9977757334709167
DADTUY01,DAXNIA01,0.9977757334709167
DADTUY01,DAXNIA02,0.9977757334709167
DADTUY01,DAXNIA03,0.9977757334709167
DADTUY01,DAXNIA04,0.9977757334709167
DADTUY01,DEFNEK,0.9996292591094971
DADTUY01,DEFNIO,0.9999999403953552
DADTUY01,DEFNOU,0.9997506737709045
DADTUY01,DEPJIR,0.9977757334709167
DADTUY01,DEPJIR01,0.9977757334709167
DADTUY01,DIDVIW,0.9972895383834839
DADTUY05,DADTUY06,0.9999999403953552
DADTUY05,DADTUY07,0.9999999403953552
DADTUY05,DADTUY08,0.9999999403953552
DADTUY05,DADTUY09,0.9999999403953552
DADTUY05,DADTUY10,0.9999999403953552
DADTUY05,DADTUY11,0.9999999403953552
DADTUY05,DADTUY12,0.9999999403953552
DADTUY05,DADVAG,0.9997506737709045
DADTUY05,DADVAG01,0.9997506737709045
DADTUY05,DADVAG02,0.9997506737709045
DADTUY05,DADVAG03,0.9997506737709045
DADTUY05,DADVAG04,0.9997506737709045
DADTUY05,DADVAG05,0.9997506737709045
DADTUY05,DADVAG06,0.9997506737709045
DADTUY05,DADVAG07,0.9997506737709045
DADTUY05,DADVAG08,0.9997506737709045
DADTUY05,DAXNIA,0.9977757334709167
DADTUY05,DAXNIA01,0.9977757334709167
DADTUY05,DAXNIA02,0.9977757334709167
DADTUY05,DAXNIA03,0.9977757334709167
DADTUY05,DAXNIA04,0.9977757334709167
DADTUY05,DEFNEK,0.9996292591094971
DADTUY05,DEFNIO,0.9999999403953552
DADTUY05,DEFNOU,0.9997506737709045
DADTUY05,DEPJIR,0.9977757334709167
DADTUY05,DEPJIR01,0.9977757334709167
DADTUY05,DIDVIW,0.9972895383834839
DADTUY06,DADTUY07,0.9999999403953552
DADTUY06,DADTUY08,0.9999999403953552
DADTUY06,DADTUY09,0.9999999403953552
DADTUY06,DADTUY10,0.9999999403953552
DADTUY06,DADTUY11,0.9999999403953552
DADTUY06,DADTUY12,0.9999999403953552
DADTUY06,DADVAG,0.9997506737709045
DADTUY06,DADVAG01,0.9997506737709045
DADTUY06,DADVAG02,0.9997506737709045
DADTUY06,DADVAG03,0.9997506737709045
DADTUY06,DADVAG04,0.9997506737709045
DADTUY06,DADVAG05,0.9997506737709045
DADTUY06,DADVAG06,0.9997506737709045
DADTUY06,DADVAG07,0.9997506737709045
DADTUY06,DADVAG08,0.9997506737709045
DADTUY06,DAXNIA,0.9977757334709167
DADTUY06,DAXNIA01,0.9977757334709167
DADTUY06,DAXNIA02,0.9977757334709167
DADTUY06,DAXNIA03,0.9977757334709167
DADTUY06,DAXNIA04,0.9977757334709167
DADTUY06,DEFNEK,0.9996292591094971
DADTUY06,DEFNIO,0.9999999403953552
DADTUY06,DEFNOU,0.9997506737709045
DADTUY06,DEPJIR,0.9977757334709167
DADTUY06,DEPJIR01,0.9977757334709167
DADTUY06,DIDVIW,0.9972895383834839
DADTUY07,DADTUY08,0.9999999403953552
DADTUY07,DADTUY09,0.9999999403953552
DADTUY07,DADTUY10,0.9999999403953552
DADTUY07,DADTUY11,0.9999999403953552
DADTUY07,DADTUY12,0.9999999403953552
DADTUY07,DADVAG,0.9997506737709045
DADTUY07,DADVAG01,0.9997506737709045
DADTUY07,DADVAG02,0.9997506737709045
DADTUY07,DADVAG03,0.9997506737709045
DADTUY07,DADVAG04,0.9997506737709045
DADTUY07,DADVAG05,0.9997506737709045
DADTUY07,DADVAG06,0.9997506737709045
DADTUY07,DADVAG07,0.9997506737709045
DADTUY07,DADVAG08,0.9997506737709045
DADTUY07,DAXNIA,0.9977757334709167
DADTUY07,DAXNIA01,0.9977757334709167
DADTUY07,DAXNIA02,0.9977757334709167
DADTUY07,DAXNIA03,0.9977757334709167
DADTUY07,DAXNIA04,0.9977757334709167
DADTUY07,DEFNEK,0.9996292591094971
DADTUY07,DEFNIO,0.9999999403953552
DADTUY07,DEFNOU,0.9997506737709045
DADTUY07,DEPJIR,0.9977757334709167
DADTUY07,DEPJIR01,0.9977757334709167
DADTUY07,DIDVIW,0.9972895383834839
DADTUY08,DADTUY09,0.9999999403953552
DADTUY08,DADTUY10,0.9999999403953552
DADTUY08,DADTUY11,0.9999999403953552
DADTUY08,DADTUY12,0.9999999403953552
DADTUY08,DADVAG,0.9997506737709045
DADTUY08,DADVAG01,0.9997506737709045
DADTUY08,DADVAG02,0.9997506737709045
DADTUY08,DADVAG03,0.9997506737709045
DADTUY08,DADVAG04,0.9997506737709045
DADTUY08,DADVAG05,0.9997506737709045
DADTUY08,DADVAG06,0.9997506737709045
DADTUY08,DADVAG07,0.9997506737709045
DADTUY08,DADVAG08,0.9997506737709045
DADTUY08,DAXNIA,0.9977757334709167
DADTUY08,DAXNIA01,0.9977757334709167
DADTUY08,DAXNIA02,0.9977757334709167
DADTUY08,DAXNIA03,0.9977757334709167
DADTUY08,DAXNIA04,0.9977757334709167
DADTUY08,DEFNEK,0.9996292591094971
DADTUY08,DEFNIO,0.9999999403953552
DADTUY08,DEFNOU,0.9997506737709045
DADTUY08,DEPJIR,0.9977757334709167
DADTUY08,DEPJIR01,0.9977757334709167
DADTUY08,DIDVIW,0.9972895383834839
DADTUY09,DADTUY10,0.9999999403953552
DADTUY09,DADTUY11,0.9999999403953552
DADTUY09,DADTUY12,0.9999999403953552
DADTUY09,DADVAG,0.9997506737709045
DADTUY09,DADVAG01,0.9997506737709045
DADTUY09,DADVAG02,0.9997506737709045
DADTUY09,DADVAG03,0.9997506737709045
DADTUY09,DADVAG04,0.9997506737709045
DADTUY09,DADVAG05,0.9997506737709045
DADTUY09,DADVAG06,0.9997506737709045
DADTUY09,DADVAG07,0.9997506737709045
DADTUY09,DADVAG08,0.9997506737709045
DADTUY09,DAXNIA,0.9977757334709167
DADTUY09,DAXNIA01,0.9977757334709167
DADTUY09,DAXNIA02,0.9977757334709167
DADTUY09,DAXNIA03,0.9977757334709167
DADTUY09,DAXNIA04,0.9977757334709167
DADTUY09,DEFNEK,0.9996292591094971
DADTUY09,DEFNIO,0.9999999403953552
DADTUY09,DEFNOU,0.9997506737709045
DADTUY09,DEPJIR,0.9977757334709167
DADTUY09,DEPJIR01,0.9977757334709167
DADTUY09,DIDVIW,0.9972895383834839
DADTUY10,DADTUY11,0.9999999403953552
DADTUY10,DADTUY12,0.9999999403953552
DADTUY10,DADVAG,0.9997506737709045
DADTUY10,DADVAG01,0.9997506737709045
DADTUY10,DADVAG02,0.9997506737709045
DADTUY10,DADVAG03,0.9997506737709045
DADTUY10,DADVAG04,0.9997506737709045
DADTUY10,DADVAG05,0.9997506737709045
DADTUY10,DADVAG06,0.9997506737709045
DADTUY10,DADVAG07,0.9997506737709045
DADTUY10,DADVAG08,0.9997506737709045
DADTUY10,DAXNIA,0.9977757334709167
DADTUY10,DAXNIA01,0.9977757334709167
DADTUY10,DAXNIA02,0.9977757334709167
DADTUY10,DAXNIA03,0.9977757334709167
DADTUY10,DAXNIA04,0.9977757334709167
DADTUY10,DEFNEK,0.9996292591094971
DADTUY10,DEFNIO,0.9999999403953552
DADTUY10,DEFNOU,0.9997506737709045
DADTUY10,DEPJIR,0.9977757334709167
DADTUY10,DEPJIR01,0.9977757334709167
DADTUY10,DIDVIW,0.9972895383834839
DADTUY11,DADTUY12,0.9999999403953552
DADTUY11,DADVAG,0.9997506737709045
DADTUY11,DADVAG01,0.9997506737709045
DADTUY11,DADVAG02,0.9997506737709045
DADTUY11,DADVAG03,0.9997506737709045
DADTUY11,DADVAG04,0.9997506737709045
DADTUY11,DADVAG05,0.9997506737709045
DADTUY11,DADVAG06,0.9997506737709045
DADTUY11,DADVAG07,0.9997506737709045
DADTUY11,DADVAG08,0.9997506737709045
DADTUY11,DAXNIA,0.9977757334709167
DADTUY11,DAXNIA01,0.9977757334709167
DADTUY11,DAXNIA02,0.9977757334709167
DADTUY11,DAXNIA03,0.9977757334709167
DADTUY11,DAXNIA04,0.9977757334709167
DADTUY11,DEFNEK,0.9996292591094971
DADTUY11,DEFNIO,0.9999999403953552
DADTUY11,DEFNOU,0.9997506737709045
DADTUY11,DEPJIR,0.9977757334709167
DADTUY11,DEPJIR01,0.9977757334709167
DADTUY11,DIDVIW,0.9972895383834839
DADTUY12,DADVAG,0.9997506737709045
DADTUY12,DADVAG01,0.9997506737709045
DADTUY12,DADVAG02,0.9997506737709045
DADTUY12,DADVAG03,0.9997506737709045
DADTUY12,DADVAG04,0.9997506737709045
DADTUY12,DADVAG05,0.9997506737709045
DADTUY12,DADVAG06,0.9997506737709045
DADTUY12,DADVAG07,0.9997506737709045
DADTUY12,DADVAG08,0.9997506737709045
DADTUY12,DAXNIA,0.9977757334709167
DADTUY12,DAXNIA01,0.9977757334709167
DADTUY12,DAXNIA02,0.9977757334709167
DADTUY12,DAXNIA03,0.9977757334709167
DADTUY12,DAXNIA04,0.9977757334709167
DADTUY12,DEFNEK,0.9996292591094971
DADTUY12,DEFNIO,0.9999999403953552
DADTUY12,DEFNOU,0.9997506737709045
DADTUY12,DEPJIR,0.9977757334709167
DADTUY12,DEPJIR01,0.9977757334709167
DADTUY12,DIDVIW,0.9972895383834839
DADVAG,DADVAG01,1.0
DADVAG,DADVAG02,1.0
DADVAG,DADVAG03,1.0
DADVAG,DADVAG04,1.0
DADVAG,DADVAG05,1.0
DADVAG,DADVAG06,1.0
DADVAG,DADVAG07,1.0
DADVAG,DADVAG08,1.0
DADVAG,DAXNIA,0.9965023994445801
DADVAG,DAXNIA01,0.9965023994445801
DADVAG,DAXNIA02,0.9965023994445801
DADVAG,DAXNIA03,0.9965023994445801
DADVAG,DAXNIA04,0.9965023994445801
DADVAG,DEFNEK,0.9988105893135071
DADVAG,DEFNIO,0.9997506737709045
DADVAG,DEFNOU,1.0
DADVAG,DEPJIR,0.9965023994445801
DADVAG,DEPJIR01,0.9965023994445801
DADVAG,DIDVIW,0.9955241084098816
DADVAG01,DADVAG02,1.0
DADVAG01,DADVAG03,1.0
DADVAG01,DADVAG04,1.0
DADVAG01,DADVAG05,1.0
DADVAG01,DADVAG06,1.0
DADVAG01,DADVAG07,1.0
DADVAG01,DADVAG08,1.0
DADVAG01,DAXNIA,0.9965023994445801
DADVAG01,DAXNIA01,0.9965023994445801
DADVAG01,DAXNIA02,0.9965023994445801
DADVAG01,DAXNIA03,0.9965023994445801
DADVAG01,DAXNIA04,0.9965023994445801
DADVAG01,DEFNEK,0.9988105893135071
DADVAG01,DEFNIO,0.9997506737709045
DADVAG01,DEFNOU,1.0
DADVAG01,DEPJIR,0.9965023994445801
DADVAG01,DEPJIR01,0.9965023994445801
DADVAG01,DIDVIW,0.9955241084098816
DADVAG02,DADVAG03,1.0
DADVAG02,DADVAG04,1.0
DADVAG02,DADVAG05,1.0
DADVAG02,DADVAG06,1.0
DADVAG02,DADVAG07,1.0
DADVAG02,DADVAG08,1.0
DADVAG02,DAXNIA,0.9965023994445801
DADVAG02,DAXNIA01,0.9965023994445801
DADVAG02,DAXNIA02,0.9965023994445801
DADVAG02,DAXNIA03,0.9965023994445801
DADVAG02,DAXNIA04,0.9965023994445801
DADVAG02,DEFNEK,0.9988105893135071
DADVAG02,DEFNIO,0.9997506737709045
DADVAG02,DEFNOU,1.0
DADVAG02,DEPJIR,0.9965023994445801
DADVAG02,DEPJIR01,0.9965023994445801
DADVAG02,DIDVIW,0.9955241084098816
DADVAG03,DADVAG04,1.0
DADVAG03,DADVAG05,1.0
DADVAG03,DADVAG06,1.0
DADVAG03,DADVAG07,1.0
DADVAG03,DADVAG08,1.0
DADVAG03,DAXNIA,0.9965023994445801
DADVAG03,DAXNIA01,0.9965023994445801
DADVAG03,DAXNIA02,0.9965023994445801
DADVAG03,DAXNIA03,0.9965023994445801
DADVAG03,DAXNIA04,0.9965023994445801
DADVAG03,DEFNEK,0.9988105893135071
DADVAG03,DEFNIO,0.9997506737709045
DADVAG03,DEFNOU,1.0
DADVAG03,DEPJIR,0.9965023994445801
DADVAG03,DEPJIR01,0.9965023994445801
DADVAG03,DIDVIW,0.9955241084098816
DADVAG04,DADVAG05,1.0
DADVAG04,DADVAG06,1.0
DADVAG04,DADVAG07,1.0
DADVAG04,DADVAG08,1.0
DADVAG04,DAXNIA,0.9965023994445801
DADVAG04,DAXNIA01,0.9965023994445801
DADVAG04,DAXNIA02,0.9965023994445801
DADVAG04,DAXNIA03,0.9965023994445801
DADVAG04,DAXNIA04,0.9965023994445801
DADVAG04,DEFNEK,0.9988105893135071
DADVAG04,DEFNIO,0.9997506737709045
DADVAG04,DEFNOU,1.0
DADVAG04,DEPJIR,0.9965023994445801
DADVAG04,DEPJIR01,0.9965023994445801
DADVAG04,DIDVIW,0.9955241084098816
DADVAG05,DADVAG06,1.0
DADVAG05,DADVAG07,1.0
DADVAG05,DADVAG08,1.0
DADVAG05,DAXNIA,0.9965023994445801
DADVAG05,DAXNIA01,0.9965023994445801
DADVAG05,DAXNIA02,0.9965023994445801
DADVAG05,DAXNIA03,0.9965023994445801
DADVAG05,DAXNIA04,0.9965023994445801
DADVAG05,DEFNEK,0.9988105893135071
DADVAG05,DEFNIO,0.9997506737709045
DADVAG05,DEFNOU,1.0
DADVAG05,DEPJIR,0.9965023994445801
DADVAG05,DEPJIR01,0.9965023994445801
DADVAG05,DIDVIW,0.9955241084098816
DADVAG06,DADVAG07,1.0
DADVAG06,DADVAG08,1.0
DADVAG06,DAXNIA,0.9965023994445801
DADVAG06,DAXNIA01,0.9965023994445801
DADVAG06,DAXNIA02,0.9965023994445801
DADVAG06,DAXNIA03,0.9965023994445801
DADVAG06,DAXNIA04,0.9965023994445801
DADVAG06,DEFNEK,0.9988105893135071
DADVAG06,DEFNIO,0.9997506737709045
DADVAG06,DEFNOU,1.0
DADVAG06,DEPJIR,0.9965023994445801
DADVAG06,DEPJIR01,0.9965023994445801
DADVAG06,DIDVIW,0.9955241084098816
DADVAG07,DADVAG08,1.0
DADVAG07,DAXNIA,0.9965023994445801
DADVAG07,DAXNIA01,0.9965023994445801
DADVAG07,DAXNIA02,0.9965023994445801
DADVAG07,DAXNIA03,0.9965023994445801
DADVAG07,DAXNIA04,0.9965023994445801
DADVAG07,DEFNEK,0.9988105893135071
DADVAG07,DEFNIO,0.9997506737709045
DADVAG07,DEFNOU,1.0
DADVAG07,DEPJIR,0.9965023994445801
DADVAG07,DEPJIR01,0.9965023994445801
DADVAG07,DIDVIW,0.9955241084098816
DADVAG08,DAXNIA,0.9965023994445801
DADVAG08,DAXNIA01,0.9965023994445801
DADVAG08,DAXNIA02,0.9965023994445801
DADVAG08,DAXNIA03,0.9965023994445801
DADVAG08,DAXNIA04,0.9965023994445801
DADVAG08,DEFNEK,0.9988105893135071
DADVAG08,DEFNIO,0.9997506737709045
DADVAG08,DEFNOU,1.0
DADVAG08,DEPJIR,0.9965023994445801
DADVAG08,DEPJIR01,0.9965023994445801
DADVAG08,DIDVIW,0.9955241084098816
DADXUE,DICPUD,0.9611314535140991
DAFHEZ,DAFHID,0.9997506737709045
DAFHEZ,DAFHOJ,0.9972895383834839
DAFHEZ,DIBZEU,0.9692751169204712
DAFHEZ,DITKAT,0.9788232445716858
DAFHEZ,DITKAT01,0.9788232445716858
DAFHID,DAFHOJ,0.9955241084098816
DAFHID,DIBZEU,0.967235803604126
DAFHID,DITKAT,0.9778358340263367
DAFHID,DITKAT01,0.9778358340263367
DAFHOJ,DIBZEU,0.9781520962715149
DAFHOJ,DITKAT,0.9819706082344055
DAFHOJ,DITKAT01,0.9819706082344055
DAFYAN,DAFYOB,1.0
DAGDEV,DAGDIZ,0.9970499873161316
DAGDEV,DEJTES,0.9970499873161316
DAGDEV,DEJTIW,0.9970499873161316
DAGDIZ,DEJTES,1.0
DAGDIZ,DEJTIW,1.0
DAGGOK,DAGGUQ,1.0
DAGTUD,DANWAS,0.9962353706359863
DAHMIJ,DEJJEK,0.9856033325195312
DAHMIJ,DITXOU,0.9962353706359863
DAHNOQ,DAHNUW,0.9999999403953552
DAHNOQ,DAHPAE,0.9955672025680542
DAHNOQ,DALSAN,0.9726292490959167
DAHNOQ,DALSER,0.9726292490959167
DAHNOQ,DAPGUW01,0.9697352647781372
DAHNOQ,DAPHAD01,0.9643369913101196
DAHNOQ,DECDUN,0.9919713735580444
DAHNOQ,DIVMUR,0.9967666864395142
DAHNOQ,DIVNAY,0.9957407712936401
DAHNUW,DAHPAE,0.9955672025680542
DAHNUW,DALSAN,0.9726292490959167
DAHNUW,DALSER,0.9726292490959167
DAHNUW,DAPGUW01,0.9697352647781372
DAHNUW,DAPHAD01,0.9643369913101196
DAHNUW,DECDUN,0.9919713735580444
DAHNUW,DIVMUR,0.9967666864395142
DAHNUW,DIVNAY,0.9957407712936401
DAHPAE,DALSAN,0.9723321199417114
DAHPAE,DALSER,0.9723321199417114
DAHPAE,DAPGUW01,0.9666890501976013
DAHPAE,DAPHAD01,0.9672327637672424
DAHPAE,DECDUN,0.995492160320282
DAHPAE,DIVMUR,0.9998589158058167
DAHPAE,DIVNAY,0.9945439100265503
DAJVES,DAJWET,0.9963152408599854
DAKVIW,DAKVOC,0.9962353706359863
DAKVIW,DAKVUI,0.9922806620597839
DAKVIW,DEYMOL,0.9920910000801086
DAKVOC,DAKVUI,0.9965804815292358
DAKVOC,DEYMOL,0.9795385599136353
DAKVUI,DEYMOL,0.9801634550094604
DAKZUN,DAPYAW,0.9808584451675415
DAKZUN,DIBQEM,0.9702855944633484
DAKZUN,DIBQIQ,0.9702855944633484
DAKZUN,DIBQOW,0.9702855944633484
DALCEZ,DALVAQ,0.9922806620597839
DALCEZ,DALVEU,0.9666798710823059
DALCEZ,DALVIY,0.9663447737693787
DALCEZ,DANZEX,0.9950717687606812
DALCEZ,DEHRIR,0.9969467520713806
DALCEZ,DIBWUH,0.9999494552612305
DALCEZ,DIBXAO,0.9996275901794434
DALRAK,DEKPAL,0.9990034103393555
DALRAK,DEKPEP,0.9990034103393555
DALSAN,DALSER,1.0
DALSAN,DAPGUW01,0.9988105893135071
DALSAN,DAPHAD01,0.9982883334159851
DALSAN,DECDUN,0.9824130535125732
DALSAN,DIVMUR,0.9726861715316772
DALSAN,DIVNAY,0.9810159206390381
DALSER,DAPGUW01,0.9988105893135071
DALSER,DAPHAD01,0.9982883334159851
DALSER,DECDUN,0.9824130535125732
DALSER,DIVMUR,0.9726861715316772
DALSER,DIVNAY,0.9810159206390381
DALSUH,DALTAO,0.9996340870857239
DALVAQ,DALVEU,0.9820774793624878
DALVAQ,DALVIY,0.9821406006813049
DALVAQ,DANZEX,0.9970499873161316
DALVAQ,DEHRIR,0.9968591928482056
DALVAQ,DIBWUH,0.9921966195106506
DALVAQ,DIBXAO,0.9939473867416382
DALVEU,DALVIY,0.999916136264801
DALVEU,DANZEX,0.9781520962715149
DALVEU,DEHRIR,0.981690526008606
DALVEU,DIBWUH,0.967235803604126
DALVEU,DIBXAO,0.9692751169204712
DALVIY,DANZEX,0.9786702990531921
DALVIY,DEHRIR,0.9812976121902466
DALVIY,DIBWUH,0.9670003056526184
DALVIY,DIBXAO,0.9692261815071106
DAMYIC,DAMYIC01,1.0
DAMYOI,DAMYUO,0.9996850490570068
DANVAQ,DANVEU,1.0
DANZEX,DEHRIR,0.9959419965744019
DANZEX,DIBWUH,0.9955241084098816
DANZEX,DIBXAO,0.9972895383834839
DAPGUW01,DAPHAD01,0.9965023994445801
DAPGUW01,DECDUN,0.9799547791481018
DAPGUW01,DIVMUR,0.9673097729682922
DAPGUW01,DIVNAY,0.9757223129272461
DAPHAD01,DECDUN,0.9795385599136353
DAPHAD01,DIVMUR,0.9667468070983887
DAPHAD01,DIVNAY,0.9731441140174866
DAPYAW,DEKBON,0.9022806286811829
DAPYAW,DELGIN,0.9099999666213989
DAPYAW,DIBQEM,0.9939473867416382
DAPYAW,DIBQIQ,0.9939473867416382
DAPYAW,DIBQOW,0.9939473867416382
DAPZAW,DEHHEG,0.9944032430648804
DAPZAW,DEHHIK,0.9971376657485962
DAPZAW,DEHHOQ,0.9959419965744019
DAPZAW,DELTAQ,0.9944032430648804
DAPZAW,DELTAQ01,0.9944032430648804
DAPZAW,DELTAQ02,0.9944032430648804
DAPZAW,DELTAQ03,0.9944032430648804
DAQRET,DAQRET01,0.9999999403953552
DAQRET,DEHBEY,0.9994805455207825
DAQRET01,DEHBEY,0.9994805455207825
DARCOQ,DARCUW,0.9945439100265503
DARCOQ,DARDAD,0.9944341778755188
DARCOQ,DARDEH,0.9977954626083374
DARCOQ,DARDIL,0.9976078867912292
DARCOQ,DARDOR,0.9968496561050415
DARCOQ,DARDUX,0.9967017769813538
DARCOQ,DARFAF,0.9965118765830994
DARCOQ,DARFEJ,0.9961051344871521
DARCOQ,DARFIN,0.9957616925239563
DARCOQ,DARFOT,0.9953123331069946
DARCUW,DARDAD,0.9998902082443237
DARCUW,DARDEH,0.9985684156417847
DARCUW,DARDIL,0.9985729455947876
DARCUW,DARDOR,0.9995509386062622
DARCUW,DARDUX,0.9987759590148926
DARCUW,DARFAF,0.9996391534805298
DARCUW,DARFEJ,0.9997713565826416
DARCUW,DARFIN,0.9998589158058167
DARCUW,DARFOT,0.9993627667427063
DARDAD,DARDEH,0.9984338283538818
DARDAD,DARDIL,0.9987848997116089
DARDAD,DARDOR,0.9993820190429688
DARDAD,DARDUX,0.9991527795791626
DARDAD,DARFAF,0.999646008014679
DARDAD,DARFEJ,0.9997872710227966
DARDAD,DARFIN,0.9998542070388794
DARDAD,DARFOT,0.9996788501739502
DARDEH,DARDIL,0.9996544122695923
DARDEH,DARDOR,0.9996404051780701
DARDEH,DARDUX,0.9990724921226501
DARDEH,DARFAF,0.9995414018630981
DARDEH,DARFEJ,0.9993398785591125
DARDEH,DARFIN,0.999160885810852
DARDEH,DARFOT,0.998455822467804
DARDIL,DARDOR,0.9994805455207825
DARDIL,DARDUX,0.9998192191123962
DARDIL,DARFAF,0.9996340870857239
DARDIL,DARFEJ,0.9994840025901794
DARDIL,DARFIN,0.999313473701477
DARDIL,DARFOT,0.9992610812187195
DARDOR,DARDUX,0.9992827773094177
DARDOR,DARFAF,0.999916136264801
DARDOR,DARFEJ,0.9998704195022583
DARDOR,DARFIN,0.9998304843902588
DARDOR,DARFOT,0.9992631673812866
DARDUX,DARFAF,0.9995911717414856
DARDUX,DARFEJ,0.9995371103286743
DARDUX,DARFIN,0.9994291663169861
DARDUX,DARFOT,0.999731719493866
DARFAF,DARFEJ,0.9999803900718689
DARFAF,DARFIN,0.9999352693557739
DARFAF,DARFOT,0.9995852708816528
DARFEJ,DARFIN,0.9999855160713196
DARFEJ,DARFOT,0.9996700286865234
DARFIN,DARFOT,0.9996850490570068
DARYIF,DIWFAT,0.9974996447563171
DASLIT,DASMAM,0.9999494552612305
DASTEY01,DASTEY02,1.0
DAVMIY,DIVPUU,0.9969467520713806
DAVMIY,DIVQAB,0.9969467520713806
DAWCIP,DAWCOV,0.9974996447563171
DAWWAC,DEGJIK,0.9996275901794434
DAWWIJ,DAWWOP,0.9950717687606812
DAWWIJ,DAWWUV,0.9970499873161316
DAWWOP,DAWWUV,0.9922806620597839
DAXFEQ,DAXFIU,0.9344717264175415
DAXKIY,DAXKOE,0.9999999403953552
DAXNIA,DAXNIA01,1.0
DAXNIA,DAXNIA02,1.0
DAXNIA,DAXNIA03,1.0
DAXNIA,DAXNIA04,1.0
DAXNIA,DEFNEK,0.9982883334159851
DAXNIA,DEFNIO,0.9977757334709167
DAXNIA,DEFNOU,0.9965023994445801
DAXNIA,DEPJIR,1.0
DAXNIA,DEPJIR01,1.0
DAXNIA,DIDVIW,0.9974996447563171
DAXNIA01,DAXNIA02,1.0
DAXNIA01,DAXNIA03,1.0
DAXNIA01,DAXNIA04,1.0
DAXNIA01,DEFNEK,0.9982883334159851
DAXNIA01,DEFNIO,0.9977757334709167
DAXNIA01,DEFNOU,0.9965023994445801
DAXNIA01,DEPJIR,1.0
DAXNIA01,DEPJIR01,1.0
DAXNIA01,DIDVIW,0.9974996447563171
DAXNIA02,DAXNIA03,1.0
DAXNIA02,DAXNIA04,1.0
DAXNIA02,DEFNEK,0.9982883334159851
DAXNIA02,DEFNIO,0.9977757334709167
DAXNIA02,DEFNOU,0.9965023994445801
DAXNIA02,DEPJIR,1.0
DAXNIA02,DEPJIR01,1.0
DAXNIA02,DIDVIW,0.9974996447563171
DAXNIA03,DAXNIA04,1.0
DAXNIA03,DEFNEK,0.9982883334159851
DAXNIA03,DEFNIO,0.9977757334709167
DAXNIA03,DEFNOU,0.9965023994445801
DAXNIA03,DEPJIR,1.0
DAXNIA03,DEPJIR01,1.0
DAXNIA03,DIDVIW,0.9974996447563171
DAXNIA04,DEFNEK,0.9982883334159851
DAXNIA04,DEFNIO,0.9977757334709167
DAXNIA04,DEFNOU,0.9965023994445801
DAXNIA04,DEPJIR,1.0
DAXNIA04,DEPJIR01,1.0
DAXNIA04,DIDVIW,0.9974996447563171
DAYMAS,DIDBIE,0.9838886857032776
DAZZUC,DEBBIY,0.9962353706359863
DEBNUU,DEFKUU,0.9978308081626892
DEBNUU,DINDUZ,0.9701295495033264
DEBNUU,DINDUZ01,0.9701295495033264
DECDUN,DIVMUR,0.9949494004249573
DECDUN,DIVNAY,0.988788366317749
DEFKUU,DINDUZ,0.9784445762634277
DEFKUU,DINDUZ01,0.9784445762634277
DEFNEK,DEFNIO,0.9996292591094971
DEFNEK,DEFNOU,0.9988105893135071
DEFNEK,DEPJIR,0.9982883334159851
DEFNEK,DEPJIR01,0.9982883334159851
DEFNEK,DIDVIW,0.9989085793495178
DEFNIO,DEFNOU,0.9997506737709045
DEFNIO,DEPJIR,0.9977757334709167
DEFNIO,DEPJIR01,0.9977757334709167
DEFNIO,DIDVIW,0.9972895383834839
DEFNOU,DEPJIR,0.9965023994445801
DEFNOU,DEPJIR01,0.9965023994445801
DEFNOU,DIDVIW,0.9955241084098816
DEFTAL,DEFTAL01,0.9999999403953552
DEGBOI,DEGBUO,0.9977954626083374
DEGMAG,DEGMAG01,0.9999999403953552
DEGSIS,DEGSIS01,1.0
DEHHEG,DEHHIK,0.9977757334709167
DEHHEG,DEHHOQ,0.9974996447563171
DEHHEG,DELTAQ,1.0
DEHHEG,DELTAQ01,1.0
DEHHEG,DELTAQ02,1.0
DEHHEG,DELTAQ03,1.0
DEHHIK,DEHHOQ,0.9972895383834839
DEHHIK,DELTAQ,0.9977757334709167
DEHHIK,DELTAQ01,0.9977757334709167
DEHHIK,DELTAQ02,0.9977757334709167
DEHHIK,DELTAQ03,0.9977757334709167
DEHHOQ,DELTAQ,0.9974996447563171
DEHHOQ,DELTAQ01,0.9974996447563171
DEHHOQ,DELTAQ02,0.9974996447563171
DEHHOQ,DELTAQ03,0.9974996447563171
DEHRIR,DIBWUH,0.9969134330749512
DEHRIR,DIBXAO,0.9971376657485962
DEJCEB,DEJCIF,0.9965804815292358
DEJCEB,DEPXAY,1.0
DEJCEB,DESHOZ,0.9962353706359863
DEJCIF,DEPXAY,0.9965804815292358
DEJCIF,DESHOZ,0.9922806620597839
DEJJEK,DITXOU,0.9835813641548157
DEJTES,DEJTIW,1.0
DEKBON,DELGIN,0.9922806620597839
DEKBON,DIBQEM,0.9096275568008423
DEKBON,DIBQIQ,0.9096275568008423
DEKBON,DIBQOW,0.9096275568008423
DEKBON,DITTEH,0.9108662009239197
DEKCEE,DEKCII,0.9996340870857239
DEKLEL,DEKLIP,0.9978838562965393
DEKPAL,DEKPEP,1.0
DEKZEA,DEKZIE,0.925000011920929
DEKZEA,DEKZOK,0.925000011920929
DEKZEA,DELBED,0.925000011920929
DEKZEA,DINNIZ,0.9618924260139465
DEKZIE,DEKZOK,1.0
DEKZIE,DELBED,1.0
DEKZOK,DELBED,1.0
DELGIN,DIBQEM,0.9039473533630371
DELGIN,DIBQIQ,0.9039473533630371
DELGIN,DIBQOW,0.9039473533630371
DELGIN,DITTEH,0.9105210900306702
DELTAQ,DELTAQ01,1.0
DELTAQ,DELTAQ02,1.0
DELTAQ,DELTAQ03,1.0
DELTAQ01,DELTAQ02,1.0
DELTAQ01,DELTAQ03,1.0
DELTAQ02,DELTAQ03,1.0
DENFUA,DENGAH,1.0
DENFUA,DEYNIG,0.9950717687606812
DENGAH,DEYNIG,0.9950717687606812
DENTEW01,DENVEY,0.9970499873161316
DENTEW01,DENVIC,1.0
DENTEW01,DENVOI,0.9968591928482056
DENVEY,DENVIC,0.9970499873161316
DENVEY,DENVOI,0.9959419965744019
DENVIC,DENVOI,0.9968591928482056
DEPJIR,DEPJIR01,1.0
DEPJIR,DIDVIW,0.9974996447563171
DEPJIR01,DIDVIW,0.9974996447563171
DEPVUQ,DEPWAX,1.0
DEPXAY,DESHOZ,0.9962353706359863
DEPXIG,DEPXOM,1.0
DEPXIG,DIGPER,0.9786702990531921
DEPXIG,DIHVIB,0.9950717687606812
DEPXIG,DIHVIB01,0.9950717687606812
DEPXIG,CIGXIA,0.9989085793495178
DEPXOM,DIGPER,0.9786702990531921
DEPXOM,DIHVIB,0.9950717687606812
DEPXOM,DIHVIB01,0.9950717687606812
DEPXOM,CIGXIA,0.9989085793495178
DESVIJ,DESVOP,0.9998192191123962
DETRAX,DIXCET,0.9683489799499512
DEZCAO,DEZCES,0.9997506737709045
DEZCAO,DEZCIW,0.9977757334709167
DEZCES,DEZCIW,0.9965023994445801
DEZKAW,DEZKEA,1.0
DIBJEF,DIBJIJ,0.9999999403953552
DIBQEM,DIBQIQ,0.9999999403953552
DIBQEM,DIBQOW,0.9999999403953552
DIBQIQ,DIBQOW,0.9999999403953552
DIBWUH,DIBXAO,0.9997506737709045
DIBZEU,DITKAT,0.9890161752700806
DIBZEU,DITKAT01,0.9890161752700806
DIBZEV,DIBZIZ,0.9991083145141602
DIBZEV,DIBZOF,1.0
DIBZIZ,DIBZOF,0.9991083145141602
DIDBAV,DIDBEZ,0.9999999403953552
DIDBAV,DIDBID,0.9999999403953552
DIDBAV,DIDBOJ,0.9999999403953552
DIDBEZ,DIDBID,0.9999999403953552
DIDBEZ,DIDBOJ,0.9999999403953552
DIDBID,DIDBOJ,0.9999999403953552
DIGPER,DIHVIB,0.9663447737693787
DIGPER,DIHVIB01,0.9663447737693787
DIGPER,CIGXIA,0.9728715419769287
DIGTEU,DIGTIY,0.9991083145141602
DIGTEU,DIGTOE,0.9958264827728271
DIGTEU,DIGTUK,0.9438939094543457
DIGTIY,DIGTOE,0.9966550469398499
DIGTIY,DIGTUK,0.9344717264175415
DIGTOE,DIGTUK,0.9445696473121643
DIHVIB,DIHVIB01,1.0
DIHVIB,CIGXIA,0.9985496997833252
DIHVIB01,CIGXIA,0.9985496997833252
DIJCOP,DIJCOP01,1.0
DINDUZ,DINDUZ01,1.0
DINQUM,DINTID,1.0
DINYEG,DINYEG01,1.0
DINYEG,DIXBET,0.9978553056716919
DINYEG,DIXBET01,0.9978553056716919
DINYEG01,DIXBET,0.9978553056716919
DINYEG01,DIXBET01,0.9978553056716919
DIQGUH,RUBTAK02,0.9809864163398743
DIQGUH,SABVUN01,0.934018075466156
DIQGUH,SURKAT,0.9809864163398743
DIQHAO,DIQHAO01,0.9999999403953552
DIQHAO,DIRLIB,0.9972895383834839
DIQHAO01,DIRLIB,0.9972895383834839
DIRPOL,DIRPUR,1.0
DITGUL,DITJIC,1.0
DITGUL,DITRIK,1.0
DITGUL,DITROQ,1.0
DITGUL,DITRUW,1.0
DITGUL,DITSAD,1.0
DITHAS,DITHEW,1.0
DITHAS,DITHEW01,1.0
DITHAS,DITHOG,1.0
DITHAS,DITHUM,1.0
DITHAS,DITJEY,1.0
DITHAS,DITJEY01,1.0
DITHAS,DITJOI,1.0
DITHEW,DITHEW01,1.0
DITHEW,DITHOG,1.0
DITHEW,DITHUM,1.0
DITHEW,DITJEY,1.0
DITHEW,DITJEY01,1.0
DITHEW,DITJOI,1.0
DITHEW01,DITHOG,1.0
DITHEW01,DITHUM,1.0
DITHEW01,DITJEY,1.0
DITHEW01,DITJEY01,1.0
DITHEW01,DITJOI,1.0
DITHOG,DITHUM,1.0
DITHOG,DITJEY,1.0
DITHOG,DITJEY01,1.0
DITHOG,DITJOI,1.0
DITHUM,DITJEY,1.0
DITHUM,DITJEY01,1.0
DITHUM,DITJOI,1.0
DITJEY,DITJEY01,1.0
DITJEY,DITJOI,1.0
DITJEY01,DITJOI,1.0
DITJIB,DITJOH,0.9950140714645386
DITJIC,DITRIK,1.0
DITJIC,DITROQ,1.0
DITJIC,DITRUW,1.0
DITJIC,DITSAD,1.0
DITKAT,DITKAT01,1.0
DITPON,DITPUT,0.9972895383834839
DITRIK,DITROQ,1.0
DITRIK,DITRUW,1.0
DITRIK,DITSAD,1.0
DITROQ,DITRUW,1.0
DITROQ,DITSAD,1.0
DITRUW,DITSAD,1.0
DITTEH,DIVSUY,0.9652349948883057
DITYOW,DIXVUC,0.9985496997833252
DITYOW,DIXVUC01,0.9985496997833252
DITYOW,DIXVUC02,0.9985496997833252
DITYOW,DIXVUC03,0.9985496997833252
DITYOW,DIXVUC04,0.9985496997833252
DIVMUR,DIVNAY,0.9957616925239563
DIVPUU,DIVQAB,1.0
DIWMON,DIWMUT,0.9966550469398499
DIWMON,DIWNAA,0.9344717264175415
DIWMUT,DIWNAA,0.9445696473121643
DIXBET,DIXBET01,1.0
DIXKUR,DIXKUR01,1.0
DIXNUV,DIXNUV01,1.0
DIXVUC,DIXVUC01,1.0
DIXVUC,DIXVUC02,1.0
DIXVUC,DIXVUC03,1.0
DIXVUC,DIXVUC04,1.0
DIXVUC01,DIXVUC02,1.0
DIXVUC01,DIXVUC03,1.0
DIXVUC01,DIXVUC04,1.0
DIXVUC02,DIXVUC03,1.0
DIXVUC02,DIXVUC04,1.0
DIXVUC03,DIXVUC04,1.0
DOBGAD,DOBGAD01,1.0
RUBTAK02,SABVUN01,0.9766115546226501
RUBTAK02,SURKAT,1.0
SABVUN01,SURKAT,0.9766115546226501
