source,target,weight
ABAVIJ,BOWDOI,1.0
ABAVIJ,BOWDIC,1.0
ABAVIJ,CEYPUT,1.0
ABAVIJ,BIPXIK,1.0
ABAVIJ,TILFEC,0.44411763548851013
ABAVOP,BOWDIC,1.0
ABAVOP,BIPXIK,1.0
ABAVOP,AHETAK,1.0
ABAVUV,BOWDIC,1.0
ABAVUV,CEYPUT,1.0
ABAVUV,AHETAK,1.0
ABAYIM,ABAYOS01,1.0
ABAYIM,ABAYOS,1.0
ABAYIM,YOSLOH,1.0
ABAYIO,PUNYIH,1.0
ABAYIO,CIBTIT,1.0
ABAYIO,WEYQAU01,1.0
ABAYOS,EHAHIF,1.0
ABAYOS,JOXPET,1.0
ABAYOS,YOSLOH,1.0
ABAYOS,ABAYOS01,1.0
ABAYOS01,EHAHIF,1.0
ABAYOS01,YOSLOH,1.0
ABAYOS01,JOXPET,1.0
ABAYOU,XAVQIU,1.0
ABAYOU,XAVQIU01,1.0
ABAYOU,HURGEH,1.0
ABEFUL,XUGWAZ,0.8999999761581421
ABEFUL,PUFNUB,0.8999999761581421
ABEFUL,FASFUD,0.8999999761581421
ABEFUL,DIBJEF,0.8999999761581421
ABEFUL,FASFOX,0.8999999761581421
ABEMIF,DOTSOV33,1.0
ABEMIF,DOTSOV31,1.0
ABEMIF,DOTSOV39,1.0
ABIWOX,EDAJUP01,1.0
ABIWOX,EDAJUP,1.0
ABIWOX,EXAXAE03,0.8999999761581421
ABIWOX,LADWAR,0.6538462042808533
ABIWOX,MONFAY,0.5333333611488342
ABUFOU,QUBHAX,0.8999999761581421
ABUFOU,ABUFUA,0.8999999761581421
ABUFOU,CUTKUY,0.8999999761581421
ABUFOU,GIKBEK,0.46799996495246887
ABUFOU,LAHYOL,0.46799996495246887
ABUFOU,LARNAV,0.8999999761581421
ABUFOU,LARXUA,0.665217399597168
ABUFOU,LOYBIM,0.8999999761581421
ABUFOU,NEZQIV,0.7285714149475098
ABUFOU,NUZVOV,0.47741931676864624
ABUFOU,YUWDAX,0.695454478263855
ABUFUA,QUBHAX,0.8999999761581421
ABUFUA,CUTKUY,0.8999999761581421
ABUFUA,QUBHAX01,0.8999999761581421
ABUFUA,LARNAV,0.8999999761581421
ABUFUA,LOYBIM,0.8999999761581421
ABUFUA,YUWDAX,0.695454478263855
ABUWOJ,MIBQAR12,1.0
ABUWOJ,MIBQAR14,1.0
ABUWOJ,MIBQAR05,1.0
ACAFAO,HAPZUW,1.0
ACAFAO,WAVXUO,0.8999999761581421
ACAFAO,CEZZEN,0.7749999761581421
ACAJIY,WILNEL02,0.8999999761581421
ACAJIY,WILNEL01,0.8999999761581421
ACAJIY,WILNEL,0.8999999761581421
ACAJIY,IQEKAQ,0.805263102054596
ACAJIY,ZICZAP,0.6000000238418579
ACAJOG,KIYCON,1.0
ACAJOG,KIYCIH,1.0
ACAJOG,NIMVOW,0.8999999761581421
ACAJOG,WORNEY,0.8999999761581421
ACAKEX,NIMWEN,0.8999999761581421
ACAKEX,NIMWUD,0.8999999761581421
ACAKEX,UNAHEY,0.8999999761581421
ACAKUM,ZOFZIF,0.8999999761581421
ACAKUM,ACALAT,0.8999999761581421
ACAKUM,ACALEX,0.8999999761581421
ACAKUM,ACALIB,0.8999999761581421
ACAKUM,CUTBIE,0.8199999928474426
ACAKUM,NISBEX,0.48249998688697815
ACALAT,ZOFZIF,0.8999999761581421
ACALAT,ZELQAK,0.8999999761581421
ACALAT,ACALIB,0.8999999761581421
ACALAT,CUTBEA,0.8199999928474426
ACALAT,TOFTIT,0.6868420839309692
ACALEX,ZOFZIF,0.8999999761581421
ACALEX,ACALIB,0.8999999761581421
ACALEX,CUTBOK,0.8199999928474426
ACALEX,ZELQAK,0.8999999761581421
ACALIB,ZOFZIF,0.8999999761581421
ACALIB,ZELQAK,0.8999999761581421
ACAZEK,MAGVOG09,1.0
ACAZEK,MAGVOG30,1.0
ACAZEK,MAGVOG18,1.0
ACENIF,RIVTIA,0.4153846204280853
ACENIF,AVULAF,0.3913043141365051
ACENIF,AVUKUY,0.3913043141365051
ACENIF,DOBHAE,0.3400000035762787
ACIBIY,CABQEB,0.32499998807907104
ACIBIY,XUWHAZ,0.32499998807907104
ACIBIY,CIQYUX,0.32499998807907104
ACIBOE,XASNUD,1.0
ACIBOE,FUTZIF,1.0
ACIBOE,PEJNOJ,1.0
ACICOH,ROGLOP,1.0
ACICOH,UFATEA01,1.0
ACICOH,AKOXIJ,1.0
ACMPCD,DEFFEC,0.8999999761581421
ACMPCD,COBWEV,0.7300000190734863
ACMPCD,CURZEV,0.626086950302124
ACMPCD,COBWIZ,0.4629032015800476
ACMPCD,CYTPCD10,0.5263158082962036
ACMPCD,KOYKIS,0.503389835357666
ACMPCD,WERKUZ,0.5884615182876587
ACOBEC,BADJIC,1.0
ACOBEC,BADJAU,1.0
ACOBEC,TAJTAC,1.0
ACODAA,SOMJOV,1.0
ACODAA,ACODEE,1.0
ACODAA,XIRYIJ,0.8999999761581421
ACODAA,GAYFUJ,0.8999999761581421
ACODAA,QIJFAT,0.8999999761581421
ACODAA,XIRYEF,0.8999999761581421
ACODED,BELTOD,0.8999999761581421
ACODED,BELTUJ,0.8999999761581421
ACODED,DARDAD,0.8999999761581421
ACODED,WUSLED,0.8999999761581421
ACODED,XIDCIZ,0.7260869741439819
ACODEE,SOMJOV,1.0
ACODEE,XIRYIJ,0.8999999761581421
ACODEE,SOMSIY,0.8999999761581421
ACODEE,XIRYEF,0.8999999761581421
ACODIH,CESQUP,1.0
ACODIH,PICCUC,1.0
ACODIH,LEKPAV,1.0
ACODIH,PICDAJ,1.0
ACODIH,UKAPUS,0.8999999761581421
ACODIH,ZONCOW,0.6333333253860474
ACODON,DARDUX,1.0
ACODON,KIJKIA,1.0
ACODON,NAYXOC,1.0
ACODON,DARCOQ,0.8999999761581421
ACODON,DARDAD,0.8999999761581421
ACODON,DARDOR,0.8999999761581421
ACODON,UKAQAZ,0.8999999761581421
ACOFEG,DANFUW,0.8999999761581421
ACOFEG,SAHYOS,0.8999999761581421
ACOFEG,SAHWEG,0.8999999761581421
ACOFEG,ACOFIK,0.8999999761581421
ACOFIK,SAHWEG,0.8999999761581421
ACOFIK,SAHYOS,0.8999999761581421
ACOFIK,ACUREY,0.8999999761581421
ACOFIK,DANFUW,0.8999999761581421
ACOGAB,ACOGEF,1.0
ACOGAB,TEYHIP,0.550000011920929
ACOGAB,PEJMUN,0.550000011920929
ACOGEF,TEYHIP,0.550000011920929
ACOGEF,PEJMUN,0.550000011920929
ACOLOV,CAZNEY,0.8999999761581421
ACOLOV,SAYKIO,0.8999999761581421
ACOLOV,DUDVUV,0.8999999761581421
ACOLOV,ADODII,0.8999999761581421
ACOVEU,PUCTIR,0.8999999761581421
ACOVEU,BAKWIV,0.8999999761581421
ACOVEU,AHIJOQ01,0.8999999761581421
ACRNCU,MIGMEU,0.47499996423721313
ACRNCU,CEVKET,0.47499996423721313
ACRNCU,DUCHIS,0.4374999701976776
ACRNCU,DUCHIS01,0.4374999701976776
ACRNCU,FAZWOS,0.43157893419265747
ACRNCU,YUXMUZ,0.2842105031013489
ACRNCU01,CEVKET,0.47499996423721313
ACRNCU01,MIGMEU,0.47499996423721313
ACRNCU01,ADINCU,0.4214285612106323
ACRNCU01,DUCHIS,0.364705890417099
ACRNCU01,DUCHIS01,0.364705890417099
ACRNCU01,ECAWUB,0.19285714626312256
ACUBOP,HIBSUG04,1.0
ACUBOP,HIBSUG06,1.0
ACUBOP,ACUBOP01,1.0
ACUBOP01,OVAJAX,1.0
ACUBOP01,HIBSUG02,1.0
ACUBOP01,WOTSEF,0.4731706976890564
ACUGAH,AQEGUZ,0.8999999761581421
ACUGAH,BARJAG,0.3812499940395355
ACUGAH,YEMGIH,0.3423076868057251
ACUREY,DANFUW,1.0
ACUREY,SAHYOS,0.8999999761581421
ACUREY,SAHWEG,0.8999999761581421
ACUWIH,ACUWON,0.8999999761581421
ACUWIH,SUSNUR,0.6187499761581421
ACUWIH,ZACYEK,0.5909091234207153
ACUWON,SUSNUR,0.71875
ACUWON,CIRTAB,0.5909091234207153
ACUXAY,TEFWOR,0.8999999761581421
ACUXAY,EGEHOO,0.8999999761581421
ACUXAY,PEGPOI,0.8999999761581421
ACUXAY,VERQOZ01,0.8999999761581421
ACUXUU,ACUYAB,1.0
ACUXUU,MEVMEI,0.8999999761581421
ACUXUU,IZEQUB,0.8999999761581421
ACUYAB,MEVMEI,0.8999999761581421
ACUYAB,IZEQUB,0.8999999761581421
ACUYAB,WEMKEG,0.8999999761581421
ADAQAA,HENYOR,0.6428571343421936
ADAQAA,HENYUX,0.6428571343421936
ADAQAA,ERARUM,0.6192307472229004
ADAQAA,MIBYAA,0.5454545617103577
ADARAA,GAYPED,0.79749995470047
ADARAA,VEJHEZ,0.6974999308586121
ADARAA,VEJHID,0.6974999308586121
ADASAB,OYIVOI,0.831250011920929
ADASAB,OGURAK,0.831250011920929
ADASAB,IDOBUB,0.831250011920929
ADASEF,SINTAN,0.8999999761581421
ADASEF,DACZUF,0.8999999761581421
ADASEF,XIYCUG,0.831250011920929
ADASEF,ADATIK,0.7146341800689697
ADASIJ,ADASUV,0.8999999761581421
ADASIJ,ADASOP,0.8999999761581421
ADASIJ,SIVGUB,0.8639999628067017
ADASIJ,CAJQEL,0.7428571581840515
ADASIJ,DUGMOJ,0.8137931227684021
ADASOP,SIVGUB,0.9639999866485596
ADASOP,ADASUV,0.8999999761581421
ADASOP,ADATAC,0.6657143235206604
ADASOP,QOKCID,0.8137931227684021
ADASUV,FIYQIQ,0.9280000329017639
ADASUV,BUCWAZ,0.8639999628067017
ADATAC,MEQPEG,0.7000000476837158
ADATAC,OHAFUA,0.6974999308586121
ADATIK,IDOBUB,0.7000000476837158
ADATIK,OYIVOI,0.7000000476837158
ADATOQ,ADATUW,1.0
ADATOQ,ADAVEI,1.0
ADATOQ,ADAVIM,0.7923077344894409
ADATOQ,ADAVAE,0.5199999809265137
ADATUW,ADAVEI,1.0
ADATUW,ADAVIM,0.7923077344894409
ADATUW,ADAVAE,0.5199999809265137
ADAVAE,ADAVEI,0.5199999809265137
ADAVEI,ADAVIM,0.7923077344894409
ADEGEY,PIJJEZ,1.0
ADEGEY,NENHAQ,1.0
ADEGEY,KUVYAD,1.0
ADEGEY,UKUPEX,0.626086950302124
ADEGEY,XIRKAM,0.64000004529953
ADEGIA,LARYIO01,1.0
ADEGIA,ATIKAP,1.0
ADEGIA,ADEGIA01,1.0
ADEGIA,LARYIO,1.0
ADEGIA01,LARYIO01,1.0
ADEGIA01,ATIKAP,1.0
ADEZUH,WUXCEY,1.0
ADEZUH,WUXCAU,1.0
ADEZUH,BUQROV,1.0
ADEZUH,EBOJOW,0.7000000476837158
ADEZUH,FUMQIP,0.8999999761581421
ADINCU,VABLUG,0.8999999761581421
ADINCU,VABMER,0.8999999761581421
ADINCU,VABLIU,0.8999999761581421
ADINCU,MEQMON,0.4937499761581421
ADINUZ,MEGNAQ,0.8999999761581421
ADINUZ,OKILIE,0.6352941393852234
ADINUZ,ETEBOV,0.6352941393852234
ADIPUA,ADIQAH,1.0
ADIPUA,NUNZUT,0.512499988079071
ADIPUA,EKUDAP,0.48571428656578064
ADIPUA,OVOZIJ,0.2749999761581421
ADIQAH,NUNZUT,0.512499988079071
ADIQAH,EKUDAP,0.48571428656578064
ADIQEL,VEDGAO,0.5
ADIQEL,VEDFUH,0.5
ADIQEL,AHETAK,0.5
ADIYAO,XOWKUQ,0.7615384459495544
ADIYAO,QUCPEK,0.6749999523162842
ADIYAO,MEHVIH,0.5625
ADIYAO,MUBQIJ,0.4000000059604645
ADODAA,NUVXUZ,1.0
ADODAA,KAGCAY,1.0
ADODAA,BUKTIM,0.8999999761581421
ADODII,SAYKIO,0.8999999761581421
ADODII,DUDVUV,0.8999999761581421
ADODII,ADODUU,0.8999999761581421
ADODII,CAZNEY,0.8999999761581421
ADODOO,CAZNEY,0.8999999761581421
ADODOO,PEKDEQ,0.8999999761581421
ADODOO,PEKDAM,0.8999999761581421
ADODUU,SAYKIO,0.8999999761581421
ADODUU,DUDVUV,0.8999999761581421
ADODUU,PEKCUF,0.8999999761581421
ADODUU,PEKDAM,0.8999999761581421
ADODUU,PEKDEQ,0.8999999761581421
ADOGEH,MIQXIW,0.7714285850524902
ADOGEH,MAWCAR,0.7714285850524902
ADOGEH,MAWBUK,0.7714285850524902
ADONEP,EMUBIZ,1.0
ADONEP,EXAXAE,1.0
ADONEP,EMUBOF,1.0
ADONEP,BUKMUQ,0.8999999761581421
ADONEP,BUKMUQ01,0.8999999761581421
ADONEP,EXAXAE03,1.0
ADONEP,SERJUV,0.8999999761581421
ADONEP,USAGIG,0.8999999761581421
ADOXUP,HUCMOH02,0.8999999761581421
ADOXUP,VIDSUZ,0.8999999761581421
ADOXUP,HUCMOH,0.8999999761581421
ADOXUP,CUSBUO,0.6857143044471741
ADUFOX,NIKVEL,0.8999999761581421
ADUFOX,JALLEQ,0.8999999761581421
ADUFOX,XEVMAM,0.8999999761581421
ADUJER,UTEWOG,0.6142857670783997
ADUJER,GAYGEU,0.5666666626930237
ADUJER,XIRYEF,0.5666666626930237
ADUROI,GAHWIX,0.7827585935592651
ADUROI,XEZMEW,0.7206896543502808
ADUROI,OLOGEC,0.7206896543502808
ADUROI,ATEXII,0.4521738886833191
ADUROI,DEXKEZ,0.6677419543266296
ADUVAZ,SITDEH,0.625
ADUVAZ,SITCUW,0.625
ADUVAZ,UFAMUM,0.625
ADUWIH,ADUWON,0.8999999761581421
ADUWIH,NERVAJ,0.831250011920929
ADUWIH,PURSIG,0.831250011920929
ADUWIH,KIHFOZ,0.7545455098152161
ADUWIH,XIGXAO,0.7545455098152161
ADUWON,SAJDIT,0.731249988079071
ADUWON,NERVAJ,0.731249988079071
AFADAN,QAMJEU,0.8999999761581421
AFADAN,ONAWEG01,0.7105263471603394
AFADAN,QOGREK,0.7105263471603394
AFADAN,LUNWEW,0.6157894730567932
AFAFAR,WICLEC,1.0
AFAFAR,MOCKEV,0.8999999761581421
AFAFAR,VEYRAU,0.8999999761581421
AFENEE,CESYEF01,0.4535714089870453
AFENEE,NUZSOR,0.4535714089870453
AFENEE,NAMKAO,0.4535714089870453
AFENOQ,AFENOQ01,1.0
AFENOQ,LIVTAN,0.8999999761581421
AFENOQ,LIVTER,0.8999999761581421
AFENOQ01,LIVTAN,0.8999999761581421
AFENOQ01,LIVTER,0.8999999761581421
AFIPUB,VUQHUL,1.0
AFIPUB,RAMSUT01,1.0
AFIPUB,RAMSUT,1.0
AFIPUB,AGESIP,0.8999999761581421
AFIPUB,QUMRUM,0.8999999761581421
AFIPUB,VUQHOF,1.0
AFIPUB,VUQHUL01,1.0
AFIXAO,EQOCES01,1.0
AFIXAO,IMZYCO01,1.0
AFIXAO,NAFGOR01,1.0
AFIXAO,SIWHOY,1.0
AFIXAO,SIWJEQ,1.0
AFIXES,EQOCES01,1.0
AFIXES,IMZYCO01,1.0
AFIXES,NAFGOR01,1.0
AFOJIO,FEQXAB,1.0
AFOJIO,GEVXAI01,1.0
AFOJIO,AMIWOJ,1.0
AFOJIO,GEVXAI,1.0
AFOJIO,GEVXIQ,1.0
AFOJIO,NATRAD,1.0
AFORCD,ZZZSGO01,1.0
AFORCD,MUPKUF01,1.0
AFORCD,CAHMON,1.0
AFORCD,MUPKUF,1.0
AFORCD,MUPKUF02,1.0
AFORCD,MUPKUF03,1.0
AFOTOF,IBEYAQ,1.0
AFOTOF,KIHTED,1.0
AFOTOF,WIZMAV08,0.8999999761581421
AFOTUL,QERROV,1.0
AFOTUL,SEQXET,1.0
AFOTUL,VAJNAW,0.8999999761581421
AFOTUL,MOFTUY,0.8999999761581421
AFOTUL,MOFVAG,0.8999999761581421
AFOTUL,SIRNOZ,0.8999999761581421
AFOVAT,SEQWIW,1.0
AFOVAT,RUXWEM,0.8999999761581421
AFOVAT,QUSWIK01,0.8999999761581421
AFOVAT,NIGBOW,0.8999999761581421
AFOVAT,RUYVEO,0.47058823704719543
AFOVEX,SEQWOC,1.0
AFOVEX,URUFOE,0.8999999761581421
AFOVEX,DERBIO,0.8999999761581421
AFOVEX,NIGBOW,0.8999999761581421
AFOVIB,IBEYEU,1.0
AFOVIB,PAZDOM,0.8999999761581421
AFOVIB,XAYDOT,0.8999999761581421
AFOVIB,YEDKUO,0.8999999761581421
AFOVOH,WAYKAK,1.0
AFOVOH,SEQXAP,1.0
AFOVOH,SAQQAD,0.8999999761581421
AFOWOK,RUNXUV,0.6827585697174072
AFOWOK,LEBQUH,0.590624988079071
AFOWOK,VAQLAC,0.5764706134796143
AFOXAX,QIXNIW,0.699999988079071
AFOXAX,HERYIN,0.699999988079071
AFOXAX,NUFYAP,0.699999988079071
AFOYAW,AFOYIE,1.0
AFOYAW,XANMUX,1.0
AFOYAW,LUYREE,0.8999999761581421
AFOYAW,MARDEQ,0.5344827771186829
AFOYAW,VAXVEX,0.6631578803062439
AFOYAW,ZINVUQ,0.6299999952316284
AFOYAW,ZOFZAX,0.6631578803062439
AFOYAW,ZOFZEB,0.6631578803062439
AFOYEB,ILIGEP,0.8999999761581421
AFOYEB,TACPOD,0.8999999761581421
AFOYEB,ILIFOY,0.8999999761581421
AFOYEB,EDIMUZ,0.8999999761581421
AFOYEB,GULXAN,0.2800000011920929
AFOYEB,ILIFUE,0.8999999761581421
AFOYEB,ILIGAL,0.8999999761581421
AFOYEB,KDGLUC01,0.8999999761581421
AFOYIE,XANMUX,1.0
AFOYIE,LUYREE,0.8999999761581421
AFOYIE,MARDAM,0.6299999952316284
AFOYIE,ZINVUQ,0.6299999952316284
AFOYOK,SUTBIT,0.8999999761581421
AFOYOK,SUTBEP,0.8999999761581421
AFOYOK,QUPZAE01,0.8999999761581421
AFUDIR,LEDHIN,0.9142857193946838
AFUDIR,UKIQIP,0.8999999761581421
AFUDIR,DIVSUY,0.8999999761581421
AFUDIR,VETTUK,0.3593220114707947
AFUDOX,YIBMON,0.8999999761581421
AFUDOX,SILKAC,0.8999999761581421
AFUDOX,OQETEK,0.8999999761581421
AFUDUD,KEZLIN,1.0
AFUDUD,MIRGIG,1.0
AFUDUD,UMIZEX,0.9142857193946838
AFUFAL,WOJZEC,1.0
AFUFAL,APAZOI,0.8999999761581421
AFUFAL,APAZEY,0.8999999761581421
AFUFEP,WOJZOM,1.0
AFUFEP,WOJYIF,1.0
AFUFEP,LUWMOH,1.0
AFUFEP,LUWMUN,0.9142857193946838
AFUPEX,NIGGEQ,1.0
AFUPEX,AVIHOE,1.0
AFUPEX,WEYQAU12,0.8999999761581421
AGADUK,RAQLOL,0.8999999761581421
AGADUK,CAVSOJ,0.8999999761581421
AGADUK,CAVTAW,0.8999999761581421
AGADUK,RIVRIY,0.6480000019073486
AGADUK,WEHNAA,0.48461538553237915
AGAFAS,FEYJOJ,0.9437500238418579
AGAFAS,KESFIA,0.9437500238418579
AGAFAS,KESFOG,0.9437500238418579
AGAYIQ,AZAFIS,0.8999999761581421
AGAYIQ,AZADUC,0.8999999761581421
AGAYIQ,HIVSIQ,0.8999999761581421
AGAYOW,PICWOP,0.6538462042808533
AGAYOW,SOSQEY01,0.6538462042808533
AGAYOW,FASVIH,0.6333333253860474
AGDCNM,FOCVUQ,0.4959999918937683
AGDCNM,SEYKUD,0.44999998807907104
AGDCNM,OJENUO,0.3857142925262451
AGDCNM,XAQYAQ,0.3240000009536743
AGEDIC,NAFUMA11,0.8999999761581421
AGEDIC,DEHBEY,0.8999999761581421
AGEDIC,NAFUMA14,0.8999999761581421
AGEDIC,HIQKID,0.8999999761581421
AGEGOL,TIVMIW,1.0
AGEGOL,QIMHAY,1.0
AGEGOL,QIMHEC,1.0
AGEGOL,QIWFIN,1.0
AGEGOL,QIWFIN01,1.0
AGEGUR,XEZQUR,1.0
AGEGUR,RUSXEK,1.0
AGEGUR,XEZRAY,0.8999999761581421
AGEHAY,FOBKAK,1.0
AGEHAY,MEGPUL,1.0
AGEHAY,MINNEF,0.8999999761581421
AGEHAY,MEGQOG,0.8999999761581421
AGESIP,ISEGIY,1.0
AGESIP,HOLVAF,1.0
AGESIP,ISEGEU,0.32499998807907104
AGEWOB,REZJIR02,0.2800000011920929
AGEWOB,REZJIR04,0.2800000011920929
AGEWOB,GOKKIA,0.2800000011920929
AGEWUH,ATIBUA,1.0
AGEWUH,YUKTUU05,1.0
AGEWUH,SIWPUL01,1.0
AGEWUH,HIBGIJ,1.0
AGEWUH,JEDKIP,1.0
AGEWUH,JEDKIP01,1.0
AGEWUH,LIJWOR,1.0
AGEWUH,LIJWOR01,1.0
AGEWUH,LIJWOR02,1.0
AGEWUH,LIJWOR03,1.0
AGEWUH,LIJWOR04,1.0
AGEWUH,LIJWOR05,1.0
AGEWUH,LIJWOR06,1.0
AGEWUH,NUQWAZ,1.0
AGEWUH,NUQWAZ01,1.0
AGEWUH,NUQWAZ02,1.0
AGEWUH,NUQWAZ03,1.0
AGEWUH,NUQWAZ04,1.0
AGEWUH,NUQWAZ05,1.0
AGEWUH,NUQWAZ06,1.0
AGEWUH,NUQWAZ07,1.0
AGEWUH,NURFOX,1.0
AGEWUH,NURFOX01,1.0
AGEWUH,NURFOX02,1.0
AGEWUH,NURFOX03,1.0
AGEWUH,NURFOX04,1.0
AGEWUH,NURFOX05,1.0
AGEWUH,NURFOX06,1.0
AGEWUH,NURFUD,1.0
AGEWUH,NURGAK,1.0
AGEWUH,NURGEO,1.0
AGEWUH,NURGIS,1.0
AGEWUH,NURGUE,1.0
AGEWUH,NURHAL,1.0
AGEWUH,NURHEP,1.0
AGEWUH,NURHIT,1.0
AGEWUH,NURJAN,1.0
AGEWUH,SIWPUL,1.0
AGEWUH,SIWPUL02,1.0
AGEWUH,SIWPUL03,1.0
AGEWUH,SIWPUL04,1.0
AGEWUH,SIWPUL05,1.0
AGEWUH,SIWPUL06,1.0
AGEWUH,SIWPUL07,1.0
AGEWUH,SIWPUL08,1.0
AGEWUH,SIWPUL09,1.0
AGEWUH,SIWPUL10,1.0
AGEWUH,SIWPUL11,1.0
AGEWUH,XOHFIK,1.0
AGEWUH,YANWOC,1.0
AGEWUH,YANWOC01,1.0
AGEWUH,YANWOC02,1.0
AGEWUH,YANWOC03,1.0
AGIMOU,IMOVOX,0.8999999761581421
AGIMOU,HOZXEB,0.8999999761581421
AGIMOU,CEWQED,0.8999999761581421
AGIMOU,CAKWUI,0.39032256603240967
AGIREP,XASNUD,1.0
AGIREP,FUTZIF,1.0
AGIREP,PEJNOJ,1.0
AGIREP,CADPII,1.0
AGIREP,VIWZOR,1.0
AGIREP,WULQUR,1.0
AGIREP,XAPNIN,1.0
AGIREP,XASPEP,1.0
AGOFEJ,COQJEZ,0.8999999761581421
AGOFEJ,COQJAV,0.8999999761581421
AGOFEJ,WIGQEL,0.8999999761581421
AGOFEJ,RASPEJ,0.6232557892799377
AGOFEJ,RIQSOC,0.4621621370315552
AGOGOU,LATPUU,1.0
AGOGOU,ZOMXAC,0.8999999761581421
AGOGOU,GAWHOD,0.8999999761581421
AGONAM,CUKXAJ,1.0
AGONAM,UYOGOF,1.0
AGONAM,PAYTAM,1.0
AGONAM,BERQEW,0.6000000238418579
AGONAM,DAHMIJ,1.0
AGONAM,MALWUU,1.0
AGONAM,RIJYIV,1.0
AGONEQ,CUKXAJ,1.0
AGONEQ,UYOGOF,1.0
AGONEQ,PAYTAM,1.0
AGONEQ,CUKXEN,1.0
AGONEQ,PARPUU,0.8999999761581421
AGOWOL,KADTIV,0.8999999761581421
AGOWOL,AGOWUR,0.36052629351615906
AGOWOL,XIGYOE,0.3176470696926117
AGOWOL,XAHROQ,0.3176470696926117
AGOWUR,GEZNAC,0.46551722288131714
AGOWUR,PITYUN01,0.3214285671710968
AGOXAL,QUHYIB01,0.8999999761581421
AGOXAL,SRFORA08,0.3374999761581421
AGOXAL,ILIGAL,0.2769230902194977
AGOXAL02,AGOXAL04,1.0
AGOXAL02,AGOXAL03,1.0
AGOXAL02,RIFQIG,0.8999999761581421
AGOXAL03,AGOXAL04,1.0
AGOXAL03,RIFQIG,0.8999999761581421
AGOXAL04,RIFQIG,0.8999999761581421
AGSLFA,ZEKKUX,0.8999999761581421
AGSLFA,UZOFOF,0.8999999761581421
AGSLFA,UHAXOS,0.8999999761581421
AGSLFA,BEZSIK,0.8999999761581421
AGSLFA,MAYPEI,0.364705890417099
AGSLFA,NEKYIN,0.8999999761581421
AGSLFA,TIQGAC,0.8999999761581421
AGSLFA,WUBZAU,0.47058823704719543
AGSLFB,BEXFUI,0.8999999761581421
AGSLFB,PURQAV,0.8999999761581421
AGSLFB,PURPUO,0.7363635897636414
AGSLFB,MAYPEI,0.3368421196937561
AGSLFB,WUBZAU,0.43157893419265747
AGULAQ,QUVCAM,1.0
AGULAQ,QUVCEQ,0.8999999761581421
AGULAQ,QUVBUF,0.8999999761581421
AGUMAR,KOLPUX,0.8999999761581421
AGUMAR,KOLQEI,0.8999999761581421
AGUMAR,CECVOW,0.8999999761581421
AGUMAR,KONBOF,0.8999999761581421
AGUMAR,LANCOU,0.8999999761581421
AGUMAR,LEHTID,0.8999999761581421
AGUMAR,QIHMUS,0.8999999761581421
AGUMAR,YORYUA,0.8999999761581421
AGUVEE,URUZIS,1.0
AGUVEE,AGUVOO,1.0
AGUVEE,URUZAK,1.0
AGUVEE,FIFPES,0.8999999761581421
AGUVEE,FIFQIX,0.8999999761581421
AGUVOO,URUZIS,1.0
AGUVOO,URUZEO,1.0
AGUVOO,URUZAK,1.0
AGUVOO,WELTUD,1.0
AGUWEG01,HUCKEV,0.6000000238418579
AGUWEG01,NEFJOA,0.5034482479095459
AGUWEG01,UHOSUG,0.46551722288131714
AGUWEG01,MOBBIO,0.46551722288131714
AGUWEG01,XIPKEO,0.30377358198165894
AHAJUP,JIVROW,1.0
AHAJUP,YAVTUL,1.0
AHAJUP,YAVTOF,0.8999999761581421
AHAJUP,HEPNIA,0.8999999761581421
AHAJUP,ZUYLOW,0.8999999761581421
AHAKEA,AHALEB01,0.8999999761581421
AHAKEA,WUBHEI,0.8999999761581421
AHAKEA,AHALEB,0.8999999761581421
AHAKEA,DITSIK,0.8999999761581421
AHAKEA,SIBVUX,0.8999999761581421
AHALEB,AHALEB01,1.0
AHALEB,AHALEB02,1.0
AHALEB,TINFED,0.8999999761581421
AHALEB,TINFIH,0.8999999761581421
AHALEB,WUBHEI,0.8999999761581421
AHALEB01,AHALEB02,1.0
AHALEB01,TINFED,0.8999999761581421
AHALEB01,DITSIK,0.8999999761581421
AHALEB01,MUZHIZ,0.8999999761581421
AHALEB01,WUBHEI,0.8999999761581421
AHALEB02,TINFED,0.8999999761581421
AHALEB02,MUZHIZ,0.8999999761581421
AHALEB02,WUBHEI,0.8999999761581421
AHEBAS,HOWSAP,1.0
AHEBAS,HOWRUI,1.0
AHEBAS,BAXGEP,0.49705880880355835
AHEBAS,CIHNIR,0.28409090638160706
AHEBAS,XOJSOG,0.3857142925262451
AHEFAU,AHEFAU01,1.0
AHEFAU,MUBJUO01,1.0
AHEFAU,MUBJUO,1.0
AHEFAU,WUFXAY,0.6000000238418579
AHEFAU01,MUBJUO01,1.0
AHEFAU01,MUBJUO,1.0
AHEMEG,BAHGUN,1.0
AHEMEG,BAHGUN02,1.0
AHEMEG,QERZUI01,1.0
AHEMEG,BUXCAZ,0.8999999761581421
AHEMOQ,KOJMED,1.0
AHEMOQ,GUTZEB,0.8999999761581421
AHEMOQ,REZXOK,0.8999999761581421
AHEMOQ,NEZQER,0.7954545021057129
AHEQAH,QIYDIN,0.8999999761581421
AHEQAH,QIYDIN01,0.8999999761581421
AHEQAH,CUSXIY,0.8999999761581421
AHEQAH,RUYVIS,0.8999999761581421
AHEQAH,UFORIT,0.8999999761581421
AHETAK,VEDGES,1.0
AHETAK,CIJBEE,1.0
AHETAK,YIGGEB,1.0
AHETAK,YODRAM,1.0
AHIJOQ,KEVRIP,1.0
AHIJOQ,AHIJOQ01,1.0
AHIJOQ,SOHYEV,0.8999999761581421
AHIJOQ01,KEVRIP,1.0
AHIJOQ01,SOHYEV,0.8999999761581421
AHIYOH,SUZXES,1.0
AHIYOH,NAXSUB,1.0
AHIYOH,YAJMUU,1.0
AHIYOH,EXEKUP,0.7120000123977661
AHIYOH,MEGPAR,0.8999999761581421
AHIYOH,MEGPUL,0.8999999761581421
AHIYOH,MINFOH,1.0
AHIYUN,SUZXES,1.0
AHIYUN,NAXSUB,1.0
AHIYUN,YAJMUU,1.0
AHIYUN,MEGPAR,0.8999999761581421
AHIZOH,VILXOE,0.9000000357627869
AHIZOH,AHIZUN,0.8999999761581421
AHIZOH,PAFZEE,0.8999999761581421
AHIZUN,AJIJEI,0.9000000357627869
AHIZUN,AJIJEI01,0.9000000357627869
AHIZUN,AJIJEI02,0.9000000357627869
AHOBAB,ILAKAH,1.0
AHOBAB,WIWDEN,0.8999999761581421
AHOBAB,MINBEQ,0.8999999761581421
AHOBAB,RUPZIM,0.8999999761581421
AHOKIR,NUXLUN,0.64000004529953
AHOKIR,NUXLUN01,0.64000004529953
AHOKIR,NUXLUN02,0.64000004529953
AHOKIR,VORQEZ,0.5062499642372131
AHOKIR01,AHOKOX,0.9307692646980286
AHOKIR01,BECRUX04,0.8999999761581421
AHOKIR01,BECRUX07,0.8999999761581421
AHOKOX,VONBUX,0.8999999761581421
AHOKOX,YUSQEJ,0.8999999761581421
AHONEQ,OPENUT,1.0
AHONEQ,KAHWOG,1.0
AHONEQ,UHISEK,1.0
AHONEQ,COXLAD,0.8999999761581421
AHONEQ,DOLPIF,1.0
AHONEQ,LEPLAV,1.0
AHONEQ,OHIHOD,0.8999999761581421
AHONIU,COKJOD,1.0
AHONIU,VOJNAK,1.0
AHONIU,LEPKUO,1.0
AHONIU,CELZUQ,0.8999999761581421
AHONIU,OQOBUT,0.8999999761581421
AHONIU,OQOCAA,0.8999999761581421
AHOSEV,MAPFIS,0.8999999761581421
AHOSEV,OKAVAX,0.8999999761581421
AHOSEV,OKAVEB,0.8999999761581421
AHOSEV,OKATOJ,0.8999999761581421
AHUBIO,TOHQAK,0.6225806474685669
AHUBIO,AZIXIR,0.522580623626709
AHUBIO,FEDJUT,0.46666663885116577
AHUBIO,DOFWUR,0.3374999761581421
AJABIX,OGULUY,1.0
AJABIX,BOBTIW,1.0
AJABIX,SUHQUI,1.0
AJABIX,YUHMEV,0.550000011920929
AJABIX01,OGULUY,1.0
AJABIX01,BOBTIW,1.0
AJABIX01,SUHQUI,1.0
AJABOD,OGULUY,1.0
AJABOD,BOBTIW,1.0
AJABOD,SUHQUI,1.0
AJAGOI,POQDIJ,0.5333333015441895
AJAGOI,AJAHID,0.4374999701976776
AJAGOI,RIBCAJ,0.43448275327682495
AJAHID,FIFFUX,0.421875
AJAHID,XAJQAC,0.421875
AJAKON,YUYLEL,1.0
AJAKON,RUGYOJ,1.0
AJAKON,YUYGOQ,1.0
AJASUA,UDOVUG,0.8999999761581421
AJASUA,NAFYEA,0.8999999761581421
AJASUA,YOJSUM,0.8999999761581421
AJASUA,VUHJAK,0.8999999761581421
AJAXOY,NEFKUH,0.529411792755127
AJAXOY,NEDCAD,0.25652173161506653
AJAXOY,GEJQEU,0.24210524559020996
AJIFIJ,AVAXIF,0.8999999761581421
AJIFIJ,NUSSEA,0.8999999761581421
AJIFIJ,PURQEZ,0.8999999761581421
AJIJEI,AJIJEI01,1.0
AJIJEI,AJIJEI02,1.0
AJIJEI,HUZJOC,0.8999999761581421
AJIJEI,NEBTIA,0.8999999761581421
AJIJEI,QULMIU,0.8999999761581421
AJIJEI01,AJIJEI02,1.0
AJIQIU,OSAXEM,1.0
AJIQIU,OSAXIQ,0.8999999761581421
AJIQIU,CUHYUB,0.8999999761581421
AJIQIU,HUCXUA,0.8999999761581421
AJIQIU,VIXKOE,0.8999999761581421
AKAPUX,HUFJEZ,0.5727272629737854
AKAPUX,HUFJID,0.5727272629737854
AKAPUX,HUFHOH,0.5727272629737854
AKAYIV,ECAFOG,1.0
AKAYIV,WITKOB,0.8999999761581421
AKAYIV,MIVWAR,0.8333333134651184
AKAYIV,CUQTAL,0.5885714292526245
AKAYIV,DOTFID,0.578125
AKECOK,SOHBUO,0.5378378629684448
AKECOK,YUQMUU,0.47058823704719543
AKECOK,YUQNAB,0.47058823704719543
AKEGON,AKEGUT,0.8999999761581421
AKEGON,HASSOL,0.8999999761581421
AKEGON,HASSIF,0.8999999761581421
AKEGUT,HASSIF,0.8999999761581421
AKEGUT,HASSOL,0.8999999761581421
AKEGUT,ITOBEZ,0.5344827771186829
AKOBAF,MUHXOE,1.0
AKOBAF,ISUFOS,0.5909091234207153
AKOBAF,KOXMAN,0.5307692289352417
AKOXIJ,UFATEA,1.0
AKOXIJ,UFATEA01,1.0
AKOXIJ,HOGSIG,1.0
AKOXIJ,ROGLOP,1.0
AKUHOD,AKUHOD03,1.0
AKUHOD,AKUHOD01,1.0
AKUHOD,XUBJAF,0.8999999761581421
AKUHOD,BUDCIN,0.48000001907348633
AKUHOD,UCOCAR,0.8999999761581421
AKUHOD01,AKUHOD03,1.0
AKUHOD01,XUBJAF,0.8999999761581421
AKUHOD03,XUBJAF,0.8999999761581421
AKUHOD03,LALGIQ,0.8999999761581421
AKUHOD03,POPMUE,0.8999999761581421
ALAHUS,IZIHIK,0.71875
ALAHUS,VIKTOB,0.6914286017417908
ALAHUS,WUFHIQ,0.6617646813392639
ALALUU,EPUJIJ,1.0
ALALUU,ALALUU01,1.0
ALALUU,POPMUE,0.8999999761581421
ALALUU01,EPUJIJ,1.0
ALALUU01,POPMUE,0.8999999761581421
ALAMUW,ALANAD,0.8999999761581421
ALAMUW,OPIYAP,0.578125
ALAMUW,OPIXUI,0.578125
ALANAD,UKALEZ,0.578125
ALANAD,IJEXIF01,0.550000011920929
ALANAD,ROTQIC,0.44411763548851013
ALATAK,OWITOE,0.8999999761581421
ALATAK,OWITEU,0.8999999761581421
ALATAK,OWITUK,0.8999999761581421
ALATAK,OWITIY,0.8999999761581421
ALATAK,TIVWUR,0.8999999761581421
ALEHUW,ALEJAE,0.8999999761581421
ALEHUW,FERCUD,0.8826086521148682
ALEHUW,FERCAJ,0.8826086521148682
ALEHUW,YEKHUU,0.5363636612892151
ALEJAE,FERCEN,0.7826086282730103
ALEJAE,FERCOX,0.7826086282730103
ALEJEI,HULCOI,1.0
ALEJEI,ALEJIM,0.8999999761581421
ALEJEI,OQUWEE,0.8571428656578064
ALEJIM,HULCOI,0.8999999761581421
ALEJIM,OQUWEE,0.8571428656578064
ALEJIM,SUZBEW,0.7120000123977661
ALEQIT,LOBQAV01,1.0
ALEQIT,LARYOU,1.0
ALEQIT,ZEDWAI,1.0
ALEQIT,BOJYIK,1.0
ALEQIT,BOJYIK01,1.0
ALEQIT,VOXKIE,1.0
ALICEE,KELJER,1.0
ALICEE,QEJZUB,1.0
ALICEE,LETDIY,1.0
ALICEE,LETDAQ,1.0
ALICEE,LETDEU,1.0
ALICEE,LETDOE,1.0
ALICEE,LETFEW,1.0
ALICEE,LETFIA,1.0
ALICEE,QALHAO,1.0
ALICEE,QALHES,1.0
ALICEE,TALKOH,0.8999999761581421
ALICII,KELJER,1.0
ALICII,QEJZUB,1.0
ALICII,LETDIY,1.0
ALICII,KELJAN,1.0
ALICII,KELJIV,1.0
ALIQUH,ISAQAV,1.0
ALIQUH,ALIRAO,1.0
ALIQUH,ALIRAO01,1.0
ALIRAO,ISAQAV,1.0
ALIRAO,ALIRAO01,1.0
ALIRAO01,ISAQAV,1.0
ALIRES,CIYZUG,0.6272727251052856
ALIRES,POTYAA,0.5950000286102295
ALIRES,KODSUT,0.5909091234207153
ALIRES,FOVPAJ,0.4767441749572754
ALIRES,FOVPEN,0.4767441749572754
ALIRES,POTXUT,0.4642857015132904
ALIXAU,CEGJOO,0.8999999761581421
ALIXAU,QOFLAA,0.3032257854938507
ALIXAU,NEYYUN,0.2879999876022339
ALIXID,EBIMEJ,1.0
ALIXID,GIZVER,1.0
ALIXID,ICAMEG,1.0
ALIXOJ,RAVDOJ,0.8999999761581421
ALIXOJ,RAVDID,0.8999999761581421
ALIXOJ,RAVCOI,0.8999999761581421
ALIXOJ,RAVFEB,0.8999999761581421
ALIXOJ,RAVFIF,0.8999999761581421
ALIXUP,HOGLEV01,1.0
ALIXUP,HOGLEV,1.0
ALIXUP,RAVDID,0.8999999761581421
ALOLIY,KUFVAK,1.0
ALOLIY,LOLREL,0.8999999761581421
ALOLIY,FAQLER,0.8999999761581421
ALOVEC,IXODUV,1.0
ALOVEC,IDIWIB,1.0
ALOVEC,IXOFIL,1.0
ALOVEC,IDIWOH,1.0
ALOVEC,IDIWOH06,1.0
ALUJEX,ATIJOC,1.0
ALUJEX,MIBQAR01,0.8999999761581421
ALUJEX,PICTIG,0.8999999761581421
ALUJEX,TULGEO,0.5909091234207153
ALUJIB,TEPWIX,1.0
ALUJIB,BUVHEH,1.0
ALUJIB,GOBXAY,1.0
ALUJIB,BUPVIT,1.0
ALUJIB,CELDAA,1.0
ALUJOH,AVAQAP,1.0
ALUJOH,AMIXOK,1.0
ALUJOH,ZEDVOV,1.0
ALUJOH,QOHZIX,0.550000011920929
ALUJUN,ATIKIX,1.0
ALUJUN,REQDEX,1.0
ALUJUN,PEPLOM,0.8999999761581421
ALUJUN,PEFBEI,0.530434787273407
ALUKAU,HELNEU,1.0
ALUKAU,ATIKET,1.0
ALUKAU,NOFZEO,1.0
ALUKAU,FINGAN,0.64000004529953
ALUKAU,RINTUF,1.0
ALUKAU,UCEXEG,1.0
ALUKIC,ALULEZ,1.0
ALUKIC,ALULID,1.0
ALUKIC,KIVHON,0.8999999761581421
ALUKIC,ALUKOI,0.8999999761581421
ALUKIC,ALULAV,0.8999999761581421
ALUKOI,KIVHON,0.8999999761581421
ALUKOI,ALULID,0.8999999761581421
ALUKOI,ALUKUO,0.8999999761581421
ALUKUO,KIVHON,0.8999999761581421
ALUKUO,ALULID,0.8999999761581421
ALULAV,ALULEZ,0.8999999761581421
ALULAV,ALULID,0.8999999761581421
ALULAV,KIVHON,0.8999999761581421
ALULEZ,ALULID,1.0
ALULEZ,KIVHON,0.8999999761581421
ALULID,KIVHON,0.8999999761581421
AMAFIE,HINBUC,0.8999999761581421
AMAFIE,AMAFUQ,0.8999999761581421
AMAFIE,AMAGAX,0.8999999761581421
AMAFIE,OCUFUQ,0.8999999761581421
AMAFOK,AMAFUQ,1.0
AMAFOK,AMAGAX,1.0
AMAFOK,HINBUC,0.8999999761581421
AMAFUQ,AMAGAX,1.0
AMAFUQ,HINBUC,0.8999999761581421
AMAFUQ,OCUGAX,0.8999999761581421
AMAGAX,HINBUC,0.8999999761581421
AMAGAX,FUVYOL,0.8999999761581421
AMAGAX,OCUFUQ,0.8999999761581421
AMAJUU,MITQEM,0.8999999761581421
AMAJUU,DICJUW,0.8999999761581421
AMAJUU,WUKFAL,0.8999999761581421
AMAJUU,EHIBUT,0.8999999761581421
AMALND,AQMAND01,1.0
AMALND,AQMAND,1.0
AMALND,XUBJAF,0.8999999761581421
AMALND,MESNML,0.8999999761581421
AMBZAG10,MOLLEG,0.8999999761581421
AMBZAG10,RUPZIM,0.8999999761581421
AMBZAG10,MINBEQ,0.8999999761581421
AMBZAG10,NHBZZN10,0.8999999761581421
AMBZAG10,WIWDEN,0.8999999761581421
AMEBAX,AMOPID,0.8999999761581421
AMEBAX,SOSQOI,0.6700000166893005
AMEBAX,OPUKAN01,0.6700000166893005
AMEPOY,XAXGEK,0.7578946948051453
AMEPOY,ASUQOU,0.7157894968986511
AMEPOY,YUHMAR,0.5333333611488342
AMIKOX,NABCEA,0.8999999761581421
AMIKOX,NABCIE,0.8999999761581421
AMIKOX,NIMTAE,0.8999999761581421
AMIKOX,LIWFAA,0.4193548262119293
AMIKOX,NATPAA,0.4950000047683716
AMIWID,NATQUW,1.0
AMIWID,MIRLUU,1.0
AMIWID,SAZPUH,1.0
AMIWOJ,GEVXIQ,1.0
AMIWOJ,FEQXAB,1.0
AMIWOJ,CUKXIR,0.8999999761581421
AMIWOJ,GEVXAI,1.0
AMIWOJ,GEVXAI01,1.0
AMIWUP,MITGUR,1.0
AMIWUP,MITGUR01,1.0
AMIWUP,XOJZEC,0.8999999761581421
AMIWUP,AMIXAW,0.8999999761581421
AMIXAW,TEBFUD,1.0
AMIXAW,CIZQOT,0.8999999761581421
AMIXEA,CAQCAZ,0.8999999761581421
AMIXEA,CASTEW,0.8999999761581421
AMIXEA,MIJHOD,0.8999999761581421
AMIXIE,QIVKEL01,1.0
AMIXIE,NELREC,1.0
AMIXIE,NERMON,1.0
AMIXIE,NELRAY,1.0
AMIXIE,QIVKEL,1.0
AMIXOK,AVAQAP,1.0
AMIXOK,ZEDVOV,1.0
AMIXOK,QOHZIX,0.550000011920929
AMIXUQ,VUDQOB,1.0
AMIXUQ,KIKMAV,1.0
AMIXUQ,MAPGOC,1.0
AMIXUQ,MAPGUI,1.0
AMIXUQ,REQDIB,1.0
AMIYIG,GOYPER,1.0
AMIYIG,SANLOK,1.0
AMIYIG,NUDNUW01,1.0
AMIYOM,YICCOE,1.0
AMIYOM,OGIYAF,1.0
AMIYOM,YANBAR01,1.0
AMIZAZ,JEXXAM,1.0
AMIZAZ,XOBXIW,1.0
AMIZAZ,DADVAG06,1.0
AMIZAZ01,JEXXAM,1.0
AMIZAZ01,XOBXIW,1.0
AMIZAZ01,DADVAG06,1.0
AMIZAZ02,JEXXAM,1.0
AMIZAZ02,XOBXIW,1.0
AMIZAZ02,DADVAG06,1.0
AMIZON,ROLCEC14,1.0
AMIZON,ROLCEC13,1.0
AMIZON,ROLCEC19,1.0
AMIZON01,ROLCEC14,1.0
AMIZON01,ROLCEC13,1.0
AMIZON01,ROLCEC19,1.0
AMOBEL,SIWQIA,1.0
AMOBEL,TAYZUQ03,1.0
AMOBEL,YANXIX04,1.0
AMOBEL01,SIWQIA,1.0
AMOBEL01,TAYZUQ03,1.0
AMOBEL01,YANXIX04,1.0
AMOBEL02,SIWQIA,1.0
AMOBEL02,TAYZUQ03,1.0
AMOBEL02,YANXIX04,1.0
AMODUC,CUXPOB,1.0
AMODUC,CUXQIW,1.0
AMODUC,XOXGUN,0.8999999761581421
AMOFAK,CUXQAO,1.0
AMOFAK,CUXPER,1.0
AMOFAK,KIYZID03,0.8999999761581421
AMOFAK,CUXQES,0.8999999761581421
AMOGEP,CIHNIR,0.26874998211860657
AMOGEP,WUZFAZ,0.25882354378700256
AMOGEP,IGITOJ,0.25882354378700256
AMOMUM,NUDNUW05,1.0
AMOMUM,FEFRMT01,1.0
AMOMUM,NUDPAE08,1.0
AMONAT,NUDNUW05,1.0
AMONAT,FEFRMT01,1.0
AMONAT,NUDPAE08,1.0
AMOPID,BUDDIO,0.6700000166893005
AMOPID,XOLSUO,0.5699999928474426
AMOROK,AMORUQ,0.8999999761581421
AMOROK,POVVUS,0.8999999761581421
AMOROK,JISSEK,0.7000000476837158
AMORUQ,POVVUS,0.8999999761581421
AMORUQ,ROJTAM,0.6000000238418579
AMUCOB,YUDYAX01,1.0
AMUCOB,YUDYAX,1.0
AMUCOB,WINJUY,0.8999999761581421
AMUCOB,CABHOC,0.43157893419265747
AMUCOB,XATNIP,0.8999999761581421
AMUCOB,XATNIP01,0.8999999761581421
AMURUX,SIRBIG03,1.0
AMURUX,MOPQIT,1.0
AMURUX,SIWZOP03,1.0
AMURUX,ILECIN,1.0
AMURUX,KAVRIK,1.0
AMURUX01,JEBGIJ,1.0
AMURUX01,NIWZIE05,1.0
AMURUX01,XAXBEF,1.0
AMURUX02,SIRBIG03,1.0
AMURUX02,MOPQIT,1.0
AMURUX02,SIWZOP03,1.0
AMURUX02,ILECIN,1.0
AMURUX02,KAVRIK,1.0
AMURUX06,SIRBIG03,1.0
AMURUX06,MOPQIT,1.0
AMURUX06,SIWZOP03,1.0
AMURUX07,SIRBIG03,1.0
AMURUX07,MOPQIT,1.0
AMURUX07,SIWZOP03,1.0
AMURUX08,SIRBIG03,1.0
AMURUX08,MOPQIT,1.0
AMURUX08,SIWZOP03,1.0
AMURUX09,SIRBIG03,1.0
AMURUX09,MOPQIT,1.0
AMURUX09,SIWZOP03,1.0
AMURUX10,SIRBIG03,1.0
AMURUX10,MOPQIT,1.0
AMURUX10,SIWZOP03,1.0
AMURUX11,SIRBIG03,1.0
AMURUX11,MOPQIT,1.0
AMURUX11,SIWZOP03,1.0
ANABAT,REMJOJ,0.8999999761581421
ANABAT,HILKAP,0.8999999761581421
ANABAT,MELJET,0.8999999761581421
ANAWAP,ANAWOD,1.0
ANAWAP,ANAWIX,1.0
ANAWAP,YUDMIU,0.8999999761581421
ANAWAP,BUBVUR,0.8999999761581421
ANAWAP,GEBSAJ,0.4599999785423279
ANAWAP,NARPOO,0.8999999761581421
ANAWIX,ANAWOD,1.0
ANAWIX,YUDMIU,0.8999999761581421
ANAWIX,GEBSAJ,0.4599999785423279
ANAWIX,IVIPEK,0.8999999761581421
ANAWIX,JIRLOO,0.7799999713897705
ANAWIX,PAMGIV,0.8999999761581421
ANAWOD,YUDMIU,0.8999999761581421
ANAWOD,GEBSAJ,0.4599999785423279
ANAWOD,HUFLIF,0.8999999761581421
ANAYUL,VIMNEN,1.0
ANAYUL,NAHQIY,1.0
ANAYUL,BANLUA,1.0
ANAYUL,PABRIW,0.31599998474121094
ANAYUL,WEJNII,0.42399999499320984
ANAZAS,NAHQOE,1.0
ANAZAS,RAYJOT,0.8999999761581421
ANAZAS,UQUMID,0.8999999761581421
ANAZAS,DEFXEU,0.8999999761581421
ANAZAS,NAHQAQ,0.8999999761581421
ANAZAS,NAHQEU,0.8999999761581421
ANEQAM,FOQNOQ,0.8999999761581421
ANEQAM,FOQPAE02,0.8999999761581421
ANEQAM,FOQNUW,0.8999999761581421
ANEQAM,SIPVOD,0.8999999761581421
ANEQAM,XOBBOI,0.7352941632270813
ANEQAM,XOBBUO,0.7352941632270813
ANUGEW,LAYXER,1.0
ANUGEW,LAYWOA,1.0
ANUGEW,LAYXAN,1.0
ANUGIA,ANUGOG,1.0
ANUGIA,DEKBON,0.9571428894996643
ANUGIA,IPUPOA,0.9571428894996643
ANUGIA,IPUPIU,0.9571428894996643
ANUGIA,NAWDUN,0.4521738886833191
ANUGOG,DEKBON,0.9571428894996643
ANUGOG,IPUPOA,0.9571428894996643
ANUGOG,HOYQIX,0.9571428894996643
ANUGOG,NAWDUN,0.4521738886833191
ANUGUM,FAGXOD,0.9571428894996643
ANUGUM,PIJKEB,0.9571428894996643
ANUGUM,AWEJES,0.9571428894996643
ANUGUM,NIRROY,0.9571428894996643
APACAX,AVETAY,1.0
APACAX,IJEVIE,0.8999999761581421
APACAX,XUVQIQ,0.8999999761581421
APACAX,TATPOV,0.7954545021057129
APACAX,XUVQOW,0.8999999761581421
APANAI,NAHCIT02,1.0
APANAI,YUDDUX,1.0
APANAI,BIYHEX,0.8999999761581421
APANAI,SATRAH,0.8999999761581421
APANAI,UKOZOK,0.8999999761581421
APANAI,WURYOY,0.35199999809265137
APANAI,ZZZHZC01,0.8999999761581421
APARAM,UKEVIR,0.8999999761581421
APARAM,QOQWOK01,0.5909091234207153
APARAM,QOQWOK,0.5909091234207153
APAYIB,SILKAC,1.0
APAYIB,WOJZIG,1.0
APAYIB,DIVSUY,1.0
APAYIB,HISSIN,1.0
APAYIB,NUHQAK,1.0
APAYIB,WIPLOY,0.9099999666213989
APAYIB,WOJYOL,1.0
APAYOH,XADDAJ01,1.0
APAYOH,WOJYUR,1.0
APAYOH,NUHRAL,1.0
APAYOH,APAZEY,1.0
APAYOH,OBIYAC,0.6100000143051147
APAYOH,YICXIU,0.9099999666213989
APAYUN,APAZIC,1.0
APAYUN,YUMFUJ,1.0
APAYUN,APAZOI,1.0
APAYUN,LUWMEX,1.0
APAYUN,WOJYEB,1.0
APAZAU,SILKAC,1.0
APAZAU,WOJZIG,1.0
APAZAU,DIVSUY,1.0
APAZAU,HISSIN,1.0
APAZEY,XADDAJ01,1.0
APAZEY,WOJYUR,1.0
APAZEY,LEDHEJ,0.9142857193946838
APAZEY,UKIQIP,0.8999999761581421
APAZEY,XADDAJ,1.0
APAZIC,YUMFUJ,1.0
APAZIC,LUWMEX,1.0
APAZIC,WOJYEB,1.0
APAZIC,APAZOI,1.0
APAZOI,YUMFUJ,1.0
APAZOI,LUWMEX,1.0
APAZOI,UKIQIP,0.8999999761581421
APEBED,VOLPAP,1.0
APEBED,JICYIG,1.0
APEBED,MIQSAJ,1.0
APEBED,VOLPET,1.0
APETAS,JAWKIE,1.0
APETAS,VEVFAF,1.0
APETAS,ZUMNAY,1.0
APETAS,JAWKAW,0.8999999761581421
APETAS,JAWKEA,0.8999999761581421
APETAS,MOMQAI,0.8999999761581421
APOGOD,NUDNUW05,1.0
APOGOD,FEFRMT01,1.0
APOGOD,NUDPAE08,1.0
APUPEH,ZELROZ,0.8999999761581421
APUPEH,ZILBUT,0.8999999761581421
APUPEH,QIZLIW,0.6499999761581421
APUVIS,UFARAX,1.0
APUVIS,UFAREB,1.0
APUVIS,HEBKAC,0.8999999761581421
APUZIV,QIQFUT,0.23404255509376526
APUZIV,IDEDAY,0.22558140754699707
APUZIV,TAFSOJ,0.2191176414489746
AQAJEI,SACBUW,1.0
AQAJEI,RUVBUH,1.0
AQAJEI,SACCAD,1.0
AQAJIM,WOFRUF,1.0
AQAJIM,IZAVUA01,0.8999999761581421
AQAJIM,IZAVUA,0.8999999761581421
AQALUZ,VOCQEJ,1.0
AQALUZ,AQALUZ01,1.0
AQALUZ,FEZWAJ,0.8999999761581421
AQALUZ,MUQNOC,0.8999999761581421
AQALUZ01,VOCQEJ,1.0
AQALUZ01,FEZWAJ,0.8999999761581421
AQALUZ01,HEHKUD,0.4935483932495117
AQALUZ01,TIKWIU,0.8068965077400208
AQAMIO01,UDOYUJ,0.550000011920929
AQAMIO01,WOPWOP,0.5218750238418579
AQAMIO01,FAZPIH,0.5218750238418579
AQAMIO01,HEHLAK,0.4935483932495117
AQAMIO02,VOCQAF,1.0
AQAMIO02,KIPZIU,1.0
AQAMIO02,KIPZAM,1.0
AQAMIO02,BIVXEK,1.0
AQEGUZ,VUMYAF,0.4374999701976776
AQEGUZ,POCLAV,0.4000000059604645
AQEQES,UGECEO,1.0
AQEQES,IGAHED02,1.0
AQEQES,IGAHED,1.0
AQEQES,KUHNEI,1.0
AQEQIW,XIRHOW,1.0
AQEQIW,GUTYIE,1.0
AQEQIW,YUJCOX,1.0
AQESUK,BORNIG,0.8999999761581421
AQESUK,BORNEC,0.8999999761581421
AQESUK,BOJLOC,0.6206896305084229
AQIQAU,ZASJAG,1.0
AQIQAU,HEKTAU,1.0
AQIQAU,DIRLIB,0.8999999761581421
AQIQEY,NIDFEN,1.0
AQIQEY,QIKTUC,1.0
AQIQEY,BEPREV02,0.8999999761581421
AQIQEY,RIGPEE,0.6896551847457886
AQIQEY,RIGPEE01,0.6896551847457886
AQIQEY,RIGPII,0.6896551847457886
AQIQEY,SIXFIQ,0.708108127117157
AQIQEY,SIXFIQ01,0.708108127117157
AQIROJ,RAMRUV,1.0
AQIROJ,SIVGIP,1.0
AQIROJ,UJUPUM,1.0
AQIROJ,HOKMUR,1.0
AQIVIF,IFOQAV,1.0
AQIVIF,DANVAQ,1.0
AQIVIF,ECUFAM,1.0
AQIVIF,DANVEU,1.0
AQIVOL,LETFIB,1.0
AQIVOL,SAKFAO,1.0
AQIVOL,NERDAR,1.0
AQMAND,AQMAND01,1.0
AQMAND,UCOCAR,0.8999999761581421
AQMAND01,UCOCAR,0.8999999761581421
AQMAND01,BAYJEQ,0.8999999761581421
AQMAND01,BUDCIN,0.48000001907348633
AQMAND01,LALGIQ,0.8999999761581421
AQMAND01,LEPLEZ,0.8999999761581421
AQMAND01,LEPLEZ01,0.8999999761581421
AQMAND01,LEPLEZ02,0.8999999761581421
AQOJUL,DESHOZ,1.0
AQOJUL,IVAZOU,1.0
AQOJUL,AQOJUL01,1.0
AQOJUL,OTOVEA,0.6884615421295166
AQOJUL,WOWMEC,0.8999999761581421
AQOJUL01,DESHOZ,1.0
AQOJUL01,IVAZOU,1.0
AQOJUL01,HIHHUC,0.8999999761581421
AQOJUL01,OTOVEA,0.6884615421295166
AQOLEZ,BETGUE,1.0
AQOLEZ,FECXOC,1.0
AQOLEZ,BETGOY,1.0
AQOLID,AQOMEA,1.0
AQOLID,BIXVOW,0.8999999761581421
AQOLID,OLICET,0.8999999761581421
AQOLID,AQOLUP,0.8147058486938477
AQOLID,AQOMEA01,0.5764706134796143
AQOLOJ,FUTPUG,0.5400000214576721
AQOLOJ,OYIVEY,0.44999998807907104
AQOLOJ,CEXBAL,0.4363636374473572
AQOLUP,AQOMEA,0.8147058486938477
AQOLUP,AQOMEA01,0.7617647051811218
AQOMAW,UTEXIB,1.0
AQOMAW,UTEWUM,0.8999999761581421
AQOMAW,UTEXAT,0.8999999761581421
AQOMAW,HADLUW,0.7000000476837158
AQOMAW,UTEWOG,0.8999999761581421
AQOMEA,BIXVIQ,0.8999999761581421
AQOMEA,BIXVEM,0.8999999761581421
AQOMEA,AQOMEA01,0.5764706134796143
AQOROP,AQORUV,0.8999999761581421
AQOROP,FECWOB01,0.7428571581840515
AQOROP,FIKSID,0.7428571581840515
AQORUV,LARBOW01,0.7428571581840515
AQORUV,LARBOW,0.7428571581840515
AQOXEK,TAZZUS,0.39374998211860657
AQOXEK,WADKAO,0.31599998474121094
AQOXEK,GACTIQ,0.3142857253551483
AQUCOG,ORIVUI,1.0
AQUCOG,NOKLIJ,1.0
AQUCOG,AQUDIB,1.0
AQUCUM,ORIVUI,1.0
AQUCUM,NOKLIJ,1.0
AQUCUM,AQUDIB,1.0
AQUCUM,LECQEQ,1.0
AQUCUM,LEJRIC,1.0
AQUDIB,ORIVUI,1.0
AQUDIB,NOKLIJ,1.0
AQUDIB,LECQEQ,1.0
AQUDIB,LEJRIC,1.0
AQUKOO,AQULEF,0.8999999761581421
AQUKOO,AQULOP,0.8999999761581421
AQUKOO,WUCWIC,0.6600000262260437
AQULEF,AQULOP,0.8999999761581421
AQULEF,BAMHIJ,0.7545455098152161
AQULEF,BENBIH,0.6600000262260437
AQULEF,XEGQOS,0.6545454859733582
AQULOP,WUCWIC,0.6600000262260437
AQULOP,XEGQOS,0.6545454859733582
ARAJEK,ARAKAH,0.8999999761581421
ARAJEK,ARAJIO,0.8999999761581421
ARAJEK,ARAJOU,0.8999999761581421
ARAJEK,IPIDAN,0.4483870565891266
ARAJIO,ARAKAH,0.8999999761581421
ARAJIO,ARAJOU,0.8999999761581421
ARAJIO,DIVFOF,0.4642857015132904
ARAJOU,ARAKAH,0.8999999761581421
ARATIY,TOBHAT,0.6684210300445557
ARATIY,PEDMER,0.5950000286102295
ARATIY,YADQUQ,0.5875000357627869
ARATIY,LUKREO,0.47647058963775635
ARATIY,LUKRIS,0.47647058963775635
ARATIY,LUKRUE,0.38723403215408325
ARAVAR,OFIZAF,1.0
ARAVAR,XOHQER,1.0
ARAVAR,MUNNEP01,1.0
ARAVAR,OFIYUY,1.0
ARAVAR,RELLOK,1.0
ARAXEX,LOSGEH,0.690625011920929
ARAXEX,RASFEY,0.6107142567634583
ARAXEX,LOSGIL,0.590624988079071
ARIDIQ,FOJLOH,1.0
ARIDIQ,OBIBAF,0.8999999761581421
ARIDIQ,NIRGAY,0.8999999761581421
ARIDIQ,OBIBEJ,0.8999999761581421
ARIDIQ,UKOZOL,0.8999999761581421
ARINOF,YUKCAJ,1.0
ARINOF,IYIMUA,0.625
ARINOF,UFUROF,0.5950000286102295
ARINUL,NUNZUT,0.46562498807907104
ARINUL,EKUDAP,0.44999998807907104
ARINUL,ILIXUW,0.44999998807907104
AROFAP,TACJIS,1.0
AROFAP,HIHGUC,1.0
AROFAP,AROFET,1.0
AROFAP,OXALIJ,1.0
AROFAP,REQWAO,0.8999999761581421
AROFET,TACJIS,1.0
AROFET,HIHGUC,1.0
AROFET,EREGOY,1.0
AROFET,NEDVOJ,0.8999999761581421
AROFET,NEDWAW,0.8999999761581421
AROFET,OXALEF,0.8999999761581421
AROFET,WIVRIE,1.0
AROQAB,IFIBAB,0.3131578862667084
AROQAB,ZEFNIH01,0.30571427941322327
AROQAB,PTRPHT02,0.30571427941322327
AROVAE,MASXIN,1.0
AROVAE,NAWHOL,1.0
AROVAE,NAWHOL01,1.0
AROVAE,NEYHIJ,0.8999999761581421
AROVAE,TILDIC,0.8999999761581421
ARUJED,COPTUX,1.0
ARUJED,VEZWEE,0.9590908885002136
ARUJED,VEZVUT,0.9590908885002136
ARUJED,SIKJOM,0.8999999761581421
ARUTIQ,UYIXIK,0.8999999761581421
ARUTIQ,XECJAQ,0.47894734144210815
ARUTIQ,GOGMIA,0.41999998688697815
ARUTIQ,IVAQEC,0.4000000059604645
ASACAZ,ASACIH,0.8999999761581421
ASACAZ,ASACON,0.8999999761581421
ASACAZ,POCLAV,0.8999999761581421
ASACAZ,DACJUO,0.8999999761581421
ASACIH,ASACON,1.0
ASACIH,DACJUO,0.8999999761581421
ASACIH,PEYPAM,0.5695652365684509
ASACIH,POCKUO,0.8999999761581421
ASACIH,POCKUO01,0.8999999761581421
ASACIH,POCLAV,0.8999999761581421
ASACON,DACJUO,0.8999999761581421
ASACON,PEYPAM,0.5695652365684509
ASAHEJ,ASAMUE,0.8999999761581421
ASAHEJ,UPOVOL,0.8999999761581421
ASAHEJ,TOHYOF,0.8999999761581421
ASALAH,ASALOV,0.8999999761581421
ASALAH,JAPSEZ,0.5026315450668335
ASALAH,YEDPEF,0.5
ASALEL,KIPZIU,0.8999999761581421
ASALEL,KIPZAM,0.8999999761581421
ASALEL,MUQNOC,0.8999999761581421
ASALEL,TIKWIU,0.8068965077400208
ASALOV,OVAJAX,0.48571428656578064
ASALOV,HIBSUG02,0.48571428656578064
ASAMUE,VIRCEF,0.8999999761581421
ASAMUE,KAWBOB,0.8999999761581421
ASAMUE,UPOVOL,0.8999999761581421
ASAMUE,OHAZAZ,0.8999999761581421
ASAMUE,VIVLAP,0.8999999761581421
ASEJIT,NAHHAI,1.0
ASEJIT,ASEKAM,1.0
ASEJIT,ASEJOZ01,1.0
ASEJIT,UDIDAO,0.8999999761581421
ASEJOZ,NAHHAI,1.0
ASEJOZ,ASEKAM,1.0
ASEJOZ,ASEJOZ01,1.0
ASEJOZ,FANNUG,0.5864864587783813
ASEJOZ,FUSGOR,0.8999999761581421
ASEJOZ01,NAHHAI,1.0
ASEJOZ01,ASEKAM,1.0
ASEJOZ01,IYOQIY,1.0
ASEKAM,NAHHAI,1.0
ASEKAM,IYOQIY,1.0
ASELIV,OKILAW,0.6428571343421936
ASELIV,EXUHUC,0.6394736170768738
ASELIV,DIVRAD,0.6142857670783997
ASEMUG,ASEMUG01,1.0
ASEMUG,NAHNLA10,0.8999999761581421
ASEMUG,MAGXOI,0.8999999761581421
ASEMUG,PEDLOZ,0.8999999761581421
ASEMUG,ULUCUZ,0.8999999761581421
ASEMUG01,NAHNLA10,0.8999999761581421
ASEMUG01,MAGXOI,0.8999999761581421
ASEMUG01,XELHUS,0.8999999761581421
ASIRAX,UQUTUX,1.0
ASIRAX,CAVWII,1.0
ASIRAX,UQUTUX01,1.0
ASIRAX,LEDHIN,0.9099999666213989
ASIRAX,OMUMIU,1.0
ASIRUR,REZFEK,1.0
ASIRUR,IRELOI,0.8999999761581421
ASIRUR,IREKUN,0.8999999761581421
ASIRUR,BIRMUM,0.6806451678276062
ASIVAB,GEFTET,0.8999999761581421
ASIVAB,SEGWAF,0.8999999761581421
ASIVAB,RIBSIH,0.7615384459495544
ASIVAB,SIXNEV,0.6896551847457886
ASIVAB,SIXNIZ,0.6896551847457886
ASIVAB,SIXNOF,0.6896551847457886
ASIVAB,SIXNUL,0.6343750357627869
ASOHUL,IDIWOH02,1.0
ASOHUL,IDIWOH03,1.0
ASOHUL,JUMCOL,1.0
ASOHUL,IDIWIB,1.0
ASOHUL,IDIWOH,1.0
ASOHUL,IDIWOH01,1.0
ASOHUL,IDIWOH04,1.0
ASOHUL,IDIWOH05,1.0
ASOHUL,IDIWOH06,1.0
ASOHUL,PEPLEC,1.0
ASOHUL,PEPLIG,1.0
ASOHUL,PEPLOM,1.0
ASOHUL,POWYEH,1.0
ASOSUY,GERWEH,0.7136363983154297
ASOSUY,OCAWAT,0.695454478263855
ASOSUY,LUDLED,0.6684210300445557
ASOVEL,SUCLOT,0.6142857670783997
ASOVEL,DIQGUH,0.6142857670783997
ASOVEL,POMSOB,0.6142857670783997
ASUBIB,WANNEH,0.8999999761581421
ASUBIB,WANNIL,0.8999999761581421
ASUBIB,UBIBUF,0.8999999761581421
ASUBIB,DUDKAQ,0.8999999761581421
ASUBIB,JALCAD,0.8999999761581421
ASUCAS,IFACIB,0.8999999761581421
ASUCAS,JOCLOD,0.4124999940395355
ASUCAS,NULROB,0.4124999940395355
ASUKEE,KIKRAA,1.0
ASUKEE,LETVUB,1.0
ASUKEE,ZIBRAD,1.0
ASUKEE,YUZJOU,1.0
ASUKEE01,KIKRAA,1.0
ASUKEE01,LETVUB,1.0
ASUKEE01,ZIBRAD,1.0
ASUQIO,SOTMUK02,0.8999999761581421
ASUQIO,YUBFUX01,0.8999999761581421
ASUQIO,YUBFUX,0.8999999761581421
ASUQIO,SOTMUK,0.8999999761581421
ASUQIO,YOYTUC,0.4214285612106323
ASUQIO03,PEWGEF,1.0
ASUQIO03,CETHEQ,1.0
ASUQIO03,CUNFOH,1.0
ASUQIO03,ITIWUF,0.5666666626930237
ASUQIO03,WOJZAX,1.0
ASUQIO04,PEWGEF,1.0
ASUQIO04,CETHEQ,1.0
ASUQIO04,CUNFOH,1.0
ASUQIO04,CUNFOH01,1.0
ASUQIO04,JETQOP,1.0
ASUQOU,XAXGEK,0.5849999785423279
ASUQOU,HIKHAM,0.5
ASUQOU,XAXDIM,0.4599999785423279
ASUQOV,EKAQIR01,1.0
ASUQOV,EKAQIR,1.0
ASUQOV,URURUW,1.0
ASUQOV,LORHUX,0.8999999761581421
ASUQOV,OBOHOE,0.8999999761581421
ASUQOV,POSBAC,0.8999999761581421
ASUXAP,YEMXEW,0.5965517163276672
ASUXAP,MORFAB,0.5759999752044678
ASUXAP,TIVXOM,0.5759999752044678
ASUXAP,MARDOB,0.4272727370262146
ASUXAP,MOXKIU,0.4724137783050537
ATAFIK,RIGTIL,1.0
ATAFIK,CIZQUZ,1.0
ATAFIK,QOBGEV,1.0
ATAFIK,KUHNIM,1.0
ATAYAX,AVEQID,0.7749999761581421
ATAYAX,ZEJFAY,0.7749999761581421
ATAYAX,GAFROX,0.6806451678276062
ATAYEB,LASYOU,0.5199999809265137
ATAYEB,ONIXOZ,0.5064516067504883
ATAYEB,MIKVEK,0.5064516067504883
ATEJOA,TETYAV,0.8999999761581421
ATEJOA,JEJWOL,0.8999999761581421
ATEJOA,PIDMEV01,0.8999999761581421
ATEJOA,PACGIM,0.8999999761581421
ATEJOA,WAHKOI,0.8999999761581421
ATERIB,POTYON,0.625
ATERIB,VESNEP,0.5090909004211426
ATERIB,CAKLOR,0.5090909004211426
ATEXII,TUBMOU,0.6749999523162842
ATEXII,DEBBIY,0.4000000059604645
ATEXII,DOBHAE,0.3482758700847626
ATEYED,CUMKIG03,1.0
ATEYED,CUMKIG,1.0
ATEYED,VADWON,1.0
ATEYED,COKFAK,0.887499988079071
ATEYED,DUFCEO,0.64000004529953
ATEYOP,ZESFEL,1.0
ATEYOP,XISDOU,1.0
ATEYOP,AYOZIZ,1.0
ATEYUV,NENFEU,1.0
ATEYUV,IDINER,1.0
ATEYUV,CIFSAO,0.8999999761581421
ATEZAC,AYOZUL,1.0
ATEZAC,AYOZOF,0.8999999761581421
ATEZAC,ECINUC,0.8999999761581421
ATEZEG,ECINUC,1.0
ATEZEG,OMUHUB,1.0
ATEZEG,BICPUA,1.0
ATEZEG,MIXZOK,0.8999999761581421
ATEZIK,QAMVEH,0.8999999761581421
ATEZIK,VOLQUJ,0.8999999761581421
ATEZIK,XISDIO,0.8999999761581421
ATIBAG,ATIBOU01,1.0
ATIBAG,ATIBUA,1.0
ATIBAG,SIWPUL01,1.0
ATIBIO,ATIBOU01,1.0
ATIBIO,ATIBUA,1.0
ATIBIO,SIWPUL01,1.0
ATIBOU,ATIBOU01,1.0
ATIBOU,ATIBUA,1.0
ATIBOU,SIWPUL01,1.0
ATIBOU01,JEBGOP,1.0
ATIBOU01,ATIBUA,1.0
ATIBOU01,SIWPUL01,1.0
ATIBOU01,ATIBOU02,1.0
ATIBOU01,ATICAH,1.0
ATIBOU01,ATICEL,1.0
ATIBOU01,GOKKIA,1.0
ATIBOU01,JIXWUJ01,1.0
ATIBOU01,JIXWUJ02,1.0
ATIBOU01,WICGEV,1.0
ATIBOU02,ATIBUA,1.0
ATIBOU02,SIWPUL01,1.0
ATIBOU02,DIDVIW,1.0
ATIBOU02,IJOMOJ01,1.0
ATIBOU02,IJOMOJ02,1.0
ATIBOU02,IJOMOJ03,1.0
ATIBOU02,IJOMOJ04,1.0
ATIBOU02,IJOMOJ06,1.0
ATIBOU02,IJOMOJ07,1.0
ATIBOU02,IQEWOQ,1.0
ATIBOU02,JEDKIP,1.0
ATIBOU02,JEDKIP01,1.0
ATIBOU02,JEXWOZ,1.0
ATIBOU02,JEXWOZ01,1.0
ATIBOU02,JEXWOZ02,1.0
ATIBOU02,JEXWOZ03,1.0
ATIBOU02,JEXWOZ04,1.0
ATIBOU02,JEXWOZ05,1.0
ATIBOU02,JIXWUJ,1.0
ATIBOU02,MNFORD,1.0
ATIBOU02,MNFORD01,1.0
ATIBOU02,MNFORD02,1.0
ATIBOU02,MNFORD03,1.0
ATIBOU02,MNFORD04,1.0
ATIBOU02,MNFORD05,1.0
ATIBOU02,MNFORD06,1.0
ATIBOU02,PADJEK,1.0
ATIBOU02,PADJEK01,1.0
ATIBOU02,PADJEK02,1.0
ATIBOU02,PADJEK03,1.0
ATIBOU02,PADJEK04,1.0
ATIBOU02,PADJOU,1.0
ATIBOU02,PADJOU01,1.0
ATIBOU02,PADKIP01,1.0
ATIBOU02,PADKIP02,1.0
ATIBOU02,PADKIP03,1.0
ATIBOU02,PADKIP04,1.0
ATIBOU02,PADKIP05,1.0
ATIBOU02,PADKIP06,1.0
ATIBOU02,PADKIP07,1.0
ATIBOU02,PADKIP08,1.0
ATIBOU02,PADKIP09,1.0
ATIBOU02,PADKIP10,1.0
ATIBOU02,PADKIP11,1.0
ATIBOU02,PADKIP12,1.0
ATIBOU02,PADKIP13,1.0
ATIBOU02,PADKIP14,1.0
ATIBOU02,PADKIP15,1.0
ATIBOU02,PADKIP16,1.0
ATIBOU02,PADKIP17,1.0
ATIBOU02,PADKIP18,1.0
ATIBOU02,PADKIP19,1.0
ATIBOU02,PADKIP20,1.0
ATIBOU02,PADKIP21,1.0
ATIBOU02,PADKIP22,1.0
ATIBOU02,PADKIP23,1.0
ATIBOU02,PADKIP24,1.0
ATIBOU02,PADKIP25,1.0
ATIBOU02,PADKIP26,1.0
ATIBOU02,PADKIP27,1.0
ATIBOU02,PADKIP28,1.0
ATIBOU02,PADKIP29,1.0
ATIBOU02,PADKIP30,1.0
ATIBOU02,PADKIP31,1.0
ATIBOU02,PADKIP32,1.0
ATIBOU02,POBNEB,1.0
ATIBOU02,POBNEB01,1.0
ATIBOU02,POBNEB02,1.0
ATIBOU02,TAZBUT,1.0
ATIBOU02,TAZBUT01,1.0
ATIBOU02,TAZBUT02,1.0
ATIBOU02,TAZBUT03,1.0
ATIBOU02,TAZBUT04,1.0
ATIBOU02,WIHVAL,1.0
ATIBOU02,WIHVEP,1.0
ATIBOU02,YUKTUU,1.0
ATIBOU02,YUKTUU01,1.0
ATIBOU02,YUKTUU02,1.0
ATIBOU02,YUKTUU03,1.0
ATIBOU02,YUKTUU04,1.0
ATIBOU02,YUKTUU05,1.0
ATIBOU02,YUKTUU06,1.0
ATIBOU02,YUKTUU07,1.0
ATIBUA,JEBGOP,1.0
ATIBUA,SIWPUL01,1.0
ATIBUA,ATICAH,1.0
ATIBUA,ATICEL,1.0
ATIBUA,DADTOS,1.0
ATIBUA,DADTOS01,1.0
ATIBUA,DADTOS02,1.0
ATIBUA,DADTOS03,1.0
ATIBUA,DADTOS04,1.0
ATIBUA,DADTOS05,1.0
ATIBUA,DADTOS06,1.0
ATIBUA,DADTOS07,1.0
ATIBUA,DADTOS08,1.0
ATIBUA,DADTOS09,1.0
ATIBUA,DADTOS10,1.0
ATIBUA,DADTOS11,1.0
ATIBUA,DADTOS12,1.0
ATIBUA,DADTOS13,1.0
ATIBUA,DADTOS14,1.0
ATIBUA,DADTOS15,1.0
ATIBUA,DADTOS16,1.0
ATIBUA,DADTOS17,1.0
ATIBUA,DADTOS18,1.0
ATIBUA,GOKKIA,1.0
ATIBUA,JIXWUJ01,1.0
ATIBUA,LIJWOR,1.0
ATIBUA,LIJWOR01,1.0
ATIBUA,LIJWOR02,1.0
ATIBUA,LIJWOR03,1.0
ATIBUA,LIJWOR04,1.0
ATIBUA,LIJWOR05,1.0
ATIBUA,LIJWOR06,1.0
ATIBUA,QAHPEX,1.0
ATIBUA,QAHPEX01,1.0
ATIBUA,QAHPEX02,1.0
ATIBUA,QAHPEX03,1.0
ATIBUA,QAHPEX04,1.0
ATIBUA,QAHPEX05,1.0
ATIBUA,QAHPEX06,1.0
ATIBUA,QAHPEX07,1.0
ATIBUA,QINSUD,1.0
ATIBUA,QINSUD01,1.0
ATIBUA,REZJIR,1.0
ATIBUA,REZJIR02,1.0
ATIBUA,REZJIR03,1.0
ATIBUA,REZJIR04,1.0
ATIBUA,VERZEZ,1.0
ATIBUA,VIRJEM,1.0
ATIBUA,WICGEV,1.0
ATICAH,SIWPUL01,1.0
ATICAH,DIDVIW,1.0
ATICAH,HIBGIJ,1.0
ATICAH,NUQWAZ,1.0
ATICAH,NUQWAZ01,1.0
ATICAH,NUQWAZ02,1.0
ATICAH,NUQWAZ03,1.0
ATICAH,NUQWAZ04,1.0
ATICAH,NUQWAZ05,1.0
ATICAH,NUQWAZ06,1.0
ATICAH,NUQWAZ07,1.0
ATICAH,NURFOX,1.0
ATICAH,NURFOX01,1.0
ATICAH,NURFOX02,1.0
ATICAH,NURFOX03,1.0
ATICAH,NURFOX04,1.0
ATICAH,NURFOX05,1.0
ATICAH,NURFOX06,1.0
ATICAH,NURFUD,1.0
ATICAH,NURGAK,1.0
ATICAH,NURGEO,1.0
ATICAH,NURGIS,1.0
ATICAH,NURGUE,1.0
ATICAH,NURHAL,1.0
ATICAH,NURHEP,1.0
ATICAH,NURHIT,1.0
ATICAH,NURJAN,1.0
ATICAH,SIWPUL,1.0
ATICAH,SIWPUL02,1.0
ATICAH,SIWPUL03,1.0
ATICAH,SIWPUL04,1.0
ATICAH,SIWPUL05,1.0
ATICAH,SIWPUL06,1.0
ATICAH,SIWPUL07,1.0
ATICAH,SIWPUL08,1.0
ATICAH,SIWPUL09,1.0
ATICAH,SIWPUL10,1.0
ATICAH,SIWPUL11,1.0
ATICAH,WIHVAL,1.0
ATICAH,WIHVEP,1.0
ATICAH,XOHFIK,1.0
ATICAH,YANWOC,1.0
ATICAH,YANWOC01,1.0
ATICAH,YANWOC02,1.0
ATICAH,YANWOC03,1.0
ATICEL,SIWPUL01,1.0
ATIJOC,MIBQAR02,0.8999999761581421
ATIJOC,MIBQAR,0.8999999761581421
ATIJUI,MEQKOL,1.0
ATIJUI,HOLQUW,0.8999999761581421
ATIJUI,SAHYOQ03,0.8999999761581421
ATIJUJ,CELNUE,1.0
ATIJUJ,PEGRAW,1.0
ATIJUJ,PEGRAW01,1.0
ATIJUJ,PEGREA,1.0
ATIJUJ,WEXTAV,0.47058823704719543
ATIKAP,LARYIO,1.0
ATIKAP,LARYIO01,1.0
ATIKET,NOFZEO,1.0
ATIKET,UCEXEG,1.0
ATIKET,HELNEU,1.0
ATIKET,RINTUF,1.0
ATIKIX,REQDEX,1.0
ATIKIX,PEKGAO,0.8999999761581421
ATIKIX,PEFBEI,0.530434787273407
ATIXUX,OXITOF,0.8999999761581421
ATIXUX,EKUNON01,0.7954545021057129
ATIXUX,EKUNON,0.7954545021057129
ATOTIM,IDIWOH02,1.0
ATOTIM,IDIWOH03,1.0
ATOTIM,JUMCOL,1.0
ATOTIM,IXODUV,1.0
ATOTIM,IXOFAD,1.0
ATOTIM,IXOFEH,1.0
ATOTIM,IXOFIL,1.0
ATOTIM,IXOFOR,1.0
ATOTIM,IXOFUX,1.0
ATOTIM,IXOFUX01,1.0
ATULIM,PASGEX02,0.6464285850524902
ATULIM,PASGIB02,0.6464285850524902
ATULIM,PASGIB03,0.6464285850524902
ATULOS,UDONIN,0.7600000500679016
ATULOS,MUVJET,0.6428571343421936
ATULOS,QUDGED,0.6142857670783997
ATURIS,JEMPEZ,1.0
ATURIS,JEMPID,1.0
ATURIS,ENIHUG,0.8999999761581421
ATURIS,ENIHUG01,0.8999999761581421
ATUXEU,KUCDOD,0.8999999761581421
ATUXEU,GOXGAD,0.8999999761581421
ATUXEU,EJORAY,0.8999999761581421
AVAGIP,AVAGUB,1.0
AVAGIP,XUYDIF,0.5499999523162842
AVAGIP,QAPPON,0.5218750238418579
AVAGUB,XUYDIF,0.5499999523162842
AVAGUB,QAPPON,0.5218750238418579
AVAJUE02,XAFFUH,1.0
AVAJUE02,XAFFOB,1.0
AVAJUE02,AVAKAL02,1.0
AVAJUE02,OXOZUY,0.8999999761581421
AVAKAL02,XAFFUH,1.0
AVAKAL02,XAFFOB,1.0
AVAKAL02,ZUYHIM,0.8999999761581421
AVAKEP02,QOWRAV11,0.5935484170913696
AVAKEP02,QOWRAV12,0.5935484170913696
AVAKEP02,QOWRAV08,0.5935484170913696
AVAQAP,ZEDVOV,1.0
AVAQAP01,WOCGUR,0.8999999761581421
AVAQAP01,MEGPAR,0.6684210300445557
AVAQAP01,OXIXIE,0.6625000238418579
AVAQAP01,ISAKUK,0.5086956024169922
AVAQET,YIXFIW,1.0
AVAQET,HELNIY,1.0
AVAQET,ZEDVUB,1.0
AVAQIX,UMAQAC,1.0
AVAQIX,SIVVAW,1.0
AVAQIX,KEJHIQ,1.0
AVAQIX,CESNUM,1.0
AVAQIX,UMABIV,1.0
AVAQIX01,UMAQAC,1.0
AVAQIX01,SIVVAW,1.0
AVAQIX01,KEJHIQ,1.0
AVAQIX01,KEJBOQ,1.0
AVAQIX01,NEBTAS,1.0
AVAQIX01,OTIPEO,1.0
AVAQIX01,RIGHAR,1.0
AVAQIX01,ROCZAM,1.0
AVAQIX01,ROCZEQ,1.0
AVAQIX01,TOFQEM,1.0
AVAXIF,QOTFAH,0.8999999761581421
AVAXIF,IDAXIW,0.8999999761581421
AVAXIF,PUFXIY,0.8999999761581421
AVAXIF,NIZDAC,0.5285714268684387
AVAXIF,PUFXIY01,0.8999999761581421
AVELOD,NAVLIG,1.0
AVELOD,RULVUP,1.0
AVELOD,QAGTOH,1.0
AVELOD,IXOSUL,0.6299999952316284
AVELOD,IXOTAS,0.6299999952316284
AVELOD,NATNOM,0.4374999701976776
AVELOD,XEDXOW,0.8999999761581421
AVELUJ,AVEMAQ,1.0
AVELUJ,RULVUP,0.8999999761581421
AVELUJ,QAGTOH,0.8999999761581421
AVEMAQ,RULVUP,0.8999999761581421
AVEMAQ,QAGTOH,0.8999999761581421
AVEMAQ,DEZCER,0.8999999761581421
AVEQID,ZEJFAY,1.0
AVEQID,GAFROX,0.7428571581840515
AVEROJ,LIHSAX,1.0
AVEROJ,LIHSEB,1.0
AVEROJ,AVESIE,1.0
AVERUP,LIHSAX,1.0
AVERUP,LIHSEB,1.0
AVERUP,AVESIE,1.0
AVESAW,LIHSAX,1.0
AVESAW,LIHSEB,1.0
AVESAW,AVESIE,1.0
AVESAW,MISKUV,0.8999999761581421
AVESAW,TISLIR,1.0
AVESEA,LIHSAX,1.0
AVESEA,LIHSEB,1.0
AVESEA,AVESIE,1.0
AVESEA,EZABEN,1.0
AVESEA,GAWHOD,1.0
AVESEA,LIHROK,1.0
AVESEA,LIHRUQ,1.0
AVESEA,SINXIY,1.0
AVESIE,LIHSAX,1.0
AVESIE,LIHSEB,1.0
AVESIE,KAPNUM,1.0
AVESIE,MUPYUS,1.0
AVESOL,YOVCAP,1.0
AVESOL,MULXOI,1.0
AVESOL,QUQFIS,1.0
AVESOL,XOMHEO,1.0
AVESUR,QUQFOY,1.0
AVESUR,MULXUO,1.0
AVESUR,DUWBEE,0.9437500238418579
AVETAY,XUVQIQ,0.8999999761581421
AVETAY,XUVQOW,0.8999999761581421
AVETAY,IJEVIE,0.8999999761581421
AVETAY,TATPOV,0.7954545021057129
AVETEC,TATPOV,0.6230769157409668
AVETEC,HANWAW,0.6230769157409668
AVETEC,XUVQIQ,0.6100000143051147
AVETUS02,VICYOX,1.0
AVETUS02,AVEVAA02,1.0
AVETUS02,AVEVII02,0.8999999761581421
AVETUS02,TOYKAV,0.8999999761581421
AVEVAA02,VICYOX,1.0
AVEVAA02,AVEVII02,0.8999999761581421
AVEVAA02,AVEVEE02,0.8999999761581421
AVEVEE02,TOYKAV,1.0
AVEVEE02,AVEVII02,0.8999999761581421
AVEVEE02,NEJQAX,0.8999999761581421
AVEVII02,NEJQAX,1.0
AVEVII02,VICYOX,0.8999999761581421
AVEVOO02,WEYQAU13,0.6684210300445557
AVEVOO02,WEYQAU14,0.6684210300445557
AVEVOO02,WEYQAU10,0.6684210300445557
AVIHIY,SEHSOO,1.0
AVIHIY,NIGGAM,1.0
AVIHIY,PUNYED,0.8999999761581421
AVIHIY,BEQJOZ,0.5695652365684509
AVIHOE,NIGGEQ,1.0
AVIHOE,RUFMUA,0.8999999761581421
AVIHOE,JALLOA,0.8999999761581421
AVILAT,VEGYIR,1.0
AVILAT,VEGXIQ,1.0
AVILAT,VEGXIQ01,1.0
AVILAT,DOTVUF,1.0
AVILAT,VUKHOZ,0.8999999761581421
AVILAT,XOCREP,1.0
AVIMIC,AVIMOI,1.0
AVIMIC,REYCUV,0.9035714268684387
AVIMIC,REYCEF,0.9035714268684387
AVIMIC,AVIMUO,0.8999999761581421
AVIMOI,REYCUV,0.9035714268684387
AVIMOI,REYCEF,0.9035714268684387
AVIMOI,AVIMUO,0.8999999761581421
AVIMUO,QOKCAV,0.9035714268684387
AVIPAX,NABMUA,1.0
AVIPAX,AVIPOL,1.0
AVIPAX,NABMUA01,1.0
AVIPOL,NABMUA,1.0
AVIPOL,NABMUA01,1.0
AVITUU,AVIVEG,0.8999999761581421
AVITUU,AVIVAC,0.8999999761581421
AVITUU,AVIVUW,0.8999999761581421
AVIVAC,AVIVEG,1.0
AVIVAC,AVIVOQ,1.0
AVIVAC,AVIVUW,1.0
AVIVEG,AVIVOQ,1.0
AVIVEG,AVIVUW,1.0
AVIVOQ,AVIVUW,1.0
AVIVUW,MIRKIK,0.3297872245311737
AVOFUM,MIBQAR16,0.8999999761581421
AVOFUM,MIBQAR17,0.8999999761581421
AVOFUM,MIBQAR09,0.8999999761581421
AVOFUM,NIWQIV,0.8999999761581421
AVOFUM,WEXZIJ01,0.3739130198955536
AVOGAT,NOKDOG,1.0
AVOGAT,AVOGEX,1.0
AVOGAT,AVOGAT01,1.0
AVOGAT,HOZFAF,0.8999999761581421
AVOGAT,WOHPIU,0.8999999761581421
AVOGAT01,NOKDOG,1.0
AVOGAT01,AVOGEX,1.0
AVOGAT01,DURKOR,0.41034480929374695
AVOGAT01,LATCIV,0.8999999761581421
AVOGEX,NOKDOG,1.0
AVOGEX,TEBFUD,0.8999999761581421
AVOGEX,WEXZIJ01,0.3739130198955536
AVOGEZ,WAKCUJ,0.6749999523162842
AVOGEZ,TOTVUV,0.4176470637321472
AVOGEZ,FUMQIP,0.4176470637321472
AVOGEZ,XAKRUY,0.3675675690174103
AVOGID,BINBIM,0.48571428656578064
AVOGID,TUMRIE,0.4634615182876587
AVOGID,FUJRIM,0.4272727370262146
AVOQOT,UDEPIE,0.8999999761581421
AVOQOT,WIPKAJ,0.8999999761581421
AVOQOT,BADNOM,0.8999999761581421
AVOQOT,HEWWAK,0.6307692527770996
AVUCEA,HURGEH,1.0
AVUCEA,VEMTAJ01,1.0
AVUCEA,JEDVUM,1.0
AVUCEA,FAHGAY,0.8999999761581421
AVUDAX,COWKAB,0.7749999761581421
AVUDAX,EVINON,0.6749999523162842
AVUDAX,OQIQUB,0.6142857670783997
AVUDAX,PODJAV,0.44999998807907104
AVUFED,AVUFED01,1.0
AVUFED,KIFGAJ,0.8999999761581421
AVUFED,DUNXUH15,0.8999999761581421
AVUFED,XOGCIG,0.4000000059604645
AVUFED01,KIFGAJ,0.8999999761581421
AVUFED01,DUNXUH15,0.8999999761581421
AVUFED01,XOGCIG,0.4000000059604645
AVUKUY,AVULAF,1.0
AVUKUY,AWEYUX,1.0
AVUKUY,AWEZEI,1.0
AVUKUY,AVULEJ,1.0
AVUKUY,AWEZAE,1.0
AVULAF,AWEYUX,1.0
AVULAF,AWEZEI,1.0
AVULAF,ICIZOL,0.40789473056793213
AVULAF,UMUSUS,0.6157894730567932
AVULAF,UMUTED,0.6157894730567932
AVULAF,XULHOC,0.4599999785423279
AVULEJ,AWEYUX,1.0
AVULEJ,AWEZEI,1.0
AVUPIR,AVUPOX,1.0
AVUPIR,HUYQAU,0.8999999761581421
AVUPIR,QOVDAH,0.8999999761581421
AVUPOX,HUYQAU,0.8999999761581421
AVUPOX,QOVDAH,0.8999999761581421
AVUPOX,SOTTUR,0.8999999761581421
AVUYAR,SIWNES,0.8999999761581421
AVUYAR,SIWNIW,0.8999999761581421
AVUYAR,KAKDAC,0.8999999761581421
AVUYAR,NUQYIH,0.8999999761581421
AVUYAR,QEKDOA,0.8999999761581421
AVUYAR,WOCFUR,0.8999999761581421
AVUYAR,XELHUS,0.8999999761581421
AWAREV,IFELAH,0.8999999761581421
AWAREV,COMHUI,0.8999999761581421
AWAREV,IFEKIO,0.8999999761581421
AWAREV,CUGYOU,0.8999999761581421
AWAREV,GUQNAI,0.3423076868057251
AWARIZ,AWAROF,1.0
AWARIZ,VEWHIQ,1.0
AWARIZ,MAXHOJ01,0.8999999761581421
AWARIZ,MAXHOJ02,0.8999999761581421
AWAROF,VEWHIQ,1.0
AWAROF,MAXHOJ01,0.8999999761581421
AWAROF,JOFKIA,0.4285714328289032
AWAROF,MELHOB,0.8999999761581421
AWEJAO,VAYDEG,0.8999999761581421
AWEJAO,ZEDQEG,0.8999999761581421
AWEJAO,IDEDAY,0.8999999761581421
AWEJAO,ZEDRAD,0.8999999761581421
AWEJES,NIRROY,1.0
AWEJES,PUGSER,0.9142857193946838
AWEJIW,DELGIN,1.0
AWEJIW,HEKTUO,0.9142857193946838
AWEJIW,IYAZAL,0.9142857193946838
AWELAP,WEBKAS,0.8999999761581421
AWELAP,KIYBEZ01,0.5
AWELAP,BECDAP,0.5
AWELAP,DUXBAA,0.3675675690174103
AWELAP,WIMPAJ,0.5
AWEMUL,YAYPIZ,0.8999999761581421
AWEMUL,YAYPEV,0.8999999761581421
AWEMUL,DUZNET,0.8999999761581421
AWEMUL,VUMCUC,0.22857144474983215
AWEMUL,WOPJOA,0.7157894968986511
AWENAT02,WEJPOT,0.6225806474685669
AWENAT02,UWALEL,0.6225806474685669
AWENAT02,ENIHUG,0.5909091234207153
AWEVIJ,IJISOK,0.5142857432365417
AWEVIJ,QAFHEN,0.5090909004211426
AWEVIJ,NUHPAI,0.47894734144210815
AWEWUV,LIKZAJ,0.7677419781684875
AWEWUV,LIKZEN,0.7677419781684875
AWEWUV,KEVKAA,0.6677419543266296
AWEWUV,GIVVUF,0.5736842155456543
AWEWUV,GIVWAM,0.5736842155456543
AWEWUV,LECFIK,0.5153846144676208
AWEYAE,HEDCAW,1.0
AWEYAE,POMXIA,1.0
AWEYAE,POKZIA,1.0
AWEYAE,VOPTAX,0.4692307710647583
AWEYUX,AWEZEI,1.0
AWEYUX,AWEZAE,1.0
AWEYUX,YIQBAB,0.364705890417099
AWEZAE,AWEZEI,1.0
AWEZEI,ICIZOL,0.40789473056793213
AWEZEI,UMUSUS,0.6157894730567932
AWEZEI,UMUTED,0.6157894730567932
AWEZOS,AWIBAK,1.0
AWEZOS,AWEZOS01,1.0
AWEZOS,YUHNAS,0.647826075553894
AWEZOS01,AWIBAK,1.0
AWEZOS01,YUHNAS,0.647826075553894
AWIBAK,YUHNAS,0.647826075553894
AWIBAK,MUGQAI,0.5679999589920044
AWIBAK,RANLAV,0.5875000357627869
AWIBAL,AWIBEP,1.0
AWIBAL,LIXXAS,0.8999999761581421
AWIBAL,SONTEV,0.8999999761581421
AWIBAL,IJATOC,0.8999999761581421
AWIBEO,MOJDIA,1.0
AWIBEO,AWIBIS,1.0
AWIBEO,XINLEO,0.6785714030265808
AWIBEP,LIXXAS,0.8999999761581421
AWIBEP,SONTEV,0.8999999761581421
AWIBEP,RUSSII,0.8999999761581421
AWIBIS,MOJDIA,1.0
AWIBIS,XINLEO,0.6785714030265808
AWOFOI,JALLOA,1.0
AWOFOI,DOTSOV07,0.8999999761581421
AWOFOI,DOTSOV11,0.8999999761581421
AWOFOI,BIQVII,0.48076921701431274
AWOJOM,DIXBET01,0.8999999761581421
AWOJOM,DINYEG01,0.8999999761581421
AWOJOM,DIXBET,0.8999999761581421
AWOJOM,DINYEG,0.8999999761581421
AWOJOM,PICXOR,0.8137931227684021
AWOSIQ,ZEJDAV,0.8999999761581421
AWOSIQ,TOBHAT,0.5049999952316284
AWOSIQ,PEDMER,0.44285714626312256
AWUROZ,EFOREY,0.8999999761581421
AWUROZ,WEQBAY,0.5571428537368774
AWUROZ,GAXNEA,0.5571428537368774
AWUROZ,EFORUO,0.46799996495246887
AWUROZ,PILPOS,0.2800000011920929
AWUROZ,WUFFUZ,0.4124999940395355
AXAWUT,YOCMAF,0.8999999761581421
AXAWUT,LEPLEZ01,0.8999999761581421
AXAWUT,MESNML,0.8999999761581421
AXICOB,MENFAP,0.9099999666213989
AXICOB,KASPIF,0.7300000190734863
AXICOB,SOTZOR,0.5699999928474426
AXICOB,KASPOL,0.550000011920929
AXIGAR,HAWVOQ02,1.0
AXIGAR,HAWVOQ03,1.0
AXIGAR,KEQMAX,1.0
AXIMUP,TOJDAY,0.8999999761581421
AXIMUP,WUHHUC,0.8999999761581421
AXIMUP,WUHJAK,0.8999999761581421
AXINAX01,DIBQIQ,1.0
AXINAX01,DIBQEM,1.0
AXINAX01,DIBQOW,1.0
AXINIF,DIBQIQ,1.0
AXINIF,DIBQEM,1.0
AXINIF,DIBQOW,1.0
AXITAD,VOZHEX,0.8999999761581421
AXITAD,IPUSER,0.8999999761581421
AXITAD,UGUNOZ,0.8999999761581421
AXITAD,EVUDEE,0.37209299206733704
AXITAD,NENRIK,0.4829268455505371
AXOBIA,KMTSUL01,0.8999999761581421
AXOBIA,AXOCEX,0.8999999761581421
AXOBIA,AXOCAT,0.8999999761581421
AXOCAT,AXOCEX,0.8999999761581421
AXOCAT,KMTSUL01,0.8999999761581421
AXOCEW,XEGWIS,1.0
AXOCEW,XEGWUE,1.0
AXOCEW,KAHMOW,1.0
AXOCEW,XEGWAK,1.0
AXOCEW,XEGXAL,1.0
AXOCEW,XEGXIT,1.0
AXOCEW,XEGXUF,1.0
AXOCEW,XEGYEQ,1.0
AXOCEX,KMTSUL01,0.8999999761581421
AXOFOJ,AXOFOJ01,1.0
AXOFOJ,YOXXUG01,0.6142857670783997
AXOFOJ,WUVMAB01,0.6142857670783997
AXOFOJ,YEHDAS,0.48000001907348633
AXOFOJ01,YOXXUG01,0.6142857670783997
AXOFOJ01,WUVMAB01,0.6142857670783997
AXOFOJ01,YEHDAS,0.48000001907348633
AXOVAL,SUTBUF,0.8999999761581421
AXOVAL,NEMSOP,0.8999999761581421
AXOVAL,AXOVIT,0.8999999761581421
AXOVAL,SOQSAU,0.8999999761581421
AXOVAL,SOQSAU01,0.8999999761581421
AXOVIT,BEWSOO,0.918181836605072
AXOVIT,BEWSUU,0.918181836605072
AXOVIT,UKUPIB,0.918181836605072
AXOVIT,NEMSOP,0.8999999761581421
AXOVIT,SUTBOZ,0.8999999761581421
AXOVIT,SUTBUF,0.8999999761581421
AXUBAW,ZOMPAU,0.5142857432365417
AXUBAW,NACKOT01,0.5142857432365417
AXUBAW,ZOMPAU01,0.5142857432365417
AXUKUB,AXULAI,1.0
AXUKUB,AXULEM,1.0
AXUKUB,NABLIM,0.7352941632270813
AXULAI,AXULEM,1.0
AXULAI,NABLIM,0.7352941632270813
AXULEM,KUJMIN,0.7352941632270813
AXUVEW,LABQOV,0.550000011920929
AXUVEW,GULWIU,0.550000011920929
AXUVEW,GULWOA,0.550000011920929
AXUZUO,ODIQOJ,1.0
AXUZUO,AYABAD,1.0
AXUZUO,IFOPUO,1.0
AXUZUO,KAYCAQ,0.8999999761581421
AYABAD,ODIQOJ,1.0
AYABAD,IFOPUO,1.0
AYABAD,KAYCAQ,0.8999999761581421
AYABEH,GEVMEA01,1.0
AYABEH,GEVMEA,1.0
AYABEH,JOSTIU,1.0
AYABEH,SAJLAT,1.0
AYAVON,TIVFEK,0.8999999761581421
AYAVON,XAGCIS01,0.8999999761581421
AYAVON,TIQGEG01,0.8999999761581421
AYAVON,FATHAM,0.4714285731315613
AYAVON,PUFWIX,0.8999999761581421
AYIVIO,BARKOV,0.5
AYIVIO,MIJLUN,0.4034482538700104
AYIVIO,BARJUA,0.4000000059604645
AYONOT,ROLCEC14,1.0
AYONOT,ROLCEC13,1.0
AYONOT,ROLCEC19,1.0
AYOQEM,OWIFAD,0.8999999761581421
AYOQEM,UYUGAY,0.695454478263855
AYOQEM,WORREC,0.6571428775787354
AYOREN,BOKQEZ,0.8999999761581421
AYOREN,INOMOP01,0.8999999761581421
AYOREN,PASMOO,0.8999999761581421
AYOSIS,KIQZIW,0.40857142210006714
AYOSIS,CIWNIH,0.3911764621734619
AYOSIS,KOGBUF,0.3571428656578064
AYOSIS,MEKYAF,0.3085714280605316
AYOZIZ,ZESFEL,1.0
AYOZIZ,XISDOU,1.0
AYOZOF,DUGDUG,1.0
AYOZOF,QAVBUL,1.0
AYOZOF,MUGXIX,1.0
AYOZOF,DAKZUN,1.0
AYOZOF,XISDIO,1.0
AYOZOF,ZIJSAO,1.0
AYOZUL,DIBQOW,0.8999999761581421
AYOZUL,TISHAF,0.8999999761581421
AYUFIL,ZOMKAP01,0.8999999761581421
AYUFIL,ZOMPAU01,0.8999999761581421
AYUFIL,NOGCAO,0.8999999761581421
AYUFIL,GUBKUL,0.8999999761581421
AYUFIL,IMEZOQ,0.4000000059604645
AYUJIP,DIHPIU,0.44999998807907104
AYUJIP,YAQCEY,0.446153849363327
AYUJIP,KAFQAL,0.446153849363327
AYUWUM,WADKAO,0.5274999737739563
AYUWUM,HEPLOG,0.3829787075519562
AYUWUM,HEPQOL,0.3829787075519562
AZADUC,AZAFEO,1.0
AZADUC,AZAFIS,1.0
AZADUC,HIVSIQ,0.8999999761581421
AZAFEO,AZAFIS,1.0
AZAFEO,HIVSIQ,0.8999999761581421
AZAFIS,HIVSIQ,0.8999999761581421
AZAVUU,CEFNIN,0.949999988079071
AZAVUU,OFOJAX,0.8999999761581421
AZAVUU,IXETEM,0.8499999642372131
AZAVUU,CEFNOT,0.7652174234390259
AZAVUU,KADLOT,0.4937499761581421
AZAVUU,NIKHAS,0.7649999856948853
AZAVUU,QOWQUO,0.5153846144676208
AZAYAD,ZEKRIS,1.0
AZAYAD,MICJOA,0.8999999761581421
AZAYAD,DUDKUK,0.8999999761581421
AZAYEH,BAZBOW,0.8999999761581421
AZAYEH,MOHLIF,0.8999999761581421
AZAYEH,RIDCEN,0.8999999761581421
AZAYEH,FIRTIL,0.665217399597168
AZAYEH,VIBLAW,0.8999999761581421
AZEBUE,CIYZEQ,1.0
AZEBUE,SOKKUZ,0.8999999761581421
AZEBUE,LIBNIU,0.8999999761581421
AZIHOI,SIDXOV,1.0
AZIHOI,FEVDER,1.0
AZIHOI,BAKJII,0.925000011920929
AZILEA,GAJZAU,1.0
AZILEA,KUQWIE,0.8999999761581421
AZILEA,YOXKEC,0.8999999761581421
AZILEA,GAJZUO,0.8999999761581421
AZIMIH,FABFOF,1.0
AZIMIH,RIGTIL,1.0
AZIMIH,QOBGEV,1.0
AZIMIH,KUHNIM,1.0
AZIVAI,CECHAW,1.0
AZIVAI,SAZQEQ,0.8999999761581421
AZIVAI,MURFIQ,0.8999999761581421
AZIVAI,CAYSIE,0.8999999761581421
AZIVAI,CAYSOK,0.8999999761581421
AZIXIR,DIXBET01,0.6454545855522156
AZIXIR,DIXBET,0.6454545855522156
AZIXIR,PICXOR,0.6299999952316284
AZIXIR,UNOGOU,0.6181818246841431
AZIXUD,UJATEF,0.8999999761581421
AZIXUD,UJAQEC,0.8999999761581421
AZIXUD,UJAQIG,0.8999999761581421
AZIXUD,HEZKIH,0.757692277431488
AZIXUD,MOWMOC,0.6785714030265808
AZIXUD,UVUDUM,0.7230769395828247
AZIXUD,UVUFAU,0.7230769395828247
AZIYIR,CETFOX,1.0
AZIYIR,KODPUP,1.0
AZIYIR,EJIDUW01,1.0
AZIYIR,AZIYOX,1.0
AZIYIR,AZIYOX01,1.0
AZIYIR,AZIYOX02,1.0
AZIYIR,OCUGEZ,1.0
AZIYIR,OCUGEZ01,1.0
AZIYOX,KODPUP,1.0
AZIYOX,AZIYOX01,1.0
AZIYOX,AZIYOX02,1.0
AZIYOX,EJIDUW01,1.0
AZIYOX,EJIDUW02,1.0
AZIYOX01,KODPUP,1.0
AZIYOX01,JEMQEY,0.925000011920929
AZIYOX02,KODPUP,1.0
AZIYOX02,LEGREU,0.8999999761581421
AZOCAU,PABXAT,1.0
AZOCAU,GUDFER,0.8999999761581421
AZOCAU,PIZPIX02,0.8999999761581421
AZOCAU,DOYBEA,0.8999999761581421
AZPYCD,JISGOH,0.8999999761581421
AZPYCD,JEBHAC,0.2454545497894287
AZPYCD,HACPOR,0.21250000596046448
AZUCED,NIDCOS,0.8999999761581421
AZUCED,ONUQOE,0.8999999761581421
AZUCED,ODOMIF,0.5875000357627869
AZUCED,LASBIS,0.550000011920929
BABCUE,QIQFIH,0.8999999761581421
BABCUE,DUXMAL,0.6914286017417908
BABCUE,PIVHEK,0.6454545855522156
BABCUE,NUJGEG,0.48571428656578064
BABCUE,VAKBIU,0.38867923617362976
BABREE,DALSOA,1.0
BABREE,YUBHAG,0.8999999761581421
BABREE,NOHFEX,0.8999999761581421
BABREE,RAXGEE,0.7941176295280457
BABRII,VOLRAQ,1.0
BABRII,VOLQUJ,1.0
BABRII,JENKIX,1.0
BABRII,ERIRIG,1.0
BABRII,NENFEU,0.8999999761581421
BABRII,OVOKOB,0.49512192606925964
BABRII,QEBKUF,0.804347813129425
BABRII,VOLQOD,1.0
BABRII,WOSZEL,1.0
BABRII,YAMYUJ,0.5628571510314941
BABTOP,VOCTOW,0.5142857432365417
BABTOP,POPMUE,0.5142857432365417
BABTOP,MESNML,0.5142857432365417
BABTOP,HEFXAR,0.48000001907348633
BABTOP,JEBHAC,0.3176470696926117
BACZIR,ECOLOZ,0.5049999952316284
BACZIR,QASYUH,0.4681817889213562
BACZIR,CUYDEG,0.44999998807907104
BADHIA,GATHAL,1.0
BADHIA,BADJIC,1.0
BADHIA,SUXTAI,1.0
BADHOG,GATHAL,1.0
BADHOG,BADJIC,1.0
BADHOG,SUXTAI,1.0
BADHOG,TAJTAC,1.0
BADHOG,TAJTAC01,1.0
BADHOG,TAJTIK,1.0
BADHOG,TAJTOQ,1.0
BADHUM,GATHAL,1.0
BADHUM,BADJIC,1.0
BADHUM,SUXTAI,1.0
BADHUM01,GATHAL,1.0
BADHUM01,BADJIC,1.0
BADHUM01,SUXTAI,1.0
BADHUM01,TAJTAC,1.0
BADHUM01,TAJTAC01,1.0
BADHUM01,TAJTIK,1.0
BADHUM01,TAJTOQ,1.0
BADJAU,GATHAL,1.0
BADJAU,BADJIC,1.0
BADJAU,SUXTAI,1.0
BADJAU,VASKOR,1.0
BADJIC,GATHAL,1.0
BADJIC,SUXTAI,1.0
BADJIC,CAVMUJ,1.0
BADJIC,CAVMUJ01,1.0
BADJIC,CAVMUJ02,1.0
BADJIC,VASKOR,1.0
BADNOM,UDEPIE,0.8999999761581421
BADNOM,WIPKAJ,0.8999999761581421
BADZAK,MIBQAR11,1.0
BADZAK,MIBQAR13,1.0
BADZAK,MIBQAR04,1.0
BAEDTA01,TAHFUF,1.0
BAEDTA01,HACVAI01,0.8999999761581421
BAEDTA01,WEKYES,0.8999999761581421
BAEDTA01,HACVAI,0.8999999761581421
BAFCAP,NINDEW,0.5875000357627869
BAFCAP,FIVXUG,0.5823529362678528
BAFCAP,QAKQEB,0.5679999589920044
BAFCAP,ENAXEY,0.35999998450279236
BAFHIC,BAFHOI,1.0
BAFHIC,XAWDUX01,0.8999999761581421
BAFHIC,XAWDUX,0.8999999761581421
BAFHIC,DIRTEG,0.8999999761581421
BAFHOI,XAWDUX01,0.8999999761581421
BAFHOI,SOCJUR,0.8999999761581421
BAFHOI,SOCKAY,0.8999999761581421
BAFHOI,SOCKEC,0.8999999761581421
BAFORM,MEHRUN,1.0
BAFORM,DADTUY10,0.8999999761581421
BAFORM,SIRBIG04,0.8999999761581421
BAFQOQ,BAFREH,0.8999999761581421
BAFQOQ,BAFQUW,0.8999999761581421
BAFQOQ,QUJGAE,0.8999999761581421
BAFQOQ,BARKUD,0.8999999761581421
BAFQUW,ZAJKED,0.8999999761581421
BAFQUW,BOVQUZ,0.8999999761581421
BAFQUW,BARKUD,0.8999999761581421
BAFQUW,EMIHAK,0.43548384308815
BAFRAD,BARKUD,0.8999999761581421
BAFRAD,GUSWEX,0.8999999761581421
BAFRAD,ZAJKED,0.8999999761581421
BAFRAD,DULVEM,0.8999999761581421
BAFRAD,DULVEM02,0.8999999761581421
BAFREH,QUJFUX,0.8999999761581421
BAFREH,GUSWIB,0.8999999761581421
BAFREH,GUSWEX,0.8999999761581421
BAFREH,QUJGAE,0.8999999761581421
BAHGUN,POFFEX,1.0
BAHGUN,BAHGUN01,1.0
BAHGUN,POFDEV,1.0
BAHGUN,BAHGUN02,1.0
BAHGUN,BAHGUN03,1.0
BAHGUN,BAHGUN04,1.0
BAHGUN,EGOZAB,1.0
BAHGUN,POFDIZ,1.0
BAHGUN,POFDOF,1.0
BAHGUN,POFDUL,1.0
BAHGUN,POFFAT,1.0
BAHGUN,QERZUI,1.0
BAHGUN,QERZUI01,1.0
BAHGUN,QIWQES,1.0
BAHGUN01,POFFEX,1.0
BAHGUN01,POFDEV,1.0
BAHGUN02,POFFEX,1.0
BAHGUN02,POFDEV,1.0
BAHGUN02,ECODIK,1.0
BAHGUN02,HAWZEM,1.0
BAHGUN02,UFUMUD,1.0
BAHGUN02,UFUMUD01,1.0
BAHGUN02,UFUMUD02,1.0
BAHGUN02,UFUNAK,1.0
BAHGUN02,UFUNIS,1.0
BAHGUN02,UGEPEB,1.0
BAHGUN02,UGEPEB01,1.0
BAHGUN02,VOJPUG01,1.0
BAHGUN03,POFFEX,1.0
BAHGUN03,POFDEV,1.0
BAHGUN04,POFFEX,1.0
BAHGUN04,POFDEV,1.0
BAHNEG,FOSRIP,0.6884615421295166
BAHNEG,CEJSUG,0.6428571343421936
BAHNEG,HORHAX,0.48076921701431274
BAHOXH13,BAOXAL03,1.0
BAHOXH13,BALMUW,1.0
BAHOXH13,BAOXAL,1.0
BAKGEB,VAHWOS01,0.8666666746139526
BAKGEB,VAHWOS02,0.8666666746139526
BAKGEB,TUFWUN,0.8666666746139526
BAKGEB,VIJYUL,0.8090909123420715
BAKJEE,BAKJOO,1.0
BAKJEE,BAKJII,1.0
BAKJEE,CANYIB,1.0
BAKJEE,JALNUI,0.8999999761581421
BAKJEE,SIDXUB,0.6516129374504089
BAKJEE,TIDNIF,1.0
BAKJEE,VOJGOS,0.8999999761581421
BAKJII,BAKJOO,1.0
BAKJII,CANYIB,1.0
BAKJII,LIDSIC,1.0
BAKJII,QEBGAH,0.6447368860244751
BAKJII,QEBGEL,0.6447368860244751
BAKJII,XEMROZ,0.5
BAKJOO,CANYIB,1.0
BAKJOO,JALNUI,0.8999999761581421
BAKJOO,LIDSIC,1.0
BAKJOO,VOJGOS,0.8999999761581421
BAKJOO,XEMROZ,0.5
BAKLIK,COHJEP,0.5052631497383118
BAKLIK,FELRUL,0.38867923617362976
BAKLIK,MONFEC,0.3333333134651184
BAKWIV,PUCTEN,1.0
BAKWIV,XAHZAI01,0.8999999761581421
BAKWIV,REGLOG,0.8999999761581421
BALFAV01,BALFAV04,1.0
BALFAV01,BALFAV03,1.0
BALFAV01,BALFAV02,1.0
BALFAV01,IBEVUG,0.550000011920929
BALFAV02,BALFAV04,1.0
BALFAV02,BALFAV03,1.0
BALFAV02,IBEVUG,0.550000011920929
BALFAV03,BALFAV04,1.0
BALFAV03,IBEVUG,0.550000011920929
BALLOP,CUSYIA,1.0
BALLOP,CUTMAH,1.0
BALLOP,CUSZEX,1.0
BALLOP,FAFJAZ,0.4521738886833191
BALLOP,VUSNUT,0.4521738886833191
BALMUW,BAOXAL03,1.0
BALMUW,QQQBNA11,1.0
BALMUW,BAOXAL,1.0
BALMUW,BAOXAL02,1.0
BALMUW,YAMBIZ,1.0
BALMUW01,BAOXAL03,1.0
BALMUW01,QQQBNA11,1.0
BALMUW01,BAOXAL,1.0
BALMUW01,DUJQUW,0.8999999761581421
BALNAG,SUTBIT,0.6100000143051147
BALNAG,BIBXUH,0.6100000143051147
BALNAG,KERFOF,0.5846154093742371
BALNAG,LELQOL,0.4634615182876587
BALZEW,GARZIL,1.0
BALZEW,EPOXAJ,0.8999999761581421
BALZEW,LECHUX,0.8999999761581421
BAMHIJ,XEGQOS,0.8999999761581421
BAMHIJ,OXEMOV,0.6806451678276062
BAMMOU,BAMMUA,1.0
BAMMOU,BAMNEL,0.5846154093742371
BAMMOU,BAMNAH,0.5846154093742371
BAMMUA,BAMNEL,0.5846154093742371
BAMMUA,BAMNAH,0.5846154093742371
BAMMUA,YUHMOF,0.5199999809265137
BAMNAH,BAMNEL,1.0
BAMNAH,NUHDUQ,0.8999999761581421
BAMNAH,ZOZBEX,0.8999999761581421
BAMNAH,YUHMOF,0.6000000238418579
BAMNAH,ZOZBAT,0.8999999761581421
BAMNEL,NUHDUQ,0.8999999761581421
BAMNEL,ZOZBEX,0.8999999761581421
BAMNEL,YUHMOF,0.6000000238418579
BAMWES,LALKIT,1.0
BAMWES,LALKEP,1.0
BAMWES,DEJCEB,0.8999999761581421
BANLUA,VIMNEN,1.0
BANLUA,NAHQIY,1.0
BANLUA,UQUMID,0.8999999761581421
BAOXAL,BAOXAL03,1.0
BAOXAL,YAMBIZ,1.0
BAOXAL02,BAOXAL03,1.0
BAOXAL02,YAMBIZ,1.0
BAOXAL02,WEMCAU,0.8999999761581421
BAOXAL02,WUYPUD,1.0
BAOXAL03,YAMBIZ,1.0
BAOXAL03,QQQBNA11,1.0
BAOXAL03,WUYPUD,1.0
BAPDAA,DUWGEJ,1.0
BAPDAA,COKQEA,0.8999999761581421
BAPDAA,COKPID,0.8999999761581421
BAPKAG,POVTUQ,0.5086956024169922
BAPKAG,GOFDAH,0.4263157844543457
BAPKAG,CITWUY,0.4263157844543457
BAQMOW,FAMTAO,1.0
BAQMOW,BAQXOG01,1.0
BAQMOW,BAQXOG,1.0
BAQMOW,BAQXOG02,1.0
BAQMOW,BAQXOG03,1.0
BAQMOW,VORBIO,1.0
BAQMOW,XEYYUV,0.8999999761581421
BAQMUC,FAMSUH,1.0
BAQMUC,FAFMAA,1.0
BAQMUC,YUHVEE,1.0
BAQMUC,QUMSOH,0.8999999761581421
BAQXAU,KAVSIL,0.8999999761581421
BAQXAU,ICEGED,0.8999999761581421
BAQXAU,VAHWOS,0.8999999761581421
BAQXAU,ZIWQII,0.7548386454582214
BAQXOG,FAMTAO,1.0
BAQXOG,BAQXOG01,1.0
BAQXOG,BAQXOG02,1.0
BAQXOG,BAQXOG03,1.0
BAQXOG,HUKZES,1.0
BAQXOG,VORBIO,1.0
BAQXOG01,FAMTAO,1.0
BAQXOG01,HUKZES,1.0
BAQXOG02,FAMTAO,1.0
BAQXOG02,VORBIO,1.0
BAQXOG03,FAMTAO,1.0
BAQXOG03,FIJBUV,0.8999999761581421
BAQXOG03,FIJBUV01,0.8999999761581421
BAQXOG03,HUKZES,1.0
BAQXOG03,WACBEI,0.8999999761581421
BARHUY,BARKEL,0.8999999761581421
BARHUY,FIBXAS,0.8999999761581421
BARHUY,BARJAG,0.8999999761581421
BARHUY,BARKIP,0.8999999761581421
BARHUY,QUTBOY,0.4000000059604645
BARJAG,BARKIP,0.8999999761581421
BARJAG,FIBXAS,0.8999999761581421
BARJAG,BARKEL,0.8999999761581421
BARJIO,NOQCED,0.8999999761581421
BARJIO,NEZQAN,0.3181818127632141
BARJIO,JIYKIO,0.3181818127632141
BARJUA,BARKOV,0.8999999761581421
BARJUA,MIJLUN,0.6040000319480896
BARJUA,OGALAK01,0.5
BARJUA,WAZSUL,0.40731707215309143
BARKEL,FIBXAS,0.8999999761581421
BARKEL,BARKIP,0.8999999761581421
BARKIP,FIBXAS,0.8999999761581421
BARKOV,MIJLUN,0.5040000081062317
BARKOV,MUXSAZ,0.10000000149011612
BARKUD,DULVEM,0.8999999761581421
BARKUD,GUSWEX,0.8999999761581421
BARLEO,BARMAL,1.0
BARLEO,EBOVOJ,0.8999999761581421
BARLEO,YAYPEV,0.6157894730567932
BARMAL,EBOVOJ,0.8999999761581421
BARMAL,YAYPEV,0.6157894730567932
BARMEP,LELRUR,0.8999999761581421
BARMEP,DUZPIZ,0.5571428537368774
BARMEP,DUZPAR,0.5571428537368774
BARZEA,MOBDIR,1.0
BARZEA,MOFGOE,1.0
BARZEA,COXKUW,0.8999999761581421
BARZOL,IMISED,0.35217389464378357
BARZOL,IMIRUS,0.35217389464378357
BARZOL,IMISAZ,0.35217389464378357
BARZOL,OXEVOE,0.3423076868057251
BASHAF,QIJLAW,1.0
BASHAF,JAKBUV,1.0
BASHAF,GANBAZ,1.0
BASHAF,DANZEX,1.0
BASHEJ,HAWVOQ01,1.0
BASHEJ,HAWVOQ,1.0
BASHEJ,BEXQOL,1.0
BASHEJ,BEXREC,1.0
BASHIN,GANBIH,1.0
BASHIN,JAKBUV,1.0
BASHIN,GANBAZ,1.0
BASHIN,JAKBIJ,1.0
BASHIN,JAKBOP,1.0
BASHIN,JAKBOP01,1.0
BASHIN,KURHIQ,1.0
BASHOT,KEQLUQ,1.0
BASHOT,KEQLUQ01,1.0
BASHOT,BEXQIF,1.0
BASHOT,MAGCEE,0.3117647171020508
BASHOT,MAGCEE01,0.3117647171020508
BASJUB,IKOTEH,1.0
BASJUB,IKOTAD,0.8999999761581421
BASJUB,IKOSUW,0.8999999761581421
BASJUB,OGODUK,0.7199999690055847
BATSIB,MERBOD,0.8999999761581421
BATSIB,YACSAY,0.8999999761581421
BATSIB,LEDQAP,0.8999999761581421
BATSIB,MERBIX,0.8999999761581421
BAVDEH,LILQEC,0.8999999761581421
BAVDEH,MONRAJ,0.4000000059604645
BAVDEH,HIDCOM,0.39374998211860657
BAVDEH,NAVDOF,0.3700000047683716
BAVYEF,XOLFAH,1.0
BAVYEF,FEPGEP,0.9035714268684387
BAVYEF,JUDYIS,0.8999999761581421
BAWRUO,EHOHOY,0.8999999761581421
BAWRUO,QEGPOJ,0.8999999761581421
BAWRUO,QEGQEA,0.8999999761581421
BAWRUO,QEGQAW,0.8999999761581421
BAXFIR,BAXFIR01,1.0
BAXFIR,BAXFUD,1.0
BAXFIR,BAXGAK,1.0
BAXFIR,BAXFIR02,1.0
BAXFIR01,BAXFUD,1.0
BAXFIR01,BAXGAK,1.0
BAXFIR02,BAXFUD,1.0
BAXFIR02,BAXGAK,1.0
BAXFIR02,XOCTUG,0.8999999761581421
BAXFUD,BAXGAK,1.0
BAXFUD,XOCTUG,0.8999999761581421
BAXGAK,MUPTAU,0.8999999761581421
BAXGAK,MUPTAU01,0.8999999761581421
BAXGAK,YOGVEX,0.8999999761581421
BAXGEP,YAFJEX,1.0
BAXGEP,YOZNIM,0.64000004529953
BAXGEP,YOZNAE,0.64000004529953
BAXGEP,GIVVUF,0.5114285945892334
BAXGEP,GIVWAM,0.5114285945892334
BAXGEP,HAQJIV,0.6343750357627869
BAXGEP,MIXBAY,0.48918917775154114
BAXGEP,OZAXUK,0.6100000143051147
BAXLOD,FAMHAE01,0.8999999761581421
BAXLOD,FECYIX,0.8999999761581421
BAXLOD,FAMHAE,0.8999999761581421
BAXSIE,HAFWIW,0.8999999761581421
BAXSIE,KEPMIB,0.8999999761581421
BAXSIE,NIKVAH,0.8999999761581421
BAXSIE,XEVMAM,0.8999999761581421
BAYJEQ,POPMUE,0.8999999761581421
BAYJEQ,YOCMAF,0.8999999761581421
BAYJEQ,EPUJIJ,0.8999999761581421
BAYJEQ,VOCTOW,0.8999999761581421
BAYPUN,HIFVUO,0.8999999761581421
BAYPUN,HIFVUO01,0.8999999761581421
BAYPUN,GITTEJ,0.8999999761581421
BAYPUN,CUIMDZ01,0.8999999761581421
BAYPUN,CUIMDZ03,0.8999999761581421
BAYPUN,XESCOO,0.3142857253551483
BAYQAU,BAYQAU01,1.0
BAYQAU,BAYQAU11,1.0
BAYQAU,OWIGOR,0.8999999761581421
BAYQAU01,BAYQAU11,1.0
BAYQAU01,OWIGOR,0.8999999761581421
BAYQAU03,BAYQAU09,1.0
BAYQAU03,BAYQAU10,1.0
BAYQAU03,BAYQAU06,1.0
BAYQAU03,WEXCEJ,0.8999999761581421
BAYQAU04,BAYQAU09,1.0
BAYQAU04,BAYQAU10,1.0
BAYQAU04,BAYQAU06,1.0
BAYQAU04,WEXCAF,0.8999999761581421
BAYQAU05,BAYQAU09,1.0
BAYQAU05,BAYQAU10,1.0
BAYQAU05,BAYQAU06,1.0
BAYQAU05,BAYQAU07,1.0
BAYQAU05,BAYQAU08,1.0
BAYQAU05,YUWHOO,0.8999999761581421
BAYQAU06,BAYQAU09,1.0
BAYQAU06,BAYQAU10,1.0
BAYQAU07,BAYQAU09,1.0
BAYQAU07,BAYQAU10,1.0
BAYQAU07,WEXCEJ,0.8999999761581421
BAYQAU07,YUWHOO,0.8999999761581421
BAYQAU08,BAYQAU09,1.0
BAYQAU08,BAYQAU10,1.0
BAYQAU09,BAYQAU10,1.0
BAYQAU09,WEXCEJ,0.8999999761581421
BAYQAU10,WEXCAF,0.8999999761581421
BAYQAU11,IMIDZB02,0.8999999761581421
BAYQAU11,IMIDZA,0.8999999761581421
BAYQAU11,LEMVOP,0.8999999761581421
BAZBIQ,ZEGSAI,1.0
BAZBIQ,SAJRUT,1.0
BAZBIQ,ZEGRUB,1.0
BAZBIQ,VITYOO,0.8999999761581421
BAZBOW,TOWPAY,1.0
BAZBOW,RIDCEN,0.8999999761581421
BAZBOW,TEWMUG,0.8999999761581421
BAZBOW,FIRTIL,0.665217399597168
BAZBOW,LIRYET,0.8999999761581421
BAZBOW,WIRCOS,0.8999999761581421
BAZBOW,WISVEB,0.8999999761581421
BAZFUF,BAZFUF01,1.0
BAZFUF,QOWRAV,1.0
BAZFUF,QOWRAV10,1.0
BAZFUF,BAZGAM,1.0
BAZFUF,DAWMUL,0.7480000257492065
BAZFUF,MIXZOK,0.8999999761581421
BAZFUF01,QOWRAV,1.0
BAZFUF01,QOWRAV10,1.0
BAZFUF01,BIPKIW,0.64000004529953
BAZFUF01,HUNCIE,0.7000000476837158
BAZFUF01,KIJRUS,1.0
BAZGAM,QOWRAV,1.0
BAZGAM,QOWRAV10,1.0
BAZGAM,RICBEM,0.7480000257492065
BAZGAM,YUSWEP,0.7749999761581421
BAZJET,BAZJIX,1.0
BAZJET,VEMMIK,0.7545455098152161
BAZJET,MIVFII,0.7088235020637512
BAZJIX,VEMMIK,0.7545455098152161
BAZJIX,MIVFII,0.7088235020637512
BAZVIK,IZUKEV,0.8999999761581421
BAZVIK,PEDMER,0.8999999761581421
BAZVIK,HIQKEZ,0.8999999761581421
BAZVIK,UJULIW,0.6499999761581421
BEBFIY,QQQDHD01,1.0
BEBFIY,QQQDHD02,1.0
BEBFIY,NOCLOH01,0.8999999761581421
BEBFIY,ZIQQEY,0.64000004529953
BECDAP,UDESIG01,0.8999999761581421
BECDAP,WEBKEW,0.8999999761581421
BECDAP,UDESIG,0.8999999761581421
BECKOM,PEMREG,1.0
BECKOM,UVUFUN,0.8999999761581421
BECKOM,OZOGAN,0.8999999761581421
BECKOM,QADFUZ,0.6827585697174072
BECRUX,BECRUX04,1.0
BECRUX,BECRUX02,1.0
BECRUX,BECRUX07,1.0
BECRUX,SIJQEI,0.8999999761581421
BECRUX01,BECRUX04,1.0
BECRUX01,BECRUX02,1.0
BECRUX01,BECRUX07,1.0
BECRUX01,BECRUX03,1.0
BECRUX01,BECRUX05,1.0
BECRUX01,BECRUX06,1.0
BECRUX01,UXUXAO,0.8999999761581421
BECRUX01,YEJXUI,0.7352941632270813
BECRUX02,BECRUX04,1.0
BECRUX02,BECRUX07,1.0
BECRUX02,CISMAT,0.8999999761581421
BECRUX02,CISMAT01,0.8999999761581421
BECRUX02,VONDEJ,1.0
BECRUX02,YEJXUI,0.7352941632270813
BECRUX03,BECRUX04,1.0
BECRUX03,BECRUX07,1.0
BECRUX03,BECRUX05,1.0
BECRUX03,BECRUX06,1.0
BECRUX03,SIJQEI,0.8999999761581421
BECRUX04,BECRUX07,1.0
BECRUX04,SIJQEI,0.8999999761581421
BECRUX05,BECRUX07,1.0
BECRUX05,VONDEJ,1.0
BECRUX06,BECRUX07,1.0
BECRUX06,VONDEJ,1.0
BECRUX07,CAZLEV,0.8999999761581421
BECRUX07,CAZLIZ,0.8999999761581421
BECRUX07,OCUPOS,0.8999999761581421
BECRUX07,YEJXUI,0.7352941632270813
BEDHOJ,PARMIG,1.0
BEDHOJ,PEXSOB01,0.8999999761581421
BEDHOJ,PEXSOB,0.8999999761581421
BEDJEA,IFASOZ,0.8999999761581421
BEDJEA,LIQXIV,0.8999999761581421
BEDJEA,EJIDUW01,0.8999999761581421
BEDJOL,KORMOV,0.8999999761581421
BEDJOL,KORMUB,0.8999999761581421
BEDJOL,PAMTUU,0.8999999761581421
BEDJOL,PAMTII,0.8999999761581421
BEDPAE,HAJKOU,1.0
BEDPAE,CUVFUW,0.8999999761581421
BEDPAE,SARBUK,0.8999999761581421
BEDPAE,HAJKIO,0.8999999761581421
BEDQUZ,FESYEK,0.6586206555366516
BEDQUZ,QEKLID,0.6225806474685669
BEDQUZ,HEKTUO01,0.6225806474685669
BEDREK,QEJJUN,0.8999999761581421
BEDREK,UKIQIP,0.6225806474685669
BEDREK,LAZMEG,0.5764706134796143
BEFJUS,FAVNEY,0.5666666626930237
BEFJUS,DITJIC,0.5249999761581421
BEFJUS,DITROQ,0.5249999761581421
BEFJUS,BUKSAD,0.4153846204280853
BEFJUS,JALLIU,0.3724137842655182
BEFJUS,XAQTIU,0.3333333134651184
BEFKEF,IQEKUM,1.0
BEFKEF,RUVMAX,1.0
BEFKEF,BEFKEF01,1.0
BEFKEF,GALLEM,0.8999999761581421
BEFKEF,HOFSUS,1.0
BEFKEF,LACQIS,0.5049999952316284
BEFKEF,PUPXII,0.8999999761581421
BEFKEF,PUPXII01,0.8999999761581421
BEFKEF,ZOBYOG,0.6447368860244751
BEFKEF01,IQEKUM,1.0
BEFKEF01,RUVMAX,1.0
BEFKEF01,FUFREE,0.8999999761581421
BEFKEF01,PEZRUJ02,0.8999999761581421
BEFKEF01,ZOBYOG,0.6447368860244751
BEGFID,FUFVEJ,0.8999999761581421
BEGFID,FIFPAM,0.8999999761581421
BEGFID,IWEQIK,0.8999999761581421
BEJKEJ,TEVVIC,1.0
BEJKEJ,TEVVOI,1.0
BEJKEJ,TEVVEY,1.0
BEJKEJ,ICAGOK,0.8999999761581421
BEJKEJ,KAGJOS,0.8999999761581421
BEKMOW,BEKNEN,1.0
BEKMOW,OGIJIY,0.8999999761581421
BEKMOW,MIFFAJ,0.8999999761581421
BEKMOW,LIBJAJ,0.8999999761581421
BEKMOW,YICRIM,0.8999999761581421
BEKNEN,OGIJIY,0.8999999761581421
BEKNEN,MIFFAJ,0.8999999761581421
BEKNEN,LIBJAJ,0.8999999761581421
BEKNEN,OBEMUE01,0.8999999761581421
BEKVOD,DELTAQ,0.3863636255264282
BEKVOD,DELTAQ01,0.3863636255264282
BEKVOD,WIDTAF,0.3863636255264282
BELHOR,FITHEW,0.8999999761581421
BELHOR,ULIYEV,0.8999999761581421
BELHOR,IXEDOE,0.8999999761581421
BELJIL,HIHQOE02,0.41224488615989685
BELJIL,HIHQOE01,0.41224488615989685
BELJIL,IBIDAA,0.39374998211860657
BELQAN,CITMAW,0.8999999761581421
BELQAN,CITLUP,0.8999999761581421
BELQAN,CITLOJ,0.8999999761581421
BELQAN,CITMEA,0.8999999761581421
BELQAN,GEHXUP,0.8071428537368774
BELTOD,BELVAR,1.0
BELTOD,BELVEV,1.0
BELTOD,ZIGQIS,0.8999999761581421
BELTOD,LEKMEW,0.8999999761581421
BELTOD,LEKMIA,0.8999999761581421
BELTUJ,PICCOW,1.0
BELTUJ,WUMDUF,0.9142857193946838
BELTUJ,DARCUW,0.8999999761581421
BELVAR,BELVEV,1.0
BELVAR,ZIGQEO,0.8999999761581421
BELVEV,ZIGQEO,0.8999999761581421
BELVEV,DARCUW,0.8999999761581421
BELVEV,DARFEJ,0.8999999761581421
BELVEV,DARFOT,0.8999999761581421
BELXUN,NUCREJ,0.6187499761581421
BELXUN,TAFBEJ,0.5263158082962036
BELXUN,TAFBIN,0.5263158082962036
BELYIC,OQUSEA,1.0
BELYIC,ZZZSDW03,1.0
BELYIC,IHOSUV,1.0
BENBIH,WUCWIC,0.8999999761581421
BENBIH,ZUZWOI,0.6806451678276062
BENBIH,ZUMFIY,0.5800000429153442
BENXOJ,BENXUP,1.0
BENXOJ,QASYUH,0.6538462042808533
BENXOJ,QATBAR,0.5538461804389954
BENXUP,QASYUH,0.6538462042808533
BENXUP,QATBAR,0.5538461804389954
BENZOL,TONVAV,0.8999999761581421
BENZOL,BEPBAB,0.8999999761581421
BENZOL,CUTMAH,0.8999999761581421
BENZOL,FAKLOU,0.8999999761581421
BENZUR,BEPBAB,0.8999999761581421
BENZUR,FAKLIO,0.8999999761581421
BENZUR,YEVKES,0.8999999761581421
BENZUR,DEHRIR,0.8999999761581421
BEPBAB,CUSZIB,0.8999999761581421
BEPBAB,FAKLUA,0.8999999761581421
BEPBAB,CUTMAH,0.8999999761581421
BEPFIN,LIVWUK,0.8999999761581421
BEPFIN,LOCHIU,0.8999999761581421
BEPFIN,LIVWUK05,0.8999999761581421
BEPLUF,MAWVAK,1.0
BEPLUF,BEPMEQ,1.0
BEPLUF,BEPMIU,1.0
BEPLUF,MEBLUA,0.2647058963775635
BEPMAM,MAWVAK,1.0
BEPMAM,BEPMEQ,1.0
BEPMAM,BEPMIU,1.0
BEPMAM,BEPNIV,1.0
BEPMAM,BEPNOB,1.0
BEPMAM,BEPNUH,1.0
BEPMAM,BEPPAP,1.0
BEPMEQ,MAWVAK,1.0
BEPMEQ,BEPMIU,1.0
BEPMEQ,BEPNIV,1.0
BEPMEQ,BEPNOB,1.0
BEPMEQ,BEPNUH,1.0
BEPMEQ,BEPPAP,1.0
BEPMEQ,HERXUA,0.5
BEPMEQ,MEBLUA,0.2647058963775635
BEPMIU,MAWVAK,1.0
BEPMIU,MAWTUC,1.0
BEPMIU,MIDRAT,0.43157893419265747
BEPMOB,YARXEX,0.5363636612892151
BEPMOB,OFAGOU,0.4363636374473572
BEPMOB,ZECKID,0.4176470637321472
BEPNER,IBICIH,1.0
BEPNER,IBICED,1.0
BEPNER,IBIDAA,1.0
BEPNER,EBOMAL,0.7171428799629211
BEPNER,GASROK,0.7942857146263123
BEPNER,IBICAZ,1.0
BEPNER,IBICON,1.0
BEPNER,IBICUT,1.0
BEPNIV,MAWVAK,1.0
BEPNIV,NOLYOC,0.574999988079071
BEPNOB,MAWVAK,1.0
BEPNOB,MAWTUC,1.0
BEPNOC,EBIFUS,0.8999999761581421
BEPNOC,WANYIV,0.8999999761581421
BEPNOC,WANYER,0.8999999761581421
BEPNUH,MAWVAK,1.0
BEPNUH,HERXUA,0.5
BEPNUI,WANYIV,0.8999999761581421
BEPNUI,EBIFUS,0.8999999761581421
BEPNUI,EBIFIG,0.8999999761581421
BEPNUI,WANYOB,0.8999999761581421
BEPNUI,XEKCUN,0.8999999761581421
BEPNUI,XEKDAU,0.8999999761581421
BEPPAP,MAWVAK,1.0
BEPPAP,HERXUA,0.5
BEPPIX,IBICED,1.0
BEPPIX,IBICAZ,1.0
BEPPIX,IBIDAA,1.0
BEPPIY,HASNUN,1.0
BEPPIY,MAVFEV,1.0
BEPPIY,WEMDUP,1.0
BEPPIY,GANGEJ01,0.446153849363327
BEPPIY,GANGEJ02,0.5090909004211426
BEPPOD,IBICED,1.0
BEPPOD,IBICAZ,1.0
BEPPOD,IBIDAA,1.0
BEPPOD,EBOMAL,0.7171428799629211
BEPPOD,IBICIH,1.0
BEPPOD,IBICON,1.0
BEPPOD,IBICUT,1.0
BEPREV,KEVBUK01,1.0
BEPREV,KEVBOE,1.0
BEPREV,BEPREV02,1.0
BEPREV,TEZJOA,0.8999999761581421
BEPREV01,KEVBUK01,1.0
BEPREV01,KEVBOE,1.0
BEPREV01,BEPREV02,1.0
BEPREV01,BEPREV03,1.0
BEPREV01,BEPROF,1.0
BEPREV01,DIRLIB,0.8999999761581421
BEPREV01,OTAWIR,0.8999999761581421
BEPREV01,QIKTUC,0.8999999761581421
BEPREV01,ZASJAG,0.8999999761581421
BEPREV02,KEVBUK01,1.0
BEPREV02,KEVBOE,1.0
BEPREV02,NIDFEN,0.8999999761581421
BEPREV03,KEVBUK01,1.0
BEPREV03,KEVBOE,1.0
BEPREV03,LIGYOS,0.8999999761581421
BEPRIZ,NOMPIQ,1.0
BEPRIZ,CIKPEU,1.0
BEPRIZ,NOMPOW,1.0
BEPRIZ,DUPKIK,0.8999999761581421
BEPRIZ,NOMPIQ01,1.0
BEPRIZ,WAQDOJ,0.8999999761581421
BEPROF,KEVBUK01,1.0
BEPROF,KEVBOE,1.0
BEPROF,KEVBIY,1.0
BEPROF,KEVBUK,1.0
BEPROF,KEVCEV,1.0
BEPYIG,CARFOT,1.0
BEPYIG,SICKOH,1.0
BEPYIG,FAHNOT,0.9357142448425293
BEQHUD,BEQJAL,0.8999999761581421
BEQHUD,VALGAS,0.5864864587783813
BEQHUD,ECIWOC,0.5764706134796143
BEQJAL,XADWIK02,0.5864864587783813
BEQJAL,XADWIK01,0.5864864587783813
BEQJOZ,NIGGAM,0.5695652365684509
BEQJOZ,SEHSOO,0.5695652365684509
BEQJUF,UQETOB,0.8999999761581421
BEQJUF,YAVWUQ,0.8999999761581421
BEQJUF,MUNLUE,0.8392857313156128
BEQJUF,PAQMAY,0.606249988079071
BEQKAM,XASNUD,1.0
BEQKAM,XASPEP,1.0
BEQKAM,PERQUB,1.0
BEQPEU,LAZMEG,0.5935484170913696
BEQPEU,QOQWOK,0.5800000429153442
BEQPEU,QOQWOK01,0.5800000429153442
BERQAS,UKEXEP,0.550000011920929
BERQAS,ISIPOP,0.5464285612106323
BERQAS,YACSAY,0.5464285612106323
BERQAS,CIFGUV,0.5086956024169922
BERQEW,WONBAD,0.6000000238418579
BERQEW,UYOGOF,0.6000000238418579
BERQIA,YIHZIA,1.0
BERQIA,YIHZIA01,1.0
BERQIA,YIHZIA02,1.0
BERQIA,VURMOL,0.8999999761581421
BERROH,BERRUN,0.8999999761581421
BERROH,BERSOI,0.5699999928474426
BERROH,MAFBOM,0.5378378629684448
BERRUN,BERSOI,0.6700000166893005
BERRUN,JOYHOW,0.5378378629684448
BERSOI,TABFOT,0.6181818246841431
BERSOI,JOYHOW,0.6181818246841431
BESKUI,SURKAT,1.0
BESKUI,SURKEX,1.0
BESKUI,RUBTAK09,1.0
BESXED,MEYGAY,1.0
BESXED,REXBED,0.8999999761581421
BESXED,MALAMN,0.8999999761581421
BESXED,CIMZII,0.8999999761581421
BESXED,EDAKIE,0.8999999761581421
BESXED,KOGHEU,0.8999999761581421
BESXED,MEYFUR,0.8999999761581421
BETDAH,GEDRUE,0.8999999761581421
BETDAH,GEDQUD,0.8999999761581421
BETDAH,REHHIX,0.8999999761581421
BETDEL,BETFUD,0.8999999761581421
BETDEL,BETGAK,0.8999999761581421
BETDEL,BETDUB,0.8999999761581421
BETDEL,BETDOV,0.8999999761581421
BETDIP,YOSWUA,0.8999999761581421
BETDIP,GEDROY,0.8999999761581421
BETDIP,CUWXID,0.8999999761581421
BETDIP,BETFEN,0.8999999761581421
BETDIP,CUWZIF,0.8999999761581421
BETDOV,BETDUB,0.8999999761581421
BETDOV,CUWYAW,0.8999999761581421
BETDUB,CUWYAW,1.0
BETDUB,REHHIX,0.8999999761581421
BETDUB,BETFUD,0.8999999761581421
BETFAJ,REHHIX,0.8999999761581421
BETFAJ,REHHOD,0.8999999761581421
BETFAJ,GEDSUF,0.8999999761581421
BETFEN,GEDTAM,0.8999999761581421
BETFEN,BETFIR,0.8999999761581421
BETFEN,GEDROY,0.8999999761581421
BETFIR,CUWZIF,0.8999999761581421
BETFIR,GEDTAM,0.8999999761581421
BETFIR,GEDROY,0.8999999761581421
BETFIR,CUWXID,0.8999999761581421
BETFIR,YOSWUA,0.8999999761581421
BETFOX,BETFUD,1.0
BETFOX,GEDRAK,0.8999999761581421
BETFOX,REHHET,0.8999999761581421
BETFUD,GEDRAK,0.8999999761581421
BETFUD,REHHET,0.8999999761581421
BETGAK,GEDQUD,0.8999999761581421
BETGAK,REHHIX,0.8999999761581421
BETGAK,REHHET,0.8999999761581421
BETGAK,CUWYAW,0.8999999761581421
BETGEO,BETGIS,1.0
BETGEO,TEDHAN,0.8999999761581421
BETGEO,TEYLAN,0.8999999761581421
BETGIS,TEDHAN,0.8999999761581421
BETGIS,TEYLAN,0.8999999761581421
BETGOY,FECXOC,1.0
BETGOY,BETGUE,1.0
BETGOY,LAXMIJ,0.48571428656578064
BETGUE,FECXOC,1.0
BETHEP,DAGTUD,1.0
BETHEP,BETHIT,1.0
BETHEP,EHIVIB,0.8999999761581421
BETHIT,DAGTUD,1.0
BETHIT,EHIVIB,0.8999999761581421
BETHUE,SIWJAM,0.8999999761581421
BETHUE,WEXCEJ,0.8999999761581421
BETHUE,DAYYIN,0.8999999761581421
BETJUI,PAQYIR,0.8999999761581421
BETJUI,PAQYEN01,0.8999999761581421
BETJUI,BETRUQ,0.8999999761581421
BETRUQ,GASTIG,1.0
BETRUQ,BIKMEP,0.8999999761581421
BETRUQ,BIKMEP01,0.8999999761581421
BETXIK,LUPYAX,0.699999988079071
BETXIK,UMEXUF,0.5823529362678528
BETXIK,NATRAD,0.5823529362678528
BETZOR,UDOVOA,0.6666666269302368
BETZOR,YOJSUM,0.6666666269302368
BETZOR,VUHJAK,0.6666666269302368
BEVSUR,LAVSUY,1.0
BEVSUR,SEHTEF,1.0
BEVSUR,NADZID,1.0
BEVSUR,NADZEZ,1.0
BEWCUD,POHWIU,0.8999999761581421
BEWCUD,UQOLUJ01,0.8999999761581421
BEWCUD,LEVFAW,0.8999999761581421
BEWCUD,IPOLII,0.4980768859386444
BEWCUD,TEPMUZ,0.8297297358512878
BEWCUD,UQOLUJ,0.8999999761581421
BEWSOO,UKUPIB,1.0
BEWSOO,BEWSUU,1.0
BEWSUU,UKUPIB,1.0
BEXFUI,PURQAV,0.8999999761581421
BEXFUI,PURPUO,0.7363635897636414
BEXPAX,DIWMON,0.8999999761581421
BEXPAX,RORVAX,0.8999999761581421
BEXPAX,DIWNAA,0.8999999761581421
BEXQIF,KEQLUQ01,1.0
BEXQIF,KEQLOK,1.0
BEXQIF,KEQLUQ,1.0
BEXQIF,MAGDAB,0.27142858505249023
BEXQOL,HAWVOQ01,1.0
BEXQOL,HAWVOQ,1.0
BEXQOL,IMULEH,0.34545454382896423
BEXQUR,GANBED04,1.0
BEXQUR,GANBED03,1.0
BEXQUR,GANBON,1.0
BEXRAY,GANBAZ02,1.0
BEXRAY,GANBAZ,1.0
BEXRAY,JAKBOP,1.0
BEXREC,HAWVOQ01,1.0
BEXREC,HAWVOQ,1.0
BEXRIG,GANBED04,1.0
BEXRIG,GANBED01,1.0
BEXRIG,GANBON,1.0
BEXRIG,DIBWUH,1.0
BEXRUT,BEXSII,0.8999999761581421
BEXRUT,BEXSAA,0.8999999761581421
BEXRUT,BEXSEE,0.8999999761581421
BEXSAA,BEXSII,0.8999999761581421
BEXSAA,BEXSEE,0.8999999761581421
BEXSAA,FIHLUF,0.7088235020637512
BEXSEE,BEXSII,0.8999999761581421
BEXSEE,FIHLOZ,0.7088235020637512
BEXVAD01,FUDHET,0.7428571581840515
BEXVAD01,FUDHAP,0.7428571581840515
BEXVAD01,FUDGUI,0.7428571581840515
BEXVIL,VIDVUB,1.0
BEXVIL,HICZIE,0.8999999761581421
BEXVIL,HICZEA,0.8999999761581421
BEXVIL,HIDCUU,0.8999999761581421
BEXVIL,IYAVUB,0.7136363983154297
BEYKEX,WOFROZ,0.8999999761581421
BEYKEX,LUSZUV,0.8999999761581421
BEYKEX,LUTCAF,0.8999999761581421
BEYTEG,QONLIQ,0.6100000143051147
BEYTEG,DEGJIK,0.6100000143051147
BEYTEG,QONKUB,0.6100000143051147
BEZKOI,LOTJIP,0.8999999761581421
BEZKOI,POLBEZ,0.8999999761581421
BEZKOI,LOTJUB,0.8999999761581421
BEZKOI,DAWWUV,0.5604650974273682
BEZKOI,ODIVUT,0.8999999761581421
BEZKOI01,POLBEZ01,0.8999999761581421
BEZKOI01,EVINON,0.6299999952316284
BEZKOI01,COWKAB,0.6299999952316284
BEZKOI01,PASTOU,0.4399999976158142
BEZKOI01,PODJAV,0.4272727370262146
BEZKOI01,XOZZOC,0.5764706134796143
BEZSEG,BEZSEG01,1.0
BEZSEG,QADKEL01,1.0
BEZSEG,QADKEL,1.0
BEZSEG,QADKEL02,1.0
BEZSEG,QADKEL03,1.0
BEZSEG,QADKEL04,1.0
BEZSEG,QADKEL05,1.0
BEZSEG01,QADKEL01,1.0
BEZSEG01,QADKEL02,1.0
BEZSEG01,QADKEL,1.0
BEZSEG01,QADKEL03,1.0
BEZSEG01,QADKEL04,1.0
BEZSEG01,QADKEL05,1.0
BEZSEG01,QOPHEI,1.0
BEZSIK,ROJSUF01,0.8999999761581421
BEZSIK,UHAXOS,0.8999999761581421
BEZSIK,NEKYIN,0.8999999761581421
BEZSIK,TIQGAC,0.8999999761581421
BEZSIK,ZEKKOR,0.8999999761581421
BEZSIK,ZEKKUX,0.8999999761581421
BIBQEL,XAYKOA,1.0
BIBQEL,NUBPIL,1.0
BIBQEL,SEKQEH,0.8999999761581421
BIBQOV,PENBOC,0.8999999761581421
BIBQOV,PENBOC01,0.8999999761581421
BIBQOV,PENBAO,0.8999999761581421
BIBQOV,PENBIW,0.7249999642372131
BIBXOB,ZODXOH,0.8999999761581421
BIBXOB,HAFTOZ,0.7260869741439819
BIBXOB,ZODYAU,0.5142857432365417
BIBXUH,SUTBIT,1.0
BIBXUH,QUQBEL,0.8999999761581421
BIBXUH,QUPZIM02,0.8999999761581421
BICDAU,UPOZAB,0.5885714292526245
BICDAU,JOJKOK,0.5885714292526245
BICDAU,LETROT,0.5026315450668335
BICPIP,ULAQAB,0.5764706134796143
BICPIP,FIVXUG,0.5684210062026978
BICPIP,QAKQEB,0.5189655423164368
BICPUA,ECINUC,1.0
BICPUA,OMUHUB,1.0
BIDFEB,HIGWOL,0.8999999761581421
BIDFEB,HIGXAY,0.8999999761581421
BIDFEB,KABSIR,0.8999999761581421
BIDFEB,HIGXEC,0.8999999761581421
BIDHIG,QEBYON,0.8999999761581421
BIDHIG,YEKXET,0.8999999761581421
BIDHIG,QUDGED,0.8999999761581421
BIDHIG,HIPMIE,0.8999999761581421
BIDHIG,XIVTED,0.8999999761581421
BIDPAH,HIQJEZ,0.8999999761581421
BIDPAH,WAQDOK01,0.8999999761581421
BIDPAH,WAQDOK,0.8999999761581421
BIDPAH,GARLAP,0.8999999761581421
BIDPAH,GARLOD,0.8999999761581421
BIDPAH,QATKOO,0.8999999761581421
BIDPAH,YICZAO,0.8999999761581421
BIDPAH,ZIKJIO,0.8999999761581421
BIDPAH,ZIKJOU,0.8999999761581421
BIDPOV,YAGHUM,0.7000000476837158
BIDPOV,NUTQAV,0.7000000476837158
BIDPOV,NUTQEZ,0.7000000476837158
BIDPOV,LACNUB,0.675000011920929
BIDREO,POFBIW,0.29459458589553833
BIDREO,ZEFROT,0.29459458589553833
BIDREO,NUSJES,0.28837209939956665
BIFDUQ,EFESOZ,0.3441176414489746
BIFDUQ,EFESEP,0.3441176414489746
BIFDUQ,XUBHEI,0.3176470696926117
BIFJUX,BIFKAE,1.0
BIFJUX,GUXSOI,1.0
BIFJUX,KOGCIT,1.0
BIFJUX,CEHQOX,0.8999999761581421
BIFJUX,GUXSIC,1.0
BIFJUX,KAWTOT,0.8999999761581421
BIFJUX,XEVHAI,1.0
BIFKAE,GUXSOI,1.0
BIFKAE,KOGCIT,1.0
BIFKAE,XEVHAI,1.0
BIFNOW,MIYGIL,1.0
BIFNOW,PINFOK,0.8999999761581421
BIFNOW,PINFAW,0.8999999761581421
BIFORM,SOJKOT02,0.8999999761581421
BIFORM,SOJKOT,0.8999999761581421
BIFORM,SOJKOT06,0.8999999761581421
BIFSOB,YEKWOC,0.8999999761581421
BIFSOB,OYEWIA,0.8999999761581421
BIFSOB,XEBHOC,0.8999999761581421
BIFSUF,DELTAQ01,1.0
BIFSUF,DELTAQ,1.0
BIFSUF,NULSUJ,1.0
BIFSUF,PIBJIV,1.0
BIGJEJ,DAMYUO,0.8999999761581421
BIGJEJ,CUXQIW,0.8999999761581421
BIGJEJ,KIZBEC01,0.8999999761581421
BIGJEJ,CUXQAO,0.8999999761581421
BIGJEJ,CUXQES,0.8999999761581421
BIGJEJ,DAMYOI,0.8999999761581421
BIGJEJ,VEJPIL,0.6225806474685669
BIHROC,OGOJAX,1.0
BIHROC,BIHRUI,1.0
BIHROC,OGEBAF,0.925000011920929
BIHRUI,OGOJAX,1.0
BIHRUI,OGEBAF,0.925000011920929
BIHRUI,HABQUY,0.887499988079071
BIHRUI,OGEBAF01,0.925000011920929
BIHVEW,QAHREY,0.8999999761581421
BIHVEW,BUSSIT,0.8999999761581421
BIHVEW,DUBFEM,0.8999999761581421
BIHVEW,NEMZOW,0.6428571343421936
BIHVEW,OHIZIO,0.8999999761581421
BIHVEW,OHIZIO01,0.8999999761581421
BIHVIA,BIHVUM,1.0
BIHVIA,NATXIR,0.8999999761581421
BIHVIA,MOMJIJ,0.8999999761581421
BIHVIA,BUTXIY,0.7105263471603394
BIHVIA,MOKZOC,0.8999999761581421
BIHVIA,MOKZOC01,0.8999999761581421
BIHVUM,MOKZOC,0.8999999761581421
BIHVUM,XECJUK01,0.8999999761581421
BIJGOT,CNPRCV,0.22499999403953552
BIJGOT,WUZCUR,0.21250000596046448
BIJGOT,ORONOA01,0.20588235557079315
BIJJOV,IVOLIQ,1.0
BIJJOV,UTUNED,1.0
BIJJOV,IVOLUC,1.0
BIJJOV,IVOLEM,1.0
BIJSEV,WOBNOS,0.7230769395828247
BIJSEV,NUYWOU,0.7230769395828247
BIJSEV,OHAKEO,0.7230769395828247
BIJTAS,DARFAF,1.0
BIJTAS,GENGIR,1.0
BIJTAS,KIJKIA,0.8999999761581421
BIJTAS,DARCUW,0.8999999761581421
BIJTAS,DARFEJ,0.8999999761581421
BIJTAS,DARFOT,0.8999999761581421
BIJTAS,EQERAU,0.8999999761581421
BIJTAS,HUWLUI,0.8999999761581421
BIJTAS,HUWMAP,0.8999999761581421
BIJZIG,HOKLIE,0.5973684191703796
BIJZIG,HOKLOK,0.5973684191703796
BIJZIG,VANHEA,0.5950000286102295
BIKMAL,BIKMAL01,1.0
BIKMAL,IDUDES,0.8999999761581421
BIKMAL,PAQYAJ01,0.8999999761581421
BIKMAL,MAWGEZ,0.625
BIKMAL01,IDUDES,0.8999999761581421
BIKMAL01,PAQYAJ01,0.8999999761581421
BIKMAL01,LECGEH,0.6142857670783997
BIKMAL01,NAGROF,0.7428571581840515
BIKMAL01,PAQXUC,0.8999999761581421
BIKMAL01,PAQYAJ,0.8999999761581421
BIKMEP,BIKMEP01,1.0
BIKMEP,PAQXUC,0.8999999761581421
BIKMEP,PAQYAJ,0.8999999761581421
BIKMEP,ZUSZOE,0.8999999761581421
BIKMEP01,PAQXUC,0.8999999761581421
BIKMEP01,PAQYAJ,0.8999999761581421
BIKMEP01,GASTIG,0.8999999761581421
BIKMEQ,BIKNER,1.0
BIKMEQ,BIKNAN,1.0
BIKMEQ,BIKNIV,1.0
BIKMEQ,BIKMOA,1.0
BIKMEQ,BIKMUG,1.0
BIKMEQ01,BIKNER,1.0
BIKMEQ01,BIKNAN,1.0
BIKMEQ01,BIKNIV,1.0
BIKMEQ01,BIKMOA,1.0
BIKMEQ01,BIKMUG,1.0
BIKMEQ01,DUPKAC,0.8999999761581421
BIKMIT,NEFZOO,0.48571428656578064
BIKMIT,EFIRUH,0.47894734144210815
BIKMIT,LAJTAR,0.4374999701976776
BIKMOA,BIKNAN,1.0
BIKMOA,MOYYEF,0.7499999403953552
BIKMOA,MOYYIJ,0.7499999403953552
BIKMUG,BIKNAN,1.0
BIKMUG,BIKNER,1.0
BIKMUG,BIKNIV,1.0
BIKNAN,DAWPEZ,0.8999999761581421
BIKNIV,DAWPEZ,0.8999999761581421
BIKNIV,DUPKAC,0.8999999761581421
BIKNOB,BIKNUH,1.0
BIKNOB,WIZMAV07,0.7136363983154297
BIKNOB,WIZMAV12,0.7136363983154297
BIKNUH,WIZMAV07,0.7136363983154297
BIKNUH,WIZMAV12,0.7136363983154297
BILRIA,VIVLAP,1.0
BILRIA,TOHYOF,0.8999999761581421
BILRIA,UPOVOL,0.8999999761581421
BIMDEF,BIMDIL,1.0
BIMDEF,PUWCOZ,0.8999999761581421
BIMDEF,MEFYUT,0.8999999761581421
BIMDIL,PUWCOZ,0.8999999761581421
BIMDIL,MEFYUT,0.8999999761581421
BIMDIL,TUYNEI,0.36249998211860657
BINBIM,YIXZEM,0.5390244126319885
BINBIM,QUNXEE,0.5390244126319885
BINBIM,YIXZAI,0.5390244126319885
BINROH,VOXTOT,1.0
BINROH,CIQQIE,0.8999999761581421
BINROH,BINSAU,0.8999999761581421
BINROH,XEDGIY,0.8999999761581421
BINRUN,XEDGIY,0.8999999761581421
BINRUN,VOXTOT,0.8999999761581421
BINRUN,BINSAU,0.8999999761581421
BINRUN,CIQQIE,0.8999999761581421
BINRUN,EJIQIZ,0.5628571510314941
BINSAU,CIQQIE,0.8999999761581421
BINSAU,XEDGIY,0.8999999761581421
BINSAU,VOXTOT,0.8999999761581421
BINSAV,BINSOJ,1.0
BINSAV,NERQAE,0.4342857003211975
BINSAV,IDUREG,0.3656249940395355
BINSOJ,NERQAE,0.4342857003211975
BINSOJ,IDUREG,0.3656249940395355
BIPKIW,CEFNIN,0.64000004529953
BIPKIW,QOWRAV08,0.64000004529953
BIPSUQ,LEVFAW,0.8297297358512878
BIPSUQ,VEJHID,0.8205881714820862
BIPSUQ,MEFZUU,0.8205881714820862
BIPSUQ,CIRTUU,0.5714285969734192
BIPSUQ,GAMXAV,0.7069767713546753
BIPXIK,LASMAV,1.0
BIPXIK,VEDFOB,1.0
BIQNUN,PUVGEU,0.8999999761581421
BIQNUN,BIQPEZ,0.8999999761581421
BIQNUN,BIQPID,0.8999999761581421
BIQNUN,BIQPOJ,0.8999999761581421
BIQNUN,PUVFIX01,0.8999999761581421
BIQPAV,BIQPID,0.8999999761581421
BIQPAV,BIQPOJ,0.8999999761581421
BIQPAV,BIQPEZ,0.8999999761581421
BIQPAV,EXUDAE,0.6600000262260437
BIQPEZ,PUVFIX01,0.8999999761581421
BIQPEZ,EXUDAE,0.6600000262260437
BIQPEZ,PUVGEU,0.8999999761581421
BIQPID,PUVGEU,0.8999999761581421
BIQPID,PUVFIX01,0.8999999761581421
BIQPID,BIQPOJ,0.8999999761581421
BIQVII,JALLOA,0.48076921701431274
BIQVII,OPURIB01,0.4483870565891266
BIRBIQ,BIRBOW,0.8999999761581421
BIRBIQ,BIRBUC,0.8999999761581421
BIRBIQ,BIRCAJ,0.8999999761581421
BIRBOW,BIRCAJ,0.8999999761581421
BIRBOW,BIRBUC,0.8999999761581421
BIRBUC,BIRCAJ,0.8999999761581421
BIRGAM,HIXWIU01,1.0
BIRGAM,REGLOG,1.0
BIRGAM,UPIXUN01,1.0
BIRGAM,KEVROV,1.0
BIRGAM,REGLIA,1.0
BIRGAM,REGLUM,1.0
BIRGAM,XUBMEN,1.0
BIRMUM,EZATOP,0.7000000476837158
BIRMUM,REZFEK,0.6806451678276062
BISPAU,YOMBOS,1.0
BISPAU,TAKDIU,0.8999999761581421
BISPAU,QOJDUP,0.8999999761581421
BISPAU,LOFGOE,0.8999999761581421
BITCUE,FAFJAZ,0.8999999761581421
BITCUE,DEHRIR,0.4521738886833191
BITCUE,VUSNUT,0.44999998807907104
BITCUE,XAKCOB,0.3414634168148041
BITLUL,DECVIT,1.0
BITLUL,MACKAE,1.0
BITLUL,WACBEI,0.8999999761581421
BITLUL,FAFMEE,0.8999999761581421
BITLUL,GEJQEU,0.8999999761581421
BITLUL,QUMQIZ,0.8999999761581421
BITLUL,TOJNEN,0.8999999761581421
BIVVOR,YIDSOT,0.8999999761581421
BIVVOR,QADKAH01,0.8999999761581421
BIVVOR,OCURAG,0.8999999761581421
BIVVOR,NUXMAU,0.8999999761581421
BIVXAG,NERVIP,1.0
BIVXAG,VOCKUT,1.0
BIVXAG,WOPWOP,1.0
BIVXAG,FAZPED,1.0
BIVXAG,FAZPIH,1.0
BIVXAG,NERVEL,1.0
BIVXAG,NERVIP01,1.0
BIVXAG,NERVOV,1.0
BIVXEK,KIPZAM,1.0
BIVXEK,KIPZIU,1.0
BIVXEK,VOCQAF,1.0
BIVXOT,QEGPUP,1.0
BIVXOT,QEGQAW,0.8999999761581421
BIVXOT,QEGQEA,0.8999999761581421
BIVXOT,EHOHOY,0.8999999761581421
BIVXOT,QEGPID,0.8999999761581421
BIWSEG,MIVFEE,0.4068181812763214
BIWSEG,BOWNUY,0.4068181812763214
BIWSEG,COTYIV,0.4068181812763214
BIWSEG,BIXVIQ01,0.28837209939956665
BIWSEG,DAWVUV,0.35999998450279236
BIWSEG,YUHMIZ,0.37209299206733704
BIWSEG,YUHMUL,0.37209299206733704
BIXCOC,TIHTUC,0.6545454859733582
BIXCOC,COQTEJ,0.6545454859733582
BIXCOC,FOMWOV,0.6545454859733582
BIXCOC,VIXWIJ,0.5714285969734192
BIXVEM,BIXVOW,1.0
BIXVEM,BIXVIQ,1.0
BIXVEM,OLICET,0.8999999761581421
BIXVIQ,BIXVOW,1.0
BIXVIQ,OLICET,0.8999999761581421
BIXVIQ01,FOPFAS,0.25882354378700256
BIXVIQ01,IPICUG,0.2542857229709625
BIXVOW,OLICET,0.8999999761581421
BIYHEX,DINNEV,0.8999999761581421
BIYHEX,GARZIL,0.8999999761581421
BIYHOH,CUCITD03,0.8999999761581421
BIYHOH,IJOMAW,0.8999999761581421
BIYHOH,ZZZEJE02,0.8999999761581421
BIYLAW01,ELUQIM10,0.8999999761581421
BIYLAW01,ELUQIM08,0.8999999761581421
BIYLAW01,SAPBAP,0.8999999761581421
BIYSUZ,UREVEU,1.0
BIYSUZ,DUVMIR,1.0
BIYSUZ,KAYCIY,0.8999999761581421
BIYTAG,IJORUV,1.0
BIYTAG,QAZFAB,0.8999999761581421
BIYTAG,XOKJUD,0.8999999761581421
BIYTAG,USAGIG,0.8999999761581421
BIYTEJ,QARCET,0.5636363625526428
BIYTEJ,LUGLUU,0.550000011920929
BIYTEJ,NASGEV,0.550000011920929
BIYTEJ,EJOPEZ,0.4965517222881317
BIYTEJ,FECHIG,0.4000000059604645
BIYTEJ,KABSAJ,0.4965517222881317
BIYTEJ,OQIJII,0.46562498807907104
BIYTEJ,PUPQAT,0.5344827771186829
BIYTEK,ZEFLAZ,1.0
BIYTEK,ZEFLAZ01,1.0
BIYTEK,HAZPIJ01,0.8999999761581421
BIYTOU,SOBDOF,1.0
BIYTOU,GUKXEQ,0.8999999761581421
BIYTOU,QAZFAB,0.8999999761581421
BIYTOU,FELRUL,0.6538462042808533
BIYTOU,IPIHOF,0.7545455098152161
BIYTOU,MONFEC,0.5333333611488342
BIYTOU,VIWNAR,0.8999999761581421
BIYVEM,UREVOE,1.0
BIYVEM,JORCUQ,1.0
BIYVEM,QIDTIJ,1.0
BIYVEM,BUKMUQ,0.8999999761581421
BIYVEM,BUKMUQ01,0.8999999761581421
BIYVEM,REWVOH,0.8999999761581421
BIYVIQ,REWVEX,1.0
BIYVIQ,JORDOL,1.0
BIYVIQ,QAZFAB,1.0
BIYVIQ,LIZKUB,0.8999999761581421
BIZLUT,IXEFAS,0.8999999761581421
BIZLUT,IBOTEY,0.8999999761581421
BIZLUT,FITHEW,0.8999999761581421
BIZLUT,BIZMAA,0.35999998450279236
BIZLUT,ULIYEV,0.8999999761581421
BIZMAA,YUNXAI,0.35999998450279236
BIZMAA,ULIYEV,0.35999998450279236
BIZMAA,TIFHEX,0.2938775420188904
BIZMEE,BIZMII,0.8999999761581421
BIZMEE,FITHAS,0.8999999761581421
BIZMEE,SUXYIU,0.3423076868057251
BIZMEE,ZAYFEN,0.30000001192092896
BIZMII,FITHAS,0.8999999761581421
BIZMII,WUHHUC,0.39032256603240967
BIZMII,ISIYUF03,0.16428571939468384
BIZMII,ISIYUF04,0.16428571939468384
BOBTIW,BOBTOC,1.0
BOBTIW,BOGXIF,1.0
BOBTIW,SUHPIV,1.0
BOBTIW,BOBTUI,1.0
BOBTIW,BOGXIF02,1.0
BOBTIW,BOGXOL,1.0
BOBTOC,BOGXIF,1.0
BOBTOC,SUHPIV,1.0
BOBTUI,BOGXIF,1.0
BOBTUI,SUHPIV,1.0
BOBTUI,BOGXIF02,1.0
BOBTUI,BOGXOL,1.0
BODPAN,DOTSOV32,1.0
BODPAN,DOTSOV30,1.0
BODPAN,DOTSOV38,1.0
BODPAN,MOCKAR,0.7000000476837158
BOFJIQ,KOLQEI,0.8999999761581421
BOFJIQ,LEHTID,0.8999999761581421
BOFJIQ,QAJFOY,0.8999999761581421
BOFJIQ,TATCUO,0.47741931676864624
BOGXIF,SUHPIV,1.0
BOGXIF,SUHMIS,1.0
BOGXIF,SUHNAL,1.0
BOGXIF,SUHNIT,1.0
BOGXIF,SUHPAN,1.0
BOGXIF,SUHPUH,1.0
BOGXIF,SUHQES,1.0
BOGXIF,SUHQUI,1.0
BOGXIF,ZOYZAQ,0.8999999761581421
BOGXIF,ZOYZAQ01,0.8999999761581421
BOGXIF02,SUHPIV,1.0
BOGXIF02,GIVDUL,0.5695652365684509
BOGXOL,SUHPIV,1.0
BOGXOL,WOHTUK,0.4000000059604645
BOHJOZ,BOHJUF,1.0
BOHJOZ,BOHXIH,1.0
BOHJOZ,BOHKAM,1.0
BOHJUF,BOHXIH,1.0
BOHJUF,BOHKAM,1.0
BOHKAM,BOHXIH,1.0
BOHWOM,EVUDAA,0.8999999761581421
BOHWOM,SUKYIH,0.8999999761581421
BOHWOM,COZMUA,0.8999999761581421
BOHWOM,VANNEG,0.8999999761581421
BOHWOM,VANNIK,0.8999999761581421
BOHWUS,SIZGIS,0.8999999761581421
BOHWUS,SEHXIN,0.8999999761581421
BOHWUS,TECVEE,0.8999999761581421
BOHWUS,FINMEX01,0.64000004529953
BOHWUS,KENKOE,0.8999999761581421
BOHWUS,WEVYEE,0.8999999761581421
BOHXAZ,SALXEL,0.290909081697464
BOHXAZ,XAPFOM,0.2800000011920929
BOHXAZ,TEWMUG,0.2750000059604645
BOHXED,NIKVEL,1.0
BOHXED,NIKVAH,1.0
BOHXED,NIKTUZ,1.0
BOHXED,UHUNEQ,0.8999999761581421
BOHYUT,BOHZAA,0.8999999761581421
BOHYUT,LIBHUB,0.8999999761581421
BOHYUT,FODDAF,0.695454478263855
BOHZAA,LIBHUB,0.8999999761581421
BOHZAA,FODDAF,0.695454478263855
BOHZAA,DEXZIR,0.4937499761581421
BOJLOC,BOJLOC01,1.0
BOJLOC,PIJYOZ,0.8999999761581421
BOJLOC,MOHSEJ,0.8999999761581421
BOJLOC01,PIJYOZ,0.8999999761581421
BOJLOC01,MOHSEJ,0.8999999761581421
BOJLOC01,BORNEC,0.6206896305084229
BOJXEE,OYEJAE,0.8999999761581421
BOJXEE,VIBHAQ,0.41499999165534973
BOJXEE,ENAMIR,0.27000001072883606
BOJYIK,YIXFUI,1.0
BOJYIK,ZEDWAI,1.0
BOJYIK,LOBQAV01,1.0
BOJYIK,UCEXAC,1.0
BOJYIK01,YIXFUI,1.0
BOJYIK01,ZEDWAI,1.0
BOJYIK01,LOBQAV01,1.0
BOJYIK01,VOXKIE,1.0
BOKQEZ,CIFHOQ,1.0
BOKQEZ,CIFHIK,1.0
BOKQEZ,TUCJAD,1.0
BOLGUF,BOLHOA,0.8999999761581421
BOLGUF,BOLHAM,0.8999999761581421
BOLGUF,BOLHEQ,0.8999999761581421
BOLGUF,GELPES,0.6000000238418579
BOLGUF,NEZNAJ,0.6187499761581421
BOLHAM,BOLHOA,0.8999999761581421
BOLHAM,BOLHEQ,0.8999999761581421
BOLHAM,GELPES,0.6000000238418579
BOLHAM,JARMEU,0.5823529362678528
BOLHAM,JARMEU10,0.5823529362678528
BOLHAM,NEZNAJ,0.6187499761581421
BOLHAM,SEJHEV,0.6187499761581421
BOLHEQ,BOLHOA,0.8999999761581421
BOLHEQ,GELPES,0.6000000238418579
BOLHEQ,NEZNAJ,0.6187499761581421
BOLHEQ,VOTQAY,0.5823529362678528
BOLHEQ,ZIHFUR,0.7071428298950195
BOLHEQ,ZIHFUR01,0.7071428298950195
BOLHOA,DUBWOO,0.6187499761581421
BOLHOA,ZIHFUR,0.7071428298950195
BOLHOA,ZIHFUR01,0.7071428298950195
BOLPAU,YOCGAZ,1.0
BOLPAU,ODIXEG,1.0
BOLPAU,ODODUI,1.0
BOLPAU,CANRUG,0.8999999761581421
BOLPAU,ENITIF,1.0
BOLPAU,ENITOL,1.0
BOLPAU,ODODES,1.0
BOLPAU,ODODIW,1.0
BOLPAU,XUBGUY,0.8999999761581421
BOMCUB,PEKKAS,1.0
BOMCUB,NOQLOV01,1.0
BOMCUB,NOQLOV,1.0
BOMCUB,ETECIR,1.0
BOMCUB,JEBDOK,1.0
BOMCUB,NOQKEJ,0.8999999761581421
BOMCUB,USUWUC,1.0
BONKUK,UHOKOR,1.0
BONKUK,BONLIZ,1.0
BONKUK,FIVJAW,0.8999999761581421
BONKUK,OJANAO,0.8999999761581421
BONLIZ,UHOKOR,1.0
BONLIZ,FIVJAW,0.8999999761581421
BONLIZ,RIDKOE,0.8999999761581421
BONWAD,XAGCUE,1.0
BONWAD,XAGDAL,1.0
BONWAD,VUNYUZ,1.0
BOPHEV,JUXZUZ,1.0
BOPHEV,WOWBIV,1.0
BOPHEV,IRELIC,1.0
BOPHEV,EKIJAL,0.8999999761581421
BOPHEV,WOWBER,1.0
BOPHIZ,JUXZUZ,1.0
BOPHIZ,WOWBIV,1.0
BOPHIZ,IRELIC,1.0
BOPHIZ,IRELOI,0.8999999761581421
BOPHIZ,WOWBER,1.0
BOPWIO,TUTZUD,0.8999999761581421
BOPWIO,TUTZOX,0.8999999761581421
BOPWIO,PEBGIP,0.8999999761581421
BOPWIO,HUWWEC,0.8999999761581421
BOPWIO,NUHBEY,0.8999999761581421
BOPWIO,UVIKIU,0.8999999761581421
BOPWIO,UVIKOA,0.8999999761581421
BOQLEZ,TOLQAN,0.4552631676197052
BOQLEZ,BOQLID,0.4399999976158142
BOQLEZ,QOZNAV,0.3552631735801697
BOQLID,NERRUZ,0.5026315450668335
BOQLID,TOLPIU,0.4648648500442505
BOQLID,NERREJ,0.402631551027298
BOQWEK,NEHZIK,1.0
BOQWEK,METYIU,0.8999999761581421
BOQWEK,LUMDEC,0.8999999761581421
BORBAM,IDIZAX,0.5263158082962036
BORBAM,EBEZAO,0.4950000047683716
BORBAM,IJEWUP,0.4263157844543457
BORNEC,BORNIG,0.8999999761581421
BORNIG,PIJYOZ,0.6206896305084229
BOSHUN,FIFPAM,1.0
BOSHUN,JOGHEU,1.0
BOSHUN,LUYZAH02,1.0
BOSHUN,LUYZAH,1.0
BOSHUN,LUYZAH01,1.0
BOSJUQ,VUNTUV,0.8999999761581421
BOSJUQ,EBAQOP,0.32499998807907104
BOSJUQ,EBAQOP01,0.32499998807907104
BOTCEU,EXEXAH,0.6230769157409668
BOTCEU,DUKYIT,0.6230769157409668
BOTCEU,NOFQOQ,0.6040000319480896
BOTCEU,LACFIG,0.2750000059604645
BOVHEB,NUCRIN01,0.9678571820259094
BOVHEB,MOFTIL01,0.9678571820259094
BOVHEB,MOFTIL02,0.9678571820259094
BOVHEB,LEYLIN,0.7942857146263123
BOVLII,KEPMIB,1.0
BOVLII,ZOFXAV,1.0
BOVLII,KEPGAN,0.8999999761581421
BOVLII,JALLEQ,0.8999999761581421
BOVQUZ,ZAJKED,1.0
BOVQUZ,GUSWIB,0.8999999761581421
BOVQUZ,GUSWEX,0.8999999761581421
BOVQUZ,QUJFUX,0.8999999761581421
BOVQUZ,QUJGAE,0.8999999761581421
BOWDIC,LASMAV,1.0
BOWDIC,VEDFOB,1.0
BOWDIC,KEJWAY,1.0
BOWDIC,OJOBAS,1.0
BOWDIC,YODRAM,1.0
BOWDOI,LASMAV,1.0
BOWDOI,VEDFOB,1.0
BOWDOI,KEJWAY,1.0
BOWDOI,YIGGEB,1.0
BOWDUO,LASMAV,1.0
BOWDUO,VEDFOB,1.0
BOWDUO,KEJWAY,1.0
BOWDUO,CEYPUT,1.0
BOWDUO,CEYPUT01,1.0
BOWDUO,CIJBEE,1.0
BOWDUO,ERUNIQ,1.0
BOWDUO,EXUXEC,1.0
BOWDUO,TATSIS,1.0
BOWDUO,TATSIS01,1.0
BOWDUO,VEDFAN,1.0
BOWDUO,VEDFER,1.0
BOWDUO,VEDFIV,1.0
BOWDUO,VEDFUH,1.0
BOWDUO,VEDGAO,1.0
BOWDUO,VEDGES,1.0
BOWDUO,VEDGIW,1.0
BOWDUO,VODNOS,1.0
BOWJAA,KEFBEE,0.686956524848938
BOWJAA,KEFBII,0.686956524848938
BOWJAA,KEFBOO,0.686956524848938
BOWKUU,IWIMUX,0.8999999761581421
BOWKUU,IWIMOR,0.8999999761581421
BOWKUU,IWIMIL,0.8999999761581421
BOWNUY,TEYLUH,1.0
BOWNUY,TEYLOB,1.0
BOWNUY,MIVFEE,1.0
BOWNUY,COTYIV,1.0
BOWNUY,TEYMES,1.0
BOWTAJ,MIFFAJ,0.8999999761581421
BOWTAJ,JIZWIA,0.8999999761581421
BOWTAJ,GEVKID,0.8999999761581421
BOWTAJ,EHAYUH,0.28947368264198303
BOWTAJ,SIWGUB,0.8999999761581421
BOWTAJ,XAXQEU,0.8999999761581421
BOWZUK,KOMCOG,1.0
BOWZUK,TEXWOL,1.0
BOWZUK,NIQDOJ,1.0
BOWZUK,QASXIU,0.8999999761581421
BOXBEX,GELDUZ,0.8999999761581421
BOXBEX,OVABUJ,0.8999999761581421
BOXBEX,QUTNID,0.8999999761581421
BOXDID,SOGXES,0.8999999761581421
BOXDID,OPUFAH01,0.8999999761581421
BOXDID,QUTNID,0.8999999761581421
BOXFAW,BUFNOG,1.0
BOXFAW,BUFNEW,1.0
BOXFAW,BOXFOK,0.8999999761581421
BOXFAW,BOXFIE,0.8999999761581421
BOXFAW,EHEZIB,0.6818181276321411
BOXFAW,OMUSAS,0.5142857432365417
BOXFIE,BUFNOG,0.8999999761581421
BOXFIE,BOXFOK,0.8999999761581421
BOXFIE,BUFNEW,0.8999999761581421
BOXFIE,EHEZIB,0.6818181276321411
BOXFOK,BUFNOG,0.8999999761581421
BOXMAE,LEDPAN,0.8999999761581421
BOXMAE,HOQKII,0.8999999761581421
BOXMAE,NUDMUW01,0.8999999761581421
BOXMAE,JOJLUQ,0.8999999761581421
BOXMAE,KAYBOD,0.8999999761581421
BOXMAE,KAYBUJ,0.8999999761581421
BOYFUS,YUSVAK,1.0
BOYFUS,WIPJUC,0.8999999761581421
BOYFUS,UDEPUQ01,0.8999999761581421
BOYFUS,IMUYOG,0.5307692289352417
BOYTEQ,LIJPOL,1.0
BOYTEQ,LIJNOJ01,1.0
BOYTEQ,LIJPAX,1.0
BOYTEQ,VALGAS,0.8999999761581421
BOYYOF,CEXYOU,0.5199999809265137
BOYYOF,YAQDIF,0.4724137783050537
BOYYOF,DUQSAK,0.4724137783050537
BUBVUR,YUDMIU,1.0
BUBVUR,HUFMEC,0.8999999761581421
BUBVUR,RESWOC,0.8999999761581421
BUCWAZ,VIDWAI,0.9639999866485596
BUCWAZ,SIVGUB,0.8999999761581421
BUCWAZ,FODBEH,0.6029411554336548
BUCWAZ,ZALREM,0.7206896543502808
BUCXUT,DIKBAB01,1.0
BUCXUT,KOMJAY,1.0
BUCXUT,XUHJEQ01,0.8999999761581421
BUCXUT,CUGYUA,0.8999999761581421
BUCXUT,LIHQUP,0.33478260040283203
BUDCIN,VOCTOW,0.48000001907348633
BUDCIN,CAJTOX,0.21739131212234497
BUDCIN,CAJTUD,0.21739131212234497
BUDDIO,HIPLUP,0.8999999761581421
BUDDIO,HIPMEA,0.8999999761581421
BUDDIO,YADGIW,0.8999999761581421
BUDDIO,XIVTED,0.8999999761581421
BUFNEW,BUFNOG,1.0
BUGSAY,GAJZEY,0.8999999761581421
BUGSAY,GAJZUO,0.8999999761581421
BUGSAY,GAJYUN,0.8999999761581421
BUGSAY,BUGSOM,0.8999999761581421
BUGSAY,GAJZIC,0.8999999761581421
BUGSEC,GAKBAX,1.0
BUGSEC,GAJYUN,0.8999999761581421
BUGSEC,SAJSAY,0.8999999761581421
BUGSEC,GAJZUO,0.8999999761581421
BUGSIG,GAJZOI,1.0
BUGSIG,KUQWOK,0.8999999761581421
BUGSIG,XOVYUD,0.8999999761581421
BUGSIG,BUGSOM,0.8999999761581421
BUGSIG,GAJZIC,0.8999999761581421
BUGSIG,YOXKEC,0.8999999761581421
BUGSOM,GAJZEY,0.8999999761581421
BUHFER,PEFDEK,1.0
BUHFER,GAXROO,1.0
BUHFER,TALKAT,1.0
BUHFER,DITYEM02,1.0
BUHFER,GIKYIL,0.751724123954773
BUHFER,SEMTIQ,0.7387096881866455
BUKLOJ,VEGMIE,1.0
BUKLOJ,MOXDIN01,1.0
BUKLOJ,LAGWIB,1.0
BUKLOJ,CUZBUW,1.0
BUKLOJ,RUYGAV,0.7749999761581421
BUKLOJ,TEPWOD,0.8999999761581421
BUKLOJ,XUBKOU,0.7352941632270813
BUKLOJ,YEMGIH,0.8999999761581421
BUKLOJ01,VEGMIE,1.0
BUKLOJ01,MOXDIN01,1.0
BUKLOJ01,LAGWIB,1.0
BUKLOJ01,ESEQUO,1.0
BUKLOJ01,JOQQAJ,1.0
BUKLOJ01,LOMQOV,1.0
BUKLOJ01,LUYSOP,1.0
BUKLOJ01,MOXDIN,1.0
BUKLOJ01,VEGMIE01,1.0
BUKMUQ,BUKMUQ01,1.0
BUKMUQ,IPIHUL,0.6545454859733582
BUKPAZ,MIDCUZ,0.8999999761581421
BUKPAZ,YEYCUC,0.7269230484962463
BUKPAZ,XIJVIY,0.7269230484962463
BUKRUW,YATDUV,1.0
BUKRUW,NUVXOT,1.0
BUKRUW,YENTUJ,1.0
BUKRUW,LOWKUF,1.0
BUKSAD,FAVNEY,0.4176470637321472
BUKSAD,XEQLIQ,0.4034482538700104
BUKSAD,JALLIU,0.34838706254959106
BUKTAE,YATDUV,1.0
BUKTAE,NUVXOT,1.0
BUKTAE,YENTUJ,1.0
BUKTAE,UTEXEX,0.5344827771186829
BUKTEI,YATDUV,1.0
BUKTEI,NUVXOT,1.0
BUKTEI,YENTUJ,1.0
BUKTIM,YATDUV,1.0
BUKTIM,NUVXOT,1.0
BUKTIM,YENTUJ,1.0
BUKTIM,RUWFOG,0.8999999761581421
BUKTOS,YATDUV,1.0
BUKTOS,NUVXOT,1.0
BUKTOS,YENTUJ,1.0
BUKTOS,LOWKUF,1.0
BUKTOS,WAQTEQ,0.6516129374504089
BUKYAJ,UXUYUI,1.0
BUKYAJ,IXOSUL,0.6142857670783997
BUKYAJ,IXOTAS,0.6142857670783997
BUNKUS,BUNLAZ,1.0
BUNKUS,GOVSER,0.8999999761581421
BUNKUS,PIKYEQ,0.8999999761581421
BUNKUS,WASQEP,0.8999999761581421
BUNKUS,WASQIT,0.8999999761581421
BUNLAZ,GOVSER,0.8999999761581421
BUNLAZ,PIKYEQ,0.8999999761581421
BUPDUM,BUPFAU,1.0
BUPDUM,BUPFEY,1.0
BUPDUM,MONXIY,0.27560973167419434
BUPFAU,BUPFEY,1.0
BUPFAU,MONXIY,0.27560973167419434
BUPFEY,MONXIY,0.27560973167419434
BUPJUS,BUPKED,1.0
BUPJUS,PARBIW,0.9357142448425293
BUPJUS,VUHGAH,0.8999999761581421
BUPJUS,NUYXEL,0.7352941632270813
BUPJUS,UVEPOB,0.8999999761581421
BUPKED,PARBIW,0.9357142448425293
BUPKED,VUHGAH,0.8999999761581421
BUPKED,GOXMEN,0.5522727370262146
BUPKED,NUYXEL,0.7352941632270813
BUPKED,UVEPOB,0.8999999761581421
BUPVEP,XEZVOP,1.0
BUPVEP,RAGCOS,1.0
BUPVEP,IDUQUT,0.8999999761581421
BUPVEP,PEWZAS,0.8999999761581421
BUPVIT,TEPWIX,1.0
BUPVIT,BUVHEH,1.0
BUQROV,WUXCEY,1.0
BUQROV,WUXCAU,1.0
BUQROV,EBOJOW,0.7000000476837158
BUQROV,VAHYOU,0.5935484170913696
BUQWER,XIPCEF01,1.0
BUQWER,QESBAR01,1.0
BUQWER,LAGHIL,1.0
BUQWER,DIKJUD,0.6100000143051147
BUQWER,VOJPOA,1.0
BUSMUY,NAGQET,1.0
BUSMUY,NAGQOD,1.0
BUSMUY,BUVYIB01,0.8999999761581421
BUSMUZ,GUWDUY,1.0
BUSMUZ,JOGHIY,0.8999999761581421
BUSMUZ,ZIBRAD,0.8999999761581421
BUSNAF,UYAQAN,0.8999999761581421
BUSNAF,UYAQER,0.8999999761581421
BUSNAF,WOBMIL02,0.8499999642372131
BUSNAF,WOBMIL03,0.8499999642372131
BUSQIQ,GUKVIS,1.0
BUSQIQ,RAWZIA,1.0
BUSQIQ,GUKVAK,1.0
BUSQIQ,GUKVEO,1.0
BUSQIQ,QUCFOL,0.621052622795105
BUSSEP,VASFON,1.0
BUSSEP,DUBFOW,1.0
BUSSEP,BUSSIT,1.0
BUSSIT,VASFON,1.0
BUSSIT,DUBFOW,1.0
BUSSIT,MOMJIJ,0.8999999761581421
BUSSIT,NATXIR,0.8999999761581421
BUSTAM,DUBGAJ,1.0
BUSTAM,VASFED,1.0
BUSTAM,XECJUK01,0.8999999761581421
BUSTAM,DAXKIY,0.8999999761581421
BUSTAM,DAXKOE,0.8999999761581421
BUSTAM,DUBFIQ,0.8999999761581421
BUSTAM,DUDMEV,0.8999999761581421
BUSTAM,JOJMEB,0.8999999761581421
BUSTAM,MOMJIJ,0.8999999761581421
BUSXAP,BUSXET,0.8999999761581421
BUSXAP,WINDAA,0.5625
BUSXAP,NASQIJ,0.5621621608734131
BUSXET,WINDAA,0.6625000238418579
BUSXET,ZAXGUC,0.551612913608551
BUSXET,LOQMUB,0.5090909004211426
BUTCUQ,PONRUH,1.0
BUTCUQ,QACCOO,0.9526315927505493
BUTCUQ,IKOMUS,0.8999999761581421
BUTCUQ,ELOFIU,0.37894734740257263
BUTQUC,CUSBUO,0.5153846144676208
BUTQUC,WADKAO,0.48571428656578064
BUTQUC,QADYOK,0.48571428656578064
BUTXIY,VASFED,0.7105263471603394
BUTXIY,NATXEN,0.7105263471603394
BUTXOE,OFOVOX,0.4000000059604645
BUTXOE,OXAPEJ,0.4000000059604645
BUTXOE,JUQVAU,0.33000001311302185
BUVHEH,CELDAA,1.0
BUVHEH,GOBXAY,1.0
BUVHEH,TEPWIX,1.0
BUVHEH,RUYGEY,0.8999999761581421
BUVHEH,RUYGEY01,0.8999999761581421
BUVNIR,JUKVEQ01,1.0
BUVNIR,JUKVEQ,1.0
BUVNIR,DARYIF,1.0
BUVNIR,REDYEG,1.0
BUVNIR,VACFUB,1.0
BUVNIR,VACFUB01,1.0
BUVPUF,OTIWOF02,0.8999999761581421
BUVPUF,XAZFEJ,0.8999999761581421
BUVPUF,RAFRUL,0.8999999761581421
BUVQIT,DITPON,0.46562498807907104
BUVQIT,QETSOA,0.3970588147640228
BUVQIT,XOCGUU,0.3970588147640228
BUVTOD,BUVVOF,0.8999999761581421
BUVTOD,BUVVEV,0.8999999761581421
BUVTOD,BUVVAR,0.8999999761581421
BUVTOD,BUVTUJ,0.8999999761581421
BUVTOD,BUVVIZ,0.8999999761581421
BUVTUJ,BUVVIZ,0.8999999761581421
BUVTUJ,BUVVEV,0.8999999761581421
BUVTUJ,BUVVAR,0.8999999761581421
BUVTUJ,BUVVOF,0.8999999761581421
BUVVAR,BUVVEV,0.8999999761581421
BUVVAR,BUVVIZ,0.8999999761581421
BUVVAR,BUVVOF,0.8999999761581421
BUVVEV,BUVVOF,0.8999999761581421
BUVVEV,BUVVIZ,0.8999999761581421
BUVVIZ,BUVVOF,0.8999999761581421
BUVWOF02,BUVXOG,1.0
BUVWOF02,BUVYIB01,1.0
BUVWOF02,BUVYIB,1.0
BUVWOF03,BUVXOG,1.0
BUVWOF03,BUVYIB01,1.0
BUVWOF03,BUVYIB,1.0
BUVWOF03,BUVXOG01,1.0
BUVWOF03,BUVYEX,1.0
BUVXOG,BUVYIB01,1.0
BUVXOG,BUVYIB,1.0
BUVXOG01,BUVYIB01,1.0
BUVXOG01,BUVYIB,1.0
BUVYEX,BUVYIB01,1.0
BUVYEX,BUVYIB,1.0
BUVYIB,BUVYIB01,1.0
BUVYIB,ILIMOH,0.8999999761581421
BUVYIB,ILIMUN,0.8999999761581421
BUVYIB,ILIMUN01,0.8999999761581421
BUVYIB01,NAGQET,0.8999999761581421
BUVYIB01,NAGQOD,0.8999999761581421
BUXCAZ,YODRAM,0.8999999761581421
BUXCAZ,VEDGES,0.8999999761581421
BUXHOS,GIGBOP,0.3076923191547394
BUXHOS,GIGBEF,0.3076923191547394
BUXHOS,GIGBAB,0.25
BUXHOS,MIVCAW,0.22857144474983215
BUXHOS,MIVCEA,0.22857144474983215
BUXHOS,MIVCOK,0.22857144474983215
BUXNOZ,UCUHIM,0.8999999761581421
BUXNOZ,MAVRAE,0.6294118165969849
BUXNOZ,SOZHOG,0.6108108162879944
BUXTIZ,HUFHEX,1.0
BUXTIZ,BUXTUL,1.0
BUXTIZ,HUFJAV,1.0
BUXTUL,HUFHEX,1.0
BUXTUL,HUFJAV,1.0
BUYNAL,XAMDOF,0.5354838371276855
BUYNAL,YIWZOV,0.5090909004211426
BUYNAL,FIDGAD,0.5090909004211426
BUZHIO,LOQFEE,0.8999999761581421
BUZHIO,WEDZOW,0.5727272629737854
BUZHIO,RUXWEM03,0.4724137783050537
BUZHIO,VIXNEX,0.3543477952480316
BUZKUE,PIZHOX,1.0
BUZKUE,QONKOV,1.0
BUZKUE,PEBNER,1.0
CABHOC,YUDYAX01,0.43157893419265747
CABHOC,YUDYAX,0.43157893419265747
CABQEB,CIQYUX,1.0
CABQEB,XUWHAZ,1.0
CABQEB,MEGVAY,0.8999999761581421
CABSIK,XOVBIV,1.0
CABSIK,XOVBIV01,0.6586206555366516
CABSIK,ONAWEG01,0.5586206316947937
CADPII,XASPEP,1.0
CADPII,VIWZOR,1.0
CADPII,JISMEG,0.621052622795105
CADQAB,YAZYIJ,1.0
CADQAB,YAZZEG,0.8999999761581421
CADQAB,OZUKOL,0.8999999761581421
CADQAB,ETEKAQ,0.8999999761581421
CADQAB,ETEKAQ01,0.8999999761581421
CADQOP,COKPEZ,0.8999999761581421
CADQOP,COKNUN02,0.8999999761581421
CADQOP,COKQOK,0.8999999761581421
CAFJIF,KOTRIW,1.0
CAFJIF,LIRNUW,0.8999999761581421
CAFJIF,PESSOX,0.8999999761581421
CAFORM,CAFORM13,1.0
CAFORM,ELUQIM07,0.8999999761581421
CAFORM,ELUQIM05,0.8999999761581421
CAFORM13,ELUQIM07,0.8999999761581421
CAFORM13,ELUQIM13,0.8999999761581421
CAFRUX,VEDVUW,0.6142857670783997
CAFRUX,FAKLUB,0.6142857670783997
CAFRUX,SOPROF,0.5142857432365417
CAFRUX,CEMMUD,0.3739130198955536
CAFRUX,QIQVOE,0.5142857432365417
CAFRUX,SIXXAZ,0.32499998807907104
CAFRUX,XANNAB,0.5049999952316284
CAGLIF,OFERUN05,0.4285714328289032
CAGLIF,CEGDUO,0.4285714328289032
CAGLIF,GUPBOJ01,0.4285714328289032
CAGLIF,IPICUG,0.3333333134651184
CAGSAG,FECYUJ,1.0
CAGSAG,IYEXEP,1.0
CAGSAG,IDIXAU,1.0
CAGSAG,EDUVOO,0.7000000476837158
CAGSAG,FECXUI,1.0
CAGSAG,FIZGUT,0.6333333253860474
CAGSAG,PUWDEQ,1.0
CAGSAG,QAQSAD,1.0
CAGXIU,MUNLAJ,0.8999999761581421
CAGXIU,QUXQUX,0.8999999761581421
CAGXIU,HISFUM,0.8999999761581421
CAGXIU,QOCKAV,0.686956524848938
CAGXIU,QOCKEZ,0.686956524848938
CAGXIU,VODQOV,0.8999999761581421
CAHMAZ,XOKKIS,1.0
CAHMAZ,IRISAD,1.0
CAHMAZ,OGESOJ,1.0
CAHMAZ,ETECAJ,1.0
CAHMON,ZZZSGO01,1.0
CAHMON,MUPKUF01,1.0
CAHMON,CAHMON01,1.0
CAHMON,CAHMON02,1.0
CAHMON,CAHMON03,1.0
CAHMON01,ZZZSGO01,1.0
CAHMON01,MUPKUF01,1.0
CAHMON02,ZZZSGO01,1.0
CAHMON02,MUPKUF01,1.0
CAHMON02,WABJAM,1.0
CAHMON03,ZZZSGO01,1.0
CAHMON03,MUPKUF01,1.0
CAJHON,RISTAQ,1.0
CAJHON,MOMRIR,1.0
CAJHON,RISTEU,1.0
CAJHUS,GOYPER,1.0
CAJHUS,SANLOK,1.0
CAJHUS,NUDNUW01,1.0
CAJHUS01,GOYPER,1.0
CAJHUS01,SANLOK,1.0
CAJHUS01,NUDNUW01,1.0
CAJHUS02,GOYPER,1.0
CAJHUS02,SANLOK,1.0
CAJHUS02,NUDNUW01,1.0
CAJHUS02,ZZZVMQ03,0.8999999761581421
CAJHUS03,GOYPER,1.0
CAJHUS03,SANLOK,1.0
CAJHUS03,NUDNUW01,1.0
CAJHUS03,FIQYOU,1.0
CAJHUS03,GUWFIO,1.0
CAJHUS03,PESSAK,1.0
CAJHUS03,PESSAK01,1.0
CAJHUS03,PESTAL,1.0
CAJHUS04,GOYPER,1.0
CAJHUS04,SANLOK,1.0
CAJHUS04,NUDNUW01,1.0
CAJHUS04,FIQYOU,1.0
CAJHUS04,PESSAK,1.0
CAJHUS04,PESSAK01,1.0
CAJHUS04,PESTAL,1.0
CAJHUS04,RATCUL01,1.0
CAJHUS04,RATCUL02,1.0
CAJHUS04,RATCUL03,1.0
CAJQEL,ZALREM,0.8999999761581421
CAJQEL,YERLIT,0.7206896543502808
CAJQIP,TOVWAE,0.5390244126319885
CAJQIP,OFOCUI,0.5263158082962036
CAJQIP,MOCKEV,0.5263158082962036
CAJTOX,CAJTUD,1.0
CAJTOX,XENREO,0.2199999988079071
CAJTUD,XENREO,0.2199999988079071
CAJVUG,OWIHEJ,0.6000000238418579
CAJVUG,OWIHIN,0.6000000238418579
CAJVUG,ZEGREL,0.6000000238418579
CAKFEB,CAKFEB01,1.0
CAKFEB,HUBHES,0.8999999761581421
CAKFEB,DAHWAM,0.8999999761581421
CAKFEB01,TUTZUD,0.8999999761581421
CAKFEB01,DAHWAM,0.8999999761581421
CAKFEB01,YUWKIL,0.8999999761581421
CAKFIF,HUWWEC,0.8999999761581421
CAKFIF,HUBHES,0.8999999761581421
CAKFIF,PEBGAH,0.8999999761581421
CAKFIF,TUTZUD,0.8999999761581421
CAKLOR,VESNEP,1.0
CAKLOR,NEMNUO,0.925000011920929
CAKLOR,JACSUE,0.925000011920929
CAKLOR,POTYON,0.6823529601097107
CAKWUI,CAXWUV,0.6076923608779907
CAKWUI,OQIJUU,0.3474999964237213
CALOXM13,CALOXM16,1.0
CALOXM13,PINFAW,1.0
CALOXM13,QOWLOE,1.0
CALOXM13,CALOXM14,1.0
CALOXM13,CALOXM15,1.0
CALOXM14,CALOXM16,1.0
CALOXM14,PINFAW,1.0
CALOXM15,CALOXM16,1.0
CALOXM15,PINFAW,1.0
CALOXM15,SEVKAI,1.0
CALOXM16,QOWLOE,1.0
CALOXM16,PINFAW,1.0
CANRIU,ENISOK,0.8999999761581421
CANRIU,YOCGAZ,0.8999999761581421
CANRIU,ZEXSOM,0.8999999761581421
CANRIU,CANRUG,0.8999999761581421
CANRIU,KOHDIW,0.8999999761581421
CANRIU,KOHLIE,0.8999999761581421
CANRIU,SEQJOQ,0.8999999761581421
CANROA,KOHDIW,1.0
CANROA,KOHLIE,1.0
CANROA,HIHGEM,0.8999999761581421
CANRUG,SEQJOQ,0.8999999761581421
CANRUG,ENITAX,0.8999999761581421
CANRUG,HIHGEM,0.8999999761581421
CANRUG,RIJBAP,0.8999999761581421
CANYIB,LIDSIC,1.0
CANYIB,FEVDER,0.925000011920929
CANYIB,LAZMEG,0.8999999761581421
CANYIB,SIDXOV,0.925000011920929
CANYIB,SIDXUB,0.6516129374504089
CANYIB,TIDNIF,1.0
CANYIB,XEMROZ,0.5
CAPLOX,RUSSII,1.0
CAPLOX,RUSSUU,0.8999999761581421
CAPLOX,JIYTUI,0.8999999761581421
CAPQIU,MUNNEP,1.0
CAPQIU,OFOVOX,0.3272727429866791
CAPQIU,OXAPEJ,0.3272727429866791
CAQCAZ,EXOFIH,1.0
CAQCAZ,CEMJOV,1.0
CAQCAZ,CASTEW,1.0
CAQCAZ,UTULUR,1.0
CAQHEK,CAQHOU,1.0
CAQHEK,WALMOO,1.0
CAQHEK,CAQVOI,1.0
CAQHOU,WALMOO,1.0
CAQHOU,CAQVOI,1.0
CAQHOU,JUXFAL,0.8941176533699036
CAQHOU,YUHHEQ,0.8999999761581421
CAQJOW,HALVEY,1.0
CAQJOW,HAJYAV,1.0
CAQJOW,CAQKAJ,1.0
CAQJOW,CAQKAJ01,1.0
CAQJOW,DEKYOK,0.8999999761581421
CAQJOW,UMAROR,0.8999999761581421
CAQKAJ,HALVEY,1.0
CAQKAJ,HAJYAV,1.0
CAQKAJ,UMARIL,0.8999999761581421
CAQKAJ01,HALVEY,1.0
CAQKAJ01,HAJYAV,1.0
CAQVOI,WALMOO,1.0
CAQVOI,JUXFAL,0.8941176533699036
CARFOT,SICKOH,1.0
CARFOT,FAHNOT,0.9357142448425293
CARFOT,VAZTOI,0.8999999761581421
CARFOT,VAZTUO,0.8999999761581421
CARFUZ,FAHMIM,0.9357142448425293
CARFUZ,NOFMIG,0.8999999761581421
CARFUZ,NOFMIG01,0.8999999761581421
CARFUZ,WIRMOB,0.550000011920929
CARGEK,WUPVEK,1.0
CARGEK,UDICAN,1.0
CARGEK,MAGXOK,1.0
CARGEK,UDICER,1.0
CASCOR,ELERIY,0.7387096881866455
CASCOR,UVEVUN,0.7387096881866455
CASCOR,NUTQEZ,0.6785714030265808
CASPUJ,DIXKUR,0.8999999761581421
CASPUJ,DIXKUR01,0.8999999761581421
CASPUJ,SIDYAG,0.8999999761581421
CASPUJ,KUXHUI,0.8999999761581421
CASTEW,FEJHOS,1.0
CASTEW,EXOFIH,1.0
CASTEW,CEMJOV,1.0
CASTEW,LEMYUA,1.0
CASTEW,OXIXIE,0.8999999761581421
CATART03,CATART04,1.0
CATART03,CUGREC,1.0
CATART03,CUGROM,1.0
CATART04,CUGREC,1.0
CATART04,CUGROM,1.0
CATART04,XEHDOG,0.550000011920929
CATART04,XEHDUM,0.550000011920929
CATDEH,CAYROK,1.0
CATDEH,CATDIL,1.0
CATDEH,CAYRIE,1.0
CATDIL,CAYROK,1.0
CATDIL,CAYRIE,1.0
CATZIJ,LEGGAI,1.0
CATZIJ,TOVHUJ,0.9142857193946838
CATZIJ,PIJKOL,0.9142857193946838
CATZIJ,TISHAF,0.9099999666213989
CATZIJ,TOVJAR,0.9099999666213989
CAVCEI,LADSEO,0.8999999761581421
CAVCEI,YUKDEN,0.8999999761581421
CAVCEI,JEXPUY,0.64000004529953
CAVFEN,LECMUE01,1.0
CAVFEN,LECMUE,1.0
CAVFEN,CAVFEN01,1.0
CAVFEN,CAVFIR,1.0
CAVFEN,CAVGAK,0.8999999761581421
CAVFEN01,LECMUE01,1.0
CAVFEN01,LECMUE,1.0
CAVFEN01,CAVGAK,0.8999999761581421
CAVFIR,LECMUE01,1.0
CAVFIR,LECMUE,1.0
CAVFIR,CAVGAK,0.8999999761581421
CAVLIW,CAVLOC,1.0
CAVLIW,PIMTAJ,0.64000004529953
CAVLIW,POMSOB,0.64000004529953
CAVLOC,OSAVEK,0.64000004529953
CAVLOC,DIQGUH,0.64000004529953
CAVMIW,DALSER,1.0
CAVMIW,SAHBAF,1.0
CAVMIW,COXHON,1.0
CAVMIW,CAYSOL,1.0
CAVMIX,UNEBIZ,0.5170212388038635
CAVMIX,PIFXOU,0.41499999165534973
CAVMIX,TEQVIW,0.41499999165534973
CAVMUJ,GATHAL,1.0
CAVMUJ,SUXTAI,1.0
CAVMUJ01,GATHAL,1.0
CAVMUJ01,SUXTAI,1.0
CAVMUJ02,GATHAL,1.0
CAVMUJ02,SUXTAI,1.0
CAVMUJ03,RICHIV,0.8999999761581421
CAVMUJ03,RIHJIC,0.8999999761581421
CAVMUJ03,LIBJAJ,0.8999999761581421
CAVNOE,EXEQEE,0.32499998807907104
CAVNOE,HOJNUR,0.3117647171020508
CAVNOE,HAZGOF,0.3117647171020508
CAVQOH,GUZXUU,0.8999999761581421
CAVQOH,CEBDOD,0.8999999761581421
CAVQOH,GUZXUU01,0.8999999761581421
CAVQOH,PELTEG,0.5400000214576721
CAVQOH,YALYIU,0.7749999761581421
CAVRUO,CAVSAV,0.8999999761581421
CAVRUO,XINYAW,0.7463414072990417
CAVRUO,NAVBAQ01,0.5378378629684448
CAVSAV,XINYAW,0.7463414072990417
CAVSAV,LINGAQ,0.5378378629684448
CAVSOJ,CAVTAW,1.0
CAVSOJ,RAQLOL,0.8999999761581421
CAVSOJ,CAVSUP,0.6275862455368042
CAVSOJ,RIVRIY,0.6480000019073486
CAVSOJ,WEHNAA,0.48461538553237915
CAVSUP,CAVTAW,0.6275862455368042
CAVSUP,RAQLOL,0.5275862216949463
CAVTAW,RAQLOL,0.8999999761581421
CAVVOM,XOJXEA,1.0
CAVVOM,XOJXAW,1.0
CAVVOM,XOJWID,1.0
CAVWII,OMUMIU,1.0
CAVWII,UQUTUX,1.0
CAVWII,UQUTUX01,1.0
CAVWOO,LAVTEJ,1.0
CAVWOO,NIGFUF,1.0
CAVWOO,RIBRAY,1.0
CAVYUW,EBIBEZ,1.0
CAVYUW,FIVNAZ,1.0
CAVYUW,WEMFOL,1.0
CAWDOU,UGOSOY,1.0
CAWDOU,CAWDOU02,1.0
CAWDOU,OMATED,1.0
CAWDOU,ISAYOQ,1.0
CAWDOU,ISAYUW,1.0
CAWDOU,QATVUE,0.6785714030265808
CAWDOU02,UGOSOY,1.0
CAWDOU02,OMATED,1.0
CAWDOU02,HEJTOI,0.606249988079071
CAWDOU02,ISAYOQ,1.0
CAWDOU02,ISAYUW,1.0
CAWDOU02,MUTNAQ,0.48750001192092896
CAWDOU02,QATVUE,0.6785714030265808
CAWLIY,KIFTUQ,0.8999999761581421
CAWLIY,YUJCOX,0.64000004529953
CAWLIY,LIKFOB,0.64000004529953
CAWVIH,UWAGAB04,1.0
CAWVIH,UWAGAB05,1.0
CAWVIH,CENQAP,1.0
CAWVIH,IQOJAB,0.800000011920929
CAWVIH,UWAFOO,1.0
CAWVIH,UWAFUU,1.0
CAWVIH,UWAGAB,1.0
CAWVIH,UWAGAB01,1.0
CAWVIH,UWAGAB02,1.0
CAWVIH,UWAGAB03,1.0
CAWVIH,UWAGAB06,1.0
CAWVIH,VAGMAT,1.0
CAWVIH,VAGMEX,1.0
CAXSUR,OFAWEZ,0.8999999761581421
CAXSUR,DADXUE,0.8999999761581421
CAXSUR,IYEXEP,0.8999999761581421
CAXSUR,SABVOH,0.3181818127632141
CAXSUR,YICGUP,0.8999999761581421
CAXTAY,SABVOH01,1.0
CAXTAY,EGELOS,1.0
CAXTAY,HAFQOW,1.0
CAXTEC,NAXKOO,1.0
CAXTEC,RUPNEW,1.0
CAXTEC,MAWCAR,0.8999999761581421
CAXTEC,EZIPEK,0.8999999761581421
CAXVII,SARHEA,1.0
CAXVII,CAXWIJ,1.0
CAXVII,KOSKUA,0.8999999761581421
CAXVII,KAFTIX,0.41499999165534973
CAXVOO,WOPSAX01,1.0
CAXVOO,WOPSOL01,1.0
CAXVOO,SARHAW,1.0
CAXVOO,COKMEW,1.0
CAXVUU,CAXWEF,1.0
CAXVUU,GUVZII,1.0
CAXVUU,KOSLIP,0.4909090995788574
CAXVUU,KOSLOV,0.4909090995788574
CAXVUU,TOWMID,0.2657894790172577
CAXWAB,WOPSAX01,1.0
CAXWAB,WOPSOL01,1.0
CAXWAB,SARHAW,1.0
CAXWAB,GUVZEE,1.0
CAXWAB,WOPSAX,1.0
CAXWAB,WOPSAX02,1.0
CAXWAB,WOPSOL,1.0
CAXWAB,WOQTUT,1.0
CAXWAB,WOQVAB,1.0
CAXWEF,GUVZII,1.0
CAXWEF,KOSLIP,0.4909090995788574
CAXWEF,KOSLOV,0.4909090995788574
CAXWEF,MALSAW,0.3482758700847626
CAXWEF,NASYUD,0.34285715222358704
CAXWIJ,SARHEA,1.0
CAXWIJ,KOSKUA,0.8999999761581421
CAXWIJ,KAFTIX,0.41499999165534973
CAXWOP,OBEROF,0.4714285731315613
CAXWOP,LEKSIG,0.4272727370262146
CAXWOP,PIBBIO,0.42553189396858215
CAXWOP,CAXWUV,0.42264148592948914
CAXWUV,FEWDUJ,0.4864864647388458
CAXZOS,ERUNUC,1.0
CAXZOS,JODGIU,1.0
CAXZOS,DIDBEZ,1.0
CAXZOS,QOQWOK,0.8999999761581421
CAXZOS,QOQWOK01,0.8999999761581421
CAXZOS,TOHQEO,0.800000011920929
CAXZUY,TEVVAU,1.0
CAXZUY,TEVVIC,1.0
CAXZUY,GAWZOW,1.0
CAXZUY,WURNOO,0.8999999761581421
CAYBAH,CAYBAH01,1.0
CAYBAH,HEJQIZ,0.8999999761581421
CAYBAH,UFOBAV,0.8999999761581421
CAYBAH,DIBXIW,0.3700000047683716
CAYBAH01,HEJQIZ,0.8999999761581421
CAYBAH01,UFOBAV,0.8999999761581421
CAYBAH01,DIBXIW,0.3700000047683716
CAYBAH01,VERQIU,0.8999999761581421
CAYDEN,CAYDIR,1.0
CAYDEN,CAYDOX04,1.0
CAYDEN,CAYDOX03,1.0
CAYDEN,CAYDOX,1.0
CAYDEN,CAYDOX01,1.0
CAYDEN,CAYDOX02,1.0
CAYDEN,CAYDOX05,1.0
CAYDEN,CAYDOX06,1.0
CAYDEN,CAYDUD,1.0
CAYDEN,CAYFAL,1.0
CAYDEN,CAYGIU,1.0
CAYDIR,CAYDOX04,1.0
CAYDIR,CAYDOX03,1.0
CAYDOX,CAYDOX04,1.0
CAYDOX,CAYDOX03,1.0
CAYDOX,YEZFIU,0.8999999761581421
CAYDOX01,CAYDOX04,1.0
CAYDOX01,CAYDOX03,1.0
CAYDOX01,YEZFIU,0.8999999761581421
CAYDOX02,CAYDOX04,1.0
CAYDOX02,CAYDOX03,1.0
CAYDOX02,CAYDOX05,1.0
CAYDOX02,CAYDOX06,1.0
CAYDOX02,CAYDUD,1.0
CAYDOX02,CAYFAL,1.0
CAYDOX02,CAYGIU,1.0
CAYDOX03,CAYDOX04,1.0
CAYDOX03,CAYDOX05,1.0
CAYDOX03,CAYDOX06,1.0
CAYDOX03,CAYDUD,1.0
CAYDOX03,CAYFAL,1.0
CAYDOX03,CAYGIU,1.0
CAYDOX03,ICAHAY,0.6000000238418579
CAYDOX04,ICAHAY,0.6000000238418579
CAYDUD,TEBPIB,0.6230769157409668
CAYGIU,ICAHAY,0.6000000238418579
CAYKEU,KEGKUF,0.8999999761581421
CAYKEU,QEMGIB,0.8999999761581421
CAYKEU,QEMGOH,0.8999999761581421
CAYKEU,UGAGIV,0.8999999761581421
CAYKOF,XEQRAO,0.5935484170913696
CAYKOF,RIBSAZ,0.5806451439857483
CAYKOF,FALGIK,0.5666666626930237
CAYQAV,KEPGAN,1.0
CAYQAV,JALLEQ,1.0
CAYQAV,OGALAK,0.8999999761581421
CAYRIE,CAYROK,1.0
CAYSIE,CAYSOK,0.8999999761581421
CAYSIE,CECHAW,0.8999999761581421
CAYSIE,MUMYAW,0.7617647051811218
CAYSIE,MUMZAX,0.8258064389228821
CAYSIE,ZENXEY,0.7249999642372131
CAYSOK,CAYYEG,1.0
CAYSOK,MURFIQ,1.0
CAYSOL,SAHBAF,1.0
CAYSOL,COXHON,1.0
CAYSOL,DALSAN,1.0
CAYSOL,DALSER,1.0
CAYSOL,HOGWAB,1.0
CAYSOL,SAGZUW,1.0
CAYSOL,SAHBEJ,1.0
CAYSOL,XIPHIN,1.0
CAYYEG,MURFIQ,1.0
CAYYEG,CECHAW,0.8999999761581421
CAYYEG,YOVTOS,0.8999999761581421
CAZLEV,CAZLIZ,1.0
CAZLEV,UXUXAO,0.8999999761581421
CAZLIZ,UXUXAO,0.8999999761581421
CAZLIZ,CISMAT,0.8999999761581421
CAZLIZ,CISMAT01,0.8999999761581421
CAZLOF,OCUTEM,0.8999999761581421
CAZLOF,NELTUU,0.8999999761581421
CAZLOF,QADKAH01,0.8999999761581421
CAZLOF,YEYMIY,0.8999999761581421
CAZNEY,PEKDAM,0.8999999761581421
CAZNEY,PEKDEQ,0.8999999761581421
CAZNEY,OXALAB,0.7677419781684875
CDCACD,CDCACD01,1.0
CDCACD,SALLAT,0.34545454382896423
CDCACD,GAHKIJ10,0.2879999876022339
CDCACD01,SALLAT,0.34545454382896423
CDCACD01,GAHKIJ10,0.2879999876022339
CDCYAC,YAWZUS,0.4176470637321472
CDCYAC,UGUXUP02,0.4176470637321472
CDCYAC,UGUXUP,0.4176470637321472
CDLGLU01,CDLGLU11,1.0
CDLGLU01,CDLGLU10,1.0
CDLGLU01,CDLGLU02,1.0
CDLGLU01,CDLGLU12,1.0
CDLGLU02,CDLGLU11,1.0
CDLGLU02,CDLGLU10,1.0
CDLGLU02,CDLGLU12,1.0
CDLGLU10,CDLGLU11,1.0
CDLGLU10,CDLGLU12,1.0
CDLGLU10,EGEBEY,0.530434787273407
CDLGLU11,HURNOX,0.8999999761581421
CEBDOD,GUZXUU01,0.8999999761581421
CEBDOD,GUZXUU,0.8999999761581421
CEBGAS,JEKRAT,1.0
CEBGAS,GALDUT,0.8999999761581421
CEBGAS,LALYOO,0.6576922535896301
CEBGAS,PUKVAU,0.5040000081062317
CECHAW,SAZQEQ,0.8999999761581421
CECHAW,MURFIQ,0.8999999761581421
CECHAW,JITFAU,0.8999999761581421
CECKIH,DAPHAD01,1.0
CECKIH,WECBEN,1.0
CECKIH,OHEGAJ,1.0
CECKIH,COXHED,0.8999999761581421
CECKON,COXHED,1.0
CECKON,NOQKEJ,1.0
CECKON,WEMFIF,0.8999999761581421
CECVAI,YAZYUU,0.6806451678276062
CECVAI,LUMQOB,0.3863636255264282
CECVAI,KEYFIF,0.33571428060531616
CECVIQ,EDADET,1.0
CECVIQ,KOLPUX,0.8999999761581421
CECVIQ,QAJFOY,0.8999999761581421
CECVIQ,KOLPIL,0.8999999761581421
CECVOW,KOLPIL,1.0
CECVOW,GIZNOT,0.8999999761581421
CECVOW,YORYUA,0.8999999761581421
CECWIT,CEDTOX,1.0
CECWIT,YOYQAG,0.8999999761581421
CECWIT,YOYPUZ,0.8999999761581421
CECWIT,NEJYUY,0.7942857146263123
CEDFIC,CEDFUO,1.0
CEDFIC,PEGCEM,1.0
CEDFIC,FIVTUC,1.0
CEDFIC,NAGKOY,0.8999999761581421
CEDFIC,XOBGON,0.8999999761581421
CEDFIC,XUMVAD,0.8999999761581421
CEDFIC,XUMVEH,0.8999999761581421
CEDFOI,CEDFUO,1.0
CEDFOI,PEGCEM,1.0
CEDFOI,FIVTUC,1.0
CEDFOI,GEVWUC,0.8999999761581421
CEDFOI,XUMVAD,0.8999999761581421
CEDFOI,XUMVEH,0.8999999761581421
CEDFUO,PEGCEM,1.0
CEDFUO,FIVTUC,1.0
CEDFUO,KABXOC,0.8999999761581421
CEDFUO,XOBGON,0.8999999761581421
CEDTOX,YOYQIO,0.8999999761581421
CEDTOX,YOYPOT,0.8999999761581421
CEDYER,CEDYER01,1.0
CEDYER,UPIZOJ,0.9571428894996643
CEDYER,FICYUL01,0.8999999761581421
CEDYER,SIDRUT,0.8999999761581421
CEDYER,TEKYOX01,0.8999999761581421
CEDYER01,UPIZOJ,0.9571428894996643
CEDYER01,FICYUL01,0.8999999761581421
CEDYER01,ETUTIX,0.8999999761581421
CEDYER01,HIQXEM,0.6759999990463257
CEFDAU,PURQEZ,1.0
CEFDAU,SOCWOX,1.0
CEFDAU,NUSSEA,1.0
CEFDAU,PUFXIY,0.8999999761581421
CEFDAU,PUFXIY01,0.8999999761581421
CEFHAZ,FUCTAY,0.8999999761581421
CEFHAZ,IPIDAN,0.5210525989532471
CEFHAZ,XAYNAM,0.44999998807907104
CEFHAZ,HOTBUP,0.35384616255760193
CEFHAZ,MUBQIJ,0.4000000059604645
CEFNEJ,QIYDIN01,0.7749999761581421
CEFNEJ,FAGQAI,0.7749999761581421
CEFNEJ,QIYDAF,0.7749999761581421
CEFNEJ,RASPEJ,0.5864864587783813
CEFNEJ,XOTSEG,0.692307710647583
CEFNEJ,XOTSIK,0.692307710647583
CEFNIN,IXETEM,0.8999999761581421
CEFNIN,OFOJAX,0.8499999642372131
CEFNIN,CEFNOT,0.737500011920929
CEFNOT,QIYDIN,0.7230769395828247
CEGDUO,GUPBOJ01,0.8999999761581421
CEGDUO,OFERUN05,0.8999999761581421
CEGDUO,GUPCOK,0.4124999940395355
CEGFAW,SEFWEH,0.8999999761581421
CEGFAW,SEFWAD,0.8999999761581421
CEGFAW,NIFRUS,0.8999999761581421
CEGFAW,CUZLAM,0.36129030585289
CEGJOO,OWITAQ,0.3142857253551483
CEGJOO,OWIVAS,0.3142857253551483
CEGJOO,YAPLIM,0.27142858505249023
CEGWER,ISEQIH,0.4535714089870453
CEGWER,QOTDUZ,0.44137927889823914
CEGWER,LIGTOK,0.3879999816417694
CEHKUW,OVEHUT,1.0
CEHKUW,TOKDON,1.0
CEHKUW,CUMLUT,1.0
CEHKUW,DUYVAV,0.8999999761581421
CEHKUW,GERWOR,0.7000000476837158
CEHKUW,SIZGEO,1.0
CEHKUW,SIZGIS,1.0
CEHLAD,XASNUD,1.0
CEHLAD,XASPEP,1.0
CEHLAD,PERQUB,1.0
CEHQOX,XEVHAI,0.8999999761581421
CEHQOX,WUKFEP,0.8999999761581421
CEHQOX,KAYBUI,0.8999999761581421
CEHWIX,CEHWOD,1.0
CEHWIX,PEXJUY01,0.8999999761581421
CEHWIX,YOSLIB02,0.8999999761581421
CEHWOD,PEXJUY01,0.8999999761581421
CEHWOD,YOSLIB02,0.8999999761581421
CEHXIY,DEYNIG,1.0
CEHXIY,RUPTED,1.0
CEHXIY,PEXJUY,1.0
CEHXIY,NUJXEV,0.737500011920929
CEHXIY,PEXJUY01,1.0
CEHXIY,RANYOU,1.0
CEHXIY,RANZAH,1.0
CEHZAR,JADRUC,1.0
CEHZAR,CEHZAR01,1.0
CEHZAR,XUJDAI01,0.8999999761581421
CEHZAR,IMIDZB,0.5
CEHZAR01,JADRUC,1.0
CEHZAR01,XUJDAI01,0.8999999761581421
CEHZAR01,EXOWUL,0.7000000476837158
CEHZAR01,IMIDZB,0.5
CEHZAR01,OYEJAE,0.2928571403026581
CEJFOO,NERVIP,1.0
CEJFOO,FAZPIH,1.0
CEJFOO,WOPWOP,1.0
CEJFUU,ECOJIP,1.0
CEJFUU,KAFPUE,1.0
CEJFUU,WOHYOH,1.0
CEJFUU,WOHYOH01,1.0
CEJGAB,LOBNUM,1.0
CEJGAB,CURSEO,1.0
CEJGAB,HOHJAR,1.0
CEJNOU,LUJSOA,0.8999999761581421
CEJNOU,REMQIJ,0.8999999761581421
CEJNOU,QANZAH,0.8999999761581421
CEJNOU,JERXAI,0.446153849363327
CEJNOU,MUTGUD,0.446153849363327
CEJNOU,VEHYEM,0.8999999761581421
CEJSUG,VINKOV,0.5950000286102295
CEJSUG,GACTIQ,0.5499999523162842
CEJSUG,HIQKEY,0.5499999523162842
CEJSUG,YIKPIU,0.446153849363327
CEJWAR,RUPZIM,1.0
CEJWAR,NHBZZN10,1.0
CEJWAR,WIWDEN,0.8999999761581421
CEJWAR,ILAKAH,0.8999999761581421
CEJWAR,MOLLEG,0.8999999761581421
CEJXEW,KEDJEL,1.0
CEJXEW,ZALLEG,1.0
CEJXEW,SAQQAD,1.0
CEJXIA,HIPMOK,1.0
CEJXIA,LACJEH,0.8999999761581421
CEJXIA,XIVTED,0.8999999761581421
CEJXIA,EVADIQ,0.8999999761581421
CEJXIA,HIPLUP,0.8999999761581421
CEJXIA,PEFRID,0.8999999761581421
CEJXIA,PEFRID01,0.8999999761581421
CEJXIA,VOPCEK,0.8999999761581421
CEJXIA,VOPCIO,0.8999999761581421
CEJXIA,WEQQUH,0.8999999761581421
CEJXOG,RESWUI02,1.0
CEJXOG,UCEXOQ,1.0
CEJXOG,NELREC,1.0
CEJXOG,NELRAY,1.0
CEJXOG,NERMON,1.0
CEJXOG,REQDOH,1.0
CEJXOG,RESWUI,1.0
CEJXOG,RESWUI01,1.0
CEKHIL,MONPAI,0.8999999761581421
CEKHIL,FIPKOG,0.8999999761581421
CEKHIL,CUFGIV,0.8999999761581421
CEKHIL,RIKFUP,0.5935484170913696
CEKHIL,UWUKII,0.6454545855522156
CEKHIL,WODREO,0.8071428537368774
CEKHUY,NEMCOA,1.0
CEKHUY,ONIXOZ,0.785714328289032
CEKHUY,ORAWAH,0.785714328289032
CEKWEW,OFEGOX,0.8999999761581421
CEKWEW,COLPEA,0.7617647051811218
CEKWEW,DAWFEO,0.75
CEKWEW,CEQPIA,0.6499999761581421
CEKYIC,HIXWIU01,1.0
CEKYIC,REGLOG,1.0
CEKYIC,UPIXUN01,1.0
CEKYIC,HIXWIU,1.0
CEKYIC,XUBMEN,1.0
CELDAA,TEPWIX,1.0
CELDAA,GOBXAY,1.0
CELDAA,TULGIS,0.5909091234207153
CELNUE,PEGRAW,1.0
CELNUE,PEGREA,1.0
CELNUE,PEGSAX,0.8999999761581421
CELNUE,YEMLUY,0.5034482479095459
CELZEA,XOJLAK,0.8999999761581421
CELZEA,CIHNEO,0.8999999761581421
CELZEA,MUQSIA,0.8999999761581421
CELZEA,ZIVCAK,0.8999999761581421
CELZIE,WEVYEE,0.64000004529953
CELZIE,KENKOE,0.64000004529953
CELZIE,CELZOK,0.5875000357627869
CELZOK,KENKOE,0.7352941632270813
CELZOK,WEVYEE,0.7352941632270813
CELZOK,NIRPEM,0.64000004529953
CELZUQ,OQOCAA,1.0
CELZUQ,OQOBUT,1.0
CELZUQ,WEMFUR,0.8999999761581421
CEMBII,WIZMAV09,1.0
CEMBII,WIZMAV10,1.0
CEMBII,WIZMAV04,1.0
CEMBII,WAYKAK,0.8999999761581421
CEMJOV,EXOFIH,1.0
CEMJOV,LEMYUA,1.0
CEMJOV,FEJHOS,1.0
CEMJOV,UTULUR,1.0
CEMLIS,CEMLOY,1.0
CEMLIS,XUBGUY,0.8999999761581421
CEMLIS,ENITEB,0.8999999761581421
CEMLOY,XUBGUY,0.8999999761581421
CEMLOY,ENITEB,0.8999999761581421
CEMLOY,HIHGEM,0.8999999761581421
CEMMUD,FAKLUB,0.3879999816417694
CEMMUD,FODWOL,0.364705890417099
CENLEP,WEKXAM,0.3400000035762787
CENLEP,KOMGAV,0.32499998807907104
CENLEP,KELJER,0.32499998807907104
CENPUI,MUDLON,1.0
CENPUI,UWAGAB01,0.8999999761581421
CENPUI,OXOZUY,0.8999999761581421
CENPUI,DADLOM,0.8999999761581421
CENQAP,UWAGAB04,1.0
CENQAP,UWAGAB05,1.0
CENQAP,UWAFOO,1.0
CENQAP,DIXGIC,0.8999999761581421
CENQAP,EHIJAH,1.0
CENQAP,XAFFAN,1.0
CENQAP,XAFFER,1.0
CEPBEH,CEPBOR,0.8999999761581421
CEPBEH,WAVXUO,0.6896551847457886
CEPBEH,FEXNUU,0.6884615421295166
CEPBOR,VOLRAQ,0.6884615421295166
CEPBOR,VOLQOD,0.6884615421295166
CEPXON,WEHHUO,0.8999999761581421
CEPXON,IYOLAL,0.8999999761581421
CEPXON,CEPXUT,0.8999999761581421
CEPXON,DAKVIW,0.8999999761581421
CEPXUT,FEQSIF,1.0
CEPXUT,DAKVOC,0.8999999761581421
CEPXUT,DEYMOL,0.8999999761581421
CEPXUT,IYOLAL,0.8999999761581421
CEPYII,WEHHUO,1.0
CEPYII,WEHJAW,1.0
CEPYII,WEHJEA,1.0
CEPYII,DAKVIW,0.8999999761581421
CEPYII,WEHHEY,1.0
CEPYII,WEHHIC,1.0
CEPYII,WEHHOI,1.0
CEQPIA,ZIKCON,0.6352941393852234
CEQPIA,COLPEA,0.6351351737976074
CEQPOG,IQEKOG,0.6499999761581421
CEQPOG,TELFAT,0.6307692527770996
CEQPOG,NIBSAU,0.5950000286102295
CERMIV,PADROD,0.8999999761581421
CERMIV,MAZJEC,0.8999999761581421
CERMIV,IWACUE,0.8999999761581421
CERMIV,HURQUG,0.8999999761581421
CERPOF,XADLIX,1.0
CERPOF,CERPOF01,1.0
CERPOF,RUDRUE,1.0
CERPOF,RILVAL,0.7352941632270813
CERPOF01,XADLIX,1.0
CERPOF01,RUDRUE,1.0
CERPOF01,FAHFUR,0.8999999761581421
CERPOF01,FAHGAY,0.8999999761581421
CERPOF01,RILVAL,0.7352941632270813
CESNUM,WEBKOD,1.0
CESNUM,NEBTAS,1.0
CESNUM,GIMSUS,1.0
CESNUM,QEPTEL,1.0
CESPEY,CESPIC,1.0
CESPEY,DENQIZ,0.8999999761581421
CESPEY,LACPEN,0.8999999761581421
CESPEY,QEJLEZ,0.665217399597168
CESPIC,DENQIZ,0.8999999761581421
CESPIC,LACPEN,0.8999999761581421
CESQUP,JEDDII,1.0
CESQUP,LEKNUN,1.0
CESQUP,LEKPAV,1.0
CESQUP,COGNAO,1.0
CESQUP,DARCOQ,0.8999999761581421
CESQUP,DARFAF,0.8999999761581421
CESQUP,GENGIR,0.8999999761581421
CESQUP,WUMDIT,0.9142857193946838
CESQUP,ZONCOW,0.6333333253860474
CESYEF,CESYEF01,1.0
CESYEF,NAMKAO,1.0
CESYEF,NUZSOR,1.0
CESYEF,NEHLOC,0.4300000071525574
CESYEF,POTXUT,0.45454543828964233
CESYEF01,NAMKAO,1.0
CESYEF01,NUZSOR,1.0
CETFOX,KODPUP,1.0
CETFOX,EJIDUW02,1.0
CETFOX,NAJGAH,0.925000011920929
CETFOX,UDIQII,0.8999999761581421
CETFUD,JEHLAK,1.0
CETFUD,KEQNOK,1.0
CETFUD,FEYQOQ,0.925000011920929
CETFUD,SOWXAF,0.8999999761581421
CETFUD,SOWXIN,0.8999999761581421
CETHEQ,PEWGEF,1.0
CETHEQ,CUNFOH01,1.0
CETHEQ,JETQOP,1.0
CETKOE,IVOCIH,1.0
CETKOE,IZENEH,0.8999999761581421
CETKOE,ZNFORD06,0.2800000011920929
CETNUL,REVYUO,1.0
CETNUL,KICVIC,0.8999999761581421
CETNUL,ZOFZEB,0.43333330750465393
CETNUL,GOFNEV,0.3700000047683716
CETPIB,UXOWIO,1.0
CETPIB,UXOWOU,1.0
CETPIB,OJOQEJ02,1.0
CETPIB,DOQFOE,1.0
CETPIB,KIVZAR,1.0
CETPIB02,UXOWIO,1.0
CETPIB02,UXOWOU,1.0
CETPIB02,OJOQEJ02,1.0
CETPIB02,HEMZOR,1.0
CETPIB02,HEMZUX,1.0
CETPIB02,WOPXAA,0.8999999761581421
CETPIB02,WOPXAA01,0.8999999761581421
CETPIB02,WOPXAA02,0.8999999761581421
CETPIB02,ZEBHOG,0.8999999761581421
CETVAA,XUMNAW,0.8999999761581421
CETVAA,OFACEF,0.7631579041481018
CETVAA,CUSQOX,0.6631578803062439
CEVBEN,VUMYAF,0.5
CEVBEN,YICRAE,0.4374999701976776
CEVBEN,LEKGOY01,0.4374999701976776
CEVBIR,DITVOT,0.42553189396858215
CEVBIR,POCLAV,0.42499998211860657
CEVBIR,TIQDED,0.4162161946296692
CEVKET,MIGMEU,1.0
CEVPID,CEVPID01,1.0
CEVPID,COGLOA,0.7000000476837158
CEVPID,ZARTAP03,0.6480000019073486
CEVPID,DALCEZ,0.4162161946296692
CEVPID,IPABIL,0.43448275327682495
CEVPID,IPABIL01,0.43448275327682495
CEVPID01,COGLOA,0.7000000476837158
CEVPID01,ZARTAP03,0.6480000019073486
CEVPID01,IPABIL,0.43448275327682495
CEVPID01,IPABIL01,0.43448275327682495
CEVVEF,DENGAH,1.0
CEVVEF,CEVVIJ,1.0
CEVVEF,DENFUA,1.0
CEVVIJ,DENGAH,1.0
CEVVIJ,DENFUA,1.0
CEWNIB,LEPLEZ02,0.8999999761581421
CEWNIB,POPMUE,0.8999999761581421
CEWNIB,YOCMAF,0.8999999761581421
CEWNIB,UCOCAR,0.8999999761581421
CEWQAZ,CEWQED,1.0
CEWQAZ,ULUVUT,1.0
CEWQAZ,RUMRUO,1.0
CEWQAZ,FIBHOQ,1.0
CEWQED,ULUVUT,1.0
CEWQED,RUMRUO,1.0
CEWQED,OQOXAV,1.0
CEXBAL,OYIVEY,0.6818181276321411
CEXBAL,DURDIF,0.6225806474685669
CEXBAL,DURDAX,0.6225806474685669
CEXJUN,CEXJUN02,1.0
CEXJUN,CEXJUN01,1.0
CEXJUN,CEXJUN03,1.0
CEXJUN,COGLOA,0.7096774578094482
CEXJUN,FELZOM,0.8999999761581421
CEXJUN,FUVYEB,0.6749999523162842
CEXJUN,FUVYEB01,0.6749999523162842
CEXJUN,MURFEM,0.8999999761581421
CEXJUN01,CEXJUN02,1.0
CEXJUN01,CEXJUN03,1.0
CEXJUN02,CEXJUN03,1.0
CEXJUN02,COGLOA,0.7096774578094482
CEXJUN02,FELZOM,0.8999999761581421
CEXJUN02,XAMNAD,0.47741931676864624
CEXJUN03,CIDKUX,0.4599999785423279
CEXJUN03,COGLOA,0.7096774578094482
CEXJUN03,FUVYEB,0.6749999523162842
CEXJUN03,FUVYEB01,0.6749999523162842
CEXJUN03,MURFEM,0.8999999761581421
CEXWEI,HILKAP01,0.8999999761581421
CEXWEI,JOJLOK,0.8999999761581421
CEXWEI,REMJOJ01,0.8999999761581421
CEXWEI,KAWHOI,0.8999999761581421
CEXWEI,NORQIW,0.8999999761581421
CEXWIM,CEXWOS,0.8999999761581421
CEXWIM,KAWHOI,0.8999999761581421
CEXWIM,REMJOJ01,0.8999999761581421
CEXWIM,REMJOJ,0.8999999761581421
CEXWOS,NORQIW,0.8999999761581421
CEXWOS,IJUSUD,0.8999999761581421
CEXWOS,HILKAP01,0.8999999761581421
CEXWOS,MOGNAY,0.8999999761581421
CEXYOU,TOHYIA,0.8999999761581421
CEXYOU,ETUQEQ,0.8999999761581421
CEXYOU,XIBQOQ,0.8999999761581421
CEXYOU,COHJEP,0.33399999141693115
CEXYOU,ENIBOU,0.4724137783050537
CEYPUT,OJOBAS,1.0
CEYPUT,CEYPUT01,1.0
CEYPUT,CIJBEE,1.0
CEYPUT,EXUXEC,1.0
CEYPUT,TATSIS,1.0
CEYPUT,TATSIS01,1.0
CEYPUT,VEDFAN,1.0
CEYPUT,VEDFER,1.0
CEYPUT,VEDFIV,1.0
CEYPUT,VEDFOB,1.0
CEYPUT,VEDFUH,1.0
CEYPUT,VEDGAO,1.0
CEYPUT,VEDGES,1.0
CEYPUT,VEDGIW,1.0
CEYPUT,VODNOS,1.0
CEYPUT01,OJOBAS,1.0
CEYPUT01,ERUNIQ,1.0
CEYYIQ,EPOXAJ,0.5714285969734192
CEYYIQ,LECHUX,0.5714285969734192
CEYYIQ,FENXON,0.5142857432365417
CEYYIQ,FENXIH,0.5142857432365417
CEYYIQ,FENYUU,0.5142857432365417
CEZYOY,PINPAG,0.8999999761581421
CEZYOY,QIDQUS,0.8999999761581421
CEZYOY,UTIYED,0.8999999761581421
CEZZEN,TOLYID,1.0
CEZZEN,CEZZIR,1.0
CEZZEN,TEDZUZ,1.0
CEZZEN,RUYFUO,0.8999999761581421
CEZZEN,YOTQUV,0.8999999761581421
CEZZIR,TOLYID,1.0
CEZZIR,TEDZUZ,1.0
CEZZIR,TEYBOQ,0.6896551847457886
CEZZIR,TEYBUW,0.6896551847457886
CEZZIR,TEYCAD,0.6896551847457886
CEZZIR,XIVLEW,0.8999999761581421
CIBTIR,ELOCUD,0.8999999761581421
CIBTIR,ECIWAO,0.8999999761581421
CIBTIR,ODIZOQ,0.8999999761581421
CIBTIR,QOZDOY,0.8999999761581421
CIBTIT,PUNYIH,1.0
CIBTIT,EKEXIC,1.0
CIBTIT,WEYQAU01,1.0
CIBTIT,ZUCXOK,1.0
CIBTIT,ZUDQUM,1.0
CIBTIT,ZUDRAT,1.0
CICSOW,CICSOW01,1.0
CICSOW,CICSOW02,1.0
CICSOW,WELTUD,0.8999999761581421
CICSOW01,CICSOW02,1.0
CICSOW01,WELTUD,0.8999999761581421
CICSOW02,WELTUD,0.8999999761581421
CICSOW02,KOMGEZ,0.8999999761581421
CICSOW02,KOMGID,0.8999999761581421
CICYIX,VUNCOX,0.8999999761581421
CICYIX,SADBOQ,0.8999999761581421
CICYIX,UHASED,0.8999999761581421
CICYIX,SADBEG,0.8999999761581421
CICYIX,SADCAD,0.8999999761581421
CICYIX,UHATAA,0.8999999761581421
CIDCAW,CUBHOY,0.7617647051811218
CIDCAW,GICXOI,0.6749999523162842
CIDCAW,GARTAX,0.6749999523162842
CIDKUX,UYEWIG02,0.48571428656578064
CIDKUX,WOZPEI,0.46666663885116577
CIDNIM,SADZUV,0.6785714030265808
CIDNIM,FIPWOS,0.5647059082984924
CIDNIM,FIPXEJ,0.5647059082984924
CIDPEM,COKFAK,1.0
CIDPEM,VADWON,0.887499988079071
CIDPEM,CUMKIG03,0.887499988079071
CIDPEM,XUBBOM,0.5914285778999329
CIFDOM,LIXWAR01,1.0
CIFDOM,OYOSAX,1.0
CIFDOM,EGUHET01,1.0
CIFDOM,EYUWAW,1.0
CIFDOM,LIXWAR,1.0
CIFDUS,LIXWAR01,1.0
CIFDUS,OYOSAX,1.0
CIFDUS,EGUHET01,1.0
CIFDUS,CUXFIL,0.8578947186470032
CIFDUS,EGUHET,1.0
CIFDUS,LIWYOG,0.8999999761581421
CIFGOP,EDOWEC,1.0
CIFGOP,YAJNEF,1.0
CIFGOP,QATLEE,1.0
CIFGOP,EPECEJ,0.550000011920929
CIFGOP,EPECIN,0.550000011920929
CIFGOP,EPECOT,0.550000011920929
CIFGOP,IXUQOJ,1.0
CIFGOP,REHMAU,0.550000011920929
CIFGOP,XOHPIU,0.5199999809265137
CIFGUT,JUPFOP,1.0
CIFGUT,OTIWOF02,1.0
CIFGUT,ZIWTII,1.0
CIFGUV,NESDIA,0.5
CIFGUV,DETRAX,0.5
CIFHAC,CUYXOK,0.8999999761581421
CIFHAC,IJASOC,0.8999999761581421
CIFHAC,KINDOC,0.8999999761581421
CIFHAC,DOSHID,0.8999999761581421
CIFHAC,HUMWET,0.7157894968986511
CIFHAC,KIVVOC,0.8999999761581421
CIFHAC,TADHEN,0.7714285850524902
CIFHIK,ZIGXEU,1.0
CIFHIK,ZIGXAQ01,1.0
CIFHIK,ZIGXAQ,1.0
CIFHIK,PASMOO,0.8999999761581421
CIFHIK,TUCHUV,1.0
CIFHIK,TUCJAD,1.0
CIFHIK,XIYFOA,1.0
CIFHOQ,ZIGXEU,1.0
CIFHOQ,ZIGXAQ01,1.0
CIFHOQ,ZIGXAQ,1.0
CIFHOQ,FEFXEW,0.8999999761581421
CIFHOQ,OQIQIQ,0.8999999761581421
CIFJAE,HIYZEV,1.0
CIFJAE,DAFHOJ,1.0
CIFJAE,ZOZKAC,1.0
CIFJAE,FIJDEI,0.8999999761581421
CIFJAE,ZOYKAB,1.0
CIFLAH,YAMYUJ,0.8999999761581421
CIFLAH,IWEWOY,0.5628571510314941
CIFLAH,CIFSAO,0.5628571510314941
CIFMAH,NIGPEA,1.0
CIFMAH,DIBQIQ,1.0
CIFMAH,DIBQOW,1.0
CIFMAH,HELDOT,1.0
CIFMAH,MIHJUL,1.0
CIFMIP,XAPSIS,1.0
CIFMIP,TIVYAZ,1.0
CIFMIP,EKEXOI,1.0
CIFSAO,GAZZIS02,1.0
CIFSAO,GAZZIS03,1.0
CIFSAO,UNIDAY,1.0
CIFSAO,FOSTIS,1.0
CIFSAO,FOSTOY,1.0
CIFSAO,FOSTUE,1.0
CIFSAO,GAZZIS,1.0
CIFSAO,GAZZIS01,1.0
CIFSAO,GAZZIS04,1.0
CIFSAO,GAZZIS05,1.0
CIFSAO,IWEWOY,1.0
CIFSAO,NEDLOZ,1.0
CIFSAO,RAYMIP,1.0
CIFSES,GAZZIS02,1.0
CIFSES,GAZZIS03,1.0
CIFSES,UNIDAY,1.0
CIFSES,FOSTIS,1.0
CIFSES,FOSTOY,1.0
CIFSES,FOSTUE,1.0
CIFSES,GIWMAD,1.0
CIFSES,NEDLOZ,1.0
CIFSIW,GAZZIS02,1.0
CIFSIW,GAZZIS03,1.0
CIFSIW,UNIDAY,1.0
CIGDUT,CIYZAM,1.0
CIGDUT,RATSAI,1.0
CIGDUT,HAWWAF,1.0
CIGDUT,CIYZAM01,1.0
CIGFAB,HOXKOV,1.0
CIGFAB,FEFWOF,1.0
CIGFAB,HAWVUY,1.0
CIGFAB,OQIQEM,0.8999999761581421
CIGFAB,RATRUB,1.0
CIGFEF,IYOVOI,1.0
CIGFEF,VIYMAT,1.0
CIGFEF,SISQIW,1.0
CIGFEF,HAWVEI,1.0
CIGFEF,IYOVEY,1.0
CIGFEF,PASMOO,0.8999999761581421
CIGNAI,CIGNEM,1.0
CIGNAI,ZOFSIY,0.8999999761581421
CIGNAI,RIGVOU,0.8999999761581421
CIGNAI,WEHSUZ,0.8999999761581421
CIGNAI,ZIQVAY,0.8999999761581421
CIGNAI,ZIQVEC,0.8999999761581421
CIGNEM,RIGVOU,0.8999999761581421
CIGNEM,ZIQVEC,0.8999999761581421
CIGNEM,WEHTAG,0.8999999761581421
CIGTUK,CIGVAS,0.8999999761581421
CIGTUK,CIGVEW,0.8999999761581421
CIGTUK,SISNUG,0.5699999928474426
CIGVAS,CIGVEW,1.0
CIGVAS,SISNUG,0.5699999928474426
CIGVAS,OBOBIS,0.4342857003211975
CIGVAS,RUVYIR,0.4552631676197052
CIGVAS,VIXNIB,0.3853658437728882
CIGVEW,SISNUG,0.5699999928474426
CIGVEW,OBOBIS,0.4342857003211975
CIGVEW,RUVYIR,0.4552631676197052
CIGVEW,VIXNIB,0.3853658437728882
CIGYEY,EDAPIK,1.0
CIGYEY,QIPROY,1.0
CIGYEY,WOSGUI,0.8999999761581421
CIGYEY,REHJIZ,0.8999999761581421
CIHFUU,SOWXOT,0.925000011920929
CIHFUU,POPSAQ,0.925000011920929
CIHFUU,OGESUP,0.8999999761581421
CIHNEO,XOJLAK,0.8999999761581421
CIHNEO,DUVVOH02,0.8999999761581421
CIHNEO,ZIZTIN,0.8999999761581421
CIHNEO,MUTRIE,0.7136363983154297
CIHNEO,ZIVBUD,0.8999999761581421
CIHNIR,HOWRUI,0.28409090638160706
CIHNIR,HOWSAP,0.28409090638160706
CIHNIR,HIQRAC,0.18437498807907104
CIJBAB,ZESQAS,1.0
CIJBAB,ZESPUL,1.0
CIJBAB,CIJBEF,0.8999999761581421
CIJBAB,ZESMUI,0.8999999761581421
CIJBAB,ZESPAR,0.8999999761581421
CIJBEC,UCOCIY,0.47499996423721313
CIJBEC,XUBHEI,0.3749999701976776
CIJBEC,LICDOX02,0.3749999701976776
CIJBEC,FIZSUE,0.3214285671710968
CIJBEE,OJOBAS,1.0
CIJBEF,ZESNET,1.0
CIJBEF,ZESPEV,0.8999999761581421
CIJBEF,ZESPIZ,0.8999999761581421
CIJBEF,ZESNUJ,0.8999999761581421
CIJBIJ,ZESPOF,1.0
CIJBIJ,ZITSUT,1.0
CIJBIJ,ZESNIX,1.0
CIJBIJ,ZESNAP,0.8999999761581421
CIJLIT,NAGKOY,0.7923077344894409
CIJLIT,VAWCAZ,0.7923077344894409
CIJLIT,VAWCED,0.7923077344894409
CIKCOQ,KETHEY,1.0
CIKCOQ,KETHEY02,1.0
CIKCOQ,KETHEY01,1.0
CIKCOQ,NEBYOK,0.8999999761581421
CIKCOQ,REFHAN,0.7827585935592651
CIKCOQ,TIXNUL,0.621052622795105
CIKPEU,NOMPIQ,1.0
CIKPEU,NOMPOW,1.0
CIKPEU,DUPKEG,0.8999999761581421
CIKPEU,NOMPIQ01,1.0
CILLAL,LASDEQ,0.5764706134796143
CILLAL,MAFJIO,0.5628571510314941
CILLAL,FECXES,0.550000011920929
CILXIE,HULHEC,0.8999999761581421
CILXIE,KOMFUO,0.48571428656578064
CILXIE,URUZEO,0.48571428656578064
CIMFUB,YETGIQ,1.0
CIMFUB,GITWIQ,1.0
CIMFUB,YESZAA,1.0
CIMFUB,GITTIN,0.8999999761581421
CIMFUB,GITVAH,1.0
CIMZII,MEYFOL,0.8999999761581421
CIMZII,MEYDUP,0.8999999761581421
CIMZII,MEYGAY,0.8999999761581421
CIPLIX,XAVQIU,1.0
CIPLIX,TIVYAZ,1.0
CIPLIX,JEDVUM,1.0
CIPMOF,CIPMUL,0.8999999761581421
CIPMOF,XAFYEK,0.8999999761581421
CIPMOF,XAFYIO,0.8999999761581421
CIPMOF,NOMFIG,0.8999999761581421
CIPMUL,WOBBOG,1.0
CIPMUL,NOLVAN,0.8999999761581421
CIPMUL,XAFXOT,0.8999999761581421
CIPMUL,DIGTOE,0.8999999761581421
CIQHES,CIQHIW,1.0
CIQHES,YADGIW,1.0
CIQHES,ELOQON,0.8999999761581421
CIQHES,EVADIQ,0.8999999761581421
CIQHES,GALCED,0.7107142806053162
CIQHES,JOFPAX,0.8999999761581421
CIQHES,KIXBOL,0.8999999761581421
CIQHES,TEMDAT,0.7333333492279053
CIQHES,TEMDIB,0.7333333492279053
CIQHIW,YADGIW,1.0
CIQHIW,ELOQON,0.8999999761581421
CIQHIW,HIPMEA,0.8999999761581421
CIQHIW,JOFPAX,0.8999999761581421
CIQHOC,LABZIA,1.0
CIQHOC,LACDUR,1.0
CIQHOC,LABZEW,1.0
CIQHOC,HIPMEA,0.8999999761581421
CIQHOC,LUYBIS,0.8999999761581421
CIQHOC,QUDGED,1.0
CIQHOC,XIYQUU,0.8999999761581421
CIQHOC,XOLSOI,1.0
CIQQIE,VOXTOT,0.8999999761581421
CIQQIE,XEDGIY,0.8999999761581421
CIQYUX,XUWHAZ,1.0
CIQYUX,POVXII,0.8999999761581421
CIQYUX,FEVTEF,0.3499999940395355
CIQYUX,ZNACEU05,0.8999999761581421
CIRSII,OBUMIK,0.8999999761581421
CIRSII,CIRSOO,0.8999999761581421
CIRSII,TOBHAT,0.7157894968986511
CIRSOO,OBUMIK,0.8999999761581421
CIRSOO,MAXFUO,0.6157894730567932
CIRTAB,ZACYEK,0.8999999761581421
CIRTAB,EXEMUR,0.5896551609039307
CIRTAB,WEHPOP,0.28928568959236145
CIRTUU,OBIYAC,0.7548386454582214
CIRTUU,EXOGAB,0.5935484170913696
CISJAQ,PUSXIL01,1.0
CISJAQ,PUSXIL,1.0
CISJAQ,MAFZOK,1.0
CISJAQ,FARBOS,0.7652174234390259
CISLUN,QOMSAO,1.0
CISLUN,QOMRUH,1.0
CISLUN,QONLEM,1.0
CISMAT,CISMAT01,1.0
CISMAU,PEPHID,1.0
CISMAU,PEPHOJ,0.8999999761581421
CISMAU,CISMEY01,0.8999999761581421
CISMAU,CISMEY,0.8999999761581421
CISMAU,CISMIC,0.8999999761581421
CISMEY,CISMEY01,1.0
CISMEY,PEPHOJ,1.0
CISMEY,CISMIC,0.8999999761581421
CISMEY01,PEPHOJ,1.0
CISMEY01,MIWCOM,0.5787233710289001
CISMEY01,PEPHID,0.8999999761581421
CISMIC,PEPHID,0.8999999761581421
CITLOJ,CITMEA,0.8999999761581421
CITLOJ,CITMIE,0.8999999761581421
CITLOJ,CITMAW,0.8999999761581421
CITLUP,CITMIE,0.8999999761581421
CITLUP,CITMEA,0.8999999761581421
CITLUP,CITMAW,0.8999999761581421
CITMAW,CITMIE,0.8999999761581421
CITMAW,CITMEA,0.8999999761581421
CITMIE,GEHXUP,0.7071428298950195
CITWOS,CITXAF,0.8999999761581421
CITWOS,CITWUY,0.621052622795105
CITWOS,GOFDAH,0.5210525989532471
CITWUY,GOFDAH,0.8999999761581421
CITWUY,CITXAF,0.5210525989532471
CITWUY,GOGHIU,0.4000000059604645
CITWUY,TUFRAP,0.3240000009536743
CITXAF,GOFDAH,0.5210525989532471
CITXAF,GOGHIU,0.35999998450279236
CITXEJ,JIVHIG,0.8999999761581421
CITXEJ,JIVHOM,0.8999999761581421
CITXEJ,EVAXAA,0.33478260040283203
CITXUZ,RAWYAS,1.0
CITXUZ,IWEVAJ,1.0
CITXUZ,EXOYAS,1.0
CITXUZ,PAFZEE,0.9000000357627869
CITZIP,NEVVIU,1.0
CITZIP,NEVVAM,1.0
CITZIP,NEVVIU02,1.0
CITZIP,DIXKOL,1.0
CITZIP,NEVVAM01,1.0
CITZIP,NEVVAM02,1.0
CITZIP,NEVVIU01,1.0
CIWNIH,UKAZAJ,0.48181816935539246
CIWNIH,JECFOP,0.38181817531585693
CIWYUD,NEVVIU,1.0
CIWYUD,NEVVAM,1.0
CIWYUD,NEVVIU02,1.0
CIXCOD,QOCKEZ,0.5
CIXCOD,QOCKAV,0.5
CIXCOD,QETZAT,0.5
CIXNUT,MUFYAP,0.8999999761581421
CIXNUT,UGUHAG,0.8999999761581421
CIXNUT,UGUHEK,0.8999999761581421
CIXNUT,DASLIT,0.5
CIXNUT,LUPJOW,0.4049999713897705
CIXNUT,NEBSAR,0.8999999761581421
CIXNUT,UBUPAK,0.8999999761581421
CIXNUT,UGUGUZ,0.8999999761581421
CIYJAW,IDUWAH,0.8999999761581421
CIYJAW,UMALEB,0.8999999761581421
CIYJAW,JEFROE,0.8999999761581421
CIYJAW,JEFRUK,0.8999999761581421
CIYJAW,RICMUN,0.40731707215309143
CIYZAM,RATSAI,1.0
CIYZAM,HAWWAF,1.0
CIYZAM01,RATSAI,1.0
CIYZAM01,HAWWAF,1.0
CIYZAM01,FEFXAS,1.0
CIYZEQ,OZAVOC,0.8999999761581421
CIYZEQ,OZAVES,0.8999999761581421
CIYZIU,HAWVOS,1.0
CIYZIU,OQIQIQ,1.0
CIYZIU,SOKWAS01,0.8999999761581421
CIYZIU,SISQES,0.8999999761581421
CIYZUG,PAMHIW,0.5846154093742371
CIYZUG,SIBDEO,0.5586206316947937
CIYZUG,HEHLAK,0.550000011920929
CIYZUG,PAWXIX,0.550000011920929
CIZQOT,FABFOF,1.0
CIZQOT,CIZQUZ,1.0
CIZQOT,QOBGEV,1.0
CIZQOT,NATFAS,1.0
CIZQOT,POFJOK,0.5950000286102295
CIZQOT,TEGRAB,1.0
CIZQUZ,FABFOF,1.0
CIZQUZ,QOBGEV,1.0
CIZQUZ,GIBWOE,1.0
CIZQUZ,GUTYIE,1.0
CIZQUZ,OGIBUD,1.0
CIZQUZ,RIGTIL,1.0
CIZQUZ,TEGRAB,1.0
CIZQUZ,WEZNUM,1.0
CIZQUZ,XIRHOW,1.0
CIZTIP,YUXMUZ,0.2666666507720947
CIZTIP,GIRHAR,0.24651163816452026
CIZTIP,JEFGEH,0.20975610613822937
CNPRCV,LIVWUK02,0.35999998450279236
CNPRCV,LIVWUK01,0.35999998450279236
CNPRCV,LIVWUK07,0.35999998450279236
CNSMAG,FOTPAG,0.8999999761581421
CNSMAG,KIFJOZ,0.4000000059604645
CNSMAG,DEHRIR,0.3571428656578064
CNSMAG01,FOTNUY,0.8999999761581421
CNSMAG01,YOGZUP,0.3482758700847626
CNSMAG01,XAQYAQ,0.313043475151062
COBLIP,ICECIE,0.8999999761581421
COBLIP,RUSTOP,0.8999999761581421
COBLIP,MAXFIA,0.44999998807907104
COBLIP,UCAPEV,0.44999998807907104
COBLIP,WAMZAN,0.43333330750465393
COBWEV,DEFFEC,0.6299999952316284
COBWEV,COBWIZ,0.6142857670783997
COBWEV,CURZEV,0.4415094256401062
COBWIZ,CYTPCD10,0.4836065471172333
COCMOY,COCMUE,1.0
COCMOY,COCNEP,0.8999999761581421
COCMOY,ZIMTAS,0.8999999761581421
COCMOY,COCNAL,0.8999999761581421
COCMUE,COCNEP,0.8999999761581421
COCMUE,ZIMTAS,0.8999999761581421
COCMUE,DOZCEC,0.6318181753158569
COCNAL,COCNEP,0.8999999761581421
COCNAL,ZIMTAS,0.8999999761581421
COCNEP,ZIMTAS,1.0
CODFEH,MNMLTH,1.0
CODFEH,SENNIJ,1.0
CODFEH,SEJSOQ,1.0
CODFEH,MEYDUP,0.8999999761581421
CODFEH,MEYGAY,0.8999999761581421
CODFEH,TELDAP,0.4736842215061188
CODKOX,CODKOX01,1.0
CODKOX,MODDEP,0.8999999761581421
CODKOX,PELNEA01,0.8999999761581421
CODKOX,KIHTIF,0.8999999761581421
CODKOX,RUZHIE,0.8999999761581421
CODKOX01,MODDEP,0.8999999761581421
CODKOX01,PELNEA01,0.8999999761581421
CODKOX01,KIHTUR,0.8999999761581421
CODKOX01,QEHJOD,0.8999999761581421
CODKOX01,WEWHIS,0.7714285850524902
CODQOD,KIHTOL,0.8999999761581421
CODQOD,KIHTIF,0.8999999761581421
CODQOD,OBUZIV,0.8999999761581421
CODQOD,CODQUJ,0.8999999761581421
CODQUJ,SESDEA,0.8999999761581421
CODQUJ,QEHJUJ,0.8999999761581421
CODQUJ,GIGWID,0.8999999761581421
CODQUJ,GIGWID01,0.8999999761581421
CODQUJ,XAGQUT,0.7120000123977661
CODSAR,QEHJUJ,0.8999999761581421
CODSAR,QEHJOD,0.8999999761581421
CODSAR,GIGWID01,0.8999999761581421
CODSAR,FOHCAH,0.8999999761581421
CODVAU,FIFFUX,0.8999999761581421
CODVAU,LICGOW,0.8999999761581421
CODVAU,XAJQAC,0.8999999761581421
CODVAU,KUYGOC,0.6142857670783997
COFORM,VIRJIQ,1.0
COFORM,DEFNIO,1.0
COFORM,YANBAR01,1.0
COFORM01,VIRJIQ,1.0
COFORM01,DEFNIO,1.0
COFORM01,YANBAR01,1.0
COFORM10,MGFORD04,0.8999999761581421
COFORM10,SOXHUI,0.8999999761581421
COFORM10,YISRIE,0.44999998807907104
COFORM10,XEWYOQ,0.26874998211860657
COFORM11,VIRJIQ,1.0
COFORM11,DEFNIO,1.0
COFORM11,YANBAR01,1.0
COGNAO,JEDDII,1.0
COGNAO,LEKNUN,1.0
COHJEP,QUMJAL,0.33225804567337036
COJHIT,QUPZAE,1.0
COJHIT,QUPZAE02,1.0
COJHIT,HADLOQ01,1.0
COJHIT,HADLOQ,1.0
COJHIT,SIHCIY,1.0
COJHIT,SOHGUS,1.0
COJHIT,SUTBIT,0.8999999761581421
COKFAK,CUMKIG,0.887499988079071
COKFAK,XUBBOM,0.5914285778999329
COKJIX,VODBEW,1.0
COKJIX,TIPDOM,0.8999999761581421
COKJIX,FILYAC,0.8999999761581421
COKJOD,LEPKUO,1.0
COKJOD,VOJNAK,1.0
COKMEW,SARGOJ,1.0
COKMEW,GUVZEE,1.0
COKMEW,MIHWAE,1.0
COKMIA,VAMQOS,1.0
COKMIA,VAMQIM,1.0
COKMIA,NAVJAW01,1.0
COKMOG,OZUMAZ,1.0
COKMOG,COKNIB01,1.0
COKMOG,OZUMIH,1.0
COKMOG,COKQAW,1.0
COKMUM,QUJJUB01,1.0
COKMUM,IQISEH,1.0
COKMUM,COKNUN,1.0
COKMUM,FOCJAL,0.8999999761581421
COKNAT,COKPUP,1.0
COKNAT,OLEYAH,1.0
COKNAT,WIZDEP,1.0
COKNAT,COKQOK,1.0
COKNAT,WOBHEB,1.0
COKNAT,WOBHEB01,1.0
COKNAT,WOBHIF,1.0
COKNAT,WOBHIF01,1.0
COKNAT,WOBHIF02,1.0
COKNAT,WOBHIF03,1.0
COKNAT,WOBHOL,1.0
COKNIB,OZULUS,1.0
COKNIB,COKQAW,1.0
COKNIB,OZUMAZ01,1.0
COKNIB01,OZULUS,1.0
COKNIB01,COKQAW,1.0
COKNIB01,OZUMAZ01,1.0
COKNIB02,OZULUS,1.0
COKNIB02,COKQAW,1.0
COKNIB02,OZUMAZ01,1.0
COKNIB02,OZUMAZ,1.0
COKNIB02,OZUMIH,1.0
COKNOH,WOPSOL01,1.0
COKNOH,SARGOJ,1.0
COKNOH,MIHWAE,1.0
COKNOH,COKPID,1.0
COKNOH,COKQIE,1.0
COKNOH,FOCJAL,0.8999999761581421
COKNOH,FUYCAF,0.3842104971408844
COKNOH01,WOPSOL01,1.0
COKNOH01,SARGOJ,1.0
COKNOH01,MIHWAE,1.0
COKNOH01,QUJKIQ,0.8999999761581421
COKNUN,QUJJUB01,1.0
COKNUN,OZULAY,1.0
COKNUN,OZUKUR01,1.0
COKNUN,FOCJAL,0.8999999761581421
COKNUN,ORIWET,1.0
COKNUN,OZUKOL,1.0
COKNUN,OZUKUR,1.0
COKNUN01,QUJJUB01,1.0
COKNUN01,OZULAY,1.0
COKNUN01,OZUKUR01,1.0
COKNUN01,IQISEH,1.0
COKNUN01,POVVEC,0.5875000357627869
COKNUN01,QUJKIQ,0.8999999761581421
COKNUN01,YAZZEG,0.8999999761581421
COKNUN01,YUFLOC,0.8999999761581421
COKNUN02,QUJJUB01,1.0
COKNUN02,OZULAY,1.0
COKNUN02,OZUKUR01,1.0
COKNUN02,ORIWET,1.0
COKNUN02,OZUKOL,1.0
COKNUN02,OZUKUR,1.0
COKNUN02,QUJJUB,1.0
COKNUN02,YAZZEG,0.8999999761581421
COKNUN02,YUFLOC,0.8999999761581421
COKPEZ,YUFLIW,1.0
COKPEZ,NOSTUM,1.0
COKPEZ,VAGTAA,1.0
COKPEZ,NOSTUM01,1.0
COKPID,WOPSAX,1.0
COKPID,WOPSOL,1.0
COKPID,SARGOJ,1.0
COKPID,SARGUP,1.0
COKPID,SARHAW,1.0
COKPOJ,VAMQOS,1.0
COKPOJ,VAMQIM,1.0
COKPOJ,NAVJAW01,1.0
COKPOJ,COKQEA,1.0
COKPUP,WOBHIF01,1.0
COKPUP,OLEYAH,1.0
COKPUP,COKQOK,1.0
COKPUP,OLOPUC,1.0
COKPUP,ORIVOC,1.0
COKPUP,WIZDEP,1.0
COKPUP,WOBHEB,1.0
COKPUP,WOBHEB01,1.0
COKPUP,WOBHIF,1.0
COKPUP,WOBHIF02,1.0
COKPUP,WOBHIF03,1.0
COKPUP,WOBHOL,1.0
COKQAW,OZUMAZ,1.0
COKQAW,OZUMIH,1.0
COKQAW,DUWGEJ,0.8999999761581421
COKQAW,OZULUS,1.0
COKQAW,OZUMAZ01,1.0
COKQEA,VAMQIM,1.0
COKQEA,NAVJAW01,1.0
COKQEA,CUVTUJ,1.0
COKQEA,DUWGEJ,0.8999999761581421
COKQEA,REKYIS,1.0
COKQEA,VAMPOR,1.0
COKQEA,VAMPUX,1.0
COKQEA,VAMQEI,1.0
COKQEA,VAMQOS,1.0
COKQEA,VAMQUY,1.0
COKQEA,VAMRAF,1.0
COKQIE,WOPSAX,1.0
COKQIE,WOPSOL,1.0
COKQIE,YAZZEG,0.8999999761581421
COKQOK,WOBHIF01,1.0
COKROL,YAKBOE,1.0
COKROL,OTABES,1.0
COKROL,COKRUR,0.970967710018158
COKROL,DAJVES,0.8999999761581421
COKROL,DODBUV,0.8999999761581421
COKROL,DOGBAE,0.8999999761581421
COKROL,IZIGUV,0.7923077344894409
COKROL,NIKHOF,0.8999999761581421
COKROL,NIKJEX,0.8999999761581421
COKROL,OTAQAD,0.8999999761581421
COKROL,ZIYWIQ,0.8999999761581421
COKRUR,YAKBOE,0.970967710018158
COKRUR,OTABES,0.970967710018158
COLPEA,CUQYEU,0.8999999761581421
COLPEA,ETEBOV,0.6749999523162842
COMDOY,DONNEA,1.0
COMDOY,LOQLIN,1.0
COMDOY,MEGQAT,1.0
COMFAM01,CURYOE01,1.0
COMFAM01,PUDTOY,0.8999999761581421
COMFAM01,LABJOP,0.8999999761581421
COMFAM01,LABJUV,0.8999999761581421
COMFAM01,SOSSEA,0.48181816935539246
COMFEQ,VATYEV,1.0
COMFEQ,WEMFAX,1.0
COMFEQ,SATROV,1.0
COMFEQ,EBIBID,1.0
COMFIU,QESNEK04,1.0
COMFIU,QESNEK01,1.0
COMFIU,QESNEK03,1.0
COMFIU,EBIBOJ,1.0
COMFIU,HASNOH,1.0
COMFIU,PAGFAH,1.0
COMFIU,QESNEK,1.0
COMFIU,QESNEK02,1.0
COMFIU,QESNEK05,1.0
COMFIU,QESPOW,1.0
COMHOC,COMHUI,1.0
COMHOC,MAXHUP,0.8999999761581421
COMHOC,IFEKUA,0.8999999761581421
COMHOC,TEGWIN,0.3423076868057251
COMHUI,MAXHUP,0.8999999761581421
COMHUI,IFEKUA,0.8999999761581421
COMHUI,JOFKIA01,0.4959999918937683
COMHUI,TEGWIN,0.3423076868057251
COMMOH,OLIHOH,1.0
COMMOH,MUDTIP,0.8999999761581421
COMMOH,MUPLOA,0.8999999761581421
COMMOH,IJENER,0.8999999761581421
COMMUN,MUDTOV,0.8999999761581421
COMMUN,MUDTIP,0.8999999761581421
COMMUN,IJENOB,0.8999999761581421
COMMUN,OLIHOH,0.8999999761581421
COMVAC,TUFPOB,1.0
COMVAC,KEYZOF,1.0
COMVAC,TORXIJ,1.0
COMVAC,NOGMIG,0.8999999761581421
COMVAC,TORXAB,1.0
COMVAC,TORXOP,1.0
COMVAC,TORXOP01,1.0
COMVEG,MUQZOO,1.0
COMVEG,KEYZUL,0.8999999761581421
COMVEG,ZEZFUH,0.8999999761581421
CONSAA,NEMXUB,0.8999999761581421
CONSAA,XEDKOJ,0.8999999761581421
CONSAA,NEYHIJ,0.8999999761581421
COPTUX,VEZVUT,0.9590908885002136
COPTUX,VEZWEE,0.9590908885002136
COPTUX,SIKJOM,0.8999999761581421
COQJAV,WIGQEL,1.0
COQJAV,WOYWOY,1.0
COQJAV,WIGQAH,1.0
COQJAV,WAHRIJ,0.8999999761581421
COQJAV,WOYWEO,0.8578947186470032
COQJEZ,WIGQEL,1.0
COQJEZ,WOYWOY,1.0
COQJEZ,WIGQAH,1.0
COQJEZ,ZEKKIM,0.699999988079071
COQMAX,TAJQAY,1.0
COQMAX,TAJQEC,1.0
COQMAX,OVUDAL,0.8999999761581421
COQMEB,WAPYIX,0.8999999761581421
COQMEB,YINROF,0.8999999761581421
COQMEB,WAPZAQ,0.8999999761581421
COQMEB,WAPZEU,0.8999999761581421
COQMEB,YINQOE,0.8999999761581421
COQMEB,YINREV,0.8999999761581421
COQMIF,NIGPOL01,0.8999999761581421
COQMIF,OMOFED,0.8999999761581421
COQMIF,GUTPES,0.8999999761581421
COQTEJ,XENKIM,0.8999999761581421
COQTEJ,TIHRUA,0.8999999761581421
COQTEJ,TIHTUC,0.8999999761581421
COQTEJ,KIKTIK,0.8999999761581421
COQTEJ,LIKZAJ,0.8999999761581421
COQTEJ,LIKZEN,0.8999999761581421
COQTEJ,PUVHOF,0.6617646813392639
COQTEJ,RERVIW,0.8999999761581421
CORYUE,FIKRUN,0.809999942779541
CORYUE,VEDVUW,0.3807692229747772
CORYUE,FAKLUB,0.3807692229747772
CORYUE,ROMTAP,0.2852941155433655
CORYUE,SAWKOR,0.3700000047683716
CORZIU,CORZOA,1.0
CORZIU,KIXBOL,1.0
CORZIU,XOLSUO,0.8999999761581421
CORZIU,EVADIQ,0.8999999761581421
CORZIU,MUVJIX,0.8999999761581421
CORZOA,KIXBOL,1.0
CORZOA,XOLSUO,0.8999999761581421
COSWEO,NIRMUW,1.0
COSWEO,PEFREZ,1.0
COSWEO,WEXGIR01,1.0
COSWEO,INOBOD,1.0
COSWEO,NIRMUW01,1.0
COSWEO,WEXGIR,1.0
COTVIS,LIQFIC,0.8999999761581421
COTVIS,LIQFEY,0.8999999761581421
COTVIS,TOVHET,0.8999999761581421
COTVOY,NUTQAV,0.8999999761581421
COTVOY,JIDXIG,0.8999999761581421
COTVOY,YAGHUM,0.8999999761581421
COTVUE,ECEDAU,0.8999999761581421
COTVUE,ECEDEY,0.8999999761581421
COTVUE,KEFBII,0.8999999761581421
COTVUE,DEXZIS,0.8999999761581421
COTXEQ,OKIXIQ,1.0
COTXEQ,OKIWUB02,1.0
COTXEQ,OKIYIR,1.0
COTXIU,OKIXIQ,1.0
COTXIU,OKIWUB02,1.0
COTXIU,OKIYIR,1.0
COTXOA,OKIXIQ,1.0
COTXOA,OKIWUB02,1.0
COTXOA,OKIYIR,1.0
COTXOA,OKITIM,1.0
COTXOA,OKITIM01,1.0
COTXOA,OKITIM02,1.0
COTXOA,OKIVAG,1.0
COTXOA,OKIVAG01,1.0
COTXOA,OKIVIO,1.0
COTXOA,OKIVIO01,1.0
COTXOA,OKIVIO02,1.0
COTXOA,OKIVUA,1.0
COTXOA,OKIWEL,1.0
COTXOA,OKIWEL01,1.0
COTXOA,OKIWEL02,1.0
COTXOA,OKIWUB,1.0
COTXOA,OKIWUB01,1.0
COTXOA,OKIXIQ01,1.0
COTXOA,OKIXIQ02,1.0
COTXOA,OKIYAJ,1.0
COTXOA,OKIYAJ01,1.0
COTXOA,OKIYIR01,1.0
COTXOA,OKIYIR02,1.0
COTXOA,OKIYIR03,1.0
COTYIV,TEYLUH,1.0
COTYIV,TEYMES,1.0
COTYIV,MIVFEE,1.0
COVRUC,UKAZAJ,0.606249988079071
COVRUC,JECGUW,0.5062499642372131
COVRUC,JECFOP,0.5062499642372131
COVRUC,FIJSAU,0.4000000059604645
COVSIP,WURYOY,0.31599998474121094
COVSIP,QQQDHD01,0.26363638043403625
COVSIP,NAHNLA10,0.26363638043403625
COVSIP,EVIMUT,0.24399998784065247
COWKAB,EVINON,0.8999999761581421
COWKAB,POLBEZ01,0.7300000190734863
COWLIK,TEXVOJ,1.0
COWLIK,HOZXEB,1.0
COWLIK,VEMHOL,1.0
COWLIK,UKOYID,1.0
COWLIK,WERHOR,0.8999999761581421
COWMAD,DEJTES,0.8999999761581421
COWMAD,WOHZAU01,0.8999999761581421
COWMAD,WOHZAU,0.8999999761581421
COWMAD,COWMEH,0.8999999761581421
COWMAD,COWMIL,0.8999999761581421
COWMAD,COWMUX,0.8999999761581421
COWMAD,DAGDIZ,0.8999999761581421
COWMAD,DEJTIW,0.8999999761581421
COWMAD,ECORIX,0.8999999761581421
COWMAD,ECOROD,0.8999999761581421
COWMAD,VEYKES,0.8999999761581421
COWMEH,COWMIL,0.8999999761581421
COWMEH,WOHZAU01,0.8999999761581421
COWMEH,DAGDEV,0.8999999761581421
COWMEH,RORRIB,0.8999999761581421
COWMEH,XUWVUG,0.5684210062026978
COWMIL,DAGDEV,0.8999999761581421
COWMIL,DAGDIZ,0.8999999761581421
COWMIL,ECORIX,0.8999999761581421
COWMIL,KULRIT,0.8999999761581421
COWMIL,UVIPIZ,0.8999999761581421
COWMOR,WOHZAU,1.0
COWMOR,WOHZAU01,1.0
COWMOR,VEYKES,0.8999999761581421
COWMOR,FIYSAK,0.5499999523162842
COWMOR,UVIPIZ,0.8999999761581421
COWMUX,DEJTES,0.8999999761581421
COWMUX,DEJTIW,0.8999999761581421
COWMUX,FIYSAK,0.5499999523162842
COWQUC,VIZQEC,1.0
COWQUC,COWRAJ,1.0
COWQUC,COWRIR,1.0
COWQUC,COWREN,1.0
COWQUC,COWROX,1.0
COWQUC,HISGAT,0.8999999761581421
COWRAJ,VIZQEC,1.0
COWRAJ,COWRIR,1.0
COWRAJ,HISGAT,0.8999999761581421
COWREN,VIZQEC,1.0
COWREN,COWRIR,1.0
COWREN,COWROX,1.0
COWREN,HISGIB,0.8999999761581421
COWREN,MUNLAJ,0.8999999761581421
COWRIR,VIZQEC,1.0
COWRIR,HISFUM,0.8999999761581421
COWRIR,HISGEX,0.8999999761581421
COWRIR,LACFOM,0.8999999761581421
COWROX,VIZQEC,1.0
COWROX,HISGAT,0.8999999761581421
COWRUC,PITYUN02,1.0
COWRUC,COWSEN,1.0
COWRUC,COWSAJ,1.0
COWRUC,LONJOP,0.5263158082962036
COWRUC,PITYUN,1.0
COWRUC,PITYUN01,1.0
COWSAJ,PITYUN02,1.0
COWSAJ,COWSEN,1.0
COWSAJ,PITYUN,1.0
COWSAJ,PITYUN01,1.0
COWSAJ,VECVUW,0.4374999701976776
COWSEN,PITYUN02,1.0
COWSEN,LONJOP,0.5263158082962036
COWSEN,VECVUW,0.4374999701976776
COXCOJ,COXCUP,1.0
COXCOJ,COXDAW,1.0
COXCOJ,COXDIE,1.0
COXCUP,COXDAW,1.0
COXCUP,COXDIE,1.0
COXCUP,COXDEA,0.48918917775154114
COXDAW,COXDIE,1.0
COXDAW,COXDEA,0.48918917775154114
COXDEA,COXDIE,0.48918917775154114
COXFOL,WIMWEW,1.0
COXFOL,DAFHEZ,1.0
COXFOL,XADDOX,1.0
COXFOL,ILAXOK,0.8999999761581421
COXFOL,PIHNEB,0.8999999761581421
COXFOL,WENRIR,0.8999999761581421
COXHED,NOQKEJ,1.0
COXHIH,DAPGUW01,1.0
COXHIH,MAQJEW,1.0
COXHIH,JAHVUJ01,0.8999999761581421
COXHON,HUNBIB,1.0
COXHON,SAHBEJ,1.0
COXHON,SAGZUW,1.0
COXHON,JELPAS,1.0
COXHON,SAHBAF,1.0
COXHON,UFITEJ,1.0
COXKUW,MOTMAK,1.0
COXKUW,MOBDIR,0.8999999761581421
COXKUW,MOFGOE,0.8999999761581421
COXKUW,DOJXUW,0.8999999761581421
COXLAD,VELHUS,0.8999999761581421
COXLAD,RASKIH,0.8999999761581421
COYTEQ,COYVAO,0.8999999761581421
COYTEQ,COYTUG01,0.8999999761581421
COYTEQ,KUQCIJ,0.8999999761581421
COYTEQ,COYTIU,0.8999999761581421
COYTEQ,COYTOA,0.8999999761581421
COYTEQ,COYVAO01,0.8999999761581421
COYTEQ,WOCHUS,0.8999999761581421
COYTIU,CUCKIV,0.8999999761581421
COYTIU,COYVAO01,0.8999999761581421
COYTIU,COYTUG,0.8999999761581421
COYTIU,COYTUG01,0.8999999761581421
COYTIU,KOFVOS,0.8999999761581421
COYTIU,KUQCIJ,0.8999999761581421
COYTOA,COYTUG,0.8999999761581421
COYTOA,HESVOR,0.8999999761581421
COYTUG,COYTUG01,1.0
COYTUG,COYVES01,0.8999999761581421
COYTUG,KOFRUT,0.8999999761581421
COYTUG01,COYVES01,0.8999999761581421
COYTUG01,HENYUV,0.8999999761581421
COYTUG01,HESVOR,0.8999999761581421
COYVAO,COYVAO01,1.0
COYVAO,WOCHUS,0.8999999761581421
COYVAO,KOFVOS,0.8999999761581421
COYVAO,KUQCIJ,0.8999999761581421
COYVAO01,WOCHUS,0.8999999761581421
COYVAO01,KUQCIJ,0.8999999761581421
COYVES,COYVES01,1.0
COYVES,HENYUV,0.8999999761581421
COYVES,KOFVOS,0.8999999761581421
COYVES,CUCKIV,0.8999999761581421
COYVES01,HENYUV,0.8999999761581421
COYVES01,KOFVOS,0.8999999761581421
COZGED,YELNIM,1.0
COZGED,ZZZSSS01,1.0
COZGED,COZGED01,1.0
COZGED,ODAHUY,0.8999999761581421
COZGED,ORAWEL,1.0
COZGED01,ORAWEL,1.0
COZGED01,ZZZSSS01,1.0
COZGED01,XAHZIQ,0.8999999761581421
COZGED01,YELNIM01,0.550000011920929
COZMUA,EVUDAA,0.8999999761581421
COZMUA,XISXEE,0.8999999761581421
COZMUA,YERFUZ,0.8999999761581421
COZSIU,QATPUX,0.8999999761581421
COZSIU,QATPUX01,0.8999999761581421
COZSIU,VUQHUL01,0.8999999761581421
CSTNME01,KNTMET01,0.8999999761581421
CSTNME01,VOTXIN,0.8999999761581421
CSTNME01,SEYKUD,0.8999999761581421
CUBBEI,VOYBOC,0.7685714364051819
CUBBEI,LEJCEK,0.5400000214576721
CUBBEI,FASRAV,0.5400000214576721
CUBHOY,GICXEY,0.7874999642372131
CUBHOY,GARTIF,0.7874999642372131
CUBHOY,GICXAU,0.7874999642372131
CUBKUF,FOQSUA,1.0
CUBKUF,LEKDAJ,0.8999999761581421
CUBKUF,FOQTAH,0.8999999761581421
CUBKUF,FABGUM,0.8999999761581421
CUBKUF,SETDOM,0.550000011920929
CUBKUF,SETDUS,0.550000011920929
CUCFOX,ECAHAT,0.45121946930885315
CUCFOX,ECAHUN,0.45121946930885315
CUCFOX,JUKVEQ,0.44411763548851013
CUCITD,CUCITD01,1.0
CUCITD,CUCITD02,1.0
CUCITD,CUCITD03,1.0
CUCITD,PUHLEL,0.44999998807907104
CUCITD,PUHLIP,0.44999998807907104
CUCITD,VORKUK,1.0
CUCITD01,CUCITD02,1.0
CUCITD01,CUCITD03,1.0
CUCITD01,DINNEV,0.8999999761581421
CUCITD01,GARZIL,0.8999999761581421
CUCITD01,LIHCIT01,0.8999999761581421
CUCITD01,QASXAM,0.8999999761581421
CUCITD01,VORKUK,1.0
CUCITD02,CUCITD03,1.0
CUCITD02,SATRAH,0.8999999761581421
CUCITD02,VORKUK,1.0
CUCITD03,DINNEV,0.8999999761581421
CUCITD03,LIHCIT01,0.8999999761581421
CUCKIV,KOFRUT,0.8999999761581421
CUCKIV,WOCHUS,0.8999999761581421
CUFDOX,CUFFUF,1.0
CUFDOX,PEYVEV,1.0
CUFDOX,CUFFEP,1.0
CUFDUD,CUFFUF,1.0
CUFDUD,PEYVEV,1.0
CUFDUD,CUFFEP,1.0
CUFDUD,CUFFIT,1.0
CUFDUD,CUFFOZ,1.0
CUFDUD,FEYDET,1.0
CUFDUD,IMUTUG,1.0
CUFDUD,IMUVAO,1.0
CUFDUD,IMUVES,1.0
CUFDUD,IYUHIU,1.0
CUFDUD,SIYFEO,0.8714286088943481
CUFDUD,TIKXAN,1.0
CUFDUD,ZUWXOG,1.0
CUFFEP,CUFFUF,1.0
CUFFEP,PEYVEV,1.0
CUFFEP,YAMXOC,1.0
CUFFIT,CUFFUF,1.0
CUFFIT,PEYVEV,1.0
CUFFOZ,CUFFUF,1.0
CUFFOZ,PEYVEV,1.0
CUFFOZ,FEYDET,1.0
CUFFOZ,IMUTUG,1.0
CUFFOZ,IMUVAO,1.0
CUFFOZ,IMUVES,1.0
CUFFOZ,IYUHIU,1.0
CUFFOZ,TIKXAN,1.0
CUFFUF,PEYVEV,1.0
CUFFUF,SIYFEO,0.8714286088943481
CUFFUF,YAMXOC,1.0
CUFFUF,ZUWXOG,1.0
CUFGIV,NUTYIM,0.9624999761581421
CUFGIV,FIPKUM,0.8999999761581421
CUFGIV,FIPKOG,0.8999999761581421
CUFGIV,MONPAI,0.8999999761581421
CUFJUK,CUFKAR,1.0
CUFJUK,EKIJEP01,1.0
CUFJUK,EKIJEP,1.0
CUFJUK,EKIJAL,0.8999999761581421
CUFJUK,IREKUN,0.8999999761581421
CUFJUK,IRELAU,0.8999999761581421
CUFKAR,EKIJEP01,1.0
CUFKAR,EKIJEP,1.0
CUFMOG,YEYVOO,0.8999999761581421
CUFMOG,MIVWEU,0.8999999761581421
CUFMOG,HIQPII,0.8999999761581421
CUFORD,ROLCEC14,1.0
CUFORD,ROLCEC13,1.0
CUFORD,ROLCEC19,1.0
CUFORD01,ROLCEC14,1.0
CUFORD01,ROLCEC13,1.0
CUFORD01,ROLCEC19,1.0
CUFORM,ROLCEC14,1.0
CUFORM,ROLCEC13,1.0
CUFORM,ROLCEC19,1.0
CUFORM02,ROLCEC14,1.0
CUFORM02,ROLCEC13,1.0
CUFORM02,ROLCEC19,1.0
CUFORM03,ROLCEC14,1.0
CUFORM03,ROLCEC13,1.0
CUFORM03,ROLCEC19,1.0
CUFORM04,ROLCEC14,1.0
CUFORM04,ROLCEC13,1.0
CUFORM04,ROLCEC19,1.0
CUFORM06,ROLCEC14,1.0
CUFORM06,ROLCEC13,1.0
CUFORM06,ROLCEC19,1.0
CUGLIB,CUGYIO,1.0
CUGLIB,OSIWIX,1.0
CUGLIB,XINWUO,0.8999999761581421
CUGLIB,GUVXIF,0.30000001192092896
CUGLTM,MEHPAQ,1.0
CUGLTM,CUGLTM01,1.0
CUGLTM,CUGLTM02,1.0
CUGLTM,FAFQEJ01,0.8999999761581421
CUGLTM01,MEHPAQ,1.0
CUGLTM01,CUGLTM02,1.0
CUGLTM01,HURNOX,0.8999999761581421
CUGLTM02,MEHPAQ,1.0
CUGLTM02,DOZQUF,0.4959999918937683
CUGLTM02,SGLUTM01,0.8999999761581421
CUGLTM02,SGLUTM02,0.8999999761581421
CUGLTM02,ZNGLUD,0.8999999761581421
CUGLTM02,ZNGLUD01,0.8999999761581421
CUGLTM02,ZNGLUD02,0.8999999761581421
CUGQUR,HIXZOD,1.0
CUGQUR,MUCNEE,0.8999999761581421
CUGQUR,MUCNEE01,0.8999999761581421
CUGREC,CUGROM,1.0
CUGROM,XEHDOG,0.550000011920929
CUGROM,XEHDUM,0.550000011920929
CUGSIH,CUGSUT,1.0
CUGSIH,CUGSON,1.0
CUGSIH,QALNIA,1.0
CUGSON,CUGSUT,1.0
CUGSON,QALNIA,1.0
CUGSUT,QALNIA,1.0
CUGSUT,QALNEW,0.8999999761581421
CUGVUW,QIFVOT,0.9437500238418579
CUGVUW,ODEPUL,0.8999999761581421
CUGVUW,ODEQEW,0.8999999761581421
CUGVUW,EJIBUW,0.8999999761581421
CUGYEK,CUGZAH,1.0
CUGYEK,SOTMUK01,1.0
CUGYEK,CUNFOH01,0.8999999761581421
CUGYIO,OSIWIX,1.0
CUGYIO,XINWUO,0.8999999761581421
CUGYIO,GUVXIF,0.30000001192092896
CUGYOU,MAXHUP,1.0
CUGYOU,MAXHOJ,1.0
CUGYUA,WODQOW,0.8999999761581421
CUGYUA,XUHJEQ01,0.8999999761581421
CUGZAH,SOTMUK01,1.0
CUGZAH,CUNFOH01,0.8999999761581421
CUGZAH,YUBFOR,0.8999999761581421
CUHYUB,HUCXAG,1.0
CUHYUB,HUCXIO,0.8999999761581421
CUHYUB,HUCXEK,0.8999999761581421
CUIMDZ01,CUIMDZ03,1.0
CUIMDZ01,GITTEJ,0.8999999761581421
CUIMDZ03,GITTEJ,0.8999999761581421
CUJCIV,ZAXSAV,1.0
CUJCIV,HUCXEK,1.0
CUJCIV,UTELOW,0.8999999761581421
CUJCIV,MAFWEY,0.8999999761581421
CUJCIV,TAKCAM,0.8999999761581421
CUJCOB,HUCXIO,1.0
CUJCOB,HUCXEK,0.8999999761581421
CUJCOB,WAQZEW,0.8999999761581421
CUJCOB,MAFWEY,0.8999999761581421
CUKBEQ,QEBYON,1.0
CUKBEQ,OPUKAN,1.0
CUKBEQ,OPUKAN01,1.0
CUKBEQ,JOFPAX,0.8999999761581421
CUKJUO,UGUKUD,0.8999999761581421
CUKJUO,RUSZUB,0.8999999761581421
CUKJUO,IGUSUA,0.8999999761581421
CUKXAI,FIBJAE,1.0
CUKXAI,VEMHOL,1.0
CUKXAI,FIBHUW,1.0
CUKXAI,HOZXEB,1.0
CUKXAI,IMOVOX,0.8999999761581421
CUKXAJ,DAHMIJ,1.0
CUKXAJ,RIJYIV,1.0
CUKXAJ,UYOGOF,1.0
CUKXAJ,WOHPIU,0.8999999761581421
CUKXEN,DAHMIJ,1.0
CUKXEN,RIJYIV,1.0
CUKXEN,PAYTAM,1.0
CUKXEN,UYOGOF,1.0
CUKXEN,WONBAD,1.0
CUKXIR,VIHHEA,0.8999999761581421
CUKXIR,VITKOA,0.8999999761581421
CUKXIR,IFEHUY,0.6000000238418579
CUKXIR,PIVHEK,0.5695652365684509
CUMDIY,RAKPAV,1.0
CUMDIY,RAKPEZ,1.0
CUMDIY,QOVDAH,0.8999999761581421
CUMDIY,HUYQEY,0.8999999761581421
CUMDIY,LEDJOU,0.8999999761581421
CUMDIY,XESKIR,0.8999999761581421
CUMDIY,XESKOX,0.8999999761581421
CUMDIY,XESLAK,0.8999999761581421
CUMDOE,LEDJUA,1.0
CUMDOE,GESNOI,1.0
CUMDOE,XESLAK,0.8999999761581421
CUMFOG,SEYVIC01,0.8999999761581421
CUMFOG,SEYVIC,0.8999999761581421
CUMFOG,JOCWIJ,0.5846154093742371
CUMFOG,CUSDIE,0.5846154093742371
CUMJAX,OMOTAM,0.6516129374504089
CUMJAX,XUGDUA,0.6516129374504089
CUMJAX,XUGDOU,0.6516129374504089
CUMJEB,ERUVEU,1.0
CUMJEB,ESANET,1.0
CUMJEB,HUHJAW,0.5875000357627869
CUMKIG,VADWON,1.0
CUMKIG,CUMKIG03,1.0
CUMKIG,DUFCEO,0.64000004529953
CUMKIG,HUKQUZ,0.8999999761581421
CUMKIG,HUKRAG,0.8999999761581421
CUMKIG,URACEW,0.590624988079071
CUMKIG03,VADWON,1.0
CUMKIG03,DUFCEO,0.64000004529953
CUMKIG03,HUKQUZ,0.8999999761581421
CUMKIG03,HUKRAG,0.8999999761581421
CUMKIG03,URACEW,0.590624988079071
CUMKIG03,XUBBOM,0.5558823347091675
CUMLUT,NABLIM,1.0
CUMLUT,ODOXEK,1.0
CUMLUT,MITSAK,1.0
CUMLUT,MITSEO,1.0
CUMLUT,MITSIS,1.0
CUMLUT,MITSUE,1.0
CUMLUT,MITTAL,1.0
CUMLUT,NEHMET,1.0
CUMLUT,TOKDON,1.0
CUNFOH,CUNFOH01,1.0
CUNFOH,PEWGEF,1.0
CUNFOH,ITIWUF,0.5666666626930237
CUNFOH,JETQOP,1.0
CUNFOH01,PEWGEF,1.0
CUNFOH01,SOTMUK01,0.8999999761581421
CUNWEO,XEXLET,0.64000004529953
CUNWEO,KEVKAA,0.5615384578704834
CUNWEO,KIKTIK,0.5615384578704834
CUPHUS,KIKRAA,1.0
CUPHUS,KOGYIP,1.0
CUPHUS,FITSAD,1.0
CUPLIJ,KABSUD,1.0
CUPLIJ,GUWNUI,1.0
CUPLIJ,REMMIG,1.0
CUPLOP,DIFZUP,1.0
CUPLOP,EMUGUP,1.0
CUPLOP,FAGBOF,0.8999999761581421
CUPLOP,CUPMAC,0.8999999761581421
CUPLOP,CUXFUX,0.4000000059604645
CUPLUV,FAGBUL,0.8999999761581421
CUPLUV,LEHGIR,0.8999999761581421
CUPLUV,FABCUI,0.8999999761581421
CUPLUV,EMUGUP,0.8999999761581421
CUPLUV,HONBES,0.8999999761581421
CUPMAC,HONBES,1.0
CUPMAC,XALTUA,0.8999999761581421
CUPMEG,XALTUA,0.8999999761581421
CUPMEG,GUWNUI,0.8999999761581421
CUPMEG,EMUGUP,0.8999999761581421
CUPMEG,FAGBOF,0.8999999761581421
CUPMEG,FAGBUL,0.8999999761581421
CUQKOQ,OMOFED02,1.0
CUQKOQ,NIGPOL,1.0
CUQKOQ,OMOFED03,1.0
CUQTAL,REJPED,0.6000000238418579
CUQTAL,ECAFOG,0.5885714292526245
CUQTAL,SEMGAV,0.4274999797344208
CUQXAP,CUQXIX,0.8999999761581421
CUQXAP,JUPBUT,0.8999999761581421
CUQXAP,QIHLEB,0.6967741250991821
CUQXAP,QIHLIF,0.5
CUQXAP,RAWFAZ,0.6428571343421936
CUQXIX,JUPBUT,0.8999999761581421
CUQXIX,QIHLEB,0.6967741250991821
CUQXIX,QIHLIF,0.5
CUQYEU,OFEGOX,0.7617647051811218
CUQYEU,IGOWUY,0.7428571581840515
CURSEO,HOHJAR,1.0
CURSEO,LOBNUM,1.0
CURYOE01,PUDTOY,0.8999999761581421
CURYOE01,LABJOP,0.8999999761581421
CURYOE01,LABJUV,0.8999999761581421
CURYOE01,SOSSEA,0.48181816935539246
CURYOE01,VUQKUO,0.331428587436676
CURZEV,DEFFEC,0.626086950302124
CUSBUO,VIDSIN,0.785714328289032
CUSBUO,HUCMOH02,0.6857143044471741
CUSBUO,WADKAO,0.550000011920929
CUSBUO,XAKNOO,0.64000004529953
CUSBUP,UYEBIL,1.0
CUSBUP,PIDVUW,0.8999999761581421
CUSBUP,ZEZHUK,0.8999999761581421
CUSBUP,UYECEI,0.8999999761581421
CUSDIE,JOCWIJ,1.0
CUSDIE,OVIVIZ,0.8999999761581421
CUSFAZ,EFIRUH,0.5049999952316284
CUSFAZ,LAJTAR,0.47058823704719543
CUSFAZ,MUHQAH,0.47058823704719543
CUSFAZ,XICVUB,0.3739130198955536
CUSQOX,OFACEF,0.8999999761581421
CUSQOX,XUMNAW,0.7631579041481018
CUSQOX,LAZKUU,0.686956524848938
CUSQOX,GEZFOI,0.5714285969734192
CUSQOX,VUQKOI,0.3024999797344208
CUSXIY,ZARLIP,1.0
CUSXIY,ZARLEL,1.0
CUSXIY,KULLEK,0.8999999761581421
CUSXIY,UFORIT,0.8999999761581421
CUSYIA,YEVKES,1.0
CUSYIA,CUSZEX,1.0
CUSYIA,YEVKAO,1.0
CUSYIA,TONVAV,0.8999999761581421
CUSYIA,VUSNUT,0.4521738886833191
CUSYOG,YEVKES,1.0
CUSYOG,CUSZEX,1.0
CUSYOG,YEVKAO,1.0
CUSYOG,RBTCNQ12,0.8999999761581421
CUSYOG,RBTCNQ13,0.8999999761581421
CUSYUM,YEVKES,1.0
CUSYUM,CUSZEX,1.0
CUSYUM,YEVKAO,1.0
CUSYUM,TONVAV,0.8999999761581421
CUSZAT,YEVKES,1.0
CUSZAT,CUSZEX,1.0
CUSZAT,YEVKAO,1.0
CUSZAT,CUSZIB,1.0
CUSZAT,CUTMAH,1.0
CUSZAT,FAKLIO,0.8999999761581421
CUSZAT,FAKLUA,0.8999999761581421
CUSZAT,FAKMAH,0.8999999761581421
CUSZAT,TONTOH,0.8999999761581421
CUSZEX,YEVKES,1.0
CUSZEX,YEVKAO,1.0
CUSZEX,DEHRIR,0.8999999761581421
CUSZEX,TONTIB,0.8999999761581421
CUSZIB,YEVKES,1.0
CUSZIB,YEVKAO,1.0
CUSZIB,FAKLIO,0.8999999761581421
CUSZIB,TONTOH,0.8999999761581421
CUSZIB,TONTUN,0.8999999761581421
CUTBEA,CUTBIE,0.8999999761581421
CUTBEA,CUTBOK,0.8999999761581421
CUTBEA,GILYUY,0.6023256182670593
CUTBIE,CUTBOK,0.8999999761581421
CUTBIE,NISBEX,0.4272727370262146
CUTCYM01,CUTCYM02,1.0
CUTCYM01,LORFUT,0.8999999761581421
CUTCYM01,DOJVUU,0.8999999761581421
CUTCYM01,HICRUG,0.446153849363327
CUTCYM02,LORFUT,0.8999999761581421
CUTCYM02,DOJVUU,0.8999999761581421
CUTCYM02,HICRUG,0.446153849363327
CUTGAA,SOBZIT,0.8999999761581421
CUTGAA,SOBYUE,0.8999999761581421
CUTGAA,SOBZAL,0.8999999761581421
CUTGAA,SOBZEP,0.8999999761581421
CUTKEI,PURJIW,1.0
CUTKEI,GISNED,1.0
CUTKEI,GISMAY,1.0
CUTKEI,OXALUV,0.8999999761581421
CUTKEI,TACJEO,1.0
CUTKEI,WAGYUA,1.0
CUTKUY,LOYBIM,0.8999999761581421
CUTKUY,LARNAV,0.8999999761581421
CUTKUY,NEZQIV,0.7285714149475098
CUTKUY,QUBHAX,0.8999999761581421
CUTKUY,QUBHAX01,0.8999999761581421
CUTMAH,YEVKES,1.0
CUTMAH,YEVKAO,1.0
CUTMAH,DEHRIR,0.8999999761581421
CUTMAH,TONTUN,0.8999999761581421
CUVFUW,HAJKIO,1.0
CUVFUW,SARBOE,0.8999999761581421
CUVFUW,HAJKOU,0.8999999761581421
CUVFUW,SARBUK,0.8999999761581421
CUVFUW,SARCAR,0.8999999761581421
CUVHEH,CUVHIL,1.0
CUVHEH,CUVHIL02,1.0
CUVHEH,CUVHIL01,1.0
CUVHEH,MEXJAC,0.6499999761581421
CUVHEH,NUXYEL,0.8999999761581421
CUVHIL,CUVHIL02,1.0
CUVHIL,CUVHIL01,1.0
CUVHIL,NUXYEL,0.8999999761581421
CUVHIL01,CUVHIL02,1.0
CUVHIL01,MEXJAC,0.6499999761581421
CUVHIL02,NUXYEL,0.8999999761581421
CUVTIX,IZUSEC,0.5764706134796143
CUVTIX,IZUSAY,0.5371428728103638
CUVTIX,UVUDUM,0.5
CUVTOD,EXOXUL,0.6318181753158569
CUVTOD,FUTYOK,0.621052622795105
CUVTOD,NIWYEZ,0.621052622795105
CUVTUJ,VAMQIM,1.0
CUVTUJ,VAMQEI,1.0
CUVTUJ,GENMIY,1.0
CUVTUJ,ORIWAP,1.0
CUVTUJ,QOWLEU,1.0
CUVVOG,EKEKIQ,0.9639999866485596
CUVVOG,EKEKOW,0.9639999866485596
CUVVOG,HIQLAX,0.8999999761581421
CUVVOG,GEFTET,0.8615384697914124
CUVVOG,SEGWAF,0.8615384697914124
CUWNIT,XAMGUQ,1.0
CUWNIT,GEPBEK,1.0
CUWNIT,WUHMUJ,1.0
CUWNIT,VUKTIG,0.8999999761581421
CUWNIT,ZEFRIN,0.8999999761581421
CUWNIT,ZEFSUA,0.8999999761581421
CUWNIT,ZEFSUA01,0.8999999761581421
CUWWOI,SONTEV,1.0
CUWWOI,IJATUI,1.0
CUWWOI,RUSSUU,1.0
CUWWOI,DUBXOP,0.8999999761581421
CUWWOI,DUBXUV,0.8999999761581421
CUWWOI,RUSTIJ,0.8999999761581421
CUWWOI,SONTAR,0.8999999761581421
CUWWOI,YICDAR,0.8999999761581421
CUWXID,CUWZIF,1.0
CUWYAW,GEDSAL,0.8999999761581421
CUWZIF,ZIHKAF,0.6827585697174072
CUXFIL,OHOLIH,0.8999999761581421
CUXFIL,EGUHET01,0.8578947186470032
CUXFUX,DIFZUP,0.4000000059604645
CUXFUX,EMUGUP,0.4000000059604645
CUXLEO,DABMUR,1.0
CUXLEO,CUYDIL,1.0
CUXLEO,KINNAY,1.0
CUXLEO,KINNEC,1.0
CUXLEO,KINNIG,1.0
CUXLEO,KINNOM,1.0
CUXLEO,KINNUS,1.0
CUXPAN,RIWWOK,0.8999999761581421
CUXPAN,RIWXAX,0.8999999761581421
CUXPAN,KIYZID01,0.8999999761581421
CUXPER,CUXQAO,1.0
CUXPER,LIHFAK,0.8999999761581421
CUXPER,DAMYOI,0.8999999761581421
CUXPER,XOTZIR,0.5586206316947937
CUXPIV,KIYZID,0.8999999761581421
CUXPIV,KIYZID01,0.8999999761581421
CUXPIV,CUXQAO,0.8999999761581421
CUXPIV,CUXPUH,0.8999999761581421
CUXPIV,DAMYUO,0.8999999761581421
CUXPIV,GULVUF,0.5400000214576721
CUXPIV,GULWAM,0.5400000214576721
CUXPOB,CUXQIW,1.0
CUXPOB,KIZBEC01,0.8999999761581421
CUXPUH,DAMYUO,1.0
CUXPUH,CUXQIW,0.8999999761581421
CUXPUH,RIWXAX,0.8999999761581421
CUXPUH,RIWXAX01,0.8999999761581421
CUXPUH,XOXGUN,0.8999999761581421
CUXQAO,XOXGUN,0.8999999761581421
CUXQES,XOXGUN,0.8999999761581421
CUXQES,LIHDUC01,0.8999999761581421
CUXQES,LIHFAK,0.8999999761581421
CUXQIW,KIZBEC01,0.8999999761581421
CUXVAT,CUXVEX,0.7249999642372131
CUXVAT,HOXGAD,0.6029411554336548
CUXVAT,DIMBOS,0.5885714292526245
CUXVEX,HOXGAD,0.5621621608734131
CUXVEX,DIMBOS,0.550000011920929
CUYDEG,QUCPEK,0.48571428656578064
CUYDEG,WUPMEB,0.48000001907348633
CUYDIL,DABMUR,1.0
CUYDIL,KINNAY,1.0
CUYDIL,DABMEB,0.8999999761581421
CUYWUP,EPOTAF,1.0
CUYWUP,QUYRAF,0.8999999761581421
CUYWUP,REQWAO,0.8999999761581421
CUYWUP,FAGFUQ,0.8999999761581421
CUYXOK,IJASOC,0.8999999761581421
CUYXOK,KIVVOC,0.8999999761581421
CUYXOK,DOSHID,0.8999999761581421
CUYXOK,HUMWIX,0.7157894968986511
CUYXOK,KINDOC,0.8999999761581421
CUYXOK,TADHEN,0.8714286088943481
CUZBUW,MOXDIN,1.0
CUZBUW,LUYSOP,1.0
CUZBUW,XUBKOU,0.7352941632270813
CUZLAM,LACYOE,0.32499998807907104
CUZLAM,LACYUK,0.32499998807907104
CYTPCD10,KEHWAY02,0.45818179845809937
DABMEB,RAHTAV,0.8999999761581421
DABMEB,KINNUS,0.8999999761581421
DABMUR,KINNAY,1.0
DABMUR,KINNEC,1.0
DABMUR,KINNIG,1.0
DABMUR,KINNOM,1.0
DABMUR,KINNUS,1.0
DABWUA,HOKKOJ,1.0
DABWUA,PUFXIZ,0.8999999761581421
DABWUA,VEWDAF,0.8499999642372131
DACHAR,TOKLIQ,0.35199999809265137
DACHAR,VOTQAY,0.35199999809265137
DACHAR,ZIHFUR01,0.33478260040283203
DACJUO,FIMXUW,0.8999999761581421
DACJUO,POCLAV,0.8999999761581421
DACQOQ,QEKZAI,0.28125
DACQOQ,MIRKIK,0.2475000023841858
DACQOQ,TEBPIB,0.23333331942558289
DACZUF,SINTAN,1.0
DACZUF,UDIDAO,0.831250011920929
DADLEC,DADLOM,1.0
DADLEC,XAFFER,0.8999999761581421
DADLEC,PIQMOT,0.8999999761581421
DADLOM,XAFFER,0.8999999761581421
DADLOM,MUDLON,0.8999999761581421
DADLOM,OXOZUY,0.8999999761581421
DADLOM,VACKUI,0.8999999761581421
DADTOS,YUKTUU06,1.0
DADTOS,SIWPUL,1.0
DADTOS01,YUKTUU06,1.0
DADTOS01,SIWPUL,1.0
DADTOS02,YUKTUU06,1.0
DADTOS02,SIWPUL,1.0
DADTOS03,YUKTUU06,1.0
DADTOS03,SIWPUL,1.0
DADTOS04,YUKTUU06,1.0
DADTOS04,SIWPUL,1.0
DADTOS05,YUKTUU06,1.0
DADTOS05,SIWPUL,1.0
DADTOS05,WEZWOO,0.8999999761581421
DADTOS06,YUKTUU06,1.0
DADTOS06,SIWPUL,1.0
DADTOS06,WEZWOO,0.8999999761581421
DADTOS07,YUKTUU06,1.0
DADTOS07,SIWPUL,1.0
DADTOS08,YUKTUU06,1.0
DADTOS08,SIWPUL,1.0
DADTOS08,NEJHIU,0.8999999761581421
DADTOS09,YUKTUU06,1.0
DADTOS09,SIWPUL,1.0
DADTOS10,YUKTUU06,1.0
DADTOS10,SIWPUL,1.0
DADTOS11,YUKTUU06,1.0
DADTOS11,SIWPUL,1.0
DADTOS11,NEJHIU,0.8999999761581421
DADTOS12,YUKTUU06,1.0
DADTOS12,SIWPUL,1.0
DADTOS13,YUKTUU06,1.0
DADTOS13,SIWPUL,1.0
DADTOS13,NEJHIU,0.8999999761581421
DADTOS14,YUKTUU06,1.0
DADTOS14,SIWPUL,1.0
DADTOS15,YUKTUU06,1.0
DADTOS15,SIWPUL,1.0
DADTOS16,YUKTUU06,1.0
DADTOS16,SIWPUL,1.0
DADTOS17,YUKTUU06,1.0
DADTOS17,SIWPUL,1.0
DADTOS18,YUKTUU06,1.0
DADTOS18,SIWPUL,1.0
DADTUY,DEFNIO,1.0
DADTUY,OXCFOR,1.0
DADTUY,YANBAR02,1.0
DADTUY01,DEFNIO,1.0
DADTUY01,OXCFOR,1.0
DADTUY01,YANBAR02,1.0
DADTUY05,DEFNIO,1.0
DADTUY05,OXCFOR,1.0
DADTUY05,YANBAR02,1.0
DADTUY06,DEFNIO,1.0
DADTUY06,OXCFOR,1.0
DADTUY06,YANBAR02,1.0
DADTUY07,DEFNIO,1.0
DADTUY07,OXCFOR,1.0
DADTUY07,YANBAR02,1.0
DADTUY08,DEFNIO,1.0
DADTUY08,OXCFOR,1.0
DADTUY08,YANBAR02,1.0
DADTUY09,DEFNIO,1.0
DADTUY09,OXCFOR,1.0
DADTUY09,YANBAR02,1.0
DADTUY10,DEFNIO,1.0
DADTUY10,OXCFOR,1.0
DADTUY10,YANBAR02,1.0
DADTUY11,DEFNIO,1.0
DADTUY11,OXCFOR,1.0
DADTUY11,YANBAR02,1.0
DADTUY11,MEHRUN,0.8999999761581421
DADTUY12,DEFNIO,1.0
DADTUY12,OXCFOR,1.0
DADTUY12,YANBAR02,1.0
DADVAG,JEXXAM05,1.0
DADVAG,JEXXAM07,1.0
DADVAG,DADVAG07,1.0
DADVAG01,JEXXAM05,1.0
DADVAG01,JEXXAM07,1.0
DADVAG01,DADVAG07,1.0
DADVAG02,JEXXAM05,1.0
DADVAG02,JEXXAM07,1.0
DADVAG02,DADVAG07,1.0
DADVAG03,JEXXAM05,1.0
DADVAG03,JEXXAM07,1.0
DADVAG03,DADVAG07,1.0
DADVAG04,JEXXAM05,1.0
DADVAG04,JEXXAM07,1.0
DADVAG04,DADVAG07,1.0
DADVAG05,JEXXAM05,1.0
DADVAG05,JEXXAM07,1.0
DADVAG05,DADVAG07,1.0
DADVAG05,LOSLAH,0.8999999761581421
DADVAG05,ZIGLOT,1.0
DADVAG06,JEXXAM05,1.0
DADVAG06,JEXXAM07,1.0
DADVAG06,DADVAG07,1.0
DADVAG06,DADVAG08,1.0
DADVAG06,DEFNOU,1.0
DADVAG07,JEXXAM05,1.0
DADVAG07,JEXXAM07,1.0
DADVAG07,VERZOJ,1.0
DADVAG08,JEXXAM04,1.0
DADVAG08,JEXXAM06,1.0
DADXUE,EZULAO,1.0
DADXUE,LUWKIZ,1.0
DADXUE,EGUHOD02,1.0
DADXUE,EGUHOD,1.0
DADXUE,EGUHOD01,1.0
DADXUE,WIPPIW,1.0
DAFHEZ,WIMWEW,1.0
DAFHEZ,FILYEG,1.0
DAFHEZ,FILYAC,1.0
DAFHID,QEZZED,1.0
DAFHID,LEPLAV,0.8999999761581421
DAFHID,OHIHUJ,0.8999999761581421
DAFHID,OHIHOD,0.8999999761581421
DAFHOJ,ZOZKAC,1.0
DAFHOJ,HIYZEV,1.0
DAFHOJ,ZOYKAB,1.0
DAFHOJ,DIBZEU,0.8999999761581421
DAFHOJ,DOJYAD,0.8999999761581421
DAFHOJ,HIYZEV01,1.0
DAFYAN,DAFYOB,1.0
DAFYAN,ONUKAL,0.8999999761581421
DAFYAN,VOBKAA,0.8999999761581421
DAFYAN,FUNVIU,0.8999999761581421
DAFYOB,ONUKAL,0.8999999761581421
DAFYOB,VOBKAA,0.8999999761581421
DAFYOB,ICISAP,0.8999999761581421
DAFYOB,TOWMOJ,0.8999999761581421
DAGDEV,RORRIB,0.8999999761581421
DAGDEV,ECORIX,0.8999999761581421
DAGDEV,KULRIT,0.8999999761581421
DAGDEV,UVIPIZ,0.8999999761581421
DAGDEV,VEYKES,0.8999999761581421
DAGDIZ,DEJTES,1.0
DAGDIZ,DEJTIW,1.0
DAGDIZ,ECOROD,0.8999999761581421
DAGDIZ,RICGOA,0.47894734144210815
DAGDIZ,VEYKES,0.8999999761581421
DAGGOK,DAGGUQ,1.0
DAGGOK,YOYZUJ,1.0
DAGGOK,WIWHOB01,1.0
DAGGOK,WIWHOB,1.0
DAGGUQ,YOYZUJ,1.0
DAGGUQ,WIWHOB01,1.0
DAGGUQ,WIWHOB,1.0
DAGTUD,TEYLER,0.8999999761581421
DAHJUR,HAHPOW,0.3100000023841858
DAHJUR,HAHPIQ,0.3100000023841858
DAHJUR,NUHFAY,0.3100000023841858
DAHJUR,GIVHIC,0.2769230902194977
DAHMIJ,MALWUU,1.0
DAHMIJ,UYOGOF,1.0
DAHNOQ,XOTGUI,1.0
DAHNOQ,SATRIP,1.0
DAHNOQ,KOCDOX,1.0
DAHNOQ,SOPPIX,1.0
DAHNOQ,VATYAR,1.0
DAHNOQ,WEMDID,1.0
DAHNOQ,XUMBEN,1.0
DAHNOQ,YEBKOG,1.0
DAHNUW,XOTGUI,1.0
DAHNUW,SATRIP,1.0
DAHNUW,KOCDOX,1.0
DAHNUW,LAMSOJ,1.0
DAHNUW,LAMSOJ01,1.0
DAHNUW,SOPPIX,1.0
DAHPAE,YEBKUM,1.0
DAHPAE,WEMCAU,1.0
DAHPAE,DECDUN,0.8999999761581421
DAHWAM,YUWKEH01,0.8999999761581421
DAHWAM,YUWKIL,0.8999999761581421
DAHWAM,UVIKIU,0.8999999761581421
DAHWAM,TUTZUD,0.8999999761581421
DAHWAM,YUWKEH,0.8999999761581421
DAJVES,HAWGEU,0.8999999761581421
DAJVES,NIKHUL,0.8999999761581421
DAJVES,NIKJAT,0.8999999761581421
DAJVES,OTAQAD,0.8999999761581421
DAJVES,ZAVLAM,0.8714286088943481
DAJVES,ZIYWIQ,0.8999999761581421
DAJWET,NIKJAT,0.8999999761581421
DAJWET,OTIBUQ,0.8999999761581421
DAJWET,IFIQUM,0.8999999761581421
DAJWET,HAWGEU,0.8999999761581421
DAJWET,NIKHOF,0.8999999761581421
DAJWET,WINRAP,0.8999999761581421
DAKVIW,DAKVOC,0.8999999761581421
DAKVIW,IYOLAL,0.8999999761581421
DAKVIW,JOPWUI,0.7000000476837158
DAKVIW,XAPQAI,0.7000000476837158
DAKVIW,XAPQAI01,0.7000000476837158
DAKVOC,WEHJEA,1.0
DAKVOC,WEHHEY,1.0
DAKVOC,WEHHIC,1.0
DAKVUI,GEGDED,1.0
DAKVUI,FECXES,1.0
DAKVUI,WEHHOI,0.8999999761581421
DAKZUN,DUGDUG,1.0
DAKZUN,MUGXIX,1.0
DAKZUN,ZIJSAO,1.0
DALCEZ,JARMEU,0.4193548262119293
DALCEZ,JARMEU10,0.4193548262119293
DALCEZ,YUHMIZ,0.2800000011920929
DALCEZ,YUHMUL,0.2800000011920929
DALRAK,NUXLUN,0.8999999761581421
DALRAK,LIWFUS,0.8999999761581421
DALRAK,GUXLIU,0.8999999761581421
DALSAN,SAGZUW,1.0
DALSAN,UFITEJ,1.0
DALSER,SAGZUW,1.0
DALSER,UFITEJ,1.0
DALSER,EZAWIL,1.0
DALSER,JELPAS,1.0
DALSOA,JIYKAG,0.8999999761581421
DALSOA,ZOYKEF,0.8999999761581421
DALSOA,FASHAK,0.8999999761581421
DALSOA,XINTOG,0.8999999761581421
DALSUH,DALTAO,0.8999999761581421
DALSUH,NIRSUF,0.8999999761581421
DALSUH,JITJAA,0.8999999761581421
DALTAO,SEGSEF,0.8999999761581421
DALTAO,NIRSUF,0.8999999761581421
DALTAO,JITJAA,0.8999999761581421
DALVAQ,DALVIY,0.8999999761581421
DALVAQ,DALVEU,0.8999999761581421
DALVAQ,IKUTUF,0.8999999761581421
DALVEU,IKUTUF,1.0
DALVEU,DALVIY,0.8999999761581421
DALVIY,IKUTUF,0.8999999761581421
DALXEW,IRUWUP,1.0
DALXEW,YIKSET,0.8999999761581421
DALXEW,TEVCAB,0.8999999761581421
DAMYIC,DAMYIC01,1.0
DAMYIC,MAQRAA,0.4599999785423279
DAMYIC,MAQRAA01,0.4599999785423279
DAMYIC01,MAQRAA,0.4599999785423279
DAMYIC01,MAQRAA01,0.4599999785423279
DAMYOI,LIHDUC01,0.8999999761581421
DAMYOI,RIWWOK,0.8999999761581421
DAMYUO,KIYZID01,0.8999999761581421
DAMYUO,JODWOP,0.8999999761581421
DANFUW,SAHYOS,0.8999999761581421
DANVAQ,DANVEU,1.0
DANVAQ,ECUFAM,1.0
DANVEU,ECUFAM,1.0
DANVEU,IFOQAV,1.0
DANVEU,IFOQAV01,1.0
DANVEU,LETFOH,1.0
DANVEU,UTEXOH,0.8999999761581421
DANWAS,MIVFUU,1.0
DANWAS,EHIVOH,1.0
DANWAS,TEDGUG,1.0
DANWAS,IGOCOX,0.3076923191547394
DANWAS,IGOCUD,0.3076923191547394
DANWAS,TEDGOA,1.0
DANWAS,TEDHAN,1.0
DANWUL,GULXIV,0.8999999761581421
DANWUL,XUMSOP,0.42352941632270813
DANWUL,YELNIM01,0.42352941632270813
DANZEX,GANBIH,1.0
DANZEX,JAKBUV,1.0
DANZEX,FEZPUW,0.8999999761581421
DAPGUW01,MAQJEW,1.0
DAPGUW01,JAHVUJ,0.8999999761581421
DAPHAD01,WECBEN,1.0
DAPHAD01,XIYYEL,1.0
DAPHAD01,OHEGAJ,1.0
DAPHAD01,SEYQIW,1.0
DAPHOU,MOHLIF,1.0
DAPHOU,TOWPAY,0.8999999761581421
DAPHOU,VIBLAW,0.8999999761581421
DAPHOU,IZENIM,0.8999999761581421
DAPYAW,MIFGEP,1.0
DAPYAW,MIFGEP01,1.0
DAPYAW,YAYQOH,1.0
DAPYUP,WIMPEN,0.34838706254959106
DAPYUP,WIMPAJ,0.34838706254959106
DAPYUP,WEBKAS,0.3149999976158142
DAPZAW,XOBDUO,1.0
DAPZAW,ZIJGUU,1.0
DAPZAW,ZIJGUU01,1.0
DAPZAW,QIYCAE,0.4272727370262146
DAPZAW,YEYLUJ,1.0
DAQMAM,ZIDREL,0.47058823704719543
DAQMAM,QIDQUS,0.4374999701976776
DAQMAM,KEPKEY,0.4326086938381195
DAQRET,PIZNOB,1.0
DAQRET,EBOJOV,1.0
DAQRET,DAQRET01,1.0
DAQRET,EBOJIP,1.0
DAQRET,FUQCIF,1.0
DAQRET,NETHOJ,0.8999999761581421
DAQRET,VUJSAV,0.8999999761581421
DAQRET01,PIZNOB,1.0
DAQRET01,EBOJOV,1.0
DAQRET01,EBOJIP,1.0
DAQRET01,FISCUI,0.8999999761581421
DAQRET01,FUQCIF,1.0
DAQRET01,NIFMIY,0.8999999761581421
DAQRET01,RIBZOS,0.8999999761581421
DAQRET01,WADDUD,0.8999999761581421
DAQRET01,YUCNEQ,0.8999999761581421
DARCOQ,DARFOT,0.8999999761581421
DARCOQ,DARDEH,0.8999999761581421
DARCUW,LEKPAV,0.8999999761581421
DARDAD,PICCUC,0.8999999761581421
DARDAD,NIYZIG,0.8999999761581421
DARDAD,DARDEH,0.8999999761581421
DARDAD,PICCOW,0.8999999761581421
DARDEH,UKAQAZ,1.0
DARDIL,ZIGQEO,1.0
DARDIL,ZIGQIS,1.0
DARDIL,UKAQED,1.0
DARDIL,ZIGQAK,1.0
DARDOR,KIJKOG,1.0
DARDOR,UKAQIH,1.0
DARDUX,KIJKIA,1.0
DARDUX,NAYXOC,1.0
DARDUX,UKAQIH,0.8999999761581421
DARFAF,GENGIR,1.0
DARFEJ,LEKPAV,0.8999999761581421
DARFIN,GENGIR,0.8999999761581421
DARFIN,EQERAU,0.8999999761581421
DARFIN,PICCOW,0.8999999761581421
DARFOT,LEKPAV,0.8999999761581421
DARFOT,KIJKOG,0.8999999761581421
DARQOF,FERCEN,1.0
DARQOF,FERCUD,1.0
DARQOF,FERCOX,1.0
DARQOF,FERBUC,0.8999999761581421
DARQOF,FERCAJ,1.0
DARQOF,FERCIR,1.0
DARQOF,GADROU,0.7120000123977661
DARQOF,YEKHUU,0.5354838371276855
DARSEV,GATJIV,0.6232557892799377
DARSEV,LEVDIB,0.5268292427062988
DARSEV,KUYGOC,0.4976744055747986
DARYIF,JUKVEQ,1.0
DARYIF,JUKVEQ01,1.0
DARYIF,EFUHEU,1.0
DASLIT,DASMAM,0.8999999761581421
DASLIT,NEBSAR,0.5
DASMAM,UGUGUZ,0.5
DASMAM,MUFXUI,0.5
DASTEY01,HENSEB01,1.0
DASTEY01,VUKSIF,1.0
DASTEY01,VUKSEB,1.0
DASTEY01,HENSEB,1.0
DASTEY01,LEHFOW,1.0
DASTEY01,QUMFUB,0.8999999761581421
DASTEY01,TAGTIH,0.8999999761581421
DASTEY01,TOWLIC,0.8999999761581421
DASTEY01,USUQOQ,0.8999999761581421
DASTEY02,HENSEB01,1.0
DASTEY02,VUKSIF,1.0
DASTEY02,VUKSEB,1.0
DASTEY02,MIMKIE,0.8999999761581421
DASTEY02,QIMFEA,0.8999999761581421
DASTEY02,WAMJUS,0.8999999761581421
DASTEY02,XEJHIG,1.0
DASTEY02,YEKQOW,1.0
DATPIY,NANZOS,0.8999999761581421
DATPIY,WEMCOI,0.8999999761581421
DATPIY,RASXEP,0.8999999761581421
DATPIY,IXUWUV,0.8999999761581421
DATPIY,LUXFOA,0.8999999761581421
DAVMIY,DIVPUU,0.8999999761581421
DAVMIY,YILZIF,0.8999999761581421
DAVMIY,YIMBAA,0.8999999761581421
DAWCIP,NEHGEO,1.0
DAWCIP,NEHGIS,1.0
DAWCIP,DAWCOV,0.8999999761581421
DAWCIP,XAMDOH,0.6538462042808533
DAWCOV,NEHGIS,0.8999999761581421
DAWCOV,NEHGEO,0.8999999761581421
DAWFEO,QEPNOR,0.8999999761581421
DAWFEO,TELDOF,0.8999999761581421
DAWFEO,QOSFAH,0.8999999761581421
DAWMUL,DAWNAS,0.8999999761581421
DAWMUL,FISGOF,0.8714286088943481
DAWNAS,FISGOF,0.7714285850524902
DAWNAS,WOSZEL,0.7480000257492065
DAWPEZ,DUPKAC,1.0
DAWPEZ,OMUSAS,0.5263158082962036
DAWVUV,MOHSEJ,0.3131578862667084
DAWVUV,FECXOC,0.3024999797344208
DAWVUV,XALTOV,0.30000001192092896
DAWWAC,KOYHIR,1.0
DAWWAC,QONKUB,0.8999999761581421
DAWWAC,QOMSES,0.8999999761581421
DAWWAC,NAGSAS,0.71875
DAWWAC,YIJNIR,0.6142857670783997
DAWWAC,YIJNIR01,0.6142857670783997
DAWWEF,DIYRIO,0.5615384578704834
DAWWEF,SEZCIM02,0.5390244126319885
DAWWEF,QUVZIS,0.5390244126319885
DAWWIJ,DAWWOP,0.8999999761581421
DAWWIJ,DAWWUV,0.8999999761581421
DAWWIJ,GEVZUE,0.5390244126319885
DAWWOP,DAWWUV,0.8999999761581421
DAWWOP,POLBEZ,0.5604650974273682
DAXDUE,DAXFEQ,0.6299999952316284
DAXDUE,DAXFIU,0.6299999952316284
DAXDUE,QAPGIZ,0.5864864587783813
DAXFEQ,DAXFIU,0.8999999761581421
DAXFEQ,PATPEH,0.5113636255264282
DAXFIU,PATPOR,0.5113636255264282
DAXKIY,DAXKOE,1.0
DAXKIY,JOJMEB,0.8999999761581421
DAXKIY,DUBFEM,0.8999999761581421
DAXKOE,JOJMEB,0.8999999761581421
DAXNIA,HEWPIJ,1.0
DAXNIA,SIWQIA,1.0
DAXNIA,SIWQIA02,1.0
DAXNIA01,HEWPIJ,1.0
DAXNIA01,SIWQIA,1.0
DAXNIA01,SIWQIA02,1.0
DAXNIA02,HEWPIJ,1.0
DAXNIA02,SIWQIA,1.0
DAXNIA02,SIWQIA02,1.0
DAXNIA03,HEWPIJ,1.0
DAXNIA03,SIWQIA,1.0
DAXNIA03,SIWQIA02,1.0
DAXNIA04,HEWPIJ,1.0
DAXNIA04,SIWQIA,1.0
DAXNIA04,SIWQIA02,1.0
DAXNIA04,ELUQIM,1.0
DAXNIA04,ELUQIM01,1.0
DAXNIA04,ELUQIM04,1.0
DAXNIA04,ELUQIM05,1.0
DAXNIA04,ELUQIM06,1.0
DAXNIA04,ELUQIM07,1.0
DAXNIA04,ELUQIM08,1.0
DAXNIA04,ELUQIM09,1.0
DAXNIA04,ELUQIM10,1.0
DAXNIA04,ELUQIM11,1.0
DAXNIA04,ELUQIM12,1.0
DAXNIA04,ELUQIM13,1.0
DAYCIQ,WARWOC,1.0
DAYCIQ,PEHXAD,0.8999999761581421
DAYCIQ,OMEWUZ,0.8999999761581421
DAYCIQ,PEHWUW,0.8999999761581421
DAYGUH,EBAQOP,1.0
DAYGUH,EBAQOP01,1.0
DAYGUH,IXEZES,0.8999999761581421
DAYGUH,ENAMIR,0.8999999761581421
DAYGUH,HIZFIH,0.8999999761581421
DAYGUH,HOPMUW,0.8999999761581421
DAYMAS,SIVJAI,0.8999999761581421
DAYMAS,SIVJAI01,0.8999999761581421
DAYMAS,REQSIS,0.8999999761581421
DAYMAS,HUQMOV,0.8999999761581421
DAYWOS,HIDMIS,0.8999999761581421
DAYWOS,VIHHUR,0.8999999761581421
DAYWOS,XUKJEU,0.8999999761581421
DAYWOS,QUGNOV,0.5846154093742371
DAYWOS,YUMVAF,0.8999999761581421
DAYYIN,IMZYCO,1.0
DAYYIN,EQOCES,1.0
DAYYIN,OKEPUR,1.0
DAZKEX,PELVUZ,0.8999999761581421
DAZKEX,ZEFSUA01,0.8999999761581421
DAZKEX,POKZIA,0.8999999761581421
DAZMID,ZESZEE,1.0
DAZMID,EGELIM,0.8199999928474426
DAZMID,EGELUY01,0.8199999928474426
DAZZUC,DEBBIY,0.8999999761581421
DAZZUC,JOFCEO01,0.8999999761581421
DAZZUC,JOFCEO,0.8999999761581421
DEBBIY,JOFCEO01,0.8999999761581421
DEBBIY,JOFCEO,0.8999999761581421
DEBNUU,QAHTOI,0.8999999761581421
DEBNUU,QOTDUZ,0.8999999761581421
DEBNUU,XEBHOB,0.8999999761581421
DEBNUU,DINDUZ,0.8999999761581421
DEBNUU,DINDUZ01,0.8999999761581421
DEBNUU,FETBIQ,0.8999999761581421
DEBXUG,XEXSEA,0.49130430817604065
DEBXUG,YITKEU,0.47499996423721313
DEBXUG,NIFRUS,0.4599999785423279
DEBZOC,GOXBOM,0.8999999761581421
DEBZOC,GOXBAY,0.8999999761581421
DEBZOC,WIFSAI,0.6692307591438293
DECDUN,NOQLOV,1.0
DECDUN,NOQLOV01,1.0
DECDUN,OPEGUM,1.0
DECJON,IWEQEH,0.925000011920929
DECJON,UVEVAT,0.824999988079071
DECJON,IWEQOR,0.824999988079071
DECVIT,MACKAE,1.0
DECVIT,EHAXUG01,0.8999999761581421
DECVIT,QUMQOF,0.8999999761581421
DECVIT,QUMRUM,0.8999999761581421
DECVIT,TOJNAJ,0.8999999761581421
DECXOB,DECYUI,0.8147058486938477
DECXOB,DECYAO,0.7749999761581421
DECXOB,DECXUH,0.7230769395828247
DECXOB,DECYES,0.7075000405311584
DECXOB,DECYIW,0.6850000023841858
DECXOB,DECYOC,0.7000000476837158
DECXOB,KEGTEY,0.683783769607544
DECXOB,PAFXUS,0.7000000476837158
DECXOB,TACTUP,0.7000000476837158
DECXOB,TIDTIM,0.583783745765686
DECXUH,DECYUI,0.6357142925262451
DECXUH,PAFXUS,0.6200000047683716
DECYAO,DECYUI,0.7567567229270935
DECYAO,DECYES,0.7000000476837158
DECYAO,DECYOC,0.6571428775787354
DECYES,DECYUI,0.6926829814910889
DECYIW,DECYUI,0.6707317233085632
DECYIW,DECYOC,0.6522727608680725
DECYOC,DECYUI,0.7230769395828247
DECYUI,OTAWIR,0.7428571581840515
DECYUI,PAFXUS,0.6487805247306824
DECYUI,TACTUP,0.6487805247306824
DEDTEN,GANMAL,0.8999999761581421
DEDTEN,MOYVEC,0.8999999761581421
DEDTEN,XADGEQ,0.8999999761581421
DEDTEN,XEZDAH,0.8999999761581421
DEFFEC,KOYKIS,0.503389835357666
DEFFEC,WERKUZ,0.5884615182876587
DEFKUU,IHAVIW,0.8999999761581421
DEFKUU,DINDUZ,0.8999999761581421
DEFKUU,YIKMAG,0.8999999761581421
DEFKUU,SOMQUG,0.8999999761581421
DEFNEK,FEFRMT,1.0
DEFNEK,PESSAK01,1.0
DEFNEK,XACLUL,1.0
DEFNIO,VIRJIQ,1.0
DEFNIO,OXCFOR,1.0
DEFNIO,YANBAR01,1.0
DEFNOU,JEXXAM04,1.0
DEFNOU,JEXXAM06,1.0
DEFSUE,PELXIP,0.8999999761581421
DEFSUE,GAMFEG,0.8999999761581421
DEFSUE,GAMFEG01,0.8999999761581421
DEFTAL,QOPHUZ,1.0
DEFTAL,DEFTAL01,1.0
DEFTAL,FECWOB01,0.8999999761581421
DEFTAL01,QOPHUZ,1.0
DEFTAL01,FECWOB01,0.8999999761581421
DEFXEU,NAHRAR,0.8999999761581421
DEFXEU,NAHQAQ,0.8999999761581421
DEFXEU,NAHQEU,0.8999999761581421
DEFXEU,NAHQUK,0.8999999761581421
DEGBOI,EKAQEN,1.0
DEGBOI,OBOHOE,0.8999999761581421
DEGBOI,EKAQIR,0.8999999761581421
DEGBOI,DEGBUO,0.8999999761581421
DEGBOI,HUPTOB,0.8999999761581421
DEGBOI,SIYGOZ,0.8999999761581421
DEGBUO,SIYGUF,0.8999999761581421
DEGBUO,SIYGEP,0.8999999761581421
DEGJIK,QOMSAO,1.0
DEGJIK,FUSWIA,1.0
DEGJIK,QONLEM,1.0
DEGJIK,LUGLUU,0.8999999761581421
DEGJIK,PASGAU,1.0
DEGJIK,PEBNER,1.0
DEGJIK,SIXDUZ,0.8999999761581421
DEGMAG,DEGMAG01,1.0
DEGMAG,ZESPIZ,0.8999999761581421
DEGMAG,ZESPEV,0.8999999761581421
DEGMAG01,ZESPIZ,0.8999999761581421
DEGMAG01,ZESPEV,0.8999999761581421
DEGMAG01,ZESMOC,0.8999999761581421
DEGPEL,LETDIY,1.0
DEGPEL,KELJAN,1.0
DEGPEL,LETFEW,1.0
DEGSIS,VOJPOA,1.0
DEGSIS,XIPCEF01,1.0
DEGSIS,WIQRUL,1.0
DEGSIS01,VOJPOA,1.0
DEGSIS01,XIPCEF01,1.0
DEGSIS01,WIQRUL,1.0
DEHBEY,UQAXAN,1.0
DEHBEY,PUNCUX,0.8999999761581421
DEHBEY,NDFUMA01,0.8999999761581421
DEHBEY,MODWUX,0.8999999761581421
DEHBIC,TEKDUI01,0.8999999761581421
DEHBIC,HIXWIU,0.8999999761581421
DEHBIC,MUCNEE01,0.8999999761581421
DEHFUR,XACFAJ,1.0
DEHFUR,YEYYAC,0.8999999761581421
DEHFUR,XACFEN,0.8999999761581421
DEHHEG,PIBJIV,1.0
DEHHEG,NULSUJ,1.0
DEHHEG,DELTAQ01,1.0
DEHHIK,FIFNOY02,1.0
DEHHIK,MOWQOF01,1.0
DEHHIK,JOGHIY,1.0
DEHHIK,IXEBEU,0.49130430817604065
DEHHIK,MOWQOF,1.0
DEHHIK,PEHNIB,0.5235294103622437
DEHHIK,SINLAE,1.0
DEHHOQ,FIFNIS,1.0
DEHHOQ,GIMBIN02,1.0
DEHHOQ,GIMBIN01,1.0
DEHHOQ,FIFNIS01,1.0
DEHHOQ,GIMBIN,1.0
DEHHOQ,GIMBIN05,1.0
DEHHOQ,MIDBEI,0.6625000238418579
DEHRIR,XAKCOB,0.3076923191547394
DEHYEV,XAJZAK,1.0
DEHYEV,WAZNAO,0.8999999761581421
DEHYEV,WAZMUH,0.8999999761581421
DEHYEV,VAGJAP,0.5736842155456543
DEJCEB,DEPXAY,1.0
DEJCEB,IVAZUA01,1.0
DEJCEB,IVAZUA,1.0
DEJCEB,LALKEP,0.8999999761581421
DEJCEB,LALKIT,0.8999999761581421
DEJCIF,KIQJAV,1.0
DEJCIF,FEBPUY,1.0
DEJCIF,SOWTIJ,0.8999999761581421
DEJJEK,OXIXIE,0.8999999761581421
DEJJEK,FEQWUU,0.8999999761581421
DEJJEK,WOHPIU,0.8999999761581421
DEJTES,DEJTIW,1.0
DEJTES,NAHGOS,0.3240000009536743
DEJTES,REVGAB,0.550000011920929
DEJTES,XUWVUG,0.5684210062026978
DEJTIW,REVGAB,0.550000011920929
DEKBON,HEHROE,1.0
DEKBON,LAYXAN,1.0
DEKBON,LAYXER,1.0
DEKCEE,DEKCII,0.8999999761581421
DEKCEE,QUMROG,0.3076923191547394
DEKCEE,NAHQAQ,0.30000001192092896
DEKCII,QUMRAS,0.3076923191547394
DEKCII,NAHQUK,0.30000001192092896
DEKGOS,TIDWIO,0.8999999761581421
DEKGOS,NUHDOK,0.8999999761581421
DEKGOS,NUHDOK01,0.8999999761581421
DEKGOS,XAXGIO,0.7000000476837158
DEKGOS,YUHMAR,0.7230769395828247
DEKLEL,GAMTOE,1.0
DEKLEL,GAMTAQ,1.0
DEKLEL,ECUDEM,0.8999999761581421
DEKLEL,ECUCIP,0.8999999761581421
DEKLEL,ECUCOV,0.8999999761581421
DEKLEL,WEWGAH,0.8999999761581421
DEKLEL,XEJJEC,0.8999999761581421
DEKLEL,YEGTEK,0.8999999761581421
DEKLIP,GAMTAQ,0.8999999761581421
DEKLIP,ECUCUB,0.8999999761581421
DEKLIP,GAMTOE,0.8999999761581421
DEKLIP,GAMTUK,0.8999999761581421
DEKLIP,GAMVAS,0.8999999761581421
DEKLIP,WEWGAH,0.8999999761581421
DEKLIP,XEJJIG,0.8999999761581421
DEKPAL,HAKWUM,1.0
DEKPAL,DEKPEP,1.0
DEKPAL,MESBAN,1.0
DEKPAL,GUXLIU,0.8999999761581421
DEKPAL,JEXPEI,0.8999999761581421
DEKPAL,XUWVEQ,1.0
DEKPEP,XUWVEQ,1.0
DEKPEP,MESBAN,1.0
DEKPEP,HAKWUM,1.0
DEKPEP,SIJPUX,0.8999999761581421
DEKYOK,OKELIB,0.8999999761581421
DEKYOK,HAJYEZ,0.8999999761581421
DEKZEA,DEKZIE,0.925000011920929
DEKZEA,DEKZOK,0.925000011920929
DEKZEA,DELBED,0.925000011920929
DEKZIE,DEKZOK,1.0
DEKZIE,DELBED,1.0
DEKZOK,DELBED,1.0
DELGIN,HEKTUO,0.9142857193946838
DELGIN,HEKTUO01,0.9142857193946838
DELTAQ,DELTAQ01,1.0
DELTAQ,PIBJIV,1.0
DELTAQ,WIDTAF,1.0
DELTAQ,DELTAQ02,1.0
DELTAQ,DELTAQ03,1.0
DELTAQ01,PIBJIV,1.0
DELTAQ01,WIDTAF,1.0
DELTAQ01,HUWPIA,0.8999999761581421
DELTAQ02,PIBJIV,1.0
DELTAQ02,WIDTAF,1.0
DELTAQ02,HUWPIA,0.8999999761581421
DELTAQ03,PIBJIV,1.0
DELTAQ03,WIDTAF,1.0
DEMNOB,UFAMIA,1.0
DEMNOB,UFAMEW,1.0
DEMNOB,DUZPUL,1.0
DENFUA,DENGAH,1.0
DENQEV,LACPEN,0.625
DENQEV,DENQIZ,0.625
DENQEV,QEJLEZ,0.5846154093742371
DENQEV,XADCEM,0.4599999785423279
DENQIZ,LACPEN,1.0
DENQIZ,QEJLEZ,0.7652174234390259
DENTEW01,DENVIC,1.0
DENTEW01,DENVOI,0.8999999761581421
DENTEW01,DENVEY,0.8999999761581421
DENVEY,DENVOI,0.8999999761581421
DENVEY,DENVIC,0.8999999761581421
DENVIC,DENVOI,0.8999999761581421
DENVIC,USEBEA,0.6142857670783997
DENVIC,VENFEC,0.5235294103622437
DEPJIR,HEWPIJ,1.0
DEPJIR,SIWQIA,1.0
DEPJIR,SIWQIA03,1.0
DEPJIR,YUKVUW,1.0
DEPJIR,YUKVUW01,1.0
DEPJIR,YUKVUW02,1.0
DEPJIR,YUKVUW03,1.0
DEPJIR,YUKVUW04,1.0
DEPJIR,YUKVUW05,1.0
DEPJIR,YUKVUW06,1.0
DEPJIR,YUKVUW07,1.0
DEPJIR01,HEWPIJ,1.0
DEPJIR01,SIWQIA,1.0
DEPJIR01,SIWQIA03,1.0
DEPVUQ,DEPWAX,1.0
DEPVUQ,NIGHOA,0.5875000357627869
DEPVUQ,ZUYLOW,0.5875000357627869
DEPVUQ,JOGBIR,0.28947368264198303
DEPWAX,NIGHOA,0.5875000357627869
DEPWAX,ZUYLOW,0.5875000357627869
DEPWAX,JOGBIR,0.28947368264198303
DEPXAY,IVAZUA01,1.0
DEPXAY,IVAZUA,1.0
DEPXAY,FEBPUY,0.8999999761581421
DEPXAY,KIQJAV,0.8999999761581421
DEPXIG,WEYQAU13,1.0
DEPXIG,WEYQAU15,1.0
DEPXIG,WEYQAU10,1.0
DEPXOM,WEYQAU13,1.0
DEPXOM,WEYQAU15,1.0
DEPXOM,WEYQAU10,1.0
DEPXOM,EKEXIC,1.0
DEPXOM,GUKKON,0.8999999761581421
DEPXOM,NIRNAD,0.8999999761581421
DEPXOM,OFEREX,0.8999999761581421
DEPXOM,SADLOA,0.8999999761581421
DEPXOM,SEHXIN,0.8999999761581421
DERBIO,MOXDOT01,1.0
DERBIO,MOXDOT,1.0
DERBIO,HURGOR,1.0
DESHOZ,IVAZOU,1.0
DESHOZ,KEYMEI,0.8999999761581421
DESVIJ,GIXVOB,1.0
DESVIJ,ROYSOP,1.0
DESVIJ,ROYSUV,0.8999999761581421
DESVIJ,ROYSIJ,0.8999999761581421
DESVOP,ROYTAC,1.0
DESVOP,ROYSAB,0.8999999761581421
DESVOP,ROYSOP,0.8999999761581421
DESVOP,GOTNAG,0.8999999761581421
DESVOP,GOTNEK,0.8999999761581421
DETGIT,TAZZUS,0.5285714268684387
DETGIT,WEFXAH,0.44137927889823914
DETGIT,EXOXOE01,0.3571428656578064
DETRAX,NESDIA,1.0
DETRAX,KACSIS,1.0
DETRAX,MEWNAD,0.8999999761581421
DETRAX,DIXCET,0.8999999761581421
DETRAX,NOGCAO,0.8999999761581421
DETVUW,SOKKOT,1.0
DETVUW,SOKKUZ,1.0
DETVUW,SOMFIK,1.0
DETVUW,LUDBOC,0.8999999761581421
DEVBIQ,DEVBOW,0.8999999761581421
DEVBIQ,QOPPOC,0.512499988079071
DEVBIQ,SALLAT,0.4124999940395355
DEVBIQ,MACUFR16,0.197826087474823
DEVBIQ,NACVUI,0.3382352888584137
DEVBOW,SALRON,0.512499988079071
DEVBOW,SALLAT,0.4124999940395355
DEXKEZ,DUXMAL,0.71875
DEXKEZ,XIBZUF,0.6666666269302368
DEXKEZ,XAVKIR,0.6499999761581421
DEXXAF,OTIWOF,1.0
DEXXAF,JUPFOP,1.0
DEXXAF,OTIWOF02,1.0
DEXXAF,OFUSAL,0.4214285612106323
DEXXAF,OTIWOF01,1.0
DEXXAF,OTIXAS,1.0
DEXXAF,ZIWTII,1.0
DEXZIR,DIPNIB,0.4749999940395355
DEXZIR,FAXDIU,0.446153849363327
DEXZIS,KEFBOO,0.8999999761581421
DEXZIS,ECEDAU,0.8999999761581421
DEYMOL,REYJEM,1.0
DEYMOL,FAYKOH,1.0
DEYMOL,FEQSIF,0.8999999761581421
DEYNIG,RANZAH,1.0
DEYNIG,RUPTED,1.0
DEYNIG,KOKSIO,0.5114285945892334
DEYNIG,PEXJUY,1.0
DEYNIG,PEXJUY01,1.0
DEYNIG,VOJPUG,0.5333333611488342
DEYVUA,SIVXAY,0.9035714268684387
DEYVUA,RECJAM,0.8999999761581421
DEYVUA,RECHUE,0.8999999761581421
DEYXIQ,DUFBOX,0.8999999761581421
DEYXIQ,GIGBAC,0.626086950302124
DEYXIQ,IGAHED02,0.5736842155456543
DEZCAO,DEZCIW,0.8999999761581421
DEZCAO,DEZCES,0.8999999761581421
DEZCAO,LUSQIB,0.7593749761581421
DEZCAO,QOCLOL,0.6769230961799622
DEZCER,NAVLIG,0.8999999761581421
DEZCER,QAGTOH,0.8999999761581421
DEZCER,XEDXOW,0.8999999761581421
DEZCES,DEZCIW,0.8999999761581421
DEZCES,LUSQOH,0.7593749761581421
DEZCES,LUSQIB,0.7593749761581421
DEZCES,QOCLOL,0.5769230723381042
DEZCIW,LUSQOH,0.7593749761581421
DEZCIW,FIWJIG,0.7593749761581421
DEZCIW,QOCLIF,0.6769230961799622
DEZKAW,DEZKEA,1.0
DEZKAW,JOBKOC,0.8999999761581421
DEZKAW,JOBKUI,0.8999999761581421
DEZKAW,HICSOE,0.8999999761581421
DEZKEA,JOBKOC,0.8999999761581421
DEZKEA,JOBKUI,0.8999999761581421
DEZKEA,HICSOE,0.8999999761581421
DIBJEF,FASGAK,1.0
DIBJEF,DIBJIJ,1.0
DIBJEF,FASFUD,0.8999999761581421
DIBJIJ,FASGAK,1.0
DIBJIJ,XUGWAZ,0.8999999761581421
DIBQEM,DIBQOW,1.0
DIBQEM,MIHJUL,1.0
DIBQEM,NIGNUO,1.0
DIBQEM,HELDOT,1.0
DIBQEM,NIGPAW,1.0
DIBQEM,NIGPEA,1.0
DIBQIQ,DIBQOW,1.0
DIBQIQ,MIHJUL,1.0
DIBQIQ,NIGNUO,1.0
DIBQIQ,HELDOT,1.0
DIBQOW,MIHJUL,1.0
DIBQOW,NIGNUO,1.0
DIBQOW,NIGPAW,1.0
DIBQOW,NIGPEA,1.0
DIBQOW,QAMVEH,0.8999999761581421
DIBQOW,QAMVEH01,0.8999999761581421
DIBWUH,GANBED01,1.0
DIBWUH,GANBON,1.0
DIBWUH,GANBED03,1.0
DIBWUH,GANBED04,1.0
DIBWUH,GANBED05,1.0
DIBWUH,GANBED06,1.0
DIBXAO,HAWVOQ01,1.0
DIBXAO,HAWVOQ02,1.0
DIBXAO,KEQMAX03,1.0
DIBXIW,XESCOO,0.8999999761581421
DIBZEU,DOJYAD,1.0
DIBZEU,NAMDOV,0.8999999761581421
DIBZEV,IRAZEH,1.0
DIBZEV,DIBZOF,1.0
DIBZEV,UVUMEF,0.8999999761581421
DIBZEV,VOTNAV,0.8999999761581421
DIBZIZ,DIBZOF,0.8999999761581421
DIBZIZ,VOTNAV,0.8999999761581421
DIBZIZ,IRAZEH,0.8999999761581421
DIBZIZ,UVUMEF,0.8999999761581421
DIBZOF,IRAZEH,1.0
DIBZOF,UVUMEF,0.8999999761581421
DIBZOF,VOTNAV,0.8999999761581421
DICJUW,UHISIO,1.0
DICJUW,PEXTES,0.8999999761581421
DICJUW,MITQEM,0.8999999761581421
DICKEH,HABQUY,0.9590908885002136
DICKEH,OGEBAF,0.9217391610145569
DICKEH,OGEBAF01,0.9217391610145569
DICKEH,LURRIA,0.8269230723381042
DICKEH,SEMNEF,0.8560000061988831
DICKEH,SEMNIJ,0.8269230723381042
DICKEH,VEYREY,0.7749999761581421
DICPUD,QOHYET,0.8999999761581421
DICPUD,HURGUX01,0.8999999761581421
DICPUD,EGUHET,0.8999999761581421
DICPUD,NUFTOY,0.8999999761581421
DIDBAV,ERUNUC,1.0
DIDBAV,DIDBEZ,1.0
DIDBAV,DIDBID,1.0
DIDBAV,DIDBOJ,1.0
DIDBAV,ERUNOW,1.0
DIDBAV,ZILBAZ,1.0
DIDBAV,ZILBED,1.0
DIDBAV,ZILBIH,1.0
DIDBEZ,ERUNUC,1.0
DIDBEZ,DIDBID,1.0
DIDBEZ,DIDBOJ,1.0
DIDBEZ,ERUNOW,1.0
DIDBEZ,JODGIU,1.0
DIDBEZ,KUCFOF,0.8999999761581421
DIDBEZ,ZILBAZ,1.0
DIDBEZ,ZILBED,1.0
DIDBEZ,ZILBIH,1.0
DIDBID,ERUNUC,1.0
DIDBID,JODGIU,1.0
DIDBIE,ICUDOC,0.8999999761581421
DIDBIE,GUWWIF,0.8999999761581421
DIDBIE,KAPHAL,0.8999999761581421
DIDBIE,KAPGUE,0.8999999761581421
DIDBOJ,ERUNUC,1.0
DIDVIW,SIWPUL02,1.0
DIFYEZ,HADQUA,0.8999999761581421
DIFYEZ,QUMKAM,0.4446808397769928
DIFYEZ,YIMBUU,0.4000000059604645
DIFYEZ,EVUDEE,0.3374999761581421
DIFZUP,EMUGUP,1.0
DIFZUP,XALTUA,0.8999999761581421
DIGPER,EBEWOZ,1.0
DIGPER,EBEWIT,1.0
DIGPER,EBEXIU02,1.0
DIGPER,EBEWOZ01,1.0
DIGPER,EBEXAM,1.0
DIGPER,EBEXEQ,1.0
DIGPER,EBEXEQ01,1.0
DIGTEU,DIGTIY,0.8999999761581421
DIGTEU,WOBBOG,0.8999999761581421
DIGTEU,XAFYAG,0.8999999761581421
DIGTEU,NOMFOM,0.8999999761581421
DIGTIY,WOBCIB,0.8999999761581421
DIGTIY,XAFYIO,0.8999999761581421
DIGTIY,WOBBOG,0.8999999761581421
DIGTIY,NOLVER,0.8999999761581421
DIGTIY,NOMFIG,0.8999999761581421
DIGTIY,WOBCAT,0.8999999761581421
DIGTIY,XAFXOT,0.8999999761581421
DIGTIY,XAFXUZ,0.8999999761581421
DIGTOE,XAFXOT,0.8999999761581421
DIGTOE,NOLVAN,0.8999999761581421
DIGTOE,DIGTUK,0.8999999761581421
DIGTOE,WAKCUJ,0.40937498211860657
DIGTOE,XAFYEK,0.8999999761581421
DIGTUK,XAFXUZ,0.8999999761581421
DIGTUK,XAFYEK,0.8999999761581421
DIGTUK,NOLVAN,0.8999999761581421
DIGTUK,NOMFUS,0.8999999761581421
DIGTUK,WOBBOG,0.8999999761581421
DIGYIE,HIQPEE,0.46666663885116577
DIGYIE,MIGVED,0.46666663885116577
DIGYIE,DUKYIT,0.4483870565891266
DIHPIU,ZISYAD,0.6157894730567932
DIHPIU,IPEBUC,0.6157894730567932
DIHPIU,IPEBIQ,0.6157894730567932
DIHVIB,DOTSOV33,1.0
DIHVIB,DOTSOV31,1.0
DIHVIB,DOTSOV39,1.0
DIHVIB,SADLEQ,0.8999999761581421
DIHVIB01,DOTSOV33,1.0
DIHVIB01,DOTSOV31,1.0
DIHVIB01,DOTSOV39,1.0
DIHVIB01,MARXEK,0.8999999761581421
DIHVIB01,QOTZEG,0.8999999761581421
DIJCOP,KIDLAL,1.0
DIJCOP,DIJCOP01,1.0
DIJCOP,KOLPOR,0.8999999761581421
DIJCOP,ISUXAW,0.8999999761581421
DIJCOP,KOLPIL,0.8999999761581421
DIJCOP,KOLPUX,0.8999999761581421
DIJCOP,KOLQIM,0.8999999761581421
DIJCOP01,KIDLAL,1.0
DIJCOP01,KOLPOR,0.8999999761581421
DIJCOP01,EQOJUR,0.8999999761581421
DIJCOP01,KOLQEI,0.8999999761581421
DIJCOP01,QAJFOY,0.8999999761581421
DIJWID,QOPHEI,1.0
DIJWID,QADKEL05,1.0
DIJWID,YOXYAN,1.0
DIKBAB,WOHDED,1.0
DIKBAB,YEGKOM,1.0
DIKBAB,MEBMEM01,0.8999999761581421
DIKBAB,OCOTUX,0.3461538553237915
DIKBAB01,KOMJAY,1.0
DIKBAB01,XUHJEQ,0.8999999761581421
DIKBAB01,LIHQUP,0.33478260040283203
DIKJUD,FUZPUN,0.6299999952316284
DIKJUD,XIPCEF,0.6100000143051147
DIKJUD,POTYAA,0.5914285778999329
DIKPOD,DOTWAL,1.0
DIKPOD,ZUVTEP,1.0
DIKPOD,ESUMOU,0.8999999761581421
DIKZED,NEWPUB,0.8999999761581421
DIKZED,NEWPUB01,0.8999999761581421
DIKZED,NEWPUB02,0.8999999761581421
DILJOA,GAHROZ,0.7000000476837158
DILJOA,LOTJIP,0.64000004529953
DILJOA,ODIVUT,0.5400000214576721
DILJOA,QEZROF,0.48461538553237915
DIMBOS,PULWEZ,1.0
DIMBOS,HOXGAD,0.9639999866485596
DIMBOS,HOXFUW,0.7096774578094482
DIMBOS,IDIGAF,0.6000000238418579
DIMBOS,WETQOB,0.5354838371276855
DIMBOS,XUJJUI,0.5354838371276855
DIMDAG,FIPKOG,0.9624999761581421
DIMDAG,FIPKOG01,0.9624999761581421
DIMDAG,NUTYEI,0.8999999761581421
DIMDAG,MAVRAE,0.8999999761581421
DIMDAG,NUTYIM,0.8999999761581421
DIMDAG,NUTYOS,0.8999999761581421
DIMDAG,VIXZUZ,0.8999999761581421
DINDUZ,EXAHAM,1.0
DINDUZ,DINDUZ01,1.0
DINDUZ,EZOXEX,0.8999999761581421
DINDUZ,IHAVIW,0.8999999761581421
DINDUZ,XIPLOX,0.8999999761581421
DINDUZ01,EXAHAM,1.0
DINDUZ01,FETBIQ,0.8999999761581421
DINDUZ01,XEBHOB,0.8999999761581421
DINFOX,OGECOU,0.6000000238418579
DINFOX,OGAXUR,0.6000000238418579
DINFOX,WOCFUR,0.4714285731315613
DINNEV,QASXAM,0.8999999761581421
DINNIZ,WAVCAX,1.0
DINNIZ,EYUGIP,1.0
DINNIZ,EYUHAI,0.925000011920929
DINQUM,DINTID,1.0
DINQUM,RUDQEN,0.5249999761581421
DINQUM,XAPGOK,0.5142857432365417
DINTID,RUDQEN,0.5249999761581421
DINTID,XAPGOK,0.5142857432365417
DINYEG,DINYEG01,1.0
DINYEG,DIXBET01,0.8999999761581421
DINYEG,EGOREX,0.4139534533023834
DINYEG01,DIXBET01,0.8999999761581421
DINYEG01,DIXBET,0.8999999761581421
DINYEG01,EGOREX,0.4139534533023834
DIPGAK,LIFKOC,0.5714285969734192
DIPGAK,EFIRUH,0.4374999701976776
DIPGAK,QEPZOB,0.42399999499320984
DIPMAS,SOGXIW,0.8999999761581421
DIPMAS,SOGXES,0.8999999761581421
DIPMAS,GIKREY,0.8999999761581421
DIPNIB,GIGWID,0.7230769395828247
DIPNIB,GIGWID01,0.7230769395828247
DIPNIB,QEHJIX,0.6230769157409668
DIQGUH,POMSOB,1.0
DIQGUH,OSAVEK,1.0
DIQGUH,PIMTAJ,1.0
DIQHAO,DIQHAO01,1.0
DIQHAO,YATDOP,1.0
DIQHAO,XALMII,1.0
DIQHAO,EMEJOX,0.5
DIQHAO,NIDFOX,1.0
DIQHAO,POTREX,1.0
DIQHAO,XALMOO,1.0
DIQHAO01,YATDOP,1.0
DIQHAO01,XALMII,1.0
DIQHAO01,POTREX,1.0
DIQHAO01,XALMOO,1.0
DIRLIB,KEVBIY,0.8999999761581421
DIRLIB,KEVBOE,0.8999999761581421
DIRPOL,DIRPUR,1.0
DIRPOL,IDIXAU,0.737500011920929
DIRPOL,IYEXEP,0.737500011920929
DIRPOL,VETMIS,0.7199999690055847
DIRPUR,IDIXAU,0.737500011920929
DIRPUR,IYEXEP,0.737500011920929
DIRPUR,VETMIS,0.7199999690055847
DIRTEG,XAWDUX,0.8999999761581421
DIRTEG,SOCKAY,0.8999999761581421
DISROP,EGEBEY,0.37894734740257263
DISROP,EGEBIC,0.37894734740257263
DISROP,VEQBID,0.37894734740257263
DITGUL,DITJIC,1.0
DITGUL,DITRUW,1.0
DITGUL,DITROQ,1.0
DITGUL,DITJAU,0.64000004529953
DITGUL,DITRIK,1.0
DITHAS,DITHEW,1.0
DITHAS,DITHEW01,1.0
DITHAS,DITHOG,1.0
DITHAS,DITHUM,1.0
DITHAS,DITJEY,1.0
DITHAS,DITJEY01,1.0
DITHAS,DITJOI,1.0
DITHAS,LEWFOJ,0.8999999761581421
DITHEW,DITHEW01,1.0
DITHEW,DITHOG,1.0
DITHEW,DITHUM,1.0
DITHEW,DITJEY,1.0
DITHEW,DITJEY01,1.0
DITHEW,DITJOI,1.0
DITHEW01,DITHOG,1.0
DITHEW01,DITHUM,1.0
DITHEW01,DITJEY,1.0
DITHEW01,DITJEY01,1.0
DITHEW01,DITJOI,1.0
DITHEW01,LEWFOJ,0.8999999761581421
DITHEW01,REWVOH,0.8999999761581421
DITHOG,IJORUV,0.8999999761581421
DITHUM,IJORUV,0.8999999761581421
DITJAU,DITJIC,0.64000004529953
DITJAU,DITROQ,0.64000004529953
DITJAU,DITROQ01,0.5064516067504883
DITJAU,OXUNUR,0.40645158290863037
DITJEY,SERJUV,0.8999999761581421
DITJEY01,FATNAR,0.8999999761581421
DITJEY01,SERKEG,0.8999999761581421
DITJIB,SUKYON,0.8999999761581421
DITJIB,TOVKAS,0.8999999761581421
DITJIB,VEWKUF,0.8999999761581421
DITJIB,DITJOH,0.8999999761581421
DITJIB,VEWLAM,0.8999999761581421
DITJIC,DITRUW,1.0
DITJIC,DITROQ,1.0
DITJOH,VEWLAM,0.8999999761581421
DITJOH,VEWKUF,0.8999999761581421
DITJOH,SUKYON,0.8999999761581421
DITJOH,TOVKAS,0.8999999761581421
DITJOI,FIJNAO,0.8999999761581421
DITJOI,QIDTEF,0.8999999761581421
DITJOI,WUZKOS,0.8999999761581421
DITKAT,WENRIR,1.0
DITKAT,DITKAT01,1.0
DITKAT,XADDUD,0.8999999761581421
DITKAT01,WENRIR,1.0
DITKAT01,OQOCAA,0.8999999761581421
DITKAT01,TOWLOI,0.8999999761581421
DITPON,WUDQIW,0.8999999761581421
DITPON,UFETAB01,0.8999999761581421
DITPON,UFETAB,0.8999999761581421
DITPON,POVRAU,0.49705880880355835
DITPON,TEBDAI,0.37272727489471436
DITPON,TEBDEM,0.37272727489471436
DITPON,XOZZUI,0.8999999761581421
DITPUT,UFETAB,0.8999999761581421
DITPUT,WUDQIW,0.8999999761581421
DITPUT,XOZZUI,0.8999999761581421
DITPUT,UFETAB01,0.8999999761581421
DITRIK,DITRUW,1.0
DITRIK,DITROQ,1.0
DITRIK,DITROQ01,0.4272727370262146
DITRIK,DITSAD,1.0
DITRIK,PARPII,0.4000000059604645
DITROQ,DITRUW,1.0
DITROQ,DITSAD,1.0
DITROQ01,DITSAD,0.4272727370262146
DITROQ01,SABVOH,0.33076924085617065
DITROQ01,TOHNOV,0.35999998450279236
DITRUW,DITSAD,1.0
DITSIK,TINFIH,0.8999999761581421
DITSIK,SIBVUX,0.8999999761581421
DITTEH,FAGXOD,1.0
DITTEH,YIBMON,1.0
DITTEH,HOXSIY,1.0
DITTEH,FAGXIX,1.0
DITTEH,NIRROY,0.9142857193946838
DITVOT,NOPJOT,0.8999999761581421
DITVOT,SERTER,0.668571412563324
DITVOT,QANFUJ,0.668571412563324
DITWEK,VOYYAL,0.8999999761581421
DITWEK,QUCDAV,0.6206896305084229
DITWEK,IKENAP,0.5
DITXOU,XIRHOW,1.0
DITXOU,GUTYIE,1.0
DITXOU,YUJCOX,1.0
DITXOU,UGUQOC,1.0
DITXOU,UMEXUF,1.0
DITXOU,UMEXUF01,1.0
DITXOU,UNADIX,1.0
DITYEM02,TALKAT,1.0
DITYEM02,GAXROO,1.0
DITYEM02,PEFDEK,1.0
DITYEM02,SEMTIQ,0.7387096881866455
DITYEM02,UQOSOJ,0.8999999761581421
DITYEM02,WIWJIW,0.5657142996788025
DITYOW,KOBGOY02,1.0
DITYOW,OSILOS,1.0
DITYOW,JOJHUM02,0.8999999761581421
DIVFOF,LASBIS,0.5769230723381042
DIVFOF,SOWTIJ,0.4552631676197052
DIVGIA,QIYCAE,1.0
DIVGIA,XOBDUO,0.4272727370262146
DIVGIA,ZIJGUU01,0.4272727370262146
DIVMUR,WEMBUN,1.0
DIVMUR,OJONOQ,1.0
DIVMUR,HAKYOH,0.8999999761581421
DIVNAY,EDIKEH,1.0
DIVNAY,EDIKIL,1.0
DIVNAY,ETUWIA,1.0
DIVNAY,OHUVIY,0.8999999761581421
DIVPUU,DIVQAB,1.0
DIVPUU,YILZUR,0.8999999761581421
DIVPUU,YIMBAA,0.8999999761581421
DIVPUU,YILZIF,0.8999999761581421
DIVQAB,YILZUR,0.8999999761581421
DIVQAB,YIMBAA,0.8999999761581421
DIVRAD,OFEHAK,0.6499999761581421
DIVRAD,OKILAW,0.6000000238418579
DIVSUY,WOJYOL,1.0
DIVSUY,HISSIN,1.0
DIVSUY,NUHQAK,1.0
DIVSUY,WOJZIG,1.0
DIWFAT,KAFQAL,1.0
DIWFAT,HIVQAG,1.0
DIWFAT,IVEMIH,1.0
DIWFAT,YAQCEY,1.0
DIWMON,DIWNAA,0.8999999761581421
DIWMON,RORVAX,0.8999999761581421
DIWMON,DIWMUT,0.8999999761581421
DIWMON,UDIDET,0.64000004529953
DIWMUT,DIWNAA,0.8999999761581421
DIWMUT,RORVAX,0.8999999761581421
DIWNAA,RORVAX,0.8999999761581421
DIXBET,DIXBET01,1.0
DIXBET,PICXOR,0.7137930989265442
DIXBET01,PICXOR,0.7137930989265442
DIXBOC,ECESEN,0.8999999761581421
DIXBOC,OHAZUT,0.8999999761581421
DIXBOC,OHEBAF,0.8999999761581421
DIXBOC,JEGKEO,0.8999999761581421
DIXBOC,OHAZON,0.8999999761581421
DIXCET,NIHDUD,0.8999999761581421
DIXCET,EPURIS,0.8999999761581421
DIXCET,GANGUZ,0.8999999761581421
DIXCET,TUMGOX,0.8999999761581421
DIXCET,VIKPAI,0.3879999816417694
DIXGIC,VACLAP,0.8999999761581421
DIXGIC,VACKUI,0.8999999761581421
DIXKOL,NEVVIU01,1.0
DIXKOL,QIRYAS,1.0
DIXKOL,JOJLUQ,0.8999999761581421
DIXKOL,NEVVAM,1.0
DIXKOL,NEVVAM01,1.0
DIXKOL,NEVVAM02,1.0
DIXKOL,NEVVIU,1.0
DIXKOL,NEVVIU02,1.0
DIXKUR,DIXKUR01,1.0
DIXKUR,KUXHUI,0.8999999761581421
DIXKUR,NOBMAT,0.8999999761581421
DIXKUR01,KUXHUI,0.8999999761581421
DIXKUR01,NOBMAT,0.8999999761581421
DIXKUR01,KUXHIW,0.8999999761581421
DIXNUV,IJEYON,1.0
DIXNUV,OGUJIL,1.0
DIXNUV,OGUJOR,1.0
DIXNUV,WUZQOZ,1.0
DIXNUV01,IJEYON,1.0
DIXNUV01,OGUJIL,1.0
DIXNUV01,OGUJOR,1.0
DIXNUV01,WUZQOZ,1.0
DIXNUV01,XOCTUG,0.8999999761581421
DIXVUC,DIXVUC04,1.0
DIXVUC,DIXVUC03,1.0
DIXVUC,DIXVUC02,1.0
DIXVUC01,DIXVUC04,1.0
DIXVUC01,DIXVUC03,1.0
DIXVUC01,DIXVUC02,1.0
DIXVUC01,JOJJEY,0.8999999761581421
DIXVUC02,DIXVUC04,1.0
DIXVUC02,DIXVUC03,1.0
DIXVUC03,DIXVUC04,1.0
DIXVUC03,JOJJAU,0.8999999761581421
DIXVUC03,JOJJAU01,0.8999999761581421
DIXVUC04,TOHRUF,0.8999999761581421
DIXVUC04,TOHRUF01,0.8999999761581421
DIXWAJ,PEWDEC,0.3749999701976776
DIXWAJ,WIKHAC,0.3749999701976776
DIXWAJ,TEQVIW,0.34545454382896423
DIYREK,MIGYAF01,0.7206896543502808
DIYREK,SEZCIM,0.6827585697174072
DIYREK,SEZCUY,0.6827585697174072
DIYRIO,UWIGOX,0.8999999761581421
DIYRIO,QAPGIZ,0.8999999761581421
DIYRIO,PATLON,0.8999999761581421
DOBGAD,DOBGAD01,1.0
DOBGAD,MUGGIF,0.8999999761581421
DOBGAD,QUJHIN,0.8999999761581421
DOBGAD01,MUGGIF,0.8999999761581421
DOBGAD01,QUJHIN,0.8999999761581421
DOBHAE,FALDOM,0.3857142925262451
DOCHEJ,DOCHIN,0.8999999761581421
DOCHEJ,ZZZBQY02,0.6100000143051147
DOCHEJ,POPICR14,0.5099999904632568
DOCHIN,TARQEJ,0.5636363625526428
DOCHIN,POPICR12,0.5099999904632568
DOCHOT,DOCHUZ,0.8999999761581421
DOCHOT,ZZZBQY01,0.5235294103622437
DOCHOT,WEBKAS,0.48571428656578064
DOCHUZ,ZZZBQV02,0.5235294103622437
DOCHUZ,ZZZBQV03,0.5235294103622437
DOCJEL,POPICR14,0.4178571105003357
DOCJEL,POPICR15,0.4178571105003357
DOCJEL,POPICR13,0.4178571105003357
DODBUV,DOGBAE,1.0
DODBUV,KIHXUX,0.8999999761581421
DODBUV,KERFOF,0.8999999761581421
DODBUV,PEBWEB,0.6108108162879944
DODGUY,ZASTUK,0.5062499642372131
DODGUY,ZASVEW,0.5062499642372131
DODGUY,OFUWET,0.4378378391265869
DODGUY,MOPBIE,0.35999998450279236
DODLOY,ROJPUD,0.8999999761581421
DODLOY,XOMROI,0.8999999761581421
DODLOY,XANDAU,0.8999999761581421
DODLOY,GEKJAK,0.8999999761581421
DODLOY,HOXGEH,0.6000000238418579
DODLOY,ROJQAK,0.8999999761581421
DODLOY,XOMRUO,0.8999999761581421
DODLUE,ROJQAK,0.8999999761581421
DODLUE,ROJPUD,0.8999999761581421
DODLUE,GEKJAK,0.8999999761581421
DODLUE,PIZZII,0.8999999761581421
DODLUE,QADBII,0.3807692229747772
DODLUE,XOMRUO,0.8999999761581421
DODMIT,NERMON,1.0
DODMIT,RESWUI02,1.0
DODMIT,NELREC,1.0
DOFWUR,KIQZIW,0.40645158290863037
DOFWUR,MAWWAK02,0.33000001311302185
DOGBAE,KIHXUX,0.8999999761581421
DOGBAE,KERFOF,0.8999999761581421
DOGBAE,NIKJAT,0.8999999761581421
DOGBAE,PEBWEB,0.6108108162879944
DOGBAE,YITGOA,0.8999999761581421
DOGHIR,GURXOH,0.5615384578704834
DOGHIR,FAPYOM,0.5615384578704834
DOGHIR,MIMVEJ,0.550000011920929
DOHDOU,XEHRUY,1.0
DOHDOU,MOPQIT,1.0
DOHDOU,XEHSIN,1.0
DOHDOU01,XEHRUY,1.0
DOHDOU01,MOPQIT,1.0
DOHDOU01,XEHSIN,1.0
DOHDOU02,XEHRUY,1.0
DOHDOU02,MOPQIT,1.0
DOHDOU02,XEHSIN,1.0
DOHDOU02,NAXVOY,1.0
DOHDOU02,NAXVOY01,1.0
DOHDOU02,NAXVOY02,1.0
DOHDOU02,NAXVOY03,1.0
DOHDOU02,NAXVOY04,1.0
DOHPIA,EBUTUS01,0.8999999761581421
DOHPIA,EBUTUS,0.8999999761581421
DOHPIA,KOTBUS,0.8999999761581421
DOHPIA,KOSFOP,0.8999999761581421
DOJTIH,DOJTON02,1.0
DOJTIH,DOJTON01,1.0
DOJTIH,DOJTON,1.0
DOJTIH,PIZPET,0.8999999761581421
DOJTIH,TEHMOJ,0.8999999761581421
DOJTON,DOJTON02,1.0
DOJTON,DOJTON01,1.0
DOJTON,FISCUI,0.8999999761581421
DOJTON,VOZVUD,1.0
DOJTON,WADDIR,0.8999999761581421
DOJTON01,DOJTON02,1.0
DOJTON01,PUNCUX,0.8999999761581421
DOJTON01,VOZVUD,1.0
DOJTON02,FISCUI,0.8999999761581421
DOJTON02,KHMALA03,0.8999999761581421
DOJTON02,VOZVUD,1.0
DOJVUU,LORFED01,0.8999999761581421
DOJVUU,PAXSEM01,0.8999999761581421
DOJVUU,LORGAA,0.8999999761581421
DOJVUU,LORFED,0.8999999761581421
DOJVUU,LORFED02,0.8999999761581421
DOJVUU,LORFUT,0.8999999761581421
DOJWAB,LORFED01,0.8999999761581421
DOJWAB,LORFED02,0.8999999761581421
DOJWAB,SAHTIF01,0.8999999761581421
DOJXIK,KUGQOT,1.0
DOJXIK,OHIHUJ,1.0
DOJXIK,KOQXUL,1.0
DOJXIK,TOWLOI,0.8999999761581421
DOJXOQ,TOHYUM,0.8999999761581421
DOJXOQ,XOFFUT,0.8999999761581421
DOJXOQ,DOJXUW,0.8999999761581421
DOJXOQ,JEHLEO,0.7136363983154297
DOJXUW,VODBIA,1.0
DOJXUW,YUBGIN,0.8999999761581421
DOJXUW,ILAXOK,0.8999999761581421
DOJXUW,VELHUS,0.8999999761581421
DOJYAD,NAMDOV,0.8999999761581421
DOJYAD,VELHUS,0.8999999761581421
DOKDEN,MEWPIQ,0.8999999761581421
DOKDEN,LABNUZ,0.6206896305084229
DOKDEN,FEHJIN01,0.6206896305084229
DOKDEN,YOSDUG,0.6206896305084229
DOKPAV,JERZIP,0.3214285671710968
DOKPAV,LUDLAZ,0.3193548321723938
DOKPAV,EJODOY,0.30000001192092896
DOKTEE,REXRUJ01,0.4396226406097412
DOKTEE,ZAXGUC,0.4000000059604645
DOKTEE,HOXGAD,0.39767441153526306
DOLDUE,HUSQAO,0.3461538553237915
DOLDUE,XANMUX08,0.3461538553237915
DOLDUE,XANMUX04,0.3461538553237915
DOLPIF,OPENUT,1.0
DOLPIF,UHISEK,1.0
DOLWAE,MUVJIX,1.0
DOLWAE,DOLWAE02,1.0
DOLWAE,QUDGED,0.8999999761581421
DOLWAE,MUVJET,0.6142857670783997
DOLWAE02,MUVJIX,1.0
DOLWAE02,QUDGED,0.8999999761581421
DOLWAE02,MUVJET,0.6142857670783997
DOLWAE02,WEQQUH,0.8999999761581421
DOLWEI,XOLSUO,1.0
DOLWEI,WEQQUH,0.8999999761581421
DOLWEI,LUYBIS,0.8999999761581421
DOLWEI,KUNKIO,0.5965517163276672
DOLWEI,TEMCUM,0.7333333492279053
DOMCUE,TASVUG,1.0
DOMCUE,TASWAN,1.0
DOMCUE,DOMDAL,1.0
DOMCUE,TASWER,0.8999999761581421
DOMCUE,TASWIV,0.8999999761581421
DOMCUE,TASWOB,1.0
DOMDAL,TASVUG,1.0
DOMDAL,TASWAN,1.0
DOMDAL,TASWIV,0.8999999761581421
DOMKEX,VETVAS,0.8999999761581421
DOMKEX,NIKKIC,0.8999999761581421
DOMKEX,OTIBUQ,0.8999999761581421
DOMKEX,HAWGEU,0.8999999761581421
DOMKEX,KERFOF,0.8999999761581421
DOMKEX,MERLAZ,0.8999999761581421
DONKIC,DONKOI,0.8999999761581421
DONKIC,DONKUO,0.8999999761581421
DONKIC,ULAQEF,0.6351351737976074
DONKOI,DONKUO,0.8999999761581421
DONKOI,ULAPUU,0.5351351499557495
DONKUO,ULAQEF,0.5351351499557495
DONNAW,DONNEA,1.0
DONNAW,DONNAW01,1.0
DONNAW,MEGQAT,1.0
DONNAW,DONNIE,1.0
DONNAW,DOTTEM,1.0
DONNAW01,LOQLIN01,1.0
DONNAW01,SICDAL,1.0
DONNAW01,LOQLIN,1.0
DONNAW01,PTRPHT02,0.8999999761581421
DONNAW01,RUHCED,1.0
DONNAW01,RUPRUQ,0.8999999761581421
DONNEA,LOQLIN01,1.0
DONNEA,SICDAL,1.0
DONNEA,HEWPAB,0.8999999761581421
DONNEA,QOVWOO,1.0
DONNEA,QOVWOO01,1.0
DONNEA,RUHCED,1.0
DONNEA,ZEFNIH01,0.8999999761581421
DONNIE,LOQLIN01,1.0
DONNIE,SICDAL,1.0
DONNIE,LOQLIN,1.0
DONNIE,PTRPHT02,0.8999999761581421
DONNIE,RUPRUQ,0.8999999761581421
DOPHOH,DOPJAV,1.0
DOPHOH,DOPHUN,1.0
DOPHOH,WUXYIZ,0.699999988079071
DOPHOH,GOGLUJ,0.35499998927116394
DOPHUN,DOPJAV,1.0
DOPHUN,WUXYIZ,0.699999988079071
DOPJAV,WUXYIZ,0.699999988079071
DOQFOE,SIKGAW,1.0
DOQFOE,HEMZOR,1.0
DOQSAF,EMOXEK,1.0
DOQSAF,XOHNEO,0.8999999761581421
DOQSAF,EJINIV,0.8999999761581421
DORDUK,YIGKAD,1.0
DORDUK,ISOJOQ,1.0
DORDUK,NODKAT,1.0
DORDUK,KOTBIG,0.8999999761581421
DORDUK,NODKOH,1.0
DORFAS,YIGKAD,1.0
DORFAS,ISOJOQ,1.0
DORFAS,NODKAT,1.0
DORFIA,PULTAT,1.0
DORFIA,KOTRIW,0.8999999761581421
DORFIA,KOTBOM,0.8999999761581421
DORFOG,KOGHEU,0.8999999761581421
DORFOG,MALAMN01,0.8999999761581421
DORFOG,MEYFOL,0.8999999761581421
DORNAB,WAMREJ,0.6914286017417908
DORNAB,XAJSEJ,0.6545454859733582
DORNAB,OKUTEV,0.6499999761581421
DOSFUM,KEKLIY,0.5666666626930237
DOSFUM,OGUZIA,0.530434787273407
DOSFUM,WAVDUT,0.530434787273407
DOSHID,KIVVOC,0.8999999761581421
DOSHID,TADHEN,0.7714285850524902
DOSHID,TEQPAI,0.4374999701976776
DOTFID,IKOSUW,0.6343750357627869
DOTFID,ECAFOG,0.578125
DOTFID,VEDJEW,0.3857142925262451
DOTSOV,DOTSOV33,1.0
DOTSOV,DOTSOV31,1.0
DOTSOV,DOTSOV39,1.0
DOTSOV01,DOTSOV33,1.0
DOTSOV01,DOTSOV31,1.0
DOTSOV01,DOTSOV39,1.0
DOTSOV02,DOTSOV33,1.0
DOTSOV02,DOTSOV31,1.0
DOTSOV02,DOTSOV39,1.0
DOTSOV03,DOTSOV33,1.0
DOTSOV03,DOTSOV31,1.0
DOTSOV03,DOTSOV39,1.0
DOTSOV04,DOTSOV33,1.0
DOTSOV04,DOTSOV31,1.0
DOTSOV04,DOTSOV39,1.0
DOTSOV05,DOTSOV33,1.0
DOTSOV05,DOTSOV31,1.0
DOTSOV05,DOTSOV39,1.0
DOTSOV05,JALLOA,0.8999999761581421
DOTSOV06,DOTSOV33,1.0
DOTSOV06,DOTSOV31,1.0
DOTSOV06,DOTSOV39,1.0
DOTSOV07,DOTSOV33,1.0
DOTSOV07,DOTSOV31,1.0
DOTSOV07,DOTSOV39,1.0
DOTSOV08,DOTSOV33,1.0
DOTSOV08,DOTSOV31,1.0
DOTSOV08,DOTSOV39,1.0
DOTSOV09,DOTSOV33,1.0
DOTSOV09,DOTSOV31,1.0
DOTSOV09,DOTSOV39,1.0
DOTSOV09,LUDCUK,0.5695652365684509
DOTSOV10,DOTSOV33,1.0
DOTSOV10,DOTSOV31,1.0
DOTSOV10,DOTSOV39,1.0
DOTSOV11,DOTSOV33,1.0
DOTSOV11,DOTSOV31,1.0
DOTSOV11,DOTSOV39,1.0
DOTSOV12,DOTSOV33,1.0
DOTSOV12,DOTSOV31,1.0
DOTSOV12,DOTSOV39,1.0
DOTSOV12,NONWUJ,0.5950000286102295
DOTSOV13,DOTSOV33,1.0
DOTSOV13,DOTSOV31,1.0
DOTSOV13,DOTSOV39,1.0
DOTSOV14,DOTSOV33,1.0
DOTSOV14,DOTSOV31,1.0
DOTSOV14,DOTSOV39,1.0
DOTSOV14,LUDCUK,0.5695652365684509
DOTSOV15,DOTSOV33,1.0
DOTSOV15,DOTSOV31,1.0
DOTSOV15,DOTSOV39,1.0
DOTSOV16,DOTSOV33,1.0
DOTSOV16,DOTSOV31,1.0
DOTSOV16,DOTSOV39,1.0
DOTSOV16,LUDCUK,0.5695652365684509
DOTSOV16,NALYEG,0.8999999761581421
DOTSOV17,DOTSOV33,1.0
DOTSOV17,DOTSOV31,1.0
DOTSOV17,DOTSOV39,1.0
DOTSOV17,NONWUJ,0.5950000286102295
DOTSOV18,DOTSOV33,1.0
DOTSOV18,DOTSOV31,1.0
DOTSOV18,DOTSOV39,1.0
DOTSOV18,NALYEG,0.8999999761581421
DOTSOV19,DOTSOV33,1.0
DOTSOV19,DOTSOV31,1.0
DOTSOV19,DOTSOV39,1.0
DOTSOV19,LUDLAZ,0.64000004529953
DOTSOV20,DOTSOV33,1.0
DOTSOV20,DOTSOV31,1.0
DOTSOV20,DOTSOV39,1.0
DOTSOV20,VAZSUN,0.8999999761581421
DOTSOV20,VAZTAU,0.8999999761581421
DOTSOV21,DOTSOV33,1.0
DOTSOV21,DOTSOV31,1.0
DOTSOV21,DOTSOV39,1.0
DOTSOV21,MOYVIG,0.8999999761581421
DOTSOV21,NALYEG,0.8999999761581421
DOTSOV22,DOTSOV33,1.0
DOTSOV22,DOTSOV31,1.0
DOTSOV22,DOTSOV39,1.0
DOTSOV22,VAZSUN,0.8999999761581421
DOTSOV22,VAZTAU,0.8999999761581421
DOTSOV23,DOTSOV33,1.0
DOTSOV23,DOTSOV31,1.0
DOTSOV23,DOTSOV39,1.0
DOTSOV24,DOTSOV33,1.0
DOTSOV24,DOTSOV31,1.0
DOTSOV24,DOTSOV39,1.0
DOTSOV25,DOTSOV33,1.0
DOTSOV25,DOTSOV31,1.0
DOTSOV25,DOTSOV39,1.0
DOTSOV25,MOYVIG,0.8999999761581421
DOTSOV26,DOTSOV33,1.0
DOTSOV26,DOTSOV31,1.0
DOTSOV26,DOTSOV39,1.0
DOTSOV26,MOYVIG,0.8999999761581421
DOTSOV26,SODQOT,0.5950000286102295
DOTSOV27,DOTSOV33,1.0
DOTSOV27,DOTSOV31,1.0
DOTSOV27,DOTSOV39,1.0
DOTSOV27,NISGII,0.5153846144676208
DOTSOV28,DOTSOV33,1.0
DOTSOV28,DOTSOV31,1.0
DOTSOV28,DOTSOV39,1.0
DOTSOV28,TOPKIT,0.550000011920929
DOTSOV29,DOTSOV33,1.0
DOTSOV29,DOTSOV31,1.0
DOTSOV29,DOTSOV39,1.0
DOTSOV29,GAVDUD,1.0
DOTSOV29,LUDLED,1.0
DOTSOV29,LUDLIH,1.0
DOTSOV29,NEHZOS,1.0
DOTSOV29,NEHZUY,1.0
DOTSOV29,YOZMEH,1.0
DOTSOV29,YOZMIL,1.0
DOTSOV29,YOZMOR,1.0
DOTSOV29,YOZMUX,1.0
DOTSOV29,YOZNAE,1.0
DOTSOV29,YOZNEI,1.0
DOTSOV29,YOZNIM,1.0
DOTSOV29,YOZNOS,1.0
DOTSOV29,YOZNUY,1.0
DOTSOV29,YOZPAG,1.0
DOTSOV30,DOTSOV33,1.0
DOTSOV30,DOTSOV31,1.0
DOTSOV30,DOTSOV39,1.0
DOTSOV30,DOTSOV32,1.0
DOTSOV30,DOTSOV34,1.0
DOTSOV30,DOTSOV35,1.0
DOTSOV30,DOTSOV36,1.0
DOTSOV30,DOTSOV37,1.0
DOTSOV30,DOTSOV38,1.0
DOTSOV30,DOTSOV40,1.0
DOTSOV30,DOTSOV41,1.0
DOTSOV30,DOTSOV42,1.0
DOTSOV30,DOTSOV43,1.0
DOTSOV30,EBAMUS,1.0
DOTSOV30,FIQCEN,1.0
DOTSOV30,KAJZIH,1.0
DOTSOV30,OHOMIH,1.0
DOTSOV30,OQIZUL,1.0
DOTSOV30,QAWHIH,1.0
DOTSOV30,QAWHIH01,1.0
DOTSOV30,QIZLIW,1.0
DOTSOV30,QIZLOC,1.0
DOTSOV30,RILFEA,1.0
DOTSOV30,UXISUR,1.0
DOTSOV30,WULJUJ,1.0
DOTSOV30,WULKAQ,1.0
DOTSOV30,XAMDUM,1.0
DOTSOV30,XAMDUM01,1.0
DOTSOV30,XAMDUM02,1.0
DOTSOV30,XAMDUM03,1.0
DOTSOV30,XAMDUM04,1.0
DOTSOV30,XAMDUM05,1.0
DOTSOV30,XAMDUM06,1.0
DOTSOV30,XAMDUM07,1.0
DOTSOV30,ZOFDUV,1.0
DOTSOV31,DOTSOV33,1.0
DOTSOV31,DOTSOV39,1.0
DOTSOV31,GAVDUD,1.0
DOTSOV31,LUDLED,1.0
DOTSOV31,LUDLIH,1.0
DOTSOV31,NEHZOS,1.0
DOTSOV31,NEHZUY,1.0
DOTSOV31,TISPAO,1.0
DOTSOV31,TOPKIT,0.550000011920929
DOTSOV31,YOZMEH,1.0
DOTSOV31,YOZMIL,1.0
DOTSOV31,YOZMOR,1.0
DOTSOV31,YOZMUX,1.0
DOTSOV31,YOZNAE,1.0
DOTSOV31,YOZNEI,1.0
DOTSOV31,YOZNIM,1.0
DOTSOV31,YOZNOS,1.0
DOTSOV31,YOZNUY,1.0
DOTSOV31,YOZPAG,1.0
DOTSOV32,DOTSOV33,1.0
DOTSOV32,DOTSOV39,1.0
DOTSOV32,DOTSOV34,1.0
DOTSOV32,DOTSOV35,1.0
DOTSOV32,DOTSOV36,1.0
DOTSOV32,DOTSOV37,1.0
DOTSOV32,DOTSOV38,1.0
DOTSOV32,DOTSOV40,1.0
DOTSOV32,DOTSOV41,1.0
DOTSOV32,DOTSOV42,1.0
DOTSOV32,DOTSOV43,1.0
DOTSOV32,EBAMUS,1.0
DOTSOV32,FIQCEN,1.0
DOTSOV32,KAJZIH,1.0
DOTSOV32,OHOMIH,1.0
DOTSOV32,OQIZUL,1.0
DOTSOV32,QAWHIH,1.0
DOTSOV32,QAWHIH01,1.0
DOTSOV32,QIZLIW,1.0
DOTSOV32,QIZLOC,1.0
DOTSOV32,RILFEA,1.0
DOTSOV32,TOPKIT,0.550000011920929
DOTSOV32,UXISUR,1.0
DOTSOV32,WULJUJ,1.0
DOTSOV32,WULKAQ,1.0
DOTSOV32,XAMDUM,1.0
DOTSOV32,XAMDUM01,1.0
DOTSOV32,XAMDUM02,1.0
DOTSOV32,XAMDUM03,1.0
DOTSOV32,XAMDUM04,1.0
DOTSOV32,XAMDUM05,1.0
DOTSOV32,XAMDUM06,1.0
DOTSOV32,XAMDUM07,1.0
DOTSOV32,ZOFDUV,1.0
DOTSOV33,DOTSOV39,1.0
DOTSOV33,TISPAO,1.0
DOTSOV34,DOTSOV39,1.0
DOTSOV35,DOTSOV39,1.0
DOTSOV35,ENATUJ,0.8999999761581421
DOTSOV35,YAYRAT,0.8999999761581421
DOTSOV36,DOTSOV39,1.0
DOTSOV37,DOTSOV39,1.0
DOTSOV37,NONWUJ,0.5950000286102295
DOTSOV38,DOTSOV39,1.0
DOTSOV38,DOTSOV40,1.0
DOTSOV38,DOTSOV41,1.0
DOTSOV38,DOTSOV42,1.0
DOTSOV38,DOTSOV43,1.0
DOTSOV38,EBAMUS,1.0
DOTSOV38,FIQCEN,1.0
DOTSOV38,KAJZIH,1.0
DOTSOV38,OHOMIH,1.0
DOTSOV38,OQIZUL,1.0
DOTSOV38,QAWHIH,1.0
DOTSOV38,QAWHIH01,1.0
DOTSOV38,QIZLIW,1.0
DOTSOV38,QIZLOC,1.0
DOTSOV38,RILFEA,1.0
DOTSOV38,UXISUR,1.0
DOTSOV38,WULJUJ,1.0
DOTSOV38,WULKAQ,1.0
DOTSOV38,XAMDUM,1.0
DOTSOV38,XAMDUM01,1.0
DOTSOV38,XAMDUM02,1.0
DOTSOV38,XAMDUM03,1.0
DOTSOV38,XAMDUM04,1.0
DOTSOV38,XAMDUM05,1.0
DOTSOV38,XAMDUM06,1.0
DOTSOV38,XAMDUM07,1.0
DOTSOV39,FAHFUR,0.8999999761581421
DOTSOV39,TISPAO,1.0
DOTSOV39,ZOFDUV,1.0
DOTTEM,LOQLIN01,1.0
DOTTEM,SICDAL,1.0
DOTTEM,HEWPAB,0.8999999761581421
DOTTUC,NODKOH,1.0
DOTTUC,ISOJOQ,1.0
DOTTUC,NODKAT,1.0
DOTVOZ,WAHREE,1.0
DOTVOZ,XEGSOU,1.0
DOTVOZ,VEGXOW,1.0
DOTVOZ,TAFCIO,1.0
DOTVOZ,TAFCIO01,1.0
DOTVOZ,WAHQON,0.8999999761581421
DOTVOZ,XEGSOU01,1.0
DOTVUF,VEGXIQ,1.0
DOTVUF,XOCREP,1.0
DOTVUF,KUXRAX,0.8999999761581421
DOTVUF,VEGXIQ01,1.0
DOTVUF,VEGYIR,1.0
DOTWAL,ZUVTEP,1.0
DOTWAL,ESUMOU,0.8999999761581421
DOTWAL,NAFQIV,0.8999999761581421
DOYBEA,WADFAL,0.8999999761581421
DOYBEA,SOVPAV01,0.8999999761581421
DOYHIK,DOYHUW,1.0
DOYHIK,VOSWOR,1.0
DOYHIK,VOSWIL,1.0
DOYHIK,NUFBEX,1.0
DOYHIK,NUFBOH,1.0
DOYHIK,NUFBUN,1.0
DOYHIK,NUFCAU,1.0
DOYHIK,WUPZOY,1.0
DOYHIK,WUPZUE,1.0
DOYHOQ,DOYHUW,1.0
DOYHOQ,VOSWOR,1.0
DOYHOQ,VOSWIL,1.0
DOYHUW,VOSWOR,1.0
DOYHUW,VOSWIL,1.0
DOYHUW,GACBIY,0.7826086282730103
DOYHUW,NUFBEX,1.0
DOYHUW,NUFBOH,1.0
DOYHUW,NUFBUN,1.0
DOYHUW,NUFCAU,1.0
DOYHUW,WUPZOY,1.0
DOYHUW,WUPZUE,1.0
DOZCEC,VEMMIK,0.7000000476837158
DOZCEC,WOLREV,0.6318181753158569
DOZKIO,FIZPOV,0.8999999761581421
DOZKIO,LOSBOM,0.8999999761581421
DOZKIO,FIZQAI,0.8999999761581421
DOZKIO,FIZPUB,0.8999999761581421
DOZQUF,DOZRAM,0.8999999761581421
DOZQUF,WUXPEK,0.8999999761581421
DOZRAM,WUXPEK,0.8999999761581421
DOZRAM,EGEBEY,0.530434787273407
DUBFEM,VASFUT,1.0
DUBFEM,DUDMEV,1.0
DUBFEM,FEDBEX,0.8999999761581421
DUBFIQ,VASFIH,0.8999999761581421
DUBFIQ,VASFAZ,0.8999999761581421
DUBFOW,VASFON,1.0
DUBFOW,FEDBEX,0.8999999761581421
DUBGAJ,VASFED,1.0
DUBGAJ,XECJUK01,0.8999999761581421
DUBGAJ,QAHREY,0.8999999761581421
DUBGAJ,VASFAZ,0.8999999761581421
DUBGAJ,XECJUK,0.8999999761581421
DUBGEN,MOMJIJ,0.8999999761581421
DUBGEN,VASFAZ,0.8999999761581421
DUBGEN,OHIZIO,0.8999999761581421
DUBGEN,MOKZOC,0.8999999761581421
DUBGEN,MOKZOC01,0.8999999761581421
DUBGEN,NATXEN,0.8999999761581421
DUBTUR,ZOMXAC,1.0
DUBTUR,PACYIE,1.0
DUBTUR,ECOTOG,1.0
DUBWON,FASVIH,0.8999999761581421
DUBWON,WUDXAV,0.7000000476837158
DUBWON,LAGWUN,0.7000000476837158
DUBWON,MOYTUR,0.3769230842590332
DUBWON,NEXZEY,0.6333333253860474
DUBWOO,ZIHFUR01,0.621052622795105
DUBWOO,ZIHFUR,0.621052622795105
DUBWOO,ZEVXEF,0.4483870565891266
DUBXOP,DUBXUV,1.0
DUBXOP,IKUTIT,0.8999999761581421
DUBXOP,YICDAR,0.8999999761581421
DUBXUV,IKUTIT,0.8999999761581421
DUBXUV,RUSTEF,0.8999999761581421
DUCHIS,DUCHIS01,1.0
DUCHIS,YUXMUZ,0.34285715222358704
DUCHIS01,YUXMUZ,0.34285715222358704
DUCQAU,DUQCAU01,1.0
DUCQAU,XUMBIR,1.0
DUCQAU,DUQCAU,1.0
DUDKAQ,OFODET,1.0
DUDKAQ,VALXEO,1.0
DUDKAQ,EVUPOC02,0.8999999761581421
DUDKAQ,GIFJUD,0.8999999761581421
DUDKAQ,ZIDMIL,0.8999999761581421
DUDKEU,WANNEH,1.0
DUDKEU,WANNIL,1.0
DUDKEU,VALWUD,1.0
DUDKEU,RIKFUP,0.5821428298950195
DUDKEU,VALXIS,0.8999999761581421
DUDKEU,VEYRAU,0.8999999761581421
DUDKEU,VIXWEF,0.8999999761581421
DUDKIY,UBIBUF,1.0
DUDKIY,HOGJIX,1.0
DUDKIY,DUDKOE,1.0
DUDKIY,IVUVIG,0.8999999761581421
DUDKIY,MICJOA,0.8999999761581421
DUDKIY,YANMUY,1.0
DUDKIY,ZIDMIL,0.8999999761581421
DUDKOE,UBIBUF,1.0
DUDKOE,HOGJIX,1.0
DUDKOE,EVUPOC02,0.8999999761581421
DUDKOE,FANPAO,0.5090909004211426
DUDKOE,ZEKRIS,0.8999999761581421
DUDKUK,MICJOA,1.0
DUDKUK,VEYRAU,0.8999999761581421
DUDKUK,HOGJIX,0.8999999761581421
DUDKUK,IZEFEZ,0.5235294103622437
DUDMEV,VASFUT,1.0
DUDMEV,RAWROX,0.8999999761581421
DUDMEV,VASFAZ,0.8999999761581421
DUDVUV,SAYKIO,0.8999999761581421
DUDVUV,PEKCUF,0.8999999761581421
DUDZOT,TEWMUG,0.8999999761581421
DUDZOT,VALWOX,0.8999999761581421
DUDZOT,WISVEB,0.8999999761581421
DUDZOT,OFODAP,0.8999999761581421
DUDZOT,TOWPAY,0.8999999761581421
DUFBOX,GIGBAC,0.626086950302124
DUFBOX,HOWROC,0.6142857670783997
DUFLOH,YICQOS,1.0
DUFLOH,HEHVOI,1.0
DUFLOH,YICQOS01,1.0
DUFLOH,IYAHEX,0.6839999556541443
DUFXOT,WOFROZ01,1.0
DUFXOT,WOFROZ,1.0
DUFXOT,GIKMOD06,0.8999999761581421
DUGDOA,DUGDOA01,1.0
DUGDOA,IGETUL,1.0
DUGDOA,XISDUA,1.0
DUGDOA,OMUMEQ,1.0
DUGDOA,TEXTOH,0.5218750238418579
DUGDOA01,IGETUL,1.0
DUGDOA01,XISDUA,1.0
DUGDOA01,OMUMEQ,1.0
DUGDOA02,XISDUA,1.0
DUGDOA02,IGETUL,1.0
DUGDOA02,OMUMEQ,1.0
DUGDUG,QAVBUL,1.0
DUGDUG,MUGXIX,1.0
DUGDUG,XISDIO,1.0
DUGDUG,ZIJSAO,1.0
DUGMOJ,QOKCID,0.8999999761581421
DUGMOJ,YERLIT,0.7899999618530273
DUJQUW,QESNEK,0.8999999761581421
DUJQUW,QESNEK02,0.8999999761581421
DUKMUT,XULDOZ,0.8999999761581421
DUKMUT,ROMQAN,0.8999999761581421
DUKMUT,SEKYEP,0.8999999761581421
DUKMUT,UQERIT,0.8608695268630981
DUKMUT,UVUGEZ,0.6700000166893005
DUKMUT,XULDEP,0.8999999761581421
DUKXEO,MOXGAI,0.8999999761581421
DUKXEO,RAPXIR,0.737500011920929
DUKXEO,XOFQOA,0.6666666865348816
DUKXOY,GAYFUJ,0.5285714268684387
DUKXOY,HOZWOK,0.49130430817604065
DUKXOY,RUWFOG,0.43333330750465393
DUKYIT,EXEXAH,1.0
DUKYIT,DUKYOZ,0.8571428656578064
DUKYIT,NUCBOE,0.7206896543502808
DUKYIT,RENSOV,0.4000000059604645
DUKYOZ,EXEXAH,0.8571428656578064
DUKYOZ,HIQPAA,0.6727272868156433
DULMEE,UGIGEY,0.8999999761581421
DULMEE,OKILIE,0.6617646813392639
DULMEE,ETEBOV,0.6617646813392639
DULMEE,VEMXAP,0.6461538672447205
DULVEM,DULVEM02,1.0
DULVEM,QUJFUX,0.8999999761581421
DULVEM,GUSWIB,0.8999999761581421
DULVEM,ZAJKED,0.8999999761581421
DULVEM02,QUJFUX,0.8999999761581421
DULVEM02,GUSWEX,0.8999999761581421
DUNXUH,DUNXUH21,1.0
DUNXUH,DUNXUH08,1.0
DUNXUH,DUNXUH06,1.0
DUNXUH,DUNXUH12,1.0
DUNXUH,DUNXUH13,1.0
DUNXUH,DUNXUH14,1.0
DUNXUH,DUNXUH15,1.0
DUNXUH,EWAZIL,0.8999999761581421
DUNXUH06,DUNXUH21,1.0
DUNXUH06,DUNXUH08,1.0
DUNXUH06,DUNXUH12,1.0
DUNXUH06,DUNXUH13,1.0
DUNXUH06,DUNXUH14,1.0
DUNXUH06,DUNXUH15,1.0
DUNXUH08,DUNXUH21,1.0
DUNXUH12,DUNXUH21,1.0
DUNXUH13,DUNXUH21,1.0
DUNXUH13,LETHAU,0.8999999761581421
DUNXUH14,DUNXUH21,1.0
DUNXUH15,DUNXUH21,1.0
DUNXUH15,LETHAU,0.8999999761581421
DUNXUH21,IJEYEC,0.8999999761581421
DUPKAC,OMUSAS,0.5263158082962036
DUPKEG,VEXTUO,0.8999999761581421
DUPKEG,NOMPOW,0.8999999761581421
DUPKEG,QAMKOH,0.8999999761581421
DUPKIK,QAMKOH,1.0
DUPKIK,WAQDOJ,0.8999999761581421
DUPKIK,ZUZZAX,0.8999999761581421
DUQCAU,XUMBIR,1.0
DUQCAU,DUQCAU01,1.0
DUQCAU,PIPFUP,0.5
DUQCAU01,XUMBIR,1.0
DUQSAK,YAQDIF,1.0
DUQSAK,RUSWUZ,0.8999999761581421
DUQSAK,LIVREP,0.8999999761581421
DUQSAK,RUSXEK,0.8999999761581421
DUQSAK,UZIZOU,0.8999999761581421
DUQXAQ,PAPKOJ,0.8999999761581421
DUQXAQ,PAPKID,0.8999999761581421
DUQXAQ,PAPKUP,0.8999999761581421
DUQYEU,WEMFIF,1.0
DUQYEU,EBIBAV,1.0
DUQYEU,DUQYEU01,1.0
DUQYEU01,WEMFIF,1.0
DUQYEU01,EBIBAV,1.0
DURDAX,PEDWIH,1.0
DURDAX,ZUJVAD,1.0
DURDAX,DURDEB,1.0
DURDAX,DURDIF,1.0
DURDAX,REBVIG,1.0
DURDEB,PEDWIH,1.0
DURDEB,ZUJVAD,1.0
DURDIF,PEDWIH,1.0
DURDIF,ZUJVAD,1.0
DURDIF,REBVIG,1.0
DURGAY01,ZIMSIZ,0.8999999761581421
DURGAY01,GUDFIV,0.8999999761581421
DURGAY01,TAZSAP,0.8999999761581421
DURKOR,FIBXAS,0.4342857003211975
DURKOR,NOKDOG,0.41034480929374695
DURKOR,QURTII,0.4000000059604645
DUVMAJ,UYAKIQ,0.8999999761581421
DUVMAJ,HOQGAX,0.33023256063461304
DUVMAJ,SISBAZ,0.33023256063461304
DUVMIR,UREVEU,1.0
DUVMIR,QAZFAB,0.8999999761581421
DUVMIR,JORDEB,0.8999999761581421
DUVMIR,JORDIF,0.8999999761581421
DUVNIS,XAVQIU,1.0
DUVNIS,XAPSIS,1.0
DUVNIS,JEDVUM,1.0
DUVNIS,FIJFIO,0.5950000286102295
DUVNIS,XAVQIU01,1.0
DUVNIS01,XAVQIU,1.0
DUVNIS01,XAPSIS,1.0
DUVNIS01,JEDVUM,1.0
DUVNIS01,PENNON,0.6684210300445557
DUVVOH02,NEXRAM,1.0
DUVVOH02,MUQSIA,0.8999999761581421
DUVVOH02,IWERAD,0.8999999761581421
DUWBEE,QAPYOY,1.0
DUWBEE,SITDAD,1.0
DUWBEE,NETYET,1.0
DUWBEE,NETYIX,1.0
DUWDOQ,DUWFEI,0.8999999761581421
DUWDOQ,DUWFAE,0.8999999761581421
DUWDOQ,DUWDUW,0.8999999761581421
DUWDOQ,MUTNIZ,0.41999998688697815
DUWDOQ,OJARUO,0.6525000333786011
DUWDUW,DUWFAE,0.8999999761581421
DUWDUW,DUWFEI,0.8999999761581421
DUWDUW,MUTNIZ,0.41999998688697815
DUWFAE,DUWFEI,0.8999999761581421
DUWFAE,OJARAU,0.752500057220459
DUWFAE,OJARAU01,0.752500057220459
DUWFEI,IFACIB,0.4923076927661896
DUWFEI,MUTNIZ,0.41999998688697815
DUWFOS,HUHGUN,1.0
DUWFOS,ONATUT,1.0
DUWFOS,HUHHAU,0.8999999761581421
DUWFOS,GONNAA,0.40789473056793213
DUWFOS,HUHHOI,0.7071428298950195
DUXBAA,WIMPAJ,0.389285683631897
DUXBAA,POPICR14,0.364705890417099
DUXBAA,TAKZEL,0.3474999964237213
DUXGOU,LARVIM,0.8999999761581421
DUXGOU,GADDOH,0.8999999761581421
DUXGOU,GADDUN,0.8999999761581421
DUXGOU,UZUNOT,0.8999999761581421
DUXKUD,MUSCAG,0.7499999403953552
DUXKUD,NIKDIU,0.5249999761581421
DUXKUD,NIKDAM,0.5249999761581421
DUXKUD,NIKDEQ,0.5249999761581421
DUXMAL,IDUSIM,0.8999999761581421
DUXMAL,SOZHOG,0.8999999761581421
DUXMAL,IDUTEJ,0.8999999761581421
DUXMAL,NUJGEG,0.5049999952316284
DUYJIS,WASMIP01,0.8999999761581421
DUYJIS,YUZJOU,0.5736842155456543
DUYJIS,KIKRAA,0.5736842155456543
DUYJIS,EXAPEA,0.5333333611488342
DUYTUN,RUFMUA01,0.8999999761581421
DUYTUN,RUDRUE,0.8999999761581421
DUYTUN,EBEXIU02,0.8999999761581421
DUYTUN,EBANAZ,0.5950000286102295
DUYVAV,LAVTEJ,0.8999999761581421
DUYVAV,LAVTEJ01,0.8999999761581421
DUYVAV,VIXLEU,0.4959999918937683
DUZNET,MAXFEY,0.8999999761581421
DUZNET,MAXFUO,0.8999999761581421
DUZNET,XANBOE,0.8999999761581421
DUZNET,MAXGEZ,0.8999999761581421
DUZNIX,MAXFOI,0.8999999761581421
DUZNIX,MAXFEY,0.8999999761581421
DUZNIX,MAXGOJ,0.8999999761581421
DUZNIX,MAXGUP,0.8999999761581421
DUZNOD,UXUYOD,0.8999999761581421
DUZNOD,WIVKIX,0.8999999761581421
DUZNOD,MAXDUM,0.8999999761581421
DUZNOD,MUXSED,0.10000000149011612
DUZNUJ,MAXFUO,0.8999999761581421
DUZNUJ,MAXGEZ,0.8999999761581421
DUZNUJ,YAYPOF,0.8999999761581421
DUZNUJ,HUGTOT,0.2028571367263794
DUZNUJ,MAXGID,0.8999999761581421
DUZPAR,MAXFOI,0.8999999761581421
DUZPAR,MAXGOJ,0.8999999761581421
DUZPAR,YAYPOF,0.8999999761581421
DUZPAR,MAXGUP,0.8999999761581421
DUZPIZ,UZUSEO,0.8999999761581421
DUZPIZ,GUYBAE,0.8999999761581421
DUZPIZ,YAYPOF,0.8999999761581421
DUZPUL,UFAMIA,1.0
DUZPUL,QOYYOU,1.0
DUZPUL,UFOFUT,1.0
DUZPUL,KUFVAK,0.8999999761581421
DUZPUL,UFAMEW,1.0
DUZPUL,UFAMUM,1.0
DUZQAS,UFAMIA,1.0
DUZQAS,QOYYOU,1.0
DUZQAS,UFOFUT,1.0
DUZQAS,VITZEF,0.8999999761581421
DUZWOM,QQQFUV02,1.0
DUZWOM,POVXII,1.0
DUZWOM,HUWHIQ,1.0
EBANAY,LATCIV,1.0
EBANAY,OLOKEF,0.8999999761581421
EBANAY,UGECEO03,0.8999999761581421
EBANAZ,SODQOT,0.8999999761581421
EBANAZ,FIYQAI,0.6136363744735718
EBAQOP,EBAQOP01,1.0
EBAQOP,VUNKOG,0.8999999761581421
EBAQOP,SIXPOG,0.8999999761581421
EBAQOP01,VUNKOG,0.8999999761581421
EBAQOP01,KUHRAI,0.8999999761581421
EBATUZ,LASYOU,0.5846154093742371
EBATUZ,ORAWAH,0.5666666626930237
EBATUZ,MIKVEK,0.5666666626930237
EBEKIH,OKANOF,0.7146341800689697
EBEKIH,WUMLIB,0.6146341562271118
EBEKIH,NEJYUY,0.6146341562271118
EBEKON,WUMLIB,0.6926829814910889
EBEKON,MEFSOI,0.6351351737976074
EBEKON,NEJYUY,0.592682957649231
EBEWIT,EBEWOZ01,1.0
EBEWIT,EBEXEQ01,1.0
EBEWIT,XOFGEG,0.550000011920929
EBEWOZ,EBEWOZ01,1.0
EBEWOZ,EBEXEQ01,1.0
EBEWOZ,EBEXAM,1.0
EBEWOZ,EBEXEQ,1.0
EBEWOZ,EBEXIU02,1.0
EBEWOZ01,EBEXEQ01,1.0
EBEXAM,EBEXEQ01,1.0
EBEXEQ,EBEXEQ01,1.0
EBEXEQ,EBEXIU02,1.0
EBEXEQ,XOFGEG,0.550000011920929
EBEXEQ01,XOFGEG,0.550000011920929
EBEXIU,EBEXIU01,1.0
EBEXIU,XEWCUA,0.4736842215061188
EBEXIU,SATROV,0.4000000059604645
EBEXIU,EHIHOS,0.3374999761581421
EBEXIU01,XEWCUA,0.4736842215061188
EBEXIU01,SATROV,0.4000000059604645
EBEXIU01,EHIHOS,0.3374999761581421
EBEZAO,NARTUX,0.512499988079071
EBEZAO,MUDJAW,0.44999998807907104
EBEZOC,EBEZUI,1.0
EBEZOC,OMICOD,0.8999999761581421
EBEZOC,IKULUX,0.8999999761581421
EBEZOC,PUNCIL,0.8999999761581421
EBEZUI,OMICOD,0.8999999761581421
EBEZUI,IKULUX,0.8999999761581421
EBIBAV,WEMFIF,1.0
EBIBEZ,FIVNAZ,1.0
EBIBEZ,WEMFOL,1.0
EBIBID,SATROV,1.0
EBIBID,VATYEV,1.0
EBIBID,WEMFAX,1.0
EBIBOJ,QESNEK01,1.0
EBIBOJ,QESNEK,1.0
EBIBOJ,PAGFAH,1.0
EBIBOJ,QESNEK02,1.0
EBIBOJ,QESNEK03,1.0
EBIBOJ,QESNEK04,1.0
EBIBOJ,QESNEK05,1.0
EBIBOJ,QESPOW,1.0
EBIBOJ,WEMFEB,1.0
EBIFIG,EBIFUS,1.0
EBIFIG,QETZEX,0.8999999761581421
EBIFIG,QETYUM,0.8999999761581421
EBIFIG,QIQFUT,0.5666666626930237
EBIFIG,WANYAN,0.8999999761581421
EBIFIG,ZEVQAV,0.7333332896232605
EBIFUS,QETZEX,0.8999999761581421
EBIFUS,QETYUM,0.8999999761581421
EBIFUS,WANYER,0.8999999761581421
EBIFUS,ZEVQID,0.7333332896232605
EBIHII,ZOHFUZ,1.0
EBIHII,LARPOL,1.0
EBIHII,WUCRUH,1.0
EBIMEJ,GIZVER,1.0
EBIMEJ,ICAMEG,1.0
EBIMEJ,ICALOP,0.8999999761581421
EBIMEJ,RAVDEZ,0.8999999761581421
EBIMEJ,RAVDID,0.8999999761581421
EBIMIN,HOGLEV,0.8999999761581421
EBIMIN,RAVCOI,0.8999999761581421
EBIMIN,OPURIB,0.8999999761581421
EBIMIN,EBIMOT,0.8999999761581421
EBIMIN,KAFYAT,0.8999999761581421
EBIMIN,KIVKEI,0.6192307472229004
EBIMIN,XOVYIR,0.3812499940395355
EBIMOT,RAVCUO,0.8999999761581421
EBIMOT,HOGLEV,0.8999999761581421
EBIMOT,KAFYAT,0.8999999761581421
EBIMOT,RAVDEZ,0.8999999761581421
EBINUA,EBINUA02,1.0
EBINUA,ONAWEG01,1.0
EBINUA,QOGRIO,0.8999999761581421
EBINUA,POVREY,0.46562498807907104
EBINUA,VUNBIQ,0.8999999761581421
EBINUA,VUNBOW,0.8999999761581421
EBINUA01,ONAWEG,1.0
EBINUA01,ONAWAC,1.0
EBINUA01,ONAWEG02,1.0
EBINUA01,XOVBIV01,0.8999999761581421
EBINUA01,XOZZOC,0.48461538553237915
EBINUA02,ONAWEG01,1.0
EBINUA02,QOGRIO,0.8999999761581421
EBIZUN,XUKHUI,0.7333332896232605
EBIZUN,HIQNOM,0.7333332896232605
EBIZUN,HIQNUS,0.7333332896232605
EBIZUN,PAMHIW,0.6499999761581421
EBOBOO,YOYJUS,0.8999999761581421
EBOBOO,QIHQAC,0.8608695268630981
EBOBOO,NULROB,0.647826075553894
EBOJIP,EBOJOV,1.0
EBOJIP,GUDFER,0.8999999761581421
EBOJIP,PIZNOB,1.0
EBOJOV,PIZNOB,1.0
EBOJOW,ECOLOZ,0.8071428537368774
EBOJOW,REYNUG,0.690625011920929
EBOJOW,REYNUG01,0.690625011920929
EBOJOW,TOTVEF,0.6142857670783997
EBOMAL,IBICAZ,0.7171428799629211
EBOMAL,QOCLIF,0.6076923608779907
EBOTAS,FAHDUO,0.8999999761581421
EBOTAS,OSIYIZ,0.8999999761581421
EBOTAS,OSIYEV,0.8999999761581421
EBOTAS,OSIXUK,0.8999999761581421
EBOTEW,FAHDUO,0.8999999761581421
EBOTEW,OSIYEV,0.8999999761581421
EBOTEW,OSIYIZ,0.8999999761581421
EBOTEW,FAHDOI,0.8999999761581421
EBOTIB,SURHEU02,1.0
EBOTIB,SURJOG,1.0
EBOTIB,RUBTAK09,1.0
EBOTOF,OCUTAI,0.8999999761581421
EBOTOF,OCURIO,0.8999999761581421
EBOTOF,LOQVOC,0.8999999761581421
EBOVOJ,MAXFAU,0.7157894968986511
EBUJUI,EBUKOD,1.0
EBUJUI,QIYSAT,0.8999999761581421
EBUJUI,QOFMUU,0.8999999761581421
EBUJUI,JEHTOG01,0.8526315689086914
EBUKOD,QIYSAT,0.8999999761581421
EBUKOD,QOFMUU,0.8999999761581421
EBUKOD,PAVDIA,0.8999999761581421
EBUKOD,XOVBIV01,0.8999999761581421
EBUREA,PENNAZ,0.8999999761581421
EBUREA,VAHVOR,0.8999999761581421
EBUREA,INOVEN,0.8999999761581421
EBUTEC,EBUTEC01,1.0
EBUTEC,KOTDII,0.8999999761581421
EBUTEC,KOSGEG,0.8999999761581421
EBUTEC01,KOTDII,0.8999999761581421
EBUTEC01,KOSGEG,0.8999999761581421
EBUTIG,EBUTIG01,1.0
EBUTIG,PESTEO,1.0
EBUTIG,PESTEO01,1.0
EBUTIG,KOTPAM,0.8999999761581421
EBUTIG01,PESTEO,1.0
EBUTIG01,PESTEO01,1.0
EBUTOM,EBUTOM01,1.0
EBUTOM,LIRPIM,0.8999999761581421
EBUTOM,MOXNIY,0.8999999761581421
EBUTOM01,LIRPIM,0.8999999761581421
EBUTOM01,MOXNIY,0.8999999761581421
EBUTOM01,KOTPAM,0.8999999761581421
EBUTUS,PESSOX02,1.0
EBUTUS,PESSOX01,1.0
EBUTUS,PESSOX,1.0
EBUTUS,KOTCUT,0.8999999761581421
EBUTUS,KOTPAM,0.8999999761581421
EBUTUS,KOTRES,0.8999999761581421
EBUTUS01,PESSOX02,1.0
EBUTUS01,PESSOX01,1.0
EBUTUS01,PESSOX,1.0
ECAFOG,WITKOB,0.8999999761581421
ECAFOG,MIVWAR,0.8333333134651184
ECAHAT,ECAHUN,1.0
ECAHAT,ECAHEX,0.7071428298950195
ECAHAT,ECAHIB,0.7071428298950195
ECAHAT,ECAHOH,0.7071428298950195
ECAHEX,ECAHOH,1.0
ECAHEX,ECAHIB,1.0
ECAHEX,ECAHUN,0.7071428298950195
ECAHIB,ECAHOH,1.0
ECAHOH,ECAHUN,0.7071428298950195
ECAWUB,VAMHUM,0.26363638043403625
ECAWUB,JALTUL,0.26363638043403625
ECEDAU,ECEDAU01,1.0
ECEDAU,YAGHUM,0.8999999761581421
ECEDAU,NUTQEZ,0.8999999761581421
ECEDAU,JIDXIG,0.8999999761581421
ECEDAU01,YAGHUM,0.8999999761581421
ECEDAU01,NUTQEZ,0.8999999761581421
ECEDEY,ECEDEY01,1.0
ECEDEY,IQUCOO,0.8999999761581421
ECEDEY,TOVHET,0.8999999761581421
ECEDEY,LIQFIC,0.8999999761581421
ECEDEY01,IQUCOO,0.8999999761581421
ECEDEY01,TOVHET,0.8999999761581421
ECEDEY01,KEWZET,0.8999999761581421
ECEDEY01,SOTXIK,0.8999999761581421
ECESEN,OHAZON,0.8999999761581421
ECESEN,OHEBAF,0.8999999761581421
ECESEN,OHAZUT,0.8999999761581421
ECESEN,JEGKEO,0.8999999761581421
ECEYUH,ECEZAO01,1.0
ECEYUH,NUYNAY,0.8999999761581421
ECEYUH,MINVUA01,0.8999999761581421
ECEYUH,MINVUA,0.8999999761581421
ECEZAO01,NUYNAY,0.8999999761581421
ECEZAO01,MINVUA01,0.8999999761581421
ECEZAO01,MINVUA,0.8999999761581421
ECINUC,OMUHUB,1.0
ECIWAO,QOZDOY,1.0
ECIWAO,HAWBUE,1.0
ECIWAO,OTIQAL,0.8999999761581421
ECIWAO,ELOCUD,0.8999999761581421
ECIWIW,IGUVAJ,1.0
ECIWIW,IGUVIR,1.0
ECIWIW,IGUTUB,1.0
ECIWIW,GAXKUN,1.0
ECIWIW,IGUTUB01,1.0
ECIWIW,IGUVAJ01,1.0
ECIWIW,IGUVIR01,1.0
ECIWOC,ICAGOK,0.8999999761581421
ECIWOC,KAGJOS,0.8999999761581421
ECIWOC,QOQWOK01,0.8999999761581421
ECIWOC,KUCFOF,0.8999999761581421
ECIWOC,RAVGAY,0.5371428728103638
ECODEG,QEPTEL,1.0
ECODEG,TOFQEM,1.0
ECODEG,KEJHIQ,1.0
ECODEG,SIVVAW,1.0
ECODIK,NIHDEQ,1.0
ECODIK,VOJPUG01,1.0
ECODIK,HAWZEM,1.0
ECODIK,MURREW,1.0
ECODIK,NELCEN,1.0
ECOJIP,KAFPUE,1.0
ECOJIP,WOHYOH,1.0
ECOJIP,WOHYOH01,1.0
ECOLAL,VASYAS,0.6000000238418579
ECOLAL,MITSUE,0.5909091234207153
ECOLAL,NEHMET,0.5909091234207153
ECOLEP,VEXYON,0.8999999761581421
ECOLEP,VEMMEG,0.5099999904632568
ECOLEP,LUYMUO,0.4178571105003357
ECOLOZ,HUHHIC,0.6666666865348816
ECOLOZ,WUXCEY,0.6586206555366516
ECOLOZ,REYNUG,0.6558823585510254
ECOLOZ,REYNUG01,0.6558823585510254
ECORIX,ECOROD,0.8999999761581421
ECORIX,XUWVUG,0.5684210062026978
ECOROD,KULRIT,0.8999999761581421
ECOROD,RORRIB,0.8999999761581421
ECOTOG,PACYIE,1.0
ECOTOG,ZOMXAC,1.0
ECUBUA,PASNAA,1.0
ECUBUA,PASNAA01,1.0
ECUBUA,KODKIZ,1.0
ECUBUA,VIKKUY,0.4000000059604645
ECUCAH,ECUCAH02,1.0
ECUCAH,XUMVUY,0.8999999761581421
ECUCAH,XUMVAE01,0.8999999761581421
ECUCAH,XUMVOS,0.8999999761581421
ECUCAH02,XUMVUY,0.8999999761581421
ECUCAH02,XUMVAE01,0.8999999761581421
ECUCAH02,PASMUT,0.8999999761581421
ECUCEL,XUMVOS,0.8999999761581421
ECUCEL,PASMUT,0.8999999761581421
ECUCEL,VUNMOI,0.8999999761581421
ECUCEL,LUKQEN,0.8999999761581421
ECUCEL,MALSAW,0.3739130198955536
ECUCIP,XEJJEC,0.8999999761581421
ECUCIP,GAMTOE,0.8999999761581421
ECUCIP,GAMTAQ,0.8999999761581421
ECUCIP,XEJJOM,0.8999999761581421
ECUCOV,YEGTAG,0.8999999761581421
ECUCOV,ECUCUB,0.8999999761581421
ECUCOV,WEWGAH,0.8999999761581421
ECUCOV,YEGTEK,0.8999999761581421
ECUCUB,YEGTEK,0.8999999761581421
ECUCUB,YEGTAG,0.8999999761581421
ECUDAI,GAMTIY,0.8999999761581421
ECUDAI,GAMTEU,0.8999999761581421
ECUDAI,XEJJEC,0.8999999761581421
ECUDAI,GAMTOE,0.8999999761581421
ECUDAI,XEJJOM,0.8999999761581421
ECUDAI,YEGTEK,0.8999999761581421
ECUDEM,GAMTIY,0.8999999761581421
ECUDEM,YEGTEK,0.8999999761581421
ECUDEM,YEGTAG,0.8999999761581421
ECUFAM,IFOQAV01,1.0
ECUFAM,NERCIY,1.0
ECUFAM,IFOQAV,1.0
ECUFAM,LETFOH,1.0
ECUFEQ,SAJLAT,1.0
ECUFEQ,GEVMEA,1.0
ECUFEQ,WICGIB,1.0
ECUFEQ,JOSTIU,1.0
ECUFIU,SAJKUM,1.0
ECUFIU,FIPPEA,1.0
ECUFIU,FIPPEA01,1.0
ECUFIU,FIPPAW,1.0
ECUFIU,FIPPEA02,1.0
ECUFIU,VAQSUD,1.0
ECUGIU,IDAJAZ,1.0
ECUGIU,IDAJAZ01,1.0
ECUGIU,ZIZTEJ,0.8999999761581421
ECUGIU,RIHKIF,0.8999999761581421
ECUTAX,EZIMAC,0.64000004529953
ECUTAX,EZILUV,0.64000004529953
ECUTAX,WOHYUN,0.5586206316947937
ECUTAZ,QEFHOA,0.8999999761581421
ECUTAZ,QADKEL,0.48000001907348633
ECUTAZ,REZXIE01,0.48000001907348633
ECUVEF,GIWFUP01,0.8999999761581421
ECUVEF,GIWFUP,0.8999999761581421
ECUVEF,REYCEF,0.8714286088943481
ECUVEF,QOKCID,0.8499999642372131
ECUVEF,ZEJYIZ,0.6914286017417908
ECUZIN,ECUZIN01,1.0
ECUZIN,EGAFOJ,0.6600000262260437
ECUZIN,EGAFUP,0.6600000262260437
ECUZIN,EKIHAI,0.4714285731315613
ECUZIN01,EGAFOJ,0.6600000262260437
ECUZIN01,EGAGEA,0.6600000262260437
ECUZIN01,EKIHAI,0.4714285731315613
EDADET,KOLQEI,0.8999999761581421
EDADET,KOLPIL,0.8999999761581421
EDADET,YORZAH,0.8999999761581421
EDAFUM,VIRJIQ,1.0
EDAFUM,OXCFOR,1.0
EDAFUM,YANBAR01,1.0
EDAGAT,VIRJIQ,1.0
EDAGAT,OXCFOR,1.0
EDAGAT,YANBAR01,1.0
EDAGAT,TIVGIP,0.8999999761581421
EDAGEX,VIRJIQ,1.0
EDAGEX,OXCFOR,1.0
EDAGEX,YANBAR01,1.0
EDAJUP,EDAJUP01,1.0
EDAJUP,REWVIB,0.8999999761581421
EDAJUP,SOBDOF,0.8999999761581421
EDAJUP01,REWVIB,0.8999999761581421
EDAKIE,MALAMN,0.8999999761581421
EDAKIE,MNMLTH,0.8999999761581421
EDAKIE,KOGHEU,0.8999999761581421
EDAKIE,MEYDUP,0.8999999761581421
EDAKIE,SEJSUW,0.8999999761581421
EDAKIE,SEJTAD,0.8999999761581421
EDAKIE,TELDAP,0.5736842155456543
EDAPIK,QIPROY,1.0
EDAPIK,FOKWIN,0.8999999761581421
EDAPIK,WOSGUI,0.8999999761581421
EDAVOV,KEYFIF01,1.0
EDAVOV,KEYFUR,1.0
EDAVOV,SAPCOE,1.0
EDAVOV,KEYFIF,1.0
EDAVOV,LUMQOB,0.6657143235206604
EDAXAL,KUQWIE,0.6727272868156433
EDAXAL,XOVYUD,0.6727272868156433
EDAXAL,KUQWOK,0.6727272868156433
EDEPAG,IXISOZ02,1.0
EDEPAG,EHAZAO,1.0
EDEPAG,WECSAZ,1.0
EDEPAG,WOZDEW,1.0
EDEPEK,MITQEM,1.0
EDEPEK,HAXYIQ,1.0
EDEPEK,XEVHEM,0.8999999761581421
EDEPEK,KAYBES,0.8999999761581421
EDEPEK,SISFAD,0.8999999761581421
EDEPEK,SISFAD01,0.8999999761581421
EDEVOB,OSOTUN,0.8999999761581421
EDEVOB,GAMXAV,0.7682926654815674
EDEVOB,IFIQUM,0.7300000190734863
EDEVOB,IMAXEZ,0.40909090638160706
EDIKEH,ETUWIA,1.0
EDIKEH,EDIKIL,1.0
EDIKIL,ETUWIA,1.0
EDIMUZ,TACPOD,0.8999999761581421
EDIMUZ,TACPIX,0.8999999761581421
EDIMUZ,GAWMOI,0.8999999761581421
EDIMUZ,ILIFUE,0.8999999761581421
EDORUN,EDOSOI,1.0
EDORUN,EDOSIC,1.0
EDORUN,LAYQUA,0.690625011920929
EDORUN,UDEGIW,0.6684210300445557
EDOSEY,NAPSUV,1.0
EDOSEY,XICKOL,0.9624999761581421
EDOSEY,JALPAQ,0.9624999761581421
EDOSIC,EDOSOI,1.0
EDOSIC,LAYQUA,0.690625011920929
EDOSIC,UDEGIW,0.6684210300445557
EDOSOI,LAYQUA,0.690625011920929
EDOSOI,UDEGIW,0.6684210300445557
EDOWEC,IXUQOJ,1.0
EDOWEC,YAJNEF,1.0
EDOWEC,REHMAU,0.550000011920929
EDOWIG,MIBQAR12,1.0
EDOWIG,MIBQAR14,1.0
EDOWIG,MIBQAR05,1.0
EDTASN,GETTIJ,0.8999999761581421
EDTASN,TAHFUF,0.8999999761581421
EDTASN,WEKYES,0.8999999761581421
EDTASN,ELOXIN,0.8999999761581421
EDTASN,LALZIJ,0.8999999761581421
EDUSIF,MIBQAR12,1.0
EDUSIF,MIBQAR14,1.0
EDUSIF,MIBQAR05,1.0
EDUSUR,HOLQOQ,1.0
EDUSUR,HOLQAC01,1.0
EDUSUR,JEBXUM,0.8999999761581421
EDUSUR,EZIPEK,0.8999999761581421
EDUSUR,MIQXIW,0.8999999761581421
EDUTIG,PUVGEU,0.550000011920929
EDUTIG,PUVFIX01,0.550000011920929
EDUTIG,GANHAG01,0.48000001907348633
EDUVAA,PIWVAV,1.0
EDUVAA,WAGQAY,0.6272727251052856
EDUVAA,OJIDAN,0.6272727251052856
EDUVAA,OTOZEE,0.4214285612106323
EDUVEF,VEGLOJ,1.0
EDUVEF,SABVUN01,0.8999999761581421
EDUVEF,YICRIM,0.8999999761581421
EDUVEF,OBEMUE01,0.8999999761581421
EDUVOO,FIJFUA,0.8999999761581421
EDUVOO,QAQSAD,0.7000000476837158
EFAYEQ,EFAYIU,0.8999999761581421
EFAYEQ,UMODEH22,0.708108127117157
EFAYEQ,UMODEH24,0.708108127117157
EFAYIU,UMODEH20,0.6081081032752991
EFAYIU,UMODEH21,0.6081081032752991
EFEGEC,YATTUK,1.0
EFEGEC,NIGFOZ,1.0
EFEGEC,SEHSII,1.0
EFEGEC,LAVTAF,1.0
EFEGEC,UPIBOM,1.0
EFEGOM,YAXBUV,1.0
EFEGOM,SETQUF,1.0
EFEGOM,XADCOW,1.0
EFESEP,EFESOZ,1.0
EFESEP,GOSDUP,0.6225806474685669
EFESEP,QEDZEG,0.6225806474685669
EFESOZ,GOSDUP,0.6225806474685669
EFESOZ,QEDZEG,0.6225806474685669
EFIRUH,XULHIW,0.8999999761581421
EFIRUH,IXACOZ02,0.8999999761581421
EFIRUH,IXACOZ01,0.8999999761581421
EFIRUH,IMIXEI,0.44137927889823914
EFIRUH,IXACOZ,0.8999999761581421
EFOGOX,WUWRAI,0.8999999761581421
EFOGOX,WUWQUB,0.8999999761581421
EFOGOX,MORFAB,0.44411763548851013
EFOREY,EFORUO,0.5679999589920044
EFOREY,GAXNEA,0.5571428537368774
EFOREY,PILPOS,0.2800000011920929
EFOREY,WEQBAY,0.5571428537368774
EFOREY,WUFFUZ,0.4124999940395355
EFORUO,GAXNEA,0.5666666626930237
EFORUO,WUFFUZ,0.3656249940395355
EFUFEQ,EHEPAJ,0.8999999761581421
EFUFEQ,ZEZQIG,0.8999999761581421
EFUFEQ,GUPJEG01,0.8999999761581421
EFUFEQ,NIPROU,0.6275862455368042
EFUHEU,VACFUB01,1.0
EFUHEU,JUKVEQ01,1.0
EFUHEU,VACFUB,1.0
EFUHEU,REDYEG,1.0
EGAFOJ,EGAGIE,1.0
EGAFOJ,EGAGAW,0.8999999761581421
EGAFOJ,EGAFUP,0.8999999761581421
EGAFOJ,EGAGEA,0.8999999761581421
EGAFUP,EGAGAW,0.8999999761581421
EGAFUP,EGAGEA,0.8999999761581421
EGAFUP,EGAGIE,0.8999999761581421
EGAGAW,EGAGEA,0.8999999761581421
EGAGEA,EGAGIE,0.8999999761581421
EGATUC,LELCUB01,1.0
EGATUC,NOFQEG,1.0
EGATUC,XOJWEZ,1.0
EGATUC,LELCUB,1.0
EGEBEY,EGEBIC,0.8999999761581421
EGEBIC,NUVLOG,0.5714285969734192
EGEBIC,FIRGIW,0.5714285969734192
EGEBIC,ZUBZIH,0.5714285969734192
EGEHOO,UDANEV,1.0
EGEHOO,TEFWOR,1.0
EGEHOO,WEMCIC,0.8999999761581421
EGEHOO,INOJAX,0.8999999761581421
EGEHOO,PEGQUP,0.8999999761581421
EGELIM,SABVOH01,1.0
EGELIM,SABVUN,1.0
EGELIM,HAFQUC,1.0
EGELIM,KUNTAQ01,1.0
EGELIM,KUNTAQ02,1.0
EGELOS,SABVOH01,1.0
EGELOS,SABVUN,1.0
EGELOS,HAFQUC,1.0
EGELOS,XAVDOP,0.3842104971408844
EGELUY,SABVOH01,1.0
EGELUY,SABVUN,1.0
EGELUY,HAFQUC,1.0
EGELUY01,SABVOH01,1.0
EGELUY01,SABVUN,1.0
EGELUY01,HAFQUC,1.0
EGELUY01,EHALOP,1.0
EGEPUC,RAKPAV,0.8999999761581421
EGEPUC,YEMLOS,0.8999999761581421
EGEPUC,XESKOX,0.8999999761581421
EGEPUC,EWISEI,0.8999999761581421
EGEPUC,RAKPEZ,0.8999999761581421
EGEPUC,XESKAJ,0.8999999761581421
EGEPUC,XESKEN,0.8999999761581421
EGEQAJ,HUYQAU,0.8999999761581421
EGEQAJ,IVEQEG01,0.8999999761581421
EGEQAJ,RAKPEZ,0.8999999761581421
EGIKUB,TOHYUM,1.0
EGIKUB,LOWQIX,1.0
EGIKUB,XINFUW,1.0
EGIKUB,TIRLIQ,1.0
EGIKUB,WIMWIA,1.0
EGIKUB01,TOHYUM,1.0
EGIKUB01,LOWQIX,1.0
EGIKUB01,XINFUW,1.0
EGIKUB01,RUBDUP,0.550000011920929
EGIKUB01,VODBIA,0.8999999761581421
EGODAG01,LUGTUD,0.8999999761581421
EGODAG01,QOQJUC,0.8105263710021973
EGODAG01,EQUCUO02,0.7105263471603394
EGOHOZ,HEZKAZ,1.0
EGOHOZ,VAHWOS02,0.6000000238418579
EGOHOZ,VAHWOS,0.6000000238418579
EGOREX,YOHLUC,0.8999999761581421
EGOYEF,ROJTAM,0.8999999761581421
EGOYEF,JISSOU,0.8999999761581421
EGOYEF,TOKGOQ,0.8999999761581421
EGOYEF,JISSEK,0.8999999761581421
EGOYEF,JISSIO,0.8999999761581421
EGOYEF,JISSUA,0.8999999761581421
EGOZAB,POFFEX,1.0
EGOZAB,POFDEV,1.0
EGOZAB,POFDIZ,1.0
EGOZAB,POFDOF,1.0
EGOZAB,POFDUL,1.0
EGOZAB,POFFAT,1.0
EGUHET,LIXWAR,1.0
EGUHET,LIXWAR01,1.0
EGUHET,GUTZEB,0.8999999761581421
EGUHET,HAVKOG,0.8999999761581421
EGUHET,HAVKUM,0.8999999761581421
EGUHET,VUWSAJ,0.8999999761581421
EGUHET,XAPFOM,0.8999999761581421
EGUHET,YICGID,0.8999999761581421
EGUHET01,LIXWAR,1.0
EGUHET01,LIXWAR01,1.0
EGUHET01,EYUWAW,1.0
EGUHET01,LUCDES,0.8999999761581421
EGUHET01,OYOSAX,1.0
EGUHOD,LUWKIZ,1.0
EGUHOD,EGUHOD02,1.0
EGUHOD01,LUWKIZ,1.0
EGUHOD01,EGUHOD02,1.0
EGUHOD01,EZULAO,1.0
EGUHOD01,WIKGAB,0.8999999761581421
EGUHOD02,LUWKIZ,1.0
EGUHOD02,EZULAO,1.0
EGUHOD02,WIPPIW,1.0
EGUNAX,EGUPED,0.8999999761581421
EGUNAX,NOSHIO,0.44999998807907104
EGUNAX,NOSHEK,0.44999998807907104
EGUNAX,ZEJCUO,0.3531249761581421
EGUPED,NOSHEK,0.44999998807907104
EGUPED,NOSHIO,0.44999998807907104
EHAFAV,OLIZAK,0.8999999761581421
EHAFAV,KUQCUV,0.8999999761581421
EHAFAV,RBTCNQ13,0.389285683631897
EHAHIF,YOSLOH,1.0
EHAHIF,JOXPET,1.0
EHAHIF,SIYGIT,0.8999999761581421
EHALOP,SABVUN,1.0
EHALOP,HAFQUC,1.0
EHAXUG,EHAXUG01,1.0
EHAXUG,TIPRIT01,1.0
EHAXUG,RISXAU,1.0
EHAXUG,FAFMEE,0.8999999761581421
EHAXUG,QUMSUN,0.8999999761581421
EHAXUG,TIPRIT,1.0
EHAXUG01,TIPRIT01,1.0
EHAXUG01,RISXAU,1.0
EHAXUG01,TIPRIT,1.0
EHAYUH,JIZWEW,0.5210525989532471
EHAYUH,XUWVUG,0.4272727370262146
EHAZAO,WECSAZ01,1.0
EHAZAO,IXISIT02,1.0
EHAZAO,LARYEK03,1.0
EHAZAO,SIKYER,1.0
EHAZAO,WECSAZ,1.0
EHAZES,WECSAZ01,1.0
EHAZES,IXISIT02,1.0
EHAZES,LARYEK03,1.0
EHEPAJ,ZEZPIF,1.0
EHEPAJ,ZEZQEC,1.0
EHEPAJ,QETCUO,1.0
EHEPAJ01,ZEZPIF,1.0
EHEPAJ01,ZEZQEC,1.0
EHEPAJ01,QETCUO,1.0
EHETER,MECWIB,1.0
EHETER,EHETER02,1.0
EHETER,EHETER01,1.0
EHETER,GUPFAZ,0.7000000476837158
EHETER01,MECWIB,1.0
EHETER01,EHETER02,1.0
EHETER01,EMIGEN,0.24000000953674316
EHETER01,WANMOO,0.8999999761581421
EHETER01,YORCEP,1.0
EHETER02,MECWIB,1.0
EHETER02,GUPFAZ,0.7000000476837158
EHETER02,MECWOH,0.625
EHETER02,YORCEP,1.0
EHEZIB,LIGHAM,0.8999999761581421
EHIBUT,XEVGOV,0.8999999761581421
EHIBUT,XEVHIQ,0.8999999761581421
EHIHOS,LAMSOJ,0.32499998807907104
EHIJAH,UWAGAB04,1.0
EHIJAH,UWAGAB05,1.0
EHIJAH,XAFFAN,1.0
EHIJAH,XAFFER,1.0
EHISIX,ESUWIY,1.0
EHISIX,EYUGUB,1.0
EHISIX,MEZSAL,0.8999999761581421
EHISUJ,MUQSEW,1.0
EHISUJ,EYUGOV,1.0
EHISUJ,EYUHAI,1.0
EHISUJ,MOLTEN,0.8999999761581421
EHIVIB,FAFBUL,1.0
EHIVIB,MIVFOO,1.0
EHIVIB,MIVFII,1.0
EHIVIB,JEWYAM,1.0
EHIVOH,TEDGUG,1.0
EHIVOH,TEDHAN,1.0
EHIVOH,JOBXUV,0.6225806474685669
EHIVOH,MIVFUU,1.0
EHIVOH,TEDGOA,1.0
EHODOV,MAFDII,1.0
EHODOV,IYUJAO,1.0
EHODOV,NODKUN,1.0
EHODOV,FOMDAO,0.8999999761581421
EHOHOY,QEGPUP,0.8999999761581421
EHOHOY,QEGQEA,0.8999999761581421
EHUFAP,KEFZOM,0.5062499642372131
EHUFAP,HOVPUF,0.5062499642372131
EHUFAP,UVINAP,0.5062499642372131
EHUFAP,UVINIX,0.5062499642372131
EHUSUX,HIDVEY,0.8560000061988831
EHUSUX,HANWAW,0.6759999990463257
EHUSUX,YABHER,0.6275862455368042
EHUSUX,EHUTAE,0.5400000214576721
EHUTAE,HIDVEY,0.510869562625885
EHUTAE,ZOXGOK,0.4176470637321472
EJIBOQ,RANLAV,0.5785713791847229
EJIBOQ,MUGQAI,0.5586206316947937
EJIBOQ,ODEQAS,0.5249999761581421
EJIBUW,ODEQEW,0.8999999761581421
EJIBUW,ODEPUL,0.8999999761581421
EJIBUW,ODEPOF,0.8999999761581421
EJIBUW,QIFVOT,0.84375
EJIDUW01,OCUGEZ,1.0
EJIDUW01,EJIDUW02,1.0
EJIDUW01,OCUGEZ01,1.0
EJIDUW02,OCUGEZ,1.0
EJINIV,XUYYIA,1.0
EJINIV,XUYYEW,1.0
EJINIV,EJINIV01,1.0
EJINIV,SOSQAU01,0.8999999761581421
EJINIV01,XUYYIA,1.0
EJINIV01,XUYYEW,1.0
EJINIV01,EMOXEK,0.8999999761581421
EJINIV01,NUQPAS,0.6333333253860474
EJINIV01,PICWOP,0.8999999761581421
EJINIV01,SOSPUN01,0.8999999761581421
EJIQIZ,NOMQAJ01,0.5628571510314941
EJIQIZ,FUBNOH,0.5628571510314941
EJIROG,EJIRUM,0.6625000238418579
EJIROG,LEDWUN,0.4124999940395355
EJIROG,HAMLAL,0.3913043141365051
EJIRUM,ZABQIC,0.3959999978542328
EJIRUM,NUHBEY,0.3700000047683716
EJODOY,QOLCAW,0.37457624077796936
EJODOY,MOPBIE,0.3290908932685852
EJODOY,UQAGAV,0.32499998807907104
EJOPEZ,KABSAJ,1.0
EJOPEZ,MUQZAA,0.5062499642372131
EJOQUR,LOZQOI,0.8999999761581421
EJOQUR,TONMEQ,0.8999999761581421
EJOQUR,SERTER,0.8999999761581421
EJOQUR,QANFUJ,0.8999999761581421
EJOQUR,ULUQEZ,0.7199999690055847
EJORAY,KUCDOD,1.0
EJORAY,GOXGAD,0.8999999761581421
EKADIF,YAPLUY,0.8999999761581421
EKADIF,YAPLOS,0.47647058963775635
EKADIF,YAPMAF,0.4304347634315491
EKADIF,SEVLEM,0.3749999701976776
EKADIF,XEDPON,0.33023256063461304
EKADIF,YAPLIM,0.28333333134651184
EKAQEN,OBOHOE,0.8999999761581421
EKAQEN,EKAQIR,0.8999999761581421
EKAQEN,HUPTER,0.8999999761581421
EKAQEN,HUPTIV,0.8999999761581421
EKAQEN,SIYGEP,0.8999999761581421
EKAQIR,URURUW,1.0
EKAQIR,EKAQIR01,1.0
EKAQIR,SIYGAL,0.8999999761581421
EKAQIR,SIYGIT,0.8999999761581421
EKAQIR01,URURUW,1.0
EKAQIR01,PORZUT,0.8999999761581421
EKAQIR01,SIYGEP,0.8999999761581421
EKAZIA,GIRHAR,0.6707317233085632
EKAZIA,NUHDOK01,0.30454546213150024
EKAZIA,ZOYZIY,0.30454546213150024
EKEJOU,GURXIB02,0.8999999761581421
EKEJOU,EKEKAH,0.8999999761581421
EKEJOU,GURXUN,0.8999999761581421
EKEKAH,LUWZUZ01,0.8999999761581421
EKEKAH,GURXIB02,0.8999999761581421
EKEKAH,GURXUN01,0.8999999761581421
EKEKAH,GURXOH,0.8999999761581421
EKEKEL,RAXCEA,1.0
EKEKEL,XOJWID,1.0
EKEKEL,RAXCAW,1.0
EKEKEL,OHUCIE,0.8999999761581421
EKEKEL,OHUCOK,0.8999999761581421
EKEKEL,OHUCUQ,0.8999999761581421
EKEKEL,RUSZUB,0.8999999761581421
EKEKEL,XIDCEV,0.665217399597168
EKEKEL,XOJWOJ,1.0
EKEKEL,XOJXAW,1.0
EKEKEL,XOJXEA,1.0
EKEKEL,XOJXIE,1.0
EKEKIQ,EKEKOW,1.0
EKEKIQ,TOVJEV,0.8999999761581421
EKEKIQ,KOCCUC,0.8999999761581421
EKEKOW,TOVJEV,0.8999999761581421
EKEKOW,KOCCUC,0.8999999761581421
EKERIW,KIKRAA,1.0
EKERIW,KOGYIP,1.0
EKERIW,FITSAD,1.0
EKERIW,GUWDUY,0.8999999761581421
EKERIW,WEMDAU,0.6823529601097107
EKEXIC,WEYQAU09,1.0
EKEXIC,WEYQAU01,1.0
EKEXIC,FUTCAZ,1.0
EKEXIC,GACTOW,1.0
EKEXIC,GINHOD,1.0
EKEXIC,PUNYIH,1.0
EKEXIC,WEYPUN,1.0
EKEXIC,WEYQAU,1.0
EKEXIC,WEYQAU02,1.0
EKEXIC,WEYQAU03,1.0
EKEXIC,WEYQAU04,1.0
EKEXIC,WEYQAU05,1.0
EKEXIC,WEYQAU06,1.0
EKEXIC,WEYQAU07,1.0
EKEXIC,WEYQAU08,1.0
EKEXIC,WEYQAU10,1.0
EKEXIC,WEYQAU11,1.0
EKEXIC,WEYQAU12,1.0
EKEXIC,WEYQAU13,1.0
EKEXIC,WEYQAU14,1.0
EKEXIC,WEYQAU15,1.0
EKEXIC,WEYQAU16,1.0
EKEXIC,WEYQEY,1.0
EKEXOI,XAPSIS,1.0
EKEXOI,TIVYAZ,1.0
EKEXOI,JEDVUM,1.0
EKEXOI,FIXLAC,1.0
EKEXOI,HURGEH,1.0
EKEXOI,JOPGIG,1.0
EKEXOI,JOPGOM,1.0
EKEXOI,JOPGUS,1.0
EKEXOI,XAVQIU,1.0
EKEXOI,XAVQIU01,1.0
EKIGIQ,EKIGOW,0.8999999761581421
EKIGIQ,XUZFAA,0.8999999761581421
EKIGIQ,XUZFEE,0.8999999761581421
EKIGIQ,GEVQIH,0.3891891837120056
EKIGIQ,TAJGAO,0.39249998331069946
EKIGOW,XUZFAA,0.8999999761581421
EKIGOW,XUZFEE,0.8999999761581421
EKIGOW,GEVQIH,0.3891891837120056
EKIHAI,ZUBZIH,0.5086956024169922
EKIJAL,EKIJEP,0.8999999761581421
EKIJAL,REZFEK,0.8999999761581421
EKIJEP,EKIJEP01,1.0
EKIJEP,PORHOV,0.8666666746139526
EKIJEP,REZFEK,0.8999999761581421
EKIJEP01,IRELOI,0.8999999761581421
EKIJEP01,PORHOV,0.8666666746139526
EKUDAP,NUNZUT,0.5320000052452087
EKUDAP,MIDRAT,0.44999998807907104
EKUGUM,UFEVIL,0.7199999690055847
EKUGUM,QOZFUG,0.7199999690055847
EKUGUM,FOXQIT,0.7199999690055847
EKUNON,EKUNON01,1.0
EKUNON,ULOGIL,1.0
EKUNON,OCIHAK,1.0
EKUNON,EKUNON02,1.0
EKUNON01,ULOGIL,1.0
EKUNON01,OCIHAK,1.0
EKUNON01,HOZFIN,0.8999999761581421
EKUNON01,UVAPAK,0.550000011920929
EKUNON02,ULOGIL,1.0
EKUNON02,OCIHAK,1.0
EKUNON02,HOZFIN,0.8999999761581421
ELAPEM,XADHER,1.0
ELAPEM,WAMRIN,0.8999999761581421
ELAPEM,WAMRIN02,0.8999999761581421
ELAPIQ,YUPSEI,1.0
ELAPIQ,XADHAN,1.0
ELAPIQ,XADGUG,0.8999999761581421
ELAPIQ,HUZJOC,0.8999999761581421
ELECIJ,OFEREX,0.621052622795105
ELECIJ,SEHXIN,0.621052622795105
ELECIJ,WIKQAJ,0.6000000238418579
ELECIJ,VAXHOR01,0.5478260517120361
ELECOP,YUHHEQ,1.0
ELECOP,ETEKAQ,0.8999999761581421
ELECOP,VAMQOS,0.8999999761581421
ELECOP,KIQNAC,0.5034482479095459
ELERIY,UVEVUN,1.0
ELERIY,MUDTEL,0.7839999794960022
ELERIY,VUJBIM,0.7839999794960022
ELERIY,EZILUV,0.7000000476837158
ELERIY,EZIMAC,0.7000000476837158
ELIJOZ,ELIKUG,0.8999999761581421
ELIJOZ,ELIKOA,0.8999999761581421
ELIJOZ,JUNBOL,0.8999999761581421
ELIJOZ,ELIKIU,0.8999999761581421
ELIJUF,ELILAN,0.8999999761581421
ELIJUF,ELIKUG,0.8999999761581421
ELIJUF,ELIKEQ,0.8999999761581421
ELIJUF,ELILER,0.8999999761581421
ELIJUF,ELILIV,0.8999999761581421
ELIKAM,LIXCOM,0.925000011920929
ELIKAM,ELIKEQ,0.8999999761581421
ELIKAM,ELIKIU,0.8999999761581421
ELIKAM,ELILAN,0.8999999761581421
ELIKEQ,LIXCIG,0.925000011920929
ELIKEQ,RUWWUC,0.8999999761581421
ELIKEQ,RUWXEN,0.8999999761581421
ELIKEQ,ELIKOA,0.8999999761581421
ELIKEQ,EVUQUI,0.6181818246841431
ELIKEQ,QUSVOQ,0.8999999761581421
ELIKIU,LIXCUS,0.925000011920929
ELIKIU,ELIKOA,0.8999999761581421
ELIKOA,LIXMEM,0.925000011920929
ELIKOA,RUWXEN,0.8999999761581421
ELIKUG,LIXMIQ,0.925000011920929
ELIKUG,RUWWUC,0.8999999761581421
ELIKUG,ELILIV,0.8999999761581421
ELIKUG,QUSVOQ,0.8999999761581421
ELILAN,QUMJEP,0.925000011920929
ELILAN,LIXMAI,0.925000011920929
ELILAN,ELILER,0.8999999761581421
ELILER,QUMJIT,0.925000011920929
ELILER,ELILIV,0.8999999761581421
ELILER,HARSIE,0.4692307710647583
ELOCUD,OTIQAL,0.8999999761581421
ELOCUD,HAWBUE,0.8999999761581421
ELOCUD,IVEGEV,0.5354838371276855
ELOFIU,TONBAA,0.44999998807907104
ELOFIU,PONRUH,0.37894734740257263
ELOQON,LACJEH,0.8999999761581421
ELOQON,MUVJIX,0.8999999761581421
ELOQON,XOLSOI,0.8999999761581421
ELOXIN,GETTIJ,0.8999999761581421
ELOXIN,FATTUP,0.8999999761581421
ELOXIN,UNOJUD,0.3131578862667084
ELUNIJ,TUFSIY,0.2702702581882477
ELUNIJ,TUFSEU,0.2702702581882477
ELUNIJ,JADCID,0.24651163816452026
ELUQIM,HEWPIJ,1.0
ELUQIM,SIWQIA03,1.0
ELUQIM01,HEWPIJ,1.0
ELUQIM01,SIWQIA03,1.0
ELUQIM01,SCFORM01,0.8999999761581421
ELUQIM01,SCFORM10,0.8999999761581421
ELUQIM01,URFORD,0.8999999761581421
ELUQIM04,HEWPIJ,1.0
ELUQIM04,SIWQIA03,1.0
ELUQIM05,HEWPIJ,1.0
ELUQIM05,SIWQIA03,1.0
ELUQIM06,HEWPIJ,1.0
ELUQIM06,SIWQIA03,1.0
ELUQIM06,IVOCIH,0.2800000011920929
ELUQIM06,LICSAS,1.0
ELUQIM06,LICSAS01,1.0
ELUQIM07,HEWPIJ,1.0
ELUQIM07,SIWQIA03,1.0
ELUQIM08,HEWPIJ,1.0
ELUQIM08,SIWQIA03,1.0
ELUQIM09,HEWPIJ,1.0
ELUQIM09,SIWQIA03,1.0
ELUQIM09,URFORD,0.8999999761581421
ELUQIM10,HEWPIJ,1.0
ELUQIM10,SIWQIA03,1.0
ELUQIM11,HEWPIJ,1.0
ELUQIM11,SIWQIA03,1.0
ELUQIM12,HEWPIJ,1.0
ELUQIM12,SIWQIA03,1.0
ELUQIM13,HEWPIJ,1.0
ELUQIM13,SIWQIA03,1.0
ELUTUB,ELUVEN,0.8999999761581421
ELUTUB,WISCOS,0.8999999761581421
ELUTUB,XUGREY,0.5965517163276672
ELUVEN,WISCOS,0.8999999761581421
ELUVEN,UWIGOX,0.6100000143051147
ELUVEN,ZUBFUZ,0.5645161271095276
EMAFAA,EMAFII,1.0
EMAFAA,EMAFEE,1.0
EMAFAA,PEMGEV,0.29411765933036804
EMAFEE,EMAFII,1.0
EMAFEE,PEMGEV,0.29411765933036804
EMAFII,PEMGEV,0.29411765933036804
EMAPAK,OFERUN08,1.0
EMAPAK,NIFREC,1.0
EMAPAK,NIFRAY,1.0
EMECOO,NUYNEC,0.8999999761581421
EMECOO,UKUDEL,0.8999999761581421
EMECOO,MIFFAJ01,0.8999999761581421
EMECOO,IKOQII,0.20000000298023224
EMEGEJ,EMEGIN,0.8999999761581421
EMEGEJ,IXISOZ02,0.5909091234207153
EMEGEJ,LARYEK,0.5909091234207153
EMEGIN,LARYOU,0.5909091234207153
EMEGIN,ZEDWAI,0.5909091234207153
EMEJOX,ZIDREL,0.531818151473999
EMEJOX,XALMOO,0.5
EMEYOK01,ETECAJ,1.0
EMEYOK01,UTADOK,1.0
EMEYOK01,OFIDAJ,1.0
EMEYOK01,IRISAD,1.0
EMEYOK01,IRISAD01,1.0
EMEYOK01,JAHVUJ,0.8999999761581421
EMEYOK01,JAHVUJ01,0.8999999761581421
EMEYOK01,OGESOJ,1.0
EMEYOK01,XOKKIS,1.0
EMEYOK02,ETECAJ,1.0
EMEYOK02,UTADOK,1.0
EMEYOK02,OFIDAJ,1.0
EMEYOK02,PEQTOV,1.0
EMEYOK02,PEQTUB,1.0
EMEYOK02,XOKKIS,1.0
EMIFOW,IDIMIU,1.0
EMIFOW,SINWEU,1.0
EMIFOW,SINWAQ,1.0
EMIGEN,HIKHAM,0.25200000405311584
EMIGEN,GUPCOK,0.24000000953674316
EMIGIR,WAYWAW,0.2571428716182709
EMIGIR,UYIXEG,0.2571428716182709
EMIGIR,EQERIC,0.2571428716182709
EMIGOX,MIHHIV,0.8999999761581421
EMIGOX,VELVIS,0.8999999761581421
EMIGOX,QOVXIK,0.8999999761581421
EMIGOX,EMIGUD,0.550000011920929
EMIGOX,EMIHAK,0.48571428656578064
EMIGOX,YIMBUU,0.8999999761581421
EMIGOX,YIMCAB,0.8999999761581421
EMIGUD,EMIHAK,0.6142857670783997
EMIGUD,PEXSOB01,0.4636363387107849
EMIYUW,HERHEU,1.0
EMIYUW,GERBEN,1.0
EMIYUW,HERHAQ,1.0
EMIYUW,GAYXEM,1.0
EMIZAD,GAYXEM,0.6884615421295166
EMIZAD,HERHEU,0.6884615421295166
EMIZAD,HERHAQ,0.6884615421295166
EMOSOP,GOQXAN,0.7617647051811218
EMOSOP,HEBKIK,0.7617647051811218
EMOSOP,HEBKEG,0.7617647051811218
EMOSOP,EMOTIK,0.75
EMOTIK,HEBKIK,0.7249999642372131
EMOTIK,GOQXAN,0.7249999642372131
EMOTIK,EZUCIM,0.4304347634315491
EMOXEK,SOSQOI,0.8999999761581421
EMOXEK,NUQPIA,0.6333333253860474
EMOXEK,QUQGUF,0.8999999761581421
EMUBIZ,EXAXAE,1.0
EMUBIZ,EXAXAE03,1.0
EMUBIZ,KULJEI,0.8999999761581421
EMUBIZ,USEVOF,1.0
EMUBIZ,WANJIF,1.0
EMUBIZ,XEDMEB,1.0
EMUBOF,EXAXAE,1.0
EMUBOF,EXAXAE03,1.0
EMUBOF,KANMIX,1.0
EMUBOF,KULJEI,0.8999999761581421
EMUBOF,KULMOV,0.7260869741439819
EMUBOF,WANJIF,1.0
EMUGUP,HONBES,0.8999999761581421
ENAMIR,HIZFIH,1.0
ENAMIR,VUNKOG,0.8999999761581421
ENAMIR,NEYZAU,0.8999999761581421
ENAMIR,VEDYAE,0.23846155405044556
ENANIS,TUPDIT,1.0
ENANIS,TUPDEP,1.0
ENANIS,TUPDIT04,1.0
ENANIS,ILAXEA,0.4599999785423279
ENANIS,TUPDIT01,1.0
ENANIS,TUPDOZ,1.0
ENANIS,XUKJUK,0.8999999761581421
ENATUJ,YAYRAT,1.0
ENATUJ,HOMZEP,1.0
ENAXEY,FIVXUG,0.4714285731315613
ENAXEY,POXBAH,0.39374998211860657
ENEZIH,ENIBIN,1.0
ENEZIH,ENIBEJ,1.0
ENEZIH,ENIBAF,1.0
ENEZON,ENIBIN,1.0
ENEZON,ENIBEJ,1.0
ENEZON,ENIBAF,1.0
ENEZUT,ENIBIN,1.0
ENEZUT,ENIBEJ,1.0
ENEZUT,ENIBAF,1.0
ENEZUT,YEZFIU,0.8999999761581421
ENIBAF,ENIBIN,1.0
ENIBAF,ENIBEJ,1.0
ENIBEJ,ENIBIN,1.0
ENIBIN,TEBPIB,0.6230769157409668
ENIBOU,QUMJAL,0.4599999785423279
ENIBOU,EPIYAE,0.44999998807907104
ENIBOU,XAWYAY,0.3085714280605316
ENIHUG,ENIHUG01,1.0
ENIHUG,JEMPEZ,0.8999999761581421
ENIHUG,JEMPID,0.8999999761581421
ENIHUG01,JEMPEZ,0.8999999761581421
ENISOK,ODIXIK,1.0
ENISOK,ODIXAC,1.0
ENISOK,NOZZUZ,1.0
ENISOK,ENITEB,1.0
ENISOK,NOZZOT,1.0
ENISOK,XATLIQ,1.0
ENISUQ,IQOKEG,1.0
ENISUQ,IQOKAC,1.0
ENISUQ,IQOKIK,1.0
ENITAX,YIVZOU,0.8999999761581421
ENITAX,IQOKEG,0.8999999761581421
ENITEB,NOZZOT,1.0
ENITEB,ODODOC,1.0
ENITEB,HIHFUB,0.8999999761581421
ENITEB,ODIXAC,1.0
ENITEB,ODIXIK,1.0
ENITEB,RIJBET,0.8999999761581421
ENITEB,YIVZOU,0.8999999761581421
ENITIF,ODODES,1.0
ENITIF,YOCGAZ,1.0
ENITIF,XOQXOR,0.804347813129425
ENITIF,YIVZOU,0.8999999761581421
ENITOL,ODODES,1.0
ENITOL,YOCGAZ,1.0
ENIXIJ,UPOSUO,1.0
ENIXIJ,ENIXOP,1.0
ENIXIJ,UPOSOI,0.8999999761581421
ENIXIJ,UPOSIC,0.8999999761581421
ENIXOP,UPOSUO,1.0
ENIXOP,UPOSOI,0.8999999761581421
ENIZEH,ENIZEH01,1.0
ENIZEH,XADZIN,0.8999999761581421
ENIZEH,XADZOT,0.8999999761581421
ENIZEH01,XADZIN,0.8999999761581421
ENIZEH01,XADZOT,0.8999999761581421
ENOSAD,MOCKEV,0.8999999761581421
ENOSAD,VALXOY,0.8999999761581421
ENOSAD,WANNIL,0.8999999761581421
EPECEJ,EPECIN,1.0
EPECEJ,EPECOT,1.0
EPECIN,EPECOT,1.0
EPECOT,REFXEI,0.20714285969734192
EPEXII,EPEYAB,0.8999999761581421
EPEXII,EPEXUU,0.8999999761581421
EPEXII,OBUREL,0.8999999761581421
EPEXII,TAJGAO,0.3297872245311737
EPEXUU,EPEYAB,1.0
EPEXUU,OBUREL,1.0
EPEYAB,OBUREL,1.0
EPISOM,EXOGAB,0.804347813129425
EPISOM,HOYQIX,0.7480000257492065
EPISOM,SUKYON,0.7480000257492065
EPIYAE,VAGTUU,0.4483870565891266
EPIYAE,IXUQOJ,0.4483870565891266
EPOBAN,LATJEW,0.8999999761581421
EPOBAN,GAJROA,0.8999999761581421
EPOBAN,LATJIA,0.8999999761581421
EPOBAN,EXEMAW,0.5538461804389954
EPOPEG,URUYUD,1.0
EPOPEG,URUYOX,1.0
EPOPEG,JONKEE,1.0
EPOTAF,QUYRAF,0.8999999761581421
EPOTAF,RUMWUS,0.8999999761581421
EPOXAJ,LECHUX,1.0
EPOXAJ,ZZZEJE01,0.8999999761581421
EPOXAJ,FAXNOI,0.8999999761581421
EPOXAJ,YOBWOD01,0.8999999761581421
EPUJIJ,UCOCAR,0.8999999761581421
EPUREO,ZOMKAP,1.0
EPUREO,ZOMKAP01,1.0
EPUREO,GUBKUL,0.8999999761581421
EPUREO,MEWNEH,0.8999999761581421
EPUREO,MEWNIL,0.8999999761581421
EPUREO,NACKOT,0.8999999761581421
EPUREO,NACKOT01,0.8999999761581421
EPUREO,NACKUZ,0.8999999761581421
EPURIS,LAXGOH01,1.0
EPURIS,LAXGOH03,1.0
EPURIS,LAXGOH02,1.0
EPURIS,NACKUZ,0.8999999761581421
EPUTUF,EPUVAN,0.8999999761581421
EPUTUF,HUWSUN,0.39230769872665405
EPUTUF,TEZLOC,0.36666664481163025
EPUVAN,HUWSUN,0.39230769872665405
EPUVAN,FANDEG,0.34705883264541626
EPUVUH,HOGSEC,0.8999999761581421
EPUVUH,HIBKAH,0.8999999761581421
EPUVUH,XUNJIA,0.48461538553237915
EQARIZ,MUPVAW,1.0
EQARIZ,OHIHIX,0.7749999761581421
EQARIZ,OSUGUG,0.7749999761581421
EQERAU,QICXUY,0.8999999761581421
EQERAU,HUWLUI,0.8999999761581421
EQERAU,XIDCEV,0.7260869741439819
EQEREY,EQERIC,1.0
EQEREY,TIXCIO,0.5586206316947937
EQEREY,UVINAP,0.5218750238418579
EQERIC,TIXCIO,0.5586206316947937
EQERIC,UVINAP,0.5218750238418579
EQOBUH,EQOCIW,1.0
EQOBUH,SIWHOY,1.0
EQOBUH,NAFGOR01,1.0
EQOBUH,NAFGOR,1.0
EQOCES,OKEPUR,1.0
EQOCES,IMZYCO,1.0
EQOCES01,EQOCIW,1.0
EQOCES01,SIWHOY,1.0
EQOCES01,NAFGOR01,1.0
EQOCES01,IMZYCO01,1.0
EQOCES01,SIWJEQ,1.0
EQOCIW,SIWHOY,1.0
EQOCIW,NAFGOR01,1.0
EQOCIW,NAFGOR,1.0
EQOCOC,VEJYEP01,1.0
EQOCOC,VEJYUV06,1.0
EQOCOC,KUDJOK,1.0
EQOCOC,SIWJAM,1.0
EQOCOC,VEJYUF07,1.0
EQOCOC01,IMIDZB11,1.0
EQOCOC01,IMIDZB13,1.0
EQOCOC01,VEJYUF,1.0
EQOJUR,KOLPUX,0.8999999761581421
EQOJUR,GIZNOT,0.8999999761581421
EQUBIC,FOBXUQ,0.8999999761581421
EQUBIC,EQUBUO,0.8999999761581421
EQUBIC,UQOYAB,0.8999999761581421
EQUBIC,EQUBOI,0.8999999761581421
EQUBOI,EQUBUO,0.8999999761581421
EQUBOI,FOBXUQ,0.8999999761581421
EQUBOI,UQOYAB,0.8999999761581421
EQUBUO,FOBXUQ,0.8999999761581421
EQUBUO,UQOYAB,0.8999999761581421
EQUCUO,EQUCUO09,1.0
EQUCUO,EQUCUO11,1.0
EQUCUO,EQUCUO03,1.0
EQUCUO01,EQUCUO09,1.0
EQUCUO01,EQUCUO11,1.0
EQUCUO01,EQUCUO03,1.0
EQUCUO02,EQUCUO09,1.0
EQUCUO02,EQUCUO11,1.0
EQUCUO02,EQUCUO03,1.0
EQUCUO02,EQUCUO04,1.0
EQUCUO02,EQUCUO05,1.0
EQUCUO02,EQUCUO06,1.0
EQUCUO02,EQUCUO07,1.0
EQUCUO02,EQUCUO08,1.0
EQUCUO02,EQUCUO10,1.0
EQUCUO02,EQUCUO12,1.0
EQUCUO02,SOCCET,0.8999999761581421
EQUCUO02,SOCCIX,0.8999999761581421
EQUCUO02,ZICNIL,0.805263102054596
EQUCUO03,EQUCUO09,1.0
EQUCUO03,EQUCUO11,1.0
EQUCUO03,LUGTUD,0.7105263471603394
EQUCUO04,EQUCUO09,1.0
EQUCUO04,EQUCUO11,1.0
EQUCUO05,EQUCUO09,1.0
EQUCUO05,EQUCUO11,1.0
EQUCUO05,QOQJUC,0.8999999761581421
EQUCUO06,EQUCUO09,1.0
EQUCUO06,EQUCUO11,1.0
EQUCUO07,EQUCUO09,1.0
EQUCUO07,EQUCUO11,1.0
EQUCUO07,LUDDOE,1.0
EQUCUO07,LUDDOE01,1.0
EQUCUO08,EQUCUO09,1.0
EQUCUO08,EQUCUO11,1.0
EQUCUO08,EQUCUO10,1.0
EQUCUO08,EQUCUO12,1.0
EQUCUO09,EQUCUO11,1.0
EQUCUO09,LUDDOE,1.0
EQUCUO09,LUDDOE01,1.0
EQUCUO10,EQUCUO11,1.0
EQUCUO10,EQUCUO12,1.0
EQUCUO10,LUDDOE,1.0
EQUCUO10,LUDDOE01,1.0
EQUCUO11,QOQJUC,0.8999999761581421
EQUCUO12,QOQJUC,0.8999999761581421
EQUMUA,EQUNAH,1.0
EQUMUA,EQUNEL,1.0
EQUMUA,EQUNIP,1.0
EQUNAH,EQUNEL,1.0
EQUNAH,EQUNIP,1.0
EQUNEL,EQUNIP,1.0
EQUWIW,SIJPUX,0.8999999761581421
EQUWIW,NUXLUN,0.8999999761581421
EQUWIW,NELVEG,0.8999999761581421
EQUWIW,SIRTEV,0.8999999761581421
EQUWIW,XEGQUW,0.8999999761581421
EQUWIW,XEGRAD,0.8999999761581421
ERAJAK,ERAJEO,1.0
ERAJAK,HAYYOY,0.8999999761581421
ERAJAK,LONVER,0.8999999761581421
ERAJEO,HAYYOY,0.8999999761581421
ERAJEO,LONVER,0.8999999761581421
ERALEQ,FAJHAC,0.8999999761581421
ERALEQ,FERHAN,0.8999999761581421
ERALEQ,FERGOA,0.8999999761581421
ERALEQ,WEBZEK,0.8999999761581421
ERALIU,SATRAJ,0.8999999761581421
ERALIU,FOQPAE,0.8999999761581421
ERALIU,ZIQWUU,0.8999999761581421
ERALOA,KOJZOZ,0.8999999761581421
ERALOA,WAKHUO,0.8999999761581421
ERALOA,SELKIG,0.6000000238418579
ERALUG,IXEJOM,1.0
ERALUG,OQUFAJ,1.0
ERALUG,OQUFAJ02,1.0
ERALUG,OQUFAJ01,1.0
ERALUG,OQUFAJ03,1.0
ERALUG,OQUFAJ04,1.0
ERAMAN,SAVCEA,0.8999999761581421
ERAMAN,XEGKUR,0.8999999761581421
ERAMAN,XEGJIE02,0.8999999761581421
ERAMER,IXEJUS,1.0
ERAMER,EWALUK,0.8999999761581421
ERAMER,TEMPAE,0.8999999761581421
ERAMER,TEMPEI,0.8999999761581421
ERANAO,WIZMAV08,1.0
ERANAO,WIZMAV10,1.0
ERANAO,WIZMAV,1.0
ERANAO,LIWYUM,0.8999999761581421
ERANAO,SEQWOC,0.8999999761581421
ERANAO,WIZMAV04,1.0
ERANAO,WIZMAV05,1.0
ERANAO,WIZMAV06,1.0
ERANAO,WIZMAV07,1.0
ERANAO,WIZMAV09,1.0
ERANAO,WIZMAV11,1.0
ERANAO,WIZMAV12,1.0
ERANAO,XAYDOT,0.8999999761581421
ERARUM,WIZMAV08,1.0
ERARUM,WIZMAV10,1.0
ERARUM,WIZMAV,1.0
ERARUM,LIWYUM,0.8999999761581421
ERATAS,FEYZUF,1.0
ERATAS,FEYZUF01,1.0
ERATAS,FEYQUW,0.8999999761581421
EREGOY,TACJIS,1.0
EREGOY,HIHGUC,1.0
EREGOY,OXALIJ,1.0
EREGOY,OXALUV,0.8999999761581421
EREGOY,SAYKEK,0.7071428298950195
ERFORD01,ISIYUF01,1.0
ERFORD01,ISIYUF,1.0
ERFORD01,FIGXAU,1.0
ERFORD02,ISIYUF01,1.0
ERFORD02,UXEDUX,1.0
ERFORD02,FIGXAU,1.0
ERIGER,IJISOK,0.33571428060531616
ERIGER,YEPCUS,0.32499998807907104
ERIGER,REHJIZ,0.31951218843460083
ERIGER,OCIYUW,0.3024999797344208
ERIQUS,LACFUS,1.0
ERIQUS,YAPQUC,1.0
ERIQUS,LIPZES,1.0
ERIQUS,XILBAW,1.0
ERIQUS,YICREI,1.0
ERIRIG,VOLRAQ,1.0
ERIRIG,PUWDOA,1.0
ERIRIG,OVOKOB,0.49512192606925964
EROCIZ,HEBLOR,0.550000011920929
EROCIZ,IXIQIQ,0.550000011920929
EROCIZ,YUBGIN,0.550000011920929
EROJUS,EROJUS02,1.0
EROJUS,EROJUS04,1.0
EROJUS,EROJUS06,1.0
EROJUS02,EROJUS06,1.0
EROJUS02,EROJUS04,1.0
EROJUS04,EROJUS06,1.0
ERUNIQ,OJOBAS,1.0
ERUNOW,ERUNUC,1.0
ERUNUC,JODGIU,1.0
ERUNUC,ZILBAZ,1.0
ERUNUC,ZILBED,1.0
ERUNUC,ZILBIH,1.0
ERUPEM,ERUPEM01,1.0
ERUPEM,SUKREX,1.0
ERUPEM,SUKREX01,1.0
ERUPEM,VULKAQ,1.0
ERUPEM01,SUKREX,1.0
ERUPEM01,SUKREX01,1.0
ERUPEM01,VULKAQ,1.0
ERUVEU,ESANET,1.0
ERUVEU,HUHJAW,0.5875000357627869
ESADUZ,YILKAH,1.0
ESADUZ,JUQPIW,1.0
ESADUZ,ESADUZ02,1.0
ESADUZ01,YILKAH,1.0
ESADUZ01,JUQPIW,1.0
ESADUZ01,ESADUZ02,1.0
ESADUZ01,POKZOG,1.0
ESADUZ01,REFFIT,0.8999999761581421
ESADUZ01,WUHMOD,1.0
ESADUZ01,YILJUA,1.0
ESADUZ02,YILKAH,1.0
ESADUZ02,JUQPIW,1.0
ESADUZ02,JUQSIZ,1.0
ESADUZ02,WUHMOD,1.0
ESANET,HUHJAW,0.5875000357627869
ESEBOV,UNEJEE,1.0
ESEBOV,FEVWOV,1.0
ESEBOV,NEVDUQ,0.8590908646583557
ESEBOV,NIJZIR,0.8181818127632141
ESEBOV,VEPQEP,0.8181818127632141
ESECUC,FENHIS,1.0
ESECUC,GOSDEZ,1.0
ESECUC,ESEDAJ,0.8999999761581421
ESEDAJ,GOSDUP,1.0
ESEDAJ,TONQOD,1.0
ESEDAJ,QEDZEG,1.0
ESEDAJ,MIFKUJ,1.0
ESEDAJ,MIFLIY,0.8999999761581421
ESEDAJ,PIXCOR,0.5114285945892334
ESEDAJ,TEQLIM,0.7120000123977661
ESEDEN,YUNJUO,0.8999999761581421
ESEDEN,HEJGEL,0.8999999761581421
ESEDEN,IZIBUQ,0.8999999761581421
ESEDIQ,FECYUJ,1.0
ESEDIQ,WORKUL,1.0
ESEDIQ,MIMRAB01,1.0
ESEDIQ,IDIXAU,1.0
ESEDIQ,MIMRAB,1.0
ESEDIQ,QAQSAD,1.0
ESEDIQ,RACHUA,0.5846154093742371
ESEDIQ,RACHUA01,0.5846154093742371
ESEDIQ,USAHAZ,1.0
ESEDIQ,WORLAS,1.0
ESEQUO,MOXDIN01,1.0
ESEQUO,VEGMIE,1.0
ESEQUO,MOXDIN,1.0
ESEQUO,VEGMIE01,1.0
ESEVIH,NANYUX01,1.0
ESEVIH,FIWKUT,1.0
ESEVIH,VEHKIE,1.0
ESICUG,ESIDOB,1.0
ESICUG,ZAVQIY,0.8999999761581421
ESICUG,ZAVPET,0.8999999761581421
ESICUG,ZAVQUK,0.8999999761581421
ESIDOB,ZAVQIY,0.8999999761581421
ESIDOB,ZAVPET,0.8999999761581421
ESIDOB,ZAVRIZ,0.8999999761581421
ESIFET,ESIFIX,1.0
ESIFET,IPIHUM,0.8999999761581421
ESIFET,XUNJEW,0.8999999761581421
ESIFET,HEBZEV,0.5400000214576721
ESIFIX,IPIHUM,0.8999999761581421
ESIFIX,XUNJEW,0.8999999761581421
ESIPUR,ESIPUR02,1.0
ESIPUR,KAHMOW,0.8999999761581421
ESIPUR,OVIHOR01,0.8999999761581421
ESIPUR,VUKHOZ,0.8999999761581421
ESIPUR02,KAHMOW,0.8999999761581421
ESIPUR02,OVIHOR01,0.8999999761581421
ESIXIP,JAKPET,0.8999999761581421
ESIXIP,PAMTOO,0.5973684191703796
ESIXIP,GIWFUP01,0.574999988079071
ESOKIG,XOVPON,1.0
ESOKIG,XOVPIH,1.0
ESOKIG,JEHMOZ,0.925000011920929
ESUMOU,ESUMOU01,1.0
ESUMOU,MAZJEC,0.8999999761581421
ESUMOU,PADROD01,0.8999999761581421
ESUMOU01,MAZJEC,0.8999999761581421
ESUMOU01,PADROD01,0.8999999761581421
ESURER,ESUSOC02,1.0
ESURER,ESUTAP,1.0
ESURER,ESUVOF,1.0
ESURER01,ESUSOC02,1.0
ESURER01,ESUTAP,1.0
ESURER01,ESUVOF,1.0
ESURER01,HAPGIR,0.8999999761581421
ESURER01,HAWREE,0.8999999761581421
ESURER01,RAJFAM,1.0
ESURER01,RAJFEQ,1.0
ESURER01,RIDDUE,1.0
ESURER01,RIHJUO,1.0
ESURER02,ESUSOC02,1.0
ESURER02,ESUTAP,1.0
ESURER02,ESUVOF,1.0
ESURER03,ESUSOC02,1.0
ESURER03,ESUTAP,1.0
ESURER03,ESUVOF,1.0
ESURER04,ESUSOC02,1.0
ESURER04,ESUTAP,1.0
ESURER04,ESUVOF,1.0
ESUSAO,ESUSOC02,1.0
ESUSAO,ESUTAP,1.0
ESUSAO,ESUVOF,1.0
ESUSAO01,ESUSOC02,1.0
ESUSAO01,ESUTAP,1.0
ESUSAO01,ESUVOF,1.0
ESUSIW,ESUSOC02,1.0
ESUSIW,ESUTAP,1.0
ESUSIW,ESUVOF,1.0
ESUSOC,ESUSOC02,1.0
ESUSOC,ESUTAP,1.0
ESUSOC,ESUVOF,1.0
ESUSOC,IPOVOA,1.0
ESUSOC01,ESUSOC02,1.0
ESUSOC01,ESUTAP,1.0
ESUSOC01,ESUVOF,1.0
ESUSOC01,ESUTET,1.0
ESUSOC01,ESUTET01,1.0
ESUSOC01,ESUTIX,1.0
ESUSOC01,ESUVAR,1.0
ESUSOC01,ESUVAR01,1.0
ESUSOC01,ESUVAR02,1.0
ESUSOC02,ESUTAP,1.0
ESUSOC02,ESUVOF,1.0
ESUSOC02,ESUTET,1.0
ESUSOC02,ESUTET01,1.0
ESUSOC02,ESUTIX,1.0
ESUSOC02,ESUVAR,1.0
ESUSOC02,ESUVAR01,1.0
ESUSOC02,ESUVAR02,1.0
ESUTAP,ESUVOF,1.0
ESUTAP,QANSUV,0.8999999761581421
ESUTET,ESUVOF,1.0
ESUTET01,ESUVOF,1.0
ESUTET01,IPOVOA,1.0
ESUTIX,ESUVOF,1.0
ESUTIX,HAPGIR,0.8999999761581421
ESUTIX,HAWREE,0.8999999761581421
ESUTIX,QANSUV,0.8999999761581421
ESUTIX,RAJFAM,1.0
ESUTIX,RAJFEQ,1.0
ESUTIX,RIDDUE,1.0
ESUTIX,RIHJUO,1.0
ESUVAR,ESUVOF,1.0
ESUVAR,RAJFAM,1.0
ESUVAR,RAJFEQ,1.0
ESUVAR,RIDDUE,1.0
ESUVAR,RIHJUO,1.0
ESUVAR01,ESUVOF,1.0
ESUVAR02,ESUVOF,1.0
ESUWIY,EYUGUB,1.0
ESUWIY,MASXIN,0.8999999761581421
ETAXED,MERFUN,0.40857142210006714
ETAXED,MEMCEP,0.36666664481163025
ETAXED,TIJSUD,0.3461538553237915
ETAXUT,NUVYIO,1.0
ETAXUT,UKIBIB,0.8999999761581421
ETAXUT,PENVEM01,0.8999999761581421
ETEBOV,OKILIE,0.8999999761581421
ETEBOV,OKILEA,0.8999999761581421
ETEBOV,ZIKCON,0.79677414894104
ETEBOV,MEGNAQ,0.6352941393852234
ETEBOV,ZIBGIC,0.6921052932739258
ETEBOV,ZIDVEP,0.6175000071525574
ETEBOV,ZIKCUT,0.6823529601097107
ETEBOV,ZUSHEC,0.7352941632270813
ETECAJ,UTADOK,1.0
ETECAJ,OFIDAJ,1.0
ETECAJ,IRISAD,1.0
ETECAJ,IRISAD01,1.0
ETECAJ,OGESOJ,1.0
ETECIR,PEKKAS,1.0
ETECIR,OPEGUM,1.0
ETECIR,NOQLOV,1.0
ETECIR,NOQLOV01,1.0
ETEJIX,ETEJIX01,1.0
ETEJIX,YAZYEF,1.0
ETEJIX,YAZYIJ,0.8999999761581421
ETEJIX01,YAZYEF,1.0
ETEJIX01,YAZYIJ,0.8999999761581421
ETEJOD,ETEJOD01,1.0
ETEJOD,WOQTUT,0.8999999761581421
ETEJOD,WOPSAX01,0.8999999761581421
ETEJOD01,WOQTUT,0.8999999761581421
ETEJOD01,WOPSAX01,0.8999999761581421
ETEJUJ,FOCJAL,0.8999999761581421
ETEJUJ,LONWIW,0.8999999761581421
ETEJUJ,VAMRAF,0.8999999761581421
ETEKAQ,ETEKAQ01,1.0
ETEKAQ,YAZZAC,1.0
ETEKAQ01,YAZZAC,1.0
ETEKEU,WOPSAX02,0.8999999761581421
ETEKEU,WOPSOL01,0.8999999761581421
ETEKEU,WOBHIF03,0.8999999761581421
ETEKEU,HAPNOE,0.5679999589920044
ETEVEF,ETEVEF01,1.0
ETEVEF,QUMRIA,0.35999998450279236
ETEVEF,MACKAE,0.35999998450279236
ETEVEF01,QUMRIA,0.35999998450279236
ETEVEF01,MACKAE,0.35999998450279236
ETEVEF01,RBHSQU01,0.3117647171020508
ETIXOW,ETIXUC,1.0
ETIXOW,ETIYAJ,0.8999999761581421
ETIXOW,ETIYEN,0.8999999761581421
ETIXUC,ETIYAJ,0.8999999761581421
ETIXUC,ETIYEN,0.8999999761581421
ETIYAJ,ETIYEN,1.0
ETOQOT,VEDVUW,0.5178571343421936
ETOQOT,FOVPEN,0.3571428656578064
ETOQOT,FOVPAJ,0.3571428656578064
ETOQOT,OCIYUW,0.30000001192092896
ETUFOQ,UZOBER,0.5950000286102295
ETUFOQ,FABGUM,0.5950000286102295
ETUFOQ,LEKDAJ,0.5950000286102295
ETUFOQ,WUBZAU,0.4599999785423279
ETUQEQ,TOHYIA,0.8999999761581421
ETUQEQ,XIBQOQ,0.8999999761581421
ETUSUI,XESGAE,1.0
ETUSUI,KEGBII,1.0
ETUSUI,GAFXIV,0.8999999761581421
ETUTIX,TEKYOX01,0.8999999761581421
ETUTIX,YEFLIF,0.8999999761581421
ETUTIX,WULBIQ,0.6759999990463257
ETUWEW,NAVYOA,1.0
ETUWEW,WEMDOJ,1.0
ETUWEW,ZAXLUH,0.8999999761581421
ETUWEW,RUSSOO,0.3368421196937561
ETUWOG,JOQQAJ,1.0
ETUWOG,MOXDIN,1.0
ETUWOG,VEGMIE01,1.0
ETUXUM,XIGFEY,1.0
ETUXUM,MICDUX,1.0
ETUXUM,QOBHEU,1.0
ETUXUM,LUZYUA,1.0
ETUXUM,MEKVAA,0.8999999761581421
ETUXUM,QOBHEU01,1.0
EVADEK,MEGQEW,1.0
EVADEK,FOBJUD,0.8999999761581421
EVADEK,ODOMIF,0.8999999761581421
EVADEK,FIZVIV,0.8999999761581421
EVADEK,LEKGOY,0.8999999761581421
EVADEK,LEKGOY01,0.8999999761581421
EVADIO,NAZBAT,0.8999999761581421
EVADIO,NAYZUK,0.8999999761581421
EVADIO,FIZVIV,0.8999999761581421
EVAHAM,WITMIX,0.4272727370262146
EVAHAM,FERBUC,0.3405405282974243
EVAHAM,FERCEN,0.3405405282974243
EVAKIV,IXISOX,1.0
EVAKIV,IXISAJ,1.0
EVAKIV,EVAKOB,1.0
EVAKIV,RAZYIC,0.4681817889213562
EVAKIV,RAZYOI,0.4681817889213562
EVAKOB,IXISOX,1.0
EVAKOB,IXISAJ,1.0
EVAKOB,QESYOD,0.44285714626312256
EVAKOB,QESYUJ,0.44285714626312256
EVAKOB,RAZYIC,0.4681817889213562
EVAKOB,RAZYOI,0.4681817889213562
EVAWUT,EVAXAA,0.8999999761581421
EVAWUT,OKATUP,0.48571428656578064
EVAWUT,OKAVAX,0.48571428656578064
EVAWUT,NOBQEB,0.3142857253551483
EVAWUT,NUCBIW,0.22413793206214905
EVAXAA,OKAVEB,0.48571428656578064
EVAXAA,HIDCOM,0.48000001907348633
EVAXAA,MUXSED,0.10000000149011612
EVIMUT,WURYOY,0.19310344755649567
EVIMUT,MINKUR,0.16428571939468384
EVINON,PASTOU,0.42499998211860657
EVINON,POLBEZ01,0.6299999952316284
EVUBAY,TUCCIF,0.8999999761581421
EVUBAY,WUDXUP,0.8999999761581421
EVUBAY,MASZEO,0.7260869741439819
EVUBAY,KIVKEI,0.5785713791847229
EVUDAA,VANNEG,0.8999999761581421
EVUDAA,PUWDAM,0.8999999761581421
EVUDAA,XISXEE,0.8999999761581421
EVUDAA,YERFUZ,0.8999999761581421
EVUDEE,HADQUA,0.3374999761581421
EVUPOC02,IZENOS,0.8999999761581421
EVUQOC,EVUQUI,0.8999999761581421
EVUQOC,ZAVPET,0.6307692527770996
EVUQOC,RUWXEN,0.6181818246841431
EVUQOC,EVURAP,0.5921052694320679
EVUQUI,ZAVPUJ,0.6307692527770996
EVUQUI,EVURAP,0.5921052694320679
EVURAP,ZAVPIX,0.4829787015914917
EVUVEX,EVUVOH,1.0
EVUVEX,WEKYES,0.5263158082962036
EVUVEX,NUQYIH,0.47647058963775635
EVUVIB,EVUWOI,1.0
EVUVIB,EVUVUN,1.0
EVUVIB,EVUWIC,1.0
EVUVOH,WEKYES,0.5263158082962036
EVUVOH,NUQYIH,0.47647058963775635
EVUVUN,EVUWOI,1.0
EVUVUN,EVUWIC,1.0
EVUVUN,PAJFEL,0.35357141494750977
EVUVUN,SIWFOT,0.20384615659713745
EVUWIC,EVUWOI,1.0
EVUYUQ,EVUZAX,1.0
EVUYUQ,MEGVAY,0.8999999761581421
EVUYUQ,QOTWON,0.8999999761581421
EVUYUQ,YUBTUM,0.8999999761581421
EVUZAX,MEGVAY,0.8999999761581421
EVUZAX,QOTWON,0.8999999761581421
EVUZAX,ZAGHAT,0.8999999761581421
EWADAH,KEHWAY02,0.4779999852180481
EWADAH,KEHWAY01,0.4779999852180481
EWADAH,KEHWAY,0.4779999852180481
EWADAH,KEVPEH,0.3405405282974243
EWADAH,KUZSIJ,0.3214285671710968
EWADAH,WEKNAE,0.24657534062862396
EWALUK,TEMPAE,1.0
EWALUK,IXEJUS,0.8999999761581421
EWASIG,VITYUU,1.0
EWASIG,EWASIG01,1.0
EWASIG,YABKEU,1.0
EWASIG01,VITYUU,1.0
EWASIG01,YABKEU,1.0
EWASIG01,VITYOO,0.8999999761581421
EWAWEG,EWAWEG01,1.0
EWAWEG,WERHOR,0.8999999761581421
EWAWEG,USUBUG,0.8999999761581421
EWAWEG01,WERHOR,0.8999999761581421
EWAWEG01,USUBUG,0.8999999761581421
EWAZIL,NOFRAC,1.0
EWAZIL,KIFGAJ,1.0
EWEBEN,YUCNEQ,1.0
EWEBEN,FUQREQ,0.8999999761581421
EWEBEN,PIZPIX01,0.8999999761581421
EWETUW,EXEDUI,1.0
EWETUW,RUYVAK,0.8999999761581421
EWETUW,OYEWEW,0.8999999761581421
EWETUW,YEKWOC,0.8999999761581421
EWETUW,YEYFEP,0.8999999761581421
EWEVAF,UDISAD,0.8999999761581421
EWEVAF,UDISIL,0.8999999761581421
EWEVAF,FAFHUS,0.8999999761581421
EWEVAF,TALFUJ,0.8999999761581421
EWEVAF,UDISUX,0.8999999761581421
EWIDUK,FAWCEN03,1.0
EWIDUK,XIZDIV,1.0
EWIDUK,VELVOY,1.0
EWIDUK,KAMZUV,1.0
EWILIH,MAWCAR,0.8999999761581421
EWILIH,MAWBUK,0.8999999761581421
EWILIH,HOLQOQ,0.8999999761581421
EWISEI,IVEQEG01,0.8999999761581421
EWISEI,XESLAK,0.8999999761581421
EWISEI,WUHMAP,0.8999999761581421
EWOBAV,FEVFUJ,1.0
EWOBAV,EWOBEZ,1.0
EWOBAV,XINLEO,0.4374999701976776
EWOBAV,NOYBAG,0.3700000047683716
EWOBEZ,FEVFUJ,1.0
EWOBEZ,XINLEO,0.4374999701976776
EWOBEZ,NOYBAG,0.3700000047683716
EWUCOP,NOHHID,0.6454545855522156
EWUCOP,NEFTOJ,0.6225806474685669
EWUCOP,OLUGUZ,0.6225806474685669
EWUCOP,MIXBAY,0.4642857015132904
EWUCOP,QUJRUK,0.574999988079071
EWUCOP,ZENNEO,0.4731706976890564
EWUHIP,WUYWUK,0.79677414894104
EWUHIP,UMOVEZ,0.7758620381355286
EWUHIP,UMOVEZ03,0.7758620381355286
EWUHOU,YEKXUJ,0.7714285850524902
EWUHOU,KIPYIU,0.7714285850524902
EWUHOU,YEKXOD,0.7714285850524902
EWUHOU,SORCOS,0.47894734144210815
EWUKIS,NANYUX01,1.0
EWUKIS,FIWKUT,1.0
EWUKIS,VEHKIE,1.0
EWUKIS,FUTYEA,1.0
EWUKIS,FUTYOK,1.0
EWUKIS,FUTZAX,1.0
EWUKIS,FUTZEB,1.0
EWUKIS,FUTZIF,1.0
EWUKIS,FUTZOL,1.0
EWUKIS,FUVBAB,1.0
EWUKIS,IZUSAY,0.512499988079071
EWUKIS,JEDVIA,1.0
EWUKIS,PEJNOJ,1.0
EWUKIS,PEJNUP,1.0
EWUKIS,PEJPAX,1.0
EWUKIS,PEJPEB,1.0
EWUKIS,PEPFAT,1.0
EWUKIS,PERQUB,1.0
EWUSIZ,PAJFEL,0.8999999761581421
EWUSIZ,NACXOF,0.482142835855484
EWUSIZ,MIFFAJ,0.4000000059604645
EXAHAM,FETBIQ,0.8999999761581421
EXAHAM,QOTDUZ,0.8999999761581421
EXAHAM,XIPLOX,0.8999999761581421
EXAPEA,OJOQAF02,0.49130430817604065
EXAPEA,LIRVAK,0.49130430817604065
EXAXAE,USEVOF,1.0
EXAXAE,XEDMEB,1.0
EXAXAE,KANMIX,1.0
EXAXAE03,USEVOF,1.0
EXAXAE03,XEDMEB,1.0
EXAXAE03,KANMIX,1.0
EXAXAE03,SERKEG,0.8999999761581421
EXEDUI,PIFPIE,0.8999999761581421
EXEDUI,OYEWEW,0.8999999761581421
EXEDUI,NAYZOE,0.8999999761581421
EXEKUP,SUZXES,0.7120000123977661
EXEKUP,NAXSUB,0.7120000123977661
EXEMAW,GAJROA,0.5538461804389954
EXEMAW,LATJEW,0.5538461804389954
EXEMUR,UKEBOD,0.6700000166893005
EXEMUR,ZACYEK,0.5896551609039307
EXEQAA,ZEGRIP,1.0
EXEQAA,EXEQII,1.0
EXEQAA,ZEGROV,1.0
EXEQEE,HAWVUY,0.8999999761581421
EXEQEE,HAWWAF,0.8999999761581421
EXEQEE,FEZTIP01,0.8999999761581421
EXEQEE,HAWVOS,0.8999999761581421
EXEQII,ZEGRIP,1.0
EXEQII,ZEGROV,1.0
EXEXAH,NUCBOE,0.7206896543502808
EXEXAH,OFAGOU,0.4000000059604645
EXIDOF,UGECEO,1.0
EXIDOF,KUHNEI,1.0
EXIDOF,WINCEC,1.0
EXIDOF,ITOBID,0.446153849363327
EXIDOF,MUCNAA,0.8999999761581421
EXIDOF,QUTTII,1.0
EXIDOF,QUTTII01,1.0
EXOFIH,FEJHOS,1.0
EXOGAB,HOYQIX,0.9099999666213989
EXOGAB,IPUPIU,0.9099999666213989
EXOGAB,IPUPOA,0.9099999666213989
EXOGAB,HIBTEU,0.565517246723175
EXOGAB,NIGDIS,0.737500011920929
EXOGAB,TEKYOA,0.737500011920929
EXOGAB,WIJRIT,0.6333333253860474
EXOWUL,LARVIL,0.8999999761581421
EXOWUL,JADRUC,0.7000000476837158
EXOXOE,EXOXOE02,1.0
EXOXOE,EXOXOE01,1.0
EXOXOE,WEFXAH,0.5965517163276672
EXOXOE,GICZOI,0.45454543828964233
EXOXOE,RECZOP,0.5636363625526428
EXOXOE,REDBAE,0.5636363625526428
EXOXOE01,EXOXOE02,1.0
EXOXOE01,WEFXAH,0.5965517163276672
EXOXOE01,RECZOP,0.5636363625526428
EXOXOE01,REDBAE,0.5636363625526428
EXOXOE02,WEFXAH,0.5965517163276672
EXOXUL,YUPSEI,0.8999999761581421
EXOXUL,UFUKUB02,0.8999999761581421
EXOXUL,EXOYAS,0.8999999761581421
EXOXUL,FOBDOS,0.8999999761581421
EXOYAS,IWEVAJ,1.0
EXOYAS,RAWYAS,1.0
EXOYAS,PAFZEE,0.9000000357627869
EXOYAS,YUBGUZ,0.8999999761581421
EXOZEX,RULNOC,1.0
EXOZEX,XOLRUM,1.0
EXOZEX,EXOZIB,1.0
EXOZEX,HELCUY,0.8999999761581421
EXOZIB,RULNOC,1.0
EXOZIB,XOLRUM,1.0
EXOZIB,PANYOU,0.8999999761581421
EXUDAE,PUVFIX01,0.6600000262260437
EXUHUC,VIBYIQ,0.6926829814910889
EXUHUC,TELFEX,0.6625000238418579
EXUHUC,OKILAW,0.6617646813392639
EXUMEP,XAPRIR,1.0
EXUMEP,GUPJEG,1.0
EXUMEP,EXUMOZ,1.0
EXUMEP,GAGXAO,1.0
EXUMOZ,XAPRIR,1.0
EXUMOZ,GUPJEG,1.0
EXUMOZ,GUPJEG01,1.0
EXUMOZ,PUQBOT,0.8999999761581421
EXUSUN,WOZDEW,1.0
EXUSUN,IXISIT02,1.0
EXUSUN,LARYEK,1.0
EXUTAU,WOZDEW,1.0
EXUTAU,IXISIT02,1.0
EXUTAU,LARYEK,1.0
EXUTIB,LABJAB,1.0
EXUTIB,PULFIM,0.8999999761581421
EXUTIB,UDISOR,0.6187499761581421
EXUTIB,RICGOA,0.48571428656578064
EXUXEC,OJOBAS,1.0
EYACOX,EYOCIG,1.0
EYACOX,EYOCOM,0.8999999761581421
EYACOX,EYOCUS,0.8999999761581421
EYACOX,EYINOR,0.8999999761581421
EYACOX,LUYHAP,0.8999999761581421
EYAPOK,XEHXIT,0.8999999761581421
EYAPOK,TATCOI,0.8999999761581421
EYAPOK,TOWMEZ,0.8999999761581421
EYAPOK,NAGKEO,0.8999999761581421
EYAPOK,ZELDIG,0.8999999761581421
EYECUI,LEBBOM,0.3076923191547394
EYECUI,MTGLCU,0.28409090638160706
EYECUI,GIGBEF,0.2607142925262451
EYECUI,HIQRAC,0.1818181872367859
EYINOR,EYOCIG,0.8999999761581421
EYINOR,EYOCUS,0.8999999761581421
EYINOR,RUVKAV,0.8999999761581421
EYIQEI,VAVFEE,1.0
EYIQEI,NEZMEM,1.0
EYIQEI,JOSNAG,0.925000011920929
EYIQEI,ICOWON,0.925000011920929
EYIYES,EYOCUS,0.8999999761581421
EYIYES,RUVKAV,0.8999999761581421
EYIYES,LUYHAP,0.8999999761581421
EYIYES,EYOCIG,0.8999999761581421
EYIYES,EYOCOM,0.8999999761581421
EYOCIG,EYOCUS,0.8999999761581421
EYOCOM,EYOCUS,0.8999999761581421
EYOCUS,MEHMET,0.8571428656578064
EYOJOT,HOVGEG,0.5621621608734131
EYOJOT,HIFGIO,0.550000011920929
EYOJOT,TEQLIM,0.550000011920929
EYOPOY,WOBNOS,1.0
EYOPOY,UQIWIC,1.0
EYOPOY,OHAKIS,1.0
EYOPOY,GAKXUN,1.0
EYOPOY,NUYWEK,1.0
EYOPOY,NUYWOU,1.0
EYOPOY,OHAKEO,1.0
EYOPOY,OHAKOY,1.0
EYOPUE,EYOQEP,1.0
EYOPUE,EYOQAL,0.8999999761581421
EYOPUE,MISZOG,0.6567566990852356
EYOPUE,OQEZUH,0.583783745765686
EYOQAL,EYOQEP,0.8999999761581421
EYOQAL,TEVPUI,0.7352941632270813
EYOQAL,OQEZUH,0.583783745765686
EYOQAL,OTOYUT,0.48571428656578064
EYOQEP,MISZOG,0.6567566990852356
EYUGEL,YOXXUG01,1.0
EYUGEL,WUVMAB01,1.0
EYUGEL,MUXHOD,1.0
EYUGEL,WUVMAB,1.0
EYUGEL,WUVMAB02,1.0
EYUGEL,WUVMAB03,1.0
EYUGEL,WUVMAB04,1.0
EYUGEL,WUVMAB05,1.0
EYUGEL,XESFOR,0.8999999761581421
EYUGIP,WAVCAX,1.0
EYUGIP,EYUGOV,0.925000011920929
EYUGOV,MUQSEW,1.0
EYUGOV,EYUHAI,1.0
EYUGUB,MASXIN,0.8999999761581421
EYUGUB,XEDKOJ,0.8999999761581421
EYUHAI,MUQSEW,1.0
EYUKOZ,QOPCEE,1.0
EYUKOZ,QOPCII,1.0
EYUKOZ,WAVDUT,0.8999999761581421
EYUKOZ,OPUFAH,0.8999999761581421
EYUKOZ,OPUFAH01,0.8999999761581421
EYUKOZ,SOGXES,0.8999999761581421
EYUKOZ,SOGXIW,0.8999999761581421
EYUKUF,MIDBIM,0.8999999761581421
EYUKUF,XEFKOI,0.8999999761581421
EYUKUF,XEFGAQ,0.8999999761581421
EYUKUF,SEMFIB,0.530434787273407
EYUKUF,ZOMWUV,0.3863636255264282
EYULAM,VOQBUZ,1.0
EYULAM,PEJYIO,0.925000011920929
EYULAM,EYULEQ,0.925000011920929
EYULAM,GUKFEY,0.606249988079071
EYULAM,HATFIU,0.47499996423721313
EYULAM,LIWFAA,0.33225804567337036
EYULEQ,PEJYIO,1.0
EYULEQ,VOQBUZ,0.925000011920929
EYULEQ,HATFIU,0.4599999785423279
EYULEQ,JAYZAN,0.7000000476837158
EYULEQ,XUMNAW,0.7000000476837158
EYULIU,IDAJUS,1.0
EYULIU,VAKHIB,0.8999999761581421
EYULIU,VAKDOD,0.8999999761581421
EYUWAW,LIXWAR,1.0
EYUZUU,PEPXIS,1.0
EYUZUU,LIHREA,1.0
EYUZUU,LATPIG,1.0
EYUZUU,KEVFUO,1.0
EYUZUU01,PEPXIS,1.0
EYUZUU01,LIHREA,1.0
EYUZUU01,LATPIG,1.0
EYUZUU01,KEVFUO,1.0
EZABEN,TISLIR,1.0
EZABEN,LIHSAX,1.0
EZABOX,WEYDEM,1.0
EZABOX,PEQLAZ,1.0
EZABOX,MOGVEK,1.0
EZABOX,WODQOW,0.8999999761581421
EZATOP,OXEMOV,0.9142857193946838
EZATOP,FAZYOV,0.8999999761581421
EZATOP,XOMSUP,0.8999999761581421
EZATOP,FEWGUL,0.6749999523162842
EZATOP,MECNOA,0.8142856955528259
EZATOP,OVEXOD,0.64000004529953
EZATOP,XUGROI,0.7043477892875671
EZAWIL,UFITEJ,1.0
EZAWIL,HUNBIB,1.0
EZILUV,EZIMAC,1.0
EZILUV,UVEVUN,0.7000000476837158
EZILUV,WOHYUN,0.6617646813392639
EZIMAC,UVEVUN,0.7000000476837158
EZIMAC,WOHYUN,0.6617646813392639
EZINAE,OKOSUE,0.8999999761581421
EZINAE,NAJTEA,0.8999999761581421
EZINAE,NAJSUP,0.8999999761581421
EZINAE,NAJTAW,0.8999999761581421
EZIPEK,MAWCEV,0.8999999761581421
EZOFEF,NUNNUH,1.0
EZOFEF,PUNYON,1.0
EZOFEF,XUJPOI,1.0
EZOXEX,QAHTOI,0.8999999761581421
EZOXEX,FETBIQ,0.8999999761581421
EZOXEX,XIPLOX,0.8999999761581421
EZOXEX,ZAXBAB,0.8999999761581421
EZUCIM,NAVWEN,0.40731707215309143
EZUCIM,EZUCOS,0.4040816128253937
EZUCOS,VAQLAC,0.4068181812763214
EZUCOS,VAQLEG,0.4068181812763214
EZULAO,NOCMAU,0.8999999761581421
EZULAO,REVGUW,0.4923076927661896
FABCUI,MIJFIU,1.0
FABCUI,XALTUA,1.0
FABCUI,XUKYEI,1.0
FABCUI,KOGYOV,1.0
FABCUI,LEHGIR,1.0
FABCUI,ODAHIK,0.8499999642372131
FABCUI,PERMEH,1.0
FABFOF,RIGTIL,1.0
FABFOF,QOBGEV,1.0
FABFOF,GIBWOE,1.0
FABFOF,LARPEC,1.0
FABFOF,MUZHUL,1.0
FABFOF,OGIBUD,1.0
FABFOF,VAGTUU,0.6499999761581421
FABFOF,WEZNUM,1.0
FABGOG,NEHZIK,0.8999999761581421
FABGOG,METYIU,0.8999999761581421
FABGOG,LUMDIG,0.8999999761581421
FABGOG,LUMDEC,0.8999999761581421
FABGUM,LEKDAJ,1.0
FABGUM,UZOBER,1.0
FABGUM,FOQSUA,0.8999999761581421
FABGUM,FOQTEL,0.8999999761581421
FABGUM,HUSPOB,0.8999999761581421
FABGUM,TIDLID,0.8999999761581421
FADCIZ,FADKAZ,1.0
FADCIZ,FADCIZ05,1.0
FADCIZ,FADCIZ04,1.0
FADCIZ01,FADKAZ,1.0
FADCIZ01,FADCIZ05,1.0
FADCIZ01,FADCIZ04,1.0
FADCIZ02,FADKAZ,1.0
FADCIZ02,FADCIZ05,1.0
FADCIZ02,FADCIZ04,1.0
FADCIZ03,FADKAZ,1.0
FADCIZ03,FADCIZ05,1.0
FADCIZ03,FADCIZ04,1.0
FADCIZ03,XULFOA,0.8999999761581421
FADCIZ04,FADKAZ,1.0
FADCIZ04,FADCIZ05,1.0
FADCIZ05,FADKAZ,1.0
FADCOF,NILCAP,1.0
FADCOF,FADCOF03,1.0
FADCOF,FADCOF02,1.0
FADCOF,WUYSUG,0.8999999761581421
FADCOF01,NILCAP,1.0
FADCOF01,FADCOF03,1.0
FADCOF01,FADCOF02,1.0
FADCOF01,WUZCUR,0.8999999761581421
FADCOF02,NILCAP,1.0
FADCOF02,FADCOF03,1.0
FADCOF02,WUYSUG,0.8999999761581421
FADCOF03,NILCAP,1.0
FADDAS,FADKON02,1.0
FADDAS,FADKON01,1.0
FADDAS,FADKON,1.0
FADDAS,WUZCUR,0.8999999761581421
FADKON,FADKON02,1.0
FADKON,FADKON01,1.0
FADKON,XULFOA,0.8999999761581421
FADKON01,FADKON02,1.0
FADKON02,XULFOA,0.8999999761581421
FADLON,UBUBIF,0.5714285969734192
FADLON,YEYMEU,0.5714285969734192
FADLON,JAHSIV,0.5714285969734192
FADLON,RUDPOW,0.4000000059604645
FADLON,RUDQOX,0.5090909004211426
FADWIR,HOZQOD01,0.8999999761581421
FADWIR,XAZFEJ,0.8999999761581421
FADWIR,OTIXAS,0.8999999761581421
FAFBUL,MIVFOO,1.0
FAFBUL,MIVFII,1.0
FAFBUL,JEWYAM,1.0
FAFGAU,FAQYUR,1.0
FAFGAU,NEMXOV,1.0
FAFGAU,NAWHOL01,0.8999999761581421
FAFHUS,TALGIY,1.0
FAFHUS,UDISOR,1.0
FAFHUS,LUGVUF,0.8999999761581421
FAFHUS,UDISIL,0.8999999761581421
FAFJAA,UDISAD,1.0
FAFJAA,TALFUJ,1.0
FAFJAA,UDISEH,0.8999999761581421
FAFJAZ,VUSNUT,0.550000011920929
FAFMAA,FAMSUH,1.0
FAFMAA,YUHVEE,1.0
FAFMAA,QUMRIA,0.8999999761581421
FAFMEE,HULCEW,1.0
FAFMEE,HOLVAF,0.8999999761581421
FAFQEJ01,ZNGLUD02,0.8999999761581421
FAFQEJ01,ZNGLUD01,0.8999999761581421
FAGBOF,FAGBUL,1.0
FAGBOF,PERMEH,0.8999999761581421
FAGBUL,PERMEH,0.8999999761581421
FAGFUQ,QUYRAF,1.0
FAGFUQ,TACJEO,0.8999999761581421
FAGFUQ,OXALAB,0.8392857313156128
FAGFUQ,REQWAO,0.8999999761581421
FAGMEI,FAGMOS,1.0
FAGMEI,RUYKAZ,0.4529411792755127
FAGMEI,NIYJIQ,0.44999998807907104
FAGMOS,RUYKAZ,0.4529411792755127
FAGMOS,NIYJIQ,0.44999998807907104
FAGQAI,QIYDAF,1.0
FAGQAI,QIYDAF01,1.0
FAGQAI,QIYDIN,1.0
FAGQAI,RIBCEN,0.8125
FAGREM,LAGWUN,1.0
FAGREM,SAVMAE,1.0
FAGREM,WUDXAV,1.0
FAGREM,KOGGET,0.8999999761581421
FAGTAJ,RICHAN,1.0
FAGTAJ,RICHIV,1.0
FAGTAJ,RIHJIC,1.0
FAGTAJ,MULXOH,1.0
FAGTAJ,XAXQEU,0.8999999761581421
FAGXIX,HOXSIY,1.0
FAGXIX,XUKNIC,1.0
FAGXIX,FAGXOD,1.0
FAGXIX,PIJKEB,1.0
FAGXOD,HOXSIY,1.0
FAGXOD,WOJZAY,0.8999999761581421
FAGXOD,WUHJIT,0.8999999761581421
FAGXOD,XUKNIC,1.0
FAGYEU,GUKKON,0.5
FAGYEU,XEZRIF,0.5
FAGYEU,NIRNAD,0.5
FAHBIC,KEFFEI,1.0
FAHBIC,FAHBOI01,1.0
FAHBIC,FAHBOI,1.0
FAHBIC,FAHBOI02,1.0
FAHBIC,KEFFEI01,1.0
FAHBIC,LOJQUY,1.0
FAHBOI,KEFFEI,1.0
FAHBOI,FAHBOI01,1.0
FAHBOI,FIGXEY,1.0
FAHBOI,KEFFEI01,1.0
FAHBOI,LOJQUY,1.0
FAHBOI01,KEFFEI,1.0
FAHBOI01,FAHBOI02,1.0
FAHBOI02,KEFFEI01,1.0
FAHBOI02,FIGXEY,1.0
FAHDOI,OSIYAR,0.8999999761581421
FAHDOI,OSIYIZ,0.8999999761581421
FAHDUO,OSIXUK,0.8999999761581421
FAHDUO,OSIYEV,0.8999999761581421
FAHDUO,MUXSED,0.10000000149011612
FAHDUO,OSIYIZ,0.8999999761581421
FAHDUO,OSIYOF,0.8999999761581421
FAHDUO01,NACXOF,0.4178571105003357
FAHDUO01,QARWIR,0.3769230842590332
FAHDUO01,XISTEA,0.3571428656578064
FAHFUR,FAHGAY,1.0
FAHMIM,REYCEF,0.9333333373069763
FAHMIM,REYCUV,0.9333333373069763
FAHMIM,PAMTOO,0.8999999761581421
FAHMIM,RAJFAL,0.8999999761581421
FAHMIM,WIRKOZ,0.5390244126319885
FAHMIM,WIRMOB,0.550000011920929
FAHNOT,SICKOH,0.9357142448425293
FAHNOT,PAMTII,0.8999999761581421
FAHNOT,YERLIT,0.9333333373069763
FAHPOV,NUVYEK,1.0
FAHPOV,NOFHOG,0.8999999761581421
FAHPOV,UKIBUN,0.8999999761581421
FAHPOV,MANDUD,0.8999999761581421
FAHPOV,UHUQAQ,0.5628571510314941
FAHPOV,UHUQAQ01,0.5628571510314941
FAHQEM,WAQFAX,1.0
FAHQEM,IYUHUG,1.0
FAHQEM,GALJAG,1.0
FAHQEN,ONODOM,0.9280000329017639
FAHQEN,FAHQUD,0.8999999761581421
FAHQEN,QIQVIX,0.8999999761581421
FAHQIQ,WAQFAX,1.0
FAHQIQ,IYUHUG,1.0
FAHQIQ,GALJAG,1.0
FAHQIQ,IFIPEV,1.0
FAHQIR,FAHQOX,1.0
FAHQIR,QIQTOB,1.0
FAHQIR,ONOCUR,0.9280000329017639
FAHQIR,FAHQUD,0.8999999761581421
FAHQIR,QIQVIX,0.8999999761581421
FAHQIR,TARYUJ,0.6558823585510254
FAHQOX,QIQTOB,1.0
FAHQOX,ONOCUR,0.9280000329017639
FAHQOX,FAHQUD,0.8999999761581421
FAHQUD,QIQVIX,0.8999999761581421
FAHQUD,ONODOM,0.828000009059906
FAJCAX,UFOSAM,0.8999999761581421
FAJCAX,IWEQEH,0.8999999761581421
FAJCAX,LASNAW,0.8999999761581421
FAJGOP,NUCYAN,1.0
FAJGOP,NUCYER,0.8999999761581421
FAJGOP,FAJGUV,0.8999999761581421
FAJGOP,FERGOA,0.8999999761581421
FAJGOP,RIWMUH,0.8999999761581421
FAJGUV,NUCYER,1.0
FAJGUV,NUCYAN,0.8999999761581421
FAJGUV,WEBZEK,0.8999999761581421
FAJGUV,XAMHEA,0.8999999761581421
FAJHAC,NUCYIV,1.0
FAJHAC,FERGUG,0.8999999761581421
FAJHAC,NUCYAN,0.8999999761581421
FAJYAS,WIQVAV,0.8999999761581421
FAJYAS,PELRIJ,0.8999999761581421
FAJYAS,GAHWIX,0.8999999761581421
FAJYAS,GIWZUK,0.8999999761581421
FAJYAS,UZIJUJ,0.8999999761581421
FAJYAS,WIQTUN,0.8999999761581421
FAJYAT,FAJZOI,1.0
FAJYAT,FAJYUN,1.0
FAJYAT,FAJYIB,1.0
FAJYEX,FAJZOI,1.0
FAJYEX,FAJYUN,1.0
FAJYEX,FAJYIB,1.0
FAJYEX,FAJYOH,1.0
FAJYEX,FAJZIC,1.0
FAJYIB,FAJZOI,1.0
FAJYIB,FAJYUN,1.0
FAJYOH,FAJZOI,1.0
FAJYOH,FAJYUN,1.0
FAJYOH,FAJZIC,1.0
FAJYUN,FAJZOI,1.0
FAJZIC,FAJZOI,1.0
FAKGOP,UJARAZ,1.0
FAKGOP,UJATOP,0.8999999761581421
FAKGOP,ISIKIF,0.8999999761581421
FAKGOP,UJAQUS,0.8999999761581421
FAKLIO,FAKMAH,1.0
FAKLOU,SISWUO,1.0
FAKLOU,KOBFIR,1.0
FAKLOU,TONTOH,0.8999999761581421
FAKLUA,TONVAV,1.0
FAKLUA,RBTCNQ12,0.8999999761581421
FAKLUA,FAKMAH,0.8999999761581421
FAKLUA,TONTIB,0.8999999761581421
FAKLUB,VEDVUW,0.550000011920929
FAKLUB,FIKRUN,0.48076921701431274
FAKLUB,SAWKOR,0.4153846204280853
FAKLUB,SOPROF,0.44999998807907104
FAKMAH,SISWUO,0.8999999761581421
FALDEC,FALDOM,0.6333333253860474
FALDEC,VOJPUG,0.46666663885116577
FALDEC,XULHOC,0.44999998807907104
FALDEC,KUJWOD,0.3857142925262451
FALDOM,XULHOC,0.5333333015441895
FALDOM,SIKHUQ,0.46551722288131714
FALDOM,KUJWOD,0.3749999701976776
FALGIK,GIQHAQ,1.0
FALGIK,RUXWEM,1.0
FALGIK,METHAX,1.0
FALGIK,MUNLEN,0.8999999761581421
FALGIK,REPCIZ,1.0
FALGIK,RUXWEM01,1.0
FALGIK,RUXWEM03,1.0
FALTUJ,LATFOC,0.7352941632270813
FALTUJ,LATFUI,0.7352941632270813
FALTUJ,MIBQAR15,0.7352941632270813
FALTUK,FAMQES,1.0
FALTUK,FAMQAO,1.0
FALTUK,FAMPUH,1.0
FALTUK,TICQAA,0.690625011920929
FALTUK,XIBZUF,0.7874999642372131
FAMBUS,IZEBEV,0.9333333373069763
FAMBUS,REYCUV,0.8999999761581421
FAMBUS,YERLIT,0.8999999761581421
FAMBUS,UQEROZ,0.8999999761581421
FAMHAE,FAMHAE01,1.0
FAMHAE,FECYIX,1.0
FAMHAE01,FECYIX,1.0
FAMPUH,FAMQES,1.0
FAMPUH,FAMQAO,1.0
FAMPUH,VORHER,0.751724123954773
FAMPUH,XIBZUF,0.7874999642372131
FAMQAO,FAMQES,1.0
FAMQAO,TICQAA,0.690625011920929
FAMQAO,VORHER,0.751724123954773
FAMQAO,XIBZUF,0.7874999642372131
FAMQES,TICQAA,0.690625011920929
FAMQES,VORHER,0.751724123954773
FAMSUH,YUHVEE,1.0
FAMTAO,HUKZES,1.0
FANCIJ,VUGYIH,1.0
FANCIJ,FANDEG,0.8999999761581421
FANCIJ,VUGWUR,0.8999999761581421
FANCIJ,KUYLOH,0.8999999761581421
FANCIJ,VUGXAY,0.8999999761581421
FANCOP,VUGXEC,1.0
FANCOP,FANDEG,0.8999999761581421
FANCOP,VUGXUS,0.8999999761581421
FANCOP,VUGXIG,0.8999999761581421
FANDEG,VUGYIH,0.8999999761581421
FANDEG,KUYLOH,0.8999999761581421
FANDEG,ROLZEZ,0.8999999761581421
FANDEG,VUGYAZ,0.8999999761581421
FANNUG,NAHHAI,0.5864864587783813
FANNUG,IYOQIY,0.5864864587783813
FANPAO,YANMUY,0.5090909004211426
FANPAO,UBIBUF,0.5090909004211426
FANWIC,FANWOI,1.0
FANWIC,OTOZOO,0.9027026891708374
FANWIC,PUFYOG,0.8999999761581421
FANWIC,NISCOJ,0.7171428799629211
FANWIC,OTOZII,0.8027026653289795
FANWOI,OTOZOO,0.9027026891708374
FANWOI,PUFYOG,0.8999999761581421
FAPXEC,XAPCOJ07,1.0
FAPXEC,XAPCOJ05,1.0
FAPXEC,TIKTAL01,1.0
FAPXIG,XAPCOJ07,1.0
FAPXIG,XAPCOJ05,1.0
FAPXIG,TIKTAL01,1.0
FAPXOM,XAPCOJ07,1.0
FAPXOM,XAPCOJ05,1.0
FAPXOM,TIKTAL01,1.0
FAPYEA,FAPYEA09,1.0
FAPYEA,FAPYEA02,1.0
FAPYEA,FAPYEA21,1.0
FAPYEA,FAPYEA04,1.0
FAPYEA,FAPYEA05,1.0
FAPYEA,FAPYEA08,1.0
FAPYEA,FAPYEA10,1.0
FAPYEA,GAHKIJ02,1.0
FAPYEA,KARPIC,0.550000011920929
FAPYEA02,FAPYEA09,1.0
FAPYEA02,FAPYEA21,1.0
FAPYEA02,KARRAW,0.550000011920929
FAPYEA04,FAPYEA09,1.0
FAPYEA04,FAPYEA21,1.0
FAPYEA04,KARRAW,0.550000011920929
FAPYEA05,FAPYEA09,1.0
FAPYEA05,FAPYEA21,1.0
FAPYEA05,KARPIC,0.550000011920929
FAPYEA08,FAPYEA09,1.0
FAPYEA08,FAPYEA21,1.0
FAPYEA08,FAPYEA10,1.0
FAPYEA08,XEVBUW,0.3774193227291107
FAPYEA09,FAPYEA21,1.0
FAPYEA09,GAHKIJ02,1.0
FAPYEA10,FAPYEA21,1.0
FAPYEA10,GAHKIJ02,1.0
FAPYEA10,XEVBUW,0.3774193227291107
FAPYEA21,KARPIC,0.550000011920929
FAPYOM,GURXOH,1.0
FAPYOM,GURXIB01,0.8999999761581421
FAPYOM,LUWZUZ,0.8999999761581421
FAQFEK,HUMPIP,1.0
FAQFEK,MOBBOU,0.8999999761581421
FAQFEK,OWIVEW,0.8999999761581421
FAQFEK,NEFJOA,0.5
FAQFEK,QQQFJD02,0.8999999761581421
FAQFEK,YECNUS,0.28947368264198303
FAQLER,XAPCOJ07,1.0
FAQLER,XAPCOJ05,1.0
FAQLER,TIKTAL01,1.0
FAQLER,XAPCOJ,1.0
FAQLER,XAPCOJ01,1.0
FAQLER,XAPCOJ02,1.0
FAQLER,XAPCOJ03,1.0
FAQLER,XAPCOJ04,1.0
FAQLER,XAPCOJ06,1.0
FAQLER01,XAPCOJ07,1.0
FAQLER01,XAPCOJ05,1.0
FAQLER01,TIKTAL01,1.0
FAQLER01,XAPCOJ,1.0
FAQLER01,XAPCOJ01,1.0
FAQLER01,XAPCOJ02,1.0
FAQLER01,XAPCOJ03,1.0
FAQLER01,XAPCOJ04,1.0
FAQLER01,XAPCOJ06,1.0
FAQLIV,XAPCOJ07,1.0
FAQLIV,XAPCOJ05,1.0
FAQLIV,TIKTAL01,1.0
FAQLUH,XAPCOJ07,1.0
FAQLUH,XAPCOJ05,1.0
FAQLUH,TIKTAL01,1.0
FAQYUR,NEMXOV,1.0
FAQYUR,WINJOS,0.8999999761581421
FAQYUR,NEMXEL,0.8999999761581421
FAQYUR,PETFEC,0.8999999761581421
FAQYUR,YAWKOX,0.8999999761581421
FARBIL,LIMNUR,0.8999999761581421
FARBIL,LIMPAZ,0.8999999761581421
FARBIL,GUXQAR,0.6000000238418579
FARBOS,PUSXIL01,0.7652174234390259
FARBOS,MAFZOK,0.7652174234390259
FARKEQ,KUPZAX,0.9742857217788696
FARKEQ,KUPYUQ,0.9000000357627869
FARKEQ,ODAHIK,0.4648648500442505
FASFOX,PUFNUB,0.8999999761581421
FASFOX,FASGAK,0.8999999761581421
FASFOX,PEBWIF,0.625
FASFOX,UQUCUG,0.8999999761581421
FASFUD,PUFNUB,1.0
FASFUD,UQUCUG,0.8999999761581421
FASFUD,XUGWAZ,0.8999999761581421
FASGAK,PUFNUB,0.8999999761581421
FASGAK,XUGWAZ,0.8999999761581421
FASHAK,RUGXOI,0.8999999761581421
FASHAK,XINTOG,0.8999999761581421
FASQAT,QOZNAV,0.8999999761581421
FASQAT,TOLQAN,0.8999999761581421
FASQAT,TOLPIU,0.8999999761581421
FASQAT,IBEDUP,0.44999998807907104
FASQAT,IWIVIV02,0.4535714089870453
FASQAT,TOLPEQ,0.8999999761581421
FASQAT,WIKDEB,0.44999998807907104
FASQUN,XEGXIT,1.0
FASQUN,XEGXUF,1.0
FASQUN,PUQYAC,1.0
FASQUN,HUGLUS,0.8999999761581421
FASQUN,KAFTUI,1.0
FASQUN,KAHMOW,1.0
FASQUN,XEGWAK,1.0
FASQUN,XEGWIS,1.0
FASQUN,XEGWUE,1.0
FASQUN,XEGXAL,1.0
FASQUN,XEGYEQ,1.0
FASQUN,YAPXIX,1.0
FASRAV,VOYBOC,0.5558823347091675
FASRAV,HIQLAW,0.5363636612892151
FASRAV,SOVMOG,0.22413793206214905
FASSAV,FASSEZ,0.8999999761581421
FASSAV,FASSID,0.8999999761581421
FASSAV,FASSOJ,0.8999999761581421
FASSEZ,FASSID,0.8999999761581421
FASSEZ,FASSOJ,0.8999999761581421
FASSID,FASSOJ,0.8999999761581421
FASVIH,PICWOP,0.6759999990463257
FASVIH,SOSQEY01,0.6759999990463257
FATHAM,GAWJIZ,0.6352941393852234
FATHAM,VUNXUY,0.4714285731315613
FATMUK,SERJOP,1.0
FATMUK,SERKAC,1.0
FATMUK,XUCHOS,0.8999999761581421
FATMUK,REWVIB,0.8999999761581421
FATNAR,REWVIB,1.0
FATNAR,SOBDOF,0.8999999761581421
FATSAV,SERKAC,0.8999999761581421
FATSAV,SERJOP,0.8999999761581421
FATSAV,NABMUA,0.8999999761581421
FATTUP,TAHFUF,0.8999999761581421
FATTUP,HACVAI,0.8999999761581421
FATTUP,GETTIJ,0.8999999761581421
FATTUP,LALZIJ,0.8999999761581421
FATTUP,OGAXUR,0.4535714089870453
FAVGAN,FAVGER,1.0
FAVGAN,FAVHIW,0.8999999761581421
FAVGAN,FAVGUH,0.8999999761581421
FAVGAN,FAVHES,0.8999999761581421
FAVGER,FAVHIW,0.8999999761581421
FAVGER,FAVGUH,0.8999999761581421
FAVGER,FAVGIV,0.8999999761581421
FAVGER,FAVGOB,0.8999999761581421
FAVGIV,FAVGOB,1.0
FAVGIV,FAVHIW,0.8999999761581421
FAVGIV,FAVGUH,0.8999999761581421
FAVGIV,FAVHAO,0.8999999761581421
FAVGOB,FAVHIW,0.8999999761581421
FAVGUG,PEHLAS,0.4292683005332947
FAVGUG,ZAXGUC,0.4176470637321472
FAVGUG,WINDAA,0.3705882430076599
FAVGUH,FAVHAO,1.0
FAVGUH,FAVHIW,0.8999999761581421
FAVGUH,FAVHES,0.8999999761581421
FAVGUH,QAPYUE,0.4609755873680115
FAVHAO,FAVHIW,0.8999999761581421
FAVHAO,NAHDIM,0.4274999797344208
FAVHES,FAVHIW,1.0
FAVHIW,QAPYUE,0.4609755873680115
FAVKAP,PIZPAP,0.8999999761581421
FAVKAP,PIZPIX,0.8999999761581421
FAVKAP,SEDLAP01,0.8999999761581421
FAVKAP,MODWUX,0.8999999761581421
FAVKAP,UGIXOZ,0.8999999761581421
FAVKET,MARMOK,0.8999999761581421
FAVKET,MARMUQ,0.8999999761581421
FAVKET,MARMIE,0.8999999761581421
FAVKET,MARLUP,0.8999999761581421
FAVKET,QILYIT,0.5823529362678528
FAVNAU,LADWAR,0.8999999761581421
FAVNAU,LADWEV,0.8999999761581421
FAVNAU,KULMIP,0.6100000143051147
FAVNEY,XAQTIU,0.6000000238418579
FAWCEN,MECWEX,1.0
FAWCEN,XIZDIV,1.0
FAWCEN,YUDWAX,1.0
FAWCEN,UZEWOM,1.0
FAWCEN,UZEWUS,1.0
FAWCEN01,MECWEX,1.0
FAWCEN01,XIZDIV,1.0
FAWCEN01,YUDWAX,1.0
FAWCEN02,MECWEX,1.0
FAWCEN02,XIZDIV,1.0
FAWCEN02,YUDWAX,1.0
FAWCEN02,FAWCEN03,1.0
FAWCEN02,FAWCEN04,1.0
FAWCEN02,NIFPEA,1.0
FAWCEN02,YUDWEB,1.0
FAWCEN03,XIZDIV,1.0
FAWCEN03,YUDWAX,1.0
FAWCEN03,GUPBOJ03,0.8999999761581421
FAWCEN03,GUPBUP,0.8999999761581421
FAWCEN03,GUPCAW,0.8999999761581421
FAWCEN03,OFERUN02,1.0
FAWCEN03,OFERUN06,1.0
FAWCEN03,OFERUN09,1.0
FAWCEN03,VELVOY,1.0
FAWCEN03,XIZCOA,1.0
FAWCEN03,XIZCUG,1.0
FAWCEN03,XIZDAN,1.0
FAWCEN03,XIZDER,1.0
FAWCEN04,XIZDIV,1.0
FAWCEN04,YUDWAX,1.0
FAWCEN04,OFERUN02,1.0
FAWCEN04,OFERUN06,1.0
FAWCEN04,OFERUN09,1.0
FAWCEN04,VELVOY,1.0
FAWCEN04,XIZCOA,1.0
FAWCEN04,XIZCUG,1.0
FAWCEN04,XIZDAN,1.0
FAWCEN04,XIZDER,1.0
FAWSEE,FAWSII,0.8999999761581421
FAWSEE,LUFBUL,0.675000011920929
FAWSEE,YUWDIF,0.675000011920929
FAWSII,UYECAE,0.675000011920929
FAWSII,JIFGAJ,0.6428571343421936
FAXCIT,FAXDIU,0.8999999761581421
FAXCIT,FAXDOA,0.8999999761581421
FAXCIT,OFUWAP,0.6899999380111694
FAXDIU,FAXDOA,0.8999999761581421
FAXDIU,OFUWET,0.7899999618530273
FAXDOA,PEVLIN,0.7600000500679016
FAXGAN,PIKBUH,1.0
FAXGAN,YIVPOJ,0.8999999761581421
FAXGAN,VOJROC,0.8999999761581421
FAXNOI,ISEQIH,0.8999999761581421
FAXNOI,IJOMAW,0.8999999761581421
FAXNOI,ORONOA01,0.8999999761581421
FAXNOI,LECHUX,0.8999999761581421
FAXNOI,LIHCIT01,0.8999999761581421
FAXNOI,UKOZOK,0.8999999761581421
FAYKIB,FIYQIQ,0.8999999761581421
FAYKIB,VIDWAI,0.8999999761581421
FAYKIB,SIVGUB,0.8639999628067017
FAYKOH,REYJEM,1.0
FAYKOH,FEQSIF,0.8999999761581421
FAYKOH,GEGDED,0.8999999761581421
FAYKOH,IYOLAL,0.8999999761581421
FAYXAF,SEJSUW,1.0
FAYXAF,FAYXEJ02,0.8999999761581421
FAYXAF,MEYGAY,0.8999999761581421
FAYXAF,JUYVOO,0.8999999761581421
FAYXEJ,FAYXEJ02,1.0
FAYXEJ,FAYXEJ01,1.0
FAYXEJ,QUQSIG,0.8999999761581421
FAYXEJ01,FAYXEJ02,1.0
FAYXEJ01,QUQSIG,0.8999999761581421
FAYXEJ02,QUQSIG,0.8999999761581421
FAYXEJ02,JUYVOO,0.8999999761581421
FAZPED,WOPWOP,1.0
FAZPED,NERVOV,1.0
FAZPIH,WOPWOP,1.0
FAZPIH,NERVOV,1.0
FAZPIH,VOCKUT,1.0
FAZRAA,SIXXAZ,0.30571427941322327
FAZRAA,SIDYIO,0.30000001192092896
FAZRAA,SIDXUZ,0.30000001192092896
FAZWOS,GAHKIJ10,0.43333330750465393
FAZWOS,KARREA01,0.3400000035762787
FAZYOV,XOMSUP,0.8999999761581421
FAZYOV,OXEMOV,0.8142856955528259
FAZYOV,FEWGUL,0.6749999523162842
FAZYOV,MECNOA,0.8142856955528259
FEBPUY,KIQJAV,1.0
FEBPUY,WOWMEC,0.8999999761581421
FEBQIO,KOCWAB,1.0
FEBQIO,KOCWEF,1.0
FEBQIO,LARBOW01,0.8999999761581421
FEBXIV,XAHPON,0.6571428775787354
FEBXIV,SICZOV,0.5799999833106995
FEBXIV,TOHSAL,0.577551007270813
FECHIG,PUPQAT,0.49512192606925964
FECHIG,PUPQIB,0.41304346919059753
FECJUT,FECKAA,0.7612245082855225
FECJUT,XONLES,0.7159090638160706
FECJUT,XONLES01,0.7159090638160706
FECJUT,GINLIA,0.6759999990463257
FECKAA,GINLIA,0.643396258354187
FECKAA,TADWEC,0.6192307472229004
FECWOB,FECWOB01,1.0
FECWOB,MOFTIL01,1.0
FECWOB,MOFTIL02,1.0
FECWOB,FIKSID,1.0
FECWOB01,MOFTIL01,1.0
FECWOB01,MOFTIL02,1.0
FECWOB01,KOCWAB,0.8999999761581421
FECWOB01,KOCWEF,0.8999999761581421
FECWOB01,MOFTIL,1.0
FECWOB01,WENDIE,1.0
FECXAO,PEZCII,1.0
FECXAO,GAZZIS01,0.8999999761581421
FECXAO,ZESFAH,0.8999999761581421
FECXAO,MICJUG,0.6538462042808533
FECXES,GEGDED,1.0
FECXES,FEQSIF,0.8999999761581421
FECXOC,LAXMIJ,0.48571428656578064
FECXUI,WORKUL,1.0
FECXUI,PUWDEQ,1.0
FECXUI,OHOLIH,0.8578947186470032
FECXUI,WORLAS,1.0
FECYUJ,USAHAZ,1.0
FECYUJ,WORKUL,1.0
FECYUJ,IDIXAU,1.0
FECYUJ,IYEXEP,1.0
FECYUJ,QOHYET,0.8999999761581421
FECYUJ,REZXOK,0.8999999761581421
FECYUJ,XAPFOM,0.8999999761581421
FECZEU,FECZIY,1.0
FECZEU,WONQUN,0.5625
FECZEU,WIKHAC,0.5090909004211426
FECZEU,MAPFER,0.3288135528564453
FECZEU,MEKHAN,0.5
FECZIY,WONQUN,0.5625
FECZIY,WIKHAC,0.5090909004211426
FECZIY,MAPFER,0.3288135528564453
FEDBEX,VASFAZ,0.8999999761581421
FEDFOJ,FEDJUT,1.0
FEDFOJ,WULBIQ,0.6040000319480896
FEDFOJ,WEFXAH,0.5249999761581421
FEDJUT,WULBIQ,0.6040000319480896
FEDJUT,WEFXAH,0.5249999761581421
FEDJUU,VEZWEE,0.8999999761581421
FEDJUU,FEDKAB,0.8999999761581421
FEDJUU,VEZVUT,0.8999999761581421
FEDJUU,OTOZEE,0.36341461539268494
FEDKAB,VEZVUT,0.8999999761581421
FEDKAB,VEZWEE,0.8999999761581421
FEDKAB,QUGNOV,0.6040000319480896
FEFRMT,NIHBEM,1.0
FEFRMT,NUDNUW09,1.0
FEFRMT,NUDPAE01,1.0
FEFRMT,VICBEQ,1.0
FEFRMT,YANVIV,1.0
FEFRMT,YANVIV01,1.0
FEFRMT,YANVIV02,1.0
FEFRMT,YEWKAP,1.0
FEFRMT01,NIHBEM,1.0
FEFRMT01,NUDNUW09,1.0
FEFRMT01,NUDPAE01,1.0
FEFWIZ,HOXKIP,1.0
FEFWIZ,LEHROH,1.0
FEFWIZ,IYOVUO,1.0
FEFWIZ,HAWVIM,1.0
FEFWIZ,IYOVIC,1.0
FEFWIZ,SISQAO,1.0
FEFWOF,HAWVUY,1.0
FEFWOF,RATRUB,1.0
FEFWOF,HOXKOV,1.0
FEFWUL,HAWVAE,1.0
FEFWUL,FULQOT,1.0
FEFWUL,SISPUH,1.0
FEFWUL,QOZXUZ,1.0
FEFXAS,RATSAI,1.0
FEFXAS,HAWWAF,1.0
FEFXEW,MOVWIF,1.0
FEFXEW,SISQES,1.0
FEHCIG,XILTUK,1.0
FEHCIG,XILTOE,1.0
FEHCIG,GARQAU,1.0
FEHCIG,JOGBAK,0.5186046361923218
FEHCOM,XILTUK,1.0
FEHCOM,GARQEY,1.0
FEHCOM,GARQAU,1.0
FEHHEI,SEFVEG,0.8999999761581421
FEHHEI,NIFPIE,0.8999999761581421
FEHHEI,NIFNUO,0.8999999761581421
FEHJIN,FEHJIN01,1.0
FEHJIN,LABPAH,0.8999999761581421
FEHJIN,FOBGUA,0.8999999761581421
FEHJIN,FOBHAH,0.8999999761581421
FEHJIN,FOBHEL,0.8999999761581421
FEHJIN,MEWPIQ,0.7206896543502808
FEHJIN01,LABPAH,0.8999999761581421
FEHJIN01,FOBGUA,0.8999999761581421
FEHJIN01,LABNOT,0.8999999761581421
FEHJIN01,LABPEL,0.8999999761581421
FEHJIN01,YOSDUG,0.6000000238418579
FEHJOT,FOBHEL,1.0
FEHJOT,LABPOV,0.8999999761581421
FEHJOT,LABQAI,0.8999999761581421
FEHSUH,WEXTAV,0.8999999761581421
FEHSUH,YOXKEC,0.5371428728103638
FEHSUH,PEGSAX,0.47058823704719543
FEHSUH,XOJSOG,0.44285714626312256
FEJFAE,YAQCEY,1.0
FEJFAE,IVEMED,1.0
FEJFAE,OTIQEP,1.0
FEJHOS,LEMYUA,1.0
FEKBED,ISITUZ,1.0
FEKBED,XIKGEG02,1.0
FEKBED,XIKGEG03,1.0
FELRUL,SOBDOF,0.6538462042808533
FELRUL,IPIHOF,0.5800000429153442
FELXOM,YOCDUR,0.8999999761581421
FELXOM,NAJQUN,0.8999999761581421
FELXOM,HOGQIF,0.8999999761581421
FELXOM,NAJQOH,0.8999999761581421
FELXOM,TAHYUZ,0.8999999761581421
FELZOM,MURFEM,1.0
FELZOM,JOBXUV,0.6464285850524902
FEMSOI,JOVWUO,0.8999999761581421
FEMSOI,RUNXUV,0.6000000238418579
FEMSOI,XIDCIZ,0.5645161271095276
FEMXED,VIXPUP,0.8999999761581421
FEMXED,ZECBOB,0.8999999761581421
FEMXED,VIXPUP02,0.8999999761581421
FEMXED,ZECBUH,0.8999999761581421
FENHIS,GOSDEZ,1.0
FENHIS,MIFLIY,0.8999999761581421
FENROG,JEHLOY,1.0
FENROG,MEGVUQ,1.0
FENROG,SIBJAP,1.0
FENTEY,MITTAL,1.0
FENTEY,PARKUQ01,1.0
FENTEY,MITSEO,1.0
FENVOL,MAFZOK,1.0
FENVOL,MAFZIE,1.0
FENVOL,PUSXIL,1.0
FENVOL,GINTUT,0.8999999761581421
FENVOL,GINVEF,0.8999999761581421
FENVOL,MAFZUQ,1.0
FENVOL,MAGBIH,1.0
FENVOL,MAGBON,1.0
FENVOL,PUSXIL01,1.0
FENWAX01,YIDJAX,0.8999999761581421
FENWAX01,YIDJAX01,0.8999999761581421
FENWAX01,VOJRIW,0.8999999761581421
FENWAX01,FETHIW,0.8999999761581421
FENWAX01,FETHIW01,0.8999999761581421
FENWAX01,FUQMIP,0.5864864587783813
FENWAX01,SULFOV,0.32499998807907104
FENWAX01,XOGCIG,0.45121946930885315
FENXIH,FENXON,0.8999999761581421
FENXIH,FENYUU,0.8999999761581421
FENXON,FENYUU,0.8999999761581421
FENZEF,XUMSIJ,0.8999999761581421
FENZEF,XUMSEF,0.8999999761581421
FENZEF,REKWUB,0.8999999761581421
FENZEF,REKXAI,0.8999999761581421
FENZEF,REKXIQ,0.8999999761581421
FEPFAK,FEPGEP,0.8999999761581421
FEPFAK,FEPGAL,0.8999999761581421
FEPFAK,SUDRIU,0.8035714030265808
FEPGAL,JUDYIS,0.9035714268684387
FEPGAL,SUDRIU,0.9035714268684387
FEPGAL,FEPGEP,0.8999999761581421
FEPGEP,XOLFAH,0.9035714268684387
FEPPEY,NEBQOD,1.0
FEPPEY,REXYAX,1.0
FEPPEY,PENYIT01,0.8258064389228821
FEPPEY,MAVLIH,0.7000000476837158
FEPPEY,PENYIT,0.8258064389228821
FEQQUP,FEQRIE,1.0
FEQQUP,FEQREA,0.8999999761581421
FEQQUP,WALVOU,0.4909090995788574
FEQREA,FEQRIE,0.8999999761581421
FEQREA,IBOWIH,0.5
FEQREA,WALVOU,0.4909090995788574
FEQRIE,WALVOU,0.4909090995788574
FEQSIF,WEHHUO,0.8999999761581421
FEQSIF,WEHHOI,0.8999999761581421
FEQSIF,REYJEM,0.8999999761581421
FEQWOO,TINCAV,1.0
FEQWOO,NATREH02,1.0
FEQWOO,NATREH01,1.0
FEQWOO,NATREH,1.0
FEQWUU,SAZPUH,1.0
FEQWUU,NATQUW,1.0
FEQWUU,MIRLUU,1.0
FEQXAB,NATRAD,1.0
FEQXAB,GEVXAI,1.0
FEQXAB,GEVXAI01,1.0
FEQXAB,GEVXIQ,1.0
FEQXAB,VIFBIX,1.0
FERBUC,FERCUD,0.8999999761581421
FERBUC,FERCIR,0.8999999761581421
FERCAH,RAKYAD,0.4000000059604645
FERCAH,MONRAJ,0.3705882430076599
FERCAH,ROYSIJ,0.3272727429866791
FERCAJ,FERCEN,1.0
FERCAJ,FERCIR,1.0
FERCAJ,FERCOX,1.0
FERCAJ,FERCUD,1.0
FERCAJ,GADROU,0.7120000123977661
FERCAJ,IBOWIH,0.4342857003211975
FERCAJ,YEKJAC,0.8999999761581421
FERCEN,FERCIR,1.0
FERCEN,FERCOX,1.0
FERCEN,FERCUD,1.0
FERCEN,GADROU,0.7120000123977661
FERCEN,IBOWIH,0.4342857003211975
FERCEN,YEKJAC,0.8999999761581421
FERCIR,YEKJAC,0.8999999761581421
FERGOA,FERHAN,0.8999999761581421
FERGOA,FERGUG,0.8999999761581421
FERGOA,KEGBIK,0.6142857670783997
FERGOA,SOVWOR,0.42553189396858215
FERGOA,SOVWUX,0.42553189396858215
FERGUG,WEBZEK,1.0
FERGUG,NUCYER,0.8999999761581421
FERGUG,NUCYAN,0.8999999761581421
FERGUG,NUCYIV,0.8999999761581421
FERHAN,XAMHEA,1.0
FERHAN,NUCYIV,0.8999999761581421
FERHAN,LEJCAG,0.6454545855522156
FERHAN,NUCYER,0.8999999761581421
FERLEU,UDUMIP03,1.0
FERLEU,UDUMIP02,1.0
FERLEU,UDUMIP,1.0
FESBEM,QOYYOU,1.0
FESBEM,TEYHIR,1.0
FESBEM,UFAMUM,1.0
FESBEM,MOLQEL,1.0
FESBEM,SITDEH,1.0
FESBEM,UFAMEW,1.0
FESBEM,UFAMIA,1.0
FESBEM,UFOFUT,1.0
FESYEK,IYAZAL,0.9099999666213989
FESYEK,HEKTUO01,0.9099999666213989
FESYEK,QEKLID,0.9099999666213989
FESYEK,VASYAS,0.8285714387893677
FETBIQ,IHAVIW,1.0
FETHIW,FETHIW01,1.0
FETHIW,VOJRUI,0.8999999761581421
FETHIW,VOJRIW,0.8999999761581421
FETHIW,VOJROC,0.8999999761581421
FETHIW01,VOJRUI,0.8999999761581421
FETHIW01,FUQMIP,0.4864864647388458
FETHIW01,MAJPUJ,0.8999999761581421
FEVDER,SIDXOV,1.0
FEVDIV,LIDSEY,0.925000011920929
FEVDIV,LIDSEY01,0.925000011920929
FEVDIV,JAMSEY,0.925000011920929
FEVFUJ,XINLEO,0.4374999701976776
FEVGIZ,JEHLEO,0.8999999761581421
FEVGIZ,UHISEK,0.6136363744735718
FEVGIZ,PIHNEB,0.6136363744735718
FEVRIJ,YIFLUX,0.8999999761581421
FEVRIJ,ZEYJIZ,0.8999999761581421
FEVRIJ,IYUQAV,0.8999999761581421
FEVRIJ,FEVRUV,0.8999999761581421
FEVRIJ,OLIZAK,0.296875
FEVRIJ,YIFKEG,0.8999999761581421
FEVRUV,TEKTAH,0.8999999761581421
FEVRUV,YIFLUX,0.8999999761581421
FEVRUV,IYUQAV,0.8999999761581421
FEVRUV,IYUQID,0.8999999761581421
FEVRUV,TEKTOV,0.36666664481163025
FEVSEG,IYUQAV,0.4124999940395355
FEVSEG,TEKTAH,0.4124999940395355
FEVSEG,YIFLUX,0.4124999940395355
FEVTEF,FEVVIM,0.8999999761581421
FEVTEF,XUWHAZ,0.3499999940395355
FEVTEF,XEWYOQ,0.2730769217014313
FEVVIM,QOTWON,0.3499999940395355
FEVVIM,POVXII,0.3499999940395355
FEVWOV,UNEJEE,1.0
FEVWOV,NEVDUQ,0.8590908646583557
FEVWOV,NIJZIR,0.8181818127632141
FEVWOV,VEPQEP,0.8181818127632141
FEVWUB,YEYCUC,0.918181836605072
FEVWUB,XIJVIY,0.918181836605072
FEVWUB,NEVKUX,0.7666666507720947
FEVWUB,UFIRIM,0.7199999690055847
FEWDUJ,XUKJEU,0.5199999809265137
FEWDUJ,YUMVOT,0.5199999809265137
FEWGUL,XOMSUP,0.6749999523162842
FEWTAF,ITETEH,1.0
FEWTAF,SIYXIH10,1.0
FEWTAF,SIYXIH,1.0
FEWTAF,GELVID,0.8999999761581421
FEWTAF,OZUBOC,1.0
FEXCAO01,SEQSOY,1.0
FEXCAO01,FEXCES,1.0
FEXCAO01,SEQSUE,0.8999999761581421
FEXCAO01,HAYXIR,0.8999999761581421
FEXCAO01,MUNDOQ,0.8999999761581421
FEXCES,SEQSOY,1.0
FEXCES,SEQSUE,0.8999999761581421
FEXJUQ,ITETEH,1.0
FEXJUQ,SIYXIH10,1.0
FEXJUQ,SIYXIH,1.0
FEXJUQ,GELVID,0.8999999761581421
FEXKAX,ITETEH,1.0
FEXKAX,SIYXIH10,1.0
FEXKAX,SIYXIH,1.0
FEXKAX,GELVEZ,0.8999999761581421
FEXNUU,RAYMOV,1.0
FEXNUU,NAMDUD,1.0
FEXNUU,FOSTOY,0.8999999761581421
FEYDET,TIKXAN,1.0
FEYJID,ZODXAT,0.3705882430076599
FEYJID,FIJFEK,0.3374999761581421
FEYJID,XADDOX,0.296875
FEYJOJ,KESFIA,1.0
FEYJOJ,KESFOG,1.0
FEYQIK,FEYQUW,1.0
FEYQIK,FEYQOQ,1.0
FEYQIK,QITYOI,1.0
FEYQIK,LIQXIV,0.8999999761581421
FEYQOQ,FEYQUW,1.0
FEYQOQ,QITYOI,1.0
FEYQUW,QITYOI,1.0
FEYQUW,JEHLAK,0.925000011920929
FEYZUF,FEYZUF01,1.0
FEYZUF,WETBAB,0.8999999761581421
FEYZUF,LOTDON,0.8999999761581421
FEYZUF01,WETBAB,0.8999999761581421
FEYZUF01,LOTDON,0.8999999761581421
FEZNUU,YARZEZ02,0.8999999761581421
FEZNUU,YARZEZ01,0.28125
FEZNUU,VINMUD01,0.28125
FEZPAC,GANBED04,0.8999999761581421
FEZPAC,KEQMAX03,0.8999999761581421
FEZPAC,XIKGEG03,0.8999999761581421
FEZPAC,FEZPEG,0.8999999761581421
FEZPEG,FEZPUW,0.8999999761581421
FEZPEG,VINMUD,0.8999999761581421
FEZPIK,HAWVOQ05,0.8999999761581421
FEZPIK,HAWVOQ06,0.8999999761581421
FEZPIK,HAWVOQ02,0.8999999761581421
FEZPOQ,GANBED05,0.8999999761581421
FEZPOQ,KEQMAX,0.8999999761581421
FEZPOQ,KEQLUQ,0.8999999761581421
FEZPUW,VINMOX01,0.8999999761581421
FEZPUW,HAWVOQ,0.8999999761581421
FEZTEL,INOMOP01,1.0
FEZTEL,INOMIJ,1.0
FEZTEL,INOMOP,1.0
FEZTEL,NOQCED,0.32499998807907104
FEZTIP,INOMOP01,1.0
FEZTIP,INOMIJ,1.0
FEZTIP,INOMOP,1.0
FEZTIP,OQIQEM,0.8999999761581421
FEZTIP,OZAVES,1.0
FEZTIP01,INOMOP01,1.0
FEZTIP01,INOMIJ,1.0
FEZTIP01,INOMOP,1.0
FEZTIP01,OZAVES,1.0
FEZVEO,NUXLUN02,0.43157893419265747
FEZVEO,NUXLUN01,0.43157893419265747
FEZVEO,UXUPEK,0.43157893419265747
FEZWAJ,KIPZIU,0.8999999761581421
FEZWAJ,KIPZAM,0.8999999761581421
FEZWAJ,HEHKUD,0.5935484170913696
FEZWAJ,IVEGEV,0.5235294103622437
FIBBEA,XEXSEA,0.550000011920929
FIBBEA,SEFTOO,0.512499988079071
FIBBEA,NIFSON,0.512499988079071
FIBHOQ,RUMRUO,1.0
FIBHOQ,ULUVUT,1.0
FIBHOQ,USUBUG,1.0
FIBHUW,FIBJAE,1.0
FIBHUW,UKOYID,1.0
FIBHUW,IZEHAX,1.0
FIBJAE,UKOYID,1.0
FIBJAE,VEMHOL,1.0
FIBWOF,RIHKIF,0.8999999761581421
FIBWOF,REQCAU,0.8999999761581421
FIBWOF,IDAJAZ,0.8999999761581421
FIBWOF,JEHCUX,0.8999999761581421
FIBWOF,OFIRUQ,0.8999999761581421
FIBWOF,VIBPED,0.5
FIBXEW,OPOBOL,0.8999999761581421
FIBXEW,XOVXEM,0.6333333253860474
FIBXEW,XOVXAI,0.6333333253860474
FICKIN,ZERNUH,0.8999999761581421
FICKIN,ZERNOB,0.8999999761581421
FICKIN,ZERNAN,0.8999999761581421
FICLIM,PEDLOZ,1.0
FICLIM,GIXVOZ,0.8999999761581421
FICLIM,MAGXOI,0.8999999761581421
FICLIM,FITMAW,0.48571428656578064
FICLIM,HAWZEK01,0.8999999761581421
FICLIM,KAKDAC,0.8999999761581421
FICLIM,NOFCAM,0.4521738886833191
FICLIM,QEKDOA,0.8999999761581421
FICYUL01,YEFLIF,1.0
FICYUL01,YEFLIF01,1.0
FICYUL01,YEFLIF02,1.0
FIDGAD,YIWZOV,1.0
FIDGAD,LINGAQ,0.8999999761581421
FIDGAD,WIVGAK,0.8999999761581421
FIDGAD,HUKREK,0.5875000357627869
FIDGAD,NIRBOG,0.8999999761581421
FIDGAD,SEYVIC,0.5846154093742371
FIDGAD,SEYVIC01,0.5846154093742371
FIDLUC,LELDUD,0.5181818008422852
FIDLUC,NIKQIK,0.5181818008422852
FIDLUC,NIKQEG,0.5181818008422852
FIDXEX,FIDYIC,0.8999999761581421
FIDXEX,TAFBEJ,0.8999999761581421
FIDXEX,TAFBIN,0.8999999761581421
FIDYIC,TONLOY,0.8999999761581421
FIDYIC,FIDYOI,0.8999999761581421
FIDYOI,TONLOY,0.8999999761581421
FIDYOI,TAFBIN,0.8999999761581421
FIDYOI,TAFBOT,0.8999999761581421
FIDYOI,NUCREJ,0.5785713791847229
FIFFUX,LICGOW,1.0
FIFFUX,RIBSED,1.0
FIFFUX,XIXCIT,0.8999999761581421
FIFFUX,UNUNEY,0.8999999761581421
FIFFUX,WOBQEL,0.8999999761581421
FIFGEI,IFIPEV,1.0
FIFGEI,GALHOS,1.0
FIFGEI,GALHUY,1.0
FIFGEI,GALJAG,1.0
FIFGEI,IYUHUG,1.0
FIFGEI,ZIJMUD,0.6040000319480896
FIFNIS,GIMBIN01,1.0
FIFNIS,FIFNIS01,1.0
FIFNIS01,GIMBIN01,1.0
FIFNIS01,GIMBIN,1.0
FIFNIS01,GIMBIN02,1.0
FIFNIS01,GIMBIN05,1.0
FIFNOY,MOWQOF,1.0
FIFNOY,FIFNOY02,1.0
FIFNOY,FIFNUE,1.0
FIFNOY,IXEBEU,0.49130430817604065
FIFNOY,PECKUE,0.47894734144210815
FIFNOY,PECLAL,0.47894734144210815
FIFNOY,PECLEP,0.47894734144210815
FIFNOY,YUCZOM,0.8999999761581421
FIFNOY01,MOWQOF,1.0
FIFNOY01,FIFNOY02,1.0
FIFNOY01,FIFNUE,1.0
FIFNOY01,FIFNUE01,1.0
FIFNOY01,SINLAE,1.0
FIFNOY02,MOWQOF,1.0
FIFNOY02,FIFNUE,1.0
FIFNOY02,FIFNUE01,1.0
FIFNUE,MOWQOF,1.0
FIFNUE,JOGHIY,1.0
FIFNUE,MOWQOF01,1.0
FIFNUE01,MOWQOF,1.0
FIFPAM,JOGHEU,1.0
FIFPAM,LUYZAH01,1.0
FIFPAM,FIFPAM01,1.0
FIFPAM,LUYZAH,1.0
FIFPAM,LUYZAH02,1.0
FIFPAM01,JOGHEU,1.0
FIFPAM01,LUYZAH01,1.0
FIFPES,FIFQIX,1.0
FIFPES,HOWPEQ,0.8999999761581421
FIFPES,NENLIE,0.4000000059604645
FIFPES,YIKJUZ,0.8999999761581421
FIFQIX,HOWPEQ,0.8999999761581421
FIFQIX,NENLIE,0.4000000059604645
FIFQOD,URUYUD,1.0
FIFQOD,WELTUD,1.0
FIFQOD,JONKEE,1.0
FIFWAT,ZZZBQV02,0.4285714328289032
FIFWAT,ZZZBQY01,0.4285714328289032
FIFWAT,ZZZBQV03,0.4285714328289032
FIGXAU,UXEDUX,1.0
FIGXAU,UXEDEH,1.0
FIGXAU,ISIYOZ,1.0
FIGXAU,ISIYOZ01,1.0
FIGXAU,ISIYUF,1.0
FIGXAU,ISIYUF01,1.0
FIGXAU,ISIYUF02,1.0
FIGXAU,ISIYUF05,1.0
FIGXAU,UXEDAD,1.0
FIGXAU,UXEDIL,1.0
FIGXAU,UXEDIL01,1.0
FIGXAU,UXEDIL02,1.0
FIGXAU,UXEDIL03,1.0
FIGXAU,UXEDOR,1.0
FIGXAU,UXEFAF,1.0
FIGXAU,UXEFEJ,1.0
FIGXAW,FIHLUF,0.8999999761581421
FIGXAW,FIHLOZ,0.8999999761581421
FIGXAW,TALBEQ,0.6294118165969849
FIGXEY,KEFFEI,1.0
FIHBOP,FIHBUV,0.8999999761581421
FIHBOP,FINHES,0.8999999761581421
FIHBOP,REDZAD,0.5538461804389954
FIHBUV,FINHES,0.8999999761581421
FIHBUV,REDZAD,0.5538461804389954
FIHBUV,NOLQUA,0.3930232524871826
FIHGOU,HEBLAC,0.3085714280605316
FIHGOU,HOZBUV,0.30000001192092896
FIHGOU,ZOZPUB,0.29249998927116394
FIHLOZ,FIHLUF,0.8999999761581421
FIHVEZ,FIHWUQ,0.8999999761581421
FIHVEZ,QIHPUV,0.48249998688697815
FIHVEZ,WUFHIQ,0.434883713722229
FIHVEZ,GUQNAI,0.4176470637321472
FIHWUQ,JOCLOD,0.5344827771186829
FIHWUQ,QIHPIJ,0.48249998688697815
FIJBUV,XOTWIO,1.0
FIJBUV,FIJBUV01,1.0
FIJBUV01,XOTWIO,1.0
FIJCUX,MIBQAR11,1.0
FIJCUX,MIBQAR13,1.0
FIJCUX,MIBQAR04,1.0
FIJCUX01,MIBQAR11,1.0
FIJCUX01,MIBQAR13,1.0
FIJCUX01,MIBQAR04,1.0
FIJDAE,YAPQUC,1.0
FIJDAE,WILQIS,1.0
FIJDAE,LIPZES,1.0
FIJDEI,WIMWEW,0.8999999761581421
FIJDEI,FILYAC,0.8999999761581421
FIJDEI,RINPEJ,0.686956524848938
FIJDEI,TIPDOM,0.8999999761581421
FIJDEI,WAJTIN,0.686956524848938
FIJDOS,WOBHEB01,1.0
FIJDOS,WOBHOL,1.0
FIJDOS,WIZDEP,1.0
FIJFAG,MEFYUT,1.0
FIJFAG,RAHBUZ,1.0
FIJFAG,PUWCUF,1.0
FIJFAG,PUWCOZ,0.8999999761581421
FIJFEK,OHIHOD,0.7136363983154297
FIJFEK,XADDUD,0.6136363744735718
FIJFEK,WIMWEW,0.6136363744735718
FIJFIO,VEMTAJ01,0.5950000286102295
FIJFIO,XAPSIS,0.5950000286102295
FIJFUA,LUCDES,0.7000000476837158
FIJFUA,UPIBOM,0.621052622795105
FIJNAO,XEDMEB,0.8999999761581421
FIJNAO,SOBDOF,0.8999999761581421
FIJSAU,QECPOG,0.4068181812763214
FIJSAU,UKAZAJ,0.4000000059604645
FIJSAU,ZAKWOA,0.33877548575401306
FIJYAZ,JEMMOE01,1.0
FIJYAZ,TAZSAP02,1.0
FIJYAZ,TAZSAP01,1.0
FIJYAZ,FIQZIP,0.8999999761581421
FIJYAZ,FIQZIP01,0.8999999761581421
FIJYAZ,JEMMOE,1.0
FIJYAZ,TAZSAP,1.0
FIKPUN,ZESTID,0.8999999761581421
FIKPUN,JENKIX,0.804347813129425
FIKPUN,WOSZEL,0.804347813129425
FIKQIB,FIKQOH,1.0
FIKQIB,LUTWON,0.8999999761581421
FIKQIB,OBAWOG,0.4178571105003357
FIKQOH,LUTWON,0.8999999761581421
FIKQOH,OBAWOG,0.4178571105003357
FIKRUN,VEDVUW,0.43333330750465393
FIKRUN,HAMLAL,0.389285683631897
FIKRUN,QUTRAZ,0.41034480929374695
FIKSID,MOFTIL01,1.0
FIKSID,MOFTIL02,1.0
FIKSID,MOFTIL,1.0
FIKSID,NUCRIN,1.0
FIKSID,NUCRIN01,1.0
FIKSID,ROSKIV,0.6657143235206604
FIKZIK,YATNEO,0.8999999761581421
FIKZIK,ISISEJ,0.7826086282730103
FIKZIK,ILOTOT,0.7826086282730103
FIKZIK,XULNOJ,0.7269230484962463
FILBAG,WEQBAY,0.47894734144210815
FILBAG,PIMJUS,0.4609755873680115
FILBAG,MAHCIK,0.4326086938381195
FILYAC,MOXDEJ,1.0
FILYAC,XADDUD,1.0
FILYAC,TIPDOM,0.8999999761581421
FILYAC,XADDOX,1.0
FILYEG,MOXDEJ,1.0
FILYEG,XADDUD,1.0
FIMXUW,POCKUO01,0.8999999761581421
FIMXUW,POCLAV,0.8999999761581421
FINFUG,IBEYEU,0.8999999761581421
FINFUG,HURGOR,0.8999999761581421
FINFUG,MOFVAG,0.8999999761581421
FINFUG,URUFIY,0.8999999761581421
FINGAN,UCEXEG,0.64000004529953
FINGAN,NOFZEO,0.64000004529953
FINHES,REDZAD,0.5538461804389954
FINMEX01,REBVOM,0.8999999761581421
FINMEX01,QAWHIH01,0.5400000214576721
FIPKOG,FIPKOG01,1.0
FIPKOG,FIPKUM,0.8999999761581421
FIPKOG,UCUHIM,0.6454545855522156
FIPKOG,WODREO,0.7071428298950195
FIPKOG01,FIPKUM,0.8999999761581421
FIPKOG01,MONPAI,0.8999999761581421
FIPKOG01,UCUHIM,0.6454545855522156
FIPKUM,VUNJAR,1.0
FIPKUM,VIXZUZ,0.9624999761581421
FIPKUM,SUZBEW,0.6666666865348816
FIPKUM,YODWUL,0.800000011920929
FIPPAW,FIPPEA01,1.0
FIPPAW,FIPPEA02,1.0
FIPPAW,SAJKUM,1.0
FIPPAW,VAQSUD,1.0
FIPPEA,FIPPEA01,1.0
FIPPEA,FIPPEA02,1.0
FIPPEA,SAJKUM,1.0
FIPPEA01,FIPPEA02,1.0
FIPPEA02,VAQSUD,1.0
FIPWOS,FIPXEJ,1.0
FIPWOS,FIPWUY,0.4882352948188782
FIPWUY,FIPXAF,1.0
FIPWUY,FITGAT,0.7488372325897217
FIPWUY,FITFUM,0.7488372325897217
FIPXAF,FITGAT,0.7488372325897217
FIPXAF,FITFUM,0.7488372325897217
FIPXAF,FIPXEJ,0.4882352948188782
FIQCUG,FIQDAN,1.0
FIQCUG,SAHXAD,1.0
FIQCUG,FIQDER,0.8999999761581421
FIQCUG,ZOXGOK,0.8307692408561707
FIQDAN,SAHXAD,1.0
FIQDAN,FIQDER,0.8999999761581421
FIQDAN,ZOXGOK,0.8307692408561707
FIQDER,SAHXAD,0.8999999761581421
FIQDER,ZOXGOK,0.8307692408561707
FIQKIC,ZECBOB,0.8999999761581421
FIQKIC,ZECCAO,0.8999999761581421
FIQKIC,VIXPUP,0.8999999761581421
FIQKIC,ZECBUH,0.8999999761581421
FIQYOU,NIHBAI02,1.0
FIQYUA,OXCFOR,1.0
FIQYUA,VERZID,1.0
FIQYUA,YANBAR01,1.0
FIQZAH,ZNFORD,1.0
FIQZAH,SIWYOO,1.0
FIQZAH,ZNFORD05,1.0
FIQZEM,SUXWIT,1.0
FIQZEM,SETFUT,1.0
FIQZEM,NEBMEP,1.0
FIQZEM,ONUQOE,0.5875000357627869
FIQZEM,QARTEK,0.3117647171020508
FIQZIP,FIQZIP01,1.0
FIQZIP,REZXIE01,0.8999999761581421
FIQZIP01,REZXIE01,0.8999999761581421
FIQZOV,RANZAI,1.0
FIQZOV,IHILUI,1.0
FIQZOV,ZIMSEV,1.0
FIQZOV,XETPOC,1.0
FIQZOV,ZIMSIZ,1.0
FIQZOV01,RANZAI,1.0
FIQZOV01,IHILUI,1.0
FIQZOV01,ZIMSEV,1.0
FIRGIW,NUVLOG,1.0
FIRGIW,VARWIW,0.8999999761581421
FIRGIW,VARWOC,0.8999999761581421
FIRGIW,VEQBID,0.8999999761581421
FIRGIW,WOQDUB,0.8999999761581421
FIRGIW,ZUBZIH,0.5714285969734192
FIRPIH,NOLYOC,0.39347824454307556
FIRPIH,RAVGAY,0.3700000047683716
FIRPIH,NUHBEY,0.36052629351615906
FIRTIL,MOHLIF,0.665217399597168
FIRZAJ,UPIYAU,1.0
FIRZAJ,TEKDUI,1.0
FIRZAJ,TEKDUI01,1.0
FISDET,MORFEG,0.690625011920929
FISDET,WIZKOH,0.5153846144676208
FISDET,ZEGSOW,0.49736839532852173
FISDET,VEYXIH,0.4176470637321472
FISGOF,SEMNIJ,0.8448275923728943
FISGOF,LURRIA,0.8448275923728943
FISGOF,WEBTOP,0.8071428537368774
FISHUN,FISJEZ,1.0
FISHUN,ZIMTUN,0.8035714030265808
FISHUN,ZIMVAV,0.8035714030265808
FISHUN,PASRAF,0.7352941632270813
FISJEZ,ZIMTUN,0.8035714030265808
FISJEZ,ZIMVAV,0.8035714030265808
FISJEZ,PASRAF,0.7352941632270813
FISQEG,FISQIK,1.0
FISQEG,XUDVAV,1.0
FISQEG,YIBMON,0.8999999761581421
FISQEG,OFIFIV,0.6100000143051147
FISQIK,XUDVAV,1.0
FISQIK,YIBMON,0.8999999761581421
FISQOQ,WEKXAM,0.8999999761581421
FISQOQ,FISQUW,0.8999999761581421
FISQOQ,LIHQUP,0.3700000047683716
FISQUW,WEKXAM,0.8999999761581421
FISQUW,QUNMOC,0.3142857253551483
FISVEL,TORXAB,0.8999999761581421
FISVEL,NOGMIG,0.8999999761581421
FISVEL,NOGMAY,0.8999999761581421
FISZIT,KABMOS,0.8999999761581421
FISZIT,NABCIE,0.44137927889823914
FISZIT,SINLAE,0.43333330750465393
FITCUJ,FITDIY,1.0
FITCUJ,FITDOE,1.0
FITCUJ,FITDAQ,1.0
FITCUJ,FITDEU,1.0
FITCUJ,FITDUK,1.0
FITCUJ,FITFAS,1.0
FITCUJ,FITFOG,1.0
FITDAQ,FITDIY,1.0
FITDAQ,FITDOE,1.0
FITDEU,FITDIY,1.0
FITDEU,FITDOE,1.0
FITDEU,FITDUK,1.0
FITDEU,FITFAS,1.0
FITDEU,FITFOG,1.0
FITDIY,FITDOE,1.0
FITDIY,FITDUK,1.0
FITDIY,FITFAS,1.0
FITDIY,FITFOG,1.0
FITDUK,SADZUV,0.5711538195610046
FITDUK,SAFBAF,0.645652174949646
FITFEW,FITFIA,1.0
FITFEW,FITFUM,1.0
FITFEW,FITFIA01,1.0
FITFEW,FITGAT,1.0
FITFIA,FITFUM,1.0
FITFIA,FITFIA01,1.0
FITFIA,FITGAT,1.0
FITFIA01,FITFUM,1.0
FITFIA01,FITGAT,1.0
FITFOG,SAFBAF,0.645652174949646
FITGUL,FITHEW,1.0
FITGUL,FITHIA,1.0
FITGUL,ULIYEV,0.8999999761581421
FITHAS,FITHIA,0.4214285612106323
FITHAS,ZAYFEN,0.30000001192092896
FITHEW,FITHIA,1.0
FITHEW,ULIYEV,0.8999999761581421
FITHIA,ULIYEV,0.8999999761581421
FITHIA,IXEFAS,0.8999999761581421
FITHIA,WEHPIJ,0.8999999761581421
FITMAW,NOFCAM,0.686956524848938
FITMAW,PEDLOZ,0.48571428656578064
FITSAD,KIKRAA,1.0
FITSAD,KOGYIP,1.0
FITSAD,ZIBRAD,1.0
FITSAD,MOFFES,0.8999999761581421
FITSAD,MOFFES01,0.8999999761581421
FITSAD,WEMDAU,0.6823529601097107
FITSAD,XIQZIH,1.0
FITZOX,SEGJOG,1.0
FITZOX,JIGQOI,1.0
FITZOX,LIVNEJ,0.8999999761581421
FITZOX,MUKJOT,0.30000001192092896
FITZOX,WABTOK,0.8999999761581421
FIVJAW,RIDKOE,1.0
FIVJAW,NIXQUH,0.8999999761581421
FIVJAW,MESGEX,0.8999999761581421
FIVJAW,MESGIB,0.8999999761581421
FIVJAW,UHOKOR,0.8999999761581421
FIVNAZ,WEMFOL,1.0
FIVNAZ,YEBKUM,0.8999999761581421
FIVRUA,GIJLIX,1.0
FIVRUA,LUCKAX,0.9307692646980286
FIVRUA,SAHWUW,0.8999999761581421
FIVTUC,PEGCEM,1.0
FIVTUC,PEGCIQ,0.8999999761581421
FIVTUC,XUMTUV,0.8999999761581421
FIWDOE,ZEVQEZ,0.522580623626709
FIWDOE,ZEVQAV,0.522580623626709
FIWDOE,ZEVQID,0.522580623626709
FIWJIG,LUSQIB,1.0
FIWJIG,LUSQOH,1.0
FIWKUT,NURMUJ,1.0
FIWKUT,NIWYEZ,1.0
FIWKUT,GERWIL,0.7000000476837158
FIWKUT,REGREC,1.0
FIWKUT,RIFDUG01,1.0
FIWKUT,RUPVAB,1.0
FIXKUV,UFUKUB01,1.0
FIXKUV,HUZJIW,1.0
FIXKUV,UFUKUB03,1.0
FIXKUV,XADHER,0.8999999761581421
FIXLAC,HURGEH,1.0
FIXLAC,JOPGIG,1.0
FIXLAC,PENNON,0.6684210300445557
FIXMEH,MITTAL,1.0
FIXMEH,OVEHUT,1.0
FIXMEH,MITSUE,1.0
FIXMEH,FUMJAA,1.0
FIXMEH,NABLIM,1.0
FIXMEH,NEHMET,1.0
FIXVEQ,SALXIP,1.0
FIXVEQ,XIFHIF,0.8999999761581421
FIXVEQ,TOWLIC,0.8999999761581421
FIXVEQ,GUDBEO,0.8999999761581421
FIXVIU,USUQOQ,1.0
FIXVIU,QIMFEA,0.8999999761581421
FIXVIU,KEFWAV,0.8999999761581421
FIXVIU,XIFHIF,0.8999999761581421
FIXYET,WAMJUS,1.0
FIXYET,SUQJEV,0.8999999761581421
FIXYET,TAGTIH,0.8999999761581421
FIXYET,FIXYIX,0.8999999761581421
FIXYET,LARNIE,0.8999999761581421
FIXYET,QUMFUB,0.8999999761581421
FIXYIX,KIJVUX,1.0
FIXYIX,YICNEG,1.0
FIXYIX,KIJVOR,0.8999999761581421
FIXYIX,XIFHIF,0.8999999761581421
FIYQAI,SODQOT,0.7136363983154297
FIYQAI,GUCHUJ,0.550000011920929
FIYQIQ,VIDWAI,0.8999999761581421
FIYQOW,TOVHAP,0.8999999761581421
FIYQOW,HICZEA,0.8999999761581421
FIYQOW,VIDWIQ,0.8999999761581421
FIYQOW,HICZIE,0.8999999761581421
FIYQOW,HIDCUU,0.8999999761581421
FIYSAK,REVGAB,0.699999988079071
FIZGUT,IDIXAU,0.6333333253860474
FIZGUT,WORKUL,0.6333333253860474
FIZGUT,OFIXOR,0.6029411554336548
FIZPOV,FIZPUB,1.0
FIZPOV,LOSBOM,0.8999999761581421
FIZPOV,FIZQAI,0.8999999761581421
FIZPUB,LOSBOM,0.8999999761581421
FIZPUB,FIZQAI,0.8999999761581421
FIZQAI,LEVDIB,0.5736842155456543
FIZQAI,LOSBOM,0.8999999761581421
FIZSUE,UCOCIY,0.5
FIZSUE,RIQHAD,0.3117647171020508
FIZVER,MEGQAS,1.0
FIZVER,MINFIB,0.8999999761581421
FIZVER,MINFOH,0.8999999761581421
FIZVER,SARMII,0.8999999761581421
FIZVIV,MEGQIA,1.0
FIZVIV,JUVWUU,0.8999999761581421
FIZVIV,SARMEE,0.8999999761581421
FOBDOS,UFUKUB02,0.8999999761581421
FOBDOS,WAMRIN,0.8999999761581421
FOBDOS,NEBTIA,0.8999999761581421
FOBDOS,TAMRAD,0.8999999761581421
FOBGUA,LABPAH,0.8999999761581421
FOBGUA,LABPEL,0.8999999761581421
FOBGUA,LABPOV,0.8999999761581421
FOBHAH,LIGRAW,1.0
FOBHAH,LABPUB,0.8999999761581421
FOBHEL,LABPIP,0.8999999761581421
FOBHEL,LABNIN,0.8999999761581421
FOBHEL,LABPUB,0.8999999761581421
FOBJAJ,QITDOO,1.0
FOBJAJ,MEGNIX,1.0
FOBJAJ,FOJKOG,0.8999999761581421
FOBJEN,MEGNUJ,1.0
FOBJEN,FOJKIA,0.8999999761581421
FOBJEN,SARMEE,0.8999999761581421
FOBJEN,SUJNUH,0.8999999761581421
FOBJEN,WOJJOV,0.8999999761581421
FOBJIR,MEGPEV,1.0
FOBJIR,YAJNEF,0.8999999761581421
FOBJIR,MINFOH,0.8999999761581421
FOBJIR,MINNEF,0.8999999761581421
FOBJOX,SARMEE,1.0
FOBJOX,MEGPIZ,1.0
FOBJOX,SETFUT,0.8999999761581421
FOBJOX,WOJJOV,0.8999999761581421
FOBJUD,MEGPOF,1.0
FOBJUD,SARMII,1.0
FOBJUD,YICRAE,0.8999999761581421
FOBJUD,MEGQEW,0.8999999761581421
FOBKAK,MEGPUL,1.0
FOBKAK,KIXXOG01,0.8999999761581421
FOBKAK,MEGQEW,0.8999999761581421
FOBNAN,GOTNAG,1.0
FOBNAN,GOTNEK,1.0
FOBNAN,ROYTOQ,0.8999999761581421
FOBSEW,WEDNUQ,0.8999999761581421
FOBSEW,KAVSAD,0.8999999761581421
FOBSEW,KAVRUW,0.8999999761581421
FOBSEW,KAVSEH,0.8999999761581421
FOBSEW,PURROK,0.8999999761581421
FOBXUQ,UQOYAB,0.8999999761581421
FOBYAX,RAKZEI,1.0
FOBYAX,UDEWEG,0.8999999761581421
FOBYAX,RAKYIL,0.8999999761581421
FOBYAX,GAKSOB,0.8999999761581421
FOBYAX,KEWYET,0.8999999761581421
FOBYAX,TATBUO,0.8999999761581421
FOBYAX,VUKPUN,0.8999999761581421
FOCLUH,WEMWAP,0.5846154093742371
FOCLUH,RUBDUO,0.550000011920929
FOCLUH,WUWVUG,0.5135135054588318
FOCREW,FOCYUT,1.0
FOCREW,FOCZEE,1.0
FOCREW,FOCZAA,1.0
FOCREW,MIHMIC,0.8999999761581421
FOCVUQ,SALLAT,0.3959999978542328
FOCVUQ,QOPPOC,0.3959999978542328
FOCVUQ,QIRGED,0.3193548321723938
FOCVUQ,XAQYAQ,0.3413792848587036
FOCYUT,FOCZEE,1.0
FOCYUT,FOCZAA,1.0
FOCYUT,IZIBUQ,0.8999999761581421
FOCZAA,FOCZEE,1.0
FODBEH,VIDWAI,0.6181818246841431
FODBEH,VIDVUB,0.5354838371276855
FODDAF,LIBHUB,0.695454478263855
FODGOW,YINDAC,0.8999999761581421
FODGOW,YINCOP,0.8999999761581421
FODGOW,LIXMEM,0.8999999761581421
FODGOW,LIXCIG,0.8999999761581421
FODGUB,FODGUB01,1.0
FODGUB,FODGUB02,1.0
FODGUB,HOQKII,1.0
FODGUB,LEDPAN,1.0
FODGUB01,FODGUB02,1.0
FODGUB01,HOQKII,1.0
FODGUB01,LEDPAN,1.0
FODGUB02,HOQKII,1.0
FODGUB02,LEDPAN,1.0
FODGUB02,QATHOK,0.7120000123977661
FODNIX,XENMOU,0.8999999761581421
FODNIX,XENMIO,0.8999999761581421
FODNIX,LIXMAI,0.8999999761581421
FODNIX,LIXCUS,0.8999999761581421
FODNIX,UHUXOM,0.8999999761581421
FODVEB,SISBAZ,1.0
FODVEB,HOQGAX,1.0
FODVEB,SIRZUQ,0.8999999761581421
FODVEB,SISBED,0.8999999761581421
FODWOL,IJISOK,0.550000011920929
FODWOL,LEDWUN,0.49705880880355835
FODWOL,KODSUT,0.48571428656578064
FOFCIO,FOFCOU,1.0
FOFCIO,FOFDAH,1.0
FOFCIO,FOFCUA,1.0
FOFCOU,FOFDAH,1.0
FOFCOU,FOFCUA,1.0
FOFCOU,MIHMIC,0.8999999761581421
FOFCUA,FOFDAH,1.0
FOHCAH,KIHTUR,0.8999999761581421
FOHCAH,PELNEA,0.8999999761581421
FOJHUJ,OQUFAJ,0.8999999761581421
FOJHUJ,SOLCED,0.8999999761581421
FOJHUJ,ZIWLAV,0.8999999761581421
FOJKIA,PAXFEC,1.0
FOJKIA,XINJEL,1.0
FOJKIA,QUZZES,1.0
FOJKIA,MEGQIA,0.8999999761581421
FOJKOG,PAXFEC,1.0
FOJKOG,XINJEL,1.0
FOJKOG,QUZZES,1.0
FOJLOH,OBIBAF,0.8999999761581421
FOJLOH,NIRGAY,0.8999999761581421
FOJZIP,MOFWEL,1.0
FOJZIP,VAYFAE,0.8999999761581421
FOJZIP,HOVGEG,0.8999999761581421
FOJZIP,XOGWUN,0.8999999761581421
FOKWIN,WOSGUI,1.0
FOKWIN,QIPROY,0.8999999761581421
FOKWIN,NOPCEB,0.421875
FOKWIN,REHJIZ,0.8999999761581421
FOKWOT,TULLIX,1.0
FOKWOT,FOKWUZ,1.0
FOKWOT,MICCIM,1.0
FOKWOT,JUNBOL,0.925000011920929
FOKWOT,LIXCUS,0.8999999761581421
FOKWOT,UHUXIG,1.0
FOKWUZ,TULLIX,1.0
FOKWUZ,MICCIM,1.0
FOKWUZ,JUNBOL,0.925000011920929
FOKWUZ,QAQMON,0.8999999761581421
FOKWUZ,UHUXIG,1.0
FOKWUZ,UHUXOM,0.8999999761581421
FOKYEL,TAGTUT,0.8999999761581421
FOKYEL,YICGOJ,0.8999999761581421
FOKYEL,PARFOF,0.8999999761581421
FOKYIP,HISSIN,0.8999999761581421
FOKYIP,SILKAC,0.8999999761581421
FOKYIP,PIJKEB,0.8999999761581421
FOKYIP,UKIQIP,0.8999999761581421
FOKZIQ,HAZYUE,0.5785713791847229
FOKZIQ,GUKZES,0.5785713791847229
FOKZIQ,MUMBIH,0.5785713791847229
FOMDAO,FOMDAO01,1.0
FOMDAO,GOXZIE,0.8999999761581421
FOMDAO,ZEFROT,0.8999999761581421
FOMDAO,ZEFRUZ,0.8999999761581421
FOMDAO,ZEFSOU,0.8999999761581421
FOMDAO,ZEFSOU01,0.8999999761581421
FOMDAO01,PARNON,0.8999999761581421
FOMDAO01,IGUJOL,0.8999999761581421
FOMWOV,KEVKAA,0.8999999761581421
FOMWOV,TIHRUA,0.8999999761581421
FOMWOV,LIKZEN,0.8999999761581421
FOMWOV,KIKTIK,0.8999999761581421
FOMWOV,XENKIM,0.8999999761581421
FONKEA,FONQAC,1.0
FONKEA,JUYJIY,0.9624999761581421
FONKEA,FONPUV,0.8999999761581421
FONPUV,FONQAC,0.8999999761581421
FONPUV,JUYJIY,0.8624999523162842
FONPUV,IZAYUE,0.6896551847457886
FONPUV,MUSMAQ,0.7000000476837158
FONPUV,NATHUO,0.5645161271095276
FONQAC,JUYJIY,0.9624999761581421
FOPFAS,PIVBEC,0.7923077344894409
FOPFAS,LEQCAN,0.7923077344894409
FOPFAS,LEHXUT,0.6625000238418579
FOPFAS,HIBTAQ,0.49705880880355835
FOPFAS,NISGII,0.5218750238418579
FOPFAS,OKABEI,0.5
FOPWEO,ZAYMAP,0.6040000319480896
FOPWEO,YOSLOH,0.5040000081062317
FOPWEO,NAGBOO,0.5040000081062317
FOQNIK,FOQNOQ02,1.0
FOQNIK,FOQNOQ01,0.8031250238418579
FOQNIK,FOQNUW02,0.8031250238418579
FOQNOQ,FOQNUW,1.0
FOQNOQ,FOQNUW01,1.0
FOQNOQ,FOQPAE02,1.0
FOQNOQ,FOQNOQ02,0.8031250238418579
FOQNOQ,JUTCUY,1.0
FOQNOQ,ZIQWUU,0.8999999761581421
FOQNOQ01,FOQNUW,1.0
FOQNOQ01,FOQNUW01,1.0
FOQNOQ01,FOQPAE02,1.0
FOQNOQ01,JUTCUY,1.0
FOQNOQ01,ZIQWUU,0.8999999761581421
FOQNOQ02,FOQNUW02,0.8031250238418579
FOQNUW,FOQNUW02,1.0
FOQNUW,FOQNUW01,1.0
FOQNUW,FOQPAE02,1.0
FOQNUW,FOQPAE,1.0
FOQNUW,FOQPAE01,1.0
FOQNUW01,FOQNUW02,1.0
FOQNUW01,FOQPAE02,1.0
FOQNUW01,FOQPAE,1.0
FOQNUW01,FOQPAE01,1.0
FOQNUW01,JUTCUY,1.0
FOQNUW02,FOQPAE02,1.0
FOQNUW02,SIPVOD,0.8999999761581421
FOQPAE,FOQPAE02,1.0
FOQPAE,SIPVOD,0.8999999761581421
FOQPAE01,FOQPAE02,1.0
FOQPAE01,SATRAJ,1.0
FOQPAE02,SATRAJ,1.0
FOQQUY,FOQQUY01,1.0
FOQQUY,RANZAH,0.8999999761581421
FOQQUY,TIPZOJ,0.8999999761581421
FOQQUY01,RANZAH,0.8999999761581421
FOQQUY01,TIPZOJ,0.8999999761581421
FOQSUA,TIDLID,0.8999999761581421
FOQSUA,FOQTEL,0.8999999761581421
FOQSUA,HUSPOB,0.8999999761581421
FOQSUA,SETDOM,0.550000011920929
FOQSUA,SETDUS,0.550000011920929
FOQTAH,HUSPOB,0.8999999761581421
FOQTAH,TIDLID,0.8999999761581421
FOQTAH,HUSPUH,0.6600000262260437
FOQTEL,TIDLID,1.0
FOQTEL,PIBHIS,0.71875
FORWUF,FORWUF02,1.0
FORWUF,FORWUF01,1.0
FORWUF,MILQIJ,0.8999999761581421
FORWUF,YEDLAV,0.23333331942558289
FORWUF,YICRIM,0.8999999761581421
FORWUF01,FORWUF02,1.0
FORWUF01,MILQIJ,0.8999999761581421
FORWUF01,MIFFAJ,0.8999999761581421
FORWUF01,MIFFAJ01,0.8999999761581421
FORWUF01,YEDLAV,0.23333331942558289
FORWUF02,MILQIJ,0.8999999761581421
FORWUF02,OBEMUE01,0.8999999761581421
FORWUF02,OGIJIY,0.8999999761581421
FORWUF02,TIYMEU,0.8999999761581421
FORWUF02,VEGLOJ,0.8999999761581421
FORWUF02,YICRIM,0.8999999761581421
FOSRIP,HORHAX01,0.7545455098152161
FOSRIP,HORHAX02,0.7545455098152161
FOSRIP,HORHAX03,0.7545455098152161
FOSTIS,GAZZIS03,1.0
FOSTOY,GAZZIS03,1.0
FOSTOY,NAMDUD,0.8999999761581421
FOSTOY,RAYMOV,0.8999999761581421
FOSTUE,GAZZIS03,1.0
FOSTUE,RAYMIP,1.0
FOTNUY,XAQYAQ,0.313043475151062
FOTNUY,LIVWUK01,0.30000001192092896
FOTPAG,LOCHIU,0.3117647171020508
FOTPAG,PEYCON,0.30000001192092896
FOTPEJ,PUYZUF,0.6538462042808533
FOTPEJ,PUZBAO,0.6538462042808533
FOTPEJ,RIZMUJ,0.48571428656578064
FOVPAJ,FOVPEN,1.0
FOVPAJ,JAKPET,0.41860464215278625
FOVPEN,JAKPET,0.41860464215278625
FOWVUK,PEJFAN,0.8999999761581421
FOWVUK,PEJDUF,0.8999999761581421
FOWVUK,FOWWIZ,0.8999999761581421
FOWWAR,FOWWEV,0.8999999761581421
FOWWAR,PEJFAN,0.8999999761581421
FOWWAR,PEJDUF,0.8999999761581421
FOWWEV,PEJFAN,0.8999999761581421
FOWWEV,PEJDUF,0.8999999761581421
FOWWEV,FOWWIZ,0.8999999761581421
FOWWIZ,PEJDUF,0.8999999761581421
FOXPUE,QOZFUG,1.0
FOXPUE,FOXQIT,0.8999999761581421
FOXPUE,UFEVIL,0.8999999761581421
FOXQIT,UFEVEH,1.0
FOXQIT,UFEVIL,1.0
FOXQIT,QOZFUG,0.8999999761581421
FOXQIT,MEMBIS,0.8199999928474426
FOXQIT,NICZAA01,0.7260869741439819
FUBLOF,FUBLUL,1.0
FUBLOF,QANFUJ,0.64000004529953
FUBLOF,ULUQEZ,0.5625
FUBLUL,QANFUJ,0.64000004529953
FUBLUL,ULUQEZ,0.5625
FUBNOH,NOMQAJ01,1.0
FUBNOH,NOMQAJ,1.0
FUBNOH,VEXVAW,0.8999999761581421
FUBNOH,WAQDOJ,0.8999999761581421
FUBTUT,IDUDIW,0.8999999761581421
FUBTUT,YIMQOD,0.7961537837982178
FUBTUT,YIMQET,0.7961537837982178
FUCTAY,IPIDAN,0.621052622795105
FUCTAY,XAYNAM,0.44999998807907104
FUCTAY,JIWQIP,0.4272727370262146
FUCTAY,MUBQIJ,0.4000000059604645
FUDGES,FUDGIW,1.0
FUDGES,OBOGUK,0.9526315927505493
FUDGES,YENZID,0.8999999761581421
FUDGES,YENZAV,0.8999999761581421
FUDGES,YENZEZ,0.8999999761581421
FUDGIW,OBOGUK,0.9526315927505493
FUDGIW,YENZID,0.8999999761581421
FUDGIW,FUDGUI,0.8999999761581421
FUDGIW,FUDHAP,0.8999999761581421
FUDGIW,FUDHET,0.8999999761581421
FUDGIW,YEPBAZ,0.8999999761581421
FUDGOC,YEPBAZ,0.8999999761581421
FUDGOC,FUDHAP,0.8999999761581421
FUDGOC,FUDGUI,0.8999999761581421
FUDGOC,OBOGIY,0.8526315689086914
FUDGOC,YENZAV,0.8999999761581421
FUDGUI,FUDHAP,1.0
FUDGUI,FUDHET,1.0
FUDGUI,YENZAV,0.8999999761581421
FUDGUI,YENZEZ,0.8999999761581421
FUDGUI,YEPBAZ,0.8999999761581421
FUDHAP,FUDHET,1.0
FUDHAP,HISJAW,0.686956524848938
FUDHET,YENZID,0.8999999761581421
FUDHET,YENZUP,0.8999999761581421
FUFREE,RATVEP,0.8999999761581421
FUFREE,IQEKUM,0.8999999761581421
FUFREE,PUPXII,0.8999999761581421
FUFREE,PUPXII01,0.8999999761581421
FUFRII,IQEKOG,0.8999999761581421
FUFRII,PEZRUJ,0.8999999761581421
FUFRII,PEZRUJ01,0.8999999761581421
FUFRII,NIFTIH,0.6175000071525574
FUFRII,OFEHAK,0.7352941632270813
FUFRII,OKILAW,0.7749999761581421
FUFRII,RAWWAQ,0.6175000071525574
FUFVEJ,KIKRAA,1.0
FUFVEJ,LETVUB,1.0
FUFVEJ,ZIBRAD,1.0
FUFXOU,PEGPOI,0.8999999761581421
FUFXOU,PEGQAV,0.8999999761581421
FUFXOU,GIDKOU,0.8999999761581421
FUFXOU,MULQOA,0.8999999761581421
FUFXOU,PEGQID,0.8999999761581421
FUGWUB,FUGXAI,1.0
FUGWUB,WOWDUJ,0.8999999761581421
FUGWUB,MOHHAT,0.6586206555366516
FUGXAI,WOWDUJ,0.8999999761581421
FUGXAI,MOHHAT,0.6586206555366516
FUJRIM,WUWVEQ,0.8999999761581421
FUJRIM,WUWVUG,0.8999999761581421
FUJRIM,ILAMAK,0.40909090638160706
FUJVOX,LUGLUU,0.7300000190734863
FUJVOX,NASGEV,0.7300000190734863
FUJVOX,HEDHUV,0.6299999952316284
FUJVOX,KEWXIV,0.49130430817604065
FULQOT,QOZXUZ,1.0
FULQOT,SISPUH,1.0
FULQOT,HAWVAE,1.0
FULQOT,XEFFAS,0.8999999761581421
FULQUZ,INOMIJ,0.8999999761581421
FULQUZ,INOMOP01,0.8999999761581421
FULQUZ,XICNOO02,0.8999999761581421
FUMJAA,OVEHUT,1.0
FUMJAA,MITSUE,1.0
FUMJAA,GIXTUF,0.7000000476837158
FUMJAZ,XEVXUT,1.0
FUMJAZ,FUMJAZ01,1.0
FUMJAZ,LIJNOJ,0.8999999761581421
FUMJAZ,NAGRUL,0.8031250238418579
FUMJAZ,XADWIK,0.8999999761581421
FUMJAZ,XADWIK01,0.8999999761581421
FUMJAZ,XADWIK02,0.8999999761581421
FUMJAZ01,XEVXUT,1.0
FUMJAZ01,LIJNOJ,0.8999999761581421
FUMJAZ01,NAGRUL,0.8031250238418579
FUMJAZ01,PIHJIB,0.8999999761581421
FUMQIP,TOTVUV,1.0
FUMQIP,WUXCEY,0.8999999761581421
FUNVIU,TOWMOJ,1.0
FUNVIU,ONUKAL,1.0
FUNVIU,ICISAP,0.8999999761581421
FUNVIU,VOBKAA,0.8999999761581421
FUQCIF,PIZNOB,1.0
FUQJUX,QOMSAO,1.0
FUQJUX,QOMRUH,1.0
FUQJUX,QONLEM,1.0
FUQJUX,LUGLUU,0.8999999761581421
FUQJUX,PIZHOX,1.0
FUQMIP,YIDJAX01,0.4864864647388458
FUQREQ,NDFUMA01,1.0
FUQREQ,NDFUMA02,1.0
FUQREQ,IDAZAQ,1.0
FUQRIU,SEDLAP01,1.0
FUQRIU,SEDLAP,1.0
FUQRIU,WADDAJ,1.0
FUQRIU,LINRUY,1.0
FURRUG,FURRUG01,1.0
FURRUG,JAHSAN,0.7120000123977661
FURRUG,HATZOS,0.6896551847457886
FURRUG,HATZOS02,0.6896551847457886
FURRUG,KIJPUQ,0.6333333253860474
FURRUG,SUSTAC,0.48571428656578064
FURRUG01,JAHSAN,0.7120000123977661
FURRUG01,HATZOS,0.6896551847457886
FURRUG01,HATZOS02,0.6896551847457886
FURRUG01,IFACIB,0.48571428656578064
FURRUG01,KIJPUQ,0.6333333253860474
FURRUG01,SUSTAC,0.48571428656578064
FURSES,XIYDAN,1.0
FURSES,XIYCUG,1.0
FURSES,UGOCAW,1.0
FURSES,LIZWEX,1.0
FURSES,PIBBEK,1.0
FURSES,SENGIE,0.5384615659713745
FUSGOR,UDIDAO,1.0
FUSGOR,IYOQAQ,0.8999999761581421
FUSWIA,QOMSAO,1.0
FUSWIA,QOMRUH,1.0
FUSWIA,QONLEM,1.0
FUTCAZ,WEYQAU,1.0
FUTCAZ,WEYQAU08,1.0
FUTDII,XITYOP,0.8999999761581421
FUTDII,YOGKOW,0.8999999761581421
FUTDII,YOGKEM,0.8999999761581421
FUTPUG,OYIVEY,0.578125
FUTPUG,OJOQAF03,0.49130430817604065
FUTYEA,NURMUJ,1.0
FUTYEA,NIWYEZ,1.0
FUTYOK,NURMUJ,1.0
FUTYOK,NIWYEZ,1.0
FUTZAX,NURMUJ,1.0
FUTZAX,NIWYEZ,1.0
FUTZEB,NURMUJ,1.0
FUTZEB,NIWYEZ,1.0
FUTZIF,NURMUJ,1.0
FUTZIF,NIWYEZ,1.0
FUTZOL,NURMUJ,1.0
FUTZOL,NIWYEZ,1.0
FUVBAB,NURMUJ,1.0
FUVBAB,NIWYEZ,1.0
FUVBAB,GIRXUC,1.0
FUVBAB,IJEXIF,1.0
FUVBAB,IJEXIF01,1.0
FUVBAB,KUNLEL,1.0
FUVBAB,MAKHOY,1.0
FUVBAB,MIQKON,1.0
FUVBAB,MIQKUT,1.0
FUVBAB,MIQLAA,1.0
FUVBAB,MIQLEE,1.0
FUVBAB,MIQLII,1.0
FUVBAB,MISRUC,1.0
FUVBAB,NANYUX,1.0
FUVBAB,NANYUX01,1.0
FUVBAB,NANYUX02,1.0
FUVBAB,NANYUX03,1.0
FUVBAB,NIWYAV,1.0
FUVBAB,NIWYID,1.0
FUVBAB,NIWYOJ,1.0
FUVBAB,NUBBAP,1.0
FUVBAB,VEBHUG,0.41499999165534973
FUVDEH,FUVDEH09,1.0
FUVDEH,FUVDEH11,1.0
FUVDEH,FUVDEH04,1.0
FUVDEH01,FUVDEH09,1.0
FUVDEH01,FUVDEH11,1.0
FUVDEH01,FUVDEH04,1.0
FUVDEH02,FUVDEH06,1.0
FUVDEH02,IFEPUG07,1.0
FUVDEH02,IFEPUG10,1.0
FUVDEH03,FUVDEH09,1.0
FUVDEH03,FUVDEH11,1.0
FUVDEH03,FUVDEH04,1.0
FUVDEH03,FUVDEH05,1.0
FUVDEH03,FUVDEH07,1.0
FUVDEH03,FUVDEH08,1.0
FUVDEH03,FUVDEH10,1.0
FUVDEH03,FUVDEH12,1.0
FUVDEH03,FUVDEH13,1.0
FUVDEH03,FUVFUZ,1.0
FUVDEH03,FUVGAG,1.0
FUVDEH03,FUVGAG01,1.0
FUVDEH03,FUVGAG02,1.0
FUVDEH04,FUVDEH09,1.0
FUVDEH04,FUVDEH11,1.0
FUVDEH05,FUVDEH09,1.0
FUVDEH05,FUVDEH11,1.0
FUVDEH06,IFEPUG07,1.0
FUVDEH06,IFEPUG10,1.0
FUVDEH07,FUVDEH09,1.0
FUVDEH07,FUVDEH11,1.0
FUVDEH07,IFENOY,1.0
FUVDEH07,IFENOY01,1.0
FUVDEH07,IFENOY02,1.0
FUVDEH07,IFENOY03,1.0
FUVDEH07,IFEPUG,1.0
FUVDEH07,IFEPUG01,1.0
FUVDEH07,IFEPUG02,1.0
FUVDEH07,IFEPUG03,1.0
FUVDEH07,IFEPUG04,1.0
FUVDEH07,IFEPUG05,1.0
FUVDEH07,IFEPUG06,1.0
FUVDEH07,IFEPUG08,1.0
FUVDEH07,IFEPUG09,1.0
FUVDEH07,IFEQAN,1.0
FUVDEH07,IFEQER,1.0
FUVDEH07,IFEQIV,1.0
FUVDEH08,FUVDEH09,1.0
FUVDEH08,FUVDEH11,1.0
FUVDEH08,FUVDEH10,1.0
FUVDEH08,FUVDEH12,1.0
FUVDEH08,FUVDEH13,1.0
FUVDEH08,FUVFUZ,1.0
FUVDEH08,FUVGAG,1.0
FUVDEH08,FUVGAG01,1.0
FUVDEH08,FUVGAG02,1.0
FUVDEH09,FUVDEH11,1.0
FUVDEH10,FUVDEH11,1.0
FUVDEH10,FUVDEH12,1.0
FUVDEH10,FUVDEH13,1.0
FUVDEH10,FUVFUZ,1.0
FUVDEH10,FUVGAG,1.0
FUVDEH10,FUVGAG01,1.0
FUVDEH10,FUVGAG02,1.0
FUVYEB,FUVYEB01,1.0
FUVYOL,OCUGAX,1.0
FUVYOL,HINBUC,0.8999999761581421
FUVYOL,OCUFUQ,0.8999999761581421
FUWFIO,LABQOV,1.0
FUWFIO,GULWIU,1.0
FUWFIO,FUWFOU,1.0
FUWFIO,FUWFUA,1.0
FUWFIO,MUQZII,1.0
FUWFIO,XEGRAF,0.7300000190734863
FUWFOU,LABQOV,1.0
FUWFOU,GULWIU,1.0
FUWFOU,NASGIZ,1.0
FUWFOU,NASGIZ01,1.0
FUWFUA,LABQOV,1.0
FUWFUA,GULWEQ,1.0
FUWFUA,HEDHOP,1.0
FUWFUA,HEDHUV,1.0
FUWXIF,LUMMEN,1.0
FUWXIF,LUXDUE,1.0
FUWXIF,UFARUP,0.8999999761581421
FUWXOL,QEWYID,1.0
FUWXOL,TEDHAN,0.4642857015132904
FUWXOL,VAHWOS02,0.4642857015132904
FUXCOS,XOPKIX,0.949999988079071
FUXCOS,XOPKOD,0.949999988079071
FUXCOS,ZIHFUR,0.35199999809265137
FUYCAF,FUYCEJ,0.8999999761581421
FUYCAF,WOPSAX01,0.3842104971408844
FUYCAF,HAYYUE,0.25
FUYCAF,VATNIQ,0.30000001192092896
FUYCEJ,OTOLIU,0.3842104971408844
FUYCEJ,NIVFUT,0.3571428656578064
FUYCEJ,VATNIQ,0.30000001192092896
FUYCIN,TIVWUR,0.5727272629737854
FUYCIN,OWITEU,0.5727272629737854
FUYCIN,OWITIY,0.5727272629737854
FUYCOT,MIBQAR11,1.0
FUYCOT,MIBQAR13,1.0
FUYCOT,MIBQAR04,1.0
FUYCUZ,MIBQAR11,1.0
FUYCUZ,MIBQAR13,1.0
FUYCUZ,MIBQAR04,1.0
FUYKER,ZOZSEO,0.5860465168952942
FUYKER,HULBAT,0.5707316994667053
FUYKER,HUKZUK,0.5707316994667053
FUZDEL,ORONOA,0.31599998474121094
FUZDEL,ORONOA01,0.31599998474121094
FUZDEL,ZZZEJE01,0.31599998474121094
FUZPUN,VOWCIV,0.6275862455368042
FUZPUN,INESIE,0.6275862455368042
GACBIY,WUPZUE,0.7826086282730103
GACBIY,VOSWOR,0.7826086282730103
GACBIY,HANWAW,0.7652174234390259
GACBIY,IKOPEF,0.7000000476837158
GACBIY,IKOPIJ,0.7000000476837158
GACBIY,SOQHIR01,0.6000000238418579
GACBIY,ZINQAR,0.6100000143051147
GACBIY,ZINQEV,0.6100000143051147
GACTIQ,HIQKEY,0.8999999761581421
GACTIQ,YEKREO,0.7882353067398071
GACTIQ,MAPXEH,0.5950000286102295
GACTIQ,RUDLIN,0.4193548262119293
GACTOW,WEYQAU,1.0
GACTOW,ZUCXOK,1.0
GACTOW,IREGOD,1.0
GACVIS,XUJPOI,1.0
GACVIS,TONBUU,1.0
GACVIS,PUNYON,1.0
GADDEX,GADDOH,1.0
GADDEX,GADFAV,1.0
GADDEX,GADDUN,1.0
GADDOH,GADFAV,1.0
GADDOH,GADDUN,1.0
GADDOH,LARVIM,0.8999999761581421
GADDUN,GADFAV,1.0
GADDUN,UZUNOT,0.8999999761581421
GADFAV,UZUNOT,0.8999999761581421
GADNUX,PAQMAY,0.8999999761581421
GADNUX,NEMZIR,0.731249988079071
GADNUX,UQETOB,0.606249988079071
GADNUX,HULBOH,0.5727272629737854
GAFBEX,NACKOT01,1.0
GAFBEX,NACKOT,1.0
GAFBEX,KACSIS,0.8999999761581421
GAFBEX,GUBKUL,0.8999999761581421
GAFBEX,XOCROY,0.8999999761581421
GAFMIM,NAHQAQ,0.2730769217014313
GAFMIM,NAHQEU,0.2730769217014313
GAFMIM,HOPMUW,0.2607142925262451
GAFORM11,WIHTAK,1.0
GAFORM11,RUGGUX,1.0
GAFORM11,NUDPAE07,0.8999999761581421
GAFRAI,GAFRAI01,1.0
GAFRAI,MAZJEC,0.8999999761581421
GAFRAI,ZUVTEP,0.8999999761581421
GAFRAI,LICSUM,0.8999999761581421
GAFRAI,QEKZAI,0.30000001192092896
GAFRAI01,MAZJEC,0.8999999761581421
GAFRAI01,ZUVTEP,0.8999999761581421
GAFREN,LONHON,1.0
GAFREN,LIPZES,1.0
GAFREN,YICREI,1.0
GAFREN,XILBAW,1.0
GAFROX,GAFRUD,0.8999999761581421
GAFROX,ZEJFAY,0.7428571581840515
GAFRUD,TEJBUI,0.7428571581840515
GAFRUD,LUSYEF,0.7428571581840515
GAFRUD,LAYQUA,0.7428571581840515
GAFXIV,GURYOI,1.0
GAFXIV,GOKBUE,0.8999999761581421
GAFXIV,TAZSAP01,0.8999999761581421
GAFXOB,IHIMAP01,1.0
GAFXOB,IHIMAP,1.0
GAFXOB,MURTUO,0.8999999761581421
GAFXOB,KEGBII,0.8999999761581421
GAGDAW,XEMNUB,0.9419354796409607
GAGDAW,XEMPAJ,0.9419354796409607
GAGDAW,OKEHIW,0.8999999761581421
GAGDAW,IQAGEN,0.7617647051811218
GAGDAW,UQOGAK,0.8999999761581421
GAGDAW,XAPPOV,0.8999999761581421
GAGQAI,TEYLIV,1.0
GAGQAI,MUWQEB,1.0
GAGQAI,TEYMIW,1.0
GAGQAI,TEYMAO,1.0
GAGQAI,TEYMOC,1.0
GAGSIT,SOKKOT,1.0
GAGSIT,SOMFEG,1.0
GAGSIT,SOMFAC,1.0
GAGSIT,SOMFIK,1.0
GAGSUF,GAGTOA,1.0
GAGSUF,GAGTEQ,1.0
GAGSUF,GAGTAM,1.0
GAGSUF,GAGTUG,1.0
GAGTAM,GAGTOA,1.0
GAGTAM,GAGTEQ,1.0
GAGTAM,GAGTUG,1.0
GAGTEQ,GAGTOA,1.0
GAGTEQ,GAGTUG,1.0
GAGWOB,RAKBIO01,1.0
GAGWOB,RAKBIO02,1.0
GAGWOB,RAKBIO,1.0
GAGWUH,GAGWUH02,1.0
GAGWUH,LUKXAR,1.0
GAGWUH,GAGWUH01,1.0
GAGWUH01,GAGWUH02,1.0
GAGWUH01,LUKXAR,1.0
GAGWUH02,LUKXAR,1.0
GAGXAO,XAPRIR,1.0
GAGXAO,GUPJEG,1.0
GAGXAO,GUPJEG01,1.0
GAGXAO,XAPRIR01,1.0
GAGXAO,XAPRIR02,1.0
GAGXAP,GUKZES,0.8999999761581421
GAGXAP,MUMBIH,0.8999999761581421
GAGXAP,HAZYUE,0.8999999761581421
GAHKIJ10,KARPOI,0.6759999990463257
GAHKIJ10,KARREA01,0.6759999990463257
GAHKIJ10,KARREA,0.6759999990463257
GAHROZ,LOTJIP,0.6294118165969849
GAHROZ,OTODEI,0.550000011920929
GAHROZ,OTODIM,0.550000011920929
GAHROZ,OTODOS,0.550000011920929
GAHSEQ,GESFAN,0.5351351499557495
GAHSEQ,GESDUF,0.5351351499557495
GAHSEQ,VOYBOC,0.5307692289352417
GAHWIX,GIWZUK,0.8999999761581421
GAHWIX,WIQTUN,0.8999999761581421
GAJROA,LATJIA,0.8999999761581421
GAJROA,LATJEW,0.8999999761581421
GAJTOC,OVICUS,0.8999999761581421
GAJTOC,GAJVAQ,0.8999999761581421
GAJTOC,RUBGUS,0.8999999761581421
GAJTUI,RUBGUS,0.8999999761581421
GAJTUI,OVICUS,0.8999999761581421
GAJTUI,GAJVAQ,0.8999999761581421
GAJVAQ,RUBGUS,0.8999999761581421
GAJVAQ,OVICUS,0.8999999761581421
GAJVEU,MIBQAR11,1.0
GAJVEU,MIBQAR13,1.0
GAJVEU,MIBQAR04,1.0
GAJVIY,PIWLAL,1.0
GAJVIY,VAJNAW,1.0
GAJVIY,PIWLIT,1.0
GAJVIY,IYEXIT,1.0
GAJVIY,MEXYUM,0.8999999761581421
GAJVIY,SAQQIL,0.8999999761581421
GAJYUN,SAJSAY,0.8999999761581421
GAJYUN,XOVYUD,0.8999999761581421
GAJZAU,GAKBAX,0.8999999761581421
GAJZAU,KUQWIE,0.8999999761581421
GAJZAU,KUQWOK,0.8999999761581421
GAJZEY,GAKBAX,0.8999999761581421
GAJZEY,GAJZIC,0.8999999761581421
GAJZEY,XOVYUD,0.8999999761581421
GAJZOI,YOXKEC,0.8999999761581421
GAJZOI,KUQWIE,0.8999999761581421
GAJZOI,SAJSAY,0.8999999761581421
GAJZUO,YOXKEC,0.8999999761581421
GAJZUO,GAKBAX,0.8999999761581421
GAJZUO,SAJSAY,0.8999999761581421
GAKBAX,YOXKEC,0.8999999761581421
GAKSOB,RAKZEI,0.8999999761581421
GAKSOB,UFURAO,0.8999999761581421
GAKSOB,RAKZAE,0.8999999761581421
GAKSOB,UFUQUH,0.8999999761581421
GAKSOB,VUKPIB,0.8999999761581421
GAKXUN,VURQIJ,1.0
GAKXUN,NUYWOU,1.0
GAKXUN,PIDVUW,1.0
GAKXUN,UQIWIC,1.0
GALBUS,GALCAZ,0.8999999761581421
GALBUS,GALCED,0.8999999761581421
GALBUS,TEVVIC,0.64000004529953
GALCAZ,GALCED,0.8999999761581421
GALCAZ,YEKXET,0.7107142806053162
GALDUT,JEKRAT,0.8999999761581421
GALDUT,LALYOO,0.6576922535896301
GALDUT,PUKVAU,0.5040000081062317
GALHOS,IFIPEV,1.0
GALHOS,GALHUY,1.0
GALHOS,GALJAG,1.0
GALHOS,IYUHUG,1.0
GALHOS,SIRNOZ,0.8999999761581421
GALHOS,URUFIY,0.8999999761581421
GALHUY,IFIPEV,1.0
GALHUY,GALJAG,1.0
GALHUY,MUNLEN,0.8999999761581421
GALJAG,IYUHUG,1.0
GALJAG,WAQFAX,1.0
GALLEM,HOFSUS,0.8999999761581421
GALLEM,PUPXII01,0.8999999761581421
GALLEM,HEWWAK,0.550000011920929
GALLEM,JAPREA,0.4000000059604645
GALLEM,LAVDOE,0.683783769607544
GALLEM,QIRBUQ,0.683783769607544
GAMFAE,NIPHAY,1.0
GAMFAE,GAMFEI,1.0
GAMFAE,GAMKUD,1.0
GAMFEG,GAMFEG01,1.0
GAMFEG,PELXIP,0.8999999761581421
GAMFEG,INOYAL,0.6000000238418579
GAMFEG,LEYLIN,0.7810810804367065
GAMFEG,ROSKOB,0.6625000238418579
GAMFEG01,PELXIP,0.8999999761581421
GAMFEG01,LEYLIN,0.7810810804367065
GAMFEI,NIPHAY,1.0
GAMFEI,GAMKUD,1.0
GAMFEI,QUMJAL,0.5538461804389954
GAMKUD,NIPHAY,1.0
GAMKUD,QUMJAL,0.5538461804389954
GAMPUG,TISHIN,0.7961537837982178
GAMPUG,IBITEU,0.6785714030265808
GAMPUG,NICZAA01,0.6749999523162842
GAMSOD,GIMGOZ,0.7666666507720947
GAMSOD,GIMHAM,0.7666666507720947
GAMSOD,GIMGUF,0.7666666507720947
GAMTAQ,GAMTOE,1.0
GAMTAQ,GAMTEU,0.8999999761581421
GAMTAQ,XEJJOM,0.8999999761581421
GAMTEU,GAMTUK,1.0
GAMTEU,XEJJEC,0.8999999761581421
GAMTIY,GAMVAS,1.0
GAMTIY,XEJJIG,0.8999999761581421
GAMTIY,GAMTOE,0.8999999761581421
GAMTIY,YEGTAG,0.8999999761581421
GAMTUK,XEJJIG,0.8999999761581421
GAMVAS,XEJJEC,0.8999999761581421
GAMXAV,OSOTUN,0.7682926654815674
GAMXAV,IMAXEZ,0.40909090638160706
GANBAZ,QIJLAW,1.0
GANBAZ,JAKBIJ,1.0
GANBAZ,GANBUT,1.0
GANBAZ,JAKBOP,1.0
GANBAZ,JAKBOP01,1.0
GANBAZ,JAKBUV,1.0
GANBAZ01,QIJLAW,1.0
GANBAZ01,JAKBIJ,1.0
GANBAZ01,GANBUT,1.0
GANBAZ01,GANBIH,1.0
GANBAZ01,KURHIQ,1.0
GANBAZ02,QIJLAW,1.0
GANBAZ02,JAKBIJ,1.0
GANBAZ02,GANBUT,1.0
GANBED01,GANBED06,1.0
GANBED01,GANBON,1.0
GANBED03,GANBED06,1.0
GANBED03,GANBON,1.0
GANBED04,GANBED06,1.0
GANBED04,GANBON,1.0
GANBED05,GANBED06,1.0
GANBED05,GANBON,1.0
GANBED06,GANBON,1.0
GANBIH,GANBUT,1.0
GANBIH,JAKBOP01,1.0
GANBIH,SABFUX,1.0
GANBUT,QIJLAW,1.0
GANBUT,JAKBIJ,1.0
GANBUT,SABFUX,1.0
GANGEJ,GANHAG,1.0
GANGEJ,GANHAG01,1.0
GANGEJ,TUMGUD,1.0
GANGEJ,ZOMPAU,1.0
GANGEJ,ZOMPAU01,1.0
GANGEJ01,GANGEJ02,0.7230769395828247
GANGEJ01,HASNIB,0.446153849363327
GANGEJ02,HASNIB,0.5090909004211426
GANGUZ,KASHOE,0.8999999761581421
GANGUZ,XOCROY,0.8999999761581421
GANHAG,GANHAG01,1.0
GANHAG,TUMGUD,1.0
GANHAG01,ZOMPAU,1.0
GANHAG01,ZOMPAU01,1.0
GANHAG01,HAPTOJ,0.8999999761581421
GANHAG01,NIHDUD,0.8999999761581421
GANHAG01,TUMGUD,1.0
GANMAL,XEZDAH,0.8999999761581421
GANMAL,XADGEQ,0.8999999761581421
GANMAL,MOYVEC,0.8999999761581421
GANMAL,TIQDED,0.5142857432365417
GANMIU,OFUWAP,0.6882352828979492
GANMIU,OFUWOD,0.6882352828979492
GANMIU,OFUWET,0.6882352828979492
GANMIU,ITOBAV,0.4599999785423279
GAPNOD,GEGGEG01,0.8999999761581421
GAPNOD,GEGGEG,0.8999999761581421
GAPNOD,GEGHAD,0.8999999761581421
GAPQAQ,VUKTEC,1.0
GAPQAQ,VUKSUR,0.8999999761581421
GAPQAQ,VUKJOC,0.8999999761581421
GAPQEU,QIKZES,1.0
GAPQEU,VUKTOM,0.8999999761581421
GAPQEU,VUKTEC,0.8999999761581421
GAPQEU,TIXVON,0.8999999761581421
GAPQIY,IGUJOL,1.0
GAPQIY,VUKJOC,0.8999999761581421
GAPQIY,VUKSUR,0.8999999761581421
GAQKOB,ZEGSOW,1.0
GAQKOB,GUCTAB,0.8999999761581421
GAQKOB,QAKFIU,0.7000000476837158
GAQKOB,WELPEL,0.6000000238418579
GAQYIH,GIMWAB,1.0
GAQYIH,XAZFEJ,0.8999999761581421
GAQYIH,XAZGAG,0.8999999761581421
GARLAP,ZOFZUR,0.8999999761581421
GARLAP,GARLET,0.8999999761581421
GARLAP,GARLIX,0.8999999761581421
GARLAP,YICYUH,0.8999999761581421
GARLET,YICZAO,0.8999999761581421
GARLET,HIQJEZ,0.8999999761581421
GARLET,GARLUJ,0.8999999761581421
GARLET,GARLIX,0.8999999761581421
GARLIX,GARLUJ,0.8999999761581421
GARLIX,GARLOD,0.8999999761581421
GARLIX,GARMAQ,0.8999999761581421
GARLIX,QATKII,0.8999999761581421
GARLIX,QATKOO,0.8999999761581421
GARLIX,SIXWON,0.6827585697174072
GARLIX,YICYUH,0.8999999761581421
GARLOD,YICYUH,1.0
GARLOD,WAQDOK,0.8999999761581421
GARLOD,WAQDOK01,0.8999999761581421
GARLOD,YICZAO,0.8999999761581421
GARLUJ,QATKII,1.0
GARLUJ,YICYUH,0.8999999761581421
GARLUJ,GARMAQ,0.8999999761581421
GARLUJ,ZOFZUR,0.8999999761581421
GARMAQ,QATKOO,0.8999999761581421
GARMAQ,WAQDOK,0.8999999761581421
GARMAQ,YICZES,0.8999999761581421
GARQAU,XILTUK,1.0
GARQAU,NUCBIY,1.0
GARQAU,NUWVEI,1.0
GARQEY,XILTUK,1.0
GARQEY,NUCBIY,1.0
GARQEY,NUWVEI,1.0
GARQEY,NUWVIM,1.0
GARQEY,NUWVOS,1.0
GARQEY,XILTOE,1.0
GARQEY,XILVAS,1.0
GARQEY,XILVEW,1.0
GARQEY,XILVIA,1.0
GARSUQ,GICXAU,1.0
GARSUQ,GICXOI,0.8999999761581421
GARSUQ,GARTEB,0.8999999761581421
GARSUQ,GICXIC,0.8999999761581421
GARTAX,GICXEY,1.0
GARTAX,GICXIC,0.8999999761581421
GARTAX,GICXAU,0.8999999761581421
GARTAX,GARTEB,0.8999999761581421
GARTAX,GICXOI,0.8999999761581421
GARTAX,REVROC,0.6175000071525574
GARTEB,GICXIC,1.0
GARTEB,GICXEY,0.8999999761581421
GARTEB,GARTIF,0.8999999761581421
GARTEB,GICXAU,0.8999999761581421
GARTIF,GICXOI,1.0
GARTIF,GICXEY,0.8999999761581421
GARTIF,REVSAP,0.6175000071525574
GARZIL,UKOZOK,0.8999999761581421
GASROK,IBICAZ,0.7942857146263123
GASROK,IBICIH,0.7942857146263123
GASSUR,ITAFEQ,1.0
GASSUR,ITAFEQ01,1.0
GASSUR,GASTEC,0.8999999761581421
GASTEC,ITAFEQ01,0.8999999761581421
GASTEC,ITAFEQ,0.8999999761581421
GASTIG,PAQXUC,0.8999999761581421
GASTIG,IXAKAU,0.8999999761581421
GASTIG,ZUSZOE,0.8999999761581421
GATBUZ,MIBQAR11,1.0
GATBUZ,MIBQAR13,1.0
GATBUZ,MIBQAR04,1.0
GATHAL,HOJNUR,1.0
GATHAL,HOJNUR01,1.0
GATHAL,HAZGOF05,1.0
GATHAL,XAFBEN,0.8999999761581421
GATHAL,XAFBOX,0.8999999761581421
GATJIV,GINLIA,0.5625
GATJIV,KOXFUA,0.4767441749572754
GAVDUD,ZOFDUV,1.0
GAWHOD,LIHRUQ,1.0
GAWHOD,TISLIR,1.0
GAWHOD,LATPUU,0.8999999761581421
GAWJEV,WISTID,1.0
GAWJEV,POHLUV,0.8181818127632141
GAWJEV,POHMAC,0.8181818127632141
GAWJEV,NETYOD,0.7107142806053162
GAWJEV,PAKXIK,0.6428571343421936
GAWJEV,POHLOP,0.8181818127632141
GAWJIZ,TIVFIO,0.6187499761581421
GAWJIZ,XAGCIS,0.6187499761581421
GAWJIZ,ISIYUF03,0.19285714626312256
GAWJIZ,ISIYUF04,0.19285714626312256
GAWJIZ,PELSAA,0.4000000059604645
GAWMOI,TACPET,0.8999999761581421
GAWMOI,RUQSAX,0.8999999761581421
GAWMOI,ILIFOY,0.8999999761581421
GAWMOI,MUPRUL,0.8999999761581421
GAWMOJ,GISNED,1.0
GAWMOJ,GISMAY,1.0
GAWMOJ,TACJEO,1.0
GAWMOJ,LEJCIO,0.7300000190734863
GAWMOJ,PURJAO,1.0
GAWMOJ,PURJES,1.0
GAWMOJ,PURJIW,1.0
GAWWAD,OXCFOR,1.0
GAWWAD,VERZID,1.0
GAWWAD,YANBAR01,1.0
GAWZOW,TEVVAU,1.0
GAWZOW,TEVVOI,1.0
GAWZOW,TEVVEY,1.0
GAWZOW,TEVVIC,1.0
GAXKUN,IGUVIR,1.0
GAXKUN,IGUTUB,1.0
GAXROO,TALKAT,1.0
GAXROO,PEFDEK,1.0
GAXROO,SEMTIQ,0.7387096881866455
GAXROO,UQOSOJ,0.8999999761581421
GAXWIN,ZIYWIQ,0.8999999761581421
GAXWIN,NEZPOA,0.8999999761581421
GAXWIN,NIKJEX,0.8999999761581421
GAXWIN,WINRAP,0.8999999761581421
GAXWIN,ZAVLAM,0.7714285850524902
GAYFOD,QIJFIB,1.0
GAYFOD,XIRYIJ,1.0
GAYFOD,SOMSIY,0.8999999761581421
GAYFOD,MENVOT,0.5199999809265137
GAYFOD,TIJSUD,0.23846155405044556
GAYFUJ,QIJFEX,0.8999999761581421
GAYFUJ,XISMUK,0.8999999761581421
GAYFUJ,HOZWOK,0.550000011920929
GAYFUJ,RACBEE,0.3913043141365051
GAYGAQ,XISMUK,1.0
GAYGAQ,HUJVOX,1.0
GAYGAQ,QIJFEX,1.0
GAYGAQ,SOMSIY,0.8999999761581421
GAYGAQ,ZAVGUB02,0.3499999940395355
GAYGEU,XIRYEF,1.0
GAYGEU,HICTIZ,0.8999999761581421
GAYGEU,QIJFAT,0.8999999761581421
GAYGEU,RACBEE,0.3913043141365051
GAYPED,VEJHEZ,0.8999999761581421
GAYPED,MEFZUU,0.8999999761581421
GAYPED,VEJHID,0.8999999761581421
GAYXEM,GERBEN,1.0
GAYXEM,HERHAQ,1.0
GAYXEM,POFHAV,0.8999999761581421
GAYXIQ,VISZEF,1.0
GAYXIQ,VISYUU,1.0
GAYXIQ,VISZAB,1.0
GAYXIQ,RIHSEJ,0.8999999761581421
GAYXUC,RUYTUC,0.8999999761581421
GAYXUC,RUYTOW,0.8999999761581421
GAYXUC,JEJWOL,0.8999999761581421
GAYXUC,VEFMAW,0.8999999761581421
GAYXUC,YEYFEP,0.8999999761581421
GAZBUH,MIBQAR11,1.0
GAZBUH,MIBQAR13,1.0
GAZBUH,MIBQAR04,1.0
GAZCUI,GAZDAP,1.0
GAZCUI,PEHLIA,0.8999999761581421
GAZCUI,HOKLIE,0.8999999761581421
GAZCUI,HOKLOK,0.8999999761581421
GAZDAP,PEHLIA,0.8999999761581421
GAZDAP,HOKLIE,0.8999999761581421
GAZDAP,QUVLAW,0.8999999761581421
GAZZIS,GIWMAD,1.0
GAZZIS,GAZZIS02,1.0
GAZZIS,QAMVEH,0.8999999761581421
GAZZIS,QAMVEH01,0.8999999761581421
GAZZIS,XOPXAC,0.8999999761581421
GAZZIS,XUFYAA,0.8999999761581421
GAZZIS,XUFYEE,0.8999999761581421
GAZZIS01,GIWMAD,1.0
GAZZIS01,GAZZIS02,1.0
GAZZIS01,GAZZIS03,1.0
GAZZIS01,GAZZIS04,1.0
GAZZIS01,GAZZIS05,1.0
GAZZIS02,GIWMAD,1.0
GAZZIS02,IWEWOY,1.0
GAZZIS02,POFHAV,0.8999999761581421
GAZZIS02,RAYMIP,1.0
GAZZIS02,UNIDAY,1.0
GAZZIS03,GIWMAD,1.0
GAZZIS03,NEDLOZ,1.0
GAZZIS03,UNIDAY,1.0
GAZZIS04,GIWMAD,1.0
GAZZIS05,GIWMAD,1.0
GEBYIY,TALLAW,0.8999999761581421
GEBYIY,HAYXEN,0.8999999761581421
GEBYIY,GEBYOE,0.8999999761581421
GEBYIY,TALKUP,0.8999999761581421
GEBYOE,GEBYUK,1.0
GEBYOE,TALLAW,1.0
GEBYOE,UDITEJ,0.8999999761581421
GEBYOE,HAYXEN,0.8999999761581421
GEBYOE,TALBEQ,0.8999999761581421
GEBYOE,TALKUP,0.8999999761581421
GEBYUK,TALLAW,1.0
GEBYUK,UDITEJ,0.8999999761581421
GECRAI,OCUSUB,1.0
GECRAI,PENXUC,1.0
GECRAI,QADKAH01,1.0
GEDGUU,GEDXOF,1.0
GEDGUU,GEDXIZ,1.0
GEDGUU,GEDPAJ,0.8999999761581421
GEDKUX,GEDLIM,0.8999999761581421
GEDKUX,GEDLOS,0.8999999761581421
GEDKUX,LECFUW,0.6352941393852234
GEDKUX,NIGQAY,0.5274999737739563
GEDLEI,PUFWEU,1.0
GEDLEI,PUFWOE,1.0
GEDLEI,PUFVUJ,1.0
GEDLEI,PODJEZ,0.8999999761581421
GEDLEI,PODNIH,0.8999999761581421
GEDLEI,USICAB,0.8999999761581421
GEDLEI,USICAB02,0.8999999761581421
GEDLIM,GEDLOS,1.0
GEDLIM,UKAKEY,0.6352941393852234
GEDLOS,UKAKEY,0.6352941393852234
GEDPAJ,GEDPEN,1.0
GEDPAJ,GEDXIZ,0.8999999761581421
GEDPAJ,GEDXOF,0.8999999761581421
GEDPEN,GEDXIZ,0.8999999761581421
GEDPEN,GEDXOF,0.8999999761581421
GEDPIR,NABVAQ,0.8999999761581421
GEDPIR,KIKFIV,0.8999999761581421
GEDPIR,ZEFDOG,0.8999999761581421
GEDPOX,GEDYAS,0.8999999761581421
GEDPOX,WUPVAG,0.578125
GEDPOX,RUKDOS,0.578125
GEDQUD,GEDSAL,1.0
GEDQUD,GEDRAK,1.0
GEDQUD,GEDSUF,1.0
GEDQUD,GEDRUE,1.0
GEDRAK,GEDSAL,1.0
GEDRAK,GEDSUF,1.0
GEDROY,GEDTAM,1.0
GEDROY,YOSWUA,0.8999999761581421
GEDROY,ZIHKAF,0.6827585697174072
GEDRUE,GEDSAL,1.0
GEDRUE,GEDSUF,1.0
GEDSAL,GEDSUF,1.0
GEDXIZ,GEDXOF,1.0
GEDXUL,NABVAQ,1.0
GEDXUL,ZEFDOG,0.8999999761581421
GEDXUL,ZEFDIA,0.8999999761581421
GEDXUL,KIKFIV,0.8999999761581421
GEDXUL,ZEFDEW,0.8999999761581421
GEDYAS,OXOLAP,0.578125
GEDYAS,WUPTUY01,0.578125
GEFSUG,QIPVAO,0.8999999761581421
GEFSUG,ISUGOT,0.5785713791847229
GEFSUG,ISUGIN,0.5785713791847229
GEFSUG,NEVVEQ,0.30571427941322327
GEFSUG,NEYBEZ,0.34324324131011963
GEFTET,SEGWAF,1.0
GEFYUN,GEFZAU,1.0
GEFYUN,ZIBRAD,0.4959999918937683
GEFYUN,RAGREY,0.4959999918937683
GEFZAU,ZIBRAD,0.4959999918937683
GEFZAU,RAGREY,0.4959999918937683
GEGGEG,GEGGIK01,1.0
GEGGEG,GEGGIK,1.0
GEGGEG,GEGGEG01,1.0
GEGGEG,RIQVOD,0.8999999761581421
GEGGEG,VULFIT,1.0
GEGGEG,VULFOZ,1.0
GEGGEG01,GEGGIK01,1.0
GEGGEG01,GEGGIK,1.0
GEGGEG01,KOJZUF,0.5625
GEGGIK,GEGGIK01,1.0
GEGGIK01,RIQVOD,0.8999999761581421
GEGGIK01,RIQVUJ,0.8999999761581421
GEGGIK01,VULFIT,1.0
GEGGIK01,VULFOZ,1.0
GEGGUW,GEGHAD,1.0
GEGGUW,VULFOZ,0.8999999761581421
GEGGUW,VULFIT,0.8999999761581421
GEGGUW,RIQVOD,0.8999999761581421
GEGHAD,VULFOZ,0.8999999761581421
GEGHAD,VULFIT,0.8999999761581421
GEGLUA,MAGVOG17,0.8999999761581421
GEGLUA,MAGVOG16,0.8999999761581421
GEGLUA,MAGVOG20,0.8999999761581421
GEGSIW,NEFTOJ,0.8999999761581421
GEGSIW,IWEQOR,0.8999999761581421
GEGSIW,LASMUP,0.8999999761581421
GEHDAB,MOGMIE,0.8999999761581421
GEHDAB,NAXKOO01,0.8999999761581421
GEHDAB,LAPPAW,0.8999999761581421
GEHDAB,QAWROW,0.8999999761581421
GEHJUY,GEHQOZ,1.0
GEHJUY,XISXOM,1.0
GEHJUY,XISXIG,1.0
GEHNAI,GEHQOZ,1.0
GEHNAI,XISXOM,1.0
GEHNAI,XISXIG,1.0
GEHNAI,VABLIU,0.918181836605072
GEHNAI,VABLUG,0.918181836605072
GEHNAI,VABMER,0.918181836605072
GEHNAI,XISXAY,1.0
GEHNAI,XISXEC,1.0
GEHQAL,GEHQOZ,1.0
GEHQAL,XISXOM,1.0
GEHQAL,XISXIG,1.0
GEHQAL,XISXAY,1.0
GEHQAL,XISXEC,1.0
GEHQOZ,XISXOM,1.0
GEHQOZ,XISXIG,1.0
GEHQOZ,XISXAY,1.0
GEHQOZ,XISXEC,1.0
GEHXUP,MUGGIF,0.7230769395828247
GEJJEL,XESFIL,1.0
GEJJEL,MISQAH,1.0
GEJJEL,GEJJEL02,1.0
GEJJEL,IPIGIY,0.8999999761581421
GEJJEL01,XESFIL,1.0
GEJJEL01,MISQAH,1.0
GEJJEL01,GEJJEL02,1.0
GEJJEL02,XESFIL,1.0
GEJJEL02,MISQAH,1.0
GEJJEL02,GUDFIV,0.8999999761581421
GEJJEL02,LIGTOK,0.8999999761581421
GEJQEU,QQQAWM01,0.8999999761581421
GEJQEU,QUMPUK,0.8999999761581421
GEJQEU,NEDCAD,0.32499998807907104
GEKJAK,XOMRUO,0.8999999761581421
GEKJAK,PIZZII,0.8999999761581421
GEKJAK,XANDAU,0.8999999761581421
GEKJAK,XOMROI,0.8999999761581421
GEKQUI,GEKQUI01,1.0
GEKQUI,GEKQUI02,1.0
GEKQUI,RISVUL,0.8999999761581421
GEKQUI,RAJPAV,0.41999998688697815
GEKQUI01,GEKQUI02,1.0
GEKQUI01,RISVUL,0.8999999761581421
GEKQUI01,RAJPAV,0.41999998688697815
GEKQUI02,RISVUL,0.8999999761581421
GEKQUI02,RAJPAV,0.41999998688697815
GELDUZ,OPUDIN,1.0
GELDUZ,WAVDUT,1.0
GELDUZ,OGUZIA,1.0
GELDUZ,GIKREY,0.8999999761581421
GELDUZ,OVABUJ,0.8999999761581421
GELPES,GIKPIB,0.2928571403026581
GELPES,GORWUF,0.2928571403026581
GELPES,TOKKUB,0.531818151473999
GELPES,YEPTOF01,0.2928571403026581
GELPEV,YIQVUR,0.5354838371276855
GELPEV,NALWOO,0.49705880880355835
GELPEV,KAKCEH02,0.49705880880355835
GELVEZ,GELVEZ01,1.0
GELVEZ,GELVEZ02,1.0
GELVEZ01,GELVEZ02,1.0
GELVEZ01,ITETEH,0.8999999761581421
GELVEZ02,ITETEH,0.8999999761581421
GELVEZ02,GELVID01,0.8999999761581421
GELVID,GELVID01,1.0
GELVID,GEZRIP,0.8999999761581421
GELVID01,ITETEH,0.8999999761581421
GELVID01,WIKQAJ,0.8999999761581421
GENCEK,OFIXOR,0.6171428561210632
GENCEK,TEKYOA,0.6142857670783997
GENCEK,NIGDIS,0.6142857670783997
GENGEL,OFIDOX,0.8999999761581421
GENGEL,NEMXUB,0.8999999761581421
GENGEL,VILNUZ,0.8999999761581421
GENGEL,NEMXEL,0.8999999761581421
GENGEL,NEMXOV,0.8999999761581421
GENGEL,PETFEC,0.8999999761581421
GENMEU,SICRUU,1.0
GENMEU,KOSJIN,1.0
GENMEU,KOSJOT,1.0
GENMEU,SICROO,1.0
GENMIY,VAMPOR,1.0
GENMIY,ORIWAP,1.0
GENMIY,KOSLAH,1.0
GENMIY,SICQUT,1.0
GENMIY,SICRAA,1.0
GENMIY,SICREE,1.0
GENMIY,SICRII,1.0
GEPBEK,XAMGUQ,1.0
GEPBEK,WUHMUJ,1.0
GEPBEK,USAYOE,1.0
GEQQEB,QAWREM,1.0
GEQQEB,QAWRIQ,0.8999999761581421
GEQQEB,QAWROW,0.8999999761581421
GEQQEB,MIZJUB,0.8999999761581421
GEQQIF,QAWRIQ,1.0
GEQQIF,LAPNUO,0.8999999761581421
GEQQIF,VURMOL,0.8999999761581421
GEQQUR,YIHZIA,0.8999999761581421
GEQQUR,MIZJUB,0.8999999761581421
GEQQUR,TEPJAB,0.8999999761581421
GEQQUR,VURMOL,0.8999999761581421
GERBEN,HERHAQ,1.0
GERBEN,HERHEU,1.0
GERBEN,PEZCII,0.8999999761581421
GERBIR,XOVPUU,0.8999999761581421
GERBIR,RIBSON,0.7666666507720947
GERBIR,NIHGET,0.7666666507720947
GERWEH,GERWOR,0.8999999761581421
GERWEH,GERWIL,0.8999999761581421
GERWIL,GERWOR,0.8999999761581421
GERWOR,OCAWAT,0.686956524848938
GERXEJ,SELKUS,0.8999999761581421
GERXEJ,SELLAZ,0.8999999761581421
GERXEJ,RUBLAD03,0.8999999761581421
GERXIN,IXEJIG,1.0
GERXIN,HERJOG,1.0
GERXIN,RUBLAD,1.0
GERXIN,RUBLAD03,1.0
GERXIN,YEKJEG,0.5099999904632568
GESDUF,GESFAN,0.8999999761581421
GESDUF,LITCUO,0.8199999928474426
GESDUF,JUSKIT,0.7199999690055847
GESFAN,LITCIC,0.8199999928474426
GESFAN,LITCUO,0.7199999690055847
GESFEQ,SAKDEQ,1.0
GESFEQ,LETFUN,1.0
GESFEQ,NERCOE,1.0
GESNOI,LEDJUA,1.0
GESNOI,QOVDAH,0.8999999761581421
GESNOI,IVEQEG01,0.8999999761581421
GETTIJ,HACVAI01,0.8999999761581421
GETTIJ,HACVAI,0.8999999761581421
GETTIJ,LALZIJ,0.8999999761581421
GETWEJ,OYIVOI,0.8999999761581421
GETWEJ,WENDIE,0.8999999761581421
GETWEJ,MOFTIL01,0.8999999761581421
GETWUZ,GETXAG01,0.8999999761581421
GETWUZ,GETXAG,0.8999999761581421
GETWUZ,ZARTAP03,0.7043477892875671
GETWUZ,OQIJII,0.5090909004211426
GETXAG,GETXAG01,1.0
GETXAG,ZARTAP03,0.7043477892875671
GETXAG01,ZARTAP03,0.7043477892875671
GETXAG01,XIFPAF,0.47499996423721313
GEVGUL,KOHSAD,0.71875
GEVGUL,QADFUZ,0.6272727251052856
GEVGUL,KOHROQ,0.6187499761581421
GEVGUL,IMETAW,0.28285714983940125
GEVJUP,VAXSUK,0.33157894015312195
GEVJUP,WILNIP01,0.27931031584739685
GEVJUP,WILNIP,0.27931031584739685
GEVKID,RICHAN,0.8999999761581421
GEVKID,TOBQEH,0.8999999761581421
GEVKID,MIFFAJ,0.8999999761581421
GEVMEA,SAJLAT,1.0
GEVMEA,JOSTIU,1.0
GEVMEA,WICGIB,1.0
GEVMEA01,SAJLAT,1.0
GEVMEA01,JOSTIU,1.0
GEVMEA01,WICGIB,1.0
GEVMEA02,SAJLAT,1.0
GEVMEA02,JOSTIU,1.0
GEVMEA02,WICGIB,1.0
GEVMEA02,QITMOW,0.5909091234207153
GEVQIH,XUZFEE,0.3891891837120056
GEVSAE,IZETUE,0.4214285612106323
GEVSAE,IZEVOA,0.4214285612106323
GEVSAE,IZEVAM,0.4214285612106323
GEVVUB,ZIGFEC,1.0
GEVVUB,ZIGFIG,1.0
GEVVUB,GEVWAI,1.0
GEVWAI,ZIGFEC,1.0
GEVWAI,ZIGFIG,1.0
GEVWUC,XOBGON,0.8999999761581421
GEVWUC,PEGCEM,0.8999999761581421
GEVWUC,KABXOC,0.8999999761581421
GEVXAI,VIFBIX,1.0
GEVXIQ,NATRAD,1.0
GEVXIQ,VIFBIX,1.0
GEVZUE,SEZCUY,0.8999999761581421
GEVZUE,SEZCOS,0.8999999761581421
GEVZUE,SEZCIM01,0.8999999761581421
GEVZUE01,QUVZIS,0.8999999761581421
GEVZUE01,UNOBAB,0.8999999761581421
GEVZUE01,SEZDAF,0.8999999761581421
GEWROS,XIDCEU,0.8999999761581421
GEWROS,KEPLID,0.8999999761581421
GEWROS,KEPKEY,0.8999999761581421
GEWSEJ,OYEWEW,0.8999999761581421
GEWSEJ,YEYFEP,0.8999999761581421
GEWSEJ,RUYVAK,0.8999999761581421
GEWWIQ,GEWWOW,0.6823529601097107
GEWWIQ,UHOYIZ,0.4374999701976776
GEWWIQ,QESPIO,0.4176470637321472
GEWWIQ,IMETAW,0.3913043141365051
GEWWOW,IMETAW,0.5684210062026978
GEWWOW,HACPOR,0.3571428656578064
GEYLEE,VEHKIE,0.5909091234207153
GEYLEE,IJEXIF,0.5909091234207153
GEYLEE,RIFDUG01,0.5909091234207153
GEZFIC,RAPFOG,0.8999999761581421
GEZFIC,GEZFOI,0.8999999761581421
GEZFIC,LAVYEP,0.5478260517120361
GEZFIC,RAPFUM,0.4645161032676697
GEZFOI,RAPFOG,0.8999999761581421
GEZFOI,LAVYEP,0.5478260517120361
GEZFOI,RAPFUM,0.4645161032676697
GEZNAC,MAXHOJ,0.36666664481163025
GEZNAC,MAXHUP,0.36666664481163025
GEZNAC,JAWXEN,0.3413792848587036
GEZNAC,XIGYIY,0.3413792848587036
GEZNAC,XIGYUK,0.3413792848587036
GEZRIP,SIYXIH10,0.8999999761581421
GEZRIP,WIKQAJ,0.8999999761581421
GIBWOE,QOBGEV,1.0
GICXAU,GICXOI,0.8999999761581421
GICXAU,REVRUI,0.6175000071525574
GICXEY,GICXOI,0.8999999761581421
GICXIB,ZNFORD,1.0
GICXIB,SIWYOO,1.0
GICXIB,ZNFORD05,1.0
GICXIB01,ZNFORD,1.0
GICXIB01,SIWYOO,1.0
GICXIB01,ZNFORD05,1.0
GICXIB02,ZNFORD,1.0
GICXIB02,SIWYOO,1.0
GICXIB02,ZNFORD05,1.0
GICYIC,HOWRIW,0.8999999761581421
GICYIC,YAQNOV,0.8999999761581421
GICYIC,QATXIU,0.8999999761581421
GICYIC,HOWROC,0.8999999761581421
GICZOI,WEFXAH,0.5178571343421936
GICZOI,WULBEM,0.5034482479095459
GIDKOU,MULQOA,1.0
GIDKOU,TEFWOR,0.8999999761581421
GIDKOU,PEGQUP,0.8999999761581421
GIDKOU,KAVKIC,0.8999999761581421
GIDKOU,RASXIT,0.8999999761581421
GIFFAE,NUVDOY,1.0
GIFFAE,NUVFAM,0.8999999761581421
GIFFAE,SOGSAJ,0.8999999761581421
GIFFAE,ITIBET,0.8999999761581421
GIFFAE,NUVCUD,0.8999999761581421
GIFFAE,NUVDAK,0.8999999761581421
GIFFAE,YEDBOB,0.8999999761581421
GIFFEI,NUVDUE,1.0
GIFFEI,OKASEZ,0.8999999761581421
GIFFEI,NUVDIS,0.8999999761581421
GIFFEI,SOGSAJ,0.8999999761581421
GIFFEI,SOGSAJ01,0.8999999761581421
GIFJUD,LEPSEH,0.8999999761581421
GIFJUD,WICLEC,0.8999999761581421
GIFJUD,VALXAK,0.8999999761581421
GIFVEY,ZAWTUO,0.8999999761581421
GIFVEY,ZAWTIC,0.8999999761581421
GIFVEY,HIZJEH,0.8999999761581421
GIFVEY,PARXAJ,0.8399999737739563
GIFVEY,RUBDUO,0.6617646813392639
GIFWUP,SETVOF,0.8999999761581421
GIFWUP,ZESVEB,0.8999999761581421
GIFWUP,NARTUX,0.8999999761581421
GIGBAB,GIGBEF,0.550000011920929
GIGBAB,GIGBOP,0.550000011920929
GIGBAB,XUJDAI03,0.4214285612106323
GIGBAC,VAGTUU,0.6040000319480896
GIGBEF,GIGBOP,1.0
GIGBEF,GUPBEZ02,0.34545454382896423
GIGBOO,RAPBIT,0.8999999761581421
GIGBOO,RAPBEP,0.8999999761581421
GIGBOO,UHUNEQ,0.8999999761581421
GIGBOP,GUPBEZ02,0.34545454382896423
GIGBUU,XEVMUG,0.8999999761581421
GIGBUU,XEVMUG01,0.8999999761581421
GIGBUU,HAFWIW,0.8999999761581421
GIGBUU,MIVMUA,0.8999999761581421
GIGCAB,ZOFXAV,0.8999999761581421
GIGCAB,OGALAK,0.8999999761581421
GIGCAB,UHUNEQ,0.8999999761581421
GIGGAH,NEVSUF03,1.0
GIGGAH,GIGGEL,1.0
GIGGAH,NEVSUF08,1.0
GIGGEL,NEVSUF03,1.0
GIGGEL,NEVSUF08,1.0
GIGGEL,NEVDEA,1.0
GIGGEL,NEVDIE,1.0
GIGGEL,NEVKUX,1.0
GIGGEL,NEVLAE,1.0
GIGGEL,NEVSUF,1.0
GIGGEL,NEVSUF01,1.0
GIGGEL,NEVSUF02,1.0
GIGGEL,NEVSUF04,1.0
GIGGEL,NEVSUF05,1.0
GIGGEL,NEVSUF06,1.0
GIGGEL,NEVSUF07,1.0
GIGGEL,NEVSUF09,1.0
GIGGEL,NEVSUF10,1.0
GIGGEL,NEVSUF11,1.0
GIGGEL,NEVSUF12,1.0
GIGWID,GIGWID01,1.0
GIGWID,QEHJUJ,0.8999999761581421
GIGWID,KIHTOL,0.8999999761581421
GIGWID,KIHTOL01,0.8999999761581421
GIGWID,OBUZIV,0.8999999761581421
GIGWID,OJAKOA,0.48571428656578064
GIGWID01,QEHJUJ,0.8999999761581421
GIGWID01,KIHTIF,0.8999999761581421
GIGWID01,KIHTUR,0.8999999761581421
GIGWID01,OJAKOA,0.48571428656578064
GIGWID01,SESDIE,0.8999999761581421
GIHVIF,GIHVOL,0.8999999761581421
GIHVIF,RIWSUM,0.6387096643447876
GIHVIF,MIQCUL,0.5354838371276855
GIHVOL,RIWSUM,0.6387096643447876
GIHVOL,WUHMUJ,0.5354838371276855
GIJLIX,LUCKAX,0.9307692646980286
GIJLIX,SAHWUW,0.8999999761581421
GIJMOB,GIJMOB01,1.0
GIJMOB,YIQMOA,0.4300000071525574
GIJMOB,QUTBOY,0.3076923191547394
GIJMOB,QECDAF,0.24827586114406586
GIJMOB01,YIQMOA,0.4300000071525574
GIJMOB01,QUTBOY,0.3076923191547394
GIKBEK,LAHYOL,1.0
GIKBEK,LOYBIM,0.46799996495246887
GIKLUK,NEFTUP,0.804347813129425
GIKLUK,VUMCEM,0.804347813129425
GIKLUK,PAPKAV,0.7230769395828247
GIKMOD,LUSZIJ01,1.0
GIKMOD,LUSZIJ,1.0
GIKMOD,LUSZOP,1.0
GIKMOD01,LUSZIJ01,1.0
GIKMOD01,LUSZIJ,1.0
GIKMOD01,LUSZOP,1.0
GIKMOD02,LUSZIJ01,1.0
GIKMOD02,LUSZIJ,1.0
GIKMOD02,LUSZOP,1.0
GIKMOD02,HUCBOX,1.0
GIKMOD02,HUCBOX01,1.0
GIKMOD02,HUCBOX02,1.0
GIKMOD02,KUKMUA,1.0
GIKMOD02,LUSZOP01,1.0
GIKMOD02,LUSZUV,1.0
GIKMOD02,LUTBEI,1.0
GIKMOD02,LUTBUY,1.0
GIKMOD02,LUTCAF,1.0
GIKMOD02,LUTCEJ,1.0
GIKMOD02,LUTCIN,1.0
GIKMOD02,LUTDAG,1.0
GIKMOD03,LUSZIJ01,1.0
GIKMOD03,LUSZIJ,1.0
GIKMOD03,LUSZOP,1.0
GIKMOD03,HUCBOX,1.0
GIKMOD03,HUCBOX01,1.0
GIKMOD03,HUCBOX02,1.0
GIKMOD04,LUSZIJ01,1.0
GIKMOD04,LUSZIJ,1.0
GIKMOD04,LUSZOP,1.0
GIKMOD05,LUSZIJ01,1.0
GIKMOD05,LUSZIJ,1.0
GIKMOD05,LUSZOP,1.0
GIKMOD06,LUSZIJ01,1.0
GIKMOD06,LUSZIJ,1.0
GIKMOD06,LUSZOP,1.0
GIKMOD06,WOFROZ,0.8999999761581421
GIKMOD06,WOFROZ01,0.8999999761581421
GIKMOD07,LUSZIJ01,1.0
GIKMOD07,LUSZIJ,1.0
GIKMOD07,LUSZOP,1.0
GIKMOD08,LUSZIJ01,1.0
GIKMOD08,LUSZIJ,1.0
GIKMOD08,LUSZOP,1.0
GIKMOD09,LUSZIJ01,1.0
GIKMOD09,LUSZIJ,1.0
GIKMOD09,LUSZOP,1.0
GIKMOD09,IZAVUA,0.8999999761581421
GIKMOD09,IZAVUA01,0.8999999761581421
GIKMOD10,LUSZIJ01,1.0
GIKMOD10,LUSZIJ,1.0
GIKMOD10,LUSZOP,1.0
GIKMOD11,LUSZIJ01,1.0
GIKMOD11,LUSZIJ,1.0
GIKMOD11,LUSZOP,1.0
GIKMOD12,LUSZIJ01,1.0
GIKMOD12,LUSZIJ,1.0
GIKMOD12,LUSZOP,1.0
GIKPIB,GORWUF,1.0
GIKPIB,YEPTOF01,1.0
GIKREY,SOGXIW,0.8999999761581421
GIKREY,OPEMIG,0.3739130198955536
GIKREY,OVABUJ,0.8999999761581421
GIKREY,SAXDOL,0.36249998211860657
GIKYIL,TALKAT,0.751724123954773
GIKYIL,PEFDEK,0.751724123954773
GILFUF,YELREP,0.7428571581840515
GILFUF,YUWDIF,0.5594594478607178
GILFUF,LUFCAS,0.5594594478607178
GILGAM,KAXKIG,1.0
GILGAM,KAXJOL,0.8999999761581421
GILGAM,KAXKEC,0.8999999761581421
GILGAM,KAXJUR,0.8999999761581421
GILGAM,KAXKAY,0.8999999761581421
GILGEQ,ZIQDEL,0.8999999761581421
GILGEQ,YUWDIF,0.6108108162879944
GILGEQ,LUFBUL,0.6108108162879944
GILGEQ,QEYWOH,0.47999998927116394
GILYUY,LUYBIS,0.6294118165969849
GILYUY,TOHMIO,0.6294118165969849
GIMBIN,GIMBIN01,1.0
GIMBIN,GIMBIN02,1.0
GIMBIN,GIMBIN05,1.0
GIMBIN,MIDBEI,0.6625000238418579
GIMBIN02,MIDBEI,0.6625000238418579
GIMGOZ,GIMHAM,1.0
GIMGOZ,GIMGUF,1.0
GIMGUF,GIMHAM,1.0
GIMSUS,ROCZEQ,1.0
GIMSUS,WEBKIX,1.0
GIMSUS,KEJBOQ,1.0
GIMSUS,KEJHIQ,1.0
GIMSUS,RIGHAR,1.0
GIMSUS,ROCZAM,1.0
GIMSUS,TOFQEM,1.0
GIMWAB,XAZFEJ,0.8999999761581421
GIMWAB,XAZGAG,0.8999999761581421
GIMWAB,IZETUE,0.8999999761581421
GIMWAB,IZEVAM,0.8999999761581421
GIMWAB,IZEVOA,0.8999999761581421
GINDAL,GINLEX,1.0
GINDAL,RIHSEJ,0.8999999761581421
GINDAL,YICPEI,0.8999999761581421
GINDAL,GUDVOS,0.800000011920929
GINHOD,WEYQAU,1.0
GINHOD,WEYQAU09,1.0
GINHOD,WEYPUN,1.0
GINHOD,WEYQAU01,1.0
GINHOD,WEYQAU02,1.0
GINHOD,WEYQAU03,1.0
GINHOD,WEYQAU04,1.0
GINHOD,WEYQAU05,1.0
GINHOD,WEYQAU06,1.0
GINHOD,WEYQAU07,1.0
GINHOD,WEYQAU08,1.0
GINHOD,WEYQAU10,1.0
GINHOD,WEYQAU11,1.0
GINHOD,WEYQAU12,1.0
GINHOD,WEYQAU13,1.0
GINHOD,WEYQAU14,1.0
GINHOD,WEYQAU15,1.0
GINHOD,WEYQAU16,1.0
GINHOD,WEYQEY,1.0
GINLEX,RIHSEJ,0.8999999761581421
GINLEX,YICPEI,0.8999999761581421
GINLEX,LATBUG,0.590624988079071
GINLEX,LATCAN,0.590624988079071
GINLIA,IDOJUJ,0.7749999761581421
GINLIA,TADWEC,0.6812499761581421
GINTUT,OGUREO,0.9142857193946838
GINTUT,MAGBON,0.8999999761581421
GINTUT,SAJLOH,0.7839999794960022
GINVAB,RIYWED,1.0
GINVAB,RIYWIH,1.0
GINVAB,MAFZIE,0.8999999761581421
GINVAB,GINVEF,0.8999999761581421
GINVAB,XAQTIU,0.33225804567337036
GINVEF,MAFZIE,0.8999999761581421
GINVEF,RIYWED,0.8999999761581421
GINVEF,RIYWIH,0.8999999761581421
GINYAG,RAVVUH,0.8999999761581421
GINYAG,TOBKEC,0.8999999761581421
GINYAG,TOBKAY,0.8999999761581421
GINYAG,GUVBOQ,0.8181818127632141
GINYAG,TOBJUR,0.8999999761581421
GINYAG,ZEHJEE,0.8999999761581421
GINYIO,GINYOU,0.9678571820259094
GINYIO,GINYUA,0.9678571820259094
GINYIO,RAVWAO,0.8999999761581421
GINYOU,GINYUA,1.0
GINYOU,RAVWUI,0.8999999761581421
GINYOU,RAVWAO,0.8678571581840515
GINYOU,RAVWES,0.8999999761581421
GINYOU,RAVXET,0.5727272629737854
GINYUA,RAVWUI,0.8999999761581421
GIPCIU,UVIKOA,0.8999999761581421
GIPCIU,NUHBEY,0.8999999761581421
GIPCIU,TUTZUD,0.8999999761581421
GIPCIU,PEBGAH,0.8999999761581421
GIPCIU,PEBGIP,0.8999999761581421
GIPFAP,NIHGET,0.6181818246841431
GIPFAP,HERHUK,0.6181818246841431
GIPFAP,HERHUK02,0.6181818246841431
GIQHAQ,RUXWEM,1.0
GIQHAQ,WUJFOX,1.0
GIQHAQ,RUXWEM01,1.0
GIQHAQ,RUXWEM03,1.0
GIQZIQ,NAWKII,1.0
GIQZIQ,LEVNOQ01,1.0
GIQZIQ,LEVNOQ,1.0
GIQZIQ,TAGTUT,1.0
GIRHAR,JEFGEH,0.42553189396858215
GIRHAR,GIRHIZ,0.42553189396858215
GIRHIZ,JEFGEH,1.0
GIRHIZ,QUBZAP,0.582926869392395
GIRQAB,VEYXED,0.8999999761581421
GIRQAB,HAVXUZ,0.35357141494750977
GIRQAB,YAMKOP,0.35357141494750977
GIRXUC,RIFDUG01,1.0
GIRXUC,NIWYAV,1.0
GISLOK,HURGUX01,0.8999999761581421
GISLOK,NOCMAU,0.8999999761581421
GISLOK,IDIXAU,0.8999999761581421
GISLOK,LUCDAO,0.8999999761581421
GISLOK,TONBII,0.8999999761581421
GISMAY,PURJES,1.0
GISMAY,GISNED,1.0
GISMAY,RUMWUS,1.0
GISMAY,TACJEO,1.0
GISNED,PURJES,1.0
GISNED,PURJAO,1.0
GISNED,PURJIW,1.0
GISNED,REQVOB,0.8999999761581421
GISNED,REQWES,0.8999999761581421
GISNED,RUMWUS,1.0
GISNED,WAGYUA,1.0
GITBOC,GITBUI,1.0
GITBOC,OROZUR,1.0
GITBOC,NENXIO,0.8999999761581421
GITBOC,TAHFAL,0.8999999761581421
GITBUI,OROZUR,1.0
GITBUI,NENXIO,0.8999999761581421
GITBUI,RUJGIN,0.6000000238418579
GITBUI,RUJGOT,0.6000000238418579
GITBUI,TAHFAL,0.8999999761581421
GITBUI,WAVXUO,0.7749999761581421
GITBUI,WUVYOC,0.6000000238418579
GITLEC,MELJET02,1.0
GITLEC,MELJET,1.0
GITLEC,MELJET01,1.0
GITLEC,IJUSUD,1.0
GITLEC,JOJLOK,0.8999999761581421
GITTEJ,VEJYUV05,1.0
GITTEJ,VEJYUV04,1.0
GITTEJ,IMIDZB02,1.0
GITTIN,UZAROE,1.0
GITTIN,REGXOS,1.0
GITTOT,OBATUJ,1.0
GITTOT,GITTOT01,1.0
GITTOT,GITTOT02,1.0
GITTOT01,OBATUJ,1.0
GITTOT01,GITTOT02,1.0
GITTOT02,OBATUJ,1.0
GITVAH,YESZII,1.0
GITVAH,YESYUT,1.0
GITVIP,GITVIP01,1.0
GITVIP,GIZJUV,1.0
GITVIP,YITKIY,0.4000000059604645
GITVIP01,GIZJUV,1.0
GITVIP01,YITKIY,0.4000000059604645
GITWIQ,YESYIH,1.0
GITWIQ,YESZII,1.0
GITWIQ,MINMAA01,1.0
GITWIQ,MINLON,1.0
GITWIQ,MINLON01,1.0
GITWIQ,YESXAY,1.0
GITWIQ,YESXEC,1.0
GITWIQ,YESXIG,1.0
GIVDUL,SUHNAL,0.5695652365684509
GIVDUL,SUHPIV,0.5695652365684509
GIVDUL,XAXDIM,0.4681817889213562
GIVDUL,XINRAP,0.3681817948818207
GIVHIC,HERROL,0.4000000059604645
GIVHIC,UBUMOW,0.27000001072883606
GIVVUF,GIVWAM,1.0
GIWFUP,GIWFUP01,1.0
GIWFUP,QOKBUO,0.8714286088943481
GIWFUP,JAKPET,0.574999988079071
GIWFUP01,QOKBUO,0.8714286088943481
GIWMAD,NEDLOZ,1.0
GIWMAD,IWEWOY,1.0
GIWMAD,POFHAV,0.8999999761581421
GIWVAK,TEDPIC,0.8999999761581421
GIWVAK,TEJXIQ,0.8999999761581421
GIWVAK,WUGLIU,0.84375
GIWYIX,WUFHIQ,0.8999999761581421
GIWYIX,UPEMUZ,0.8999999761581421
GIWYIX,SOCJUR,0.7942857146263123
GIWYIX,VORSAY,0.7171428799629211
GIWYIX,VORSEC,0.7171428799629211
GIWZUK,WIQVAV,0.8999999761581421
GIWZUK,PELRIJ,0.8999999761581421
GIXGOK,USOSUS,1.0
GIXGOK,MOHMUT,1.0
GIXGOK,GOBGAG,1.0
GIXGOK,PAYZIB,0.8999999761581421
GIXNAF,ZIWRUV,0.8999999761581421
GIXNAF,WEBVEG,0.8999999761581421
GIXNAF,KELFUF,0.8999999761581421
GIXNAF,WEBVIK,0.8999999761581421
GIXTUF,OVEHUT,0.7000000476837158
GIXTUF,TOKDON,0.7000000476837158
GIXTUF,ZENNEO,0.4636363387107849
GIXVOB,ROYSOP,1.0
GIXVOB,ROYTAC,0.8999999761581421
GIXVOZ,ULUCUZ,1.0
GIXVOZ,NAHNLA10,0.8999999761581421
GIXVOZ,XELHUS,0.8999999761581421
GIYSAJ,GIYSAJ03,1.0
GIYSAJ,GIYSAJ02,1.0
GIYSAJ,YAPXIX,0.8999999761581421
GIYSAJ,HUGLIG,0.8999999761581421
GIYSAJ02,GIYSAJ03,1.0
GIYSAJ02,YAPXIX,0.8999999761581421
GIYSAJ02,VEGXUC,0.8999999761581421
GIYSAJ03,YAPXIX,0.8999999761581421
GIYSAJ03,HUGLIG,0.8999999761581421
GIYTOY,GIZNOT,1.0
GIYTOY,YIKGEF01,1.0
GIYTOY,YIKGEF,1.0
GIYTUE,GIZNOT,1.0
GIYTUE,YIKGEF01,1.0
GIYTUE,YIKGEF,1.0
GIYTUE,UDOQIQ,0.8999999761581421
GIYTUE,YORZAH,0.8999999761581421
GIZJOP,SIWJAM,1.0
GIZJOP,VEJYUV06,1.0
GIZJOP,VEJYEP01,1.0
GIZJOP,KEVLEE,1.0
GIZJUV,YITKIY,0.4000000059604645
GIZNOT,YIKGEF01,1.0
GIZNOT,YIKGEF,1.0
GIZNOT,KOLQAE,0.8999999761581421
GIZNOT,YORYUA,0.8999999761581421
GIZVER,ICAMEG,1.0
GIZVER,RAVCUO,0.8999999761581421
GIZXET,LIVREP,1.0
GIZXET,YARGAB,1.0
GIZXET,TIRQOB,1.0
GIZXET,UZOBES,0.8999999761581421
GIZXET,XEZREC,0.8999999761581421
GLALCU10,WASRAK,0.565517246723175
GLALCU10,YAZWOM,0.5344827771186829
GLALCU10,GMETCU,0.49705880880355835
GLALCU10,WUHXEC,0.40857142210006714
GMETCU,WASRAK,0.6343750357627869
GMETCU,OHETIE,0.5454545617103577
GMETCU,LEBBOM,0.5114285945892334
GMETCU,JOYZII,0.5062499642372131
GOBGAG,USOSUS,1.0
GOBGAG,MOHMUT,1.0
GOBGAG,HOZXOL,0.5695652365684509
GOBXAY,TEPWIX,1.0
GOCTID,MAYJOM,1.0
GOCTID,VIFPUY04,1.0
GOCTID,VIFPUY03,1.0
GOCTID,KEDWOI,1.0
GOCTID,LOQLEJ,1.0
GOFDAH,GOGHIU,0.4000000059604645
GOFDAH,TUFRAP,0.3240000009536743
GOFNEV,REVYUO,0.3700000047683716
GOFNEV,ZOFZAX,0.36129030585289
GOGLEU,TAMRAD,1.0
GOGLEU,XADGUG,0.8999999761581421
GOGLEU,NEBTIA,0.8999999761581421
GOGLUJ,PAPPAZ,0.37123286724090576
GOGLUJ,VUHHIQ,0.37123286724090576
GOGMIA,VEYTID,0.8999999761581421
GOGMIA,MAKWIG,0.8999999761581421
GOGMIA,NAJTIB,0.8999999761581421
GOJDOZ,GOJFAN,1.0
GOJDOZ,GOJDUF,1.0
GOJDOZ,YEMHOO,0.8999999761581421
GOJDUF,GOJFAN,1.0
GOJDUF,YEMHOO,0.8999999761581421
GOJDUG,HIQKEY,0.530434787273407
GOJDUG,HORHAX01,0.44999998807907104
GOJDUG,HORHAX02,0.44999998807907104
GOJFAN,YEMHOO,0.8999999761581421
GOKBUE,RUVRUX,1.0
GOKBUE,YAWZUS,0.8999999761581421
GOKBUE,YOXYAN,0.8999999761581421
GOKBUE,GURYOI,0.8999999761581421
GOKBUE,REQKEF,0.8999999761581421
GOKKIA,SIWPUL02,1.0
GOLSIL,MAXFIA,0.4599999785423279
GOLSIL,XAYMUF,0.4599999785423279
GOLSIL,IXACOZ,0.43333330750465393
GONMON,GONMUT,0.8999999761581421
GONMON,GONNAA,0.8999999761581421
GONMON,UYEWIG02,0.44411763548851013
GONMUT,GONNAA,0.8999999761581421
GONMUT,XUGDUA,0.4162161946296692
GONTAG,JIRLII,0.8999999761581421
GONTAG,JASMOG,0.8999999761581421
GONTAG,PAMHES,0.8999999761581421
GONTAG,HUFLIF,0.8999999761581421
GONTAG,YUDMIU,0.8999999761581421
GOQSIQ,VEJYUV05,1.0
GOQSIQ,VEJYUV04,1.0
GOQSIQ,IMIDZB02,1.0
GOQSIQ,HIFVOI,1.0
GOQSIQ,HIFVUO,1.0
GOQSIQ,HIFVUO01,1.0
GOQSIQ,HIFWAV,1.0
GOQSIQ,KUMXAS,1.0
GOQSIQ,KUMXEW,1.0
GOQSIQ,VEJYEP,1.0
GOQSIQ,VEJYIT,1.0
GOQSIQ,VEJYIT01,1.0
GOQSIQ,VEJYOZ,1.0
GOQSIQ,VEJYUF,1.0
GOQSIQ,VEJYUF01,1.0
GOQSIQ,VEJYUF02,1.0
GOQSIQ,VEJYUF09,1.0
GOQSIQ,VEJYUF10,1.0
GOQSIQ,VEJYUV03,1.0
GOQSIQ,VEJZIU,1.0
GOQTIR,JUXZOT,1.0
GOQTIR,JUXZIN,1.0
GOQTIR,MUXVIM,1.0
GOQXAN,HEBKIK,1.0
GOQXAN,HEBKEG,1.0
GORWUF,YEPTOF01,1.0
GOSDEZ,OKAYOQ,0.8999999761581421
GOSDEZ,MIFLIY,0.8999999761581421
GOSDUP,MIFKUJ,1.0
GOSDUP,QEDZEG,1.0
GOSDUP,IHABAW,0.550000011920929
GOTNAG,GOTNEK,1.0
GOTYOF,OJAKUG,0.2863636314868927
GOTYOF,OJAKOA,0.2863636314868927
GOTYOF,KAVSEH,0.25
GOVSER,PIKYEQ,1.0
GOVSER,WASRAM,1.0
GOVSER,PIKYAM,0.8999999761581421
GOVSER,PIKYIU,0.8999999761581421
GOVWOF,QOKCAV,0.7428571581840515
GOVWOF,UJAQAY,0.7230769395828247
GOVWOF,YEVTUR,0.7071428298950195
GOVWOF,YEVTOL,0.7071428298950195
GOWHOR,WAQDOJ,0.6586206555366516
GOWHOR,LIQHAX,0.606249988079071
GOWHOR,JETZAK,0.6040000319480896
GOXBAY,GOXBOM,1.0
GOXBAY,WIFSAI01,0.6692307591438293
GOXBOM,WIFSAI01,0.6692307591438293
GOXGAD,KUCDOD,0.8999999761581421
GOXGAD,IQUQES,0.6749999523162842
GOXMEN,VUHGAH,0.6522727608680725
GOXMEN,UVEPOB,0.6522727608680725
GOXZIE,PARNON,1.0
GOXZIE,XOPLOE,1.0
GOXZIE,PARNIH,1.0
GOXZIE,LEDLEN,1.0
GOYLUB,KEDZIF,1.0
GOYLUB,PULQUK,1.0
GOYLUB,HIZQEN01,1.0
GOYPAN,YICCOE,1.0
GOYPAN,VERZID,1.0
GOYPAN,YANBAR01,1.0
GOYPER,NIHBEM01,1.0
GOYPER,NUDPAE10,1.0
GOYPER,PESTAL,1.0
GOYPER,UYOYUD,1.0
GOYPER,WEZWEE,1.0
GOYPER,XACLOF,1.0
GOYPER,XACLUL,1.0
GOYPER,XACLUL01,1.0
GOYPER,XACLUL02,1.0
GOYPER,YUKVAC,1.0
GOZMIT,QUQHAM01,0.8999999761581421
GOZMIT,GOZMUF,0.8999999761581421
GOZMIT,GOZMOZ,0.8999999761581421
GOZMIT,QUQHAM,0.8999999761581421
GOZMOZ,GOZMUF,0.8999999761581421
GOZMOZ,QUQHAM01,0.8999999761581421
GOZMUF,QUQHAM,0.8999999761581421
GOZMUF,QUQHAM01,0.8999999761581421
GUBKUL,ZOMKAP,0.8999999761581421
GUBKUL,QIZRIC,0.8999999761581421
GUBKUL,TUMGOX,0.8999999761581421
GUBKUL,ZOMKAP01,0.8999999761581421
GUCHUJ,MURCEH,1.0
GUCHUJ,VITKUG,1.0
GUCHUJ,PORVID,1.0
GUCHUJ,VITKOA,1.0
GUCHUJ,YIQSOH,1.0
GUCTAB,ZEGSOW,0.8999999761581421
GUCTAB,QAKFIU,0.6000000238418579
GUDBEO,QUZVEO,0.8999999761581421
GUDBEO,SUQJEV,0.8999999761581421
GUDBEO,KIJVOR,0.8999999761581421
GUDBEO,TOGWUH,0.530434787273407
GUDCIT,GUDCIT01,1.0
GUDCIT,XUKHUI,0.8714286088943481
GUDCIT,HIQNOM,0.8714286088943481
GUDCIT,HIQNUS,0.8714286088943481
GUDCIT01,XUKHUI,0.8714286088943481
GUDCIT01,HIQNOM,0.8714286088943481
GUDCIT01,MOPBIE,0.35999998450279236
GUDDUF,WADFAL,0.8999999761581421
GUDDUF,YUDVIC,0.8999999761581421
GUDDUF,YUCNEQ,0.8999999761581421
GUDDUF,KHMALA03,0.8999999761581421
GUDFER,PIZPIX01,0.8999999761581421
GUDFER,PIZPIX02,0.8999999761581421
GUDFER,PUNCUX,0.8999999761581421
GUDFIV,UCUPEN,0.8999999761581421
GUDFIV,MODWUX01,0.8999999761581421
GUDJOG,GUHPAC,1.0
GUDJOG,GUHPEG,1.0
GUDJOG,GUHNUU,0.8999999761581421
GUDJOG,SOKDON,0.8999999761581421
GUDVOS,YICPEI,0.800000011920929
GUDVOS,YEXCUC,0.800000011920929
GUDVOS,SIXFIQ,0.7428571581840515
GUDVOS,SIXFIQ01,0.7428571581840515
GUFBUG,LEPTOS,0.8999999761581421
GUFBUG,LEPTUY,0.8999999761581421
GUFBUG,PEGCIP,0.8999999761581421
GUFXOW,VEYSAW,0.8999999761581421
GUFXOW,ORUKET,0.8999999761581421
GUFXOW,ORUKIX,0.8999999761581421
GUFXOW,LENGAO,0.8999999761581421
GUFXOW,ORUKOD,0.8999999761581421
GUGJEZ,NENHEU,0.64000004529953
GUGJEZ,XIRKAM,0.6230769157409668
GUGJEZ,OBIYAC,0.5699999928474426
GUGNON,UYAPOA,1.0
GUGNON,JENKET,1.0
GUGNON,VOLRAQ,1.0
GUGNON,JENKIX,1.0
GUGNON,QEBKUF,0.804347813129425
GUGNON,UDANIY,0.5628571510314941
GUHNUU,GUHPEG,0.8999999761581421
GUHNUU,GUHPAC,0.8999999761581421
GUHPAC,GUHPEG,1.0
GUHPAC,SOKDON,0.8999999761581421
GUHPEG,SOKDON,0.8999999761581421
GUJFIB,OSAXIQ,1.0
GUJFIB,HUCXEK,0.8999999761581421
GUJFIB,HUCXOU,0.8999999761581421
GUJFIB,HUCXAG,0.8999999761581421
GUJFIB,JENQUR,0.686956524848938
GUJFIB,SORCOS,0.47499996423721313
GUJREK,GUJREK01,1.0
GUJREK,VEWDAF,0.5909091234207153
GUJREK,TUMRUQ,0.5695652365684509
GUJREK01,VEWDAF,0.5909091234207153
GUJREK01,TUMRUQ,0.5695652365684509
GUJTIP,VIQQUJ,1.0
GUJTIP,IDUTAF,0.8999999761581421
GUJTIP,IDUSIM02,0.8999999761581421
GUJTIP,QIQFIH,0.6914286017417908
GUKFEY,VOQBUZ,0.606249988079071
GUKFEY,PEJYIO,0.5764706134796143
GUKKON,NIRNAD,1.0
GUKKON,XEZRIF,1.0
GUKPEJ,VIBYEM,1.0
GUKPEJ,VIBYIQ,0.8999999761581421
GUKPEJ,TELFAT,0.6441860198974609
GUKPEJ,NIBSAU,0.6441860198974609
GUKPOS,LOYBEI,0.8999999761581421
GUKPOS,LOZYIK,0.8999999761581421
GUKPOS,OWIFAD,0.6545454859733582
GUKQUZ,YEVTUR,0.8999999761581421
GUKQUZ,HAWGIX,0.8999999761581421
GUKQUZ,PURSIG,0.7352941632270813
GUKQUZ,YEVTOL,0.71875
GUKVAK,GUKVIS,1.0
GUKVAK,GUKVEO,1.0
GUKVAK,QUCFOL,0.621052622795105
GUKVAK,RAWZIA,1.0
GUKVEO,GUKVIS,1.0
GUKVEO,QUCFOL,0.621052622795105
GUKVEO,RAWZIA,1.0
GUKVIS,RAWZIA,1.0
GUKXEQ,GUKXIU,1.0
GUKXEQ,NOGNUU,1.0
GUKXEQ,QIDSII,0.8999999761581421
GUKXEQ,PURTUS,0.8999999761581421
GUKXIU,NOGNUU,1.0
GUKXIU,QIDSII,0.8999999761581421
GUKXIU,JEGJOX,0.8999999761581421
GUKXIU,PURTUS,0.8999999761581421
GUKYUI,WEMJII,0.7230769395828247
GUKYUI,PUNSIB,0.6230769157409668
GUKYUI,WEMJUU,0.6230769157409668
GUKYUI,TEJBAN,0.6096774339675903
GUKYUI,YEZDAL,0.6096774339675903
GUKZES,HAZYUE,0.8999999761581421
GUKZES,MUMBIH,0.8999999761581421
GUKZES,WEHSAG,0.7043477892875671
GUKZES,WEHSEK,0.7043477892875671
GULVUF,GULWAM,1.0
GULVUF,XOTZIR,0.7617647051811218
GULWAM,XOTZIR,0.7617647051811218
GULWEQ,MUQZII,1.0
GULWEQ,GULWOA,1.0
GULWEQ,NASGIZ,1.0
GULWEQ,LABQOV,1.0
GULWEQ,ROCZOA,1.0
GULWEQ,ROCZUG,1.0
GULWIU,MUQZII,1.0
GULWIU,GULWOA,1.0
GULWIU,NASGIZ,1.0
GULWIU,LABQOV,1.0
GULWOA,MUQZII,1.0
GULWOA,NASGIZ,1.0
GULWOA,HEDHOP,1.0
GULWOA,HEDHUV,1.0
GULWOA,SIXDUZ,0.8999999761581421
GULXAN,SRFORA08,0.3461538553237915
GULXAN,REKXIQ,0.28947368264198303
GULXIV,XUMSOP,0.42352941632270813
GULXIV,YELNIM01,0.42352941632270813
GUMHUT,UDEWEG,0.8999999761581421
GUMHUT,ZANQOW,0.8999999761581421
GUMHUT,RAKYEH,0.8999999761581421
GUMHUT,KAPMAS,0.8999999761581421
GUMHUT,RAKYIL,0.8999999761581421
GUPBEZ,GUPBEZ01,1.0
GUPBEZ,GUPBEZ02,1.0
GUPBEZ,IGITOJ,1.0
GUPBEZ,GUSPUG,1.0
GUPBEZ01,GUPBEZ02,1.0
GUPBEZ01,IGITOJ,1.0
GUPBEZ01,GUSPUG,1.0
GUPBEZ01,NEYYOG,1.0
GUPBEZ01,UMUXAC,1.0
GUPBEZ01,WUZDOL,1.0
GUPBEZ01,WUZFAZ,1.0
GUPBEZ02,IGITOJ,1.0
GUPBEZ02,WUZDOL,1.0
GUPBEZ02,WUZFAZ,1.0
GUPBOJ01,OFERUN05,0.8999999761581421
GUPBOJ01,GUPCOK,0.512499988079071
GUPBOJ01,GUPCUQ,0.43333330750465393
GUPBOJ01,PUWQAA,0.43333330750465393
GUPBOJ01,SEVLEM,0.26744186878204346
GUPBOJ03,GUPCAW,1.0
GUPBOJ03,GUPBUP,1.0
GUPBUP,GUPCAW,1.0
GUPCEA,GUPCOK01,0.2607142925262451
GUPCEA,GUPCOK03,0.2607142925262451
GUPCEA,GUPCOK05,0.2607142925262451
GUPCOK,OFERUN05,0.4124999940395355
GUPCOK01,GUPCOK07,1.0
GUPCOK01,GUPCOK02,1.0
GUPCOK01,GUPCOK05,1.0
GUPCOK01,GUPCOK03,1.0
GUPCOK01,WANMOO,0.8999999761581421
GUPCOK02,GUPCOK07,1.0
GUPCOK02,GUPCOK05,1.0
GUPCOK03,GUPCOK07,1.0
GUPCOK03,GUPCOK05,1.0
GUPCOK03,GUPDIF,0.7000000476837158
GUPCOK03,WANMOO,0.8999999761581421
GUPCOK05,GUPCOK07,1.0
GUPCOK07,GUPDOL,0.6538462042808533
GUPCUQ,PUWQAA,1.0
GUPCUQ,MINMAA,0.8999999761581421
GUPCUQ01,GUPCUQ02,1.0
GUPCUQ01,GUPDEB,1.0
GUPCUQ01,YESZII,0.8999999761581421
GUPCUQ02,GUPDEB,1.0
GUPCUQ02,YESZII,0.8999999761581421
GUPDEB,YESZII,0.8999999761581421
GUPDIF,GUPFAZ,0.8999999761581421
GUPDIF,GUPDOL,0.7839999794960022
GUPDOL,GUPFAZ,0.6839999556541443
GUPDUR,VIGHID,0.6318181753158569
GUPDUR,VONQOG,0.531818151473999
GUPDUR,XEXSEA,0.531818151473999
GUPDUR,OVOZUV,0.27560973167419434
GUPJEG,GUPJEG01,1.0
GUPJEG,XAPRIR,1.0
GUPJEG,XAPRIR01,1.0
GUPJEG,XAPRIR02,1.0
GUPJEG01,QITVIZ,0.8999999761581421
GUPRIU,GUPROA,1.0
GUPRIU,SIZNOG,1.0
GUPRIU,SOBBOC,0.8999999761581421
GUPRIU,SIZNIA,0.8999999761581421
GUPROA,SIZNOG,1.0
GUPROA,SOBBOC,0.8999999761581421
GUPROA,SIZPAU,0.8999999761581421
GUQNAI,TEGWIN,0.8999999761581421
GURXIB,GURXIB02,1.0
GURXIB,GURXIB01,1.0
GURXIB,LUXBAI,1.0
GURXIB,GURXUN,0.8999999761581421
GURXIB,GURXUN01,0.8999999761581421
GURXIB,KUBXUC,0.8999999761581421
GURXIB,VOYLOM,0.6206896305084229
GURXIB01,GURXIB02,1.0
GURXIB01,LUXBAI,1.0
GURXIB01,VOYLOM,0.6206896305084229
GURXIB01,WOHYUN,0.6142857670783997
GURXIB02,LUXBAI,1.0
GURXIB02,LUWZUZ,0.8999999761581421
GURXIB02,LUWZUZ01,0.8999999761581421
GURXIB02,LUWZUZ02,0.8999999761581421
GURXOH,LUWZUZ,0.8999999761581421
GURXUN,GURXUN01,1.0
GURXUN,KUBXUC,0.8999999761581421
GURXUN,KOHBUF,0.4599999785423279
GURXUN01,KUBXUC,0.8999999761581421
GURXUN01,KOHBUF,0.4599999785423279
GURYOI,TAZSAP,0.8999999761581421
GUSNEN,OXUNUR,0.4333333373069763
GUSNEN,MINVOU,0.41499999165534973
GUSNEN,ZIGFEC,0.41499999165534973
GUSNEN,PARPII,0.4124999940395355
GUSNEN,XEQLIQ,0.3807692229747772
GUSNEN01,QALGUH,1.0
GUSNEN01,LURMAO,1.0
GUSNEN01,REZXEA,1.0
GUSNEN01,LURLOB,1.0
GUSPUG,IGITOJ,1.0
GUSPUG,NEYYOG,1.0
GUSPUG,UMUXAC,1.0
GUSWEX,QUJGAE,0.8999999761581421
GUSWEX,GUSWIB,0.8999999761581421
GUSWEX,ZAJKED,0.8999999761581421
GUTNOA,GUTPAO,0.8999999761581421
GUTNOA,GUTNUG,0.8999999761581421
GUTNOA,HIQKAV,0.6499999761581421
GUTNUG,GUTPAO,0.8999999761581421
GUTNUG,PEDMER,0.6499999761581421
GUTPAO,XESCIK,0.6571428775787354
GUTPES,OMOFED02,0.8999999761581421
GUTPES,OMOFED,0.8999999761581421
GUTRIX,GUVXIF,0.2730769217014313
GUTRIX,LAQKAP,0.25652173161506653
GUTRIX,LAQJUI,0.25652173161506653
GUTYAW,ROJSUF01,1.0
GUTYAW,YOWPIK,0.8999999761581421
GUTYAW,ZEKKOR,0.8999999761581421
GUTYAW,WIHCUM,0.44999998807907104
GUTYIE,RIGTIL,1.0
GUTYIE,QOBGEV,1.0
GUTYIE,LAZJIH,1.0
GUTYIE,LIKFOB,1.0
GUTYIE,UGUQOC,1.0
GUTYIE,UMEXUF,1.0
GUTYIE,UMEXUF01,1.0
GUTYIE,UNADIX,1.0
GUTYIE,VAGTUU,0.6499999761581421
GUTYIE,YUJCOX,1.0
GUTZEB,ZUDFAH,1.0
GUTZEB,TEWVUP,0.8999999761581421
GUVBOQ,MEFHUC,1.0
GUVBOQ,ZEHJEE,0.918181836605072
GUVBOQ,UVOTOQ,0.699999988079071
GUVXIF,OSIWIX,0.30000001192092896
GUVZEE,WOQTUT,1.0
GUVZEE,WOPSOL01,1.0
GUVZII,KOSLOV,0.4909090995788574
GUVZII,MALSAW,0.3482758700847626
GUVZII,TOWMID,0.2657894790172577
GUWDUY,JOGHIY,0.8999999761581421
GUWFIO,RATCUL01,1.0
GUWFIO,NIKYOW02,1.0
GUWHEM,GUWHEM01,1.0
GUWHEM,HIJSOK,0.6468749642372131
GUWHEM,LEDCAA,0.6468749642372131
GUWHEM01,HIJSOK,0.6468749642372131
GUWHEM01,LEDCAA,0.6468749642372131
GUWNUI,REMMIG,1.0
GUWNUI,KABSUD,1.0
GUWWIF,ICUHIA,0.8999999761581421
GUWWIF,ICUDOC,0.8999999761581421
GUWWIF,YIVZEI,0.8999999761581421
GUWWIF,KAPGUE,0.8999999761581421
GUWWIF,TILFUQ,0.8999999761581421
GUWWIF,TILFUQ01,0.8999999761581421
GUWWOL,XUKKET02,0.8999999761581421
GUWWOL,SIVJAI,0.8999999761581421
GUWWOL,REQJEF,0.8999999761581421
GUWWOL,NILSUZ,0.8999999761581421
GUWWOL,REQRUD,0.8999999761581421
GUXLIU,WOWGEU02,1.0
GUXLIU,WOWGEU,1.0
GUXLIU,MOTKAI,0.4937499761581421
GUXQAR,GUXQEV,1.0
GUXQAR,VIHHEA,1.0
GUXQAR,YAQZUN,0.8999999761581421
GUXQEV,VIHHEA,1.0
GUXQEV,YAQZUN,0.8999999761581421
GUXSEY,PEXTES,1.0
GUXSEY,XEVGOV,1.0
GUXSEY,KAYBAO,1.0
GUXSEY,KAYBAO01,1.0
GUXSIC,XEVHAI,1.0
GUXSIC,GUXSOI,1.0
GUXSIC,KOGCIT,1.0
GUXSIC,ZIDDIB,0.8999999761581421
GUXSOI,XEVHAI,1.0
GUXSUO,MAPBAI,1.0
GUXSUO,OXAZIX,1.0
GUXSUO,HAXYIQ,0.8999999761581421
GUXSUO,OMURIY,0.8999999761581421
GUXTEZ,GUXTID,1.0
GUXTEZ,UDISOR,0.8999999761581421
GUXTEZ,LUGVUF,0.8999999761581421
GUXTID,UDISOR,0.8999999761581421
GUXTID,LUGVUF,0.8999999761581421
GUXTID,UDISUX,0.8999999761581421
GUXTID,UDITEI,0.8999999761581421
GUXZIJ,GUYBAE,1.0
GUXZIJ,OXUPIH,1.0
GUXZIJ,OVUCOY,1.0
GUXZIJ,MAXFEY,0.8999999761581421
GUXZIJ,MAXGOJ,0.8999999761581421
GUXZIJ,OVUDAL,1.0
GUXZOP,GUYBAE,1.0
GUXZOP,OXUPIH,1.0
GUXZOP,OVUCOY,1.0
GUXZOP,MAXFEY,0.8999999761581421
GUXZOP,MAXFUO,0.8999999761581421
GUXZOP,OVUDAL,1.0
GUXZOP,TICPOL,0.6157894730567932
GUXZUV,GUYBAE,1.0
GUXZUV,OXUPIH,1.0
GUXZUV,OVUCOY,1.0
GUXZUV,MAXGAV,0.8999999761581421
GUXZUV,OVUDAL,1.0
GUXZUV,TICPOL,0.6157894730567932
GUXZUV,YAYPIZ,1.0
GUXZUV,YAYPOF,1.0
GUYBAE,OXUPIH,1.0
GUYBAE,OVUCOY,1.0
GUYBAE,UZUSEO,1.0
GUYBAE,WIVKIX,1.0
GUYBAE,YAYPIZ,1.0
GUYBAE,YAYPOF,1.0
GUZVUU,ZUBFUZ,0.8999999761581421
GUZVUU,OKILIE,0.5114285945892334
GUZVUU,OKILEA,0.5114285945892334
GUZXUU,GUZXUU01,1.0
GUZXUU,YALYIU,0.6749999523162842
GUZXUU01,PELTEG,0.5400000214576721
GUZXUU01,YALYIU,0.6749999523162842
HABGEX,SUFPAM,0.3807692229747772
HABGEX,SIGNEC,0.37272727489471436
HABGEX,WEBKEW,0.3368421196937561
HABQUY,SEMNEF,0.8920000195503235
HABQUY,VEYREY,0.751724123954773
HABZEQ,XUZRIU,1.0
HABZEQ,XEVSIB01,1.0
HABZEQ,XEVSIB,1.0
HABZEQ,UDIBOA,0.8999999761581421
HABZEQ,WEVYON,0.6142857670783997
HACPOR,HACPOR01,1.0
HACPOR,MAGVOG25,0.8999999761581421
HACPOR,MAGVOG27,0.8999999761581421
HACPOR01,MAGVOG25,0.8999999761581421
HACPOR01,MAGVOG27,0.8999999761581421
HACVAI,HACVAI01,1.0
HACVAI,WEKYES,0.8999999761581421
HACVAI01,TAHFUF,0.8999999761581421
HACVAI01,WEKYES,0.8999999761581421
HADLOQ,QUPZAE01,1.0
HADLOQ,QUPZAE02,1.0
HADLOQ,HOVQAM,0.4000000059604645
HADLOQ,SUTBIT,0.8999999761581421
HADLOQ01,QUPZAE01,1.0
HADLOQ01,QUPZAE02,1.0
HADLOQ01,HOVQAM,0.4000000059604645
HADLOQ01,SIHCIY,1.0
HADLUW,UTEXIB,0.7000000476837158
HADLUW,QIJFAT,0.647826075553894
HADLUW,HADMAD,0.6464285850524902
HADLUW,HADMAD01,0.6464285850524902
HADLUW,HADMOR,0.6464285850524902
HADMAD,HADMOR,1.0
HADMAD,HADMAD01,1.0
HADMAD,HADMIL,0.6142857670783997
HADMAD01,HADMOR,1.0
HADMAD01,HADMIL,0.6142857670783997
HADMIL,HADMOR,0.6142857670783997
HADMIL,REBPUM,0.3749999701976776
HADQUA,QUMJUF,0.4446808397769928
HADQUA,MIHHIV,0.4000000059604645
HAFDUQ,HAFFAY,1.0
HAFDUQ,HAFFEC,1.0
HAFDUQ,HAFGUT,1.0
HAFDUQ,HAFGON,1.0
HAFFAY,HAFFEC,1.0
HAFFAY,HAFGUT,1.0
HAFFAY,HAFGON,1.0
HAFFEC,HAFGUT,1.0
HAFGON,HAFGUT,1.0
HAFQOW,KUNTAQ02,1.0
HAFQOW,SABWAU01,1.0
HAFQOW,HAFQUC,1.0
HAFQOW,KUNTAQ01,1.0
HAFQOW,SABVOH01,1.0
HAFQOW,SABVUN,1.0
HAFQOW,SABWAU,1.0
HAFQUC,SABWAU01,1.0
HAFQUC,SABVOH01,1.0
HAFTOZ,ZODXOH,0.626086950302124
HAFTOZ,ZODYAU,0.5333333015441895
HAFVOB,REDMUL,0.7714285850524902
HAFVOB,REDMOF,0.7714285850524902
HAFVOB,SUCLOT,0.7000000476837158
HAFVUH,VITZAB,0.8999999761581421
HAFVUH,VITYOO,0.8999999761581421
HAFVUH,VITZOP,0.8999999761581421
HAFWAO,UFAMUM,1.0
HAFWAO,UFAMIA,1.0
HAFWAO,QOYYOU,1.0
HAFWAO,ONUCIL,0.4937499761581421
HAFWIW,UHUNEQ,1.0
HAFWIW,NAHBAC,0.8999999761581421
HAFWIW,QOFLAA,0.4724137783050537
HAGTIV,KOZSID,1.0
HAGTIV,ZELJIM,1.0
HAGTIV,KOZSOJ,1.0
HAGTIV,ICICAB,0.392727255821228
HAGTIV,MUMZAX,0.7685714364051819
HAGTIV,ZENXEY,0.6850000023841858
HAHPIQ,NUHFAY,1.0
HAHPIQ,HAHPOW,1.0
HAHPIQ,XINLEO,0.8999999761581421
HAHPOW,NUHFAY,1.0
HAHPOW,XINLEO,0.8999999761581421
HAJDII,VUKJOC,1.0
HAJDII,LOZSUQ,1.0
HAJDII,VUKTOM,1.0
HAJDII,NEQTIP,1.0
HAJKIO,HAJKOU,0.8999999761581421
HAJKOU,SARBOE,0.8999999761581421
HAJPEQ,LIRVAK,0.5714285969734192
HAJPEQ,KIKRAA,0.5714285969734192
HAJPEQ,MIRNOR,0.5714285969734192
HAJPEQ,NATNIG,0.3911764621734619
HAJPEQ,NATNOM,0.48571428656578064
HAJTEU,RUGHEI,1.0
HAJTEU,HAJTEU01,1.0
HAJTEU,WIHSUD,1.0
HAJTEU01,RUGHEI,1.0
HAJTEU01,WIHSUD,1.0
HAJVAS,RUGJOU,1.0
HAJVAS,HOFORD01,1.0
HAJVAS,HAJVAS01,1.0
HAJVAS,RUGHOS,1.0
HAJVAS01,RUGJOU,1.0
HAJVAS01,HOFORD01,1.0
HAJVAS01,RUGHOS,1.0
HAJVIA,UXEDUX,1.0
HAJVIA,UXEDEH,1.0
HAJVIA,ISIYUF05,1.0
HAJVIA01,UXEDUX,1.0
HAJVIA01,UXEDEH,1.0
HAJVIA01,ISIYUF05,1.0
HAJVUM,HAJVUM03,1.0
HAJVUM,HAJVUM01,1.0
HAJVUM,RUGJUA,1.0
HAJVUM,HAJVUM02,1.0
HAJVUM01,HAJVUM03,1.0
HAJVUM01,RUGJUA,1.0
HAJVUM01,RUGHUY,1.0
HAJVUM02,HAJVUM03,1.0
HAJVUM02,RUGJUA,1.0
HAJVUM03,RUGJUA,1.0
HAJVUM03,RUGHUY,1.0
HAJWOH,WIHSEN,1.0
HAJWOH,HAJWOH01,1.0
HAJWOH,LEBZIE,1.0
HAJWOH,RUGJAG,1.0
HAJWOH01,WIHSEN,1.0
HAJWOH01,LEBZIE,1.0
HAJWOH01,NAFORM,0.8999999761581421
HAJWOH01,RUGJAG,1.0
HAJXAU,RUGKAH,1.0
HAJXAU,HAJXAU01,1.0
HAJXAU,RUGJEK,1.0
HAJXAU01,RUGKAH,1.0
HAJXAU01,RUGJEK,1.0
HAJXIC,HAJXOI,1.0
HAJXIC,YFORMD03,1.0
HAJXIC,YFORMD02,1.0
HAJXIC,LEBLUC,1.0
HAJXIC,LEBMAJ,1.0
HAJXIC,RUGNUE,1.0
HAJXIC,WIHTIS,1.0
HAJXIC,XODXIZ,1.0
HAJXOI,YFORMD03,1.0
HAJXOI,YFORMD02,1.0
HAJYAV,HALVEY,1.0
HAJYAV,OKELOH,0.8999999761581421
HAJYEZ,HALTUM,1.0
HAJYEZ,HALVAU,1.0
HAJYEZ,OKELIB,1.0
HAJYEZ,RIMROX,0.821739137172699
HAKCIG,LENRUS,0.8999999761581421
HAKCIG,LENRIG,0.8999999761581421
HAKCIG,YUMFES,0.8999999761581421
HAKWUM,MESBAN,1.0
HAKWUM,XUWVEQ,1.0
HAKXEX,HAKXEX01,1.0
HAKXEX,JESCEQ,0.8999999761581421
HAKXEX,MASZEO,0.8999999761581421
HAKXEX,MUQSIA,0.8999999761581421
HAKXEX,ZIZTIN,0.8999999761581421
HAKXEX,ZIZTIN01,0.8999999761581421
HAKXEX01,JESCEQ,0.8999999761581421
HAKXEX01,MASZEO,0.8999999761581421
HAKXEX01,MUTRIE,0.6136363744735718
HAKXEX01,XOJLAK,0.8999999761581421
HAKXEX01,ZIVCEO,0.8999999761581421
HAKYOH,JAHVUJ01,1.0
HAKYOH,JAHVUJ,1.0
HAKYOH,XIYYEL,0.8999999761581421
HALTUM,HALVAU,1.0
HALTUM,OKELIB,1.0
HALVAU,OKELIB,1.0
HAMJOW,UWELIS,1.0
HAMJOW,UNABUH01,0.8999999761581421
HAMJOW,IDUTEJ,0.8999999761581421
HAMJOW,IPURIV,0.8999999761581421
HAMLAL,KIBXOJ,0.37272727489471436
HANHOV,PASTOU,0.5604650974273682
HANHOV,HORHEC,0.5135135054588318
HANHOV,HORHIG,0.5135135054588318
HANWAW,TATPOV,0.8999999761581421
HANWAW,LASYOU,0.7631579041481018
HANWAW,HIDVEY,0.737500011920929
HANWAW,PUPJER,0.6538462042808533
HANWAW,ZINQAR,0.6884615421295166
HANWAW,ZINQEV,0.6884615421295166
HAPGIR,HAWREE,1.0
HAPNOE,HAPNUK,0.8999999761581421
HAPNOE,HAPPAS,0.8999999761581421
HAPNUK,HAPPAS,0.8999999761581421
HAPNUK,JETVOW,0.5333333015441895
HAPPAS,QEHYEK,0.5333333015441895
HAPTOJ,TUMGOX,1.0
HAPTOJ,ZOMPAU,0.8999999761581421
HAPTOJ,MEWNAD,0.8999999761581421
HAPTOJ,NIHDUD,0.8999999761581421
HAPZUW,WAVXUO,0.8999999761581421
HAPZUW,TEDZUZ,0.7749999761581421
HAQJIV,YAFJEX,0.6343750357627869
HAQJIV,WOYJOL,0.550000011920929
HAQJIV,JOGBIR,0.27234041690826416
HAQRID,SITCUW,1.0
HAQRID,KALXUT,1.0
HAQRID,UFAMIA,1.0
HAQRID,VITZEF,0.8999999761581421
HARSIE,QIKZIW,0.5235294103622437
HARSIE,ZESNUJ,0.49512192606925964
HARSOK,RUMWUS,0.6428571343421936
HARSOK,NEDVOJ,0.6428571343421936
HARSOK,PURJES,0.6428571343421936
HASNIB,WEMDUP,1.0
HASNIB,MAVFEV,1.0
HASNIB,LEYPAI,1.0
HASNOH,WEMFEB,1.0
HASNOH,QESNEK02,1.0
HASNUN,MAVFEV03,1.0
HASNUN,WEMDUP,1.0
HASNUN,LEYPAI,1.0
HASNUN,NAVYUG,1.0
HASNUN,QESPEM,1.0
HASSIF,HASSOL,0.8999999761581421
HATFIU,VOQBUZ,0.47499996423721313
HATZOS,HATZOS02,1.0
HATZOS02,KIJPUQ,0.6187499761581421
HAVKOG,HAVKUM,1.0
HAVKOG,VUWSAJ,1.0
HAVKOG,OMURUK,0.8999999761581421
HAVKUM,VUWSAJ,1.0
HAVVUX,PENLEB,1.0
HAVVUX,QITZUP,1.0
HAVVUX,MUQZEE,0.8999999761581421
HAVVUX,LUGLOO,0.8999999761581421
HAVXUZ,PAFPAQ,0.8999999761581421
HAVXUZ,OHIHET,0.8999999761581421
HAVXUZ,OHIHIX,0.8999999761581421
HAVXUZ,HIHFOV,0.5764706134796143
HAVXUZ,RENHAW,0.6749999523162842
HAVXUZ,YAMKOP,0.8999999761581421
HAWBUE,QOZDOY,1.0
HAWDIU,RUGXOI,0.8999999761581421
HAWDIU,XINTOG,0.8999999761581421
HAWDIU,JIYKOU,0.8999999761581421
HAWDIU,IKAFEH,0.8999999761581421
HAWFIV,HIBSUG06,1.0
HAWFIV,HIBSUG01,1.0
HAWFIV,HIBSUG04,1.0
HAWFIV,OVAJAX,1.0
HAWFIV,WOTSEF,0.4731706976890564
HAWGEU,SOJGOO,1.0
HAWGIX,YEVTUR,0.8999999761581421
HAWGIX,PURRUR,0.7352941632270813
HAWGIX,PAPVAF,0.6171428561210632
HAWSIK,HAWSOQ,1.0
HAWSIK,TUFWUN,0.6625000238418579
HAWSIK,TEYKUG,0.6096774339675903
HAWSIK,TAGDEM,0.3283582031726837
HAWSOQ,TUFWUN,0.6625000238418579
HAWSOQ,TEYKUG,0.6096774339675903
HAWSOQ,TAGDEM,0.3283582031726837
HAWVAE,SISPUH,1.0
HAWVAE,QOZXUZ,1.0
HAWVAE,HOXKUB,0.8999999761581421
HAWVEI,VIYMAT,1.0
HAWVEI,IYOVEY,1.0
HAWVEI,IYOVOI,1.0
HAWVEI,SISQIW,1.0
HAWVIM,IYOVUO,1.0
HAWVIM,IYOVIC,1.0
HAWVIM,HOXKIP,1.0
HAWVIM,HOXKUB,0.8999999761581421
HAWVIM,LEHROH,1.0
HAWVOQ,HAWVOQ03,1.0
HAWVOQ,MAKROG,1.0
HAWVOQ,KEQMAX01,1.0
HAWVOQ01,HAWVOQ03,1.0
HAWVOQ01,MAKROG,1.0
HAWVOQ01,KEQMAX01,1.0
HAWVOQ02,HAWVOQ03,1.0
HAWVOQ02,MAKROG,1.0
HAWVOQ02,KEQMAX01,1.0
HAWVOQ02,HAWVOQ04,1.0
HAWVOQ02,HAWVOQ05,1.0
HAWVOQ02,HAWVOQ06,1.0
HAWVOQ02,IMULEH,0.34545454382896423
HAWVOQ03,MAKROG,1.0
HAWVOQ03,KEQMAX01,1.0
HAWVOQ03,VUZTIT,0.8999999761581421
HAWVOQ03,VUZTIT01,0.8999999761581421
HAWVOQ04,MAKROG,1.0
HAWVOQ04,KEQMAX01,1.0
HAWVOQ04,KEQMAX,1.0
HAWVOQ04,KEQMAX03,1.0
HAWVOQ05,MAKROG,1.0
HAWVOQ05,KEQMAX01,1.0
HAWVOQ05,KEQMAX,1.0
HAWVOQ05,KEQMAX03,1.0
HAWVOQ05,VUZTIT,0.8999999761581421
HAWVOQ05,VUZTIT01,0.8999999761581421
HAWVOQ06,MAKROG,1.0
HAWVOQ06,KEQMAX01,1.0
HAWVOS,OQIQIQ,1.0
HAWVUY,RATRUB,1.0
HAWVUY,HOXKOV,1.0
HAWVUY,HOXKUB,0.8999999761581421
HAWWAF,RATSAI,1.0
HAWWAF,XEFFAS,0.8999999761581421
HAWWEK,UXOWOU,1.0
HAWWEK,UXOXAH,1.0
HAWWEK,OJOQEJ02,1.0
HAWWEK,KIVZAR,1.0
HAWWEK,SIKGAW,1.0
HAWWEK,SIKGEA,1.0
HAWZEK01,XELHUS,1.0
HAWZEK01,ULUCUZ,0.8999999761581421
HAWZEK01,OFITUT,0.8999999761581421
HAWZEK01,WOCFUR,0.8999999761581421
HAWZEM,VOJPUG01,1.0
HAWZEM,IPINAY,1.0
HAWZEM,KAKTIA,1.0
HAWZEM,KAKTIA01,1.0
HAWZEM,MURREW,1.0
HAWZEM,NELCEN,1.0
HAWZEM,NIHDEQ,1.0
HAWZEM,NIHDIU,1.0
HAWZEM,SAHDAH,0.8999999761581421
HAXNAX,KEVPEH,0.27794116735458374
HAXNAX,KIYMIQ,0.27746477723121643
HAXNAX,SIRQES,0.27386361360549927
HAXNAX,WEKNAE,0.26216214895248413
HAXYIQ,MITQEM,1.0
HAXYIQ,WUKFEP,0.8999999761581421
HAXYIQ,OXAZIX,0.8999999761581421
HAXZIQ,INESIE,1.0
HAXZIQ,LICROF,1.0
HAXZIQ,QUQGEP,1.0
HAXZIQ,VOCNOQ,1.0
HAXZIQ,VOWCIV,1.0
HAYQAC,MAQBIS,0.8999999761581421
HAYQAC,MAQBAK,0.8999999761581421
HAYQAC,HAYSUY,0.8999999761581421
HAYQAC,HAYQEG,0.8999999761581421
HAYQEG,HAYSUY,0.8999999761581421
HAYQEG,MAQBAK,0.8999999761581421
HAYQEG,MAQBIS,0.8999999761581421
HAYSUY,MAQBIS,0.8999999761581421
HAYSUY,MAQBAK,0.8999999761581421
HAYXEN,UDITEJ,0.8999999761581421
HAYXEN,TALKUP,0.8999999761581421
HAYXIR,MUNDOQ,1.0
HAYXIR,SEQSIS,0.8999999761581421
HAYYOY,LONVAN,0.8999999761581421
HAYYOY,LONVER,0.8999999761581421
HAYYOY,LONVIV,0.8999999761581421
HAYYUE,JEGXEB,0.529411792755127
HAYYUE,OVUNIE,0.529411792755127
HAYZAL,HAYZEP,1.0
HAYZAL,UPOZAB,0.8999999761581421
HAYZAL,JEGWUQ,0.8999999761581421
HAYZEP,UPOZAB,0.8999999761581421
HAYZEP,JEGWUQ,0.8999999761581421
HAYZEP,JEGXAX,0.8999999761581421
HAZBOA,ULEHEA,1.0
HAZBOA,XIRHOW,0.8999999761581421
HAZBOA,UZATAR,0.8999999761581421
HAZGOF,SUXTAI,1.0
HAZGOF,HAZGOF17,1.0
HAZGOF,HOJNUR01,1.0
HAZGOF01,SUXTAI,1.0
HAZGOF01,HAZGOF17,1.0
HAZGOF01,HOJNUR01,1.0
HAZGOF02,SUXTAI,1.0
HAZGOF02,HAZGOF17,1.0
HAZGOF02,HOJNUR01,1.0
HAZGOF03,SUXTAI,1.0
HAZGOF03,HAZGOF17,1.0
HAZGOF03,HOJNUR01,1.0
HAZGOF03,ZUBKEO,0.8999999761581421
HAZGOF04,SUXTAI,1.0
HAZGOF04,HAZGOF17,1.0
HAZGOF04,HOJNUR01,1.0
HAZGOF04,ZAZBUZ,0.8999999761581421
HAZGOF05,SUXTAI,1.0
HAZGOF05,HAZGOF17,1.0
HAZGOF05,HOJNUR01,1.0
HAZGOF05,ZUBKEO,0.8999999761581421
HAZGOF06,SUXTAI,1.0
HAZGOF06,HAZGOF17,1.0
HAZGOF06,HOJNUR01,1.0
HAZGOF06,OJICUG,1.0
HAZGOF06,ZAZBUZ,0.8999999761581421
HAZGOF07,SUXTAI,1.0
HAZGOF07,HAZGOF17,1.0
HAZGOF07,HOJNUR01,1.0
HAZGOF08,SUXTAI,1.0
HAZGOF08,HAZGOF17,1.0
HAZGOF08,HOJNUR01,1.0
HAZGOF10,SUXTAI,1.0
HAZGOF10,HAZGOF17,1.0
HAZGOF10,HOJNUR01,1.0
HAZGOF11,SUXTAI,1.0
HAZGOF11,HAZGOF17,1.0
HAZGOF11,HOJNUR01,1.0
HAZGOF12,SUXTAI,1.0
HAZGOF12,HAZGOF17,1.0
HAZGOF12,HOJNUR01,1.0
HAZGOF13,SUXTAI,1.0
HAZGOF13,HAZGOF17,1.0
HAZGOF13,HOJNUR01,1.0
HAZGOF14,SUXTAI,1.0
HAZGOF14,HAZGOF17,1.0
HAZGOF14,HOJNUR01,1.0
HAZGOF15,SUXTAI,1.0
HAZGOF15,HAZGOF17,1.0
HAZGOF15,HOJNUR01,1.0
HAZGOF16,SUXTAI,1.0
HAZGOF16,HAZGOF17,1.0
HAZGOF16,HOJNUR01,1.0
HAZGOF16,HOJNIF,1.0
HAZGOF16,HOJNOL,1.0
HAZGOF16,HOJNUR,1.0
HAZGOF16,HOJPAZ,1.0
HAZGOF16,HOJPED,1.0
HAZGOF16,HOJPIH,1.0
HAZGOF16,TAJTAC,1.0
HAZGOF16,TAJTAC01,1.0
HAZGOF16,TAJTIK,1.0
HAZGOF16,TAJTOQ,1.0
HAZGOF17,SUXTAI,1.0
HAZGOF17,HOJNUR01,1.0
HAZNED,HAZPAB,1.0
HAZNED,HAZPIJ01,1.0
HAZNED,HAZPIJ02,1.0
HAZNIH,HAZPAB,1.0
HAZNIH,HAZPIJ01,1.0
HAZNIH,HAZPIJ02,1.0
HAZNON,HAZPAB,1.0
HAZNON,HAZPIJ01,1.0
HAZNON,HAZPIJ02,1.0
HAZNON,HAZPIJ,1.0
HAZNON,HAZPOP,1.0
HAZNON,LUPDEH,0.8999999761581421
HAZNON,UVIROH,0.8999999761581421
HAZPAB,HAZPIJ01,1.0
HAZPAB,HAZPIJ02,1.0
HAZPAB,LUPDEH,0.8999999761581421
HAZPIJ,HAZPIJ01,1.0
HAZPIJ,HAZPIJ02,1.0
HAZPIJ,HAZPOP,1.0
HAZPIJ01,HAZPIJ02,1.0
HAZPIJ01,HAZPOP,1.0
HAZPOP,LUPDEH,0.8999999761581421
HAZPOP,UVIROH,0.8999999761581421
HAZPOP,ZEFLAZ,0.8999999761581421
HAZPOP,ZEFLAZ01,0.8999999761581421
HAZVUC,HISGAT,0.7000000476837158
HAZVUC,ZEFNIH01,0.6142857670783997
HAZVUC,PTRPHT02,0.6142857670783997
HAZYUE,MUMBIH,0.8999999761581421
HEBJEF,JEJZAC,0.9357142448425293
HEBJEF,XACSIG,0.9357142448425293
HEBJEF,QOKCAV,0.9333333373069763
HEBJUV,UFAQOK,1.0
HEBJUV,UFAQIE,1.0
HEBJUV,HEBKAC,1.0
HEBJUV,UFAQEA,1.0
HEBKAC,UFAQOK,1.0
HEBKAC,UFAQIE,1.0
HEBKAC,UFAQEA,1.0
HEBKEG,HEBKIK,1.0
HEBLAC,TUTZOX,0.6000000238418579
HEBLAC,HUBHAO,0.6000000238418579
HEBLAC,YUWKEH,0.6000000238418579
HEBLOR,XAGPON,1.0
HEBLOR,IXIQIQ,1.0
HEBLOR,YUBGIN,1.0
HEBNAF,YIXZEM,0.8999999761581421
HEBNAF,QUNXEE,0.8999999761581421
HEBNAF,TUPDEP,0.8999999761581421
HEBNAF,SIWJUG,0.6187499761581421
HEBNAF,WEMWAP,0.5864864587783813
HEBZAR,LUVBAH,0.38285714387893677
HEBZAR,IQEKUM,0.3414634168148041
HEBZAR,RUVMAX,0.3414634168148041
HEBZEV,XUNJEW,0.64000004529953
HEBZEV,IPIHUM,0.5400000214576721
HEDCAW,POMXIA,1.0
HEDCAW,WUHNUK,1.0
HEDHOP,ROCZOA,1.0
HEDHOP,NASGEV,0.8999999761581421
HEDHUV,ROCZOA,1.0
HEDHUV,NASGIZ,1.0
HEDHUV,NASGIZ01,1.0
HEDHUV,PANYEK,1.0
HEDHUV,ROCZUG,1.0
HEFSUJ,KELFUF,1.0
HEFSUJ,ZIWRIJ,1.0
HEFSUJ,ZIWRUV,1.0
HEFSUJ,KAVTUY,0.8999999761581421
HEFSUJ,OYIHAH,0.8999999761581421
HEFSUJ,ZIZTOT,1.0
HEFXAR,LISUCC01,0.5153846144676208
HEFXAR,IDOGIR,0.48000001907348633
HEHKUD,KIPZAM,0.4935483932495117
HEHLAK,LEDWUN,0.5
HEHROE,LAYXER,1.0
HEHROE,LAYWOA,1.0
HEHROE,LAYXAN,1.0
HEHSEV,HOXKUB,0.8999999761581421
HEHSEV,XICNOO,0.8999999761581421
HEHSEV,PASMOO,0.8999999761581421
HEHVOI,YICQOS,1.0
HEHVOI,YICQOS01,1.0
HEHVOI,IYAHAT,0.6839999556541443
HEHVOI,YICQUY,0.8999999761581421
HEHVOI,YICRAF,0.8999999761581421
HEHVOI,YICRAF01,0.8999999761581421
HEHZAY,VEYSAW,0.6896551847457886
HEHZAY,LENGAO,0.6896551847457886
HEHZAY,ORUKOD,0.5896551609039307
HEJCIL,HEJCOR,1.0
HEJCIL,UVASAM01,0.8999999761581421
HEJCIL,WOJZOK01,0.8999999761581421
HEJCOR,UVASAM01,0.8999999761581421
HEJCOR,WOJZOK01,0.8999999761581421
HEJFUA,HEJGAH,1.0
HEJFUA,HEJGEL,1.0
HEJFUA,HEJGIP,1.0
HEJGAH,HEJGIP,1.0
HEJGAH,HEJGEL,1.0
HEJGEL,HEJGIP,1.0
HEJGIP,IZIBUQ,0.8999999761581421
HEJQAR,QUNMUI,1.0
HEJQAR,HEJQUL,1.0
HEJQAR,HEJQOF,1.0
HEJQAR,HEJRAS,1.0
HEJQAR,LAJWUQ,0.8999999761581421
HEJQAR,LAJYEC,0.8999999761581421
HEJQAR,QUNMOC,1.0
HEJQEV,HEJREW,1.0
HEJQEV,LAJWUQ,0.8999999761581421
HEJQEV,VERQIU,0.8999999761581421
HEJQIZ,HEJRIA,1.0
HEJQIZ,HEJROG,1.0
HEJQIZ,LAJWUQ,0.8999999761581421
HEJQIZ,VERQIU,0.8999999761581421
HEJQOF,QUNMUI,1.0
HEJQOF,HEJQUL,1.0
HEJQOF,HEJRAS,1.0
HEJQOF,QUNMOC,1.0
HEJQUL,QUNMUI,1.0
HEJQUL,LAJYAY,0.8999999761581421
HEJQUL,VERQIU,0.8999999761581421
HEJQUL,WUJKUI,0.8999999761581421
HEJRAS,QUNMUI,1.0
HEJRAS,LAJXEB,0.8999999761581421
HEJRAS,LAJYAY,0.8999999761581421
HEJRAS,LAJYEC,0.8999999761581421
HEJRAS,QUNMOC,1.0
HEJRAS,WUJKUI,0.8999999761581421
HEJREW,KUHDEX01,0.8999999761581421
HEJREW,LAJXAX,0.8999999761581421
HEJRIA,HEJROG,1.0
HEJRIA,WUJKUI,0.8999999761581421
HEJROG,WUJKUI,0.8999999761581421
HEJTOI,QATVUE,0.621052622795105
HEJTOI,ISAYUW,0.606249988079071
HEJTOI,JIWQIP,0.5363636612892151
HEKTAU,ZASJAG,1.0
HEKTAU,QIKTUC,0.8999999761581421
HEKTUO,NOLRIR,1.0
HEKTUO,QEKLID,1.0
HEKTUO,IYAZAL,1.0
HEKTUO01,NOLRIR,1.0
HEKTUO01,QEKLID,1.0
HEKTUO01,IYAZAL,1.0
HELCUY,PANYOU,1.0
HELCUY,KAWBOB,0.8999999761581421
HELCUY,VIPKAI,0.40789473056793213
HELDOT,IZUKIZ,0.8999999761581421
HELDOT,MIHJUL,1.0
HELFAI,QOTZEG,1.0
HELFAI,SIZGIS,0.8999999761581421
HELFAI,SIZGEO,0.8999999761581421
HELNAQ,MAPGOC,1.0
HELNAQ,VALVAI,1.0
HELNAQ,KIKMAV,1.0
HELNEU,NOFZEO,1.0
HELNEU,UCEXEG,1.0
HELNIY,YIXFIW,1.0
HELNIY,ZEDVUB,1.0
HEMZOR,OJOQEJ,1.0
HEMZOR,HEMZUX,1.0
HEMZOR,UXOWIO,1.0
HEMZOR,UXOWOU,1.0
HEMZOR,UXOXAH,1.0
HEMZUX,OJOQEJ,1.0
HEMZUX,IBADAT,0.8999999761581421
HEMZUX,OJOQEJ01,1.0
HEMZUX,OJOQEJ02,1.0
HEMZUX,UXOWIO,1.0
HEMZUX,UXOWOU,1.0
HEMZUX,UXOXAH,1.0
HENSEB,VUKSOL,1.0
HENSEB,XEJHIG,1.0
HENSEB,LEHFOW,1.0
HENSEB01,VUKSOL,1.0
HENSEB01,XEJHIG,1.0
HENSEB01,VUKSEB,1.0
HENSEB01,VUKSIF,1.0
HENYOR,HENYUX,1.0
HENYOR,MIBYAA,0.7333332896232605
HENYUV,HESVOR,1.0
HENYUV,KUQCIJ,0.8999999761581421
HENYUV,TATCUO,0.4899999797344208
HENYUV,ZESMOB,0.737500011920929
HENYUX,MIBYAA,0.7333332896232605
HEPLIA,HEPLUM,1.0
HEPLIA,HEPLOG,0.8999999761581421
HEPLIA,HEPQOL,0.8999999761581421
HEPLIA,HEPQUR,0.8999999761581421
HEPLOG,HEPQOL,0.8999999761581421
HEPLOG,HEPQUR,0.8999999761581421
HEPLOG,HEPLUM,0.8999999761581421
HEPLUM,HEPQOL,0.8999999761581421
HEPLUM,HEPQUR,0.8999999761581421
HEPNIA,ZUYLOW,0.8999999761581421
HEPNIA,JIVROW,0.8999999761581421
HEPQOL,HEPQUR,0.8999999761581421
HEQTAB,VITZOP,0.8999999761581421
HEQTAB,OWIHIN,0.8999999761581421
HEQTAB,KESFUM,0.8999999761581421
HERHAQ,HERHEU,1.0
HERHAQ,ZESTID,0.804347813129425
HERHEU,ZESTID,0.804347813129425
HERHIY,RIBRUS,1.0
HERHIY,RIBSIH,1.0
HERHIY,HERHOE,1.0
HERHIY,HIQLAX,0.8999999761581421
HERHOE,RIBRUS,1.0
HERHOE,RIBSIH,1.0
HERHOE,HIQLAX,0.8999999761581421
HERHUK,RIBSON,1.0
HERHUK,HERHUK02,1.0
HERHUK,NIHGET,1.0
HERHUK,TOVJIZ,0.8624999523162842
HERHUK,XOVPUU,0.6666666269302368
HERHUK02,RIBSON,1.0
HERHUK02,NIHGET,1.0
HERHUK02,TOVJIZ,0.8624999523162842
HERJAS,HERJEW,1.0
HERJAS,UMOBEF08,0.8999999761581421
HERJAS,UMOVEZ04,0.8999999761581421
HERJEW,UMOBEF08,0.8999999761581421
HERJEW,UMOVEZ04,0.8999999761581421
HERJOG,RUBLAD03,1.0
HERJOG,SELLAZ,1.0
HERJOG,IXEJIG,1.0
HERJOG,SELKIG,1.0
HERJOG,SELKUS,1.0
HERROL,NOLQUA,0.3857142925262451
HERROL,MEMBIS,0.3499999940395355
HERXUA,YAPWUJ,0.36341461539268494
HERYIN,TAPCIX,0.8999999761581421
HERYIN,NUFYET,0.8999999761581421
HERYIN,NUFYAP,0.8999999761581421
HERYIN,HERYOT,0.8999999761581421
HERYIN,NUFYIX,0.8999999761581421
HERYIN,QIXNES,0.8999999761581421
HERYIN,QIXNIW,0.8999999761581421
HERYOT,NUFYAP,0.8999999761581421
HERYOT,QIXNES,0.8999999761581421
HERYOT,NOHFOG,0.8999999761581421
HERYOT,NUFYIX,0.8999999761581421
HERYOT,PEYPAM,0.5909091234207153
HESVAF,LAVYOX,0.4535714089870453
HESVAF,LAVYOX01,0.4535714089870453
HESVAF,NAHQAQ,0.35199999809265137
HESVOR,KUQCIJ,0.8999999761581421
HESVOR,TATCUO,0.4899999797344208
HESVOR,ZESMOB,0.737500011920929
HEWGUM,OMEJIB,0.550000011920929
HEWGUM,REHJIZ,0.550000011920929
HEWGUM,OMEHIZ,0.550000011920929
HEWGUM,NOPCEB,0.5333333015441895
HEWGUM,PAQBAN,0.44999998807907104
HEWPAB,SEVROC,0.8999999761581421
HEWPAB,KERTUZ,0.3117647171020508
HEWPIJ,TEVZIE,1.0
HEWPIJ,HEWPIJ01,1.0
HEWPIJ,TESGOO,1.0
HEWPIJ,ITIPAE,1.0
HEWPIJ,JEBBOK,1.0
HEWPIJ,LICSAS,1.0
HEWPIJ,LICSAS01,1.0
HEWPIJ,VERZUP,1.0
HEWPIJ,VERZUP01,1.0
HEWPIJ01,TEVZIE,1.0
HEWPIJ01,TESGOO,1.0
HEWPIJ01,RATDAS01,1.0
HEWPIJ01,RATDAS02,1.0
HEWPIJ01,YANXIX,1.0
HEWPIJ01,YANXIX01,1.0
HEWPIJ01,YANXIX02,1.0
HEWPIJ01,YANXIX03,1.0
HEWPIJ01,YANXIX04,1.0
HEWWAK,UDEPIE,0.5307692289352417
HEZKAZ,VAHWIM,0.6000000238418579
HEZKAZ,VAHWOS01,0.6000000238418579
HEZKIH,UJAQUS,0.7000000476837158
HEZKIH,UVUFAU,0.6586206555366516
HIBGEF,JEBGIJ,1.0
HIBGEF,XAXBEF,1.0
HIBGEF,XEHSIN,1.0
HIBGIJ,SIWPUL03,1.0
HIBKAH,HOGSEC,0.8999999761581421
HIBKAH,ITAHEQ,0.48461538553237915
HIBSUG,HIBSUG06,1.0
HIBSUG,HIBSUG01,1.0
HIBSUG,HIBSUG04,1.0
HIBSUG,HIBSUG02,1.0
HIBSUG,HIBSUG03,1.0
HIBSUG,HIBSUG05,1.0
HIBSUG,HIBSUG07,1.0
HIBSUG,SAQJOK,0.6586206555366516
HIBSUG01,HIBSUG06,1.0
HIBSUG01,HIBSUG04,1.0
HIBSUG01,NICOPB01,0.8999999761581421
HIBSUG01,NICOPB03,0.8999999761581421
HIBSUG02,HIBSUG06,1.0
HIBSUG02,HIBSUG04,1.0
HIBSUG02,XALXIS,0.8999999761581421
HIBSUG02,XALXIS01,0.8999999761581421
HIBSUG03,HIBSUG06,1.0
HIBSUG03,HIBSUG04,1.0
HIBSUG03,HIBSUG05,1.0
HIBSUG03,HIBSUG07,1.0
HIBSUG04,HIBSUG06,1.0
HIBSUG04,OVAJAX,1.0
HIBSUG04,WOTSEF,0.4731706976890564
HIBSUG05,HIBSUG06,1.0
HIBSUG05,HIBSUG07,1.0
HIBSUG06,OVAJAX,1.0
HIBSUG07,SAQJOK,0.6586206555366516
HIBTAQ,NISGII,0.5135135054588318
HIBTAQ,TOPKIT,0.5
HIBTEU,LASYOU,0.5666666626930237
HIBTEU,ZUSNOS,0.5645161271095276
HIBVET,XUNSOQ,0.8999999761581421
HIBVET,XUNSUW,0.8999999761581421
HIBVET,XUNROP,0.8999999761581421
HICCUU,HICNIT,0.8999999761581421
HICCUU,HICNUF,0.8999999761581421
HICCUU,HICNOZ,0.8999999761581421
HICFOP,SUZTAI,0.8999999761581421
HICFOP,XIPHIN,0.8999999761581421
HICFOP,XOTGUI,0.8999999761581421
HICFOP,IRANIA,0.8999999761581421
HICGEG,KUMXEW,1.0
HICGEG,VEJYOZ,1.0
HICGEG,IMIDZB02,1.0
HICNIT,HICNOZ,1.0
HICNIT,HICNUF,1.0
HICNOZ,HICNUF,1.0
HICRUG,PUKJIO,0.3571428656578064
HICSOE,JOBKOC,0.8999999761581421
HICSOE,MUTDEM,0.42954543232917786
HICTIZ,QIJFEX,0.8999999761581421
HICTIZ,XIRYIJ,0.8999999761581421
HICTIZ,QIJFAT,0.8999999761581421
HICTIZ,SOMJOV,0.8999999761581421
HICZEA,HIDCUU,0.8999999761581421
HICZEA,HIDDAB,0.8999999761581421
HICZEA,HICZIE,0.8999999761581421
HICZIE,TOVHAP,0.8999999761581421
HICZIE,VIDVUB,0.8999999761581421
HIDCOM,OKATOJ,0.625
HIDCOM,NIVFUT,0.5249999761581421
HIDCOM,MAPFIS,0.5249999761581421
HIDCOM,LILQEC,0.4937499761581421
HIDCOM,YIQMOA,0.30454546213150024
HIDCUU,VIDVUB,0.8999999761581421
HIDCUU,TEZLOC,0.48571428656578064
HIDDAB,VIDVUB,0.8999999761581421
HIDDAB,VIDWIQ,0.8999999761581421
HIDDAB,TOVHAP,0.8999999761581421
HIDDON,XELHUS,0.8999999761581421
HIDDON,SIWNIW,0.8999999761581421
HIDDON,SIWNES,0.8999999761581421
HIDDON,NAHNLA10,0.8999999761581421
HIDDON,NUQYIH,0.8999999761581421
HIDMIS,VIHHUR,0.8999999761581421
HIDMIS,YUMVAF,0.8999999761581421
HIDMIS,OXAPEJ,0.4535714089870453
HIDMIS,PIHNIF,0.8999999761581421
HIDSEV,HIDSIZ,1.0
HIDSEV,UJAQEC,0.6586206555366516
HIDSEV,ISILEC,0.6586206555366516
HIDSIZ,UJAQEC,0.6586206555366516
HIDSIZ,ISILEC,0.6586206555366516
HIDTUM,ONIXOZ,0.785714328289032
HIDTUM,MIKVEK,0.785714328289032
HIDTUM,ORAWAH,0.785714328289032
HIDVAU,LAYQUA,0.7428571581840515
HIDVAU,TEJBUI,0.7428571581840515
HIDVAU,LUSYEF,0.7428571581840515
HIDVEY,YEVRID,0.6586206555366516
HIFGIO,HIFHIP,0.8999999761581421
HIFGIO,TOWNUQ,0.8999999761581421
HIFGIO,HIFHEL,0.8999999761581421
HIFHEL,HIFHIP,1.0
HIFHEL,TOWNUQ,0.8999999761581421
HIFHIP,TOWNUQ,0.8999999761581421
HIFMEP,WUYQOY,1.0
HIFMEP,PUKJIO01,1.0
HIFMEP,PUKJIO02,1.0
HIFMEP,PUKJIO,1.0
HIFTOG,MIBQAR11,1.0
HIFTOG,MIBQAR13,1.0
HIFTOG,MIBQAR04,1.0
HIFTOG01,MIBQAR11,1.0
HIFTOG01,MIBQAR13,1.0
HIFTOG01,MIBQAR04,1.0
HIFTOG02,MIBQAR11,1.0
HIFTOG02,MIBQAR13,1.0
HIFTOG02,MIBQAR04,1.0
HIFTOG03,MIBQAR11,1.0
HIFTOG03,MIBQAR13,1.0
HIFTOG03,MIBQAR04,1.0
HIFVOI,IMIDZB02,1.0
HIFVOI,IMIDZB07,1.0
HIFVOI,IMIDFE,0.8999999761581421
HIFVUO,IMIDZB02,1.0
HIFVUO,IMIDZB07,1.0
HIFVUO01,IMIDZB02,1.0
HIFVUO01,IMIDZB07,1.0
HIFVUO01,XABTAY,0.8999999761581421
HIFWAV,IMIDZB02,1.0
HIFWAV,IMIDZB07,1.0
HIFZAY,HIFZEC,1.0
HIFZAY,HIFZUS,1.0
HIFZAY,WILGEE,0.8999999761581421
HIFZAY,MADVUJ,0.26363638043403625
HIFZAY,MADWAQ,0.26363638043403625
HIFZAY,WILGII,0.8999999761581421
HIFZAY,WILGOO,0.8999999761581421
HIFZEC,HIFZUS,1.0
HIFZEC,WILGEE,0.8999999761581421
HIFZUS,WILGEE,0.8999999761581421
HIGWOL,HIGXIG,0.8999999761581421
HIGWOL,HIGXEC,0.8999999761581421
HIGWOL,WOSZAH,0.8999999761581421
HIGWOL,KABSIR,0.8999999761581421
HIGWOL,TULGOY,0.6538462042808533
HIGXAY,HIGXEC,0.8999999761581421
HIGXAY,TOBSIO,0.8999999761581421
HIGXAY,HIGXIG,0.8999999761581421
HIGXAY,HIGXOM,0.8999999761581421
HIGXAY,WOSZAH,0.8999999761581421
HIGXEC,WOSZAH,0.8999999761581421
HIGXEC,HIGXIG,0.8999999761581421
HIGXEC,TOBSIO,0.8999999761581421
HIGXIG,TOBSIO,0.8999999761581421
HIGXIG,KABSIR,0.8999999761581421
HIGXIG,HIGXOM,0.8999999761581421
HIGXIG,WOSZAH,0.8999999761581421
HIGXOM,KABSIR,0.8999999761581421
HIGXOM,TOBSIO,0.8999999761581421
HIHFOV,ZESTIC,0.8999999761581421
HIHFOV,ZESTIC01,0.8999999761581421
HIHFUB,ODODIW,0.8999999761581421
HIHFUB,ZEXSOM,0.8999999761581421
HIHGAI,NOZZOT,0.8999999761581421
HIHGAI,YIVZOU,0.8999999761581421
HIHGAI,ODODIW,0.8999999761581421
HIHGEM,ZEXSOM,1.0
HIHGUC,WIVRIE,1.0
HIHGUC,TACJIS,1.0
HIHHUC,IVAZOU,0.8999999761581421
HIHHUC,IVAZUA01,0.8999999761581421
HIHHUC,ISOCOI,0.8999999761581421
HIHHUC,KEYMEI,0.8999999761581421
HIHHUC,UFIMUS,0.8999999761581421
HIHHUC,WOWMEC,0.8999999761581421
HIHNUJ,MUQYEE,1.0
HIHNUJ,OTEHAY,1.0
HIHNUJ,OWIHIN,1.0
HIHNUJ,ZEGREL,1.0
HIHQOE01,HIHQOE02,1.0
HIHQOE01,NOLYOC,0.8999999761581421
HIHQOE01,ULEGOH,0.48249998688697815
HIHQOE02,NOLYOC,0.8999999761581421
HIHQOE02,ULEGOH,0.48249998688697815
HIJSOK,LEDCAA,0.8999999761581421
HIJSOK,MUTDIQ,0.8999999761581421
HIJSOK,XORHET,0.6684210300445557
HIKHAM,XAXGEK,0.5285714268684387
HIKHAM,OCETAS,0.5285714268684387
HIKHAM,XINRAP,0.4000000059604645
HILJES,TOKKUB,0.4342857003211975
HILJES,NEYROY,0.4272727370262146
HILJES,ZIHFUR01,0.39032256603240967
HILKAP,HILKAP01,1.0
HILKAP,HILKAP02,1.0
HILKAP,REMJOJ,0.8999999761581421
HILKAP01,HILKAP02,1.0
HILKAP01,REMJOJ,0.8999999761581421
HILKAP02,REMJOJ,0.8999999761581421
HINBUC,OCUGAX,0.8999999761581421
HIPLUP,QEBYON,0.8999999761581421
HIPLUP,VOPCIO,0.8999999761581421
HIPMAW,PEFRID01,1.0
HIPMAW,PEFRID,1.0
HIPMAW,WEQQUH,0.8999999761581421
HIPMEA,HIPMIE,0.8999999761581421
HIPMIE,PEFRUP01,1.0
HIPMIE,PEFRUP,1.0
HIPMOK,LACJEH,0.8999999761581421
HIPMOK,PEFRID,0.8999999761581421
HIQJEZ,ZOFZUR,1.0
HIQJEZ,YICZAO,0.8999999761581421
HIQJEZ,YICYUH,0.8999999761581421
HIQJEZ,QATKII,0.8999999761581421
HIQJEZ,WAQDOK,0.8999999761581421
HIQJEZ,WAQDOK01,0.8999999761581421
HIQJEZ,ZIKJIO,0.8999999761581421
HIQJEZ,ZIKJOU,0.8999999761581421
HIQJOI,IZUKEV,1.0
HIQJOI,HIQJUO,1.0
HIQJOI,RIFYAI,1.0
HIQJOI,HIQKAV,1.0
HIQJOI,HIQKEZ,1.0
HIQJOI,PEDMER,0.8999999761581421
HIQJUO,IZUKEV,1.0
HIQJUO,RIFYAI,1.0
HIQJUO,PEDMER,0.8999999761581421
HIQKAV,IZUKEV,1.0
HIQKAV,RIFYAI,1.0
HIQKAV,JIVFUQ,0.5049999952316284
HIQKEY,YEKREO,0.6882352828979492
HIQKEY,MAPXEH,0.4950000047683716
HIQKEZ,IZUKEV,1.0
HIQKEZ,RIFYAI,1.0
HIQKEZ,PEDMER,0.8999999761581421
HIQKID,ZAFWUB,0.8999999761581421
HIQKID,PIZPOD,0.8999999761581421
HIQKID,QOMDUS,0.8999999761581421
HIQKID,VUJSAV,0.8999999761581421
HIQKOJ,ZUXPOZ,1.0
HIQKOJ,KOVJAI01,1.0
HIQKOJ,PETWOC,1.0
HIQKOJ,KOVJAI,1.0
HIQLAW,YIDJAX01,0.5090909004211426
HIQLAW,YIDJAX,0.5090909004211426
HIQLAW,SOVMOG,0.22631579637527466
HIQNOM,HIQNUS,1.0
HIQNOM,XUKHUI,1.0
HIQNUS,XUKHUI,1.0
HIQPAA,MIVWEU,0.8999999761581421
HIQPAA,HIQPEE,0.8999999761581421
HIQPAA,TUKYIJ,0.8999999761581421
HIQPEE,MIGVED,1.0
HIQPEE,NOFQOQ,0.8999999761581421
HIQPEE,JORQOY,0.8999999761581421
HIQPEE,RENSOV,0.40937498211860657
HIQPII,MIYGUX,0.8999999761581421
HIQPII,NOFQOQ,0.8999999761581421
HIQRAC,JEHJUE,0.18437498807907104
HIQXEM,WULBIQ,0.8999999761581421
HIQXEM,WULBEM,0.8999999761581421
HISFUM,UTUNED,0.8999999761581421
HISFUM,UQEFED,0.8999999761581421
HISFUM,LOPXIZ,0.3700000047683716
HISFUM,TILFOK,0.8999999761581421
HISGAT,KIYCOL,0.32499998807907104
HISGAT,TILFOK,0.8999999761581421
HISGEX,UTUNED,0.8999999761581421
HISGEX,UQEFED,0.8999999761581421
HISGIB,QUXREI,0.8999999761581421
HISGIB,UTUNED,0.8999999761581421
HISGIB,MUNLAJ,0.8999999761581421
HISGIB,SAQCIZ,0.8999999761581421
HISHUO,XEKCAT,1.0
HISHUO,PEXFAA,1.0
HISHUO,XEKCAT01,1.0
HISJAW,SUVMIH,0.8999999761581421
HISJAW,RILVOZ,0.8999999761581421
HISJAW,VIXLEU,0.46551722288131714
HISJEA,MOYMET,1.0
HISJEA,JEGCAA01,0.8999999761581421
HISJEA,REFVEF,0.8999999761581421
HISJEA,OPOCEC,0.8999999761581421
HISJEA,UHEBOA,0.8999999761581421
HISJIE,NAPZUB,0.8999999761581421
HISJIE,JOFZOV,0.8999999761581421
HISJIE,QOPZIF,0.8999999761581421
HISJIE,NAPZOV,0.8999999761581421
HISSIN,LUWMIB,0.8999999761581421
HISSIN,NUHQAK,1.0
HISSIN,SILKAC,1.0
HISSIN,WOJZIG,1.0
HISSUZ,WENKEH,0.9470588564872742
HISSUZ,HISTIO,0.8999999761581421
HISSUZ,HISTUA,0.8999999761581421
HISSUZ,HISVAI,0.8999999761581421
HISTAG,WENKIL,0.9470588564872742
HISTAG,HISTIO,0.8999999761581421
HISTAG,HISTOU,0.8999999761581421
HISTEK,WENKOR,0.9470588564872742
HISTEK,HISTIO,0.8999999761581421
HISTEK,HISVAI,0.8999999761581421
HISTEK,HISTOU,0.8999999761581421
HISTEK,HISTUA,0.8999999761581421
HISTIO,WENKUX,0.9470588564872742
HISTIO,HISVAI,0.8999999761581421
HISTIO,HISTUA,0.8999999761581421
HISTOU,WENLAE,0.9470588564872742
HISTOU,HISTUA,0.8999999761581421
HISTOU,HISVAI,0.8999999761581421
HISTUA,WENLEI,0.9470588564872742
HIVQAG,IVEMIH01,1.0
HIVQAG,IVEMED,1.0
HIVQAG,OTIQEP,1.0
HIVQAG,KAFQAL,1.0
HIVQAG,NUJGEG,0.48181816935539246
HIVQAG,UMABOB,1.0
HIVQAG,XEQLEM,0.8999999761581421
HIVQAG,XEQLEM01,0.8999999761581421
HIXREN,MIJLUN,0.4193548262119293
HIXREN,UBUPAK,0.3879999816417694
HIXREN,LEPKOH,0.3863636255264282
HIXREN,WARJAC,0.3724137842655182
HIXWIU,XUBMEN,1.0
HIXWIU,UPIXUN,1.0
HIXWIU,HIXWIU01,1.0
HIXWIU01,XUBMEN,1.0
HIXWIU01,REGLIA,1.0
HIXWIU01,REGLOG,1.0
HIXWIU01,REGLUM,1.0
HIXWIU01,UPIXUN,1.0
HIXWIU01,UPIXUN01,1.0
HIXWIU01,UPIXUN02,1.0
HIXWIU01,UPIXUN03,1.0
HIXZOD,PIHSAB,0.8999999761581421
HIXZOD,ODAHUY,0.8999999761581421
HIYZEV,ZOYKAB,1.0
HIYZEV,ZOZKAC,1.0
HIYZEV01,ZOYKAB,1.0
HIYZEV01,ZOZKAC,1.0
HIYZEV01,XOFFUT,0.8999999761581421
HIZFIH,KUHRAI,0.8999999761581421
HIZFIH,SIXPOG,0.8999999761581421
HIZFIH,VEDYAE,0.23846155405044556
HIZJEH,ZAWTIC,0.8999999761581421
HIZJEH,ZAWTUO,0.8999999761581421
HIZJEH,PARXAJ,0.8399999737739563
HIZJEH,XEMRUF,0.5199999809265137
HIZQEN,HIZQEN01,1.0
HIZQEN,HIZQOX,1.0
HIZQEN,QUSBIQ,1.0
HIZQEN,SAXZIA,0.8999999761581421
HIZQEN01,HIZQOX,1.0
HIZQEN01,QUSBIQ,1.0
HIZQEN01,LAGWEX,1.0
HIZQEN01,LUWKEV,1.0
HIZQEN01,SAXZIA,0.8999999761581421
HIZQEN01,TEHWEK,1.0
HIZQEN01,VAKLIF,1.0
HIZQEN01,XEFGUN,1.0
HIZQEN01,XEFGUN01,1.0
HIZQOX,QUSBIQ,1.0
HIZQOX,KEDZIF,1.0
HIZQOX,LAGWEX,1.0
HIZQOX,LUWKEV,1.0
HIZQOX,PULQUK,1.0
HIZQOX,TEHWEK,1.0
HIZQOX,VAKLIF,1.0
HIZQOX,YINPEQ,1.0
HODXIH,VENCAS,0.8999999761581421
HODXIH,VEKFOH,0.6600000262260437
HODXIH,IHEFIM02,0.6600000262260437
HODXIH,TUYNEI,0.36249998211860657
HOFORD01,RUGJOU,1.0
HOFORD01,RUGHOS,1.0
HOFSOL,UXOWOU,1.0
HOFSOL,UXOXAH,1.0
HOFSOL,OJOQEJ02,1.0
HOFSOL,KIVZAR,1.0
HOFSOL,OJOQEJ,1.0
HOFSOL,YUPBIU,0.8999999761581421
HOFSUS,IQEKUM,1.0
HOFSUS,RUVMAX,1.0
HOFSUS,ZOBYOG,0.6447368860244751
HOFXOP,HOFXUV,1.0
HOFXOP,KEYFUR,0.522580623626709
HOFXOP,KEYFIF,0.522580623626709
HOFXUV,KEYFUR,0.522580623626709
HOFXUV,KEYFIF,0.522580623626709
HOGJIX,YANMUY,1.0
HOGJIX,OFOCUI,0.8999999761581421
HOGJIX,UBIBUF,1.0
HOGLEV,HOGLEV01,1.0
HOGLEV,RAVFEB,0.8999999761581421
HOGLEV,RAVCUO,0.8999999761581421
HOGLEV,RAVDOJ,0.8999999761581421
HOGLEV01,RAVFEB,0.8999999761581421
HOGLEV01,RAVFAX,0.8999999761581421
HOGQIF,NAJQUN,0.8999999761581421
HOGQIF,YOCDUR,0.8999999761581421
HOGQIF,NAJQOH,0.8999999761581421
HOGQIF,TAHYUZ,0.8999999761581421
HOGSEC,XUNJOG,0.48461538553237915
HOGSIG,UFATEA01,1.0
HOGSIG,ROGLOP,1.0
HOGSIG,UFATEA,1.0
HOGWAB,XIPHIN,1.0
HOGWAB,SAHBAF,1.0
HOHJAR,LOBNUM,1.0
HOJNIF,SUXTAI,1.0
HOJNIF,HOJNUR01,1.0
HOJNOL,SUXTAI,1.0
HOJNOL,HOJNUR01,1.0
HOJNUR,SUXTAI,1.0
HOJNUR,HOJNUR01,1.0
HOJNUR,HOJPAZ,1.0
HOJNUR,HOJPED,1.0
HOJNUR,HOJPIH,1.0
HOJNUR01,SUXTAI,1.0
HOJNUR01,OJICUG,1.0
HOJPAZ,SUXTAI,1.0
HOJPAZ,OJICUG,1.0
HOJPED,SUXTAI,1.0
HOJPED,SAXZIA,0.8999999761581421
HOJPIH,SUXTAI,1.0
HOKKOJ,PUFXIZ,0.8999999761581421
HOKKOJ,VEWDAF,0.8499999642372131
HOKLIE,HOKLOK,1.0
HOKLIE,QUVLAW,0.8999999761581421
HOKLIE,MAHCIK,0.5026315450668335
HOKLOK,QUVLAW,0.8999999761581421
HOKLOK,MAHCIK,0.5026315450668335
HOKLOK,PEHLIA,0.8999999761581421
HOKMUR,SIVGIP,1.0
HOKMUR,RAMSAC,1.0
HOKMUR,RAMRUV,1.0
HOKMUR,SEFVOQ,0.3739130198955536
HOLQAC,HOLQIK,0.7882353067398071
HOLQAC,NAFWAV,0.6000000238418579
HOLQAC,SAPRAF,0.6000000238418579
HOLQAC01,HOLQOQ,1.0
HOLQAC01,XIVMEW,0.8999999761581421
HOLQIK,SAPQUY,0.5657142996788025
HOLQIK,SAPQOS,0.5657142996788025
HOLQOQ,XIVMEW,0.8999999761581421
HOLQOQ,JEBXUM,0.8999999761581421
HOLQUW,MIBQAR11,1.0
HOLQUW,MIBQAR13,1.0
HOLQUW,MIBQAR04,1.0
HOLRAD,MIBQAR11,1.0
HOLRAD,MIBQAR13,1.0
HOLRAD,MIBQAR04,1.0
HOLVAF,ISEGIY,1.0
HOLVAF,ISEGEU,0.32499998807907104
HOMVAI,VUKTIG,0.8999999761581421
HOMVAI,VUKTEC,0.8999999761581421
HOMVAI,ZEFSEK,0.8999999761581421
HOMZEP,YAYRAT,1.0
HOMZEP,MAKHOY,0.8999999761581421
HOPHUP,LIWFUS,1.0
HOPHUP,ODELOZ,1.0
HOPHUP,JEXPUY,0.8999999761581421
HOPHUP,XEGRAD,0.8999999761581421
HOPHUP,ZERNIT,0.550000011920929
HOPMOQ,IXEZES,0.8999999761581421
HOPMOQ,WUZYUM,0.8999999761581421
HOPMOQ,NEYZAU,0.8999999761581421
HOPMUW,NEYYUN,0.8999999761581421
HOPMUW,KUHRAI,0.8999999761581421
HOPMUW,IXEZES,0.8999999761581421
HOPMUW,IXEZIW,0.8999999761581421
HOPVEP,NUVDEO,1.0
HOPVEP,NUVDUE,0.8999999761581421
HOPVEP,YEDBOB,0.8999999761581421
HOPVEP,NUVDOY,0.8999999761581421
HOPVIT,NUVDIS,1.0
HOPVIT,NUVFAM,0.8999999761581421
HOPVIT,OKASAV,0.8999999761581421
HOPVIT,NUVDEO,0.8999999761581421
HOQGAX,SISBAZ,1.0
HOQGAX,SIRZUQ,0.8999999761581421
HOQGAX,SISBED,0.8999999761581421
HOQGAX,UQAGAV,0.3824999928474426
HOQKII,QATHOK,0.7120000123977661
HORBIA,MUPLIT,1.0
HORBIA,MUPLAL,1.0
HORBIA,QAPPUT,0.8999999761581421
HORBIA,QAPPON,0.8999999761581421
HORCOH,HORCUN,0.8999999761581421
HORCOH,UGUGUZ,0.550000011920929
HORCOH,VASFUT,0.5086956024169922
HORCUN,VASFIH,0.6086956262588501
HORCUN,NATXIR,0.6086956262588501
HORHAX,HORHAX01,1.0
HORHAX,HORHAX03,1.0
HORHAX,HORHAX02,1.0
HORHAX01,HORHAX03,1.0
HORHAX01,HORHAX02,1.0
HORHAX01,MAYPIM,0.4959999918937683
HORHAX02,HORHAX03,1.0
HORHAX02,MAYPIM,0.4959999918937683
HORHAX03,MAYPIM,0.4959999918937683
HORHAY,HORHEC,1.0
HORHAY,HORHOM,1.0
HORHAY,HORHIG,1.0
HORHEC,HORHOM,1.0
HORHEC,HORHIG,1.0
HORHIG,HORHOM,1.0
HORJOP,XUJDAI03,0.8999999761581421
HORJOP,XUJDAI,0.8999999761581421
HORJOP,XUJCUB,0.8999999761581421
HORJOP,IMIDZB,0.5
HOSPEL,PIZHOX,1.0
HOSPEL,QONKOV,1.0
HOSPEL,PEBNER,1.0
HOSPEL,LOQFAA,0.8999999761581421
HOSPEL,QOMRUH,1.0
HOSPEL,QOMSAO,1.0
HOSPEL,QOMSES,1.0
HOSPEL,QONKUB,1.0
HOSPEL,QONLAI,1.0
HOSPEL,QONLEM,1.0
HOSPEL,QONLIQ,1.0
HOSSAK,XIFXAM,0.8999999761581421
HOSSAK,VOJROC,0.8999999761581421
HOSSAK,YIDJAX01,0.8999999761581421
HOTBUP,WOTSEF,0.4058823585510254
HOTBUP,KOKSIO,0.3749999701976776
HOTPOW,XESFOR,1.0
HOTPOW,REQKEF,0.8999999761581421
HOTPOW,UGUXAV,0.8999999761581421
HOVGEG,MOFWEL,0.8999999761581421
HOVGEG,XOGWUN,0.8999999761581421
HOVGEG,VAYFAE,0.8999999761581421
HOVGEG,PALTUT,0.5170731544494629
HOVGEG,PIXCOR,0.5135135054588318
HOVGEG,TEQLIM,0.757692277431488
HOVPUF,UVINAP,1.0
HOVPUF,KEFZOM,1.0
HOVPUF,POSGUB,0.7000000476837158
HOVPUF,TIXCIO,0.6428571343421936
HOVQAM,SOHGUS,0.4000000059604645
HOVQUG,LIHCAI,0.8999999761581421
HOVQUG,NIBSAU01,0.8999999761581421
HOVQUG,PATPOR,0.8999999761581421
HOVQUG,PATPEH,0.8999999761581421
HOWPEQ,HOWPOA,1.0
HOWPEQ,YIKJUZ,1.0
HOWPEQ,URUYUD,0.8999999761581421
HOWPOA,YIKJUZ,1.0
HOWPOA,URUYUD,0.8999999761581421
HOWPOA,HULHEC,0.48571428656578064
HOWRIW,YAQNOV,0.8999999761581421
HOWRIW,HOWROC,0.8999999761581421
HOWROC,QATXIU,0.8999999761581421
HOWROC,YAQNOV,0.8999999761581421
HOWRUI,HOWSAP,1.0
HOWRUI,YAFJEX,0.49705880880355835
HOWRUI,XOJSOG,0.3857142925262451
HOWSAP,YAFJEX,0.49705880880355835
HOXFOQ,HOXFUW,1.0
HOXFOQ,HOXGAD,0.7300000190734863
HOXFOQ,PULWEZ,0.7096774578094482
HOXFUW,HOXGAD,0.7300000190734863
HOXFUW,PULWEZ,0.7096774578094482
HOXGAD,PULWEZ,0.9639999866485596
HOXGAD,IDIGAF,0.6187499761581421
HOXGAD,RIWXEC,0.3891891837120056
HOXGAD,TARMUV,0.5
HOXGAD,WETQOB,0.550000011920929
HOXGAD,XUJJUI,0.550000011920929
HOXGEH,XANDAU,0.6000000238418579
HOXGEH,XOMRUO,0.6000000238418579
HOXGEH,QADBII,0.4193548262119293
HOXGIL,HOXGOR,1.0
HOXGIL,HOXGUX,1.0
HOXGIL,OWISOD,0.8999999761581421
HOXGOR,HOXGUX,1.0
HOXGOR,OWISOD,0.8999999761581421
HOXGUX,OWISOD,0.8999999761581421
HOXKIP,IYOVIC,1.0
HOXKIP,SISQAO,1.0
HOXKOV,OQIQEM,0.8999999761581421
HOXSIY,PIJKEB,1.0
HOXSIY,XUKNIC,1.0
HOXSIY,PUGSER,1.0
HOXSIY,WOJZAY,0.8999999761581421
HOXSIY,WOJZEC,0.8999999761581421
HOXSIY,YIBMON,1.0
HOXSIY,YIBMON01,1.0
HOXSUK,UNUNEY,0.8999999761581421
HOXSUK,XIXCOZ,0.8999999761581421
HOXSUK,RIBSED,0.8999999761581421
HOYCEF,LAWSEJ01,0.8999999761581421
HOYCEF,XITDEL,0.8999999761581421
HOYCEF,XUMVIM,0.8999999761581421
HOYCEF,KEGYAX,0.8999999761581421
HOYCEF,KEGYEB,0.8999999761581421
HOYKUD,PIDRAY,0.7230769395828247
HOYKUD,HOYQUJ,0.6823529601097107
HOYKUD,IDUTIN,0.6727272868156433
HOYKUD,HOYRAQ,0.6625000238418579
HOYQIX,IPUPOA,1.0
HOYQIX,IPUPIU,1.0
HOYQIX,LAQNID,0.843478262424469
HOYQIX,LUWMIB,0.8999999761581421
HOYQIX,OQETEK,0.8999999761581421
HOYQUJ,HOYRAQ,0.6823529601097107
HOYQUJ,JOFCEO01,0.6684210300445557
HOYRAQ,PIDRAY,0.7230769395828247
HOZBUV,TAFBEJ,0.48249998688697815
HOZBUV,TAFBOT,0.48249998688697815
HOZBUV,TONLOY,0.48249998688697815
HOZBUV,QUBZAP,0.4813953638076782
HOZDAD,HOZDEH,1.0
HOZDAD,HOZDIL,1.0
HOZDAD,HOZDOR,1.0
HOZDEH,HOZDIL,1.0
HOZDEH,HOZDOR,1.0
HOZDIL,HOZDOR,1.0
HOZDIL,MAXFOI,0.8999999761581421
HOZDIL,ZEJDAV,0.4049999713897705
HOZDOR,MAXFAU,0.8999999761581421
HOZDOR,MAXFOI,0.8999999761581421
HOZDOR,MAXGOJ,0.8999999761581421
HOZFAF,WOHPIU,1.0
HOZFAF,JEGQOE,0.8999999761581421
HOZFIN,PEFBIM,0.8999999761581421
HOZFIN,UTONAT,0.8999999761581421
HOZFIN,UTONEX,0.8999999761581421
HOZFIN,VOYWUB,0.8999999761581421
HOZQOD,HOZQOD01,1.0
HOZQOD,OTIXAS,0.8999999761581421
HOZQOD,RAFRUL,0.8999999761581421
HOZQOD01,OTIXAS,0.8999999761581421
HOZQOD01,RAFRUL,0.8999999761581421
HOZWOK,QIJFEX,0.44999998807907104
HOZWUQ,RAPBEP01,1.0
HOZWUQ,RAPBIT,1.0
HOZWUQ,NAHBAC,1.0
HOZWUQ,RAPBEP,1.0
HOZXEB,TEXVOJ,1.0
HOZXOL,MOHMUT,0.5695652365684509
HOZXOL,USOSUS,0.5695652365684509
HUBHAO,HUBHES,1.0
HUBHAO,HUWWEC,1.0
HUBHAO,PEBGAH,0.8999999761581421
HUBHES,HUWWEC,1.0
HUBHES,PEBGAH,0.8999999761581421
HUBHES,YUWKIL,0.8999999761581421
HUCBOX,LUSZOP01,1.0
HUCBOX,LUSZIJ,1.0
HUCBOX,LUSZIJ01,1.0
HUCBOX,LUSZOP,1.0
HUCBOX,LUSZUV,1.0
HUCBOX,LUTBEI,1.0
HUCBOX,LUTBUY,1.0
HUCBOX,LUTCAF,1.0
HUCBOX,LUTCEJ,1.0
HUCBOX,LUTCIN,1.0
HUCBOX,LUTDAG,1.0
HUCBOX01,LUSZOP01,1.0
HUCBOX02,LUSZOP01,1.0
HUCBOX02,IZAVUA,0.8999999761581421
HUCBOX02,IZAVUA01,0.8999999761581421
HUCFAO,KAWBOB,1.0
HUCFAO,TOHZAS,0.8999999761581421
HUCFAO,VIVLAP,0.8999999761581421
HUCFAO,UPOVOL,0.8999999761581421
HUCFAO,VIRCEF,0.8999999761581421
HUCKEV,NEFJOA,0.44999998807907104
HUCKEV,PIRMOU01,0.3807692229747772
HUCMOH,HUCMOH02,1.0
HUCMOH,VIDSUZ,0.8999999761581421
HUCMOH,VIDSIN,0.8999999761581421
HUCMOH02,VIDSUZ,0.8999999761581421
HUCMOH02,VIDSIN,0.8999999761581421
HUCWOT,UTEMAJ,0.8999999761581421
HUCWOT,VIXKOE,0.8999999761581421
HUCWOT,MAFWEY,0.8999999761581421
HUCWOT,OSAXEM,0.8999999761581421
HUCWUZ,OSAXEM,0.8999999761581421
HUCWUZ,UTELIQ,0.8999999761581421
HUCWUZ,HUCXAG,0.8999999761581421
HUCWUZ,VIXKOE,0.8999999761581421
HUCWUZ,ZOTKEA,0.4214285612106323
HUCXAG,HUCXUA,0.8999999761581421
HUCXAG,HUCXEK,0.8999999761581421
HUCXEK,ZAXSAV,1.0
HUCXEK,OSAXIQ,0.8999999761581421
HUCXIO,HUCXUA,0.8999999761581421
HUCXIO,TAKCAM,0.8999999761581421
HUCXIO,WAQZEW,0.8999999761581421
HUCXOU,ZAXSAV,0.8999999761581421
HUCXOU,VIXKOE,0.8999999761581421
HUCXOU,UTELIQ,0.8999999761581421
HUCXOU,OSAXIQ,0.8999999761581421
HUCXOU,WAQZEW,0.8999999761581421
HUDWUA,IZEWAN,0.8999999761581421
HUDWUA,MALSOK,0.8181818127632141
HUDWUA,QEHZIP,0.8181818127632141
HUFHEX,TAMHUM,1.0
HUFHEX,HUFJAV,1.0
HUFHEX,HUFJEZ,1.0
HUFHIB,TAMHUM,1.0
HUFHIB,HUFJAV,1.0
HUFHIB,HUFJEZ,1.0
HUFHIB,TAMJAU,1.0
HUFHIB,TAMJEY,1.0
HUFHOH,TAMHUM,1.0
HUFHOH,HUFJAV,1.0
HUFHOH,HUFJEZ,1.0
HUFHOH,TAMJAU,1.0
HUFHOH,TAMJEY,1.0
HUFHUN,TAMHUM,1.0
HUFHUN,HUFJAV,1.0
HUFHUN,HUFJEZ,1.0
HUFHUN,HUFJID,1.0
HUFJAV,TAMHUM,1.0
HUFJAV,HUFJEZ,1.0
HUFJAV,HUFJID,1.0
HUFJEZ,TAMHUM,1.0
HUFJID,TAMHUM,1.0
HUFJID,TAMJAU,1.0
HUFJID,TAMJEY,1.0
HUFLIF,IVIPEK,1.0
HUFLIF,HUFMEC,0.8999999761581421
HUFMAY,PAMHES,0.8999999761581421
HUFMAY,PAMGIV,0.8999999761581421
HUFMAY,IVIPEK,0.8999999761581421
HUFMAY,HUFMEC,0.8999999761581421
HUFMAY,JIRLII,0.8999999761581421
HUFMAY,XILSIW,0.8999999761581421
HUFMEC,PAMHES01,0.8999999761581421
HUFMEC,JIRLII,0.8999999761581421
HUFYIS,SUCCUR01,1.0
HUFYIS,SUCCUR,1.0
HUFYIS,YUBMIS,0.8999999761581421
HUFYIS,LISUCC01,0.8999999761581421
HUFYIS,SUCCUR02,0.3812499940395355
HUGLIG,TAFCIO01,0.8999999761581421
HUGLOM,PUQYAC,0.8999999761581421
HUGLOM,OVIHOR03,0.8999999761581421
HUGLOM,TAFCIO01,0.8999999761581421
HUGLOM,VUKHOZ,0.8999999761581421
HUGLUS,OVIHOR02,0.8999999761581421
HUGLUS,WAHREE,0.8999999761581421
HUGLUS,VEGXUC,0.8999999761581421
HUGTOT,LUQQOE,0.20000000298023224
HUGTOT,WAPZEU,0.19473683834075928
HUHGUN,ONATUT,1.0
HUHGUN,HUHHAU,0.8999999761581421
HUHHAU,ONATUT,0.8999999761581421
HUHHAU,HUHHOI,0.8071428537368774
HUHHAU,OMOTAM,0.7107142806053162
HUHHAU,XUGDOU,0.7107142806053162
HUHHAU,XUGDUA,0.7107142806053162
HUHHIC,HUHJAW,0.805263102054596
HUHHIC,XISBUX,0.7652174234390259
HUHHIC,TOTVEF,0.686956524848938
HUHHOI,ONATUT,0.7071428298950195
HUHJAW,UKOYUP,0.686956524848938
HUHJAW,UKOYOJ,0.686956524848938
HUJGEA,UMOVEZ,0.7387096881866455
HUJGEA,UMOBEF08,0.7387096881866455
HUJGEA,UMOVOJ,0.7387096881866455
HUJGEA,QIDJOF,0.7387096881866455
HUJVOX,QIJFEX,1.0
HUJVOX,XISMUK,1.0
HUJVOX,ZAVGUB02,0.3499999940395355
HUKQUZ,HUKRAG,1.0
HUKREK,YAVTOF,0.6318181753158569
HUKREK,XAMDOF,0.6318181753158569
HUKZOE,HUKZUK,0.8999999761581421
HUKZOE,HULBEX,0.8999999761581421
HUKZOE,HULBAT,0.8999999761581421
HUKZOE,HULBIB,0.8999999761581421
HUKZOE,ZOZSEO,0.7457142472267151
HUKZUK,HULBAT,0.8999999761581421
HUKZUK,HULBEX,0.8999999761581421
HUKZUK,HULBIB,0.8999999761581421
HULBAT,HULBEX,0.8999999761581421
HULBAT,HULBIB,0.8999999761581421
HULBEX,ZOZSEO,0.7457142472267151
HULBIB,ZOZSEO,0.7457142472267151
HULBOH,NEMZIR,0.731249988079071
HULBOH,PAQMAY,0.5727272629737854
HULCEW,MACKAE,0.8999999761581421
HULCEW,REGJIW01,0.8999999761581421
HULCEW,TOJNEN,0.8999999761581421
HULCOI,OQUWEE,0.8571428656578064
HULHEC,YIKJUZ,0.48571428656578064
HULTEP,VUZNOV,1.0
HULTEP,VUMCEM,0.625
HULTEP,NEFTUP,0.625
HUMPIP,RORQOE,0.8999999761581421
HUMPIP,QQQFJD02,0.8999999761581421
HUMPIP,NEFJOA,0.5
HUMPIP,QUJJUC,0.30000001192092896
HUMPIP,TEBBEK,0.3176470696926117
HUMWET,XUNVEJ,0.8999999761581421
HUMWET,HUMWIX,0.8999999761581421
HUMWET,XUNVAF,0.6839999556541443
HUMWIX,XUNVEJ,0.8999999761581421
HUMWIX,XUNVAF,0.6839999556541443
HUNBIB,UFITEJ,1.0
HUNBIB,XIPHIN,1.0
HUNBIB,SAGZUW,1.0
HUNCAU,XOTSAC,0.5571428537368774
HUNCAU,XOTROP,0.5571428537368774
HUNCAU,XEHTIO,0.5571428537368774
HUNCIE,QOWRAV05,0.7000000476837158
HUNCIE,LIGQEA,0.7000000476837158
HUNCUQ,SACHIP,1.0
HUNCUQ,SULKIU,1.0
HUNCUQ,SAQCIZ,0.8999999761581421
HUNCUQ,VODQOV,0.8999999761581421
HUPQEQ,OFOJEB,0.3272727429866791
HUPQEQ,NIYZOM,0.32499998807907104
HUPQEQ,RUTNOK,0.3117647171020508
HUPTER,POSBAC,0.8999999761581421
HUPTER,VAQRUC,0.8999999761581421
HUPTER,OLURUI,0.8999999761581421
HUPTER,OLURUI01,0.8999999761581421
HUPTIV,HUPTOB,0.8999999761581421
HUPTIV,SIYGEP,0.8999999761581421
HUPTOB,SIYGOZ,1.0
HUPTOB,OBOHOE,0.8999999761581421
HUPTOB,PORZUT,0.8999999761581421
HUPTOB,SIYGEP,0.8999999761581421
HUQMOV,KAPHAL,0.8999999761581421
HUQMOV,YIVZEI,0.8999999761581421
HUQMOV,WOZKUR,0.8999999761581421
HURGEH,PUNYED,1.0
HURGEH,JEDVUM,1.0
HURGEH,JOPGIG,1.0
HURGEH,JOPGOM,1.0
HURGEH,JOPGUS,1.0
HURGEH,TIVYAZ,1.0
HURGOR,MOXDOT01,1.0
HURGOR,MOXDOT,1.0
HURGOR,IBEXUJ,0.8999999761581421
HURGOR,REZXUQ,0.8999999761581421
HURGOR,XAPMUY,0.8999999761581421
HURGUX,HURGUX01,1.0
HURGUX,TUXNEF,1.0
HURGUX,LIXWAR,0.8999999761581421
HURGUX,YICGUP,0.8999999761581421
HURGUX01,TUXNEF,1.0
HURGUX01,LIXWAR,0.8999999761581421
HURGUX01,NOCMUO,0.8999999761581421
HURGUX01,WIKGAB,0.8999999761581421
HURNOX,SGLUTM02,0.8999999761581421
HURNOX,SGLUTM01,0.8999999761581421
HURQUG,LICSUM,0.8999999761581421
HURQUG,MAZJEC,0.8999999761581421
HURQUG,MAZJAY,0.8999999761581421
HURQUG,NIKBAL,0.8999999761581421
HURQUG,PADROD,0.8999999761581421
HURQUG,PADROD01,0.8999999761581421
HURQUG,PADROD02,0.8999999761581421
HUSJUC,MINCUJ,0.8999999761581421
HUSJUC,REGYOT,0.8999999761581421
HUSJUC,MINDAQ,0.8999999761581421
HUSJUC,SENXAN,0.8999999761581421
HUSJUC,SENXER,0.8999999761581421
HUSPOB,HUSPUH,0.7600000500679016
HUSPOB,UZOBER,0.8999999761581421
HUSPUH,PIBHIS,0.731249988079071
HUSQAO,XANMUX04,0.8999999761581421
HUSQAO,XANMUX08,0.8999999761581421
HUSQAO,XANZAQ02,0.4049999713897705
HUSQES,KEHDOS,0.8999999761581421
HUSQES,ILUFEB,0.8999999761581421
HUSQES,TUGSOE,0.8999999761581421
HUTZAX,HUTZAX01,1.0
HUTZAX,POKZIA,1.0
HUTZAX,POMXIA,1.0
HUTZAX01,POKZIA,1.0
HUTZAX01,POMXIA,1.0
HUTZAX01,WUHNUK,1.0
HUVGEM,XENMIO,1.0
HUVGEM,XENMOU,1.0
HUVGEM,YINDAC,0.8999999761581421
HUVGEM,LIXDAZ,0.8999999761581421
HUWHIQ,POVXII,1.0
HUWHIQ,QQQFUV02,1.0
HUWHIQ,QOTWON,1.0
HUWLUI,HUWMAP,1.0
HUWLUI,QICXUY,0.8999999761581421
HUWMAP,QICXUY,0.8999999761581421
HUWPIA,JOGHIY,0.8999999761581421
HUWSUN,NICZAA01,0.3333333134651184
HUWWEC,NUHBIC,0.8999999761581421
HUWWEC,NUHBIC01,0.8999999761581421
HUWZIK,TAQGEZ,1.0
HUWZIK,KAVSIL,1.0
HUWZIK,ICEGED,1.0
HUWZIK,VEYSIE,0.7324324250221252
HUWZIK,VIJYUL,0.731249988079071
HUXDOT,XAYMUF,0.3571428656578064
HUXDOT,MAXFIA,0.3571428656578064
HUXDOT,YOSLIB,0.3474999964237213
HUYQAU,SAQYIT,1.0
HUYQAU,SAQYOZ,1.0
HUYQAU,XESLAK,0.8999999761581421
HUYQEY,XESKOX,0.8999999761581421
HUYQEY,IVEQEG01,0.8999999761581421
HUYQEY,SOTTUR,0.8999999761581421
HUYQEY,XESKUD,0.8999999761581421
HUYXOP,WIZSOP,0.8999999761581421
HUYXOP,HUYYAC,0.8999999761581421
HUYXOP,PELWEK,0.8999999761581421
HUYXUV,WIZSOP,1.0
HUYXUV,PAPKAV,1.0
HUYXUV,VUMCIQ,1.0
HUYXUV,HUYYAC,0.8999999761581421
HUYXUV,PAQDAP,0.8999999761581421
HUYYAC,PAQDAP,1.0
HUYYAC,VUMCIQ,0.8999999761581421
HUYYAC,PELWEK,0.8999999761581421
HUZFEO,NEFTUP,0.8999999761581421
HUZFEO,OSUGUG,0.8999999761581421
HUZFEO,YAMKOP,0.8999999761581421
HUZFEO,JAPREA,0.42307692766189575
HUZFEO,ZEGFAV,0.4681817889213562
HUZFEO,ZESTIC,0.5764706134796143
HUZFEO,ZESTIC01,0.5764706134796143
HUZFIS,MEFSOI,0.8999999761581421
HUZFIS,HUZFOY,0.8920000195503235
HUZFIS,NEJYUY,0.7387096881866455
HUZFIS,IGOYOU,0.47647058963775635
HUZFIS,ZAXGUC,0.565517246723175
HUZFOY,MEFSOI,0.7919999957084656
HUZFOY,NEJYUY,0.6823529601097107
HUZGOZ,INEBOT01,0.6600000262260437
HUZGOZ,INEBOT,0.6600000262260437
HUZGOZ,PEMREG,0.4767441749572754
HUZJIW,OGUPIQ,1.0
HUZJIW,UFUKUB01,1.0
HUZJIW,UFUKUB02,1.0
HUZJOC,UFUKUB01,0.8999999761581421
IBADAT,SIKGEA,0.8999999761581421
IBADAT,SIKGAW,0.8999999761581421
IBAPEJ,KOLQAE,0.8999999761581421
IBAPEJ,TANKIE,0.8999999761581421
IBAPEJ,YORZEL,0.8999999761581421
IBAPEJ,KOLQIM,0.8999999761581421
IBAPEJ,QIHMUS,0.8999999761581421
IBAPEJ,QITVOF,0.695454478263855
IBEDUP,QOZNAV,0.44999998807907104
IBEDUP,TOLPEQ,0.44999998807907104
IBEDUP,MEKYAF,0.34324324131011963
IBEDUP,MINQOQ,0.334285706281662
IBEXUJ,INECOV,1.0
IBEXUJ,SEQWUI,1.0
IBEXUJ,OPUJUG,0.8999999761581421
IBEXUJ,SEQWIW,0.8999999761581421
IBEYAQ,KIHTED,1.0
IBEYAQ,IBEYIY,0.8999999761581421
IBEYAQ,OPUJUG,0.8999999761581421
IBEYAQ,SEQWUI,0.8999999761581421
IBEYEU,SAQQEH,0.8999999761581421
IBEYEU,SAQQIL,0.8999999761581421
IBEYEU,SEQWIW,0.8999999761581421
IBEYIY,SAQQIL,1.0
IBEYIY,ZALLEG,0.8999999761581421
IBEYIY,SAQQAD,0.8999999761581421
IBEYIY,MIBMER,0.8999999761581421
IBICAZ,IBICED,1.0
IBICAZ,IBICIH,1.0
IBICAZ,IBICON,1.0
IBICAZ,IBICUT,1.0
IBICAZ,IBIDAA,1.0
IBICED,KIGCEK,0.8147058486938477
IBICIH,KIGCEK,0.8147058486938477
IBIDAA,KIGCEK,0.8147058486938477
IBITEU,NICZAA01,0.6749999523162842
IBITEU,WAVFOP,0.550000011920929
IBITEU,TISHIN,0.522580623626709
IBOTEY,IBOTIC,1.0
IBOTEY,QIBTAW,1.0
IBOTEY,IXEDOE,1.0
IBOTEY,IXEFAS,0.8999999761581421
IBOTEY,ULIYEV,0.8999999761581421
IBOTIC,QIBTAW,1.0
IBOTIC,IXEDOE,1.0
IBOTIC,IXEFAS,0.8999999761581421
IBOTIC,YUNXAI,0.8999999761581421
IBUCOA,POKFIF,0.8999999761581421
IBUCOA,LELGOB,0.8999999761581421
IBUCOA,JAWKIE,0.824999988079071
IBUDOZ,PIZHOX,1.0
IBUDOZ,QONKOV,1.0
IBUDOZ,PEBNER,1.0
ICAGOK,WURNOO,1.0
ICAGOK,KAGJOS,1.0
ICAGOK,OREFIC,0.4648648500442505
ICAHAY,WOZPOS,0.4599999785423279
ICALOP,OPURIB01,0.8999999761581421
ICALOP,OPURIB,0.8999999761581421
ICALOP,KAFYAT,0.8999999761581421
ICAMEG,RAVCOI,0.8999999761581421
ICAREL,QOWRAV04,1.0
ICAREL,QOWRAV03,1.0
ICAREL,QOWRAV10,1.0
ICAREL,KIJRUS,1.0
ICAVAL,ZISFEO01,1.0
ICAVAL,ZISFEO,1.0
ICAVAL,ICAWAM,0.8999999761581421
ICAWAM,SUVMAZ,1.0
ICAWAM,QOPZIF,1.0
ICAWAM,TEQVES,1.0
ICAWAM,NAPZOV,0.8999999761581421
ICAWAM,NAPZUB,0.8999999761581421
ICAWUF,OTIPAK,0.925000011920929
ICAWUF,JUKXIW01,0.925000011920929
ICAWUF,JUKXIW,0.925000011920929
ICECIE,RUSTOP,0.8999999761581421
ICECIE,XANMIJ,0.47499996423721313
ICECIE,UCAPEV,0.44999998807907104
ICEGED,TAQGEZ,1.0
ICEGED,KAVSIL,1.0
ICEGED,NESGAV,0.5153846144676208
ICEGED,VEYSIE,0.7324324250221252
ICEPIR,JETZAK,1.0
ICEPIR,ROLZAU,1.0
ICEPIR,KIFKEQ,1.0
ICEPIR,JIYRIV,0.625
ICICAB,MERLAZ,0.42586204409599304
ICICAB,KOZSEZ,0.392727255821228
ICISAP,VOBKAA,0.8999999761581421
ICIZAV,KILJEV,1.0
ICIZAV,ICIZID,0.8999999761581421
ICIZAV,TOBHAT,0.6684210300445557
ICIZEZ,JEVZUG,0.8999999761581421
ICIZEZ,UGOYIY,0.6181818246841431
ICIZEZ,ICIZID,0.5846154093742371
ICIZID,KILJEV,0.8999999761581421
ICIZID,ICIZOJ,0.5821428298950195
ICIZOJ,KASPIF,0.692307710647583
ICIZOJ,MENFAP,0.5625
ICIZOL,TIDTIM,0.42399999499320984
ICOWON,JOSNAG,1.0
ICOWON,JOSNAG01,1.0
ICUDOC,ICUHIA,1.0
ICUDOC,XUKKET01,0.8999999761581421
ICUDOC,REQRUD,0.8999999761581421
ICUDOC,NERQUY,0.8999999761581421
ICUHIA,XUKKET01,0.8999999761581421
ICUHIA,REQRUD,0.8999999761581421
ICUHIA,REQSAK,0.8999999761581421
ICUZAI,WAYWAW,0.8999999761581421
ICUZAI,UYIXEG,0.8999999761581421
ICUZAI,MUHQAH,0.8999999761581421
IDAJAZ,IDAJAZ01,1.0
IDAJAZ,IDAJIH,0.8999999761581421
IDAJAZ,MOYBIL,0.8999999761581421
IDAJAZ,OFIRUQ,0.8999999761581421
IDAJAZ,OXIKUD,0.8999999761581421
IDAJAZ,VIBPAZ,0.6000000238418579
IDAJAZ01,IDAJIH,0.8999999761581421
IDAJAZ01,MOYBIL,0.8999999761581421
IDAJAZ01,OXIKUD,0.8999999761581421
IDAJAZ01,WUJGAJ,0.8999999761581421
IDAJAZ01,ZIZTEJ,0.8999999761581421
IDAJIH,REQCAU,0.8999999761581421
IDAJIH,OFIRUQ,0.8999999761581421
IDAJIH,NOZKIW,0.4000000059604645
IDAJIH,WUJGAJ,0.8999999761581421
IDAJUS,YIYHAQ,0.8999999761581421
IDAJUS,VAKHIB,0.8999999761581421
IDAJUS,ILOWAI,0.8999999761581421
IDAJUS,JUMZIC,0.8999999761581421
IDAXIW,IDAXIW01,1.0
IDAXIW,QOTFAH,1.0
IDAXIW,NAKYUV,0.8999999761581421
IDAXIW01,QOTFAH,1.0
IDAXIW01,NAKYUV,0.8999999761581421
IDAZAQ,NDFUMA01,1.0
IDAZAQ,NDFUMA02,1.0
IDAZAQ,WADDUD,0.8999999761581421
IDEDAY,VAYDOQ,0.8999999761581421
IDEDAY,ZEDQEG,0.8999999761581421
IDEDAY,TAZZUS,0.3700000047683716
IDEDAY,ZEDQOQ,0.8999999761581421
IDEDAY,ZEDRAD,0.8999999761581421
IDEWUM,TOHSAL,0.5400000214576721
IDEWUM,TADWEC,0.5400000214576721
IDEWUM,REXYAX,0.5071428418159485
IDIGAF,PULWEZ,0.6000000238418579
IDIMIU,SINWEU,1.0
IDIMIU,SINWAQ,1.0
IDINER,NENFEU,1.0
IDINER,NIGPAW,0.8999999761581421
IDINER,ZEDZAL,0.8999999761581421
IDINER,ZEDZAL01,0.8999999761581421
IDIWIB,WIHWIU,1.0
IDIWOH,WIHWIU,1.0
IDIWOH01,IDIWOH06,1.0
IDIWOH01,WIHWIU,1.0
IDIWOH01,IXOFUX01,1.0
IDIWOH02,IDIWOH06,1.0
IDIWOH02,WIHWIU,1.0
IDIWOH02,IXODUV,1.0
IDIWOH02,IXOFAD,1.0
IDIWOH02,IXOFEH,1.0
IDIWOH02,IXOFIL,1.0
IDIWOH02,IXOFOR,1.0
IDIWOH02,IXOFUX,1.0
IDIWOH03,IDIWOH06,1.0
IDIWOH03,WIHWIU,1.0
IDIWOH03,UFIROR,1.0
IDIWOH03,XAVDEF,1.0
IDIWOH03,XAVDIJ,1.0
IDIWOH04,IDIWOH06,1.0
IDIWOH04,WIHWIU,1.0
IDIWOH05,IDIWOH06,1.0
IDIWOH05,WIHWIU,1.0
IDIWOH05,JUMCOL,1.0
IDIWOH05,JUMCUR,1.0
IDIWOH05,JUMDAY,1.0
IDIWOH05,JUMDEC,1.0
IDIWOH05,UFIROR,1.0
IDIWOH05,XAVDEF,1.0
IDIWOH05,XAVDIJ,1.0
IDIWOH06,WIHWIU,1.0
IDIWOH06,JUMCOL,1.0
IDIWOH06,JUMCUR,1.0
IDIWOH06,JUMDAY,1.0
IDIWOH06,JUMDEC,1.0
IDIWUN,PIWLAL,1.0
IDIWUN,IYEXIT,1.0
IDIWUN,PIWLIT,1.0
IDIWUN,KULMEK,1.0
IDIWUN,NIGBOW,0.8999999761581421
IDIWUN,ROZXEL,1.0
IDIWUN,RUBBOH,1.0
IDIXAU,MIMRAB01,1.0
IDIXAU,WORLAS,1.0
IDIXAU,IYEXEP,1.0
IDIZAX,SEGVEH,0.8999999761581421
IDIZAX,RUXXAJ,0.8999999761581421
IDIZAX,MUDJAW,0.8999999761581421
IDIZAX,ZETPUL,0.8999999761581421
IDIZAX,ZETQAS,0.8999999761581421
IDOBUB,OYIVOI,1.0
IDOBUB,OGURAK,1.0
IDOBUB,NUCRIN01,0.8999999761581421
IDOGIR,OFUWIV,0.6142857670783997
IDOGIR,OFUWIV01,0.6142857670783997
IDOGIR,OFUWIV02,0.6142857670783997
IDOJUJ,TADWEC,0.6800000071525574
IDOJUJ,YOGKOW,0.5973684191703796
IDOJUJ,YAVZUT,0.530434787273407
IDOJUJ,YAWBAC,0.48571428656578064
IDUDES,IXAKAU,1.0
IDUDES,PAQYEN,0.8999999761581421
IDUDES,PAQYIR,0.8999999761581421
IDUDIW,YIMQET,0.8961538076400757
IDUDIW,YIMQOD,0.8961538076400757
IDUQUT,MODWUX01,1.0
IDUQUT,REQKEF,1.0
IDUQUT,XESFOR,0.8999999761581421
IDUREG,IDURIK,0.8999999761581421
IDUREG,UYEWIG02,0.8999999761581421
IDUREG,NERQAE,0.7124999761581421
IDUREG,SARNOQ,0.6000000238418579
IDUREG,WELKOQ,0.6000000238418579
IDURIK,UYEWIG02,0.8999999761581421
IDURIK,NERQAE,0.7124999761581421
IDURIK,QECQOH,0.4000000059604645
IDUSIM,UNABUH01,1.0
IDUSIM,IDUSIM02,1.0
IDUSIM,IDUTIN,1.0
IDUSIM,RORJOZ,1.0
IDUSIM,SOZHOG,1.0
IDUSIM01,UNABUH01,1.0
IDUSIM01,IDUSIM02,1.0
IDUSIM01,IDUTIN,1.0
IDUSIM01,IDUTAF,1.0
IDUSIM01,IDUTEJ,1.0
IDUSIM01,SOZHOG,1.0
IDUSIM01,VIQQUJ,0.8999999761581421
IDUSIM02,UNABUH01,1.0
IDUSIM02,IDUTIN,1.0
IDUSIM02,OMORUE,0.5049999952316284
IDUSIM02,VIQQUJ,0.8999999761581421
IDUTAF,UNABUH01,1.0
IDUTAF,IDUTIN,1.0
IDUTAF,OMORUE,0.5049999952316284
IDUTAF,RORJOZ,1.0
IDUTEJ,UNABUH01,1.0
IDUTEJ,IDUTIN,1.0
IDUTEJ,ISISUZ,1.0
IDUTEJ,UNABUH,1.0
IDUTEJ,UNACES,1.0
IDUTEJ,UNACIW,1.0
IDUTEJ,WUSSEK,0.71875
IDUTEJ,XAVKIR,0.64000004529953
IDUTIN,UNABUH01,1.0
IDUTIN,IPURIV,0.8999999761581421
IDUWAH,UMALEB,0.8999999761581421
IDUWAH,JEFROE,0.8999999761581421
IDUWAH,JEFRUK,0.8999999761581421
IFABIA,MIBQAR11,1.0
IFABIA,MIBQAR13,1.0
IFABIA,MIBQAR04,1.0
IFABIA01,MIBQAR11,1.0
IFABIA01,MIBQAR13,1.0
IFABIA01,MIBQAR04,1.0
IFABIA02,MIBQAR11,1.0
IFABIA02,MIBQAR13,1.0
IFABIA02,MIBQAR04,1.0
IFABIA03,MIBQAR11,1.0
IFABIA03,MIBQAR13,1.0
IFABIA03,MIBQAR04,1.0
IFACIC,IFACIC01,1.0
IFACIC,IWOSAP,1.0
IFACIC,IWOSET,1.0
IFACIC01,IWOSAP,1.0
IFACIC01,IWOSET,1.0
IFACIC01,IPIGIY,0.8999999761581421
IFASOZ,QITYOI,0.8999999761581421
IFASOZ,MOLTAJ,0.8999999761581421
IFASOZ,XOVPON,0.8999999761581421
IFASOZ,PARHAS,0.8999999761581421
IFASOZ,PARHEW,0.8999999761581421
IFEHUY,WUFXAY,0.8999999761581421
IFEHUY,OZUKUR01,0.5285714268684387
IFEHUY,VATNIQ,0.27000001072883606
IFEKIO,IFEKOU,1.0
IFEKIO,IFEKUA,1.0
IFEKIO,IFELAH,1.0
IFEKOU,IFEKUA,1.0
IFEKOU,IFELAH,1.0
IFEKUA,IFELAH,1.0
IFELAH,MAXHOJ,0.8999999761581421
IFELAH,MAXHUP,0.8999999761581421
IFENOY,IFEQER,1.0
IFENOY,IFEPUG03,1.0
IFENOY01,IFEQER,1.0
IFENOY01,IFEPUG03,1.0
IFENOY02,IFEQER,1.0
IFENOY02,IFEPUG03,1.0
IFENOY03,IFEQER,1.0
IFENOY03,IFEPUG03,1.0
IFEPUG,IFEQER,1.0
IFEPUG,IFEPUG03,1.0
IFEPUG01,IFEQER,1.0
IFEPUG01,IFEPUG03,1.0
IFEPUG02,IFEQER,1.0
IFEPUG02,IFEPUG03,1.0
IFEPUG02,IFEPUG04,1.0
IFEPUG02,IFEPUG05,1.0
IFEPUG02,IFEPUG06,1.0
IFEPUG02,IFEPUG08,1.0
IFEPUG02,IFEPUG09,1.0
IFEPUG02,IFEQAN,1.0
IFEPUG02,IFEQIV,1.0
IFEPUG03,IFEQER,1.0
IFEPUG04,IFEQER,1.0
IFEPUG05,IFEQER,1.0
IFEPUG06,IFEQER,1.0
IFEPUG07,IFEPUG10,1.0
IFEPUG08,IFEQER,1.0
IFEPUG09,IFEQER,1.0
IFEQAN,IFEQER,1.0
IFEQAN,IFEQIV,1.0
IFIBAB,TIQDED,0.8999999761581421
IFIBAB,XADGEQ,0.5142857432365417
IFIBAB,XEZDAH,0.5142857432365417
IFIPIZ,SOKKOT,1.0
IFIPIZ,SOMFEG,1.0
IFIPIZ,SOMFAC,1.0
IFIPIZ,YINTEW,0.21250000596046448
IFIQUM,NIKKIC,0.8999999761581421
IFIQUM,KIHXUX,0.8999999761581421
IFIQUM,ZIYWIQ,0.8999999761581421
IFIQUM,IFIRAT,0.8999999761581421
IFIQUM,KEVCIA,0.8999999761581421
IFIQUM,LUNJEL,0.8999999761581421
IFIQUM,NEZPOA,0.8999999761581421
IFIRAT,WINRAP,0.8999999761581421
IFIRAT,MERLAZ,0.8999999761581421
IFIRAT,NIKHUL,0.8999999761581421
IFIWIE,POBJOH,0.8999999761581421
IFIWIE,SOGXET,0.8999999761581421
IFIWIE,TEKDUI01,0.8999999761581421
IFIWIE,ODAHUY,0.8999999761581421
IFOPUO,ODIQOJ,1.0
IFOPUO,UTEXOH,0.8999999761581421
IFOQAV,IFOQAV01,1.0
IFOQAV,LETFOH,1.0
IFOQAV,NERCIY,1.0
IFOQAV01,NONXUK,0.8999999761581421
IFOQAV01,TEQPAH,0.8999999761581421
IFOQAV01,UTEXOH,0.8999999761581421
IFUNUU,IFUPAC,0.8999999761581421
IFUNUU,ZOXGOK,0.5806451439857483
IFUNUU,XADDAJ,0.5800000429153442
IFUPAC,ZIQRID,0.6000000238418579
IFUPAC,ZOXGOK,0.5806451439857483
IGAHED,OCACUR,1.0
IGAHED,UGECEO01,1.0
IGAHED,KUHNEI,1.0
IGAHED,SACMOA,1.0
IGAHED,UGECEO,1.0
IGAHED,UGECEO03,1.0
IGAHED01,OCACUR,1.0
IGAHED01,UGECEO01,1.0
IGAHED01,KUHNEI,1.0
IGAHED01,KIFTUQ,0.64000004529953
IGAHED02,OCACUR,1.0
IGAHED02,UGECEO01,1.0
IGAHED02,KUHNEI,1.0
IGAHED02,KIFTUQ,0.64000004529953
IGAHED02,SACMOA,1.0
IGAHED02,WINCEC,1.0
IGAHED03,OCACUR,1.0
IGAHED03,UGECEO01,1.0
IGAHED03,KUHNEI,1.0
IGAHED03,QUTTII,1.0
IGAHED03,QUTTII01,1.0
IGETUL,XISDUA,1.0
IGETUL,OMUMEQ,1.0
IGINIX,KIYQOA,1.0
IGINIX,IGINIX01,1.0
IGINIX,KIYQEQ,1.0
IGINIX,KIYQIU,1.0
IGINIX,WUKFEP,0.8999999761581421
IGINIX01,KIYQOA,1.0
IGINIX01,KIYQEQ,1.0
IGINIX01,KIYQIU,1.0
IGITOJ,WUZFAZ,1.0
IGITOJ,IQEDUE,1.0
IGITOJ,NEYYOG,1.0
IGITOJ,WUZDOL,1.0
IGIZEF,IGIZOP,0.5
IGIZEF,IGIZUV,0.5
IGIZEF,MAXHUQ,0.4000000059604645
IGIZOP,IGIZUV,1.0
IGIZOP,MAXJAY,0.8999999761581421
IGIZOP,MAXJEC,0.8999999761581421
IGIZOP,MAXJUS,0.8999999761581421
IGIZUV,MAXJAY,0.8999999761581421
IGIZUV,MAXJEC,0.8999999761581421
IGIZUV,MAXJUS,0.8999999761581421
IGOCOX,IGOCUD,1.0
IGOCOX,TEDHAN,0.3076923191547394
IGOCUD,TEDHAN,0.3076923191547394
IGONUP,VIRJIQ,1.0
IGONUP,YICCOE,1.0
IGONUP,YANBAR01,1.0
IGONUP02,VIRJIQ,1.0
IGONUP02,YICCOE,1.0
IGONUP02,YANBAR01,1.0
IGOPAX,VIRJIQ,1.0
IGOPAX,YICCOE,1.0
IGOPAX,YANBAR01,1.0
IGOPEB,VIRJIQ,1.0
IGOPEB,YICCOE,1.0
IGOPEB,YANBAR01,1.0
IGOWUY,OFEGOX,0.7617647051811218
IGOWUY,OKILIE,0.6749999523162842
IGOYOU,MEFSOI,0.5764706134796143
IGOYOU,WUMLIB,0.4767441749572754
IGUCIY,IMIDZB13,0.8999999761581421
IGUCIY,PAJSAX,0.8999999761581421
IGUCIY,VEJYUV03,0.8999999761581421
IGUFOH,UWAGAB06,1.0
IGUFOH,UWAGAB05,1.0
IGUFOH,KEDQAN,1.0
IGUJOL,VUKJUI,0.8999999761581421
IGUJOL,ZEFSOU,0.8999999761581421
IGUJOL,ZEFSEK,0.8999999761581421
IGUSAF,MELJET,0.8999999761581421
IGUSAF,MELJET02,0.8999999761581421
IGUSAF,JOJLOK,0.8999999761581421
IGUSAF,REMJOJ,0.8999999761581421
IGUSAF,REMJOJ01,0.8999999761581421
IGUSUA,XOJWID,0.8999999761581421
IGUSUA,XOJXAW,0.8999999761581421
IGUTUB,IGUVIR,1.0
IGUTUB,IGUTUB01,1.0
IGUTUB,IGUVAJ,1.0
IGUTUB,IGUVAJ01,1.0
IGUTUB,IGUVIR01,1.0
IGUTUB,TEQTAM,0.47499996423721313
IGUTUB01,IGUVIR,1.0
IGUTUB01,KUCFOF,0.8999999761581421
IGUVAJ,IGUVIR,1.0
IGUVAJ,JAYZAN,0.6625000238418579
IGUVAJ01,IGUVIR,1.0
IGUVAJ01,IGUVIR01,1.0
IGUVIR01,TEQTAM,0.47499996423721313
IHABAW,QEDZEG,0.550000011920929
IHABAW,MIFKUJ,0.550000011920929
IHARUF,YEDPEF,0.47045451402664185
IHARUF,LOZQEY,0.41351351141929626
IHARUF,WUXYOF,0.40731707215309143
IHAVIW,SOMQUG,0.8999999761581421
IHAVIW,QAHTOI,0.8999999761581421
IHAZOH,TOWLOI,1.0
IHAZOH,TIRLIQ,0.8999999761581421
IHAZOH,TOHYUM,0.8999999761581421
IHEFIM02,VEKFOH,0.8999999761581421
IHEFIM02,IHEFOS01,0.8999999761581421
IHEFIM02,VENCAS,0.6600000262260437
IHEFOS01,VEKFOH,0.8999999761581421
IHEFOS01,VENCAS,0.6600000262260437
IHILUI,RANZAI,1.0
IHILUI,XETPOC,1.0
IHILUI,ZIMSEV,1.0
IHILUI,ZIMSIZ,1.0
IHIMAP,IHIMAP01,1.0
IHIMAP,PEWZAS,0.8999999761581421
IHIMAP01,PEWZAS,0.8999999761581421
IHOSUV,OQUSEA,1.0
IHOSUV,ZZZSDW03,1.0
IHOSUV,IHOTEG,1.0
IHOSUV,YUBTUM,0.8999999761581421
IHOTEG,OQUSEA,1.0
IHOTEG,ZZZSDW03,1.0
IHOTEG,XUWHAZ,0.8999999761581421
IJASES,IJASES01,1.0
IJASES,KINFAQ,1.0
IJASES,KINFEU,1.0
IJASES01,KINFAQ,1.0
IJASES01,KINFEU,1.0
IJASOC,KINDOC,1.0
IJASOC,KIVVOC,0.8999999761581421
IJATIW,KAVJAT,1.0
IJATIW,MIZJUB,0.8999999761581421
IJATIW,LAPLUM,0.8999999761581421
IJATOC,RUSTEF,1.0
IJATOC,RUSSII,0.8999999761581421
IJATUI,SONTEV,1.0
IJATUI,RUSSUU,1.0
IJATUI,LEPFOC,0.8999999761581421
IJATUI,RUSTAB,0.8999999761581421
IJECUW,NEBQES,0.8999999761581421
IJECUW,XUGREY,0.8999999761581421
IJECUW,NEBPOB,0.8999999761581421
IJECUW,LUVBAH,0.8999999761581421
IJENER,MUPLOA,0.8999999761581421
IJENER,MUDTOV,0.8999999761581421
IJENER,IJENOB,0.8999999761581421
IJENER,MUDTIP,0.8999999761581421
IJENOB,MUPLOA,1.0
IJENOB,OLIHOH,0.8999999761581421
IJENOB,MUDTIP,0.8999999761581421
IJENOB,MUDTOV,0.8999999761581421
IJEVIE,XUVQOW,1.0
IJEVIE,XUVQIQ,1.0
IJEWUP,PIKCUK,0.8999999761581421
IJEWUP,IMACND,0.8999999761581421
IJEWUP,SEGVEH,0.8999999761581421
IJEWUP,ZETQEW,0.8999999761581421
IJEXIF,NURMUJ,1.0
IJEXIF,NIWYAV,1.0
IJEXIF01,NURMUJ,1.0
IJEXIF01,NIWYAV,1.0
IJEYEC,LETHAU,1.0
IJEYEC,IZAVUA01,0.8999999761581421
IJEYON,WUZQOZ,1.0
IJEYON,OGUJIL,1.0
IJISOK,OHAGEL,0.6171428561210632
IJISOK,WAZFUB,0.6171428561210632
IJISOK,WAZFOV,0.6171428561210632
IJOMAW,LAPMEU,1.0
IJOMAW,YUDDUX,0.8999999761581421
IJOMAW,ORONOA01,0.8999999761581421
IJOMOJ01,JIXWUJ01,1.0
IJOMOJ01,SIWPUL01,1.0
IJOMOJ02,JIXWUJ01,1.0
IJOMOJ02,SIWPUL01,1.0
IJOMOJ03,JIXWUJ01,1.0
IJOMOJ03,SIWPUL01,1.0
IJOMOJ04,JIXWUJ01,1.0
IJOMOJ04,SIWPUL01,1.0
IJOMOJ06,JIXWUJ01,1.0
IJOMOJ06,SIWPUL01,1.0
IJOMOJ07,JIXWUJ01,1.0
IJOMOJ07,SIWPUL01,1.0
IJOVEJ,NOCLOH02,1.0
IJOVEJ,NOCLOH,1.0
IJOVEJ,KIZQAO,1.0
IJOVEJ,NOCLOH01,1.0
IJOVEJ,NOCLOH03,1.0
IJOVEJ,NOCLUN,1.0
IJOVEJ01,NOCLOH02,1.0
IJOVEJ01,NOCLOH,1.0
IJOVEJ01,KIZQAO,1.0
IJOVEJ01,NOCLOH01,1.0
IJOVEJ01,NOCLOH03,1.0
IJOVEJ01,NOCLUN,1.0
IJOVEJ01,SEVROC,1.0
IJUKIJ,WEHHEZ,1.0
IJUKIJ,ZOZXAP,1.0
IJUKIJ,ZOZWUI,1.0
IJUKIJ,PEHLAS,0.5704545378684998
IJUKIJ,REXRUJ01,0.6000000238418579
IJUSUD,MELJET01,1.0
IJUSUD,MELJET02,1.0
IJUSUD,JOJLOK,0.8999999761581421
IJUSUD,MELJET,1.0
IKAFEH,RUGXOI01,0.8999999761581421
IKAFEH,RUGXIC,0.8999999761581421
IKAFEH,RAXGEE,0.8941176533699036
IKAVIZ,UTEZOK,0.42352941632270813
IKAVIZ,UTIBIK,0.42352941632270813
IKAVIZ,MOFGOE,0.4214285612106323
IKAVIZ,YOGZUP,0.38181817531585693
IKEJUF,NEMXUB,1.0
IKEJUF,YAWKOX,1.0
IKEJUF,PETFEC,0.8999999761581421
IKEJUF,MEZSAL,0.8999999761581421
IKENAP,MUWRUT,0.8137931227684021
IKENAP,WEJPOT,0.7137930989265442
IKENAP,MUWRIH,0.7137930989265442
IKIMOE,TAKZEL,0.34705883264541626
IKIMOE,WULBEM,0.31063830852508545
IKIMOE,VUYCAU,0.30377358198165894
IKOMUS,PONRUH,0.8999999761581421
IKOMUS,QACCOO,0.8526315689086914
IKOPEF,IKOPIJ,1.0
IKOPEF,SOQHIR01,0.8999999761581421
IKOPIJ,SOQHIR01,0.8999999761581421
IKOQII,UJUXOM,1.0
IKOQII,WEJWAL,0.20000000298023224
IKOSUW,IKOTEH,0.8999999761581421
IKOSUW,IKOTAD,0.8999999761581421
IKOTAD,IKOTEH,0.8999999761581421
IKOTAD,OGODUK,0.7199999690055847
IKOTEH,OGODUK,0.7199999690055847
IKULUX,XISGEN,0.8999999761581421
IKULUX,OMICOD,0.8999999761581421
IKULUX,OXAMIK,0.5800000429153442
IKULUX,PUNCIL,0.8999999761581421
IKUTIT,QAFFEJ,1.0
IKUTIT,RUSTIJ,1.0
IKUTIT,LEPFOC,0.8999999761581421
IKUTIT,SONTAR,0.8999999761581421
IKUTIT,WUKNEV,0.8999999761581421
ILAKAH,WIWDEN,0.8999999761581421
ILAKAH,MINBEQ,0.8999999761581421
ILAMAK,WUWVEQ,0.5090909004211426
ILAMAK,WUWVUG,0.40909090638160706
ILAXEA,KOLYUH,0.71875
ILAXEA,TUPDIT04,0.4599999785423279
ILAXIE,KOLYUH,0.690625011920929
ILAXIE,YUWDIF,0.5090909004211426
ILAXIE,LUFBUL,0.5090909004211426
ILAXOK,PIHNEB,0.8999999761581421
ILECIN,WOSMUO01,1.0
ILIFOY,KDGLUC01,0.8999999761581421
ILIFOY,RUQSAX,0.8999999761581421
ILIFOY,QUHYIB01,0.3769230842590332
ILIFOY,QUMGAI,0.8999999761581421
ILIFUE,TACPAP,0.8999999761581421
ILIFUE,KDGLUC01,0.8999999761581421
ILIGAL,QUMGAI,0.8999999761581421
ILIGAL,KDGLUC01,0.8999999761581421
ILIGEP,TACPAP,0.8999999761581421
ILIGEP,TACPIX,0.8999999761581421
ILIMOH,ILIMUN01,1.0
ILIMOH,ILIMUN,1.0
ILIMUN,ILIMUN01,1.0
ILIXUW,NUNZUT,0.531818151473999
ILIXUW,MIDBIM,0.4374999701976776
ILOTOT,ISISEJ,0.8999999761581421
ILOTOT,YATNEO,0.7826086282730103
ILOWAI,JUMZIC,1.0
ILOWAI,YIYHAQ,0.8999999761581421
ILOWAI,UFUROF,0.8999999761581421
ILOWAI,VAKDIX,0.8999999761581421
ILOWAI,VAKHIB,0.8999999761581421
ILUFEB,TUGSOE,1.0
ILUFEB,KEHDOS,0.8999999761581421
ILUFEB,WEJWAL,0.8999999761581421
IMACND,NDAIAH,1.0
IMACND,ZETQIA,1.0
IMACND,ZETQEW,0.8999999761581421
IMACND,PIKCUK,0.8999999761581421
IMACND,PRIMIN,0.8999999761581421
IMACZN01,PRIMIN,0.8999999761581421
IMACZN01,RUXXAJ,0.8999999761581421
IMACZN01,SEGVAD,0.8999999761581421
IMACZN01,SEGVOR,0.8999999761581421
IMACZN01,TISWEZ,0.8999999761581421
IMAGAG,NUNSIA,0.7363635897636414
IMAGAG,NUNSOG,0.7363635897636414
IMAGAG,IYIMUA,0.7363635897636414
IMAXEZ,OSOTUN,0.5090909004211426
IMEZOQ,NOHFEX01,0.36249998211860657
IMEZOQ,NOHFEX,0.36249998211860657
IMEZOQ,UCOCIY,0.25
IMEZOQ,VIBHAQ,0.2730769217014313
IMIDFE,SINWAQ,0.8999999761581421
IMIDFE,IMIDZB10,0.8999999761581421
IMIDFE,IMIDZA,0.8999999761581421
IMIDZA,IMIDZB02,0.8999999761581421
IMIDZB01,VEJYUF,1.0
IMIDZB01,KUMXEW,1.0
IMIDZB01,VEJYUF01,1.0
IMIDZB02,VEJYUF,1.0
IMIDZB02,KUMXEW,1.0
IMIDZB02,VEJYUF01,1.0
IMIDZB03,VEJYUF,1.0
IMIDZB03,KUMXEW,1.0
IMIDZB03,VEJYUF01,1.0
IMIDZB04,VEJYUF,1.0
IMIDZB04,KUMXEW,1.0
IMIDZB04,VEJYUF01,1.0
IMIDZB04,PAJRUQ,1.0
IMIDZB04,PAJSAX,1.0
IMIDZB04,VEJYEP,1.0
IMIDZB04,VEJYIT,1.0
IMIDZB04,VEJYIT01,1.0
IMIDZB04,VEJYOZ,1.0
IMIDZB04,VEJYUF02,1.0
IMIDZB04,VEJYUF09,1.0
IMIDZB04,VEJYUF10,1.0
IMIDZB04,VEJYUV03,1.0
IMIDZB04,VEJYUV04,1.0
IMIDZB04,VEJYUV05,1.0
IMIDZB04,VEJZIU,1.0
IMIDZB05,VEJYUF,1.0
IMIDZB05,KUMXEW,1.0
IMIDZB05,VEJYUF01,1.0
IMIDZB05,LEMVOP,0.8999999761581421
IMIDZB06,VEJYUF,1.0
IMIDZB06,KUMXEW,1.0
IMIDZB06,VEJYUF01,1.0
IMIDZB07,VEJYUF,1.0
IMIDZB07,KUMXEW,1.0
IMIDZB07,VEJYUF01,1.0
IMIDZB07,LEMVOP,0.8999999761581421
IMIDZB08,VEJYUF,1.0
IMIDZB08,KUMXEW,1.0
IMIDZB08,VEJYUF01,1.0
IMIDZB09,VEJYUF,1.0
IMIDZB09,KUMXEW,1.0
IMIDZB09,VEJYUF01,1.0
IMIDZB09,KUMXAS,1.0
IMIDZB10,KUMXAS,1.0
IMIDZB10,VEJYUF,1.0
IMIDZB10,VEJYUF01,1.0
IMIDZB11,KUMXAS,1.0
IMIDZB11,VEJYUF,1.0
IMIDZB11,VEJYUF01,1.0
IMIDZB11,MOXKAN,0.8999999761581421
IMIDZB12,KUMXAS,1.0
IMIDZB12,VEJYUF,1.0
IMIDZB12,VEJYUF01,1.0
IMIDZB13,KUMXAS,1.0
IMIDZB13,VEJYUF,1.0
IMIDZB13,VEJYUF01,1.0
IMIRUS,IMISON,1.0
IMIRUS,IMISAZ,1.0
IMIRUS,IMISED,1.0
IMIRUS,IMISIH,1.0
IMISAZ,IMISON,1.0
IMISAZ,IMISED,1.0
IMISAZ,IMISIH,1.0
IMISED,IMISON,1.0
IMISIH,IMISON,1.0
IMIXEI,TASJUT,0.4615384638309479
IMIXEI,IMIXIM,0.44411763548851013
IMIXIM,SIKHUQ,0.6576922535896301
IMIXIM,IYUHIT,0.5699999928474426
IMIXIM,RANZAH,0.5344827771186829
IMOVOX,ZUDXAZ,0.8999999761581421
IMOVOX,UKOYID,0.8999999761581421
IMUKUW,LUNHUZ,1.0
IMUKUW,WAWGOQ,0.7749999761581421
IMUKUW,TEPMUZ,0.7488372325897217
IMULEH,LORGAA,0.34545454382896423
IMUTUG,TIKXAN,1.0
IMUVAO,TIKXAN,1.0
IMUVES,TIKXAN,1.0
IMUYOG,OKILAW,0.6088234782218933
IMUYOG,WIPJUC,0.5307692289352417
IMZYCO,OKEPUR,1.0
IMZYCO01,OWIGOR,1.0
IMZYCO01,SIWHOY,1.0
INEBOT,INEBOT01,1.0
INEBOT,LOQYOH,0.46666663885116577
INEBOT,INIGIX,0.3835616111755371
INEBOT01,LOQYOH,0.46666663885116577
INEBOT01,INIGIX,0.3835616111755371
INECOV,SEQWUI,1.0
INECOV,NIGBOW,0.8999999761581421
INESIE,LICROF,1.0
INESIE,QUQGEP,1.0
INESIE,VOCNOQ,1.0
INESIE,VOWCIV,1.0
INESIE,WUZRUE,1.0
INEXEG,INEXIK,1.0
INEXEG,NUCPEI,0.8999999761581421
INEXEG,INEXOQ,0.8999999761581421
INEXEG,NUCPIM,0.8999999761581421
INEXEG,OFIFIV,0.6454545855522156
INEXEG,WEVVOL,0.8999999761581421
INEXIK,NUCPEI,0.8999999761581421
INEXIK,INEXOQ,0.8999999761581421
INEXIK,OFIFIV,0.6454545855522156
INEXOQ,WEVVOL,0.8999999761581421
INICPB,POCMEA03,1.0
INICPB,POCMEA,1.0
INICPB,INICPB02,1.0
INICPB,POCMEA01,1.0
INICPB,POCMEA04,1.0
INICPB,SAHDAH,0.8999999761581421
INICPB,TUTQOP,1.0
INICPB,YUNBOZ,1.0
INICPB01,POCMEA03,1.0
INICPB01,POCMEA,1.0
INICPB01,INICPB02,1.0
INICPB01,POCMEA01,1.0
INICPB01,POCMEA04,1.0
INICPB02,POCMEA03,1.0
INICPB02,POCMEA,1.0
INICPB02,POCMEA01,1.0
INICPB02,POCMEA04,1.0
INIGIX,INIGOD,0.8999999761581421
INIGOD,POXDIQ,0.37272727489471436
INIGOD,UVUFUN,0.3655737638473511
INIZAG,LIPZES,1.0
INIZAG,RUBZIY,1.0
INIZAG,LONHON,1.0
INOBOD,PEFREZ,1.0
INOBOD,NIRMUW01,1.0
INOBOD,NIRMUW,1.0
INOBOD,WEXGIR,1.0
INOBOD,WEXGIR01,1.0
INOJAX,PEGPUO,1.0
INOJAX,PEGQUP,0.8999999761581421
INOJAX,WOGLAG,0.8999999761581421
INOMIJ,INOMOP,1.0
INOMIJ,INOMOP01,1.0
INOMOP,INOMOP01,1.0
INOMOP,OZAVES,1.0
INOMOP01,SOKWAS,0.8999999761581421
INOMOP01,SOKWAS01,0.8999999761581421
INOVEN,VAHVOR,0.8999999761581421
INOVEN,PENNAZ,0.8999999761581421
INOXUE,INOYAL,0.8999999761581421
INOXUE,PELXIP,0.6000000238418579
INOXUE,ROSKOB,0.593181848526001
INOYAL,ROSKOB,0.6931818723678589
INOYAL,NETVUF,0.5178571343421936
INURIS,UZIZUA,0.6136363744735718
INURIS,RUSWIN,0.6136363744735718
INURIS,TIRQOB,0.6136363744735718
IPABIL,IPABIL01,1.0
IPAMER,WETBAB01,0.925000011920929
IPAMER,METJIH01,0.925000011920929
IPAMER,METJIH,0.925000011920929
IPANIX,RIQDON,0.8999999761581421
IPANIX,RIQFAB,0.8999999761581421
IPANIX,RIQDIH,0.8999999761581421
IPANIX,ULAXUB,0.8999999761581421
IPARIC,KASPIF,0.482142835855484
IPARIC,ZIZTIN01,0.46799996495246887
IPARIC,XOJLEO,0.46799996495246887
IPARIC,VUMCUC,0.33076924085617065
IPEBEM,IPEBOW,0.550000011920929
IPEBEM,IPEBUC,0.550000011920929
IPEBEM,IVETOT,0.550000011920929
IPEBIQ,IPEBOW,1.0
IPEBIQ,ZISXUW,1.0
IPEBIQ,ZISYAD,1.0
IPEBIQ,IPEBUC,1.0
IPEBIQ,IVETOT,1.0
IPEBIQ,ZISXOQ,1.0
IPEBOW,ZISXUW,1.0
IPEBOW,ZISYAD,1.0
IPEBOW,ZISXOQ,1.0
IPEBUC,ZISXUW,1.0
IPEBUC,ZISYAD,1.0
IPICUG,MIHHOB,0.482142835855484
IPICUG,TANJOJ,0.3499999940395355
IPICUG,ZAXQOG,0.3131578862667084
IPICUG,ZAXQUM,0.3131578862667084
IPIGIY,SUCCUR,0.8999999761581421
IPIGIY,LARXIN,0.4374999701976776
IPIHOF,IPIHUL,0.8999999761581421
IPIHOF,IPIJAT,0.8999999761581421
IPIHUL,IPIJAT,0.8999999761581421
IPIHUM,XUNJEW,0.8999999761581421
IPIJAT,QAZFAB,0.6545454859733582
IPIJAT,KULMIP,0.6333333253860474
IPIJUM,VIDXOX,1.0
IPIJUM,QETSOY,1.0
IPIJUM,MITGOL,1.0
IPIJUM,QETSOY01,1.0
IPIJUM,UZATAR,1.0
IPINAY,NIHDEQ,1.0
IPINAY,VOJPUG01,1.0
IPOLII,VEJHEZ,0.5139999985694885
IPOLII,WAWGOQ,0.4959999918937683
IPOVOA,RIDDUE,1.0
IPOWOA,VUNMOI,1.0
IPOWOA,VUNNID,1.0
IPOWOA,VUNNEZ,1.0
IPOWOA,PASNEE,1.0
IPOWOA,XISTIE,0.8999999761581421
IPUPIU,IPUPOA,1.0
IPUPIU,LAQNID,0.843478262424469
IPUPIU,OQETEK,0.8999999761581421
IPUPOA,LAQNID,0.843478262424469
IPURIV,ISISUZ,0.8999999761581421
IPUSER,VOZHEX,0.8999999761581421
IPUSER,UGUNOZ,0.8999999761581421
IPUSER,LIGLOE,0.4829268455505371
IPUSER,NENRIK,0.4829268455505371
IPUSER,XOQDAJ,0.590624988079071
IQAGEN,XEMNUB,0.7617647051811218
IQAGEN,XEMPAJ,0.7617647051811218
IQEDUE,WUZDOL,1.0
IQEDUE,NEYYOG,1.0
IQEKAQ,WILNEL01,0.805263102054596
IQEKAQ,WILNEL,0.805263102054596
IQEKOG,PURQUP,0.8999999761581421
IQEKOG,PURQOJ,0.8999999761581421
IQEKOG,PEZRUJ,0.8999999761581421
IQEKOG,NIBSAU,0.708108127117157
IQEKOG,PEZRUJ01,0.8999999761581421
IQEKUM,RUVMAX,1.0
IQEKUM,LACQIS,0.5049999952316284
IQEWOQ,JIXWUJ01,1.0
IQEWOQ,SIWPUL01,1.0
IQISEH,ORIWET,1.0
IQISEH,OZULAY,1.0
IQISEH,QUJJUB,1.0
IQISEH,QUJJUB01,1.0
IQOJAB,TOHQEO,0.8999999761581421
IQOJAB,UWAGAB04,0.800000011920929
IQOKAC,IQOKEG,1.0
IQOKAC,IQOKIK,1.0
IQOKEG,IQOKIK,1.0
IQOZIY,NOHHID,0.8999999761581421
IQOZIY,IWEQOR,0.5636363625526428
IQOZIY,UVEVEX,0.5636363625526428
IQUCOO,JIDXIG,1.0
IQUCOO,JOVYAW,0.8999999761581421
IQUCOO,KEWZET,0.8999999761581421
IQUQES,SADVEB,0.8590908646583557
IQUQES,KOZDEK,0.7615384459495544
IRANIA,QESNEK03,0.8999999761581421
IRANIA,QESNEK04,0.8999999761581421
IRAZEH,UVUMEF,0.8999999761581421
IREGOD,WEYQAU02,1.0
IREGOD,WEYQAU12,1.0
IREKUN,IRELAU,1.0
IREKUN,JUYBAI,0.8999999761581421
IRELAU,JUYBAI,0.8999999761581421
IRELIC,JUYBAI,1.0
IRELIC,JUXZUZ,1.0
IRELOI,WOWBER,0.8999999761581421
IRISAD,UTADOK,1.0
IRISAD,OFIDAJ,1.0
IRISAD01,UTADOK,1.0
IRISAD01,OFIDAJ,1.0
IRISAD01,OGESOJ,1.0
IRISAD01,PEQTOV,1.0
IRISAD01,PEQTUB,1.0
IRUWUP,TEVCAB,0.8999999761581421
IRUWUP,YIKSET,0.8999999761581421
ISAKUK,QATXIU,0.5153846144676208
ISAKUK,WOCGUR,0.5086956024169922
ISASIF,RAPXOX,0.39374998211860657
ISASIF,LOVGUA,0.39374998211860657
ISASIF,RAPXEN,0.39374998211860657
ISAYOQ,ISAYUW,1.0
ISAYOQ,UGOSOY,1.0
ISAYUW,OMATED,1.0
ISAYUW,UGOSOY,1.0
ISEGEU,ISEGIY,0.32499998807907104
ISEGIY,QUMSUN,0.8999999761581421
ISEGIY,QUMRIA,0.8999999761581421
ISEGIY,QUMRUM,0.8999999761581421
ISENEB,KITZAR,0.8999999761581421
ISENEB,LULJAE,0.8999999761581421
ISENEB,UXACAY,0.8999999761581421
ISENEB,UXABUR,0.8999999761581421
ISENEB,UXACEC,0.8999999761581421
ISENEB,YURDAS,0.8999999761581421
ISEQIH,LECHUX,0.8999999761581421
ISEQIH,ZZZEJE02,0.8999999761581421
ISEQIH,QASXAM,0.8999999761581421
ISEQIH,WAJCAM,0.8999999761581421
ISIKIF,ISILEC,1.0
ISIKIF,UJATOP,0.8999999761581421
ISIKIF,UJARAZ,0.8999999761581421
ISIKIF,UJAQOM,0.8999999761581421
ISIKIF,UJAQUS,0.8999999761581421
ISIKIF,UVUCIZ,0.7923077344894409
ISIKIF,UVUCOF,0.7839999794960022
ISIKIF,UVUDEW,0.7923077344894409
ISILEC,UJATOP,0.8999999761581421
ISILEC,UJARAZ,0.8999999761581421
ISILEC,JUVROJ,0.8999999761581421
ISILEC,UJAQUS,0.8999999761581421
ISILEC,UVUCIZ,0.7923077344894409
ISILEC,UVUCOF,0.7839999794960022
ISILEC,UVUDEW,0.7923077344894409
ISIPOP,MERBOD,0.8999999761581421
ISIPOP,LEDQAP,0.8999999761581421
ISIPOP,YACSAY,0.8999999761581421
ISISEJ,YATNEO,0.7826086282730103
ISISUZ,UNABUH01,1.0
ISISUZ,UNACIW,1.0
ISISUZ,UNABUH,1.0
ISISUZ,UNACES,1.0
ISISUZ,WUSSEK,0.71875
ISITUZ,ISITUZ01,1.0
ISITUZ,XIKGEG02,1.0
ISITUZ,XIKGEG03,1.0
ISITUZ01,XIKGEG02,1.0
ISITUZ01,XIKGEG03,1.0
ISITUZ01,NOTRUL,1.0
ISITUZ01,RORLIV,1.0
ISITUZ01,VINMOX,1.0
ISITUZ01,VINMOX01,1.0
ISITUZ01,VINMUD,1.0
ISITUZ01,XIKGEG01,1.0
ISITUZ01,YARZEZ,1.0
ISITUZ01,YARZEZ03,1.0
ISIYOZ,ISIYUF01,1.0
ISIYOZ,UXEDUX,1.0
ISIYOZ01,ISIYUF01,1.0
ISIYOZ01,UXEDUX,1.0
ISIYUF,ISIYUF01,1.0
ISIYUF,UXEDUX,1.0
ISIYUF,ISIYUF02,1.0
ISIYUF,ISIYUF05,1.0
ISIYUF01,UXEDUX,1.0
ISIYUF01,UXEDAD,1.0
ISIYUF01,UXEDEH,1.0
ISIYUF01,UXEDIL,1.0
ISIYUF01,UXEDIL01,1.0
ISIYUF01,UXEDIL02,1.0
ISIYUF01,UXEDIL03,1.0
ISIYUF01,UXEDOR,1.0
ISIYUF01,UXEFAF,1.0
ISIYUF01,UXEFEJ,1.0
ISIYUF02,UXEDUX,1.0
ISIYUF02,UXEDAD,1.0
ISIYUF02,UXEDEH,1.0
ISIYUF02,UXEDIL,1.0
ISIYUF02,UXEDIL01,1.0
ISIYUF02,UXEDIL02,1.0
ISIYUF02,UXEDIL03,1.0
ISIYUF02,UXEDOR,1.0
ISIYUF02,UXEFAF,1.0
ISIYUF02,UXEFEJ,1.0
ISIYUF03,ISIYUF04,1.0
ISIYUF05,UXEDUX,1.0
ISOCOI,SOWTIJ,1.0
ISOCOI,KEYMEI,0.8999999761581421
ISOJOQ,YIGKAD,1.0
ISOJOQ,NODKAT,1.0
ISOJOQ,KOSFOP,0.8999999761581421
ISUCUV,TONBII,1.0
ISUCUV,REZXOK,1.0
ISUCUV,XAPFOM,0.8999999761581421
ISUCUV,KOJMED,0.8999999761581421
ISUCUV,WIKGAB,0.8999999761581421
ISUFOS,MUHXOE,0.5909091234207153
ISUFOS,SIBDEO,0.565517246723175
ISUGIN,ISUGOT,0.8999999761581421
ISUGIN,QIPVAO,0.5785713791847229
ISUGOT,QIPVAO,0.5785713791847229
ISUJOV,JEMQEY,1.0
ISUJOV,NAJGAH,1.0
ISUJOV,OCUGEZ,0.925000011920929
ISUXAW,KOLQEI,1.0
ISUXAW,YORYUA,0.8999999761581421
ITAFEQ,ITAFEQ01,1.0
ITAHEQ,QESTOA,0.8999999761581421
ITAHEQ,ZOZCIC,0.8999999761581421
ITAHEQ,XUNJIA,0.8999999761581421
ITAHEQ,XUNJOG,0.8999999761581421
ITETEH,OZUBOC,1.0
ITETEH,SIYXIH10,1.0
ITETEH,SIYXIH,1.0
ITIBET,YEDBOB,1.0
ITIBET,NUVDEO,0.8999999761581421
ITIBET,NUVFAM,0.8999999761581421
ITIPAE,YUKVUW01,1.0
ITIPAE,TESGUU,1.0
ITIWAK,OKIYAJ01,1.0
ITIWAK,SAHYAD02,1.0
ITIWAK,OKITIM01,1.0
ITIWEO,OKIYAJ01,1.0
ITIWEO,SAHYAD02,1.0
ITIWEO,OKITIM01,1.0
ITIWIS,OKIYAJ01,1.0
ITIWIS,SAHYAD02,1.0
ITIWIS,OKITIM01,1.0
ITIWOY,OKIYAJ01,1.0
ITIWOY,SAHYAD02,1.0
ITIWOY,OKITIM01,1.0
ITIWUE,OKIYAJ01,1.0
ITIWUE,SAHYAD02,1.0
ITIWUE,OKITIM01,1.0
ITIWUE,OKITIM,1.0
ITIWUE,OKITIM02,1.0
ITIWUE,OKIVAG,1.0
ITIWUE,OKIVAG01,1.0
ITIWUE,OKIVIO,1.0
ITIWUE,OKIVIO01,1.0
ITIWUE,OKIVIO02,1.0
ITIWUE,OKIVUA,1.0
ITIWUE,OKIWEL,1.0
ITIWUE,OKIWEL01,1.0
ITIWUE,OKIWEL02,1.0
ITIWUE,OKIWUB,1.0
ITIWUE,OKIWUB01,1.0
ITIWUE,OKIWUB02,1.0
ITIWUE,OKIXIQ,1.0
ITIWUE,OKIXIQ01,1.0
ITIWUE,OKIXIQ02,1.0
ITIWUE,OKIYAJ,1.0
ITIWUE,OKIYIR,1.0
ITIWUE,OKIYIR01,1.0
ITIWUE,OKIYIR02,1.0
ITIWUE,OKIYIR03,1.0
ITIWUF,JETQOP,0.5666666626930237
ITIXAM,OSADIX01,1.0
ITIXAM,OSADIX,1.0
ITIXAM,YINCIJ,0.9217391610145569
ITIXAM,PODGEW,0.8999999761581421
ITIXAM,PODGEW01,0.8999999761581421
ITIXAM,PODGEW02,0.8999999761581421
ITOBAV,ITOBEZ,0.8999999761581421
ITOBAV,ITOBID,0.8999999761581421
ITOBEZ,ITOBID,0.8999999761581421
ITUTAS,VEXLEQ,0.4153846204280853
ITUTAS,SIGNEC,0.4153846204280853
ITUTAS,WIMPAJ,0.39189186692237854
ITUVOJ,OWIJAH,0.6727272868156433
ITUVOJ,OWIJEL,0.6727272868156433
ITUVOJ,OWIHIN,0.6727272868156433
IVAQEC,SAWKOR,0.446153849363327
IVAQEC,UCAPEV,0.3571428656578064
IVAZUA,IVAZUA01,1.0
IVEDET,IVEDET01,1.0
IVEDET,RUZHIE,0.7749999761581421
IVEDET,XAGRAA,0.7000000476837158
IVEDET01,RUZHIE,0.7749999761581421
IVEDET01,XAGRAA,0.7000000476837158
IVEGEV,VOJPUG,0.5199999809265137
IVELUS,YAQCEY,1.0
IVELUS,IVEMIH01,1.0
IVELUS,KAFQAL,1.0
IVEMAZ,YAQCEY,1.0
IVEMAZ,IVEMIH01,1.0
IVEMAZ,KAFQAL,1.0
IVEMED,YAQCEY,1.0
IVEMED,IVEMIH01,1.0
IVEMED,KAFQAL,1.0
IVEMIH,YAQCEY,1.0
IVEMIH,IVEMIH01,1.0
IVEMIH,KAFQAL,1.0
IVEMIH,OTIQEP,1.0
IVEMIH,UMABOB,1.0
IVEMIH01,YAQCEY,1.0
IVEMIH01,KAFQAL,1.0
IVEMIH01,OTIQEP,1.0
IVEQEG01,LEDJUA,0.8999999761581421
IVEQEG01,SAQYIT,0.8999999761581421
IVEQEG01,LEDJOU,0.8999999761581421
IVESOS,OFEREX,0.8999999761581421
IVESOS,XAMDUM07,0.8999999761581421
IVESOS,XASPEP,0.8999999761581421
IVETOT,ZISXOQ,1.0
IVETOT,ZISYAD,1.0
IVIPEK,RITDOQ,0.8999999761581421
IVOCIH,IZENEH,0.8999999761581421
IVOGUX,IYOQAQ,1.0
IVOGUX,NAHGUB,1.0
IVOGUX,UDIDAO,0.8999999761581421
IVOGUX,PIBBIO,0.8999999761581421
IVOLEM,IVOLUC,1.0
IVOLEM,UTUNED,1.0
IVOLEM,TILFOK,0.8999999761581421
IVOLEM,UXAXEY,0.8999999761581421
IVOLEM,VODQIP,0.8999999761581421
IVOLIQ,IVOLUC,1.0
IVOLIQ,UTUNED,1.0
IVOLIQ,SULKIU,0.8999999761581421
IVOLOW,LACFOM,1.0
IVOLOW,SAQCIZ,1.0
IVOLOW,KAXQOR01,0.8999999761581421
IVOLOW,SACHIP,0.8999999761581421
IVOLOW,UXAXEY,0.8999999761581421
IVOLUC,UTUNED,1.0
IVUVIG,WICLEC,0.8999999761581421
IVUVIG,TOWPEC,0.8999999761581421
IVUVIG,JALCAD,0.8999999761581421
IVUVIG,OFODET,0.8999999761581421
IWACOY,IWACUE,1.0
IWACOY,ULUPUM,0.8999999761581421
IWACOY,ULUPUM01,0.8999999761581421
IWACOY,LICSUM,0.8999999761581421
IWACUE,LICSUM,0.8999999761581421
IWACUE,ULUPUM,0.8999999761581421
IWACUE,MAZJEC,0.8999999761581421
IWAVIM,PIHJIB,1.0
IWAVIM,LIJPAX01,0.8999999761581421
IWAVIM,PIHJOH02,0.8999999761581421
IWELIG,IWELOM,1.0
IWELIG,IWELIG01,0.39189186692237854
IWELIG,UTOCEN,0.3857142925262451
IWELIG01,IWELOM,0.39189186692237854
IWELIG01,UTOCEN,0.35999998450279236
IWELIG01,VIXNEX,0.3512194752693176
IWELOM,UTOCEN,0.3857142925262451
IWEPUW,UVETUL,1.0
IWEPUW,UVEVAT,1.0
IWEPUW,UVEVEX,1.0
IWEQAD,LECFEG,1.0
IWEQAD,NEFTOJ,1.0
IWEQAD,OHAGOV,1.0
IWEQAD,NOHHID,0.5636363625526428
IWEQAD,OHAGOV01,1.0
IWEQEH,XAPTEQ,0.8999999761581421
IWEQEH,LASMID,0.8999999761581421
IWEQEH,TEVQAP,0.6181818246841431
IWEQIK,YEYLUJ,0.8999999761581421
IWEQIK,LETVUB,0.8999999761581421
IWEQIK,OJOQAF02,0.8999999761581421
IWEQIL,OLUGUZ,0.8999999761581421
IWEQIL,XAPTEQ,0.8999999761581421
IWEQIL,SOWCOY01,0.8999999761581421
IWEQOR,UVETUL,1.0
IWEQOR,UVEVAT,1.0
IWEQOR,UVEVEX,1.0
IWERAD,ZIVCEO,0.8999999761581421
IWERAD,ZIVCAK,0.8999999761581421
IWERAD,ZIZTIN01,0.8999999761581421
IWERAD,MUTRIE,0.6136363744735718
IWERAD,WUDXUP,0.7260869741439819
IWEVAJ,RAWYAS,1.0
IWIMIL,IWIMOR,0.8999999761581421
IWIMIL,IWIMUX,0.8999999761581421
IWIMOR,IWIMUX,0.8999999761581421
IWIMUX,YIKPIU,0.4599999785423279
IWIVIV02,YESXAY,0.3857142925262451
IWIVIV02,YESXIG,0.3857142925262451
IWOSAP,IWOSET,1.0
IWOSET,OFUWIV,0.8999999761581421
IWOSET,OFUWIV01,0.8999999761581421
IWOSET,OFUWIV02,0.8999999761581421
IWOSUJ,IWOSUJ01,1.0
IWOSUJ,UQUHAQ,1.0
IWOSUJ,UXOWIO,0.8999999761581421
IWOSUJ,YUPBIU,0.8999999761581421
IWOSUJ01,UQUHAQ,1.0
IWOSUJ01,UXOWIO,0.8999999761581421
IWOTIX,QIYQAR,0.8999999761581421
IWOTIX,SUDNIQ,0.8999999761581421
IWOTIX,OFOKUQ,0.8999999761581421
IXACOZ,IXACOZ01,1.0
IXACOZ,IXACOZ02,1.0
IXACOZ,XULHIW,0.8999999761581421
IXACOZ01,IXACOZ02,1.0
IXACOZ01,XULHIW,0.8999999761581421
IXACOZ02,XULHIW,0.8999999761581421
IXAJUN,JALPAQ,1.0
IXAJUN,XICKOL,1.0
IXAJUN,NAPSUV,0.9624999761581421
IXAJUN,UYICOW,0.5263158082962036
IXAKAU,PAQYEN01,0.8999999761581421
IXEBEU,PUDTOY,0.5320000052452087
IXEDOE,QIBTAW,1.0
IXEDOE,ULIYEV,0.8999999761581421
IXEDUK,YUNXAI,1.0
IXEDUK,ULIYEV,0.8999999761581421
IXEDUK,IXEFAS,0.8999999761581421
IXEDUK,WEHPIJ,0.8999999761581421
IXEJIG,RUBLAD03,1.0
IXEJIG,SELKUS,1.0
IXEJIG,RUBLAD,1.0
IXEJOM,OQUFAJ03,1.0
IXEJOM,OQUFAJ,1.0
IXEJOM,OQUFAJ01,1.0
IXEJOM,OQUFAJ02,1.0
IXEJOM,OQUFAJ04,1.0
IXEJUS,TEMPEI,0.8999999761581421
IXEJUS,TEMPAE,0.8999999761581421
IXETEM,OFOJAX,0.949999988079071
IXETEM,WIZMAV04,0.8499999642372131
IXETEM,OFOJEB,0.7120000123977661
IXETEM,QUHVEW,0.6538462042808533
IXETEM,RIBSAZ,0.6333333253860474
IXETEM,ZOPLOH,0.7545455098152161
IXEZES,WUZYUM,1.0
IXEZES,IXEZIW,1.0
IXEZES,SIXPOG,0.8999999761581421
IXEZIW,WUZYUM,1.0
IXEZIW,NEYYUN,0.8999999761581421
IXIQIQ,XAGPON,1.0
IXIQIQ,YUBGIN,1.0
IXIQIQ,POMSER,0.8999999761581421
IXIQIQ,SEQMEJ,0.686956524848938
IXIRIS,XUGDOU,0.6600000262260437
IXIRIS,OMOTAM,0.6600000262260437
IXIRIS,XUGDUA,0.6600000262260437
IXIRIS,RASFEY,0.5371428728103638
IXISAJ,IXISOX,1.0
IXISIT02,YIXFOC,1.0
IXISIT02,WOZDEW,1.0
IXISIT02,WECSAZ01,1.0
IXISIT02,IXISOZ02,1.0
IXISIT02,IXITIU02,1.0
IXISIT02,IXITOA02,1.0
IXISIT02,SIKYER,1.0
IXISIT02,YIXFOC03,1.0
IXISOX,IXITAK,0.44285714626312256
IXISOZ02,WOZDEW,1.0
IXISOZ02,WECSAZ01,1.0
IXISOZ02,SIKYER,1.0
IXISOZ02,ZEDVIP,1.0
IXITAK,QESYOD,0.5714285969734192
IXITAK,QESYUJ,0.5714285969734192
IXITIU02,WOZDEW,1.0
IXITIU02,WECSAZ01,1.0
IXITOA02,WOZDEW,1.0
IXITOA02,WECSAZ01,1.0
IXODUV,PEPLIG,1.0
IXOFAD,PEPLIG,1.0
IXOFEH,PEPLIG,1.0
IXOFIL,PEPLIG,1.0
IXOFIL,WIDQAC,1.0
IXOFIL,WIDQEG,1.0
IXOFIL,WIHWEQ,1.0
IXOFIL,WIHWIU,1.0
IXOFOR,PEPLIG,1.0
IXOFUX,PEPLIG,1.0
IXOFUX01,PEPLIG,1.0
IXOGUZ,WIVVII,0.8999999761581421
IXOGUZ,YUYLEL,0.8714286088943481
IXOGUZ,RUGYOJ,0.8714286088943481
IXOSUL,IXOTAS,1.0
IXOSUL,XEDXOW,0.6299999952316284
IXOSUL,UXUYUI,0.6142857670783997
IXOTAS,XEDXOW,0.6299999952316284
IXOTAS,UXUYUI,0.6142857670783997
IXUQOJ,YAJNEF,1.0
IXUQOJ,QATLEE,1.0
IXUQOJ,REHMAU,0.550000011920929
IXUQOJ,XOHPIU,0.5199999809265137
IXUWUV,PATLAZ,0.8999999761581421
IXUWUV,KOLWUE,0.8999999761581421
IXUWUV,LUMMEN,0.8999999761581421
IXUWUV,LUXDUE,0.8999999761581421
IXUWUV,NAKTAW,0.8999999761581421
IXUWUV,NANZOS,0.8999999761581421
IXUWUV,PEGQOJ,0.8999999761581421
IXUWUV,RASXEP,0.8999999761581421
IXUWUV,TEFWIL,0.8999999761581421
IXUXAC,YIRVAZ,0.522580623626709
IXUXAC,YIRTOL,0.522580623626709
IXUXAC,YIRTUR,0.522580623626709
IYAHAT,IYAHEX,0.8999999761581421
IYAHAT,PUMDIM,0.8999999761581421
IYAHEX,PUMDIM,0.8999999761581421
IYALUR,YINQOE,0.7000000476837158
IYALUR,SOTZOR,0.6480000019073486
IYALUR,WAPZIY,0.6000000238418579
IYAVUB,VIDVUB,0.7136363983154297
IYAVUB,MITSAK,0.6684210300445557
IYAZAL,YIBMUT,1.0
IYAZAL,QEKLID,1.0
IYAZAL,NOLRIR,1.0
IYAZAL,OQETEK,0.8999999761581421
IYEPUZ,MEFZUU,0.7749999761581421
IYEPUZ,LUNJEL,0.7146341800689697
IYEPUZ,YITGOA,0.7146341800689697
IYEXEP,MIMRAB01,1.0
IYEXEP,MIMRAB,1.0
IYEXIT,QUSWIK,1.0
IYEXIT,XALDAS,1.0
IYEXIT,ODUNEH,1.0
IYEXIT,PIWLAL,1.0
IYEXIT,PIWLEP,1.0
IYEXIT,PIWLIT,1.0
IYEXIT,PIWLOZ,1.0
IYEXIT,ROZXEL,1.0
IYEXIT,RUBBOH,1.0
IYEXIT,VAJNAW,1.0
IYIMUA,NUNSOG,0.8999999761581421
IYIMUA,NUNSIA,0.8999999761581421
IYIMUA,YUKCAJ,0.625
IYOQAQ,NAHGUB,1.0
IYOQAQ,PIBBEK,0.8999999761581421
IYOQAQ,SENFUP,0.5384615659713745
IYOQIY,NAHHAI,1.0
IYOQIY,UDIDAO,0.8999999761581421
IYOVEY,VIYMAT,1.0
IYOVEY,SISQIW,1.0
IYOVIC,LEHROH,1.0
IYOVIC,IYOVUO,1.0
IYOVIC,SISQAO,1.0
IYOVOI,VIYMAT,1.0
IYOVOI,SISQIW,1.0
IYOVUO,SISQAO,1.0
IYOVUO,VICMAY,0.36666664481163025
IYUCEM,PORLAL,0.7941176295280457
IYUCEM,SAVCAW,0.6692307591438293
IYUCEM,QASYUH,0.504878044128418
IYUCEM,PIJDAP,0.44999998807907104
IYUHIT,SIKHUQ,0.6896551847457886
IYUHIT,YOSLIB03,0.4937499761581421
IYUHIT,TIMMIM,0.4272727370262146
IYUHIU,TIKXAN,1.0
IYUHUG,WAQFAX,1.0
IYUHUG,ZIJMUD,0.6040000319480896
IYUJAO,MAFDII,1.0
IYUJAO,NODKUN,1.0
IYUJAO,QIKZIW,0.8999999761581421
IYUQAV,IYUQID,1.0
IYUQAV,ZEYJIZ,1.0
IYUQAV,MAFWUM,0.3181818127632141
IYUQAV,YIFKEG,0.8999999761581421
IYUQAV,YIFLUX,0.8999999761581421
IYUQAV,ZEYJOF,0.6000000238418579
IYUQID,ZEYJIZ,1.0
IYUQID,MAFWUM,0.3181818127632141
IYUQID,TEKTAH,0.8999999761581421
IYUQID,TEKTOV,0.36666664481163025
IYUQID,ZEYJOF,0.6000000238418579
IZAJIE,NIHBEM02,1.0
IZAJIE,NIKYOW01,1.0
IZAJIE,NUDNUW,1.0
IZAJOK,NIHBEM02,1.0
IZAJOK,NIKYOW01,1.0
IZAJOK,NUDNUW,1.0
IZAJUQ,NIHBEM02,1.0
IZAJUQ,NIKYOW01,1.0
IZAJUQ,NUDNUW,1.0
IZAKAX,NIHBEM02,1.0
IZAKAX,NIKYOW01,1.0
IZAKAX,NUDNUW,1.0
IZAKEB,NIHBEM02,1.0
IZAKEB,NIKYOW01,1.0
IZAKEB,NUDNUW,1.0
IZAKOL,JEXXAM05,1.0
IZAKOL,JEXXAM06,1.0
IZAKOL,NIFORM01,1.0
IZAKUR,JEXXAM05,1.0
IZAKUR,JEXXAM06,1.0
IZAKUR,NIFORM01,1.0
IZALAY,JEXXAM05,1.0
IZALAY,JEXXAM06,1.0
IZALAY,NIFORM01,1.0
IZALEC,JEXXAM05,1.0
IZALEC,JEXXAM06,1.0
IZALEC,NIFORM01,1.0
IZALIG,JEXXAM05,1.0
IZALIG,JEXXAM06,1.0
IZALIG,NIFORM01,1.0
IZATUA,OSUGUG,0.7000000476837158
IZATUA,OHIHIX,0.7000000476837158
IZATUA,WIFRIP,0.665217399597168
IZAVUA,IZAVUA01,1.0
IZAVUA,WOFRUF,0.8999999761581421
IZAVUA01,KIFGAJ,0.8999999761581421
IZAVUA01,WOFRUF,0.8999999761581421
IZAXIR,UTEFOP,1.0
IZAXIR,KALYIH,1.0
IZAXIR,PAMQEB,1.0
IZAXIR,KABXES,0.8999999761581421
IZAYUE,OKELOH,0.6785714030265808
IZAYUE,YOCDUR,0.6785714030265808
IZAYUE,LICXUT,0.5
IZAYUE,YIBQIL,0.5
IZAYUE,YIBQOR,0.6000000238418579
IZEBAR,OGEBAF,0.8999999761581421
IZEBAR,OGEBAF01,0.8999999761581421
IZEBAR,RESDUQ,0.8999999761581421
IZEBAR,KEQDER,0.7615384459495544
IZEBEV,NOFMIG01,0.9357142448425293
IZEBEV,NOFMIG,0.9357142448425293
IZEFEZ,WAJTIN,0.71875
IZEFEZ,MICJOA,0.5235294103622437
IZEHAX,TEXVOJ,1.0
IZEHAX,VEMHOL,1.0
IZENEH,WEZWII,0.2800000011920929
IZENEI,MICJOA,0.8999999761581421
IZENEI,LEPSIL,0.8999999761581421
IZENEI,OFOCUI,0.8999999761581421
IZENEI,VALXIS,0.8999999761581421
IZENEI,VIXWEF,0.8999999761581421
IZENIM,RIDCEN,1.0
IZENIM,MOHLIF,0.8999999761581421
IZENOS,LEPSIL,1.0
IZENOS,LEPSEH,1.0
IZENOS,IZENUY,1.0
IZENUY,LEPSIL,1.0
IZENUY,LEPSEH,1.0
IZENUY,TOWPEC,1.0
IZEPAF,OCUNAC,1.0
IZEPAF,IZEPEJ,1.0
IZEPAF,LURMAO,1.0
IZEPAF,MINVOU,1.0
IZEPAF,MINVOU01,1.0
IZEPAF,MINVUA02,1.0
IZEPAF,QALGUH,1.0
IZEPEJ,OCUNAC,1.0
IZEPEJ,LURMAO,1.0
IZEPEJ,REZXEA,1.0
IZEQUB,MEVMEI,0.8999999761581421
IZEQUB,PERROW,0.7499999403953552
IZEQUB,WEMKEG,0.8999999761581421
IZETUE,IZEVAM,1.0
IZETUE,IZEVOA,1.0
IZEVAM,IZEVOA,1.0
IZEWAN,QEHYOU,0.918181836605072
IZEWAN,QEHZAH,0.918181836605072
IZEWAN,JETVOW,0.918181836605072
IZIBUQ,QEDZEG,0.8999999761581421
IZIDIG,NIKYOW01,1.0
IZIDIG,NIHBEM01,1.0
IZIDIG,NUDNUW,1.0
IZIDIG01,NIKYOW01,1.0
IZIDIG01,NIHBEM01,1.0
IZIDIG01,NUDNUW,1.0
IZIDOM,NIKYOW01,1.0
IZIDOM,NIHBEM01,1.0
IZIDOM,NUDNUW,1.0
IZIGUV,YAKBOE,0.7923077344894409
IZIGUV,OTABES,0.7923077344894409
IZIHAC,IZIHOQ,0.8999999761581421
IZIHAC,IZIHIK,0.8999999761581421
IZIHAC,IZIHEG,0.8999999761581421
IZIHEG,IZIHOQ,0.8999999761581421
IZIHEG,IZIHIK,0.8999999761581421
IZIHIK,IZIHOQ,0.8999999761581421
IZISEQ,NAPNEA,0.5759999752044678
IZISEQ,WUZRUE,0.40937498211860657
IZISEQ,VOWCIV,0.40937498211860657
IZOTUM,KORLAE,0.8999999761581421
IZOTUM,VABJUE,0.5090909004211426
IZOTUM,VABJIS,0.5090909004211426
IZUKEV,RIFYAI,1.0
IZUKEV,UJULIW,0.6499999761581421
IZUKIZ,WOQRUR,0.8999999761581421
IZUKIZ,WOSZEL,0.8999999761581421
IZUMUM,YUVSUE,0.43448275327682495
IZUMUM,MIHHAN,0.3413792848587036
IZUMUM,XIGYUK,0.3117647171020508
IZUPEA,JEXXAM05,1.0
IZUPEA,JEXXAM06,1.0
IZUPEA,NIFORM01,1.0
IZUSAY,IZUSEC,0.5800000429153442
IZUSEC,VEHJOJ,0.512499988079071
JABYUH,JABYUH01,1.0
JABYUH,MTGLCU,0.550000011920929
JABYUH,MUYNID,0.47741931676864624
JABYUH,QEMYEM,0.4272727370262146
JABYUH,WUHXEC,0.39189186692237854
JABYUH01,MTGLCU,0.550000011920929
JABYUH01,MUYNID,0.47741931676864624
JABYUH01,QEMYEM,0.4272727370262146
JACJIH,JACJON,1.0
JACJIH,LAJDUV02,1.0
JACJIH,LAJDUV01,1.0
JACJIH,LAJDUV,1.0
JACJIH,LAJDUV03,1.0
JACJON,LAJDUV02,1.0
JACJON,LAJDUV01,1.0
JACSUE,NEMNUO,1.0
JACSUE,VESNEP,0.925000011920929
JACSUE,POTYON,0.7352941632270813
JADBEY,JADBIC,1.0
JADBEY,LUKXAR,0.8999999761581421
JADBEY,JEGKAK,0.8999999761581421
JADBIC,LUKXAR,0.8999999761581421
JADBIC,JEGKAK,0.8999999761581421
JADBIC,JEGJUD,0.8999999761581421
JADBIC,XOHQAN,0.8999999761581421
JADCID,VIXPUP02,0.6275862455368042
JADCID,VIXPUP01,0.6275862455368042
JADCID,VIXPUP,0.6275862455368042
JADLOP,JADLOP02,1.0
JADLOP,JADLOP01,1.0
JADLOP,NIWZIE08,0.8999999761581421
JADLOP01,JADLOP02,1.0
JADLOP01,NIWZIE08,0.8999999761581421
JADLOP02,NIWZIE08,0.8999999761581421
JADRUC,XUJDAI02,0.8999999761581421
JAFLOU,JAFLUA,0.8999999761581421
JAFLOU,MUNLUE,0.8392857313156128
JAFLOU,MAKFIQ,0.7392857074737549
JAFLUA,MAKFOW,0.8392857313156128
JAFLUA,MUNLUE,0.7392857074737549
JAFLUA,PORLAL,0.5628571510314941
JAFQIT,PEFWAB,1.0
JAFQIT,ODOMIF,1.0
JAFQIT,NAXTAI,1.0
JAFQIT,NAYZUK,0.8999999761581421
JAFQIT,NAZBAT,0.8999999761581421
JAHSAN,WOHYOH,0.5884615182876587
JAHSIV,YEYMEU,1.0
JAHSIV,UBUBIF,1.0
JAHSIV,KEBBAW,0.35357141494750977
JAHVUJ,JAHVUJ01,1.0
JAHVUJ01,MAQJEW,0.8999999761581421
JAKBIJ,KURHIQ,1.0
JAKBOP,KURHIQ,1.0
JAKBOP,SABFUX,1.0
JAKBOP01,KURHIQ,1.0
JAKBOP01,SABFUX,1.0
JAKBUV,KURHIQ,1.0
JAKBUV,QIJLAW,1.0
JAKPET,XAPPOV,0.6307692527770996
JALCAD,VALXEO,0.8999999761581421
JALLEQ,KEPGAN,1.0
JALLEQ,MIVMUA,0.8999999761581421
JALLEQ,XEVMIU,0.8999999761581421
JALLIU,PAZDUS,0.6387096643447876
JALNUI,VOJGOS,1.0
JALNUI,LAZMEG,0.8999999761581421
JALNUI,NATRUX,0.6827585697174072
JALNUI,NEBYOK,0.8999999761581421
JALNUI,PEKYOW,0.550000011920929
JALPAQ,XICKOL,1.0
JALPAQ,NAPSUV,0.9624999761581421
JALPAQ,UYICIQ,0.5263158082962036
JALTUL,VAMHUM,1.0
JALTUL,MAGVOG09,0.8999999761581421
JALTUL,MAGVOG12,0.8999999761581421
JAMLEP,LIFWUT,1.0
JAMLEP,JOCLOD,0.4714285731315613
JAMLEP,NULROB,0.4714285731315613
JAMSEY,XOMCIN,1.0
JAMSEY,LIDSEY01,1.0
JAMSEY,LIDSEY,1.0
JAPREA,PELWEK,0.4292683005332947
JAPSAV,JAPSEZ,0.8999999761581421
JAPSAV,NAQBOX,0.5400000214576721
JAPSAV,RANNOM,0.482142835855484
JAPSEZ,NAQBOX,0.5400000214576721
JAPSEZ,WAMZAN,0.44411763548851013
JARMEU,JARMEU10,1.0
JARMEU,OBEDAA,0.6000000238418579
JARMEU10,OBEDAA,0.6000000238418579
JASMOG,RIPNIP,1.0
JASMOG,PAMHES01,1.0
JASMOG,PAMHES,1.0
JASMOG,RITDOQ,0.8999999761581421
JASMOG,RITFAE,1.0
JAVNIE,PIZHOX,1.0
JAVNIE,QONKOV,1.0
JAVNIE,PEBNER,1.0
JAVNIE,NASGEV,0.8999999761581421
JAWKAW,LELGOB,0.925000011920929
JAWKAW,JAWKIE,0.8999999761581421
JAWKAW,JURKIS,0.4923076927661896
JAWKEA,ZUMNAY,0.8999999761581421
JAWKEA,MOMQAI,0.8999999761581421
JAWKEA,MOHHAT,0.8999999761581421
JAWKIE,ZUMNAY,1.0
JAWKIE,VEVFAF,1.0
JAWKIE,WEMXIX,0.6827585697174072
JAWXEN,XIGYIY,1.0
JAWXEN,XIGYUK,1.0
JAXNUU,PIZHOX,1.0
JAXNUU,QONKOV,1.0
JAXNUU,PEBNER,1.0
JAXNUU,PASGAU,1.0
JAXNUU,XAMNAD,0.47741931676864624
JAYXAL,NUCPIM,0.7600000500679016
JAYXAL,NUCPEI,0.7600000500679016
JAYXAL,SAHXAD,0.7300000190734863
JAYZAN,PEJYIO,0.7000000476837158
JAYZAN,OREFIC,0.522580623626709
JEBBIE,JEXXAM06,1.0
JEBBIE,JEXXAM07,1.0
JEBBIE,JEXXAM,1.0
JEBBOK,YUKVUW01,1.0
JEBBOK,TESGOO,1.0
JEBDOK,PEKKAS,1.0
JEBDOK,OPEGUM,1.0
JEBGIJ,NAXVOY03,1.0
JEBGIJ,LIJWUX02,1.0
JEBGIJ,MGFORD,1.0
JEBGIJ,MGFORD01,1.0
JEBGIJ,MGFORD02,1.0
JEBGIJ,MGFORD03,1.0
JEBGIJ,NIWPIU,1.0
JEBGIJ,NIWZIE,1.0
JEBGIJ,NIWZIE01,1.0
JEBGIJ,NIWZIE02,1.0
JEBGIJ,NIWZIE03,1.0
JEBGIJ,NIWZIE04,1.0
JEBGIJ,NIWZIE05,1.0
JEBGIJ,NIWZIE06,1.0
JEBGIJ,NIWZIE07,1.0
JEBGIJ,NIWZIE08,1.0
JEBGIJ,NIWZIE09,1.0
JEBGIJ,NIWZIE10,1.0
JEBGIJ,NIWZIE11,1.0
JEBGIJ,NIWZIE12,1.0
JEBGIJ,NIWZIE13,1.0
JEBGIJ,NIWZIE14,1.0
JEBGIJ,NIWZIE15,1.0
JEBGIJ,NIWZIE16,1.0
JEBGIJ,NIWZIE17,1.0
JEBGIJ,NIWZIE18,1.0
JEBGIJ,NIWZIE19,1.0
JEBGIJ,REJVOS,1.0
JEBGIJ,VESBAY,1.0
JEBGIJ,WOSMUO,1.0
JEBGIJ,WOSMUO01,1.0
JEBGIJ,XAXBAB,1.0
JEBGIJ,XAXBEF,1.0
JEBGOP,SIWPUL01,1.0
JEBGUV,YICCOE,1.0
JEBGUV,VERZID,1.0
JEBGUV,YANBAR02,1.0
JEBHAC,ZZZFUI02,0.3076923191547394
JEBHAC,ZZZFUI04,0.3076923191547394
JEBHAC,JISGOH,0.2454545497894287
JEBHIK,JEBHOQ,0.8999999761581421
JEBHIK,JEBJUY,0.8999999761581421
JEBHIK,JEBKEJ,0.8999999761581421
JEBHOQ,JEBKEJ,0.8999999761581421
JEBHOQ,JEBJUY,0.8999999761581421
JEBJUY,JEBKEJ,0.8999999761581421
JEBJUY,SUFPAM,0.3700000047683716
JEBJUY,YECPAA,0.3499999940395355
JEBKEJ,YECPEE,0.3499999940395355
JEBXUM,KOKKIF,0.8999999761581421
JEBXUM,NIMXAK,0.8999999761581421
JEBXUM,NAXKOO,0.8999999761581421
JEBYAT,JEBYIB,0.8590908646583557
JEBYAT,RUSTIJ,0.6727272868156433
JEBYAT,QAFFEJ,0.6727272868156433
JEBYEX,VAHTUW,0.578125
JEBYEX,RUSXEK,0.550000011920929
JEBYEX,XEZQUR,0.550000011920929
JEBYIB,QAWROW,0.6666666865348816
JEBYIB,LEPFOC,0.647826075553894
JECFOP,JECGUW,1.0
JECFOP,UKAZAJ,0.8999999761581421
JECFOP,VOCBEW,0.4342857003211975
JECGUW,UKAZAJ,0.8999999761581421
JECGUW,VOCBEW,0.4342857003211975
JEDDII,NIYZIG,1.0
JEDDII,LEKNUN,1.0
JEDDII,LEKPAV,1.0
JEDDII,NIYZOM,0.5153846144676208
JEDGAB,UZIHUI,0.43157893419265747
JEDGAB,RUXXAJ,0.42399999499320984
JEDGAB,RUXXAJ01,0.42399999499320984
JEDKIP,SIWPUL02,1.0
JEDKIP,NAFORM,0.8999999761581421
JEDKIP01,SIWPUL02,1.0
JEDVEW,QISNIR,1.0
JEDVEW,QISNEN,1.0
JEDVEW,MITSEO,1.0
JEDVIA,RIFDUG01,1.0
JEDVIA,NIWYEZ,1.0
JEDVUM,PUNYED,1.0
JEDVUM,TIVYAZ,1.0
JEDVUM,VEMTAJ01,1.0
JEFGEH,QUBZAP,0.582926869392395
JEFROE,UMALEB,0.8999999761581421
JEFROE,JEFRUK,0.8999999761581421
JEGCAA01,REFVEF,1.0
JEGCAA01,TEQVIW,1.0
JEGCAA01,PIFXOU,1.0
JEGCAA01,SIDCAL,0.8999999761581421
JEGJOX,PURTUS,1.0
JEGJOX,SOBDOF,0.8999999761581421
JEGJUD,SEFPOJ,0.8999999761581421
JEGJUD,LUKXAR,0.8999999761581421
JEGJUD,JEGKAK,0.8999999761581421
JEGJUD,QITVEV,0.8999999761581421
JEGKAK,XAPRIR02,0.8999999761581421
JEGKAK,QITVEV,0.8999999761581421
JEGKAK,SEFPOJ,0.8999999761581421
JEGKAK,XOHQAN,0.8999999761581421
JEGKAK,ZEZPUR,0.8999999761581421
JEGKEO,OHAZON,0.8999999761581421
JEGKEO,OHAZUT,0.8999999761581421
JEGKEO,OHEBAF,0.8999999761581421
JEGQOE,VUMXUY,1.0
JEGQOE,VUMXUY01,1.0
JEGQOE,VUMXUY02,1.0
JEGWUQ,JEGXAX,1.0
JEGWUQ,JOJKOK,0.8999999761581421
JEGXAX,JOJKOK,0.8999999761581421
JEGXAX,URUWAH,0.4552631676197052
JEGXAX,URUWEL,0.4552631676197052
JEGXAX,URUWIP,0.4552631676197052
JEGXEB,OVUNIE,0.8999999761581421
JEGXEB,UHASED,0.25517240166664124
JEGZUT,JEHBAC,0.7954545021057129
JEGZUT,WERDAB,0.5754716992378235
JEGZUT,WOLYON,0.4882352948188782
JEHBAC,WERDAB,0.6142857670783997
JEHBAC,WOLYON,0.521276593208313
JEHCUX,REQCAU,0.8999999761581421
JEHCUX,MOYBIL,0.8999999761581421
JEHCUX,OFIRUQ,0.8999999761581421
JEHCUX,VIBPAZ,0.6000000238418579
JEHJUE,YEMXEW,0.6100000143051147
JEHJUE,POXDIQ,0.529411792755127
JEHJUE,UFUROF,0.46666663885116577
JEHLAK,KEQNOK,1.0
JEHLEO,XADHAN,0.625
JEHLOY,SIBJAP,1.0
JEHLOY,MEGVUQ,1.0
JEHMOZ,XOVPIH,0.925000011920929
JEHMOZ,XOVPON,0.925000011920929
JEHTOG,VUNBIQ,0.9526315927505493
JEHTOG,VUNBOW,0.9526315927505493
JEHTOG,ONAWEG01,0.8526315689086914
JEHTOG01,ONAWEG02,0.8526315689086914
JEHTOG01,ONAWEG,0.8526315689086914
JEJWEB,TETYAV,1.0
JEJWEB,VAXKIR,1.0
JEJWEB,VIKBUP,1.0
JEJWEB,UKOLOV,0.686956524848938
JEJWEB,YISVEE,0.8999999761581421
JEJWIF,VEFMAW,1.0
JEJWIF,RUYVAK,0.8999999761581421
JEJWIF,YEYFEP,0.8999999761581421
JEJWOL,TETYAV,0.8999999761581421
JEJWOL,VEFMAW,0.8999999761581421
JEJWOL,KUKHAB,0.8999999761581421
JEJWOL,LIKBAL,0.8999999761581421
JEJWOL,PIDJEU,0.8999999761581421
JEJYUV,KORMUB,0.9357142448425293
JEJYUV,KORMOV,0.9357142448425293
JEJYUV,XACSIG,0.8999999761581421
JEJZAC,XACSIG,1.0
JEJZAC,VAZTUO,0.8999999761581421
JEKRAT,LALYOO,0.6576922535896301
JEKRAT,PUKVAU,0.5040000081062317
JEKYUW,UGAGIV,0.8999999761581421
JEKYUW,QEMGOH,0.8999999761581421
JEKYUW,QEMGIB,0.8999999761581421
JEKYUW,SIPHEE,0.42352941632270813
JELPAS,SAHBEJ,1.0
JELPAS,XIPHIN,1.0
JEMMOE,JEMMOE01,1.0
JEMMOE,TAZSAP01,1.0
JEMMOE01,TAZSAP01,1.0
JEMMOE01,XETPIW,1.0
JEMPEZ,JEMPID,1.0
JEMQEY,NAJGAH,1.0
JENKET,VOLRAQ,1.0
JENKET,JENKIX,1.0
JENKET,PUWDOA,1.0
JENKET,ZESMOB,0.7120000123977661
JENKIX,VOLRAQ,1.0
JENKIX,PUWDOA,1.0
JENKIX,WONJUG,0.8999999761581421
JENKIX,ZODPUF,0.7000000476837158
JENQUR,OSAXIQ,0.686956524848938
JENQUR,VEGMOK,0.64000004529953
JEPWIN01,MAHGAG,1.0
JEPWIN01,TUTHUM,0.8999999761581421
JEPWIN01,TUTJAU,0.8999999761581421
JEPWIN01,ZOMWUV,0.3288135528564453
JERXAI,MUTGUD,1.0
JERXAI,SEYKUD,0.4000000059604645
JERXAI,LUHSUD,0.3499999940395355
JERZIP,SEKLEC01,0.6857143044471741
JERZIP,LUDLAZ,0.5086956024169922
JERZIP,RUPRUQ,0.4599999785423279
JESCEQ,ZIVCAK,0.8999999761581421
JESCEQ,XEYNUM,0.8999999761581421
JESCEQ,MUQSIA,0.8999999761581421
JESCEQ,NELXIM,0.8578947186470032
JESCEQ,UDOYUJ,0.5666666626930237
JETQOP,WOJZAX,1.0
JETVOW,QEHYEK,1.0
JETVOW,QEHZEL,1.0
JETVOW,QEHZIP,1.0
JETVOW,QEHYOU,1.0
JETVOW,QEHZAH,1.0
JETVOW,QEJBEP,1.0
JETVOW,QEJBIT,1.0
JETVUC,QEHYEK,1.0
JETVUC,QEHZEL,1.0
JETVUC,QEHZIP,1.0
JETVUC,QEHYOU,1.0
JETVUC,QEHZAH,1.0
JETVUC,QEJBEP,1.0
JETVUC,QEJBIT,1.0
JETZAK,ROLZAU,1.0
JETZAK,KIFKEQ,1.0
JETZAK,PAZDOM,0.8999999761581421
JEVZUG,UDOYUJ,0.5645161271095276
JEVZUG,UGOYIY,0.5181818008422852
JEVZUG,VIGCAR,0.4899999797344208
JEWXER,XEZMOG,0.6806451678276062
JEWXER,RUWFOG,0.6516129374504089
JEWXER,WAQTEQ,0.6428571343421936
JEWXER,UWUKII,0.6428571343421936
JEWYAM,MIVFOO,1.0
JEXLEG,JEXLIK,1.0
JEXLEG,VOSSUT,0.8999999761581421
JEXLEG,VOTHIX,0.8999999761581421
JEXLEG,VOTHOD,0.8999999761581421
JEXLIK,VOSSUT,0.8999999761581421
JEXLIK,VOTHIX,0.8999999761581421
JEXLIK,LAZXOB,0.5400000214576721
JEXLIK,UFEWIO,0.5478260517120361
JEXLIK,UFEWOU,0.5478260517120361
JEXPEI,XUWVEQ,0.8999999761581421
JEXPEI,LIWFUS,0.8999999761581421
JEXPOS,ODELOZ,0.8999999761581421
JEXPOS,TOHJIL,0.8999999761581421
JEXPOS,NELVEG,0.8999999761581421
JEXPOS,SIRTEV,0.8999999761581421
JEXPOS,YETFUB,0.34545454382896423
JEXPUY,ODOJUN,0.8999999761581421
JEXPUY,WOWGEU02,0.8999999761581421
JEXPUY,TOHJIL,0.8999999761581421
JEXWOZ,YUKTUU06,1.0
JEXWOZ,SIWPUL,1.0
JEXWOZ01,YUKTUU06,1.0
JEXWOZ01,SIWPUL,1.0
JEXWOZ02,YUKTUU06,1.0
JEXWOZ02,SIWPUL,1.0
JEXWOZ03,YUKTUU06,1.0
JEXWOZ03,SIWPUL,1.0
JEXWOZ04,YUKTUU06,1.0
JEXWOZ04,SIWPUL,1.0
JEXWOZ05,YUKTUU06,1.0
JEXWOZ05,SIWPUL,1.0
JEXWUF,OXCFOR,1.0
JEXWUF,VERZID,1.0
JEXWUF,YANBAR01,1.0
JEXWUF01,OXCFOR,1.0
JEXWUF01,VERZID,1.0
JEXWUF01,YANBAR01,1.0
JEXWUF02,OXCFOR,1.0
JEXWUF02,VERZID,1.0
JEXWUF02,YANBAR01,1.0
JEXWUF03,OXCFOR,1.0
JEXWUF03,VERZID,1.0
JEXWUF03,YANBAR01,1.0
JEXXAM,JEXXAM06,1.0
JEXXAM,JEXXAM07,1.0
JEXXAM,NIFORM01,1.0
JEXXAM,NIFORM,1.0
JEXXAM,NIFORM02,1.0
JEXXAM,NIFORM03,1.0
JEXXAM,SANLUQ,1.0
JEXXAM,ZIGLOT,1.0
JEXXAM02,JEXXAM06,1.0
JEXXAM02,JEXXAM07,1.0
JEXXAM02,NIFORM01,1.0
JEXXAM02,XOBXIW,1.0
JEXXAM02,YUKVIK,1.0
JEXXAM03,JEXXAM06,1.0
JEXXAM03,JEXXAM07,1.0
JEXXAM03,NIFORM01,1.0
JEXXAM04,JEXXAM06,1.0
JEXXAM04,JEXXAM07,1.0
JEXXAM04,NIFORM01,1.0
JEXXAM05,JEXXAM06,1.0
JEXXAM05,JEXXAM07,1.0
JEXXAM05,NIFORM01,1.0
JEXXAM05,VERZOJ,1.0
JEXXAM06,JEXXAM07,1.0
JEXXAM06,NIFORM01,1.0
JEXXAM06,NIFORM,1.0
JEXXAM06,NIFORM02,1.0
JEXXAM06,NIFORM03,1.0
JEXXAM06,SANLUQ,1.0
JEXXAM07,NIFORM01,1.0
JEXXAM07,NIFORM,1.0
JEXXAM07,NIFORM02,1.0
JEXXAM07,NIFORM03,1.0
JEXXAM07,SANLUQ,1.0
JEXXAM07,VERZOJ,1.0
JICYIG,VOLPET,1.0
JICYIG,MIQSAJ,1.0
JICYIG,XANLOP,1.0
JICYIG,OQIQOW,0.8999999761581421
JICYIG,VOLPAP,1.0
JIDBAC,JIDBEG,0.8999999761581421
JIDBAC,KIPZUH,0.48461538553237915
JIDBAC,NINDIA,0.3214285671710968
JIDBEG,KIPZUH,0.48461538553237915
JIDBEG,NINDEW,0.3214285671710968
JIDRUM,JIDYIH,1.0
JIDRUM,MAFJIO,0.8999999761581421
JIDRUM,UQERIT,0.821739137172699
JIDYIH,MAFJIO,0.8999999761581421
JIDYIH,UQERIT,0.821739137172699
JIFGAJ,OGAFUA,0.9379310607910156
JIFGAJ,YIXYUB,0.746874988079071
JIFGAJ,LIVLUZ,0.746874988079071
JIFGAJ,OGAPEU,0.574999988079071
JIFGAJ,YELREP,0.5142857432365417
JIGQOI,SEGJOG,1.0
JIGQOI,LIVNEJ,0.8999999761581421
JIGQOI,WABTOK,0.8999999761581421
JIGQOI,XUBHEI,0.8999999761581421
JIHROH,JIHROH01,1.0
JIHROH,PAXSEM01,0.8999999761581421
JIHROH,LORFED02,0.8999999761581421
JIHROH01,PAXSEM01,0.8999999761581421
JIHROH01,LORFED02,0.8999999761581421
JIHROH01,SEDTIF,0.8999999761581421
JIJLIA,YOZQAG,1.0
JIJLIA,YOZQEK,1.0
JIJLIA,YURKIG,0.8999999761581421
JIJTOO,JIKJIZ,1.0
JIJTOO,WOLYON,0.6324324011802673
JIJTOO,WETFUZ,0.6324324011802673
JIKJIZ,WOLYON,0.6324324011802673
JIKJIZ,WETFUZ,0.6324324011802673
JIRLII,PAMGIV,0.8999999761581421
JIRLII,JIRLOO,0.8799999952316284
JIRLOO,NARPUU,0.7799999713897705
JISGOH,MEKVAA,0.21250000596046448
JISMEG,VOTHIX,0.6727272868156433
JISMEG,REGREC,0.621052622795105
JISSEK,JISSUA,0.8999999761581421
JISSEK,TOKHAD,0.8999999761581421
JISSEK,ROJTAM,0.8999999761581421
JISSEK,TOKGOQ,0.8999999761581421
JISSIO,JISSOU,0.8999999761581421
JISSIO,ROJTAM,0.8999999761581421
JISSIO,RUBGAX,0.8999999761581421
JISSOU,ROJSUF,0.8999999761581421
JISSOU,ROJTAM,0.8999999761581421
JISSOU,RUBGAX,0.8999999761581421
JISSOU,TOKGOQ,0.8999999761581421
JISSOU,TOKHAD,0.8999999761581421
JISSUA,ROJTAM,0.8999999761581421
JISSUA,RUBGAX,0.8999999761581421
JISVAJ,ZUPBET,1.0
JISVAJ,SEFPUP,1.0
JISVAJ,ZEZQIG,1.0
JISVAJ,QITVIZ,0.8999999761581421
JITFAU,SAZQEQ,0.8999999761581421
JITFAU,QANSEE,0.8999999761581421
JITJAA,SEGSEF,1.0
JITQEJ,JITQOT,1.0
JITQEJ,LIRTIQ,1.0
JITQEJ,LIRTEM,1.0
JITQIN,JITQOT,1.0
JITQIN,LIRTIQ,1.0
JITQIN,LIRTEM,1.0
JITQIN,LIRTUC,1.0
JITQOT,LIRTIQ,1.0
JITQOT,LIRTEM,1.0
JITQOT,LIRTUC,1.0
JIVFUQ,NOSHEK,0.8999999761581421
JIVFUQ,NOSHIO,0.8999999761581421
JIVHIG,JIVHOM,1.0
JIVHIG,MONRAJ,0.3842104971408844
JIVHIG,LUXYAG,0.32499998807907104
JIVHOM,MONRAJ,0.3842104971408844
JIVHOM,LUXYAG,0.32499998807907104
JIVROW,YAVTUL,1.0
JIVROW,ZUYLOW,0.8999999761581421
JIVROW,YAVTOF,0.8999999761581421
JIWQIP,MUBQIJ,0.3857142925262451
JIWXEV,JIWXOF,0.8999999761581421
JIWXEV,JIWXIZ,0.8999999761581421
JIWXEV,VIKTOB,0.7617647051811218
JIWXIZ,JIWXOF,0.8999999761581421
JIWXIZ,VIKTUH,0.7617647051811218
JIWXOF,VIKVIX,0.7617647051811218
JIXWUJ,YUKTUU06,1.0
JIXWUJ,SIWPUL,1.0
JIXWUJ01,SIWPUL01,1.0
JIXWUJ01,JIXWUJ02,1.0
JIXWUJ01,MNFORD,1.0
JIXWUJ01,MNFORD01,1.0
JIXWUJ01,MNFORD02,1.0
JIXWUJ01,MNFORD03,1.0
JIXWUJ01,MNFORD04,1.0
JIXWUJ01,MNFORD05,1.0
JIXWUJ01,MNFORD06,1.0
JIXWUJ01,PADJEK,1.0
JIXWUJ01,PADJEK01,1.0
JIXWUJ01,PADJEK02,1.0
JIXWUJ01,PADJEK03,1.0
JIXWUJ01,PADJEK04,1.0
JIXWUJ01,PADJOU,1.0
JIXWUJ01,PADJOU01,1.0
JIXWUJ01,PADKIP01,1.0
JIXWUJ01,PADKIP02,1.0
JIXWUJ01,PADKIP03,1.0
JIXWUJ01,PADKIP04,1.0
JIXWUJ01,PADKIP05,1.0
JIXWUJ01,PADKIP06,1.0
JIXWUJ01,PADKIP07,1.0
JIXWUJ01,PADKIP08,1.0
JIXWUJ01,PADKIP09,1.0
JIXWUJ01,PADKIP10,1.0
JIXWUJ01,PADKIP11,1.0
JIXWUJ01,PADKIP12,1.0
JIXWUJ01,PADKIP13,1.0
JIXWUJ01,PADKIP14,1.0
JIXWUJ01,PADKIP15,1.0
JIXWUJ01,PADKIP16,1.0
JIXWUJ01,PADKIP17,1.0
JIXWUJ01,PADKIP18,1.0
JIXWUJ01,PADKIP19,1.0
JIXWUJ01,PADKIP20,1.0
JIXWUJ01,PADKIP21,1.0
JIXWUJ01,PADKIP22,1.0
JIXWUJ01,PADKIP23,1.0
JIXWUJ01,PADKIP24,1.0
JIXWUJ01,PADKIP25,1.0
JIXWUJ01,PADKIP26,1.0
JIXWUJ01,PADKIP27,1.0
JIXWUJ01,PADKIP28,1.0
JIXWUJ01,PADKIP29,1.0
JIXWUJ01,PADKIP30,1.0
JIXWUJ01,PADKIP31,1.0
JIXWUJ01,PADKIP32,1.0
JIXWUJ01,POBNEB,1.0
JIXWUJ01,POBNEB01,1.0
JIXWUJ01,POBNEB02,1.0
JIXWUJ01,TAZBUT,1.0
JIXWUJ01,TAZBUT01,1.0
JIXWUJ01,TAZBUT02,1.0
JIXWUJ01,TAZBUT03,1.0
JIXWUJ01,TAZBUT04,1.0
JIXWUJ01,YUKTUU,1.0
JIXWUJ01,YUKTUU01,1.0
JIXWUJ01,YUKTUU02,1.0
JIXWUJ01,YUKTUU03,1.0
JIXWUJ01,YUKTUU04,1.0
JIXWUJ01,YUKTUU05,1.0
JIXWUJ01,YUKTUU06,1.0
JIXWUJ01,YUKTUU07,1.0
JIXWUJ02,SIWPUL01,1.0
JIYBEB,NUNPAP,0.6684210300445557
JIYBEB,TONBUU,0.6684210300445557
JIYBEB,XUJPIC,0.6684210300445557
JIYGII,NIPWIT01,0.8999999761581421
JIYGII,NEVVIU02,0.8999999761581421
JIYGII,NUDMIK,0.8999999761581421
JIYGII,QUYCET,0.8999999761581421
JIYKAG,JIYKIO,1.0
JIYKAG,JIYKOU,1.0
JIYKAG,RUGXIC,0.8999999761581421
JIYKIO,JIYKOU,1.0
JIYKIO,RUGXIC,0.8999999761581421
JIYKIO,XINTOG,0.8999999761581421
JIYKIO,YUBHAG,0.8999999761581421
JIYKIO,ZOYKEF,0.8999999761581421
JIYKOU,RUGXIC,0.8999999761581421
JIYKUA,JIYSUI,0.8999999761581421
JIYKUA,JIYPEP,0.8999999761581421
JIYKUA,NAWXER,0.8999999761581421
JIYKUA,JIYTAP,0.8999999761581421
JIYPAL,JIYTAP,0.8999999761581421
JIYPAL,JIYPEP,0.8999999761581421
JIYPAL,JIYSUI,0.8999999761581421
JIYPAL,NAWXER,0.8999999761581421
JIYPAL,REBSUP,0.6700000166893005
JIYPEP,JIYSUI,0.8999999761581421
JIYPEP,NAWXER,0.8999999761581421
JIYPEP,JIYTAP,0.8999999761581421
JIYRIV,MIFLIY,0.7120000123977661
JIYRIV,UMARIL,0.6464285850524902
JIYRIV,LIQHAX,0.6225806474685669
JIYSUI,NAWXER,0.8999999761581421
JIYSUI,JIYTAP,0.8999999761581421
JIYTAP,NAWXER,0.8999999761581421
JIYTUI,RUSSUU,0.8999999761581421
JIYTUI,RUSTAB,0.8999999761581421
JIYTUI,RUSTEF,0.8999999761581421
JIZWAS,MILQIJ,1.0
JIZWAS,KUNTAQ,1.0
JIZWAS,JIZWIA,1.0
JIZWAS,PIBZOS,0.47894734144210815
JIZWAS,SALXEL,0.37894734740257263
JIZWEW,MILQIJ,0.6684210300445557
JIZWEW,KUNTAQ,0.6684210300445557
JIZWEW,SABVUN01,0.6684210300445557
JIZWIA,MILQIJ,1.0
JIZWIA,KUNTAQ,1.0
JIZWIA,SABVUN01,1.0
JIZWIA,JIZWOG,1.0
JIZWIA,KUNTAQ03,1.0
JIZWIA,PIBZOS,0.47894734144210815
JIZWOG,MILQIJ,1.0
JIZWOG,KUNTAQ,1.0
JIZWOG,KUNTAQ03,1.0
JOBGIS,VEJHEZ,0.5679999589920044
JOBGIS,TEPMUZ,0.567307710647583
JOBGIS,WAWGOQ,0.550000011920929
JOBKOC,JOBKUI,1.0
JOBKOC,MUTDEM,0.5295454263687134
JOBKUI,MUTDEM,0.5295454263687134
JOBXUV,MURFEM,0.6464285850524902
JOBXUV,OQIJII,0.47058823704719543
JOCLOD,NULROB,0.8999999761581421
JOCLOD,NULRUH,0.8999999761581421
JOCLOD,QOJVAM,0.7105263471603394
JOCLOD,VOYLUS,0.5869565010070801
JOCWIJ,OVIVIZ,0.8999999761581421
JODFEP,JODGOA,1.0
JODFEP,JODFOZ,1.0
JODFEP,WOJZOK01,0.8999999761581421
JODFEP,QAKDAH,0.8999999761581421
JODFOZ,JODGOA,1.0
JODFOZ,WOJZOK01,0.8999999761581421
JODGAM,JODGEQ,1.0
JODGAM,ODIZOQ,1.0
JODGAM,ODIZOQ01,1.0
JODGAM,OTIQAL,0.8999999761581421
JODGEQ,ODIZOQ,1.0
JODGEQ,ODIZOQ01,1.0
JODGEQ,OTIQAL,0.8999999761581421
JODGOA,WOJZOK01,0.8999999761581421
JODWOP,RIWXAX01,1.0
JODWOP,RIWXAX,1.0
JODWOP,VEJPEH,0.6225806474685669
JOFCEO,JOFCEO01,1.0
JOFCEO01,XUMMEZ,0.6108108162879944
JOFCEO01,XUMMOJ,0.6108108162879944
JOFCEO01,XUMMUP,0.683783769607544
JOFDOZ,UTEXUN,1.0
JOFDOZ,JOFDOZ01,1.0
JOFDOZ,SEBBOT,1.0
JOFDOZ01,UTEXUN,1.0
JOFDOZ01,SEBBOT,1.0
JOFGOC,TAWSAN,1.0
JOFGOC,PAMHIW,0.6868420839309692
JOFGOC,ORAHAS,0.64000004529953
JOFKIA,MELHOB,0.5285714268684387
JOFKIA,JOFKIA01,0.4300000071525574
JOFKIA01,UYUSAJ,0.8999999761581421
JOFKIA01,WARJAC,0.5192307233810425
JOFZOV,TOJWIZ,1.0
JOFZOV,QOPZIF,0.8999999761581421
JOFZOV,NAPZOV,0.8999999761581421
JOGBAK,MIDCUZ,0.550000011920929
JOGBAK,UFIREI,0.5384615659713745
JOGBIR,RIQHAD,0.23636364936828613
JOGHEU,LUYZAH,1.0
JOGHEU,LUYZAH02,1.0
JOGHIY,MOWQOF,1.0
JOGHIY,MOWQOF01,1.0
JOHFIW,NADZID,1.0
JOHFIW,SEHTEF,1.0
JOHFIW,NADZEZ,1.0
JOJHUM,JOJHUM01,1.0
JOJHUM,JOJHUM02,1.0
JOJHUM,KOBGOY02,0.8999999761581421
JOJHUM01,JOJHUM02,1.0
JOJHUM01,KOBGOY02,0.8999999761581421
JOJHUM01,JOJJEY,0.8999999761581421
JOJHUM01,OVIVIZ,0.5333333611488342
JOJHUM02,KOBGOY02,0.8999999761581421
JOJHUM02,JOJJAU,0.8999999761581421
JOJHUM02,JOJJAU01,0.8999999761581421
JOJHUM02,OSILOS,0.8999999761581421
JOJJAU,JOJJAU01,1.0
JOJJAU,JOJJEY,0.8999999761581421
JOJJIC,JOJJIC02,1.0
JOJJIC,JOJJIC01,1.0
JOJJIC,TOHRUF,0.8999999761581421
JOJJIC01,JOJJIC02,1.0
JOJJIC01,TOHRUF,0.8999999761581421
JOJJIC01,TOHRUF01,0.8999999761581421
JOJJIC02,TOHRUF,0.8999999761581421
JOJKOK,UPOZAB,1.0
JOJLOK,MELJET,0.8999999761581421
JOJLUQ,NIPWIT,0.8999999761581421
JOJMEB,MOKZOC01,0.8999999761581421
JOJMEB,MOKZOC,0.8999999761581421
JOJMEB,VASFED,0.8999999761581421
JONKEE,URUYOX,1.0
JONKEE,URUZEO,1.0
JONKEE,KOMFUO,1.0
JONKEE,KOMGAV,1.0
JOPGIG,PUNYED,1.0
JOPGOM,PUNYED,1.0
JOPGOM,PENNON,0.6684210300445557
JOPGUS,PUNYED,1.0
JOPWUI,XAPQAI01,1.0
JOPWUI,XAPQAI,1.0
JOQQAJ,VEGMIE01,1.0
JOQQAJ,MOXDIN01,1.0
JOQQAJ,LAGWIB,1.0
JOQQAJ,LOMQOV,1.0
JOQSIT,JOQSOZ,1.0
JOQSIT,XEFKOI,0.48076921701431274
JOQSIT,XEFGAQ,0.48076921701431274
JOQSOZ,XEFKOI,0.48076921701431274
JOQSOZ,XEFGAQ,0.48076921701431274
JORCUQ,QIDTIJ,1.0
JORCUQ,UREVOE,1.0
JORDAX,MOSBIG,1.0
JORDAX,REWVAT,1.0
JORDAX,ORIFUS,1.0
JORDAX,XOKJUD,1.0
JORDEB,JORDIF,1.0
JORDEB,QIDTEF,1.0
JORDIF,QIDTEF,1.0
JORDOL,REWVEX,1.0
JORDOL,QAZFAB,1.0
JORQOY,YEYVII,1.0
JORQOY,YEVQOG,1.0
JORQOY,MIVWEU,1.0
JORQOY,MIYGOR,0.550000011920929
JORQOY,MIYHAE,1.0
JORQOY,YEVQUM,1.0
JORQOY,YEYVOO,1.0
JOSNAG,JOSNAG01,1.0
JOSNAG,NEZMEM,0.925000011920929
JOSNAG,VAVFEE,0.925000011920929
JOSNAG01,NEZMEM,0.925000011920929
JOSTIU,WICGIB,1.0
JOVWUO,WUDXUP,0.6516129374504089
JOVWUO,RUNXUV,0.6000000238418579
JOVYAW,KEFBEE,1.0
JOVYAW,KEFBII,1.0
JOVYAW,KEFBOO,1.0
JOXPET,YOSLOH,1.0
JOXPET,SIYGUF,0.8999999761581421
JOYHOW,KIKBEN,1.0
JOYHOW,TABFOT,0.781818151473999
JOYHOW,KIKHAP,0.7617647051811218
JOYHOW,KIKBIR,0.6307692527770996
JOYZII,OHETIE,0.6107142567634583
JOYZII,WASRAK,0.6000000238418579
JOYZII,NIZDAC,0.5040000081062317
JUDYIS,SUDRIU,1.0
JUDYIS,XOLFAH,0.8999999761581421
JUGMUV,XUYDIF,0.918181836605072
JUGMUV,VIZTOP,0.859375
JUGMUV,VIZTUV,0.7593749761581421
JUGMUV,UYOHUM,0.5274999737739563
JUGMUV,ZULXEL,0.5274999737739563
JUHNIL,JUHNOR,1.0
JUHNIL,MOCKEV,0.5679999589920044
JUHNIL,OFOCUI,0.5679999589920044
JUHNOR,MOCKEV,0.5679999589920044
JUHNOR,XIJSUH,0.5679999589920044
JUJMIM,JUJMOS,1.0
JUJMIM,JUJNAF,1.0
JUJMIM,JUJMUY,1.0
JUJMOS,JUJNAF,1.0
JUJMOS,JUJMUY,1.0
JUJMUY,JUJNAF,1.0
JUKGUT,OBUZIV,0.7000000476837158
JUKGUT,QEHJUJ,0.6000000238418579
JUKGUT,SESDEA01,0.6000000238418579
JUKVEQ,VACFUB,1.0
JUKVEQ,VACFUB01,1.0
JUKVEQ,REDYEG,1.0
JUKVEQ01,VACFUB,1.0
JUKVEQ01,VACFUB01,1.0
JUKVEQ01,REDYEG,1.0
JUKXIW,JUKXIW01,1.0
JUKXIW,OTIPAK,1.0
JUKXIW01,OTIPAK,1.0
JUKXIW01,OTOVAW,0.5636363625526428
JULHIH,ZEFRUZ,0.4535714089870453
JULHIH,YATNEO,0.4193548262119293
JULHIH,PTRPHT02,0.3879999816417694
JUMCOL,WIHWIU,1.0
JUMCOL,PEPLEC,1.0
JUMCOL,PEPLIG,1.0
JUMCOL,PEPLOM,1.0
JUMCOL,POWYEH,1.0
JUMCUR,WIHWIU,1.0
JUMCUR,PEPLEC,1.0
JUMCUR,PEPLIG,1.0
JUMCUR,PEPLOM,1.0
JUMCUR,POWYEH,1.0
JUMDAY,WIHWIU,1.0
JUMDAY,WIDQAC,1.0
JUMDAY,WIDQEG,1.0
JUMDAY,WIHWEQ,1.0
JUMDEC,WIHWIU,1.0
JUMZIC,VAKDIX,0.8999999761581421
JUMZIC,KUZPEC,0.8999999761581421
JUMZIC,YIYHAQ,0.8999999761581421
JUNBOL,TULLIX,0.925000011920929
JUNBOL,MIWCOM,0.5973684191703796
JUNBUR,QISNEN,1.0
JUNBUR,QISNAJ,1.0
JUNBUR,MITSIS,1.0
JUPBUT,QIHLEB,0.6967741250991821
JUPBUT,RAWFAZ,0.6428571343421936
JUPFOP,ZIWTII,1.0
JUPFOP,OTIXAS,1.0
JUPFOP,OTIWOF,1.0
JUPFOP,OFUSAL,0.4214285612106323
JUPFOP,XAZFEJ,1.0
JUPFOP,XAZGAG,1.0
JUQPIW,WUHMOD,1.0
JUQPIW,POKZOG,1.0
JUQSIZ,WUHMOD,1.0
JUQSIZ,POKZOG,1.0
JUQSIZ,YILJUA,1.0
JUQSIZ,YILKAH,1.0
JUQTOG,JUQVAU,1.0
JUQTOG,PASNAA01,0.34545454382896423
JUQTOG,PASNAA,0.34545454382896423
JUQTUM,YOZRUC,0.4535714089870453
JUQTUM,YOZROW,0.4535714089870453
JUQTUM,YOZSAJ,0.4535714089870453
JUQVAU,PASNAA01,0.34545454382896423
JUQVAU,PASNAA,0.34545454382896423
JURKIS,NAHDIM,0.5707316994667053
JURKIS,ZEYRON,0.550000011920929
JUSKAL,JUSKEP,1.0
JUSKAL,JUSKIT,1.0
JUSKAL,LITCIC,0.8999999761581421
JUSKAL,LITDAV,0.8999999761581421
JUSKEP,JUSKIT,1.0
JUSKEP,LITCIC,0.8999999761581421
JUSKEP,LITCOI,0.8999999761581421
JUSKEP,LITCUO,0.8999999761581421
JUSKIT,LITDAV,0.8999999761581421
JUSKIT,LITCOI,0.8999999761581421
JUSKIT,LITCUO,0.8999999761581421
JUSKIT,ODEZAB,0.6272727251052856
JUTCIM,SAVCEA,1.0
JUTCIM,XEGJUQ,0.8999999761581421
JUTCIM,XEGJIE02,0.8999999761581421
JUTCUY,SATRAJ,1.0
JUTCUY,ZIQWUU,0.8999999761581421
JUVROJ,UJAQOM,1.0
JUVROJ,UJARED,0.8999999761581421
JUVROJ,UJATOP,0.8999999761581421
JUVWUU,PEFWAB,1.0
JUVWUU,ODOMIF,1.0
JUVWUU,NAXTAI,1.0
JUVWUU,MEGPOF,0.8999999761581421
JUVWUU,MEGQIA,0.8999999761581421
JUVWUU,MINFIB,1.0
JUVWUU,PEFWEF,1.0
JUWSUR,JUXFAL,0.8999999761581421
JUWSUR,ORIVUI,0.7941176295280457
JUWSUR,ORIWET,0.7941176295280457
JUXFOZ,NASROR,1.0
JUXFOZ,NASREH,0.8999999761581421
JUXFOZ,SITDEH,0.6727272868156433
JUXFOZ,ONUCIL,0.5
JUXSEC,VITZAB,1.0
JUXSEC,JUXSIG,1.0
JUXSEC,NIRPAI,0.8999999761581421
JUXSIG,VITZAB,1.0
JUXSIG,NIRPAI,0.8999999761581421
JUXZIN,JUXZOT,1.0
JUXZIN,MUXVIM,1.0
JUXZIN,RIMROX,0.821739137172699
JUXZOT,MUXVIM,1.0
JUXZOT,UMARIL,0.8999999761581421
JUXZUZ,WOWBIV,1.0
JUXZUZ,JUYBAI,1.0
JUXZUZ,YEJDAV,0.7666666507720947
JUYBAI,WOWBIV,1.0
JUYBAI,WOWBER,1.0
JUYJIY,PAKXIK,0.6343750357627869
JUYJIY,YIRSUQ,0.6827585697174072
JUYVOO,MEYFUR,0.8999999761581421
KABMOS,PURQUP,0.4692307710647583
KABMOS,PURQOJ,0.4692307710647583
KABNIL,YIQSOH,1.0
KABNIL,MEMGAN,1.0
KABNIL,XOJZEC,1.0
KABNIL,PORVID,1.0
KABSAJ,MUQZAA,0.5062499642372131
KABSIR,TOBSIO,0.8999999761581421
KABSUD,REMMIG,1.0
KABXES,KABXOC,0.8999999761581421
KABXES,KABXIW,0.8999999761581421
KABXIW,PEGCIQ,1.0
KABXIW,PEGCEM,0.8999999761581421
KABXIW,XUMVEH,0.8999999761581421
KABXIW,XOFPEP,0.8999999761581421
KABXIW,XOFPEP01,0.8999999761581421
KABXIW,XUMTUV,0.8999999761581421
KABXOC,PAMQEB,0.8999999761581421
KABXOC,VAWCAZ,0.8999999761581421
KABXOC,VAWCED,0.8999999761581421
KABXOC,XOBGON,0.8999999761581421
KABXOC,XUMVAD,0.8999999761581421
KABXOC,XUMVEH,0.8999999761581421
KACSIS,NESDIA,1.0
KACSIS,LAXGOH03,0.8999999761581421
KADLOT,YIMCOP,0.4976744055747986
KADLOT,OYIVEY,0.4923076927661896
KADLOT,NIGLUK,0.2800000011920929
KADLUZ,KUPTIA,1.0
KADLUZ,YIMQOD,0.7749999761581421
KADLUZ,YIMQET,0.7749999761581421
KADTIV,XAHROQ,0.3176470696926117
KADTIV,XIGYOE,0.3176470696926117
KAFPUE,WOHYOH,1.0
KAFPUE,WOHYOH01,1.0
KAFQAL,OTIQEP,1.0
KAFQAL,UMABOB,1.0
KAFQAL,YAQCEY,1.0
KAFTIX,SARHEA,0.41499999165534973
KAFTIX,XECTUX,0.2666666507720947
KAFTUI,PUQXUV,1.0
KAFTUI,XEGXIT,1.0
KAFYAT,RAVDAV,0.8999999761581421
KAGCAY,NUVXUZ,1.0
KAGCAY,YATDUV,0.8999999761581421
KAGCAY,UGOCEA,0.6275862455368042
KAGJOS,WURNOO,1.0
KAGJOS,OREFIC,0.4648648500442505
KAGJOS,UKEVIR,0.5909091234207153
KAHMOW,PUQXUV,1.0
KAHMOW,XEGXIT,1.0
KAHMOW,XOQXEH,1.0
KAHWOG,UHISEK,1.0
KAHWOG,LEPLAV,1.0
KAHWOG,OPENUT,1.0
KAHWOG,RASKIH,0.8999999761581421
KAHWOG,RASKON,0.8999999761581421
KAKBUW,PIMSUC,1.0
KAKBUW,NOHSUA,1.0
KAKBUW,WIMBIG,1.0
KAKCAD,OMUMIU,0.8999999761581421
KAKCAD,MIHJUL,0.8999999761581421
KAKCAD,QOWRAV12,0.8999999761581421
KAKCEH,KAKCEH01,1.0
KAKCEH,KAKCEH02,1.0
KAKCEH,NALWOO,1.0
KAKCEH01,KAKCEH02,1.0
KAKCEH01,NALWOO,1.0
KAKCEH01,WOQRUR,1.0
KAKCEH02,NALWOO,1.0
KAKCEH02,WOQRUR,1.0
KAKDAC,NAHNLA10,0.8999999761581421
KAKDAC,SIWNES,0.8999999761581421
KAKDAC,RENQIK,0.8999999761581421
KAKNEQ,MIBQAR12,1.0
KAKNEQ,MIBQAR14,1.0
KAKNEQ,MIBQAR05,1.0
KAKTIA,UFUNIS,1.0
KAKTIA,VOJPUG01,1.0
KAKTIA01,UFUNIS,1.0
KAKTIA01,VOJPUG01,1.0
KALCOQ,TIPJIM,1.0
KALCOQ,TIPJIM01,1.0
KALCOQ,XESFUX,1.0
KALXUT,MOLQEL,1.0
KALXUT,TEYHIR,1.0
KALXUT,SITCUW,1.0
KALYIH,PAMQEB,1.0
KALYIH,UTEFOP,1.0
KALYIH,LIYVOG,0.9571428894996643
KALYIH,LIYVOG01,0.9571428894996643
KALYIH,YIXXAG,0.9571428894996643
KAMXUU,QUJLAK,1.0
KAMXUU,QUJKUD,1.0
KAMXUU,QUJLAK02,1.0
KAMXUU,KUKPOX,1.0
KAMZUV,MECWEX,1.0
KAMZUV,YUDWEB,1.0
KAPGUE,SIVJAI01,0.8999999761581421
KAPHAL,KATLEX,1.0
KAPHAL,REQRUD,0.8999999761581421
KAPHAL,TILFUQ01,0.8999999761581421
KAPHAL,MUZKAU,0.8999999761581421
KAPMAS,UFURAO,0.8999999761581421
KAPMAS,TATBUO,0.8999999761581421
KAPMAS,RAKYAD,0.8999999761581421
KAPMAS,TATCAV,0.8999999761581421
KAPMAS,TATCID,0.8999999761581421
KAPNUM,LIHSAX,1.0
KAPNUM,TISLIR,1.0
KAPNUM,MUPYUS,1.0
KARMOH,SEQWUI,0.8999999761581421
KARMOH,MOFTUY,0.8999999761581421
KARMOH,WIZMAV04,0.8999999761581421
KARPIC,XEVBUW,0.5099999904632568
KARPOI,KARREA,1.0
KARPOI,KARREA01,1.0
KARPOI,KARPOI01,1.0
KARPOI01,KARREA,1.0
KARPOI01,KARREA01,1.0
KARRAW,KARRIE,0.550000011920929
KARREA,KARREA01,1.0
KARRIE,OTARUX,0.8999999761581421
KARRIE,OTARUX01,0.8999999761581421
KARRIE,OTARUX02,0.8999999761581421
KASHOE,QIZRIC,1.0
KASHOE,ZOMKAP01,0.8999999761581421
KASHOE,ZOMKAP,0.8999999761581421
KASPIF,MENFAP,0.800000011920929
KASPIF,KASPOL,0.6625000238418579
KASPIF,YEYBOV,0.4935483932495117
KASPIF,YEYBOV01,0.4935483932495117
KASPOL,TOBHAT,0.5950000286102295
KATLEX,REQRUD,0.8999999761581421
KATLEX,TILFUQ01,0.8999999761581421
KATLEX,MUZKAU,0.8999999761581421
KAVJAT,LAPLEW01,0.8999999761581421
KAVJAT,LAPLEW,0.8999999761581421
KAVJAT,MOGMIE,0.8999999761581421
KAVJEX,KAVJEX01,1.0
KAVJEX,LAPMIB,0.8999999761581421
KAVJEX,LAPLUM,0.8999999761581421
KAVJEX,MOGMIE,0.8999999761581421
KAVJEX01,LAPMIB,0.8999999761581421
KAVJEX01,LAPLUM,0.8999999761581421
KAVJEX01,QAWREM,0.8999999761581421
KAVJEX01,QAWRIQ,0.8999999761581421
KAVKIC,UDANEV,0.8999999761581421
KAVKIC,PEGQUP,0.8999999761581421
KAVREG,YICCOE,1.0
KAVREG,VERZID,1.0
KAVREG,YANBAR02,1.0
KAVRIK,WOSMUO01,1.0
KAVROQ,TEVZEA,1.0
KAVROQ,YUKVUW01,1.0
KAVROQ,TESGOO,1.0
KAVRUW,PURROK,0.8999999761581421
KAVRUW,KAVSEH,0.8999999761581421
KAVRUW,KAVSAD,0.8999999761581421
KAVSAD,KAVSEH,0.8999999761581421
KAVSAD,WEDNUQ,0.8999999761581421
KAVSAD,PURROK,0.8999999761581421
KAVSEH,PURROK,0.8999999761581421
KAVSEH,WEDNUQ,0.8999999761581421
KAVSIL,TAQGEZ,1.0
KAVSIL,NESGAV,0.5153846144676208
KAVSIL,TUFWUN,0.8999999761581421
KAVTIM,WEMLAD,0.8999999761581421
KAVTIM,PITPEP,0.8999999761581421
KAVTIM,LIVLEJ,0.8999999761581421
KAVTIM,WEMMEI,0.8999999761581421
KAVTUY,ZIWRIJ,0.8999999761581421
KAVTUY,OYIHAH,0.8999999761581421
KAVTUY,WEBVIK,0.8999999761581421
KAWBOB,PANYOU,0.8999999761581421
KAWBOB,TOHYOF,0.8999999761581421
KAWBOB,TOHZAS,0.8999999761581421
KAWHEY,YUZPOA,0.7685714364051819
KAWHEY,ZELQAK,0.7249999642372131
KAWHEY,YUZPIU,0.7000000476837158
KAWHEY,NATKIF,0.6631578803062439
KAWHEY,NATKOL,0.6631578803062439
KAWHEY,XICJIF,0.5199999809265137
KAWHOI,REMJOJ,0.8999999761581421
KAWHOI,MELJET01,0.8999999761581421
KAWHOI,MOGNAY,0.8999999761581421
KAWNED,KAWPOP,1.0
KAWNED,KAWPUV,1.0
KAWNED,KAWPIJ,0.7428571581840515
KAWNED,KAWPEF,0.7428571581840515
KAWNON,LEZSOB,0.6206896305084229
KAWNON,XEKDAU,0.49705880880355835
KAWNON,XEKCUN,0.49705880880355835
KAWPEF,KAWPIJ,1.0
KAWPEF,KAWPOP,0.7428571581840515
KAWPEF,KAWPUV,0.7428571581840515
KAWPIJ,KAWPOP,0.7428571581840515
KAWPOP,KAWPUV,1.0
KAWTOT,XEVHOW,0.8999999761581421
KAWTOT,XEVHIQ,0.8999999761581421
KAWTOT,MOJPAE,0.8999999761581421
KAXJOL,KAXJUR,1.0
KAXJOL,KAXKAY,0.8999999761581421
KAXJOL,KAXKIG,0.8999999761581421
KAXJUR,KAXKAY,0.8999999761581421
KAXJUR,KAXKEC,0.8999999761581421
KAXKAY,KAXKIG,0.8999999761581421
KAXKAY,KAXKEC,0.8999999761581421
KAXKEC,KAXKIG,0.8999999761581421
KAXQIL,QUXRIM,1.0
KAXQIL,QUXRAE,1.0
KAXQIL,OKAYAC,1.0
KAXQIL,NIKCOB,0.5344827771186829
KAXQOR,QUXRIM,1.0
KAXQOR,QUXRAE,1.0
KAXQOR,OKAYAC,1.0
KAXQOR01,QUXRIM,1.0
KAXQOR01,QUXRAE,1.0
KAXQOR01,OKAYAC,1.0
KAYBAO,XEVGOV,1.0
KAYBAO,KAYBAO01,1.0
KAYBAO,PEXTES,1.0
KAYBAO,RAHXEE,0.8999999761581421
KAYBAO01,XEVGOV,1.0
KAYBAO01,WUKFAL,0.8999999761581421
KAYBAP,KAYBIX,1.0
KAYBAP,KAYBET,1.0
KAYBAP,WUKFEP,0.8999999761581421
KAYBAP,WUKFAL,0.8999999761581421
KAYBAP,XEVHOW,0.8999999761581421
KAYBES,XEVHEM,1.0
KAYBES,SISFAD01,0.8999999761581421
KAYBES,MOJPAE,0.8999999761581421
KAYBES,SALBOX,0.8999999761581421
KAYBES,WUKFEP,0.8999999761581421
KAYBET,KAYBIX,1.0
KAYBET,WUKFAL,0.8999999761581421
KAYBET,SALBOX,0.8999999761581421
KAYBET,XEVGUB,0.8999999761581421
KAYBIX,WUKFAL,0.8999999761581421
KAYBOD,KAYBUJ,1.0
KAYBOD,NEVVAM,0.8999999761581421
KAYBUI,XEVGUB,1.0
KAYBUI,OXAZIX,0.8999999761581421
KAYBUJ,NEVVAM,0.8999999761581421
KAYCAQ,VAQTAK,0.8999999761581421
KAYCIY,WUZKUY,0.8999999761581421
KAYCIY,REWTUL,0.8999999761581421
KAYCIY,SOQRUM,0.8999999761581421
KAYREK,RUKDOS,0.48571428656578064
KAYREK,WUPVAG,0.48571428656578064
KAYREK,UKIBUN,0.48571428656578064
KAZCOD,POPICR01,0.48181816935539246
KAZCOD,POPICR15,0.48181816935539246
KAZCOD,POPICR14,0.48181816935539246
KAZXEQ,XIJJEH,0.8999999761581421
KAZXEQ,SENSAI,0.8590908646583557
KAZXEQ,SENSIQ,0.8590908646583557
KAZXEQ,RUJMAM,0.7923077344894409
KDGLUC01,RUQSAX,1.0
KEBBAW,SAHDAH,0.44137927889823914
KEBBAW,UBUBIF,0.35357141494750977
KEBDIG,YOYPUZ,1.0
KEBDIG,YOYPOT,1.0
KEBDIG,YOYQAG,1.0
KEBDIG,YOYPIN,1.0
KEBDIG,YOYQEK,1.0
KEDJAG,KEDJAG13,1.0
KEDJAG,KEDJAG11,1.0
KEDJAG,KEDJAG21,1.0
KEDJAG01,KEDJAG15,1.0
KEDJAG01,KEDJAG11,1.0
KEDJAG01,KEDJAG21,1.0
KEDJAG02,KEDJAG15,1.0
KEDJAG02,KEDJAG11,1.0
KEDJAG02,KEDJAG21,1.0
KEDJAG03,KEDJAG15,1.0
KEDJAG03,KEDJAG11,1.0
KEDJAG03,KEDJAG21,1.0
KEDJAG05,KEDJAG15,1.0
KEDJAG05,KEDJAG11,1.0
KEDJAG05,KEDJAG21,1.0
KEDJAG07,KEDJAG15,1.0
KEDJAG07,KEDJAG11,1.0
KEDJAG07,KEDJAG21,1.0
KEDJAG09,KEDJAG15,1.0
KEDJAG09,KEDJAG11,1.0
KEDJAG09,KEDJAG21,1.0
KEDJAG11,KEDJAG15,1.0
KEDJAG11,KEDJAG21,1.0
KEDJAG11,KEDJAG13,1.0
KEDJAG11,KEDJAG17,1.0
KEDJAG11,KEDJAG19,1.0
KEDJAG11,KEDJAG23,1.0
KEDJAG11,KEDJAG25,1.0
KEDJAG11,KEDJAG27,1.0
KEDJAG11,KEDJAG29,1.0
KEDJAG11,KIRFIA,1.0
KEDJAG13,KEDJAG15,1.0
KEDJAG13,KEDJAG21,1.0
KEDJAG13,KEDJAG17,1.0
KEDJAG13,KEDJAG19,1.0
KEDJAG13,KEDJAG23,1.0
KEDJAG13,KEDJAG25,1.0
KEDJAG13,KEDJAG27,1.0
KEDJAG13,KEDJAG29,1.0
KEDJAG13,KIRFIA,1.0
KEDJAG15,KEDJAG21,1.0
KEDJAG17,KEDJAG21,1.0
KEDJAG17,MAKSAT,0.8999999761581421
KEDJAG19,KEDJAG21,1.0
KEDJAG19,KEDJAG23,1.0
KEDJAG19,KEDJAG25,1.0
KEDJAG19,KEDJAG27,1.0
KEDJAG19,KEDJAG29,1.0
KEDJAG19,KIRFIA,1.0
KEDJAG19,NAVYOA,0.8999999761581421
KEDJAG19,OHUVIY,0.8999999761581421
KEDJAG21,MAKSAT,0.8999999761581421
KEDJAG21,WEMDOJ,0.8999999761581421
KEDJAG25,KHOXAL03,0.8999999761581421
KEDJAG25,KHOXAL12,0.8999999761581421
KEDJAG27,KHOXAL03,0.8999999761581421
KEDJAG27,KHOXAL12,0.8999999761581421
KEDJEL,ZALLEG,1.0
KEDJEL,SAQQAD,1.0
KEDQAN,VAGMEX,1.0
KEDQAN,UWAGAB05,1.0
KEDQAN,WIMLIQ,0.6625000238418579
KEDWIC,LOSXIC,1.0
KEDWIC,SORXAA,0.8999999761581421
KEDWIC,NUFYIX,0.621052622795105
KEDWOI,VIFPUY02,1.0
KEDWOI,VIFPUY01,1.0
KEDWOI,LOQLEJ,1.0
KEDZIF,VAKLIF,1.0
KEDZIF,QUSBIQ,1.0
KEDZIF,UKEBOD,0.5320000052452087
KEDZIF,XEFGUN,1.0
KEDZIF,XEFGUN01,1.0
KEDZIF,YINPEQ,1.0
KEFBEE,KEFBII,1.0
KEFBEE,KEFBOO,1.0
KEFBEE,SOTXIK,0.8999999761581421
KEFBEE,TOVHET,0.8999999761581421
KEFBEE,VUJBEI,0.9526315927505493
KEFBEE,YODWOF,0.7749999761581421
KEFBII,KEFBOO,1.0
KEFBII,MUDTAH,0.9526315927505493
KEFBII,SOTXIK,0.8999999761581421
KEFBOO,MUDTAH,0.9526315927505493
KEFBOO,VUJBEI,0.9526315927505493
KEFFEI,KEFFEI01,1.0
KEFFEI,LOJQUY,1.0
KEFWAV,KEFWEZ,1.0
KEFWAV,VUKSIF,0.8999999761581421
KEFWAV,XIFHIF,0.8999999761581421
KEFWEZ,YUSWEQ,0.8999999761581421
KEFWEZ,VUKSIF,0.8999999761581421
KEFZOM,UVINAP,1.0
KEFZOM,POSGUB,0.7000000476837158
KEFZOM,TIXCIO,0.6428571343421936
KEGBII,XESGAE,1.0
KEGBIK,UDIWOW,0.8999999761581421
KEGBIK,UDIWUC,0.583783745765686
KEGKUF,QEMGOH,1.0
KEGKUF,QEMGIB,1.0
KEGKUF,UGAGIV,0.8999999761581421
KEGTEY,TIDTIM,0.8999999761581421
KEGTEY,LEYGOO,0.8999999761581421
KEGTEY,TUMQOJ,0.550000011920929
KEGYAX,KEGYEB,1.0
KEGYAX,PASNAA01,0.8999999761581421
KEGYAX,XISTEA,0.8999999761581421
KEGYEB,PASNAA01,0.8999999761581421
KEGYEB,PELSAA,0.30000001192092896
KEGYEB,XISTIE,0.8999999761581421
KEHDOS,WEJWAL,1.0
KEHDOS,TUGSOE,0.8999999761581421
KEHDOS,UJUXOM,0.20000000298023224
KEHFUA,KEHGAH,0.8999999761581421
KEHFUA,KEHGIP,0.7631579041481018
KEHFUA,KEHGOV,0.6631578803062439
KEHGAH,KEHGOV,0.7631579041481018
KEHGAH,KEHGIP,0.6631578803062439
KEHGAH,KEHGEL,0.6631578803062439
KEHGEL,KEHGOV,0.8999999761581421
KEHGEL,KEHGIP,0.8999999761581421
KEHGIP,KEHGOV,0.8999999761581421
KEHLER,SIBDEO,0.8999999761581421
KEHLER,RAXYOF,0.8999999761581421
KEHLER,KODSUT,0.6749999523162842
KEHWAY,KEHWEC,1.0
KEHWAY,KEHWAY03,1.0
KEHWAY,KEHWAY01,1.0
KEHWAY,KEHWAY02,1.0
KEHWAY01,KEHWEC,1.0
KEHWAY01,KEHWAY03,1.0
KEHWAY02,KEHWEC,1.0
KEHWAY02,KEHWAY03,1.0
KEHWAY03,KEHWEC,1.0
KEJBOQ,SIVVAW,1.0
KEJBOQ,WEBKIX,1.0
KEJBOQ,WEBKOD,1.0
KEJBOQ,WEBLAQ,1.0
KEJHIQ,SIVVAW,1.0
KEJKAO,KEJKES,1.0
KEJKAO,KEPKUO,0.8999999761581421
KEJKAO,XEXPUN,0.8999999761581421
KEJKAO,KEPKEY,0.8999999761581421
KEJKES,KEPKUO,0.8999999761581421
KEJKES,XEXPUN,0.8999999761581421
KEJWAY,VEDFUH,1.0
KEJWAY,VEDFER,1.0
KEKHUG,KEKLEU,0.8999999761581421
KEKHUG,KEKLIY,0.8999999761581421
KEKHUG,KEKMOF,0.8999999761581421
KEKHUG,TEGLUM,0.8999999761581421
KEKLEU,KEKMOF,1.0
KEKLEU,KEKLIY,0.8999999761581421
KEKLEU,TEGLUM,0.8999999761581421
KEKLIY,TEGLUM,0.8999999761581421
KEKLIY,KEKMOF,0.8999999761581421
KEKMOF,TEGLUM,0.8999999761581421
KEKRIE,YAVSIA,0.8999999761581421
KEKRIE,WODVOB,0.8999999761581421
KEKRIE,YAVVUP,0.8999999761581421
KEKRIE,XIZXEK,0.47045451402664185
KEKRIE,YAVVID,0.8999999761581421
KELCAI,ZIWRIJ,1.0
KELCAI,ZIWRUV,1.0
KELCAI,ZIZTOT,1.0
KELCAI,WEBVAC,0.8999999761581421
KELFUF,ZIWRIJ,1.0
KELFUF,ZIWRUV,1.0
KELFUF,ZIZTOT,1.0
KELJAN,YEMGED,1.0
KELJAN,LETDOE,1.0
KELJER,YEMGED,1.0
KELJER,LETDOE,1.0
KELJER,QALHAO,1.0
KELJER,QALHES,1.0
KELJER,VIRPOC,0.8999999761581421
KELJIV,YEMGED,1.0
KELJIV,LETDOE,1.0
KELJIV,ODUMIK,1.0
KELZIM,PUKTAR,0.8999999761581421
KELZIM,PUKSUK,0.8999999761581421
KELZIM,PUKTEV,0.8999999761581421
KELZIM,PUKSOE,0.8999999761581421
KELZIM,PUKTIZ,0.8999999761581421
KELZIM,SOHBUO,0.44999998807907104
KENKOE,WEVYEE,1.0
KENKOE,RABWAS,0.8999999761581421
KENSEE,KEPFIX,1.0
KENSEE,KENSEE04,1.0
KENSEE,KEPFIX04,1.0
KENSEE01,KEPFIX,1.0
KENSEE01,KENSEE04,1.0
KENSEE01,KEPFIX04,1.0
KENSEE02,KEPFIX,1.0
KENSEE02,KENSEE04,1.0
KENSEE02,KEPFIX04,1.0
KENSEE03,KEPFIX,1.0
KENSEE03,KENSEE04,1.0
KENSEE03,KEPFIX04,1.0
KENSEE03,KENSEE05,1.0
KENSEE03,KEPFIX01,1.0
KENSEE03,KEPFIX02,1.0
KENSEE03,KEPFIX03,1.0
KENSEE03,KEPFIX05,1.0
KENSEE04,KEPFIX,1.0
KENSEE04,KEPFIX04,1.0
KENSEE05,KEPFIX,1.0
KENSEE05,KEPFIX04,1.0
KENSEE05,KEPFIX01,1.0
KENSEE05,KEPFIX02,1.0
KENSEE05,KEPFIX03,1.0
KENSEE05,KEPFIX05,1.0
KENTEF,KENVOR02,1.0
KENTEF,KENVIL01,1.0
KENTEF,KENTEF05,0.5400000214576721
KENTEF01,KENVIL,1.0
KENTEF01,KENTEF05,1.0
KENTEF01,KENVOR01,1.0
KENTEF02,KENVIL,1.0
KENTEF02,KENTEF05,1.0
KENTEF02,KENVOR01,1.0
KENTEF03,KENVIL,1.0
KENTEF03,KENTEF05,1.0
KENTEF03,KENVOR01,1.0
KENTEF04,KENVIL,1.0
KENTEF04,KENTEF05,1.0
KENTEF04,KENVOR01,1.0
KENTEF04,KENVIL01,0.5400000214576721
KENTEF04,KENVIL02,1.0
KENTEF04,KENVOR,1.0
KENTEF04,KENVOR02,0.5400000214576721
KENTEF04,XOJPIW,0.29499998688697815
KENTEF05,KENVIL,1.0
KENTEF05,KENVOR01,1.0
KENTEF05,KENVIL02,1.0
KENTEF05,KENVOR,1.0
KENVIL,KENVOR01,1.0
KENVIL,XOJPIW,0.29499998688697815
KENVIL01,KENVOR02,1.0
KENVIL02,KENVOR01,1.0
KENVOR,KENVOR01,1.0
KENXUZ,KEPMUQ,1.0
KENXUZ,KEPMUQ01,1.0
KENXUZ,KEPNAX06,1.0
KENYAG,KEPMUQ,1.0
KENYAG,KEPMUQ01,1.0
KENYAG,KEPNAX06,1.0
KENYEK,KEPMUQ,1.0
KENYEK,KEPMUQ01,1.0
KENYEK,KEPNAX06,1.0
KENYIO,KEPMUQ,1.0
KENYIO,KEPMUQ01,1.0
KENYIO,KEPNAX06,1.0
KEPFIX,KEPFIX04,1.0
KEPFIX01,KEPFIX04,1.0
KEPFIX02,KEPFIX04,1.0
KEPFIX03,KEPFIX04,1.0
KEPFIX03,KEPFIX05,1.0
KEPFIX03,XOJPIW,0.29499998688697815
KEPGAN,KEPMIB,0.8999999761581421
KEPGAN,OGALAK,0.8999999761581421
KEPGAN,OGALAK01,0.8999999761581421
KEPGAN,ZOFXAV,0.8999999761581421
KEPKEY,XEXPUN,1.0
KEPKEY,KEPKUO,1.0
KEPKEY,XIDCEU,0.8999999761581421
KEPKUO,XEXPUN,1.0
KEPLID,XIDCEU,1.0
KEPLID,XEXPUN,0.8999999761581421
KEPMIB,ZOFXAV,1.0
KEPMIB,MIVMUA,0.8999999761581421
KEPMUQ,KEPNAX03,1.0
KEPMUQ,KEPMUQ01,1.0
KEPMUQ,KEPNAX06,1.0
KEPMUQ,KEPMUQ02,1.0
KEPMUQ,KEPMUQ03,1.0
KEPMUQ,KEPMUQ04,1.0
KEPMUQ,KEPMUQ05,1.0
KEPMUQ,KEPMUQ06,1.0
KEPMUQ,KEPMUQ07,1.0
KEPMUQ,KEPMUQ08,1.0
KEPMUQ,KEPNAX,1.0
KEPMUQ,KEPNAX01,1.0
KEPMUQ,KEPNAX02,1.0
KEPMUQ,KEPNAX04,1.0
KEPMUQ,KEPNAX05,1.0
KEPMUQ,KEPNAX07,1.0
KEPMUQ,KEPNAX08,1.0
KEPMUQ01,KEPNAX03,1.0
KEPMUQ01,KEPNAX06,1.0
KEPMUQ02,KEPNAX03,1.0
KEPMUQ02,KEPNAX06,1.0
KEPMUQ03,KEPNAX03,1.0
KEPMUQ03,KEPNAX06,1.0
KEPMUQ04,KEPNAX03,1.0
KEPMUQ04,KEPNAX06,1.0
KEPMUQ05,KEPNAX03,1.0
KEPMUQ05,KEPNAX06,1.0
KEPMUQ06,KEPNAX03,1.0
KEPMUQ06,KEPNAX06,1.0
KEPMUQ07,KEPNAX03,1.0
KEPMUQ07,KEPNAX06,1.0
KEPMUQ08,KEPNAX03,1.0
KEPMUQ08,KEPNAX06,1.0
KEPNAX,KEPNAX03,1.0
KEPNAX,KEPNAX06,1.0
KEPNAX01,KEPNAX03,1.0
KEPNAX01,KEPNAX06,1.0
KEPNAX02,KEPNAX03,1.0
KEPNAX02,KEPNAX06,1.0
KEPNAX02,KEPNAX04,1.0
KEPNAX02,KEPNAX05,1.0
KEPNAX02,KEPNAX07,1.0
KEPNAX02,KEPNAX08,1.0
KEPNAX03,KEPNAX06,1.0
KEPNAX04,KEPNAX06,1.0
KEPNAX05,KEPNAX06,1.0
KEPNAX05,KEPNAX07,1.0
KEPNAX05,KEPNAX08,1.0
KEQDER,UBUMAH,0.8615384697914124
KEQDER,OGEBAF01,0.7615384459495544
KEQLOK,KEQLUQ,1.0
KEQLOK,KEQLUQ01,1.0
KEQLOK,MAGCEE,0.3117647171020508
KEQLOK,MAGCEE01,0.3117647171020508
KEQLUQ,KEQLUQ01,1.0
KEQLUQ,MAGDAB,0.27142858505249023
KEQLUQ01,MAGDAB,0.27142858505249023
KEQMAX,KEQMAX01,1.0
KEQMAX,KEQMAX03,1.0
KEQMAX03,MAKROG,1.0
KEQNOK,QITYOI,0.925000011920929
KEQNOK,LOWREW,0.8999999761581421
KEQNOK,SOWYEK01,0.8999999761581421
KERFOF,LELQOL,0.5139999985694885
KERFOF,OTIBUQ,0.8999999761581421
KERGUM01,KERHEX01,1.0
KERGUM01,KERHAT01,1.0
KERGUM01,KESCAP01,1.0
KERGUM01,TOVKEW,0.7874999642372131
KERHAT01,KERHEX01,1.0
KERHAT01,KESCAP01,1.0
KERHAT01,RAMPIH,0.8999999761581421
KERHEX01,KESCAP01,1.0
KERHEX01,RAMPIH,0.8999999761581421
KERHEX01,TOVKEW,0.7874999642372131
KERTUZ,UTEZOK,0.7352941632270813
KERTUZ,UTIBIK,0.6352941393852234
KESCAP01,RAMPIH,0.8999999761581421
KESFIA,KESFOG,1.0
KESFIA,VASYEW,0.7749999761581421
KESFOG,NASREH,0.6727272868156433
KESFOG,VASYEW,0.7749999761581421
KESFUM,UXIQOJ,1.0
KESFUM,YOZYOD,0.8999999761581421
KESFUM,TIKSUE,0.8999999761581421
KETHEY,KETHEY01,1.0
KETHEY,KETHEY02,1.0
KETHEY,TIXNUL,0.621052622795105
KETHEY01,KETHEY02,1.0
KETHEY01,REFHAN,0.7827585935592651
KETHEY02,TIXNUL,0.621052622795105
KETSEI,NEMXUB,0.8999999761581421
KETSEI,XEDKOJ,0.8999999761581421
KETSEI,POPQIW,0.8999999761581421
KEVBIY,KEVCEV,1.0
KEVBIY,KEVBOE,1.0
KEVBIY,KEVBUK,1.0
KEVBIY,KEVBUK01,1.0
KEVBOE,KEVCEV,1.0
KEVBUK,KEVCEV,1.0
KEVBUK01,KEVCEV,1.0
KEVCIA,LUNJEL,0.8999999761581421
KEVCIA,VETVAS,0.8999999761581421
KEVCIA,NIKHUL,0.8999999761581421
KEVFUO,PEPXIS,1.0
KEVFUO,LATPIG,1.0
KEVKAA,KIKTIK,1.0
KEVKAA,TIHROU,0.8999999761581421
KEVKAA,TIHTUC,0.8999999761581421
KEVKAA,VIXWIJ,0.5447368621826172
KEVKAA,ZATYAX,0.41499999165534973
KEVLEE,SIWJAM,1.0
KEVLEE,KUDJOK,1.0
KEVLEE,VEJYUV06,1.0
KEVLEE,YUWHOO,0.8999999761581421
KEVPEH,KUZSIJ,0.6428571343421936
KEVPEH,OWUVUY,0.28125
KEVRIP,SOGXET,0.8999999761581421
KEVROV,REGLOG,1.0
KEVROV,REGLUM,1.0
KEWXIV,LUGLUU,0.5615384578704834
KEWXIV,NASGEV,0.5615384578704834
KEWYET,ZANQOW,0.8999999761581421
KEWYET,RAKZAE,0.8999999761581421
KEWYET,TATCAV,0.8999999761581421
KEWZET,LIQFIC,1.0
KEWZET,LIQFEY,0.8999999761581421
KEYBOI,KEYBUO,0.8999999761581421
KEYBOI,KEYCAV,0.8999999761581421
KEYBOI,QATHOK,0.692307710647583
KEYBOI,YEFMAA,0.6187499761581421
KEYBUO,KEYCAV,1.0
KEYBUO,QATHOK,0.692307710647583
KEYCAV,QATHOK,0.692307710647583
KEYCAV,YEFMAA,0.6187499761581421
KEYFIF,KEYFUR,1.0
KEYFIF,KEYFIF01,1.0
KEYFIF,LUMQOB,0.6657143235206604
KEYFIF,SAPCOE,1.0
KEYFIF,YAZYUU,0.48571428656578064
KEYFIF01,KEYFUR,1.0
KEYFIF01,LUMQOB,0.6657143235206604
KEYFIF01,SAPCOE,1.0
KEYMEI,SOWTIJ,0.8999999761581421
KEYMEI,UFIMUS,0.8999999761581421
KEYROX,RAMRUV,1.0
KEYROX,SIVGIP,1.0
KEYROX,RAMSAC,1.0
KEYROX,SIVGOV,1.0
KEYROX,TEBSAW,1.0
KEYROX,WIFGOJ,0.8999999761581421
KEYROX,WIFGUP,0.8999999761581421
KEYSEO,XINXAV,1.0
KEYSEO,OSIWOD,0.8999999761581421
KEYSEO,OSIXIY,0.8999999761581421
KEYZEV,TORXAB,1.0
KEYZEV,TORXOP01,1.0
KEYZEV,TUFPOB,1.0
KEYZIZ,VEWHOV,1.0
KEYZIZ,UQOWUU,1.0
KEYZIZ,RAMSAC,0.8999999761581421
KEYZIZ,WOZPEI,0.49130430817604065
KEYZOF,TORXAB,1.0
KEYZOF,TORXOP01,1.0
KEYZOF,TUFPOB,1.0
KEYZOF,LAQJUI,0.8999999761581421
KEYZOF,LAQKAP,0.8999999761581421
KEYZOF,WAQRAI,0.8999999761581421
KEYZUL,TORXAB,1.0
KEYZUL,TORXOP01,1.0
KEYZUL,TUFPOB,1.0
KEYZUL,ZEZFUH,0.8999999761581421
KEZBAU,TORXAB,1.0
KEZBAU,TORXOP01,1.0
KEZBAU,TUFPOB,1.0
KEZBAU,LAQJUI,0.8999999761581421
KEZBAU,LAQKAP,0.8999999761581421
KEZBAU,TORXIJ,1.0
KEZBAU,TORXOP,1.0
KEZBAU,ZEZFUH,0.8999999761581421
KEZGII,UNUNEY,1.0
KEZGII,LICGOW,0.8999999761581421
KEZGII,XIXCOZ,0.8999999761581421
KEZGII,RIBSED,0.8999999761581421
KEZGII,WOBQEL,0.8999999761581421
KEZLIN,MIRGIG,1.0
KEZLIN,LUWNAU,0.9142857193946838
KEZLIN,UMIZEX,0.9142857193946838
KHMALA03,UGIXOZ,0.8999999761581421
KHMALA03,PUNCUX,0.8999999761581421
KHOXAL03,KHOXAL12,1.0
KHOXAL03,ROMTET,0.3812499940395355
KHOXAL12,ROMTET,0.3812499940395355
KIBXEZ,KIBXID,1.0
KIBXEZ,KIBXOJ,1.0
KIBXEZ,KIBYAW,0.6586206555366516
KIBXEZ,LEDWUN,0.550000011920929
KIBXID,KIBXOJ,1.0
KIBXID,KIBYAW,0.6586206555366516
KIBXID,LEDWUN,0.550000011920929
KIBXOJ,KIBYAW,0.6586206555366516
KIBXOJ,KIBXUP,0.6586206555366516
KIBXOJ,KIBYEA,0.6586206555366516
KIBXUP,KIBYEA,1.0
KIBXUP,KIBYAW,1.0
KIBYAW,KIBYEA,1.0
KICVIC,REVYUO,0.8999999761581421
KICVIC,XANMUX,0.40909090638160706
KIDLAL,YIKGEF,0.8999999761581421
KIDLAL,UDOQIQ,0.8999999761581421
KIDLAL,YORZEL,0.8999999761581421
KIDLOZ,OFEHAK,0.3204081654548645
KIDLOZ,ZESVEB,0.3142857253551483
KIDLOZ,OKILAW,0.3062500059604645
KIDVIE,KULPUD,1.0
KIDVIE,YEBLAT,1.0
KIDVIE,MIZQOB,1.0
KIFGAJ,NOFRAC,1.0
KIFJOZ,VIWXUU,0.8999999761581421
KIFJOZ,PEYCON,0.8999999761581421
KIFJOZ,PEYDAA,0.8999999761581421
KIFJOZ,TAYZIC,0.317241370677948
KIFKAM,NOCKOG,1.0
KIFKAM,XUDSEU,1.0
KIFKAM,SURJOG,0.8999999761581421
KIFKEQ,ROLZAU,1.0
KIFKEQ,OGEQAU,0.8999999761581421
KIFKEQ,SAQQOR,0.8999999761581421
KIHFOZ,XIGXAO,1.0
KIHFOZ,VIPCUV,0.8999999761581421
KIHTED,WIZMAV08,0.8999999761581421
KIHTIF,MODDEP,0.8999999761581421
KIHTIF,QEHJUJ,0.8999999761581421
KIHTIF,SESDIE,0.8999999761581421
KIHTOL,KIHTOL01,1.0
KIHTOL,SESDEA01,0.8999999761581421
KIHTOL,MODDEP,0.8999999761581421
KIHTOL01,SESDEA01,0.8999999761581421
KIHTOL01,QEHJIX,0.8999999761581421
KIHTOL01,QEHJUJ,0.8999999761581421
KIHTOL01,SESDEA,0.8999999761581421
KIHTUR,SESDIE,0.8999999761581421
KIHTUR,QEHJIX,0.8999999761581421
KIHTUR,SEMGAV,0.45454543828964233
KIHXUX,TUHSOG,1.0
KIHXUX,NIKJIB,0.8999999761581421
KIHXUX,ZIYWIQ,0.8999999761581421
KIHXUX,LELQOL,0.414000004529953
KIHXUX,WAWGOQ,0.8999999761581421
KIJKIA,NAYXOC,1.0
KIJKOG,UKAQIH,1.0
KIJKOG,UKAPUS,0.8999999761581421
KIJRUS,QOWRAV04,1.0
KIJRUS,YUSWEP,0.7749999761581421
KIJVOR,XIFHIF,1.0
KIJVOR,SALXIP,0.8999999761581421
KIJVUX,YICNEG,1.0
KIJVUX,XOPLUL,0.8999999761581421
KIJVUX,LARNEA,0.8999999761581421
KIJVUX,PIBZUY,0.8999999761581421
KIJVUX,PICBAH,0.8999999761581421
KIKBEN,TABFOT,0.781818151473999
KIKBEN,KIKHAP,0.7617647051811218
KIKBEN,KIKBIR,0.6307692527770996
KIKBEN,MAFBOM,0.6818181276321411
KIKBEN,MAFBUS,0.6818181276321411
KIKBIR,TABFOT,0.6307692527770996
KIKFIV,NABVAQ,0.8999999761581421
KIKFIV,ZEFDOG,0.8999999761581421
KIKHAP,TABFOT,0.7617647051811218
KIKMAV,REQDIB,1.0
KIKMAV,VUDQOB,1.0
KIKMAV,VALVAI,1.0
KIKRAA,PEKZIP,1.0
KIKRAA,LETVUB,1.0
KIKRAA,ZIBRAD,1.0
KIKRAA,LIFKOC,0.43157893419265747
KIKRAA,VIYHUI,1.0
KIKRAA,XIQZIH,1.0
KIKTIK,RERVIW,0.8999999761581421
KIKTIK,ZATYAX,0.41499999165534973
KILJEV,TOBHAT,0.6684210300445557
KINFAQ,KINFEU,1.0
KINGUM,SURHEU02,1.0
KINGUM,SURJOG,1.0
KINGUM,RUBTAK09,1.0
KINNAY,KINNEC,1.0
KINNAY,KINNIG,1.0
KINNAY,KINNOM,1.0
KINNAY,KINNUS,1.0
KINNAY,RAHTAV,0.8999999761581421
KINNEC,RAHTAV,0.8999999761581421
KINNOM,RAHTAV,0.8999999761581421
KIPYIU,YEKXOD,0.8999999761581421
KIPYIU,YEKYAQ,0.8999999761581421
KIPYIU,YEKXUJ,0.8999999761581421
KIPZAM,VOCQAF,1.0
KIPZAM,KIPZIU,1.0
KIPZAM,MUQNOC,0.8999999761581421
KIPZIU,VOCQAF,1.0
KIPZIU,MUQNOC,0.8999999761581421
KIPZUH,POXBAH,0.27000001072883606
KIQNAC,PIVHEK,0.551612913608551
KIQNAC,PIVHIO,0.551612913608551
KIQZIW,URIWOJ,0.4176470637321472
KIQZIW,KOGBUF,0.38285714387893677
KIRFOI,ZIFZUM,0.8999999761581421
KIRFOI,ZIFZOG,0.8999999761581421
KIRFOI,TAXLIQ01,0.7874999642372131
KIRKIH,RECJAM,0.9035714268684387
KIRKIH,RECHUE,0.9035714268684387
KIRKIH,SIVXAY,0.8999999761581421
KIRKIH,SIVWUR,0.8999999761581421
KITZAR,YURCOF,0.8999999761581421
KITZAR,UXACAY,0.8999999761581421
KITZAR,TEQLAE,0.8999999761581421
KITZAR,UXACEC,0.8999999761581421
KIVKEI,WUDXUP,0.5785713791847229
KIVVOC,VIKPAI,0.3333333134651184
KIVVOC,XUNVEJ,0.7157894968986511
KIVZAR,OJOQEJ01,1.0
KIVZAR,OJOQEJ02,1.0
KIVZAR,ZEBHOG,0.8999999761581421
KIXBOL,TOHMIO,0.8999999761581421
KIXBOL,XIYQUU,0.8999999761581421
KIXSAN,VESBEC,0.8999999761581421
KIXSAN,QUHMEN,0.8999999761581421
KIXSAN,VESCED01,0.8999999761581421
KIXSAN,QUHMOX,0.8999999761581421
KIXXOG,XINPOC,1.0
KIXXOG,KIXXOG01,1.0
KIXXOG,QUZZES,0.8999999761581421
KIXXOG,MEGNUJ,0.8999999761581421
KIXXOG01,XINPOC,1.0
KIXXOG01,QUZZES,0.8999999761581421
KIXXOG01,MEGPAR,0.8999999761581421
KIXXOG01,TOWMUP,0.8999999761581421
KIYBEZ01,WIMPAJ,0.6823529601097107
KIYBEZ01,WIMPEN,0.5823529362678528
KIYCIH,KIYCON,1.0
KIYCIH,NIMVOW,0.8999999761581421
KIYCIH,NIMVUC,0.8999999761581421
KIYCIH,WORNEY,0.8999999761581421
KIYCOL,POKWUI,0.3700000047683716
KIYCOL,VINWOH,0.34545454382896423
KIYCOL,NUCBIW,0.2846153974533081
KIYCON,NIMVOW,0.8999999761581421
KIYCON,WORNEY,0.8999999761581421
KIYMAI,TIGZAN,1.0
KIYMAI,KIYMAI01,1.0
KIYMAI,VUXGOM,1.0
KIYMAI01,TIGZAN,1.0
KIYMAI01,VUXGOM,1.0
KIYMEM,KIYMEM01,1.0
KIYMEM,MINFIB,0.8999999761581421
KIYMEM,MINNEF,0.8999999761581421
KIYMEM01,MINFIB,0.8999999761581421
KIYMEM01,MINNEF,0.8999999761581421
KIYMEM01,NIDCOS,0.5875000357627869
KIYMIQ,LEKGOY,0.8999999761581421
KIYMIQ,XINPOC,0.8999999761581421
KIYMIQ,MEGPEV,0.8999999761581421
KIYMIQ,LILQEC,0.33478260040283203
KIYMIQ,QOLFIH,0.8999999761581421
KIYQEQ,KIYQOA,1.0
KIYQIU,KIYQOA,1.0
KIYQIU,RAHXEE,0.8999999761581421
KIYZID,KIYZID01,1.0
KIYZID,KIZBEC01,1.0
KIYZID,KIYZID03,1.0
KIYZID,KIYZID02,1.0
KIYZID01,KIZBEC01,1.0
KIYZID01,KIYZID03,1.0
KIYZID02,KIZBEC01,1.0
KIYZID02,KIYZID03,1.0
KIYZID03,KIZBEC01,1.0
KIZCOO,WIFROV,0.5727272629737854
KIZCOO,XILLIP,0.5727272629737854
KIZCOO,XILLEL,0.5727272629737854
KIZCOO,YEPCUS,0.32499998807907104
KIZQAO,NOCLOH02,1.0
KIZQAO,NOCLOH,1.0
KIZQAO,QISFUV,0.7000000476837158
KIZQAO,SEVROC,1.0
KNTMET01,VOTXIN,0.8999999761581421
KNTMET01,SEYKUD,0.8999999761581421
KNTMET01,MURRIB,0.3863636255264282
KNTMET01,OJENUO,0.3842104971408844
KNTMET01,QIRGED,0.36249998211860657
KOBFIR,SISWUO,1.0
KOBFIR,RBTCNQ12,0.8999999761581421
KOBGAK,NIPROU,0.8999999761581421
KOBGAK,KUNKEK,0.5909091234207153
KOBGAK,XULQEA,0.5275862216949463
KOBGOY02,OSILOS,1.0
KOBGOY02,TOHRUF01,0.8999999761581421
KOBGOY02,MACUFR16,0.19374999403953552
KOBMAS,TAXLIQ01,0.8999999761581421
KOBMAS,XIVVUW,0.8999999761581421
KOBMAS,SIJCUM,0.8999999761581421
KOBMAS,TAXLIQ,0.8999999761581421
KOBMAS,ZIFZUM,0.7874999642372131
KOBPIB,KOBPOH,1.0
KOBPIB,VIRCEF,1.0
KOBPIB,RULNOC,0.8999999761581421
KOBPIB,KOBPUN,0.8999999761581421
KOBPOH,VIRCEF,1.0
KOBPOH,RULNOC,0.8999999761581421
KOBPUN,OHAZAZ,1.0
KOBPUN,VIRCEF,0.8999999761581421
KOCCUC,TOVJEV,0.8999999761581421
KOCDOX,SATRIP,1.0
KOCDOX,XOTGUI,1.0
KOCDOX,WEMDID,1.0
KOCWAB,KOCWEF,1.0
KOCWAB,OGURAK,0.8999999761581421
KOCWAB,OYIVOI,0.8999999761581421
KODKIZ,PASNAA01,1.0
KODKIZ,PASNAA,1.0
KODKIZ,LUKQEN,0.8999999761581421
KODKIZ,VIKKUY,0.4000000059604645
KODKIZ,XISTEA,0.8999999761581421
KODPUP,OCUGEZ01,1.0
KODPUP,OCUGEZ,1.0
KODPUP,MOLTAJ,0.8999999761581421
KODSUT,WATNIR,0.7499999403953552
KODSUT,SIBDEO,0.6749999523162842
KODSUT,LEDWUN,0.6192307472229004
KODSUT,PAWXIX,0.6206896305084229
KODSUT,RAXYOF,0.6749999523162842
KOFRUT,KUQCIJ,0.8999999761581421
KOFRUT,WOCHUS,0.8999999761581421
KOGBUF,ZAKWOA,0.36590906977653503
KOGBUF,QUTBOY,0.3656249940395355
KOGCAL,TEHCAM,0.8999999761581421
KOGCAL,SISFAD01,0.8999999761581421
KOGCAL,UHISIO,0.8999999761581421
KOGCAL,SISFAD,0.8999999761581421
KOGCAL,WUCWIC,0.7333333492279053
KOGCIT,XEVHAI,1.0
KOGGET,YETQOG,1.0
KOGGET,UTONEX,0.8999999761581421
KOGGET,XADGIU,0.8999999761581421
KOGGET,XADGOA,0.8999999761581421
KOGHEU,SEJTAD,0.8999999761581421
KOGYIP,PEKZIP,1.0
KOGYIP,LETVUB,1.0
KOGYIP,ZIBRAD,1.0
KOGYIP,LIRVAK,1.0
KOGYIP,MIRNOR,1.0
KOGYIP,MIRNOR01,1.0
KOGYIP,OJOQAF,1.0
KOGYIP,OJOQAF01,1.0
KOGYIP,OJOQAF02,1.0
KOGYIP,OJOQAF03,1.0
KOGYIP,RAGREY,1.0
KOGYIP,XIQZIH,1.0
KOGYIP,YUZJOU,1.0
KOGYOV,XALTUA,1.0
KOGYOV,PERMEH,1.0
KOGYOV,ODAHIK,0.8499999642372131
KOHBUF,LALYOO,0.4558139443397522
KOHDIW,KOHLIE,1.0
KOHDIW,TOVJUL,0.8999999761581421
KOHLIE,TOVJUL,0.8999999761581421
KOHRIK,KOHROQ,0.8999999761581421
KOHRIK,KOHSAD,0.8999999761581421
KOHRIK,KOHRUW,0.8999999761581421
KOHRIK,KOHSEH,0.8999999761581421
KOHROQ,KOHSAD,0.8999999761581421
KOHROQ,KOHRUW,0.8999999761581421
KOHROQ,KOHSEH,0.8999999761581421
KOHRUW,KOHSEH,0.8999999761581421
KOHRUW,KOHSAD,0.8999999761581421
KOHSAD,KOHSEH,0.8999999761581421
KOHSEH,TOWMID,0.2760869562625885
KOJCUI,OQEPEG,0.5885714292526245
KOJCUI,NIRTAM,0.5724999904632568
KOJCUI,NIRTEQ,0.5724999904632568
KOJMED,YICGOJ,0.8999999761581421
KOJMED,LIWYOG,0.8999999761581421
KOJMED,NEZQER,0.7954545021057129
KOJZEP,PICWOP,0.5821428298950195
KOJZEP,SOSQEY01,0.5821428298950195
KOJZEP,KOJZOZ,0.565517246723175
KOJZOZ,WAKHUO,0.8999999761581421
KOJZOZ,PICWOP,0.6192307472229004
KOJZUF,RIQVOD,0.5625
KOJZUF,RIQVUJ,0.5625
KOKCUJ,XEHGUO,1.0
KOKCUJ,XEHGIC,1.0
KOKCUJ,KOKDAQ,1.0
KOKCUJ,XEHGOI,1.0
KOKDAQ,XEHGUO,1.0
KOKDAQ,XEHGIC,1.0
KOKKIF,XIVMEW01,1.0
KOKKIF,XIVMEW,1.0
KOKKIF,KOKKOL,1.0
KOKKOL,XIVMEW01,1.0
KOKKOL,XIVMEW,1.0
KOKSIO,RANZAH,0.5114285945892334
KOKSIO,RANYOU,0.5114285945892334
KOLLON,OGOVIQ,0.44137927889823914
KOLLON,RUWZAK,0.3681817948818207
KOLLON,OGOVEM,0.3413792848587036
KOLPOR,LANCOU,1.0
KOLPOR,KOLPUX,0.8999999761581421
KOLPOR,TANKIE,0.8999999761581421
KOLPOR,QAJFOY,0.8999999761581421
KOLPOR,UDOQIQ,0.8999999761581421
KOLPOR,YORZEL,0.8999999761581421
KOLPOR,YOTXOW,0.8999999761581421
KOLPUX,UMUTOM,1.0
KOLQAE,YORZEL,0.8999999761581421
KOLQAE,UMUTOM,0.8999999761581421
KOLQEI,LEHTID,0.8999999761581421
KOLQEI,QITVOF,0.695454478263855
KOLQIM,QIHMUS,0.8999999761581421
KOLWUE,YELYOE,1.0
KOLWUE,VERQOZ,1.0
KOLWUE,UFARUP,1.0
KOLWUE,WEMDAV,0.8999999761581421
KOLYUH,OQIQUB01,0.41224488615989685
KOMCOG,TEXWOL,1.0
KOMCOG,NIQDOJ,1.0
KOMFUO,URUZAK,1.0
KOMFUO,KOMGAV,1.0
KOMFUO,WELTUD,1.0
KOMGAV,URUZAK,1.0
KOMGAV,WELTUD,1.0
KOMGEZ,KOMGID,1.0
KOMGEZ,URUZIS,0.8999999761581421
KOMGID,URUZIS,0.8999999761581421
KOMJAY,XUHJEQ01,0.8999999761581421
KOMVIT,YIVPOJ,0.4648648500442505
KOMVIT,YIDJAX01,0.4648648500442505
KOMVIT,YIDJAX,0.4648648500442505
KONBOF,LEHTID,1.0
KONBOF,YORZEL,0.8999999761581421
KONFEA,KONFIE,0.8999999761581421
KONFEA,ODONUR,0.8999999761581421
KONFEA,ODONOL,0.8999999761581421
KONFIE,ODONOL,0.8999999761581421
KONFIE,ODONUR,0.8999999761581421
KOQXUL,NAMDOV,1.0
KOQXUL,KUGQOT,1.0
KOQXUL,OHIHUJ,1.0
KORLAE,VABJIS,0.40909090638160706
KORLAE,VABJUE,0.40909090638160706
KORMOV,KORMUB,1.0
KORMOV,QOKBUO,0.9333333373069763
KORMOV,RAJFAL,0.8999999761581421
KORMUB,QOKBUO,0.9333333373069763
KORMUB,PAMTUU,0.8999999761581421
KOSFOP,KOTBIG,1.0
KOSFUV,KOSGEG,1.0
KOSFUV,KOTDII,1.0
KOSFUV,KOSGOQ,1.0
KOSGAC,PESTAK02,1.0
KOSGAC,PESTAK01,1.0
KOSGAC,PESTAK,1.0
KOSGEG,KOTDII,1.0
KOSGEG,KOSGOQ,1.0
KOSGIK,PESSUD,1.0
KOSGIK,PESSUD01,1.0
KOSGIK,PESSUD02,1.0
KOSGIK,KOTCUT,0.8999999761581421
KOSGIK,KOTDOO,0.8999999761581421
KOSGOQ,KOTDII,1.0
KOSGOQ,KOTDOO,0.8999999761581421
KOSGUW,KOTDOO,1.0
KOSGUW,PEWDEC,0.8999999761581421
KOSGUW,LIRTEM,0.8999999761581421
KOSGUW,KOTCUT,0.8999999761581421
KOSJAF,KOSKIO01,1.0
KOSJAF,SICRUU,1.0
KOSJAF,KOSJIN,1.0
KOSJAF,WENXOF,0.5625
KOSJEJ,KOSKIO01,1.0
KOSJEJ,SICRUU,1.0
KOSJEJ,KOSJIN,1.0
KOSJEJ,KOSJOT,1.0
KOSJEJ,KOSJUZ,1.0
KOSJEJ,KOSKAG,1.0
KOSJEJ,KOSKEK,1.0
KOSJEJ,KOSLEL,0.8999999761581421
KOSJEJ,KOSMAI,1.0
KOSJIN,KOSKIO01,1.0
KOSJIN,SICRUU,1.0
KOSJIN,KOSLEL,0.8999999761581421
KOSJOT,KOSKIO01,1.0
KOSJOT,SICRUU,1.0
KOSJOT,KOSMAI,1.0
KOSJUZ,KOSKIO01,1.0
KOSJUZ,SICRUU,1.0
KOSJUZ,SICROO,1.0
KOSKAG,KOSKIO01,1.0
KOSKAG,SICRUU,1.0
KOSKAG,SICROO,1.0
KOSKEK,KOSKIO01,1.0
KOSKEK,SICRUU,1.0
KOSKEK,KOSLEL,0.8999999761581421
KOSKIO,KOSLUB,0.8999999761581421
KOSKIO,KOSKUA,0.4000000059604645
KOSKIO,QUVCEQ,0.3414634168148041
KOSKIO01,SICRUU,1.0
KOSKIO01,WENXOF,0.5625
KOSKUA,SARHEA,0.8999999761581421
KOSLAH,VAMRAF,1.0
KOSLAH,VAMQUY,1.0
KOSLIP,KOSLOV,1.0
KOSLIP,KOSLUB,0.40937498211860657
KOSLIP,NASYUD,0.3681817948818207
KOSLOV,KOSLUB,0.40937498211860657
KOSLOV,NASYUD,0.3681817948818207
KOSMAI,SICRUU,1.0
KOTBIG,UHOGEF,0.8999999761581421
KOTBIG,KOTDEE,0.8999999761581421
KOTBOM,KOTBUS,1.0
KOTBOM,LIRPIM,0.8999999761581421
KOTBOM,KOTRES,0.8999999761581421
KOTBUS,LIRPIM,0.8999999761581421
KOTBUS,KOTRES,0.8999999761581421
KOTBUS,KOTDEE,0.8999999761581421
KOTDEE,WIKHAC,0.8999999761581421
KOTPAM,PEWDEC,0.8999999761581421
KOTRES,LIRTUC,0.8999999761581421
KOTRES,PESTAK,0.8999999761581421
KOTRIW,LIRNUW,0.8999999761581421
KOTRIW,UHOGEF,0.8999999761581421
KOVJAI,ZUXPOZ,1.0
KOVJAI,PETWOC,1.0
KOVJAI01,ZUXPOZ,1.0
KOVJAI01,PETWOC,1.0
KOXFOU,KOXGEL,0.8999999761581421
KOXFOU,KOXGIP,0.8999999761581421
KOXFOU,KOXFUA,0.8999999761581421
KOXFUA,KOXGIP,0.8999999761581421
KOXFUA,KOXGEL,0.8999999761581421
KOXFUA,KOXGAH,0.8999999761581421
KOXFUA,SOSSEA,0.4923076927661896
KOXFUA,VUQKUO,0.33571428060531616
KOXGAH,KOXGEL,1.0
KOXGAH,KOXGIP,0.8999999761581421
KOXGEL,KOXGIP,0.8999999761581421
KOXGIP,MIRKIK,0.37551018595695496
KOXGIP,ODAGEI,0.3680850863456726
KOXMAN,XUMMOJ,0.550000011920929
KOXMAN,XUMMEZ,0.550000011920929
KOXMAN,MUHXOE,0.5307692289352417
KOYGOU,LORFUT,0.3368421196937561
KOYGOU,SOJDEB,0.25200000405311584
KOYGOU,XAVRER,0.25200000405311584
KOYHIR,QONKUB,0.8999999761581421
KOYHIR,PANYEK,0.8999999761581421
KOYHIR,NAGSAS,0.71875
KOYHIR,YIJNIR,0.6142857670783997
KOYHIR,YIJNIR01,0.6142857670783997
KOYKIS,WERKUZ,0.4868852496147156
KOYKIS,VERDAA,0.2879999876022339
KOZDEK,SADVEB,0.7269230484962463
KOZDEK,MIQCUL,0.7230769395828247
KOZNEU,MIBQAR12,1.0
KOZNEU,MIBQAR14,1.0
KOZNEU,MIBQAR05,1.0
KOZNEU,MAQDUD,0.8999999761581421
KOZNEU,MAQDUD01,0.8999999761581421
KOZQEX,NIKPUV,0.9653846025466919
KOZQEX,LELDUD,0.9653846025466919
KOZQEX,NIKQIK,0.9653846025466919
KOZSEZ,ZELJIM,0.8999999761581421
KOZSEZ,KOZSID,0.8999999761581421
KOZSEZ,KOZSOJ,0.8999999761581421
KOZSID,ZELJIM,1.0
KOZSID,KOZSOJ,1.0
KOZSOJ,ZELJIM,1.0
KOZSOJ,ZENXEY,0.6850000023841858
KUBXOW,PIHJOH03,0.8999999761581421
KUBXOW,PIHJOH02,0.8999999761581421
KUBXOW,LIJPAX02,0.8999999761581421
KUBXUC,LUXBAI,0.8999999761581421
KUBXUC,LUWZUZ01,0.8999999761581421
KUCDOD,SADVEB,0.699999988079071
KUDJOK,SIWJAM,1.0
KUDJOK,VEJYEP01,1.0
KUFBEU,KULPUD,1.0
KUFBEU,MIZQOB,1.0
KUFBEU,YEBLAT,1.0
KUFBEU,PEWJUW,0.5
KUFBEU,VORBUA,1.0
KUFVAK,TIKSOY,0.8999999761581421
KUGQOT,NAMDOV,1.0
KUGQOT,OHIHUJ,1.0
KUGZIW,XEZREC,0.8999999761581421
KUGZIW,XEZRAY,0.8999999761581421
KUGZIW,UZOBAO,0.8999999761581421
KUHDEX01,UFOBAV,0.8999999761581421
KUHDEX01,VERQOA,0.8999999761581421
KUHDEX01,LAJYAY,0.8999999761581421
KUHDEX01,VERQEQ,0.8999999761581421
KUHNEI,UGECEO01,1.0
KUHNIM,WEZNUM,1.0
KUHRAI,WUZYUM,0.8999999761581421
KUHRAI,NEYZAU,0.8999999761581421
KUHRAI,NEYYUN,0.8999999761581421
KUHRAI,VUNKOG,0.8999999761581421
KUHVOZ,SAKDAM01,1.0
KUHVOZ,VAQTAK,1.0
KUHVOZ,SAKDAM,1.0
KUHVOZ,QITMUC,0.5909091234207153
KUHVOZ01,SAKDAM01,1.0
KUHVOZ01,VAQTAK,1.0
KUHVOZ01,SAKDAM,1.0
KUHVOZ01,VOYYAL,0.5965517163276672
KUJMEJ,QISNEN,1.0
KUJMEJ,QISNAJ,1.0
KUJMEJ,MITSUE,1.0
KUJMIN,QISNEN,1.0
KUJMIN,QISNAJ,1.0
KUJMIN,MITSUE,1.0
KUJWOD,VOJPUG,0.3970588147640228
KUKHAB,TETYAV,1.0
KUKHAB,VAXKIR,1.0
KUKHAB,VIKBUP,1.0
KUKMUA,LUSZUV,1.0
KUKMUA,LUSZIJ01,1.0
KUKPOX,QUJKUD,1.0
KUKPOX,QUJLAK,1.0
KUKPOX,QUJLAK01,1.0
KUKPOX,QUJLAK02,1.0
KULJEI,SERJUV,0.8999999761581421
KULLAG,KULLEK,1.0
KULLAG,QIYDAF,0.8999999761581421
KULLAG,RUYVIS,0.8999999761581421
KULLAG,TILFEC,0.47499996423721313
KULLEK,QIYDAF,0.8999999761581421
KULLEK,RUYVIS,0.8999999761581421
KULLEK,MUBZOA,0.7874999642372131
KULLEK,TILFEC,0.47499996423721313
KULLEK,UFORIT,0.8999999761581421
KULMEK,QUSWIK,1.0
KULMEK,XALDAS,1.0
KULMIP,KULMOV,0.8999999761581421
KULMIP,UREVEU,0.626086950302124
KULMOV,WANJIF,0.7260869741439819
KULPUD,MIZQOB,1.0
KULPUD,YEBLAT,1.0
KULPUD,VORBUA,1.0
KUMXAS,KUMXEW,1.0
KUMXEW,PAJRUQ,1.0
KUMXEW,PAJSAX,1.0
KUNKEK,KUNKIO,0.8999999761581421
KUNKEK,XIDCIZ,0.5064516067504883
KUNKIO,XOLSUO,0.5965517163276672
KUNLEL,NURMUJ,1.0
KUNLEL,NIWYAV,1.0
KUNMUD,WUNVEH,1.0
KUNMUD,WUNVAD,1.0
KUNMUD,SAHYAD01,1.0
KUNTAQ,MILQIJ,1.0
KUNTAQ,SABVUN01,1.0
KUNTAQ,SIWGUB,0.8999999761581421
KUNTAQ01,SABWAU,1.0
KUNTAQ01,ZESZEE,0.8199999928474426
KUNTAQ02,SABWAU,1.0
KUNTAQ02,XAVDOP,0.3842104971408844
KUNTAQ02,ZESZEE,0.8199999928474426
KUNTAQ03,MILQIJ,1.0
KUNTAQ03,TOBQEH,0.8999999761581421
KUNTAQ03,UKUDEL,0.8999999761581421
KUPTIA,YIMQOD,0.7749999761581421
KUPTIA,YIMQET,0.7749999761581421
KUPTIA,OYIVEY,0.5235294103622437
KUPYUQ,KUPZAX,0.9228571653366089
KUPYUQ,MIJFIU,0.42499998211860657
KUPZAX,ODAHIK,0.44054052233695984
KUQCUV,OLIZAK,0.8999999761581421
KUQCUV,PIRNAH,0.3700000047683716
KUQWIE,KUQWOK,1.0
KUQWIE,XOVYUD,1.0
KUQWIE,YOXKEC,0.8999999761581421
KUQWOK,XOVYUD,1.0
KUQXIE,LULSAO,0.8999999761581421
KUQXIE,NUNPOC,0.8999999761581421
KUQXIE,MALWUU,0.621052622795105
KURHIQ,SABFUX,1.0
KURJIS,SAKDAM01,1.0
KURJIS,VAQTAK,1.0
KURJIS,SAKDAM,1.0
KUVJIW,WEVYON,0.5666666626930237
KUVJIW,YAQZAT,0.5285714268684387
KUVJIW,VOVKUO,0.5285714268684387
KUVJIW,OXUPUT,0.4959999918937683
KUVMEV,KUVMUL,0.8999999761581421
KUVMEV,KUVMIZ,0.8999999761581421
KUVMEV,POQDIJ,0.6000000238418579
KUVMIZ,KUVMUL,1.0
KUVMIZ,POQDIJ,0.5
KUVMUL,POQDIJ,0.5
KUVYAD,PIJJEZ,1.0
KUVYAD,NENHAQ,1.0
KUVYAD,XIRKAM,0.64000004529953
KUXHIW,NOBMAT,0.8999999761581421
KUXHIW,POCDUI,0.8999999761581421
KUXHIW,SIDXUZ,0.8999999761581421
KUXHIW,ZATPIW,0.5040000081062317
KUXHIW,ZATPOC,0.5040000081062317
KUXHUI,NOBMAT,0.8999999761581421
KUXRAX,VAGKOF,1.0
KUXRAX,VEGXIQ,0.8999999761581421
KUXREC,YAXCAC,1.0
KUXREC,YAXBUV02,1.0
KUXREC,POJTUE,1.0
KUXREC,NEHZAE,1.0
KUXREC,POJTOY,1.0
KUXREC,POJTOY01,1.0
KUXSIH,YAXCAC,1.0
KUXSIH,YAXBUV02,1.0
KUXSIH,POJTUE,1.0
KUYGOC,TADWIG,0.8999999761581421
KUYGOC,XAHPON,0.8999999761581421
KUYLOH,VUGXEC,0.8999999761581421
KUYLOH,VUGYED,0.8999999761581421
KUZHAQ,PIRTAN,1.0
KUZHAQ,KUZHEU,1.0
KUZHAQ,WUFSAT,0.8999999761581421
KUZHEU,PIRTAN,1.0
KUZHEU,WUFSAT,0.8999999761581421
KUZHEU,PIRSUG,0.32499998807907104
KUZPEC,UFUROF,0.8999999761581421
KUZPEC,YIYHAQ,0.8999999761581421
KUZPEC,QIYBUX,0.4374999701976776
KUZPEC,VAKDOD,0.8999999761581421
KUZSIJ,PIRTAN,0.3117647171020508
KUZSIJ,WEKNAE,0.24084506928920746
KVIOLD01,KVIOLD02,1.0
KVIOLD01,QARWAJ,0.3879999816417694
KVIOLD01,NAHQIY,0.3739130198955536
KVIOLD01,QILWOX,0.2836734652519226
KVIOLD02,QARWAJ,0.3879999816417694
KVIOLD02,NAHQIY,0.3739130198955536
KVIOLD02,QILWOX,0.2836734652519226
LABJAB,PULFIM,0.8999999761581421
LABJAB,UDISUX,0.6187499761581421
LABJAB,RICGOA,0.48571428656578064
LABJOP,LABJUV,1.0
LABJOP,PUDTOY,0.8999999761581421
LABNIN,LABPUB,1.0
LABNIN,LABNUZ,0.8999999761581421
LABNIN,LABPEL,0.8999999761581421
LABNIN,LABPIP,0.8999999761581421
LABNIN,LIGRAW,0.8999999761581421
LABNOT,LABQAI,1.0
LABNOT,LIGRAW,0.8999999761581421
LABNOT,LABPUB,0.8999999761581421
LABNUZ,LABPAH,0.8999999761581421
LABNUZ,LABPUB,0.8999999761581421
LABPAH,LIGRAW,0.8999999761581421
LABPAH,LABPOV,0.8999999761581421
LABPEL,LABQAI,0.8999999761581421
LABPIP,LABPOV,0.8999999761581421
LABPIP,LIGRAW,0.8999999761581421
LABPOV,LIGRAW,0.8999999761581421
LABQAI,LIGRAW,0.8999999761581421
LABZEW,XOLSOI,1.0
LABZEW,LACDUR,1.0
LABZEW,QUDGED,1.0
LABZIA,XOLSOI,1.0
LABZIA,LACDUR,1.0
LABZIA,QUDGED,1.0
LABZIA,LACJEH,1.0
LABZIA,YEKXET,1.0
LACDUR,XOLSOI,1.0
LACDUR,QUDGED,1.0
LACDUR,XOLSUO,0.8999999761581421
LACFIG,NOYBAG,0.317241370677948
LACFIG,UTEWUM,0.2800000011920929
LACFOM,SAQCIZ,1.0
LACFUS,RUBZIY02,1.0
LACFUS,RUBZIY03,1.0
LACFUS,LONHON,1.0
LACFUS,LIPZES,1.0
LACFUS,RUBZIY,1.0
LACFUS,RUBZIY01,1.0
LACFUS,WILQIS,1.0
LACJEH,XOLSOI,1.0
LACJEH,QUDGED,1.0
LACJEH,LUXDEO,0.2634146213531494
LACJEH,XIVTED,0.8999999761581421
LACNUB,RAHNOF,0.625
LACNUB,YAGHUM,0.606249988079071
LACPEN,QEJLEZ,0.7652174234390259
LACQIS,RANLAV,0.5099999904632568
LACYOE,LACZEV,1.0
LACYOE,LACYUK,1.0
LACYOE,SIKHUQ,0.4899999797344208
LACYOE,QATBAQ,0.26874998211860657
LACYOE,QATDEW,0.26874998211860657
LACYUK,LACZEV,1.0
LACYUK,SIKHUQ,0.4899999797344208
LACYUK,QATBAQ,0.26874998211860657
LACYUK,QATDEW,0.26874998211860657
LACZEV,SIKHUQ,0.4899999797344208
LADQEP,PIBGAK,1.0
LADQEP,LADQUF,0.8999999761581421
LADQEP,XUDNAN,0.8999999761581421
LADQEP,LADQIT,0.8999999761581421
LADQEP,LADQOZ,0.8999999761581421
LADQIT,XUDNAN,0.8999999761581421
LADQIT,PIBGAK,0.8999999761581421
LADQIT,LADQOZ,0.8999999761581421
LADQOZ,XUDNAN,0.8999999761581421
LADQOZ,LADQUF,0.8999999761581421
LADQUF,XUDNAN,1.0
LADQUF,PIBGAK,0.8999999761581421
LADSEO,YUKDEN,0.8999999761581421
LADSEO,YEJXUI,0.5684210062026978
LADSEO,OPEMIG,0.33478260040283203
LADSEO,SAXDOL,0.2800000011920929
LADWAR,LADWEV,0.8999999761581421
LADWEV,XUCHOS02,0.6538462042808533
LAFMOX,WAYWUR,1.0
LAFMOX,UBUMOW,1.0
LAFMOX,MARDOB,0.30937498807907104
LAGHIL,QESBAR01,1.0
LAGHIL,XIPCEF,1.0
LAGHIL,WIQRUL,1.0
LAGHIL,QESBAR,1.0
LAGHIL,XIPCEF01,1.0
LAGHIL,YOPSUS,0.40535712242126465
LAGWEX,QUSBIQ,1.0
LAGWEX,PULQUK,1.0
LAGWEX,TEHWEK,1.0
LAGWEX,VAKLIF,1.0
LAGWEX,YINPEQ,1.0
LAGWIB,MOXDIN01,1.0
LAGWIB,MOXDIN,1.0
LAGWUN,WUDXAV,1.0
LAGWUN,SAVMAE,1.0
LAGWUN,SEVWEV,0.8999999761581421
LAHYOL,LOYBIM,0.46799996495246887
LAHYOL,VASGII,0.44999998807907104
LAHYOL,VASGOO,0.44999998807907104
LAHYOL,VASGUU,0.44999998807907104
LAJDUV,LAJDUV01,1.0
LAJDUV,LAJDUV02,1.0
LAJDUV,LAJDUV03,1.0
LAJDUV01,LAJDUV02,1.0
LAJDUV01,LAJDUV03,1.0
LAJTAR,WAYWAW,1.0
LAJTAR,MUHQAH,1.0
LAJTAR,UYIXEG,0.8999999761581421
LAJWUQ,LAJXIF,0.8999999761581421
LAJWUQ,VERPUF,0.8999999761581421
LAJXAX,UFOBEZ,0.8999999761581421
LAJXAX,QUNMOC,0.8999999761581421
LAJXAX,UFOBAV,0.8999999761581421
LAJXAX,LAJXOL,0.8999999761581421
LAJXEB,UFOBEZ01,0.8999999761581421
LAJXEB,UFOBAV,0.8999999761581421
LAJXIF,UFOBAV,0.8999999761581421
LAJXIF,VERQEQ,0.8999999761581421
LAJXIF,VERPUF,0.8999999761581421
LAJXIF,UFOBEZ,0.8999999761581421
LAJXIF,UFOBEZ01,0.8999999761581421
LAJXOL,VERQOA,0.8999999761581421
LAJXOL,WUJKUI,0.8999999761581421
LAJYAY,QUNMOC,0.8999999761581421
LAJYEC,VERQOA,0.8999999761581421
LAKBUX,TIVHAJ,1.0
LAKBUX,QIWCOQ,0.6499999761581421
LAKBUX,QIWDAD,0.5499999523162842
LALGIQ,MESNML,1.0
LALKEP,LALKIT,1.0
LALKEP,OTIPOY,0.6884615421295166
LALKIT,OTIPOY,0.6884615421295166
LALPIZ,OPAPUR,0.8999999761581421
LALPIZ,OPAPIF,0.8999999761581421
LALPIZ,LALPOF,0.8999999761581421
LALPIZ,OPAPEB,0.8999999761581421
LALPIZ,OPAPOL,0.8999999761581421
LALPOF,OPAPIF,0.8999999761581421
LALPOF,OPAPEB,0.8999999761581421
LALPOF,OPAPUR,0.8999999761581421
LALXON,MOXNUK,1.0
LALXON,YIGJOQ,1.0
LALXON,YIGJEG,1.0
LALXON,YIGJUW,1.0
LAMSOJ,XUMBEN,1.0
LAMSOJ,VATYAR,1.0
LAMSOJ,WEMDID,1.0
LAMSOJ01,XUMBEN,1.0
LAMSOJ01,VATYAR,1.0
LANCIO,QISJEJ,1.0
LANCIO,LANCIO01,1.0
LANCIO,WAVFOP,0.8999999761581421
LANCIO,NIGHOA,0.8999999761581421
LANCIO,XAMDOF,0.8999999761581421
LANCIO01,QISJEJ,1.0
LANCIO01,WAVFOP,0.8999999761581421
LANCOU,TANKIE,0.8999999761581421
LAPLEW,LAPMIB,1.0
LAPLEW,LAPMAT,1.0
LAPLEW,LAPNAU,1.0
LAPLEW,MIZJUB,0.8999999761581421
LAPLEW,PIMREL,0.8999999761581421
LAPLEW01,LAPMIB,1.0
LAPLEW01,LAPMAT,1.0
LAPLEW01,LAPNAU,1.0
LAPLEW01,MOGMIE,0.8999999761581421
LAPLEW01,XIFVOA,0.5275862216949463
LAPLOG,LAPMIB,1.0
LAPLOG,LAPMAT,1.0
LAPLOG,LAPNAU,1.0
LAPLOG01,LAPMIB,1.0
LAPLOG01,LAPMAT,1.0
LAPLOG01,LAPNAU,1.0
LAPLOG01,PIMREL,0.8999999761581421
LAPLOG01,XIFVOA,0.5275862216949463
LAPLUM,LAPMIB,1.0
LAPLUM,LAPMAT,1.0
LAPLUM,LAPNAU,1.0
LAPLUM,LAPMEX,1.0
LAPLUM,LAPMOH,1.0
LAPLUM,LAPMUN,1.0
LAPLUM,LAPNEY,1.0
LAPLUM,LAPNIC,1.0
LAPLUM,LAPNOI,1.0
LAPLUM,LAPNUO,1.0
LAPLUM,LAPPAW,1.0
LAPLUM,LAPPEA,1.0
LAPLUM,LAPPIE,1.0
LAPLUM,LAPPOK,1.0
LAPLUM,QAWROW,0.8999999761581421
LAPMAT,LAPMIB,1.0
LAPMAT,LAPNAU,1.0
LAPMAT,XALROT,1.0
LAPMEU,NAHCIT02,0.8999999761581421
LAPMEU,ORONOA01,0.8999999761581421
LAPMEU,WAJCAM,0.8999999761581421
LAPMEX,LAPMIB,1.0
LAPMEX,LAPNAU,1.0
LAPMEX,LAPMOH,1.0
LAPMEX,LAPMUN,1.0
LAPMEX,LAPNEY,1.0
LAPMEX,LAPNIC,1.0
LAPMEX,LAPNOI,1.0
LAPMEX,LAPNUO,1.0
LAPMEX,LAPPAW,1.0
LAPMEX,LAPPEA,1.0
LAPMEX,LAPPIE,1.0
LAPMEX,LAPPOK,1.0
LAPMEX,XALROT,1.0
LAPMIB,LAPNAU,1.0
LAPMIB,QAWROW,0.8999999761581421
LAPMOH,LAPNAU,1.0
LAPMUN,LAPNAU,1.0
LAPMUN,LAPNEY,1.0
LAPMUN,LAPNIC,1.0
LAPMUN,LAPNOI,1.0
LAPMUN,LAPNUO,1.0
LAPMUN,LAPPAW,1.0
LAPMUN,LAPPEA,1.0
LAPMUN,LAPPIE,1.0
LAPMUN,LAPPOK,1.0
LAPPEA,XALROT,1.0
LAQJUI,LAQKAP,1.0
LAQJUI,NOGMEC,0.8999999761581421
LAQKAP,NOGMAY,0.8999999761581421
LAQKAP,NOGMEC,0.8999999761581421
LAQPUP,OKATOJ,0.550000011920929
LAQPUP,NIVFUT01,0.44999998807907104
LAQPUP,OKATUP,0.44999998807907104
LAQQAW,POKWUI,0.8999999761581421
LAQQAW,OKATOJ,0.6538462042808533
LAQQAW,NIVFUT,0.5538461804389954
LARBOW,LARBOW01,1.0
LARBOW,MOHSAF,0.9678571820259094
LARBOW,MOHSAF01,0.9678571820259094
LARBOW,REHRAY,0.5404255390167236
LARBOW01,MOHSAF,0.9678571820259094
LARBOW01,MOHSAF01,0.9678571820259094
LARBOW01,REHRAY,0.5404255390167236
LARNAV,LARXUA,0.665217399597168
LARNAV,LOYBIM,0.8999999761581421
LARNEA,XOPLUL,1.0
LARNEA,YUSWEQ,0.8999999761581421
LARNEA,MIMKIE,0.8999999761581421
LARNIE,QUMFUB,1.0
LARNIE,SUQHUJ,0.8999999761581421
LARNIE,OVUNIE,0.23333331942558289
LARNIE,YICNEG,0.8999999761581421
LARPEB,LARPOL,1.0
LARPEB,NINVAI,1.0
LARPEB,ZOHFUZ,1.0
LARPEC,RIGTIL,1.0
LARPEC,QOBGEV,1.0
LARPEC,LAZJIH,1.0
LARPEC,LIKFOB,1.0
LARPEC,YUJCOX,1.0
LARPOL,NINVAI,1.0
LARPOL,ZOHFUZ,1.0
LARPOL,WUCRUH,1.0
LARVIL,XUJDAI03,0.7000000476837158
LARVIL,XUJDAI01,0.7000000476837158
LARVIM,UZUNOT,0.8999999761581421
LARVOR,XUJDAI01,0.364705890417099
LARVOR,XUJDAI,0.364705890417099
LARVOR,XUJDAI03,0.364705890417099
LARXIN,METJIH,0.4000000059604645
LARXIN,OFIDUD,0.4000000059604645
LARXUA,QUBHAX,0.665217399597168
LARXUA,WORREC,0.5333333611488342
LARXUA,XAHPIH,0.5026315450668335
LARXUA,XIMJOV,0.5371428728103638
LARXUA,XIMJUB,0.5371428728103638
LARYEK,YIXFOC,1.0
LARYEK,WOZDEW,1.0
LARYEK,WECSAZ01,1.0
LARYEK,NIWQIV,0.8999999761581421
LARYEK03,YIXFOC,1.0
LARYEK03,WOZDEW,1.0
LARYEK03,WECSAZ01,1.0
LARYIO,LARYIO01,1.0
LARYOU,UCEXAC,1.0
LARYOU,ZEDWAI,1.0
LARYOU,YIXFUI,1.0
LARYOU,QACTUJ,1.0
LARZEL,RUHDII,1.0
LARZEL,XIFLOP,0.6100000143051147
LARZEL,PATLON,0.5645161271095276
LASBIS,PAPVEJ,0.5210525989532471
LASBIS,PAPVIN,0.5210525989532471
LASDEQ,UJATIJ,0.8999999761581421
LASDEQ,UJAQAY,0.8999999761581421
LASDEQ,UJAQEC,0.8999999761581421
LASMAV,VEDFOB,1.0
LASMAV,VEDGAO,1.0
LASMID,SOWCOY01,1.0
LASMID,LASMUP,1.0
LASMID,LASNAW,1.0
LASMID,SOWCOY,1.0
LASMUP,SOWCOY01,1.0
LASMUP,LASNAW,1.0
LASMUP,SOWCOY,1.0
LASNAW,SOWCOY01,1.0
LASNAW,SOWCOY,1.0
LASWUZ,YESYON,0.8999999761581421
LASWUZ,YESXOM,0.8999999761581421
LASWUZ,YESXUS,0.8999999761581421
LASYOU,ONIXOZ,0.9437500238418579
LASYOU,ORAWAH,0.9437500238418579
LASYOU,MIKVEK,0.9437500238418579
LASYOU,OKABAE,0.647826075553894
LATBUG,LATCAN,0.8999999761581421
LATBUG,RIHSEJ,0.590624988079071
LATCAN,YEXCUC,0.590624988079071
LATCIV,SUKRIB,0.8999999761581421
LATFOC,MIBQAR12,1.0
LATFOC,MIBQAR14,1.0
LATFOC,MIBQAR05,1.0
LATFUI,MIBQAR12,1.0
LATFUI,MIBQAR14,1.0
LATFUI,MIBQAR05,1.0
LATJEW,LATJIA,0.8999999761581421
LATJIA,OFIDUF,0.446153849363327
LATPIG,LIHREA,1.0
LATPIG,PEPXIS,1.0
LATPIG,PIPFOL,0.8999999761581421
LATPUU,LIHROK,0.8999999761581421
LATYIP,NEVVEQ,0.41999998688697815
LATYIP,PIHNIF,0.3499999940395355
LATYIP,QIPVAO,0.3441176414489746
LATYOX,YIFSIS,0.550000011920929
LATYOX,NUCREJ,0.4599999785423279
LATYOX,VIHHUR,0.44999998807907104
LATYOX,WEHPOP,0.3374999761581421
LAVDOE,ZUSHEC,0.8999999761581421
LAVDOE,QIRBUQ,0.7157894968986511
LAVDOE,MIHHIU,0.31857141852378845
LAVDOE,MIHHOA,0.31857141852378845
LAVDOE,MIHHUG,0.31857141852378845
LAVSUY,NADZID,1.0
LAVSUY,SEHTEF,1.0
LAVSUY,NADZEZ,1.0
LAVTAF,YATTUK,1.0
LAVTAF,SEHSII,1.0
LAVTEJ,LAVTEJ01,1.0
LAVTEJ,RIBRAY,1.0
LAVTEJ,NIGFUF,1.0
LAVTEJ01,RIBRAY,1.0
LAVTEJ01,NIGFUF,1.0
LAVTEJ01,YEMJAC,1.0
LAVTIN,LAVTOT,1.0
LAVTIN,SEHSUU,1.0
LAVTIN,NIGFIT,1.0
LAVTOT,SEHSUU,1.0
LAVTOT,NIGFIT,1.0
LAVTUZ,NIGGIU,1.0
LAVTUZ,SEHTAB,1.0
LAVTUZ,SADLIU,1.0
LAVYEN,LAVYEN01,1.0
LAVYEN,UFUKUB03,0.9000000357627869
LAVYEN,UFUKUB02,0.9000000357627869
LAVYEN01,UFUKUB03,0.9000000357627869
LAVYEN01,UFUKUB02,0.9000000357627869
LAVYEP,RAPFOG,0.647826075553894
LAVYOX,LAVYOX01,1.0
LAVYOX,NAHQEU,0.3423076868057251
LAVYOX01,NAHQEU,0.3423076868057251
LAVZOA,LAVZUG,1.0
LAVZOA,OGUREO,0.8999999761581421
LAVZOA,MAGBON,0.8142856955528259
LAVZUG,OGUREO,0.8999999761581421
LAVZUG,MAGBON,0.8142856955528259
LAWDUJ,ZZZITI02,0.8999999761581421
LAWDUJ,LAWFAR,0.8999999761581421
LAWDUJ,VUYCAU,0.49705880880355835
LAWFAR,ZZZITI02,0.8999999761581421
LAWFAR,UNOGOU,0.5218750238418579
LAWFOF,MIBQAR12,1.0
LAWFOF,MIBQAR14,1.0
LAWFOF,MIBQAR05,1.0
LAWFUL,MIBQAR12,1.0
LAWFUL,MIBQAR14,1.0
LAWFUL,MIBQAR05,1.0
LAWGAS,MIBQAR12,1.0
LAWGAS,MIBQAR14,1.0
LAWGAS,MIBQAR05,1.0
LAWGEW,MIBQAR12,1.0
LAWGEW,MIBQAR14,1.0
LAWGEW,MIBQAR05,1.0
LAWGIA,MIBQAR12,1.0
LAWGIA,MIBQAR14,1.0
LAWGIA,MIBQAR05,1.0
LAWGOG,MIBQAR12,1.0
LAWGOG,MIBQAR14,1.0
LAWGOG,MIBQAR05,1.0
LAWGUM,MIBQAR12,1.0
LAWGUM,MIBQAR14,1.0
LAWGUM,MIBQAR05,1.0
LAWHOJ,LAWHUP,1.0
LAWHOJ,QEHGOC,0.8999999761581421
LAWHOJ,QEHGOC02,0.8999999761581421
LAWHOJ,QEHGOC01,0.8999999761581421
LAWHUP,QEHGOC,0.8999999761581421
LAWHUP,QEHGOC02,0.8999999761581421
LAWSAF,PASMUT,0.8999999761581421
LAWSAF,VUNNID,0.8999999761581421
LAWSAF,XITDEL,0.8999999761581421
LAWSEJ,XUMVOS,1.0
LAWSEJ,LAWSEJ01,1.0
LAWSEJ,ROGRAH,0.8999999761581421
LAWSEJ,XUMVIM,0.8999999761581421
LAWSEJ01,XUMVOS,1.0
LAWSEJ01,ROGRAH,0.8999999761581421
LAWSEJ01,XISTEA,0.8999999761581421
LAXGOH01,LAXGOH03,1.0
LAXGOH01,LAXGOH02,1.0
LAXGOH02,LAXGOH03,1.0
LAXMIJ,LAXMOP,0.8999999761581421
LAXMOP,OQIJUU,0.49705880880355835
LAXMOP,OQIJOO,0.49705880880355835
LAYQUA,TEJBUI,1.0
LAYQUA,LUSYEF,1.0
LAYWOA,LAYXER,1.0
LAYWOA,LAYXAN,1.0
LAYXAN,LAYXER,1.0
LAZJIH,XIRHOW,1.0
LAZKUU,OFACEF,0.5869565010070801
LAZKUU,XUMNAW,0.5666666626930237
LAZMEG,LIDSEY,0.8999999761581421
LAZMEG,NATRUX,0.7827585935592651
LAZMEG,UBIPAY,0.6225806474685669
LAZMEG,XEMRUF,0.550000011920929
LAZMEG,YEFMAA,0.6343750357627869
LAZXOB,SODQOT,0.5666666626930237
LAZXOB,VOTHIX,0.5400000214576721
LEBBOM,MTGLCU,0.47499996423721313
LEBBOM,WASRAK,0.38285714387893677
LEBLUC,YFORMD03,1.0
LEBLUC,YFORMD02,1.0
LEBMAJ,YFORMD03,1.0
LEBMAJ,YFORMD02,1.0
LEBMAJ,YFORMD,1.0
LEBMAJ,YFORME01,1.0
LEBMAJ,YFORME02,1.0
LEBQUH,RUNXUV,0.8615384697914124
LEBQUH,SIXWON,0.6225806474685669
LEBZIE,RUGJAG,1.0
LEBZIE,WIHSEN,1.0
LECFEG,NEFTOJ,1.0
LECFEG,OHAGOV,1.0
LECFEG,OHAGOV01,1.0
LECFEG,QUJRUK,0.5
LECFIK,TOVWAE,0.5249999761581421
LECFIK,YAFJEX,0.48571428656578064
LECFOQ,LECGAD,1.0
LECFOQ,LECGEH,0.8999999761581421
LECFOQ,TUMQID,0.643750011920929
LECFUW,UKAKEY,1.0
LECFUW,UKAKOI,1.0
LECFUW,UKAKUO,0.683783769607544
LECFUW,UKAKIC,0.6538462042808533
LECGAD,LECGEH,0.8999999761581421
LECGAD,TUMQID,0.643750011920929
LECHUX,ZZZEJE02,0.8999999761581421
LECHUX,YOBWOD01,0.8999999761581421
LECMUE,LECMUE01,1.0
LECQEQ,ORIVUI,1.0
LEDCAA,MUTDIQ,0.8999999761581421
LEDCAA,XAGCEQ,0.7352941632270813
LEDCAA,XAGCAM,0.7352941632270813
LEDCAA,XORGUI,0.6684210300445557
LEDHEJ,UMIZIB,1.0
LEDHEJ,XADDAJ,0.9142857193946838
LEDHIN,UQUTUX,0.9099999666213989
LEDJOU,XESKOX,0.8999999761581421
LEDJUA,XESKIR,0.8999999761581421
LEDLEN,YAVYAW,1.0
LEDLEN,PARNON,1.0
LEDLEN,PARNIH,1.0
LEDLEN,REFFIT,0.8999999761581421
LEDLEN,XOPLOE,1.0
LEDPAN,NIPROU,0.5935484170913696
LEDPAN,QATHOK,0.7120000123977661
LEDPAN,TEQNUZ,0.8999999761581421
LEDQAP,MERBIX,0.8999999761581421
LEDQAP,MERBOD,0.8999999761581421
LEDQAP,YACSAY,0.8999999761581421
LEGGAI,PIJKUR,0.9142857193946838
LEGGAI,TOVHUJ,0.9142857193946838
LEGGAI,TISHAF,0.9099999666213989
LEGGAI,TOVJAR,0.9099999666213989
LEGREU,PARHEW,1.0
LEGREU,PARHAS,1.0
LEHFOW,VUKSOL,1.0
LEHFOW,VUKSEB,1.0
LEHFOW,VUKSIF,1.0
LEHFOW,XEJHIG,1.0
LEHFOW,YEKQOW,1.0
LEHGIR,PERMEH,1.0
LEHGIR,XUKYEI,1.0
LEHGIR,MIJFIU,1.0
LEHGIR,XALTUA,1.0
LEHROH,VICMAY,0.36666664481163025
LEHTID,YORZEL,0.8999999761581421
LEHTID,UMUTOM,0.8999999761581421
LEHXUT,PIVBEC,0.64000004529953
LEHXUT,LEQCAN,0.64000004529953
LEJCAG,LEJCEK,0.6625000238418579
LEJCAG,XAMHEA,0.6454545855522156
LEJCAG,SOVWOR,0.48000001907348633
LEJCAG,SOVWUX,0.48000001907348633
LEJCEK,VOYBOC,0.6487805247306824
LEJCIO,WAGYUA,0.7300000190734863
LEJCIO,PURJES,0.7300000190734863
LEJRIC,ORIVUI,1.0
LEKDAJ,UZOBER,1.0
LEKDAJ,TIDLID,0.8999999761581421
LEKGOY,LEKGOY01,1.0
LEKGOY,YICRAE,1.0
LEKGOY01,YICRAE,1.0
LEKMEW,LEKMIA,1.0
LEKMEW,WUMFAN,0.9142857193946838
LEKMIA,WUMFAN,0.9142857193946838
LEKNUN,LEKPAV,1.0
LEKNUN,NIYZIG,1.0
LEKNUN,WUMDIT,0.9142857193946838
LEKPAV,NIYZIG,1.0
LEKPAV,NIYZOM,0.5153846144676208
LEKPAV,PICCUC,1.0
LEKPAV,PICDAJ,1.0
LEKSIG,TEJYIT,0.8999999761581421
LEKSIG,VUTVAJ,0.8999999761581421
LEKSIG,LEKSOM,0.8999999761581421
LEKSIG,OBEROF,0.551612913608551
LEKSIG,SIBCAK,0.4909090995788574
LEKSOM,TEJYIT,0.8999999761581421
LEKSOM,VUTVAJ,0.8999999761581421
LELCUB,NOFQOQ,1.0
LELCUB,NOFQEG,1.0
LELCUB01,NOFQOQ,1.0
LELCUB01,NOFQEG,1.0
LELCUB01,MIYGUX,1.0
LELCUB01,NOFQIK,1.0
LELDUD,NIKQIK,1.0
LELDUD,NIKQEG,1.0
LELDUD,NIKQAC,1.0
LELDUD,NIKPUV,1.0
LELDUD,WAMREJ,0.7899999618530273
LELDUD,XAJSEJ,0.7137930989265442
LELFOA,PIWLIT,0.7000000476837158
LELFOA,PIWLAL,0.7000000476837158
LELFOA,QUSWIK01,0.7000000476837158
LELFOA,RUTNOK,0.5645161271095276
LELFOA,RUTNOK01,0.5645161271095276
LELGOB,POKFIF,0.8999999761581421
LELGOB,WEMXIX,0.6827585697174072
LELMIA,OZAVOC,1.0
LELMIA,LELMIA01,1.0
LELMIA,LELMIA02,1.0
LELMIA,OZAVUI,1.0
LELMIA01,OZAVOC,1.0
LELMIA01,LELMIA02,1.0
LELMIA01,OZAVUI,1.0
LELMIA02,OZAVOC,1.0
LELMIA02,OZAVUI,1.0
LELMIA02,ZIYZEO,0.3739130198955536
LELRUR,MAXFAU,0.6571428775787354
LELRUR,YINREV,0.5875000357627869
LEMNOH,SOJDEB,0.4714285731315613
LEMNOH,XAVRER,0.4714285731315613
LEMNOH,LIVWUK06,0.3705882430076599
LEMNOH,LEWZET,0.3571428656578064
LEMYUA,UTULUR,1.0
LENGAO,VEYSAW,1.0
LENGAO,ORAGOF,0.8999999761581421
LENGAO,ORUKET,0.8999999761581421
LENRIG,LENRUS,0.8999999761581421
LENRIG,YUMFES,0.8999999761581421
LENRUS,YUMFES,0.8999999761581421
LEPFOC,LOCNIB,0.8999999761581421
LEPFOC,RUSSII,0.8999999761581421
LEPKOH,VOKKIP,1.0
LEPKOH,VOKKIP02,1.0
LEPKOH,XAKSUA,0.8999999761581421
LEPKUO,VOJNAK,1.0
LEPLAV,OPENUT,1.0
LEPLAV,UHISEK,1.0
LEPLEZ,LEPLEZ02,1.0
LEPLEZ,LEPLEZ01,1.0
LEPLEZ01,LEPLEZ02,1.0
LEPLEZ02,MESNML,0.8999999761581421
LEPLEZ02,VOCTOW,0.8999999761581421
LEPSEH,LEPSIL,1.0
LEPSEH,TOWPEC,1.0
LEPSIL,TOWPEC,1.0
LEPSOR,LEPTAE,1.0
LEPSOR,LEPTIM01,1.0
LEPSOR,LEPTIM,1.0
LEPSOR,ROYMID,0.8999999761581421
LEPSUX,LEPTAE,1.0
LEPSUX,LEPTIM01,1.0
LEPSUX,LEPTIM,1.0
LEPSUX,LEPTEI,1.0
LEPSUX,LEPTOS,1.0
LEPSUX,LEPTUY,1.0
LEPSUX,ROYMID,0.8999999761581421
LEPTAE,LEPTIM01,1.0
LEPTAE,LEPTIM,1.0
LEPTEI,LEPTIM01,1.0
LEPTEI,LEPTIM,1.0
LEPTEI,LEPTOS,1.0
LEPTEI,LEPTUY,1.0
LEPTEI,PEGCIP,0.8999999761581421
LEPTEI,ROYMOJ,0.8999999761581421
LEPTEI,UFIHUP,0.8999999761581421
LEPTEI,UFIKIG,0.8999999761581421
LEPTEI,UFIKOM,0.8999999761581421
LEPTIM,LEPTIM01,1.0
LEPTIM,LEPTOS,1.0
LEPTIM,LEPTUY,1.0
LEPTIM,PEGCIP,0.8999999761581421
LEPTIM,ROYMOJ,0.8999999761581421
LEPTOS,ROYMID,0.8999999761581421
LEQCAN,PIVBEC,0.8071428537368774
LERRIM,PUYZUF,0.5249999761581421
LERRIM,PUZBAO,0.5249999761581421
LERRIM,RELLOK,0.3705882430076599
LESWAI,YICKIH,0.8999999761581421
LESWAI,OYOSAX,0.8999999761581421
LESWAI,YICGID,0.8999999761581421
LETDAQ,ODUMIK,1.0
LETDAQ,QALHES,1.0
LETDAQ,PIPFOL,0.8999999761581421
LETDAQ,QEJZUB,1.0
LETDAQ,QEJZUB01,1.0
LETDAQ,QEKBAK,1.0
LETDEU,ODUMIK,1.0
LETDEU,QALHES,1.0
LETDEU,MUPQEU,1.0
LETDIY,ODUMIK,1.0
LETDIY,QALHES,1.0
LETDIY,MUPQEU,1.0
LETDIY,QALHAO,1.0
LETDOE,ODUMIK,1.0
LETDOE,QALHES,1.0
LETDOE,QEJZUB,1.0
LETDOE,QEJZUB01,1.0
LETDOE,QEKBAK,1.0
LETFEW,ODUMIK,1.0
LETFEW,QALHES,1.0
LETFEW,QEJZUB,1.0
LETFEW,QEJZUB01,1.0
LETFEW,QEKBAK,1.0
LETFEW,YEMGED,1.0
LETFIA,ODUMIK,1.0
LETFIA,QALHES,1.0
LETFIB,SAKFAO,1.0
LETFIB,SAJLEX,1.0
LETFOH,NERCIY,1.0
LETFUN,NERCOE,1.0
LETFUN,SAKDEQ,1.0
LETHAU,NOFRAC,0.8999999761581421
LETRIN,LETRUZ,1.0
LETRIN,TITBUV,1.0
LETRIN,MUGHED,1.0
LETROT,LETRUZ,1.0
LETROT,TITBUV,1.0
LETROT,MUGHED,1.0
LETRUZ,TITBUV,1.0
LETRUZ,MUGHED,1.0
LETVUB,PEKZIP,1.0
LETVUB,ZIBRAD,1.0
LETVUB,VIYHUI,1.0
LETVUB,WEMDAU,0.6823529601097107
LEVDIB,XAHPON,0.6268292665481567
LEVDIB,WIJRIT,0.5973684191703796
LEVFAW,UQOLUJ01,0.8999999761581421
LEVFAW,POHWIU,0.8999999761581421
LEVFAW,UQOLUJ,0.8999999761581421
LEVLEF,OFUTUH,0.8999999761581421
LEVLEF,LIKVIN,0.8999999761581421
LEVLEF,QIWPET,0.6499999761581421
LEVNOQ,LEVNOQ01,1.0
LEVNOQ,NAWKII,1.0
LEVNOQ,TAGTUT,1.0
LEVNOQ01,NAWKII,1.0
LEVNOQ01,TAGTUT,1.0
LEVPEK,XAKRUY,0.46551722288131714
LEVPEK,VERKIP,0.3807692229747772
LEVPEK,XAXDIM,0.2928571403026581
LEWFOJ,WUZKOS,1.0
LEWZET,LOCHIU,0.3214285671710968
LEWZET,LIVWUK02,0.3214285671710968
LEYBEZ,MIXZOK,1.0
LEYBEZ,UQUTUX,0.8999999761581421
LEYBEZ,PUWDOA,0.8999999761581421
LEYBEZ,ZEDZAL,0.8999999761581421
LEYBEZ,ZEDZAL01,0.8999999761581421
LEYGOO,TIDTIM,0.8999999761581421
LEYGOO,PINPAG,0.6351351737976074
LEYPAI,MAVFEV03,1.0
LEYPAI,WEMDUP,1.0
LEYPAI,MAVFEV,1.0
LEYPAI,OJONOQ,0.8999999761581421
LEZSOB,LEZTIW,0.5645161271095276
LEZSOB,QIQFUT,0.46551722288131714
LEZTIW,WENXOF,0.8999999761581421
LEZTIW,VAYDOQ,0.625
LEZTIW,VAYDEG,0.625
LEZZEX,LIDZOP,1.0
LEZZEX,QUXRUY,0.8999999761581421
LEZZEX,QUXRIM,0.8999999761581421
LIBHAH,XOGQUH,0.35999998450279236
LIBHAH,NIBPUM,0.35999998450279236
LIBHAH,MALSAW,0.3368421196937561
LIBJAJ,OGIJIY,0.8999999761581421
LIBJAJ,UKUDEL,0.8999999761581421
LIBJAJ,XAXQEU,0.8999999761581421
LIBNIU,LIBNIU01,1.0
LIBNIU,OQIQIQ,0.8999999761581421
LIBNIU,MIQSAJ,0.8999999761581421
LIBNIU01,OQIQIQ,0.8999999761581421
LIBNIU01,MIQSAJ,0.8999999761581421
LIBZIG,WADDEN,1.0
LIBZIG,ZAFWUB,1.0
LIBZIG,PIZPAP,1.0
LIBZIG,LINSAF,1.0
LICDOX01,LICDOX02,1.0
LICDOX01,SEGJOG,0.8999999761581421
LICDOX01,LIVNEJ,0.8999999761581421
LICDOX01,MUKJOT,0.30000001192092896
LICDOX02,SEGJOG,0.8999999761581421
LICDOX02,LIVNEJ,0.8999999761581421
LICDOX02,WABTOK,0.8999999761581421
LICDOX02,XUBHEI,0.8999999761581421
LICGOW,RIBSED,1.0
LICGOW,XAJQAC,0.8999999761581421
LICROF,QUQGEP,1.0
LICROF,WAXKAK,0.4292683005332947
LICSAS,TEVZEA,1.0
LICSAS01,TEVZEA,1.0
LICSEW,SIRBIG04,1.0
LICSEW,MOPQIT,1.0
LICSEW,XEHSIN,1.0
LICSEW01,SIRBIG04,1.0
LICSEW01,MOPQIT,1.0
LICSEW01,XEHSIN,1.0
LICSEW02,SIRBIG04,1.0
LICSEW02,MOPQIT,1.0
LICSEW02,XEHSIN,1.0
LICSEW03,SIRBIG04,1.0
LICSEW03,MOPQIT,1.0
LICSEW03,XEHSIN,1.0
LICSEW04,SIRBIG04,1.0
LICSEW04,MOPQIT,1.0
LICSEW04,XEHSIN,1.0
LICSUM,PADROD,0.8999999761581421
LICXUT,VAGTUU,0.5064516067504883
LICXUT,YIBQOR,0.4558139443397522
LIDSAU,LIDSEY01,1.0
LIDSAU,XOMCIN,1.0
LIDSAU,LIDSEY,1.0
LIDSAU,NEBYOK,0.8999999761581421
LIDSEY,LIDSEY01,1.0
LIDSEY,XOMCIN,1.0
LIDSEY01,XOMCIN,1.0
LIDSIC,TIDNIF,1.0
LIDZOP,VIZQEC,0.8999999761581421
LIDZOP,QUXRIM,0.8999999761581421
LIDZUV,QUXREI,1.0
LIDZUV,QUXROS,1.0
LIDZUV,QUWYEO,1.0
LIFKOC,PEKZIP,0.43157893419265747
LIFWUT,NULROB,0.4714285731315613
LIFWUT,NULRUH,0.4714285731315613
LIGHAM,ODEJOY01,0.7352941632270813
LIGHAM,ODEJOY,0.7352941632270813
LIGLOE,NENRIK,0.8999999761581421
LIGLOE,UGUNOZ,0.582926869392395
LIGLOE,QUTBOY,0.3739130198955536
LIGQEA,QOWRAV06,1.0
LIGQEA,QOWRAV07,1.0
LIGQEA,NAFSOF,1.0
LIGTOK,QADKEL03,0.8999999761581421
LIGTOK,QADKEL02,0.8999999761581421
LIGWUW,MIBQAR12,1.0
LIGWUW,MIBQAR14,1.0
LIGWUW,MIBQAR05,1.0
LIGYOS,NIDFOX,0.8999999761581421
LIGYOS,LORROB01,0.8999999761581421
LIHCAI,NIBRUN,1.0
LIHCAI,NIBSAU01,1.0
LIHCAI,PATPOR,0.8999999761581421
LIHCIT01,YOBWOD01,0.8999999761581421
LIHCIT01,ZZZHZC01,0.8999999761581421
LIHDUC01,RIWWOK,1.0
LIHDUC01,LIHFAK,1.0
LIHFAK,RIWWOK,1.0
LIHREA,PEPXIS,1.0
LIHROK,LIHSAX,1.0
LIHROK,TISLIR,1.0
LIHRUQ,LIHSAX,1.0
LIHRUQ,TISLIR,1.0
LIHRUQ,LIHSEB,1.0
LIHSAX,TISLIR,1.0
LIHSAX,SINXIY,1.0
LIHSEB,TISLIR,1.0
LIHSEB,MISKUV,0.8999999761581421
LIHSEB,MUPYUS,1.0
LIHSEB,VIWPAT,0.8999999761581421
LIJNOJ,LIJNOJ01,1.0
LIJNOJ,PIHJOH01,1.0
LIJNOJ,LIJPOL,1.0
LIJNOJ,LIJPAX,1.0
LIJNOJ,LIJPAX01,1.0
LIJNOJ,LIJPAX02,1.0
LIJNOJ,PIHJOH,1.0
LIJNOJ,PIHJOH02,1.0
LIJNOJ,PIHJOH03,1.0
LIJNOJ,XEVXUT,0.8999999761581421
LIJNOJ01,PIHJOH01,1.0
LIJNOJ01,LIJPOL,1.0
LIJPAX,PIHJOH01,1.0
LIJPAX,LIJPOL,1.0
LIJPAX,PIHJIB,0.8999999761581421
LIJPAX,VALGAS,0.8999999761581421
LIJPAX01,PIHJOH01,1.0
LIJPAX01,LIJPOL,1.0
LIJPAX02,PIHJOH01,1.0
LIJPAX02,LIJPOL,1.0
LIJPOL,PIHJOH01,1.0
LIJPOL,PIHJOH,1.0
LIJPOL,PIHJOH02,1.0
LIJPOL,PIHJOH03,1.0
LIJWOR,SIWPUL02,1.0
LIJWOR01,SIWPUL02,1.0
LIJWOR02,SIWPUL02,1.0
LIJWOR03,SIWPUL02,1.0
LIJWOR04,SIWPUL02,1.0
LIJWOR05,SIWPUL02,1.0
LIJWOR06,SIWPUL02,1.0
LIJWUX,SIRBIG04,1.0
LIJWUX,MOPQIT,1.0
LIJWUX,XEHSIN,1.0
LIJWUX,WEZWOO,0.8999999761581421
LIJWUX01,SIRBIG04,1.0
LIJWUX01,MOPQIT,1.0
LIJWUX01,XEHSIN,1.0
LIJWUX02,SIRBIG04,1.0
LIJWUX02,MOPQIT,1.0
LIJWUX02,XEHSIN,1.0
LIJWUX03,SIRBIG04,1.0
LIJWUX03,MOPQIT,1.0
LIJWUX03,XEHSIN,1.0
LIKBAL,NAPFUG,0.8999999761581421
LIKBAL,XEBHOC,0.8999999761581421
LIKBAL,RUYVAK,0.8999999761581421
LIKDOA,TOHNOV,0.45121946930885315
LIKDOA,QOLRIU,0.31599998474121094
LIKDOA,PIVBEC,0.31063830852508545
LIKFOB,XIRHOW,1.0
LIKFOB,POFJOK,0.5950000286102295
LIKVIN,OFUTUH,0.8999999761581421
LIKVIN,PAYTAM,0.6499999761581421
LIKZAJ,LIKZEN,1.0
LIKZAJ,TIHRUA,0.8999999761581421
LIKZEN,TIHRUA,0.8999999761581421
LIKZEN,PUVHOF,0.6617646813392639
LIKZEN,RERVIW,0.8999999761581421
LIKZEN,TIHTUC,0.8999999761581421
LIKZEN,XENKIM,0.8999999761581421
LIMNUR,LIMPAZ,1.0
LIMNUR,UNADIX,0.6000000238418579
LIMPAZ,UNADIX,0.6000000238418579
LINCUJ,VIMRAM,0.8999999761581421
LINCUJ,LINDEU,0.8999999761581421
LINCUJ,LINDIY,0.8999999761581421
LINCUJ,LINDAQ,0.8999999761581421
LINCUJ,XORRON,0.8999999761581421
LINDAQ,XORRON,0.8999999761581421
LINDAQ,LINDEU,0.8999999761581421
LINDAQ,LINDIY,0.8999999761581421
LINDEU,XORRON,0.8999999761581421
LINDEU,VIMRAM,0.8999999761581421
LINDIY,XORRON,0.8999999761581421
LINDIY,VIMRAM,0.8999999761581421
LINGAQ,LINGEU,1.0
LINGAQ,LINJEX,1.0
LINGAQ,TOGCUN,1.0
LINGAQ,LINJOH,1.0
LINGAQ,NAVBAQ,0.8999999761581421
LINGAQ,NAVBAQ01,0.8999999761581421
LINGAQ,NEFZOQ,0.8999999761581421
LINGEU,LINJEX,1.0
LINGEU,TOGCUN,1.0
LINGEU,LINJOH,1.0
LINJEX,TOGCUN,1.0
LINJEX,VUKYAD,0.4000000059604645
LINJOH,TOGCUN,1.0
LINJOH,YIWZOV,0.8999999761581421
LINRUY,SEDLAP01,1.0
LINRUY,WADDAJ,1.0
LINRUY,SEDLAP,1.0
LINSAF,PIZPAP,1.0
LINSAF,ZAFWUB,1.0
LINSAF,WADDEN,1.0
LIPQIL,YUNJOH,1.0
LIPQIL,YUNJEX,1.0
LIPQIL,LIPRAE,1.0
LIPQIL,YUNHUL,1.0
LIPQIL,YUNJIB,1.0
LIPQIL,YUNJUN,1.0
LIPQIL,YUNKIC,1.0
LIPQOR,YUNJOH,1.0
LIPQOR,YUNJEX,1.0
LIPQOR,LIPRAE,1.0
LIPRAE,YUNJOH,1.0
LIPRAE,YUNJEX,1.0
LIPRAE,SOYFUJ,0.3857142925262451
LIPSOV,LIPSUB,1.0
LIPSOV,PUDSIR,0.8999999761581421
LIPSOV,YOZQAG,0.8999999761581421
LIPSOV,YURJUR,0.8999999761581421
LIPSUB,PUDSIR,0.8999999761581421
LIPSUB,YOZQAG,0.8999999761581421
LIPSUB,PUDSIR01,0.8999999761581421
LIPZES,RUBZIY,1.0
LIPZES,LONHON,1.0
LIPZES,WILQIS,1.0
LIQFEY,LIQFIC,0.8999999761581421
LIQFEY,TOVHET,0.8999999761581421
LIQFIC,YUGLES,0.8999999761581421
LIQHAX,WAQDOJ,0.6225806474685669
LIQXIV,WAVCAX,0.8999999761581421
LIQXIV,OFIDUD,0.8999999761581421
LIRNUW,LIRPOS,1.0
LIRNUW,VITJUF,1.0
LIRNUW,MOXNIY,1.0
LIRNUW,UHOGEF,1.0
LIRPAE,YIGHUU,1.0
LIRPAE,YIGJAC,1.0
LIRPAE,YIGJIK,1.0
LIRPAE,VITDUY,0.6896551847457886
LIRPIM,LIRPOS,1.0
LIRPIM,VITJUF,1.0
LIRPIM,MOXNIY,1.0
LIRPIM,UHOGEF,1.0
LIRPOS,VITJUF,1.0
LIRPOS,MOXNIY,1.0
LIRPOS,UHOGEF,1.0
LIRTEM,LIRTIQ,1.0
LIRTEM,LIRTUC,1.0
LIRTOW,YIGJEG,0.6785714030265808
LIRTOW,YIGJUW,0.6785714030265808
LIRTOW,YIGJOQ,0.6785714030265808
LIRTUC,PULTAT,0.8999999761581421
LIRTUC,WONQUN,0.550000011920929
LIRVAK,PEKZIP,1.0
LIRVAK,ZIBRAD,1.0
LIRYET,MOHLIF,0.8999999761581421
LIRYET,TEWMUG,0.8999999761581421
LIRYET,VALWOX,0.8999999761581421
LISUCC01,YOXXUG01,0.8999999761581421
LISUCC01,XEQNEM,0.8999999761581421
LITCIC,LITCUO,0.8999999761581421
LITCIC,LITCOI,0.8999999761581421
LITCIC,LITDAV,0.8999999761581421
LITCUO,LITDAV,0.8999999761581421
LIVLAF,ZIWRIJ,0.8999999761581421
LIVLAF,OYIHAH,0.8999999761581421
LIVLAF,WEBVAC,0.8999999761581421
LIVLAF,WEBTOO,0.8999999761581421
LIVLAF,WEBTUU,0.8999999761581421
LIVLEJ,WEMMEI,0.8999999761581421
LIVLEJ,WEMLAD,0.8999999761581421
LIVLEJ,PITPEP,0.8999999761581421
LIVLUZ,XOVFOF,1.0
LIVLUZ,XOVFOF01,1.0
LIVLUZ,LUFCAS,1.0
LIVLUZ,UYECAE,0.8999999761581421
LIVLUZ,YIXYUB,1.0
LIVNEJ,SEGJOG,0.8999999761581421
LIVNEJ,WABTOK,0.8999999761581421
LIVNEJ,MUKJOT,0.30000001192092896
LIVREP,TIRQOB,1.0
LIVREP,YARGAB,1.0
LIVREP,UZIZOU,0.8999999761581421
LIVREP,UZOBIW,0.8999999761581421
LIVTAN,LIVTER,0.8999999761581421
LIVTAN,POXDIQ,0.6076923608779907
LIVTEP,LIVTIT,1.0
LIVTEP,SUFROA,1.0
LIVTEP,TIZVIH01,0.5764706134796143
LIVTEP,OZEDAA,0.4285714328289032
LIVTER,YEMXEW,0.6294118165969849
LIVTIT,SUFROA,1.0
LIVTIT,TIZVIH01,0.5764706134796143
LIVTIT,OZEDAA,0.4285714328289032
LIVWUK,LIVWUK04,1.0
LIVWUK,LIVWUK02,1.0
LIVWUK,LIVWUK06,1.0
LIVWUK,LIVWUK08,0.3812499940395355
LIVWUK,LUZBIS,0.8999999761581421
LIVWUK01,LIVWUK04,1.0
LIVWUK01,LIVWUK02,1.0
LIVWUK01,LIVWUK06,1.0
LIVWUK01,LIVWUK03,1.0
LIVWUK01,LIVWUK05,1.0
LIVWUK01,LIVWUK07,1.0
LIVWUK01,LOCHIU,0.8999999761581421
LIVWUK02,LIVWUK04,1.0
LIVWUK02,LIVWUK06,1.0
LIVWUK02,LOCHIU,0.8999999761581421
LIVWUK03,LIVWUK04,1.0
LIVWUK03,LIVWUK06,1.0
LIVWUK03,LIVWUK05,1.0
LIVWUK03,LIVWUK07,1.0
LIVWUK04,LIVWUK06,1.0
LIVWUK04,LOCHIU,0.8999999761581421
LIVWUK04,LUZBIS,0.8999999761581421
LIVWUK05,LIVWUK06,1.0
LIVWUK05,LIVWUK07,1.0
LIVWUK05,LUZBIS,0.8999999761581421
LIVWUK06,LIVWUK08,0.3812499940395355
LIVWUK07,LIVWUK08,0.3812499940395355
LIWFAA,SEMFIB,0.3368421196937561
LIWFUS,ODELOZ,1.0
LIWFUS,UXUPEK,0.8999999761581421
LIWFUS,XEGQUW,0.8999999761581421
LIWFUS,ZERNIT,0.550000011920929
LIWYOG,YICGEZ,0.8999999761581421
LIWYOG,LUCDES,0.8999999761581421
LIWYOG,NEZQER,0.695454478263855
LIWYOG,NOCLIB,0.625
LIWYUM,VUQJUN,0.8999999761581421
LIWYUM,SEQWOC,0.8999999761581421
LIXCIG,YINDOQ,0.8999999761581421
LIXCOM,LIXDAZ,0.8999999761581421
LIXCOM,UHUXOM,0.8999999761581421
LIXDAZ,QAQMON,0.8999999761581421
LIXDAZ,YINDOQ,0.8999999761581421
LIXMAI,QUMJEP,1.0
LIXMAI,YINDAC01,0.8999999761581421
LIXMAI,QAQMON,0.8999999761581421
LIXMEM,UHUXIG,0.8999999761581421
LIXMEM,YENKAG,0.8999999761581421
LIXMIQ,YINDAC,0.8999999761581421
LIXMIQ,YINCOP,0.8999999761581421
LIXMIQ,UHUXOM,0.8999999761581421
LIXWAR,LIXWAR01,1.0
LIXWAR01,OYOSAX,1.0
LIXXAS,LOCNIB,1.0
LIXXAS,RUSTAB,1.0
LIXXAS,RUSSII,0.8999999761581421
LIXXIB,XIKGEG03,0.364705890417099
LIXXIB,NOTRUL,0.364705890417099
LIXXIB,XIKGEG01,0.364705890417099
LIYVOG,LIYVOG01,1.0
LIYVOG,YIXXAG,1.0
LIYVOG,PASGIC,0.6785714030265808
LIYVOG01,YIXXAG,1.0
LIYVOG01,PASGIC,0.6785714030265808
LIZKUB,WANJIF,0.8999999761581421
LIZKUB,NABMUA01,0.8999999761581421
LIZWEX,XIYDAN,1.0
LIZWEX,PIBBEK,1.0
LIZWEX,PIBBIO,0.8999999761581421
LIZWEX,SENGIE,0.5384615659713745
LIZWEX,UGOCAW,1.0
LOBQAV01,QACTUJ,1.0
LOBQAV01,UCEXAC,1.0
LOBQAV01,YIXFUI,1.0
LOBQAV01,ZEDWAI,1.0
LOCNIB,RUSTAB,1.0
LOCNIB,RUSSII,0.8999999761581421
LODZOU,ORAHAS,0.8615384697914124
LODZOU,WAZFUB,0.7868421077728271
LODZOU,WAZFIP,0.7868421077728271
LOFGOE,TAKDIU,0.8999999761581421
LOFGOE,QOJDUP,0.8999999761581421
LOFGOE,YOMBOS,0.8999999761581421
LOFKEY,WITMOD,1.0
LOFKEY,WITMIX,0.8999999761581421
LOFKEY,OWISOD,0.708108127117157
LOLREL,OWIHUZ,0.8999999761581421
LOLREL,OWIHIN,0.8999999761581421
LOLREL,OWIJIP,0.8999999761581421
LOLVAJ,XENBOI,0.47499996423721313
LOLVAJ,XANXUF,0.446153849363327
LOLVAJ,VOJPUG,0.43333330750465393
LOMQOV,VEGMIE01,1.0
LOMQOV,LUYSOP,1.0
LOMQOV,MOXDIN,1.0
LOMQOV,MOXDIN01,1.0
LONHON,RUBZIY02,1.0
LONHON,YICREI,1.0
LONJOP,PITYUN,0.5263158082962036
LONVAN,LONVER,1.0
LONVAN,LONVIV,1.0
LONVER,LONVIV,1.0
LONWIW,YUFLIW,1.0
LONWIW,OPAGIX,1.0
LONWIW,NOSTUM01,1.0
LONWIW,OTOLIU,0.8999999761581421
LOPXIZ,QIJNUU,0.4139534533023834
LOPXIZ,TURVEJ,0.3781818151473999
LOQFAA,SIXDUZ,1.0
LOQFAA,NASGIZ01,0.8999999761581421
LOQFEE,WEDZOW,0.5727272629737854
LOQFEE,QUSWIK,0.4724137783050537
LOQFEE,OBOBIS,0.4000000059604645
LOQLEJ,VIFPUY01,1.0
LOQLIN,MEGQAT,1.0
LOQLIN,MEGPUM,1.0
LOQLIN,QOVWOO,1.0
LOQLIN,QOVWOO01,1.0
LOQLIN01,MEGQAT,1.0
LOQLIN01,MEGPUM,1.0
LOQLIN01,MEQKOL,0.8999999761581421
LOQMUB,LOQYOH,0.8999999761581421
LOQMUB,LOQYIB,0.8999999761581421
LOQVOC,ODOKAU,1.0
LOQVOC,NUXMIC,1.0
LOQVOC,NELTUU,1.0
LOQVOC,NUXMIC01,1.0
LOQVOC,YEYMIY,0.8999999761581421
LOQYIB,LOQYOH,0.8999999761581421
LOQYIB,OBUZIV,0.41499999165534973
LORFED,LORFED01,1.0
LORFED,LORFED02,1.0
LORFED01,LORFED02,1.0
LORFED01,LORFUT,0.8999999761581421
LORFED02,PAXSEM,0.8999999761581421
LORFED02,PAXSEM01,0.8999999761581421
LORFUT,LORGAA,0.8999999761581421
LORGAA,LORGAA03,1.0
LORGAA,LORGAA04,1.0
LORGAA,LORGAA05,1.0
LORGAA,SAHTIF,0.8999999761581421
LORGAA,SAHTIF01,0.8999999761581421
LORGAA03,LORGAA04,1.0
LORGAA03,LORGAA05,1.0
LORGAA03,SEDTIF,0.8999999761581421
LORGAA04,LORGAA05,1.0
LORGAA04,SEDTIF,0.8999999761581421
LORGAA05,SAHTIF,0.8999999761581421
LORGAA05,SAHTIF01,0.8999999761581421
LORHUX,SIYGOZ,0.8999999761581421
LORHUX,SIYGIT,0.8999999761581421
LORHUX,SIYGUF,0.8999999761581421
LORROB,LORRUH,1.0
LORROB,LORROB01,1.0
LORROB,XALMII,0.8999999761581421
LORROB01,LORRUH,1.0
LORROB01,XALMII,0.8999999761581421
LORRUH,XALMII,0.8999999761581421
LOSGEH,LOSGIL,0.8999999761581421
LOSGEH,VUKKET,0.5378378629684448
LOSGIL,RASFEY,0.5764706134796143
LOSKUA,LOSKUA01,1.0
LOSKUA,QAHPEX02,0.8999999761581421
LOSKUA,QAHPEX04,0.8999999761581421
LOSKUA01,QAHPEX02,0.8999999761581421
LOSKUA01,QAHPEX04,0.8999999761581421
LOSLAH,PADKIP12,0.8999999761581421
LOSLAH,SIRBIG03,0.8999999761581421
LOSXIC,SORXAA,0.8999999761581421
LOSXIC,NUFYIX,0.621052622795105
LOSYAV,LOSYEZ,1.0
LOSYAV,PUZJIF,1.0
LOSYAV,PUZKUS,1.0
LOSYAV,LOSYID,1.0
LOSYAV,PUZJOL,1.0
LOSYAV,YABPAU,1.0
LOSYAV,YABPEY,1.0
LOSYEZ,PUZJIF,1.0
LOSYEZ,PUZKUS,1.0
LOSYID,PUZJIF,1.0
LOSYID,PUZKUS,1.0
LOSYID,YABPAU,1.0
LOSYID,YABPEY,1.0
LOTDON,WAVCAX,0.8999999761581421
LOTJIP,LOTJUB,0.8999999761581421
LOTJIP,ODIVUT,0.8999999761581421
LOTJUB,POLBEZ,0.8999999761581421
LOTJUB,ODIVUT,0.8999999761581421
LOVGUA,RAPXEN,0.8999999761581421
LOVGUA,RAPXIR,0.8999999761581421
LOVGUA,RAPXOX,0.8999999761581421
LOWKUF,YATDUV,1.0
LOWKUF,RUWFOG,0.8999999761581421
LOWKUF,UTEXEX,0.5344827771186829
LOWKUF,WAQTEQ,0.6516129374504089
LOWQIX,TOHYUM,1.0
LOWQIX,TIRLIQ,1.0
LOWQIX,QEZZED,0.8999999761581421
LOWQIX,WEMFUR,0.8999999761581421
LOWQIX,WIMWIA,1.0
LOWQIX,XINFUW,1.0
LOWREW,SOWYEK01,1.0
LOWREW,MOLTIR,0.8999999761581421
LOWREW,SOWWUY,0.8999999761581421
LOWREW,SOWYOU,0.8999999761581421
LOYBEI,LOZYIK,0.8999999761581421
LOYBEI,LOYBIM,0.686956524848938
LOYBIM,QUBHAX,0.8999999761581421
LOYBIM,QUBHAX01,0.8999999761581421
LOZQEY,OHETIE,0.5896551609039307
LOZQEY,ZNGLUD,0.5178571343421936
LOZQEY,ZNGLUD01,0.5178571343421936
LOZQOI,TONMEQ,0.8999999761581421
LOZQOI,SERTER,0.8999999761581421
LOZQOI,SERTER01,0.8999999761581421
LOZQOI,ULUQAV,0.7199999690055847
LOZSUQ,VUKJOC,1.0
LOZSUQ,VUKTOM,1.0
LOZSUQ,NEQTIP,1.0
LOZSUQ,TEPJOP,0.8999999761581421
LOZXEF,SERTER01,0.8999999761581421
LOZXEF,QANFUJ,0.8999999761581421
LOZXEF,TONMEQ,0.8999999761581421
LOZXEF,TONMAM,0.8999999761581421
LOZXEF,ULUPOI01,0.7199999690055847
LOZYIK,OWIFAD,0.6545454859733582
LUCDAO,YICKIH,1.0
LUCDAO,YICGOJ,1.0
LUCDES,TONBII,0.8999999761581421
LUCDIW,ZITFIU,1.0
LUCDIW,QOHYET,1.0
LUCDIW,NOCMAU,0.8999999761581421
LUCDIW,YICGEZ,0.8999999761581421
LUCKAX,WACLEU,0.8999999761581421
LUCKAX,VUJLET,0.8999999761581421
LUCKAX,XUFWOM,0.8999999761581421
LUDBOC,MAQRAA,0.8999999761581421
LUDBOC,OQIQEM,0.8999999761581421
LUDLAZ,XAMDUM01,0.64000004529953
LUDLAZ,XAMDUM02,0.64000004529953
LUDLAZ,SEKLEC01,0.5178571343421936
LUDLED,ZOFDUV,1.0
LUDLIH,ZOFDUV,1.0
LUDRUZ,WIVGAK,1.0
LUDRUZ,WEWFIQ,1.0
LUDRUZ,MIXXOI,1.0
LUDRUZ,NIRBOG,0.8999999761581421
LUDRUZ,WIVFUD,1.0
LUFBUL,YUWDIF,1.0
LUFBUL,LUFCAS,0.8999999761581421
LUFBUL,UYECAE,0.8999999761581421
LUFCAS,XOVFOF01,1.0
LUFCAS,XOVFOF,1.0
LUFCAS,OGAFUA,0.746874988079071
LUFCAS,UCABAE,0.7300000190734863
LUFCAS,UYEBOR,0.8999999761581421
LUFCAS,YIXYUB,1.0
LUFHUR,OPIRIQ,0.8999999761581421
LUFHUR,OZONIC,0.8999999761581421
LUFHUR,WAGKIB,0.8999999761581421
LUFNAC,LUFNAC05,1.0
LUFNAC,LUFNAC04,1.0
LUFNAC,LUFNIK,1.0
LUFNAC,XIDQIN,0.8999999761581421
LUFNAC01,LUFNAC05,1.0
LUFNAC01,LUFNAC04,1.0
LUFNAC01,LUFNIK,1.0
LUFNAC01,XIDQIN,0.8999999761581421
LUFNAC02,LUFNAC05,1.0
LUFNAC02,LUFNAC04,1.0
LUFNAC02,LUFNIK,1.0
LUFNAC03,LUFNAC05,1.0
LUFNAC03,LUFNAC04,1.0
LUFNAC03,LUFNIK,1.0
LUFNAC03,LUFNEG,1.0
LUFNAC03,TUTGUL,1.0
LUFNAC03,TUTHIA,1.0
LUFNAC03,TUTHOG,1.0
LUFNAC03,TUTHUM,1.0
LUFNAC03,TUTJAU,1.0
LUFNAC04,LUFNAC05,1.0
LUFNAC04,LUFNIK,1.0
LUFNAC04,LUFNEG,1.0
LUFNAC05,LUFNIK,1.0
LUFNEG,LUFNIK,1.0
LUFNIK,MAHGAG,0.8999999761581421
LUGLOO,MUQZEE,1.0
LUGLOO,VUKKET,1.0
LUGLOO,PENLEB,0.8999999761581421
LUGLOO,XEGQUY,0.8499999642372131
LUGLOO,XEGREJ,0.8031250238418579
LUGLUU,NASGEV,1.0
LUGTUD,SOCCET,0.7105263471603394
LUGVUF,UMAWUB,1.0
LUGVUF,TALGEU,0.8999999761581421
LUGVUF,REFXEI,0.209090918302536
LUGVUF,UDISEH,0.8999999761581421
LUGVUF,UDISIL,0.8999999761581421
LUHSUD,ZEYJOF,0.3531249761581421
LUHSUD,QANZAH,0.3499999940395355
LUJSOA,VEHYEM,0.8999999761581421
LUJSOA,REMQIJ,0.8999999761581421
LUKLIN,REGYOT,1.0
LUKLIN,SENXAN,0.8999999761581421
LUKLIN,MINCIX,0.8999999761581421
LUKQEN,VUNMOI,0.8999999761581421
LUKREO,LUKRIS,0.8999999761581421
LUKREO,LUKRUE,0.44999998807907104
LUKRIS,LUKRUE,0.44999998807907104
LULGAB,LULGEF,0.8999999761581421
LULGAB,LULGIJ,0.8999999761581421
LULGAB,PALJAO,0.6333333253860474
LULGEF,LULGIJ,0.8999999761581421
LULGEF,PALJAO,0.6333333253860474
LULGIJ,PALJAO,0.7333333492279053
LULGIJ,TUBMOU,0.48918917775154114
LULHUW,UXABUR,0.8999999761581421
LULHUW,TEQLAE,0.8999999761581421
LULHUW,TEQKEH,0.8999999761581421
LULJAE,YURCOF,0.8999999761581421
LULJAE,UXABOL,0.8999999761581421
LULJAE,UXACAY,0.8999999761581421
LULSAO,NUNPOC,0.8999999761581421
LULSAO,QUTTII01,0.621052622795105
LULSAO,MONFAY,0.5666666626930237
LUMDEC,LUMDIG,1.0
LUMDEC,METYIU,1.0
LUMDEC,MEVBIZ,0.48571428656578064
LUMDEC,NEHZIK,0.8999999761581421
LUMDIG,METYIU,1.0
LUMDIG,MEVBIZ,0.48571428656578064
LUMJEI,LUMJIM,1.0
LUMJEI,YIMCIJ,0.5846154093742371
LUMJEI,YIMCUV,0.5846154093742371
LUMJEI,RUDQUD,0.5210525989532471
LUMJEI,RUDQUD01,0.5210525989532471
LUMJIM,YIMCIJ,0.5846154093742371
LUMJIM,YIMCUV,0.5846154093742371
LUMMEN,LUXDUE,1.0
LUMMEN,WEMCOI,0.8999999761581421
LUNHUZ,WAWGOQ,0.7749999761581421
LUNHUZ,TEPMUZ,0.7488372325897217
LUNJEL,YITGOA,1.0
LUNJEL,OTABES,0.8999999761581421
LUNRAO,VAMWAI,1.0
LUNRAO,LUNRAO02,1.0
LUNRAO,WOQJIW03,1.0
LUNRAO,QESPIO,0.8999999761581421
LUNRAO,WOQJIW04,1.0
LUNRAO01,VAMWAI,1.0
LUNRAO01,LUNRAO02,1.0
LUNRAO01,WOQJIW03,1.0
LUNRAO02,VAMWAI,1.0
LUNRAO02,WOQJIW03,1.0
LUNRAO02,WOQJIW04,1.0
LUNWEW,QAMJEU,0.6157894730567932
LUNWEW,UFETAB01,0.5679999589920044
LUNWEW,MUKRIU,0.2975609600543976
LUPCOQ,UNAHEY,0.8999999761581421
LUPCOQ,NIMWUD,0.8999999761581421
LUPCOQ,NIMWEN,0.8999999761581421
LUPDEH,UVIROH,0.8999999761581421
LUPJOW,UGUGUZ,0.4049999713897705
LUPJOW,UBUPAK,0.4049999713897705
LUPJOW,QURTII,0.3400000035762787
LUPYAX,WEZNUM,0.6000000238418579
LUPYAX,UGUQOC,0.6000000238418579
LUPYAX,ZIPKUH,0.5846154093742371
LUQGAG,QIJFAT,0.45454543828964233
LUQGAG,QUPZAE,0.42499998211860657
LUQGAG,UTEXIB,0.42499998211860657
LUQQOE,SOHYEV,0.4000000059604645
LUQQOE,SOHYOF,0.4000000059604645
LUQQOE,XAHZIQ,0.4000000059604645
LURLOB,QALGUH,1.0
LURLOB,REZXEA,1.0
LURLOB,OCUNAC,1.0
LURMAO,QALGUH,1.0
LURMAO,REZXEA,1.0
LURMAO,MINVOU,1.0
LURMAO,MINVOU01,1.0
LURMAO,MINVUA02,1.0
LURMAO,OCUNAC,1.0
LURRIA,SEMNIJ,1.0
LURRIA,YIMQIX,0.7352941632270813
LUSHOX,SAMVEK,1.0
LUSHOX,MAHTAR01,1.0
LUSHOX,LUSHOX02,1.0
LUSHOX01,SAMVEK,1.0
LUSHOX01,MAHTAR01,1.0
LUSHOX01,LUSHOX02,1.0
LUSHOX01,LUSHOX03,1.0
LUSHOX01,LUSHOX04,1.0
LUSHOX01,LUSHOX05,1.0
LUSHOX02,SAMVEK,1.0
LUSHOX02,MAHTAR01,1.0
LUSHOX03,SAMVEK,1.0
LUSHOX03,MAHTAR01,1.0
LUSHOX03,MAHTAR,1.0
LUSHOX04,SAMVEK,1.0
LUSHOX04,MAHTAR01,1.0
LUSHOX05,SAMVEK,1.0
LUSHOX05,MAHTAR01,1.0
LUSQIB,LUSQOH,1.0
LUSYEF,TEJBUI,1.0
LUSYEF,QIDJOF,0.6516129374504089
LUSZIJ,LUSZOP01,1.0
LUSZIJ,PAMQIF,1.0
LUSZIJ01,LUSZOP01,1.0
LUSZIJ01,PAMQIF,1.0
LUSZOP,LUSZOP01,1.0
LUSZOP,LUSZUV,1.0
LUSZOP,LUTBEI,1.0
LUSZOP,LUTBUY,1.0
LUSZOP,LUTCAF,1.0
LUSZOP,LUTCEJ,1.0
LUSZOP,LUTCIN,1.0
LUSZOP,LUTDAG,1.0
LUSZOP,PAMQIF,1.0
LUTWON,OBAWOG,0.4178571105003357
LUVBAH,NEBQAO,0.8999999761581421
LUVBAH,NEBPUH,0.8999999761581421
LUWKEV,QUSBIQ,1.0
LUWKEV,UKEBOD,0.5320000052452087
LUWKIZ,REVGUW,0.4923076927661896
LUWKIZ,WIPPIW,1.0
LUWMEX,YUMFUJ,1.0
LUWMIB,WOJZAY,1.0
LUWMOH,WOJYIF,1.0
LUWMOH,WOJZOM,1.0
LUWMOH,LUWMUN,0.9142857193946838
LUWMUN,WOJZOM,0.9142857193946838
LUWMUN,ZESFAH,0.9099999666213989
LUWNAU,UMIZEX,1.0
LUWNAU,MIRGIG,0.9142857193946838
LUWZUZ,LUWZUZ02,1.0
LUWZUZ,LUWZUZ01,1.0
LUWZUZ01,LUWZUZ02,1.0
LUXDEO,TOHMIO,0.2634146213531494
LUXDEO,OPUKAN01,0.2634146213531494
LUXFOA,YELYOE,0.8999999761581421
LUXFOA,WEMCEY,0.8999999761581421
LUXFOA,PATLAZ,0.8999999761581421
LUXFOA,UYOFIY,0.8999999761581421
LUXFUG,XETHIO,0.8999999761581421
LUXFUG,YELYOE,0.8999999761581421
LUXFUG,UYOFIY,0.8999999761581421
LUXYAG,NOBQEB,0.35199999809265137
LUYBIS,TOHMIO,1.0
LUYBIS,XOLSOI,0.8999999761581421
LUYHAP,RUVKAV,1.0
LUYHAP,MEHMET,0.9571428894996643
LUYMUO,UMELUU,1.0
LUYMUO,UMORIY,1.0
LUYMUO,UMEMAB,1.0
LUYREE,XANMUX,0.8999999761581421
LUYREE,ZINVUQ,0.6299999952316284
LUYSOP,VEGMIE01,1.0
LUYSOP,VAKREG,1.0
LUYSOP,VAKRIK,1.0
LUYZAH,LUYZAH01,1.0
LUYZAH,LUYZAH02,1.0
LUZYUA,XIGFEY,1.0
LUZYUA,MICDUX,1.0
LUZYUA,QOBHEU,1.0
LUZYUA,QOBHEU01,1.0
MACHIJ,SOQSAU,0.8999999761581421
MACHIJ,SUTBOZ,0.8999999761581421
MACHIJ,UQIVIB,0.8999999761581421
MACHIJ,OFORUZ,0.5800000429153442
MACKAE,VUQHUL01,0.8999999761581421
MACUFR,ROLCEC15,1.0
MACUFR,ROLCEC14,1.0
MACUFR,SANMAX,1.0
MACUFR01,ROLCEC15,1.0
MACUFR01,ROLCEC14,1.0
MACUFR01,SANMAX,1.0
MACUFR02,ROLCEC15,1.0
MACUFR02,ROLCEC14,1.0
MACUFR02,SANMAX,1.0
MACUFR03,ROLCEC15,1.0
MACUFR03,ROLCEC14,1.0
MACUFR03,SANMAX,1.0
MACUFR04,ROLCEC15,1.0
MACUFR04,ROLCEC14,1.0
MACUFR04,SANMAX,1.0
MACUFR05,ROLCEC15,1.0
MACUFR05,ROLCEC14,1.0
MACUFR05,SANMAX,1.0
MACUFR06,ROLCEC15,1.0
MACUFR06,ROLCEC14,1.0
MACUFR06,SANMAX,1.0
MACUFR07,ROLCEC15,1.0
MACUFR07,ROLCEC14,1.0
MACUFR07,SANMAX,1.0
MACUFR11,ROLCEC15,1.0
MACUFR11,ROLCEC14,1.0
MACUFR11,SANMAX,1.0
MACUFR12,ROLCEC15,1.0
MACUFR12,ROLCEC14,1.0
MACUFR12,SANMAX,1.0
MACUFR13,ROLCEC15,1.0
MACUFR13,ROLCEC14,1.0
MACUFR13,SANMAX,1.0
MACUFR14,ROLCEC15,1.0
MACUFR14,ROLCEC14,1.0
MACUFR14,SANMAX,1.0
MACUFR16,OSILOS,0.19374999403953552
MADVUJ,MADWAQ,1.0
MADVUJ,OXEVOE,0.4049999713897705
MADWAQ,OXEVOE,0.4049999713897705
MAFBOM,MAFBUS,1.0
MAFBOM,TABFOT,0.8999999761581421
MAFBUS,TABFOT,0.8999999761581421
MAFDII,NODKUN,1.0
MAFDII,MIQCUL,0.8999999761581421
MAFJIO,UQERIT,0.821739137172699
MAFJIO,OQANIE,0.7000000476837158
MAFWEY,OSAXIQ,0.8999999761581421
MAFWUM,ZEYJIZ,0.3181818127632141
MAFZIE,MAFZUQ,1.0
MAFZIE,MAGBON,1.0
MAFZIE,PASDOE,0.5935484170913696
MAFZIE,PUSXIL,1.0
MAFZIE,PUSXIL01,1.0
MAFZOK,MAFZUQ,1.0
MAFZOK,MAGBON,1.0
MAFZOK,MAGBIH,1.0
MAFZUQ,MAGBON,1.0
MAFZUQ,PASDOE,0.5935484170913696
MAFZUQ,PUSXIL,1.0
MAFZUQ,PUSXIL01,1.0
MAGBIH,MAGBON,1.0
MAGBON,SAJLOH,0.6839999556541443
MAGCEE,MAGCEE01,1.0
MAGKIP,ROGRAH,1.0
MAGKIP,ROGRUB,1.0
MAGKIP,YEMHOO,1.0
MAGMOZ,ROLCEC15,1.0
MAGMOZ,ROLCEC14,1.0
MAGMOZ,SANMAX,1.0
MAGMOZ01,ROLCEC15,1.0
MAGMOZ01,ROLCEC14,1.0
MAGMOZ01,SANMAX,1.0
MAGMOZ02,ROLCEC15,1.0
MAGMOZ02,ROLCEC14,1.0
MAGMOZ02,SANMAX,1.0
MAGMOZ03,ROLCEC15,1.0
MAGMOZ03,ROLCEC14,1.0
MAGMOZ03,SANMAX,1.0
MAGMOZ04,ROLCEC15,1.0
MAGMOZ04,ROLCEC14,1.0
MAGMOZ04,SANMAX,1.0
MAGNEQ,ROLCEC15,1.0
MAGNEQ,ROLCEC14,1.0
MAGNEQ,SANMAX,1.0
MAGNEQ01,ROLCEC15,1.0
MAGNEQ01,ROLCEC14,1.0
MAGNEQ01,SANMAX,1.0
MAGNEQ02,ROLCEC15,1.0
MAGNEQ02,ROLCEC14,1.0
MAGNEQ02,SANMAX,1.0
MAGNEQ03,ROLCEC15,1.0
MAGNEQ03,ROLCEC14,1.0
MAGNEQ03,SANMAX,1.0
MAGNEQ04,ROLCEC15,1.0
MAGNEQ04,ROLCEC14,1.0
MAGNEQ04,SANMAX,1.0
MAGVOG,MAGVOG14,1.0
MAGVOG,MAGVOG13,1.0
MAGVOG,MAGVOG18,1.0
MAGVOG01,MAGVOG14,1.0
MAGVOG01,MAGVOG13,1.0
MAGVOG01,MAGVOG18,1.0
MAGVOG02,MAGVOG14,1.0
MAGVOG02,MAGVOG13,1.0
MAGVOG02,MAGVOG18,1.0
MAGVOG03,MAGVOG14,1.0
MAGVOG03,MAGVOG13,1.0
MAGVOG03,MAGVOG18,1.0
MAGVOG04,MAGVOG14,1.0
MAGVOG04,MAGVOG13,1.0
MAGVOG04,MAGVOG18,1.0
MAGVOG05,MAGVOG14,1.0
MAGVOG05,MAGVOG13,1.0
MAGVOG05,MAGVOG18,1.0
MAGVOG05,MICDIL,0.8999999761581421
MAGVOG06,MAGVOG14,1.0
MAGVOG06,MAGVOG13,1.0
MAGVOG06,MAGVOG18,1.0
MAGVOG07,MAGVOG14,1.0
MAGVOG07,MAGVOG13,1.0
MAGVOG07,MAGVOG18,1.0
MAGVOG08,MAGVOG14,1.0
MAGVOG08,MAGVOG13,1.0
MAGVOG08,MAGVOG18,1.0
MAGVOG09,MAGVOG14,1.0
MAGVOG09,MAGVOG13,1.0
MAGVOG09,MAGVOG18,1.0
MAGVOG10,MAGVOG14,1.0
MAGVOG10,MAGVOG13,1.0
MAGVOG10,MAGVOG18,1.0
MAGVOG11,MAGVOG14,1.0
MAGVOG11,MAGVOG13,1.0
MAGVOG11,MAGVOG18,1.0
MAGVOG12,MAGVOG14,1.0
MAGVOG12,MAGVOG13,1.0
MAGVOG12,MAGVOG18,1.0
MAGVOG12,MAGVOG15,1.0
MAGVOG12,MAGVOG16,1.0
MAGVOG12,MAGVOG17,1.0
MAGVOG12,MAGVOG19,1.0
MAGVOG12,MAGVOG20,1.0
MAGVOG12,MAGVOG21,1.0
MAGVOG12,MAGVOG22,1.0
MAGVOG12,MAGVOG23,1.0
MAGVOG12,MAGVOG24,1.0
MAGVOG12,MAGVOG25,1.0
MAGVOG12,MAGVOG26,1.0
MAGVOG12,MAGVOG27,1.0
MAGVOG12,MAGVOG28,1.0
MAGVOG12,MAGVOG29,1.0
MAGVOG12,MAGVOG30,1.0
MAGVOG12,MAGVOG31,1.0
MAGVOG12,MAGVOG32,1.0
MAGVOG12,MAGVOG33,1.0
MAGVOG12,MAGVOG34,1.0
MAGVOG12,MAGVOG35,1.0
MAGVOG12,WEMYOC,0.4000000059604645
MAGVOG12,WEMYOC01,0.4000000059604645
MAGVOG13,MAGVOG14,1.0
MAGVOG13,MAGVOG18,1.0
MAGVOG13,MAGVOG15,1.0
MAGVOG13,MAGVOG16,1.0
MAGVOG13,MAGVOG17,1.0
MAGVOG13,MAGVOG19,1.0
MAGVOG13,MAGVOG20,1.0
MAGVOG13,MAGVOG21,1.0
MAGVOG13,MAGVOG22,1.0
MAGVOG13,MAGVOG23,1.0
MAGVOG13,MAGVOG24,1.0
MAGVOG13,MAGVOG25,1.0
MAGVOG13,MAGVOG26,1.0
MAGVOG13,MAGVOG27,1.0
MAGVOG13,MAGVOG28,1.0
MAGVOG13,MAGVOG29,1.0
MAGVOG13,MAGVOG30,1.0
MAGVOG13,MAGVOG31,1.0
MAGVOG13,MAGVOG32,1.0
MAGVOG13,MAGVOG33,1.0
MAGVOG13,MAGVOG34,1.0
MAGVOG13,MAGVOG35,1.0
MAGVOG14,MAGVOG18,1.0
MAGVOG15,MAGVOG18,1.0
MAGVOG16,MAGVOG18,1.0
MAGVOG16,MEKVAA,0.8999999761581421
MAGVOG17,MAGVOG18,1.0
MAGVOG17,MAGVOG19,1.0
MAGVOG17,MAGVOG20,1.0
MAGVOG17,MAGVOG21,1.0
MAGVOG17,MAGVOG22,1.0
MAGVOG17,MAGVOG23,1.0
MAGVOG17,MAGVOG24,1.0
MAGVOG17,MAGVOG25,1.0
MAGVOG17,MAGVOG26,1.0
MAGVOG17,MAGVOG27,1.0
MAGVOG17,MAGVOG28,1.0
MAGVOG17,MAGVOG29,1.0
MAGVOG17,MAGVOG30,1.0
MAGVOG17,MAGVOG31,1.0
MAGVOG17,MAGVOG32,1.0
MAGVOG17,MAGVOG33,1.0
MAGVOG17,MAGVOG34,1.0
MAGVOG17,MAGVOG35,1.0
MAGVOG17,MICDIL,0.8999999761581421
MAGVOG22,VAMHUM,0.8999999761581421
MAGVOG24,VAMHUM,0.8999999761581421
MAGXOI,NUQYIH,0.8999999761581421
MAGXOI,SIWNIW,0.8999999761581421
MAGXOI,NAHNLA10,0.8999999761581421
MAGXOI,NITADY,0.8999999761581421
MAGXOI,SIWNES,0.8999999761581421
MAGXOK,UDICAN,1.0
MAGXOK,UDICER,1.0
MAGXOK,WUPVEK,1.0
MAHCIK,VAZTOG,0.4724137783050537
MAHDOR,NULRUH,0.48181816935539246
MAHDOR,NULROB,0.48181816935539246
MAHDOR,UGOSOY,0.44999998807907104
MAHDOR,YOPSUS,0.40937498211860657
MAHGAG,TUTHUM,0.8999999761581421
MAHGAG,ZOMWUV,0.3288135528564453
MAHTAR,XUDSUK,1.0
MAHTAR,VOBQIO,1.0
MAHTAR,VOBQEK,1.0
MAHTAR01,XUDSUK,1.0
MAHTAR01,VOBQIO,1.0
MAHTAR01,RUYGEY,0.8999999761581421
MAHTAR01,RUYGEY01,0.8999999761581421
MAHTAR01,VOBQEK,1.0
MAJMOA,VIRJIQ,1.0
MAJMOA,YICCOE,1.0
MAJMOA,YANBAR01,1.0
MAJMOA01,VIRJIQ,1.0
MAJMOA01,YICCOE,1.0
MAJMOA01,YANBAR01,1.0
MAJMOA02,VIRJIQ,1.0
MAJMOA02,YICCOE,1.0
MAJMOA02,YANBAR01,1.0
MAJMOA03,VIRJIQ,1.0
MAJMOA03,YICCOE,1.0
MAJMOA03,YANBAR01,1.0
MAJMOA04,VIRJIQ,1.0
MAJMOA04,YICCOE,1.0
MAJMOA04,YANBAR01,1.0
MAJMOA05,VIRJIQ,1.0
MAJMOA05,YICCOE,1.0
MAJMOA05,YANBAR01,1.0
MAJMOA06,VIRJIQ,1.0
MAJMOA06,YICCOE,1.0
MAJMOA06,YANBAR01,1.0
MAJMOA07,VIRJIQ,1.0
MAJMOA07,YICCOE,1.0
MAJMOA07,YANBAR01,1.0
MAJMOA08,VIRJIQ,1.0
MAJMOA08,YICCOE,1.0
MAJMOA08,YANBAR01,1.0
MAJMOA09,VIRJIQ,1.0
MAJMOA09,YICCOE,1.0
MAJMOA09,YANBAR01,1.0
MAJPUJ,VOJRUI,1.0
MAJPUJ,YIDJAX01,0.8999999761581421
MAJPUJ,VOJRIW,0.8999999761581421
MAJPUJ,VOJSAP,0.8999999761581421
MAJPUJ,XIFXAM,0.8999999761581421
MAKFIQ,MUNLUE,0.8999999761581421
MAKFIQ,MAKGAJ,0.8999999761581421
MAKFIQ,MAKFOW,0.8999999761581421
MAKFOW,MAKGAJ,0.8999999761581421
MAKFOW,MUNLUE,0.8999999761581421
MAKGAJ,MUNLUE,0.8999999761581421
MAKGAJ,VETTUK,0.3812499940395355
MAKGEN,MAKGOX,0.8999999761581421
MAKGEN,WENSUG,0.8999999761581421
MAKGEN,OKILUR,0.8999999761581421
MAKGEN,MAKHAK,0.8999999761581421
MAKGEN,OKIMAY,0.8999999761581421
MAKGIR,WENSOA,0.8999999761581421
MAKGIR,WENSUG,0.8999999761581421
MAKGIR,MAKGOX,0.8999999761581421
MAKGOX,OKIMAY,0.8999999761581421
MAKGOX,MAKGUD,0.8999999761581421
MAKGOX,OKILUR,0.8999999761581421
MAKGOX,OKIQEG,0.8999999761581421
MAKGOX,WENSUG,0.8999999761581421
MAKGUD,MAKHAK,0.8999999761581421
MAKGUD,WENSUG,0.8999999761581421
MAKGUD,OKIQEG,0.8999999761581421
MAKHAK,OKILUR,0.8999999761581421
MAKHAK,OKIQEG,0.8999999761581421
MAKHAK,MAKHEO,0.8999999761581421
MAKHAK,WENSUG,0.8999999761581421
MAKHEO,WENSUG,0.8999999761581421
MAKHEO,OKIQEG,0.8999999761581421
MAKHEO,OKIMAY,0.8999999761581421
MAKHOY,RIFDUG01,1.0
MAKHOY,NIWYAV,1.0
MAKSAT,OHUVIY,1.0
MAKWIG,VEYTID,0.8999999761581421
MAKWIG,NAJTIB,0.8999999761581421
MAKWIG,UYIXIK,0.41999998688697815
MALAMN,SENNOP,1.0
MALAMN,SENNIJ,1.0
MALAMN,SEJSOQ,1.0
MALAMN,MEYFUR,0.8999999761581421
MALAMN01,SENNOP,1.0
MALAMN01,SENNIJ,1.0
MALAMN01,SEJSOQ,1.0
MALAMN01,REXBED,0.8999999761581421
MALFUD,NISCOJ,0.8999999761581421
MALFUD,PUFXUL,0.8999999761581421
MALFUD,UKALAV,0.7000000476837158
MALFUD,OTOZAA,0.5263158082962036
MALFUD,UTEDEE,0.574999988079071
MALRUP,MALSEA,1.0
MALRUP,MALSIE,1.0
MALRUP,MALSOK,1.0
MALSEA,MALSIE,1.0
MALSEA,MALSOK,1.0
MALSIE,MALSOK,1.0
MALWUU,UYOGOF,1.0
MALYIJ,WOYJEB,0.4909090995788574
MALYIJ,WOYHUP,0.4909090995788574
MALYIJ,WOYJOL,0.4909090995788574
MANDUD,UKIBUN,0.8999999761581421
MANDUD,WUPVAG,0.8999999761581421
MANLAP,QEPZUH,0.8999999761581421
MANLAP,QEPZOB,0.8999999761581421
MANLAP,MANLET,0.8999999761581421
MANLAP,MANLIX,0.6545454859733582
MANLAP,MANLOD,0.6545454859733582
MANLAP,MIRKIK,0.3400000035762787
MANLAP,QEGGUE,0.7000000476837158
MANLET,QEPZUH,0.8999999761581421
MANLET,QEPZOB,0.8999999761581421
MANLET,QEGGUE,0.6000000238418579
MANLIX,MANLOD,0.8999999761581421
MANLIX,QEPZOB,0.6545454859733582
MANLOD,QEPZUH,0.6545454859733582
MAPBAI,OXAZIX,1.0
MAPBAI,MITQEM,0.8999999761581421
MAPCUE,MAPLEX,0.8999999761581421
MAPCUE,PAQPOP,0.7749999761581421
MAPCUE,PAQPEF,0.6749999523162842
MAPFER,NOLYOC,0.34893617033958435
MAPFIS,NIVFUT,1.0
MAPFIS,NIVFUT01,1.0
MAPFIS,MAPFOY,0.5199999809265137
MAPFIS,OKATUP,0.8999999761581421
MAPFIS,OKAVAX,0.8999999761581421
MAPFIS,OKAVEB,0.8999999761581421
MAPFIS,POKXET,0.5538461804389954
MAPFIS,POKXIX,0.5538461804389954
MAPFIS,XEDLUN,0.7545455098152161
MAPFIS,XEDLUN01,0.7545455098152161
MAPFOY,NIVFUT,0.5199999809265137
MAPFOY,NIVFUT01,0.5199999809265137
MAPGOC,MAPGUI,1.0
MAPGOC,VUDQOB,1.0
MAPGOC,VALVAI,1.0
MAPGUI,VUDQOB,1.0
MAPGUI,REQDIB,1.0
MAPHAP,UJEFOE,1.0
MAPHAP,UJEFOE01,1.0
MAPHAP,YICGOJ,0.8999999761581421
MAPLEX,PAQPEF,0.7749999761581421
MAPLEX,PAQPOP,0.6749999523162842
MAPLEX,PAQPIJ,0.6749999523162842
MAPXEH,YEKREO,0.550000011920929
MAPXEH,RUDLIN,0.3911764621734619
MAQBAK,MAQBIS,0.8999999761581421
MAQDUD,MAQDUD01,1.0
MAQDUD,YIXFUI,0.8999999761581421
MAQDUD,NEXXIZ,0.64000004529953
MAQDUD,ZIQQOI,0.6684210300445557
MAQDUD01,YIXFUI,0.8999999761581421
MAQDUD01,NEZQAN,0.7749999761581421
MAQJUK,WEKWIT,1.0
MAQJUK,WEKWOZ,1.0
MAQJUK,MAQKAR01,1.0
MAQJUK,MAQKAR,1.0
MAQKAR,WEKWOZ,1.0
MAQKAR,WEKWIT,1.0
MAQKAR,MAQKAR01,1.0
MAQKAR,PUDTAK,0.8999999761581421
MAQKAR,SIVGAH,0.8999999761581421
MAQKAR,UKACIU,0.8999999761581421
MAQKAR,WEKWUF,0.8999999761581421
MAQKAR01,WEKWOZ,1.0
MAQKAR01,WEKWIT,1.0
MAQKAR01,XADCEM,0.4214285612106323
MAQRAA,MAQRAA01,1.0
MAQRAA,PASMOO,0.8999999761581421
MAQRAA,SOKWAS01,0.8999999761581421
MAQRAA01,PASMOO,0.8999999761581421
MAQRAA01,SOKWAS01,0.8999999761581421
MAQRAA01,NIGLUK,0.25
MAQZUB,TILHAZ,1.0
MAQZUB,MAQZUB01,1.0
MAQZUB,YIXZIQ,0.925000011920929
MAQZUB01,TILHAZ,1.0
MAQZUB01,YIXZIQ,0.925000011920929
MARDAM,VAXVEX,0.695454478263855
MARDAM,XANMUX,0.6299999952316284
MARDAM,MARDEQ,0.6206896305084229
MARDAM,ZOZPUB,0.6275862455368042
MARDEQ,XANMUX,0.5344827771186829
MARDOB,XAYLER,0.4692307710647583
MARDOB,YEMXEW,0.4176470637321472
MARDOB,PODWIQ,0.2852941155433655
MARDOB,UBUMOW,0.30937498807907104
MARDOB,WAYWUR,0.30937498807907104
MARLID,MARLOJ,1.0
MARLID,MARMOK,0.8999999761581421
MARLID,MARLUP,0.8999999761581421
MARLID,MARMIE,0.8999999761581421
MARLID,MARMUQ,0.8999999761581421
MARLOJ,MARMOK,0.8999999761581421
MARLOJ,MARLUP,0.8999999761581421
MARLOJ,QILYIT,0.5823529362678528
MARLUP,MARMIE,1.0
MARLUP,MARMOK,0.8999999761581421
MARLUP,MARMUQ,0.8999999761581421
MARLUP,QILYIT,0.5823529362678528
MARXEK,SIZGEO,0.8999999761581421
MARXEK,TECVOO,0.8999999761581421
MASXIN,NAWHOL,1.0
MASXIN,NAWHOL01,1.0
MASZEO,RUBJOO,1.0
MASZEO,ZIVCEO,0.8999999761581421
MASZEO,MUQSIA,0.8999999761581421
MASZEO,ZIVCAK,0.8999999761581421
MAVFEV,WEMDUP,1.0
MAVFEV,NAVYUG,1.0
MAVFEV03,WEMDUP,1.0
MAVFEV03,NAVYUG,1.0
MAVFEV03,QESPEM,1.0
MAVLIH,XEMKOS,0.7258064150810242
MAVLIH,REXYAX,0.7000000476837158
MAVNUU,VEWKUF,1.0
MAVNUU,SUKYON,0.8999999761581421
MAVNUU,TOVKAS,0.8999999761581421
MAVRAE,VIXZUZ,0.8999999761581421
MAVRAE,NUTYIM,0.8999999761581421
MAVRAE,NUTYEI,0.8999999761581421
MAVRAE,RORJIT,0.71875
MAWBUK,NIMXAK,1.0
MAWBUK,MAWCIZ,1.0
MAWBUK,MAWCAR,1.0
MAWBUK,MAWCEV,1.0
MAWBUK,MIQXIW,0.8999999761581421
MAWCAR,NIMXAK,1.0
MAWCAR,MAWCIZ,1.0
MAWCEV,NIMXAK,1.0
MAWCEV,MAWCIZ,1.0
MAWCIZ,NIMXAK,1.0
MAWGEZ,ZOTPOP,0.8999999761581421
MAWGEZ,ZOTPUV,0.8999999761581421
MAWGEZ,ZELQOZ,0.5558823347091675
MAWTUC,MAWVAK,1.0
MAWWAK,MAWWAK09,1.0
MAWWAK,MAWWAK01,1.0
MAWWAK,MAWWAK12,1.0
MAWWAK,MAWWAK02,1.0
MAWWAK01,MAWWAK09,1.0
MAWWAK01,MAWWAK12,1.0
MAWWAK02,MAWWAK09,1.0
MAWWAK02,MAWWAK12,1.0
MAWWAK02,MAWWAK05,1.0
MAWWAK02,MAWWAK08,1.0
MAWWAK02,MAWWAK11,1.0
MAWWAK03,MAWWAK12,0.48571428656578064
MAWWAK03,MAWWAK09,0.48571428656578064
MAWWAK03,MAWWAK08,0.48571428656578064
MAWWAK05,MAWWAK09,1.0
MAWWAK05,MAWWAK12,1.0
MAWWAK08,MAWWAK09,1.0
MAWWAK08,MAWWAK12,1.0
MAWWAK08,MAWWAK11,1.0
MAWWAK09,MAWWAK12,1.0
MAWWAK11,MAWWAK12,1.0
MAXDUM,MAXDUM01,1.0
MAXDUM,OVUDAL,0.8999999761581421
MAXDUM,OXUPIH,0.8999999761581421
MAXDUM01,OVUDAL,0.8999999761581421
MAXDUM01,OXUPIH,0.8999999761581421
MAXDUM01,YAYPAR,0.8999999761581421
MAXDUM01,YAYPEV,0.8999999761581421
MAXFAU,OVUDAL,0.8999999761581421
MAXFAU,MAXGAV,0.8999999761581421
MAXFAU,TAJQAY,0.8999999761581421
MAXFAU,TAJQEC,0.8999999761581421
MAXFAU,TOBHAT,0.8999999761581421
MAXFEY,OXUPIH,0.8999999761581421
MAXFEY,UXUWOB,0.8999999761581421
MAXFEY,UXUYOD,0.8999999761581421
MAXFIA,XAYMUF,1.0
MAXFIA,PAVLEE,0.6318181753158569
MAXFIA,PAVLOO,0.6318181753158569
MAXFIA,NAFJAH,0.49130430817604065
MAXFIA,OMAWOP,0.49130430817604065
MAXFIA,RIVTIA,0.49130430817604065
MAXFIA,RUDQEN,0.49130430817604065
MAXFIA,RUSTOP,0.550000011920929
MAXFIA,XANMIJ,0.6157894730567932
MAXFOI,TAJQEC,0.8999999761581421
MAXFOI,MAXGAV,0.8999999761581421
MAXFOI,MAXGEZ,0.8999999761581421
MAXFOI,XANBOE,0.8999999761581421
MAXFUO,XANBOE,0.8999999761581421
MAXFUO,UXUYOD,0.8999999761581421
MAXFUO,MAXGUP,0.8999999761581421
MAXGAV,OXUPIH,0.8999999761581421
MAXGEZ,MAXGOJ,0.8999999761581421
MAXGEZ,XANBOE,0.8999999761581421
MAXGID,UXUWOB,0.8999999761581421
MAXGID,WIVKIX,0.8999999761581421
MAXGID,YADQUQ,0.6157894730567932
MAXGOJ,YAYPAR,0.8999999761581421
MAXGOJ,UXUWOB,0.8999999761581421
MAXGOJ,UXUYOD,0.8999999761581421
MAXGUP,YADQUQ,0.6157894730567932
MAXHAW,MAXJAY,0.8999999761581421
MAXHAW,MAXJIG,0.8999999761581421
MAXHAW,MAXHOK,0.8999999761581421
MAXHEA,MAXHOK,0.8999999761581421
MAXHEA,MAXHIE,0.8999999761581421
MAXHEA,MAXJIG,0.8999999761581421
MAXHEA,MAXJEC,0.8999999761581421
MAXHIE,MAXHOK,0.8999999761581421
MAXHIE,MAXKAZ,0.8999999761581421
MAXHIE,MAXJIG,0.8999999761581421
MAXHIE,MAXJOM,0.8999999761581421
MAXHIE,MAXJUS,0.8999999761581421
MAXHOJ,MAXHUP,1.0
MAXHOJ01,MAXHOJ02,1.0
MAXHOJ01,VEWHIQ,0.8999999761581421
MAXHOJ02,VEWHIQ,0.8999999761581421
MAXHOJ02,MELHOB,0.8999999761581421
MAXHOK,MAXKAZ,0.8999999761581421
MAXHOK,MAXJIG,0.8999999761581421
MAXHOK,MAXJAY,0.8999999761581421
MAXHOK,MAXHUQ,0.8999999761581421
MAXHOK,MAXJOM,0.8999999761581421
MAXHUP,UYUSAJ,0.3959999978542328
MAXHUQ,MAXJIG,0.8999999761581421
MAXHUQ,MAXJOM,0.8999999761581421
MAXHUQ,MAXJAY,0.8999999761581421
MAXJAY,MAXJOM,0.8999999761581421
MAXJAY,MAXJEC,0.8999999761581421
MAXJAY,MAXKAZ,0.8999999761581421
MAXJEC,MAXJIG,0.8999999761581421
MAXJIG,MAXJOM,0.8999999761581421
MAXJIG,MAXKAZ,0.8999999761581421
MAXJOM,MAXJUS,0.8999999761581421
MAXJOM,MAXKAZ,0.8999999761581421
MAXJUS,MAXKAZ,0.8999999761581421
MAYJOM,VACFOV,1.0
MAYJOM,VIFPUY04,1.0
MAYJOM,VIFPUY03,1.0
MAYPEI,OGAQES,0.5
MAYXUG,MAYYER,1.0
MAYXUG,UNIROZ,0.8999999761581421
MAYXUG,UNIRUF06,0.8999999761581421
MAYYER,UNIROZ,0.8999999761581421
MAYYER,UNIRUF06,0.8999999761581421
MAZJAY,ZUVTEP,0.8999999761581421
MAZJAY,ULUPUM01,0.8999999761581421
MAZJAY,URXDAC10,0.8999999761581421
MAZJEC,PADROD,0.8999999761581421
MAZJEC,NAFQIV,0.8999999761581421
MAZJEC,ULUPUM,0.8999999761581421
MAZJEC,ULUPUM01,0.8999999761581421
MEBLUA,QILWOX,0.5117647051811218
MEBMEM01,WOHDED,0.8999999761581421
MEBMEM01,YEGKOM,0.8999999761581421
MEBMEM01,OCOTUX,0.3461538553237915
MECNOA,XOMSUP,0.8142856955528259
MECWEX,OFERUN09,1.0
MECWEX,YUDWAX,1.0
MECWEX,YUDWEB,1.0
MECWIB,MECWOH,0.625
MECWIB,YORCEP,1.0
MECWOH,YORCEP,0.625
MEDDAD,OXICEF,0.8999999761581421
MEDDAD,WELWES,0.5499999523162842
MEDDAD,SAZQUI,0.5499999523162842
MEFHUC,ZEHJEE,0.918181836605072
MEFHUC,TOBKEC,0.8181818127632141
MEFHUC,NATHUO,0.550000011920929
MEFHUC,UVOTOQ,0.699999988079071
MEFSOI,WUMLIB,0.7387096881866455
MEFYUT,RAHBUZ,1.0
MEFYUT,PUWCUF,1.0
MEFZUU,VEJHEZ,0.8999999761581421
MEFZUU,VEJHID,0.8999999761581421
MEGNAQ,OKILIE,0.6352941393852234
MEGNIX,QITDOO,1.0
MEGNIX,VUXGOM,0.8999999761581421
MEGNIX,TOWMUP,0.8999999761581421
MEGNOD,MEGPIZ,0.8999999761581421
MEGNOD,MEGPAR,0.8999999761581421
MEGNOD,MEGQAS,0.8999999761581421
MEGNUJ,SUXWIT,0.8999999761581421
MEGPEV,YAJNEF,0.8999999761581421
MEGPEV,MINFOH,0.8999999761581421
MEGPIZ,SARMEE,1.0
MEGPIZ,SETFUT,0.8999999761581421
MEGPOF,SARMII,1.0
MEGPUM,RUHCED,1.0
MEGPUM,SICDAL,1.0
MEGQAS,MINFOH,0.8999999761581421
MEGQAS,ODOMIF,0.8999999761581421
MEGQAT,RUHCED,1.0
MEGQAT,QOVWOO,1.0
MEGQAT,QOVWOO01,1.0
MEGQEW,SUJNUH,0.8999999761581421
MEGQOG,YAJMUU,0.8999999761581421
MEGQOG,SUZXES,0.8999999761581421
MEGVAY,UVELUD,1.0
MEGVAY,ZZZDZA02,1.0
MEGVAY,UVELIR,1.0
MEGVAY,UVELIR01,1.0
MEGVAY,ZAGHAT,0.8999999761581421
MEGVAY,ZZZDZA01,1.0
MEGVUQ,SIBJAP,1.0
MEHMET,RUVKAV,0.9571428894996643
MEHMET,SEMNEF,0.8560000061988831
MEHRUN,SIRBIG01,0.8999999761581421
MEHVIH,QUCPEK,0.5400000214576721
MEHVIH,XOWKUQ,0.529411792755127
MEKHAN,XUMMEZ,0.5142857432365417
MEKHAN,XUMMOJ,0.5142857432365417
MEKVAA,MICDIL,1.0
MEKYAF,MINQOQ,0.26052629947662354
MELHOB,VEWHIQ,0.8999999761581421
MELJET,MELJET02,1.0
MELJET,NORQIW,0.8999999761581421
MELJET01,MELJET02,1.0
MELJET01,MOGNAY,0.8999999761581421
MELJET02,NORQIW,0.8999999761581421
MEMBIS,UFEVIL,0.8199999928474426
MEMBIS,UFEVEH,0.8199999928474426
MEMCEP,VUKSIF,0.8999999761581421
MEMCEP,YUSWIU,0.8999999761581421
MEMCEP,YUSWEQ,0.8999999761581421
MEMCUF,ROLCEC15,1.0
MEMCUF,ROLCEC14,1.0
MEMCUF,SANMAX,1.0
MEMGAN,MURCEH,1.0
MEMGAN,VITKUG,1.0
MEMGAN,OXIXIE,0.8999999761581421
MEMGAN,PORVID,1.0
MEMGAN,YIQSOH,1.0
MEMGAN,YOZKOP,0.4000000059604645
MENFAP,YEYBOV,0.44999998807907104
MENFAP,YEYBOV01,0.44999998807907104
MENVOT,SUTBEP,0.5645161271095276
MENVOT,UTEXAT,0.5218750238418579
MEQKOL,YICREI,0.8999999761581421
MEQKUR,RUSWOT,1.0
MEQKUR,UZOBAO,1.0
MEQKUR,UZOBES,0.8999999761581421
MEQMON,OHEMIX,0.4909090995788574
MEQMON,VABJIS,0.44999998807907104
MEQPEG,ZESNAP,0.8999999761581421
MEQPEG,ZESMUI,0.8999999761581421
MEQPEG,ZESNOD,0.8999999761581421
MEQPEG,ZESPEV,0.8999999761581421
MERBIX,MERBOD,1.0
MERBIX,YACSAY,0.8999999761581421
MERBOD,YACSAY,0.8999999761581421
MERFAT,MERFUN,0.8999999761581421
MERFAT,XELYUL,0.6096774339675903
MERFAT,XELVAO,0.6096774339675903
MERFOH,XELTUG,0.5896551609039307
MERFOH,XELYOF,0.5896551609039307
MERFOH,XELVOC,0.5896551609039307
MERFUN,XELVAO,0.6096774339675903
MERFUN,XELYUL,0.6096774339675903
MERLAZ,NIKJAT,0.8999999761581421
MERLAZ,NIKJEX,0.8999999761581421
MERLAZ,SOJGOO,0.8999999761581421
MERLAZ,WAWGOQ,0.8999999761581421
MESBAN,XUWVEQ,1.0
MESBAN,SIRTEV,0.8999999761581421
MESGEX,MESGIB,1.0
MESGEX,UHOKIL,0.8999999761581421
MESGEX,OJANAO,0.8999999761581421
MESGEX,YIQBEF,0.8999999761581421
MESGEX,YIQBEF01,0.8999999761581421
MESGIB,UHOKIL,0.8999999761581421
MESGIB,NIXQUH,0.8999999761581421
MESNML,POPMUE,0.8999999761581421
MESTAG,OHEGAJ,1.0
MESTAG,WECBEN,1.0
MESTAG,XIYYEL,1.0
MESTAG,SEYQIW,1.0
METHAX,RUXWEM,1.0
METHAX,REPCIZ,1.0
METHAX,RUXWEM01,1.0
METHAX,RUXWEM03,1.0
METHAX,ZUZWOI,0.6192307472229004
METJIH,OFIDUD,1.0
METJIH,OGESUP,1.0
METJIH,WETBAB,1.0
METJIH01,OFIDUD,1.0
METJIH01,OGESUP,1.0
METJIH01,WETBAB,1.0
METJIH01,SOWXEJ,0.8999999761581421
METJIH01,WETBAB01,1.0
METYIU,NEHZIK,0.8999999761581421
METYIU,MEVBIZ,0.48571428656578064
MEVMEI,WEMKEG,0.8999999761581421
MEVMEI,PERROW,0.7499999403953552
MEWDID,PIRSUG,0.35999998450279236
MEWDID,NAHSQU01,0.25
MEWDID,OWUVUY,0.23846155405044556
MEWNAD,NIHDUD,1.0
MEWNAD,NACKUZ,0.8999999761581421
MEWNEH,MEWNIL,1.0
MEWNEH,ZOMPAU,0.8999999761581421
MEWNIL,ZOMPAU,0.8999999761581421
MEWPIQ,YOSDUG,0.7206896543502808
MEXJAC,NUXYEL,0.6499999761581421
MEXYUM,WAYKAK,0.8999999761581421
MEXYUM,PIWLIT,0.8999999761581421
MEXYUM,SEQXET,0.8999999761581421
MEYDUP,REXBED,1.0
MEYDUP,SEJTAD,0.8999999761581421
MEYDUP,ZIBFAT,0.22857144474983215
MEYFOL,QUQSIG,1.0
MEYFOL,MEYFUR,0.8999999761581421
MEYFOL,SENNOP,0.8999999761581421
MEYFOL,SEJTAD,0.8999999761581421
MEYFUR,MEYGAY,0.8999999761581421
MEYFUR,REXBED,0.8999999761581421
MEZSAL,NEMXUB,0.8999999761581421
MEZSAL,YAWKOX,0.8999999761581421
MEZSAL,POPQIW,0.8999999761581421
MEZSAL,WINJUY,0.8999999761581421
MGFORD,XEHSAF,1.0
MGFORD,SIWZOP03,1.0
MGFORD01,XEHSAF,1.0
MGFORD01,SIWZOP03,1.0
MGFORD02,XEHSAF,1.0
MGFORD02,SIWZOP03,1.0
MGFORD03,XEHSAF,1.0
MGFORD03,SIWZOP03,1.0
MGFORD04,SOXHUI,0.8999999761581421
MGFORD04,YISRIE,0.44999998807907104
MIBMER,TOWNEA,1.0
MIBMER,XAYDOT,1.0
MIBMER,SAQQEH,0.8999999761581421
MIBMER,WAMGUP,0.64000004529953
MIBQAR,MIBQAR12,1.0
MIBQAR,MIBQAR14,1.0
MIBQAR,MIBQAR05,1.0
MIBQAR01,MIBQAR12,1.0
MIBQAR01,MIBQAR14,1.0
MIBQAR01,MIBQAR05,1.0
MIBQAR01,TEPWOD,0.8999999761581421
MIBQAR02,MIBQAR12,1.0
MIBQAR02,MIBQAR14,1.0
MIBQAR02,MIBQAR05,1.0
MIBQAR03,MIBQAR12,1.0
MIBQAR03,MIBQAR14,1.0
MIBQAR03,MIBQAR05,1.0
MIBQAR04,MIBQAR12,1.0
MIBQAR04,MIBQAR14,1.0
MIBQAR04,MIBQAR05,1.0
MIBQAR04,MIBQAR06,1.0
MIBQAR04,MIBQAR07,1.0
MIBQAR04,MIBQAR08,1.0
MIBQAR04,MIBQAR09,1.0
MIBQAR04,MIBQAR10,1.0
MIBQAR04,MIBQAR11,1.0
MIBQAR04,MIBQAR13,1.0
MIBQAR04,MIBQAR15,1.0
MIBQAR04,MIBQAR16,1.0
MIBQAR04,MIBQAR17,1.0
MIBQAR04,MIBQAR18,1.0
MIBQAR04,MIBQAR19,1.0
MIBQAR04,MIBQAR20,1.0
MIBQAR04,NAKLIW,1.0
MIBQAR04,NEXVET,1.0
MIBQAR04,NIRZAQ,1.0
MIBQAR04,NODTEH,1.0
MIBQAR04,NODTIL,1.0
MIBQAR04,NODTOR,1.0
MIBQAR04,ORIBAU,1.0
MIBQAR04,PEDRIA,1.0
MIBQAR04,PEKGAO,1.0
MIBQAR04,PEVPUD,1.0
MIBQAR04,PEVQAK,1.0
MIBQAR04,PEVQEO,1.0
MIBQAR04,PEVQIS,1.0
MIBQAR04,PEVQOY,1.0
MIBQAR04,PICTIG,1.0
MIBQAR04,PUCYAO,1.0
MIBQAR04,PUCYAO01,1.0
MIBQAR04,PURSOK,1.0
MIBQAR04,REDROI,1.0
MIBQAR04,SAHYIK,1.0
MIBQAR04,SAHYOQ,1.0
MIBQAR04,SAHYOQ02,1.0
MIBQAR04,SAHYOQ03,1.0
MIBQAR04,SAHYOQ04,1.0
MIBQAR04,SAHYOQ05,1.0
MIBQAR04,SERKOQ,1.0
MIBQAR04,XISVUR,1.0
MIBQAR04,XUPGOG,1.0
MIBQAR05,MIBQAR12,1.0
MIBQAR05,MIBQAR14,1.0
MIBQAR05,UFENAW,1.0
MIBQAR05,UNIGEE,1.0
MIBQAR05,UXELIT,1.0
MIBQAR05,VAZTOG,1.0
MIBQAR05,VAZTUM,1.0
MIBQAR05,VEGMOK,1.0
MIBQAR05,VEGMOK01,1.0
MIBQAR05,VEGMOK02,1.0
MIBQAR05,VEGMOK03,1.0
MIBQAR05,VEGMOK04,1.0
MIBQAR05,VUSJUP,1.0
MIBQAR05,VUSKAW,1.0
MIBQAR05,VUSKEA,1.0
MIBQAR05,VUSKIE,1.0
MIBQAR05,WAFKEU04,1.0
MIBQAR06,MIBQAR12,1.0
MIBQAR06,MIBQAR14,1.0
MIBQAR07,MIBQAR12,1.0
MIBQAR07,MIBQAR14,1.0
MIBQAR08,MIBQAR12,1.0
MIBQAR08,MIBQAR14,1.0
MIBQAR09,MIBQAR12,1.0
MIBQAR09,MIBQAR14,1.0
MIBQAR10,MIBQAR12,1.0
MIBQAR10,MIBQAR14,1.0
MIBQAR11,MIBQAR12,1.0
MIBQAR11,MIBQAR14,1.0
MIBQAR11,MIBQAR13,1.0
MIBQAR11,MIBQAR15,1.0
MIBQAR11,MIBQAR16,1.0
MIBQAR11,MIBQAR17,1.0
MIBQAR11,MIBQAR18,1.0
MIBQAR11,MIBQAR19,1.0
MIBQAR11,MIBQAR20,1.0
MIBQAR11,NAKLIW,1.0
MIBQAR11,NEXVET,1.0
MIBQAR11,NIRZAQ,1.0
MIBQAR11,NODTEH,1.0
MIBQAR11,NODTIL,1.0
MIBQAR11,NODTOR,1.0
MIBQAR11,ORIBAU,1.0
MIBQAR11,PEDRIA,1.0
MIBQAR11,PEKGAO,1.0
MIBQAR11,PEVPUD,1.0
MIBQAR11,PEVQAK,1.0
MIBQAR11,PEVQEO,1.0
MIBQAR11,PEVQIS,1.0
MIBQAR11,PEVQOY,1.0
MIBQAR11,PICTIG,1.0
MIBQAR11,PUCYAO,1.0
MIBQAR11,PUCYAO01,1.0
MIBQAR11,PURSOK,1.0
MIBQAR11,REDROI,1.0
MIBQAR11,SAHYIK,1.0
MIBQAR11,SAHYOQ,1.0
MIBQAR11,SAHYOQ02,1.0
MIBQAR11,SAHYOQ03,1.0
MIBQAR11,SAHYOQ04,1.0
MIBQAR11,SAHYOQ05,1.0
MIBQAR11,SERKOQ,1.0
MIBQAR11,XISVUR,1.0
MIBQAR11,XUPGOG,1.0
MIBQAR12,MIBQAR14,1.0
MIBQAR12,UFENAW,1.0
MIBQAR12,UNIGEE,1.0
MIBQAR12,UXELIT,1.0
MIBQAR12,VAZTOG,1.0
MIBQAR12,VAZTUM,1.0
MIBQAR12,VEGMOK,1.0
MIBQAR12,VEGMOK01,1.0
MIBQAR12,VEGMOK02,1.0
MIBQAR12,VEGMOK03,1.0
MIBQAR12,VEGMOK04,1.0
MIBQAR12,VUSJUP,1.0
MIBQAR12,VUSKAW,1.0
MIBQAR12,VUSKEA,1.0
MIBQAR12,VUSKIE,1.0
MIBQAR12,WAFKEU04,1.0
MIBQAR13,MIBQAR14,1.0
MIBQAR13,MIBQAR15,1.0
MIBQAR13,MIBQAR16,1.0
MIBQAR13,MIBQAR17,1.0
MIBQAR13,MIBQAR18,1.0
MIBQAR13,MIBQAR19,1.0
MIBQAR13,MIBQAR20,1.0
MIBQAR13,NAKLIW,1.0
MIBQAR13,NEXVET,1.0
MIBQAR13,NIRZAQ,1.0
MIBQAR13,NODTEH,1.0
MIBQAR13,NODTIL,1.0
MIBQAR13,NODTOR,1.0
MIBQAR13,ORIBAU,1.0
MIBQAR13,PEDRIA,1.0
MIBQAR13,PEKGAO,1.0
MIBQAR13,PEVPUD,1.0
MIBQAR13,PEVQAK,1.0
MIBQAR13,PEVQEO,1.0
MIBQAR13,PEVQIS,1.0
MIBQAR13,PEVQOY,1.0
MIBQAR13,PICTIG,1.0
MIBQAR13,PUCYAO,1.0
MIBQAR13,PUCYAO01,1.0
MIBQAR13,PURSOK,1.0
MIBQAR13,REDROI,1.0
MIBQAR13,SAHYIK,1.0
MIBQAR13,SAHYOQ,1.0
MIBQAR13,SAHYOQ02,1.0
MIBQAR13,SAHYOQ03,1.0
MIBQAR13,SAHYOQ04,1.0
MIBQAR13,SAHYOQ05,1.0
MIBQAR13,SERKOQ,1.0
MIBQAR13,XISVUR,1.0
MIBQAR13,XUPGOG,1.0
MIBQAR14,UFENAW,1.0
MIBQAR14,UNIGEE,1.0
MIBQAR14,UXELIT,1.0
MIBQAR14,VAZTOG,1.0
MIBQAR14,VAZTUM,1.0
MIBQAR14,VEGMOK,1.0
MIBQAR14,VEGMOK01,1.0
MIBQAR14,VEGMOK02,1.0
MIBQAR14,VEGMOK03,1.0
MIBQAR14,VEGMOK04,1.0
MIBQAR14,VUSJUP,1.0
MIBQAR14,VUSKAW,1.0
MIBQAR14,VUSKEA,1.0
MIBQAR14,VUSKIE,1.0
MIBQAR14,WAFKEU04,1.0
MICCIM,TULLIX,1.0
MICCIM,UHUXIG,1.0
MICDAF,YINCEF,1.0
MICDAF,YINCUV,1.0
MICDAF,YINDOQ,1.0
MICDEJ,YINCEF,1.0
MICDEJ,YINCUV,1.0
MICDEJ,YINDOQ,1.0
MICDEJ,YINCIJ,1.0
MICDEJ,YINCOP,1.0
MICDEJ,YINDAC,1.0
MICDEJ,YINDAC01,1.0
MICDEJ,YINDAC02,1.0
MICDOR,MICFAF,0.8999999761581421
MICDOR,QOBHIY,0.8999999761581421
MICDOR,NASCAN,0.8999999761581421
MICDOR,UHOYIZ,0.8999999761581421
MICDUX,QOBHEU,1.0
MICDUX,QOBHEU01,1.0
MICDUX,XIGFEY,1.0
MICFAF,QOBHIY,1.0
MICFAF,NASCAN,1.0
MICFAF,UHOYIZ,0.8999999761581421
MICJOA,WAJTIN,0.64000004529953
MICJUG,PEZCII,0.6538462042808533
MICJUG,PIHWAG,0.6275862455368042
MICJUG,MICKAN,0.6225806474685669
MICKAN,PIHWAG,0.8269230723381042
MICKAN,PIJROR,0.7269230484962463
MICTAW,XAWDUX,0.64000004529953
MICTAW,WUFHIQ,0.64000004529953
MICTAW,XAWDUX01,0.64000004529953
MIDBIM,XEFKOI,0.8999999761581421
MIDBIM,XEFGAQ,0.8999999761581421
MIDCUZ,YEYCUC,0.7269230484962463
MIDCUZ,XIJVIY,0.7269230484962463
MIDRAT,RAVGAY,0.4374999701976776
MIDVUQ,NEMZOW,0.8999999761581421
MIDVUQ,VASFED,0.6428571343421936
MIDVUQ,VASFIH,0.6428571343421936
MIFFAJ,MIFFAJ01,1.0
MIFFAJ,SIWGUB,0.8999999761581421
MIFFAJ,NAHGOS,0.3240000009536743
MIFFAJ,OGIJIY,0.8999999761581421
MIFFAJ,TIYMEU,0.8999999761581421
MIFFAJ01,SIWGUB,0.8999999761581421
MIFFAJ01,VEGLOJ,0.8999999761581421
MIFGEP,YAYQOH,1.0
MIFGEP,MIFGEP01,1.0
MIFGEP01,YAYQOH,1.0
MIFKUJ,QEDZEG,1.0
MIFKUJ,TONQOD,1.0
MIFLIY,OFOQUY,0.8999999761581421
MIFPUO,YOYNOR,1.0
MIFPUO,YOYNUX,1.0
MIFPUO,YOYPAF,1.0
MIFPUO,YOYPEJ,1.0
MIFQIE,YEXCOW,1.0
MIFQIE,YICPEI,1.0
MIFQIE,YEXCUC,1.0
MIFQOJ,YOYRIP,1.0
MIFQOJ,YOYQUA,1.0
MIFQOJ,YOYQOU,1.0
MIGVED,NOFQOQ,0.8999999761581421
MIGVED,NOFQEG,0.8999999761581421
MIGVED,RENSOV,0.40937498211860657
MIGYAF01,SEZCIM01,0.6000000238418579
MIGYAF01,SEZCOS,0.6000000238418579
MIHHAN,XEDPIH,0.41034480929374695
MIHHAN,YAVMIT,0.41034480929374695
MIHHAN,XASGON,0.4000000059604645
MIHHIU,MIHHOA,1.0
MIHHIU,MIHHUG,1.0
MIHHIV,RIPNUB,1.0
MIHHIV,VELVIS,1.0
MIHHIV,VEJZOA,1.0
MIHHIV,RIPNOV,1.0
MIHHIV,RIPPAJ,1.0
MIHHIV,RIPPEN,1.0
MIHHOA,MIHHUG,1.0
MIHHOB,OFERUN05,0.3100000023841858
MIHHOB,VIXNIB,0.30930233001708984
MIHHOB,UTOCAJ,0.2612903118133545
MIHJUL,NIGNUO,1.0
MIHJUL,NIGPAW,1.0
MIHJUL,NIGPEA,1.0
MIHLAR,MIHLEV,0.8999999761581421
MIHLAR,MIHLIZ,0.8999999761581421
MIHLAR,MIHLOF,0.8999999761581421
MIHLAR,PEBWIF,0.5609756112098694
MIHLEV,MIHLIZ,1.0
MIHLEV,MIHLOF,0.8999999761581421
MIHLIZ,MIHLOF,0.8999999761581421
MIHMIC,YUNJOI,0.8999999761581421
MIHWAE,SARHAW,1.0
MIHWAE,WOPSOL01,1.0
MIHWAE,SARGOJ,1.0
MIHWAE,SARGUP,1.0
MIJFIU,XUKYEI,1.0
MIJFIU,PERMEH,1.0
MIJFIU,XALTUA,1.0
MIJHOD,QIWPET,1.0
MIJHOD,UHISOU,1.0
MIJHOD,UHISUA,1.0
MIJHOD,OXIXIE,0.8999999761581421
MIJHOD,WEMGAY,0.8999999761581421
MIJLUN,OGALAK01,0.4599999785423279
MIKVEK,ORAWAH,1.0
MIKVEK,ONIXOZ,1.0
MIKVEK,NEMCOA,0.785714328289032
MIKVEK,OKABAE,0.625
MIKVEK,WARXUL,0.7000000476837158
MILQIJ,SABVUN01,1.0
MILROQ,NUCCEV,1.0
MILROQ,NUCCIZ,1.0
MILROQ,NUCBOE,0.8999999761581421
MILROQ,YARXEX,0.36341461539268494
MILTAC,MUYNID,0.5178571343421936
MILTAC,YAZWOM,0.5034482479095459
MILTAC,PUHLEL,0.32499998807907104
MIMBOC,MIMFUM,0.8999999761581421
MIMBOC,MIMBUI,0.8999999761581421
MIMBOC,MIMCAP,0.8999999761581421
MIMBOC,MIMCET,0.8999999761581421
MIMBOC,MIMCIX,0.8999999761581421
MIMBUI,MIMCIX,0.8999999761581421
MIMBUI,MIMCUJ,0.8999999761581421
MIMBUI,MIMCET,0.8999999761581421
MIMBUI,MIMCOD,0.8999999761581421
MIMBUI,MIMFUM,0.8999999761581421
MIMCAP,MIMCIX,0.8999999761581421
MIMCAP,MIMCET,0.8999999761581421
MIMCAP,MIMCUJ,0.8999999761581421
MIMCAP,MIMFUM,0.8999999761581421
MIMCET,MIMFUM,0.8999999761581421
MIMCIX,MIMCUJ,0.8999999761581421
MIMCIX,MIMCOD,0.8999999761581421
MIMCOD,MIMFUM,0.8999999761581421
MIMCOD,MIMCUJ,0.8999999761581421
MIMCUJ,MIMFUM,0.8999999761581421
MIMKIE,VUKSIF,0.8999999761581421
MIMRAB,WORLAS,1.0
MIMRAB,NOCMUO,0.8999999761581421
MIMRAB,OHOLIH,0.8578947186470032
MIMRAB,YICGID,0.8999999761581421
MIMRAB01,WORLAS,1.0
MIMRAB01,WORKUL,1.0
MIMVEJ,XALXIS,1.0
MIMVEJ,XALXIS01,1.0
MIMVEJ,QUQGEP,0.8999999761581421
MIMVEJ,NAPNEA,0.44137927889823914
MINBEQ,WIWDEN,1.0
MINCET,MINDAQ,1.0
MINCET,MINCUJ,1.0
MINCET,MINCOD,1.0
MINCET,ZIQXAB,0.5400000214576721
MINCIX,MINDAQ,1.0
MINCIX,MINCUJ,1.0
MINCIX,MINCOD,1.0
MINCIX,NENHEU,0.8999999761581421
MINCOD,MINDAQ,1.0
MINCOD,MINCUJ,1.0
MINCOD,UKUPEX,0.626086950302124
MINCUJ,MINDAQ,1.0
MINFIB,PEFWEF,1.0
MINFIB,ODOMIF,1.0
MINFIB,MINNEF,0.8999999761581421
MINFIB,NAXTAI,1.0
MINFOH,YAJMUU,1.0
MINFOH,NAXSUB,1.0
MINFOH,SUZXES,1.0
MINKAX,MINKEB,1.0
MINKAX,MINKAX01,1.0
MINKAX,TELMII01,1.0
MINKAX,TELMII,1.0
MINKAX01,MINKEB,1.0
MINKAX01,TELMII01,1.0
MINKEB,TELMII01,1.0
MINKEB,TELMII,1.0
MINKOL,MINKUR,1.0
MINKOL,MINKOL01,1.0
MINKOL,TELMII,0.8999999761581421
MINKOL01,MINKUR,1.0
MINKOL01,TELMII,0.8999999761581421
MINKUR,TELMII,0.8999999761581421
MINLON,YESZEE,1.0
MINLON,YESZAA,1.0
MINLON,UZAROE,0.8999999761581421
MINLON01,YESZEE,1.0
MINLON01,YESZAA,1.0
MINMAA,PUWQAA,0.8999999761581421
MINMAA,OFERUN05,0.43333330750465393
MINMAA01,YESZEE,1.0
MINMAA01,YESZAA,1.0
MINMAA01,YESYUT,1.0
MINMAA01,YESZII,1.0
MINMAA01,YETGIQ,1.0
MINNEF,TIGZAN,0.8999999761581421
MINQIK,MINQOQ,0.8999999761581421
MINQIK,TASFAX,0.4621621370315552
MINQIK,NERRUZ,0.3749999701976776
MINQIK,SOWYOS,0.1899999976158142
MINQOQ,TASFAX,0.4621621370315552
MINQOQ,SOWYEI,0.1899999976158142
MINVOU,QALGUH,1.0
MINVOU01,QALGUH,1.0
MINVOU01,REZXEA,1.0
MINVUA,MINVUA01,1.0
MINVUA01,RICHIV,0.8999999761581421
MINVUA02,QALGUH,1.0
MINVUA02,REZXEA,1.0
MINVUA02,YEDKOI,1.0
MIPHIE,MIPHOK,1.0
MIPHIE,UWOWAF,0.9526315927505493
MIPHIE,WUHCEJ,0.8526315689086914
MIPHOK,UWOWAF,0.9526315927505493
MIPHOK,WUHCEJ,0.8526315689086914
MIQCUL,USAYOE,0.8999999761581421
MIQCUL,WUHNUK,0.8999999761581421
MIQCUL,ZEFSEK,0.8999999761581421
MIQKON,RUPVAB,1.0
MIQKON,NIWYAV,1.0
MIQKUT,RUPVAB,1.0
MIQKUT,NIWYAV,1.0
MIQLAA,RUPVAB,1.0
MIQLAA,NIWYAV,1.0
MIQLEE,RUPVAB,1.0
MIQLEE,NIWYAV,1.0
MIQLII,RUPVAB,1.0
MIQLII,NIWYAV,1.0
MIQSAJ,VOLPET,1.0
MIQSAJ,XANLOP,1.0
MIQXIW,NIMXAK,0.8999999761581421
MIRGIG,UMIZEX,0.9142857193946838
MIRLUU,NATQUW,1.0
MIRLUU,SAZPUH,1.0
MIRNOR,PEKZIP,1.0
MIRNOR,ZIBRAD,1.0
MIRNOR01,PEKZIP,1.0
MIRNOR01,ZIBRAD,1.0
MISKUV,VIWPAT,1.0
MISQAH,XESFIL,1.0
MISQAH,PADBAZ,0.5800000429153442
MISRUC,RUPVAB,1.0
MISRUC,NIWYAV,1.0
MISRUC,NIGGAM,0.8999999761581421
MISZEW,XAYLAN,0.7567567229270935
MISZEW,TEVQAP,0.6567566990852356
MISZEW,MISZIA,0.6232557892799377
MISZIA,NUBPIL,0.7428571581840515
MISZIA,ZEZHUK,0.7428571581840515
MISZIA,XAYKOA,0.7428571581840515
MISZOG,XAYKUG,0.7567567229270935
MISZOG,TEVPUI,0.6567566990852356
MITGIF,NATREH,0.8999999761581421
MITGIF,NATRAD,0.8999999761581421
MITGIF,YAQZUN,0.8999999761581421
MITGOL,QETSOY01,1.0
MITGOL,VIDXOX,1.0
MITGOL,QETSOY,1.0
MITGUR,MITGUR01,1.0
MITGUR,XOJZEC,0.8999999761581421
MITGUR01,XOJZEC,0.8999999761581421
MITQEM,WUKFEP,0.8999999761581421
MITQEM,UHISIO,0.8999999761581421
MITQEM,ZIDDIB,0.8999999761581421
MITSAK,OVEHUT,1.0
MITSAK,PARKUQ01,1.0
MITSAK,UVANUC,0.48076921701431274
MITSEO,OVEHUT,1.0
MITSEO,PARKUQ01,1.0
MITSEO,PEXTUI,1.0
MITSIS,OVEHUT,1.0
MITSIS,PARKUQ01,1.0
MITSIS,PUNDUY,1.0
MITSIS,QISNAJ,1.0
MITSIS,QISNEN,1.0
MITSIS,QISNIR,1.0
MITSUE,OVEHUT,1.0
MITSUE,PARKUQ01,1.0
MITSUE,PARKUQ,1.0
MITTAL,OVEHUT,1.0
MITTAL,PARKUQ01,1.0
MITTAL,NABLIM,1.0
MITTAL,PARKUQ,1.0
MITTAL,PEXTUI,1.0
MITTAL,PUNDUY,1.0
MITTAL,QISNAJ,1.0
MITTAL,QISNEN,1.0
MITTAL,QISNIR,1.0
MITTAL,SEHXIN,0.8999999761581421
MITTAL,ULOGAE,1.0
MIVCAW,MIVCEA,1.0
MIVCAW,MIVCOK,1.0
MIVCEA,MIVCOK,1.0
MIVFEE,TEYLUH,1.0
MIVFEE,TEYMES,1.0
MIVFEE,TEYLOB,1.0
MIVFII,MIVFOO,1.0
MIVFUU,TEDHAN,1.0
MIVFUU,TEDGUG,1.0
MIVFUU,TEDGOA,1.0
MIVMUA,XEVMIU,0.8999999761581421
MIVMUA,XEVMUG,0.8999999761581421
MIVMUA,XEVMUG01,0.8999999761581421
MIVNAH,VAQRUC,1.0
MIVNAH,YOSLOH,0.8999999761581421
MIVNAH,SIYGAL,0.8999999761581421
MIVWAR,WITKOB,0.7333332896232605
MIVWEU,YEVQUM,1.0
MIVWEU,MIYHAE,1.0
MIVWEU,YEYVOO,1.0
MIVWEU,YEVQOG,1.0
MIWCOM,PEPHOJ,0.5787233710289001
MIXBAY,YAFJEX,0.48918917775154114
MIXBEC,PEWLUA,0.845714271068573
MIXBEC,REWNEO01,0.845714271068573
MIXBEC,PODKUQ,0.8105263710021973
MIXXOI,WIVFUD,1.0
MIXXOI,WEWFIQ,1.0
MIXXOI,WIVGAK,1.0
MIYGIL,PINFOK,0.8999999761581421
MIYGIL,PINFOK02,0.8999999761581421
MIYGOR,YEVQUM,0.550000011920929
MIYGOR,YEYVOO,0.550000011920929
MIYGUX,NOFQOQ,1.0
MIYGUX,NOFQEG,1.0
MIYGUX,NOFQIK,1.0
MIYHAE,YEYVOO,1.0
MIYHAE,TUKYIJ,1.0
MIZJUB,VURMOL,1.0
MIZJUB,NEXZEY,0.6666666865348816
MIZJUB,QAWRIQ,0.8999999761581421
MIZJUB,SUGSOE,0.550000011920929
MIZJUB,SUGTEV,0.6275862455368042
MIZQOB,YEBLAT,1.0
MIZQOB,VORBUA,1.0
MNFORD,SIWPUL01,1.0
MNFORD01,SIWPUL01,1.0
MNFORD02,SIWPUL01,1.0
MNFORD03,SIWPUL01,1.0
MNFORD04,SIWPUL01,1.0
MNFORD05,SIWPUL01,1.0
MNFORD06,SIWPUL01,1.0
MNMLTH,SENNOP,1.0
MNMLTH,SENNIJ,1.0
MNMLTH,SEJSOQ,1.0
MNMLTH,QUQSIG,0.8999999761581421
MOBBIO,UHOSUG,0.8999999761581421
MOBBIO,QQQFJD02,0.3857142925262451
MOBBOU,RORQOE,0.8999999761581421
MOBBOU,QQQFJD02,0.8999999761581421
MOBBOU,OWIVEW,0.8999999761581421
MOBDIR,MOFGOE,1.0
MOBDIR,WEMFUR,0.8999999761581421
MOCKAR,TOVGUI,0.8999999761581421
MOCKAR,WULJUJ,0.7000000476837158
MOCKEV,XIJSUH,1.0
MOCKEV,OFOCUI,1.0
MOCKEV,ZEKRIS,0.8999999761581421
MOCKEV,PIDRAY,0.7428571581840515
MOCKEV,SESRUG,0.49705880880355835
MOCKEV,TOVWAE,0.804347813129425
MODBOX,MUCNEE,1.0
MODBOX,WEMRIS,1.0
MODBOX,SUHHOT,1.0
MODBOX,MUCNEE01,1.0
MODBOX01,MUCNEE,1.0
MODBOX01,WEMRIS,1.0
MODBOX01,SUHHOT,1.0
MODDEP,QEHJOD,0.8999999761581421
MODDEP,RUZHIE,0.8999999761581421
MODJOG,VOVKUO,1.0
MODJOG,YAQZUN,1.0
MODJOG,YAQZAT,1.0
MODJOG,UVEXAV,0.8999999761581421
MODWUX,PIZPAP,0.8999999761581421
MODWUX01,REQKEF,1.0
MODWUX01,SIBJAP,0.8999999761581421
MOFDUI,MOFFAQ,0.8999999761581421
MOFDUI,TAPVUC,0.8999999761581421
MOFDUI,MOFFOE,0.8999999761581421
MOFDUI,MOFFIY,0.8999999761581421
MOFFAQ,MOFFEU,0.8999999761581421
MOFFAQ,MOFFOE,0.8999999761581421
MOFFES,YUCZOM,1.0
MOFFES,MOFFES01,1.0
MOFFES,WASMIP01,0.5736842155456543
MOFFES,XEDGOC01,0.8999999761581421
MOFFES01,YUCZOM,1.0
MOFFEU,TAPVUC,0.8999999761581421
MOFFEU,MOFFIY,0.8999999761581421
MOFFIY,TAPVUC,0.8999999761581421
MOFFIY,MOFFOE,0.8999999761581421
MOFFIY,UFEFIX,0.48000001907348633
MOFFOE,TAPVUC,0.8999999761581421
MOFGOE,WEMFUR,0.8999999761581421
MOFTIL,MOFTIL02,1.0
MOFTIL01,MOFTIL02,1.0
MOFTIL01,NUCRIN,1.0
MOFTIL01,NUCRIN01,1.0
MOFTIL01,WENDIE,1.0
MOFTIL02,NUCRIN,1.0
MOFTIL02,NUCRIN01,1.0
MOFTIL02,WENDIE,1.0
MOFTUY,MOFVAG,1.0
MOFTUY,PECKAM,0.8999999761581421
MOFTUY,URUFOE,0.8999999761581421
MOFTUY,VEVWIE,0.37272727489471436
MOFVAG,PECKAM,0.8999999761581421
MOFVAG,MUNLEN,0.8999999761581421
MOFWEL,VAYFAE,0.8999999761581421
MOFWEL,XOGWUN,0.8999999761581421
MOGVEK,WEYDEM,1.0
MOGVEK,PEQLAZ,1.0
MOGVEK,YEGTOW,1.0
MOHHAT,POKFIF,0.925000011920929
MOHHAT,ZUMNAY,0.8999999761581421
MOHLIF,TOWPAY,0.8999999761581421
MOHLIF,RIDCEN,0.8999999761581421
MOHLIF,VALWOX,0.8999999761581421
MOHMUT,USOSUS,1.0
MOHMUT,PAYZIB,0.8999999761581421
MOHSAF,MOHSAF01,1.0
MOHSAF,REHRAY,0.53125
MOHSEJ,PIJYOZ,0.8999999761581421
MOHSEJ,XALTOV,0.29459458589553833
MOJDIA,XINLEO,0.6785714030265808
MOJPAE,TEHCAM,1.0
MOJPAE,ZIDDIB,0.8999999761581421
MOKZOC,MOKZOC01,1.0
MOKZOC,VASFIH,0.8999999761581421
MOKZOC,ZUMFIY,0.6086956262588501
MOKZOC01,ZUMFIY,0.6086956262588501
MOLLEG,NHBZZN10,0.8999999761581421
MOLLEG,RUPZIM,0.8999999761581421
MOLQEL,UFOFUT,1.0
MOLQEL,UFAMUM,1.0
MOLQEL,SITCUW,1.0
MOLQEL,SITDEH,1.0
MOLQEL,TEYHIR,1.0
MOLTAJ,MOLTEN,0.925000011920929
MOLTAJ,WAVCAX,0.8999999761581421
MOLTEN,SOWYEK01,0.8999999761581421
MOLTIR,XOYCET,1.0
MOLTIR,YIXZIQ,1.0
MOLTIR,SAXYOH,1.0
MOMJIJ,RAWROX,1.0
MOMQAI,VEVFAF,0.8999999761581421
MOMRIR,RISTAQ,1.0
MOMRIR,RISTEU,1.0
MONFAY,MONFEC,0.8999999761581421
MONFEC,SOBDOF,0.5333333611488342
MONPAI,VUNJAR,0.8999999761581421
MONPAI,WODREO,0.7071428298950195
MONRAJ,NAVDOF,0.364705890417099
MONTUG,WAZSUL,0.8999999761581421
MONTUG,NUNPOC,0.35116279125213623
MONTUG,QUCDAV,0.3139534592628479
MOPBIE,UQAGAV,0.39454543590545654
MOPBIE,QOLCAW,0.27462685108184814
MOPBIE,TAFSOJ,0.2772727310657501
MOPQIT,XEHRUY,1.0
MOPQIT,XAXBEF,1.0
MOPQIT,NAXVOY,1.0
MOPQIT,NAXVOY01,1.0
MOPQIT,NAXVOY02,1.0
MOPQIT,NAXVOY03,1.0
MOPQIT,NAXVOY04,1.0
MOPQIT,OTAXOX,1.0
MOPQIT,SAPBAP,1.0
MOPQIT,SIRBIG,1.0
MOPQIT,SIRBIG01,1.0
MOPQIT,SIRBIG02,1.0
MOPQIT,SIRBIG03,1.0
MOPQIT,SIRBIG04,1.0
MOPQIT,SIRBIG05,1.0
MOPQIT,SIRBIG06,1.0
MOPQIT,SIRBIG07,1.0
MOPQIT,SIWZOP,1.0
MOPQIT,SIWZOP01,1.0
MOPQIT,SIWZOP02,1.0
MOPQIT,SIWZOP03,1.0
MOPQIT,XEHSAF,1.0
MOPQIT,XEHSEJ,1.0
MOPQIT,XEHSIN,1.0
MOPQIT,XEHSOT,1.0
MOPQIT,XEHSUZ,1.0
MOPQIT,YANWAO,1.0
MOPQIT,YANWAO01,1.0
MOPQIT,YANWAO02,1.0
MORFAB,TIVXOM,0.8999999761581421
MORFAB,YEMXEW,0.5538461804389954
MORFEG,XEKDOI,0.7000000476837158
MORFEG,WIZKOH,0.5714285969734192
MOSBIG,XOKJUD,1.0
MOSBIG,REWVAT,1.0
MOSBIG,ORIFUS,1.0
MOSBIG,SOBDOF,0.8999999761581421
MOSBIG,VIWNAR,0.8999999761581421
MOTKAI,WOWGEU02,0.4937499761581421
MOTKAI,WOWGEU,0.4937499761581421
MOTMAK,WENRIR,0.8999999761581421
MOTMAK,VOJNAK,0.8999999761581421
MOVWIF,SISQES,1.0
MOVWIF,OQIQEM,0.8999999761581421
MOWMOC,UVUFUO,0.7300000190734863
MOWMOC,UJAQUS,0.6785714030265808
MOWQOF,SINLAE,1.0
MOWQOF,PEHNIB,0.5235294103622437
MOWQOF,XEDGOC01,0.8999999761581421
MOWQOF01,SINLAE,1.0
MOXDEJ,WIMWEW,1.0
MOXDEJ,XADDOX,1.0
MOXDEJ,XADDUD,1.0
MOXDEJ,WEMFUR,0.8999999761581421
MOXDIN,VAKREG,1.0
MOXDIN,VAKRIK,1.0
MOXDIN01,VEGMIE,1.0
MOXDIN01,VEGMIE01,1.0
MOXDOT,MOXDOT01,1.0
MOXDOT,XAPMUY,0.8999999761581421
MOXGAI,RAPXEN,0.737500011920929
MOXGAI,XOFRER,0.6666666865348816
MOXKAN,VEJYEP,0.8999999761581421
MOXKAN,VEJYIT,0.8999999761581421
MOXKIU,YEMXEW,0.4599999785423279
MOXKIU,TIVXOM,0.4153846204280853
MOXNIY,VITJUF,1.0
MOXNUJ,MOXPEV,1.0
MOXNUJ,QULMUG,1.0
MOXNUJ,QATHAW,0.8999999761581421
MOXNUJ,REHJEV,0.8999999761581421
MOXNUK,YIGJEG,1.0
MOXNUK,YIGJUW,1.0
MOXNUK,YIGJOQ,1.0
MOXNUK,NOFDUI,1.0
MOXPEV,QULMUG,1.0
MOXPEV,QATHAW,0.8999999761581421
MOXPEV,MOXPIZ,0.7839999794960022
MOXPEV,MOXPOF,0.7839999794960022
MOXPEV,REHJEV,0.8999999761581421
MOXPEV,WOSGIW,0.8999999761581421
MOXPIZ,MOXPOF,1.0
MOXPIZ,QULMUG,0.7839999794960022
MOXPIZ,MOXPUL,0.64000004529953
MOXPIZ,MOXQAS,0.64000004529953
MOXPOF,QULMUG,0.7839999794960022
MOXPOF,MOXPUL,0.64000004529953
MOXPOF,MOXQAS,0.64000004529953
MOXPUL,MOXQAS,1.0
MOYBIL,REQBUN,0.8999999761581421
MOYBIL,REQCAU,0.8999999761581421
MOYBIL,WUJGAJ,0.8999999761581421
MOYBIL,ZIZTEJ,0.8999999761581421
MOYMET,OPOCEC,0.8999999761581421
MOYMET,PIFXOU,0.8999999761581421
MOYMET,SIDCAL,0.8999999761581421
MOYMET,UHEBOA,0.8999999761581421
MOYNEU,MOYNIY,0.8999999761581421
MOYNEU,ODEJOY,0.7363635897636414
MOYNEU,ODEJOY01,0.7363635897636414
MOYNEU,TURVEJ,0.4021276533603668
MOYNIY,ODEJOY,0.7363635897636414
MOYNIY,ODEJOY01,0.7363635897636414
MOYNIY,TURVEJ,0.4021276533603668
MOYTUR,UNEBIZ,0.39661017060279846
MOYTUR,NEXZEY,0.3716981112957001
MOYVEC,XEZDAH,0.8999999761581421
MOYVEC,XADGEQ,0.8999999761581421
MOYYEF,MOYYIJ,1.0
MOYYEF,OXEMOV,0.821739137172699
MOYYIJ,OXEMOV,0.821739137172699
MOZFIR,ODAJIO,0.8999999761581421
MOZFIR,XAHZAI,0.8999999761581421
MOZFIR,ORIHIH,0.8999999761581421
MUBJUO,MUBJUO01,1.0
MUBJUO01,WUFXAY,0.6000000238418579
MUBZOA,UFORIT,0.887499988079071
MUBZOA,ZARLIP,0.7874999642372131
MUBZUG,RIBCAJ,0.7749999761581421
MUBZUG,XULGIW,0.7000000476837158
MUBZUG,WUPTUY,0.7000000476837158
MUCNAA,UVEXAV,0.8999999761581421
MUCNAA,PAYTAM,0.8999999761581421
MUCNAA,PARPUU,0.8999999761581421
MUCNEE,WEMRIS,1.0
MUCNEE,ORIHIH,1.0
MUCNEE,SUHHOT,1.0
MUCNEE01,WEMRIS,1.0
MUCNEE01,ORIHIH,1.0
MUCNEE01,PUCTIR,0.8999999761581421
MUCNEE01,SUHHOT,1.0
MUDJAW,TUCQAK,1.0
MUDJAW,RUXXAJ01,0.8999999761581421
MUDJAW,SEGVAD,0.8999999761581421
MUDJAW,PRIMIN,0.8999999761581421
MUDLIH,PUDTAK,1.0
MUDLIH,SIVGAH,0.8999999761581421
MUDLIH,WEKWOZ,0.8999999761581421
MUDLON,XAFFIV,0.8999999761581421
MUDLON,SAFZIL,0.8999999761581421
MUDTAH,VUJBEI,1.0
MUDTAH,YODWOF,0.8125
MUDTEL,VUJBIM,1.0
MUDTEL,YAGHUM,0.9526315927505493
MUDTEL,YUGLES,0.9526315927505493
MUDTEL,UVEVUN,0.7839999794960022
MUDTIP,MUDTOV,1.0
MUDTIP,MUPLOA,0.8999999761581421
MUFSOX,XAYKOA,0.8999999761581421
MUFSOX,XEKYOE,0.8999999761581421
MUFSOX,PARBIW,0.8999999761581421
MUFSOX,SEKQEH,0.8999999761581421
MUFXUI,UBUPEO,0.8999999761581421
MUFXUI,UGUHEK,0.8999999761581421
MUFXUI,NEBSAR,0.8999999761581421
MUFXUI,UGUGUZ,0.8999999761581421
MUFXUI,UGUHAG,0.8999999761581421
MUFYAP,UBUPEO,0.8999999761581421
MUFYAP,UGUHAG,0.8999999761581421
MUFYAP,NEPNIH,0.35999998450279236
MUFYAP,OVUKIA,0.8999999761581421
MUFYAP,UBUPAK,0.8999999761581421
MUGGIF,QUJHIN,0.8999999761581421
MUGGIF,OVEXOD,0.5864864587783813
MUGHED,TITBUV,1.0
MUGHED,NACXOH,0.44285714626312256
MUGHED,QANSUV,0.8999999761581421
MUGQAI,RANLAV,0.9526315927505493
MUGQAI,YUHNAS,0.5875000357627869
MUGQAI,PADRET,0.5344827771186829
MUGXIX,QAVBUL,1.0
MUGXIX,XISDIO,1.0
MUHQAH,WAYWAW,1.0
MUHQAH,UYIXEG,0.8999999761581421
MUKRIU,TEBDAI,0.4378378391265869
MUKRIU,TEBDEM,0.4378378391265869
MULQOA,VERQOZ01,0.8999999761581421
MULQOA,PEGQAV,0.8999999761581421
MULQOA,WEMCIC,0.8999999761581421
MULQOA,XEDPON,0.30571427941322327
MULXOH,RICHAN,1.0
MULXOH,RICHIV,1.0
MULXOH,RIHJIC,1.0
MULXOI,QUQFEO,1.0
MULXOI,QUQFIS,1.0
MULXOI,XOMHEO,1.0
MULXOI,SUGTAR,0.512499988079071
MULXOI,SUHBAA,0.512499988079071
MULXOI,YOVCAP,1.0
MULXUO,QUQFOY,1.0
MULXUO,NETYIX,0.9437500238418579
MUMBIH,WEHSAG,0.7043477892875671
MUMBIH,WEHSEK,0.7043477892875671
MUMYAW,NORRIW,0.8999999761581421
MUMYAW,NOJXUG,0.8999999761581421
MUMYAW,PIZJAJ,0.6214285492897034
MUMZAX,ZELJIM,0.7685714364051819
MUNDOQ,SEQSIS,0.8999999761581421
MUNDOQ,SEQSEO01,0.8999999761581421
MUNDOQ,SEQSUE,0.8999999761581421
MUNLAJ,PUGFII,0.8999999761581421
MUNLUE,UQETOB,0.7392857074737549
MUNLUE,YAVWUQ,0.7392857074737549
MUNNEP,OFOVOX,0.3272727429866791
MUNNEP,OXAPEJ,0.3272727429866791
MUNNEP01,OFIYUY,1.0
MUNNEP01,OFIZAF,1.0
MUPKUF,ZZZSGO01,1.0
MUPKUF,WABJAM,1.0
MUPKUF01,ZZZSGO01,1.0
MUPKUF01,WABJAM,1.0
MUPKUF02,ZZZSGO01,1.0
MUPKUF02,WABJAM,1.0
MUPKUF03,ZZZSGO01,1.0
MUPKUF03,WABJAM,1.0
MUPLAL,MUPLIT,1.0
MUPLAL,QAPPON,0.8999999761581421
MUPLIT,QAPPON,0.8999999761581421
MUPLIT,QAPPUT,0.8999999761581421
MUPLOA,OLIHOH,0.8999999761581421
MUPQEU,ODUMIK,1.0
MUPRUL,QUMGAI,0.8999999761581421
MUPRUL,TACPAP,0.8999999761581421
MUPRUL,RUQSAX,0.8999999761581421
MUPTAU,YOGVEX,1.0
MUPTAU,MUPTAU01,1.0
MUPTAU01,YOGVEX,1.0
MUPVAW,OSUGUG,0.7749999761581421
MUPVAW,OHIHIX,0.7749999761581421
MUPYUS,VIWPAT,0.8999999761581421
MUQNOC,NUZVOV,0.42307692766189575
MUQNOC,VOCQEJ,0.8999999761581421
MUQSEW,WAVCAX,0.925000011920929
MUQSIA,NEXRAM,0.8999999761581421
MUQSIA,MUQSUM,0.8999999761581421
MUQSIA,RUBJOO,0.8999999761581421
MUQSOG,XEYPAU,0.8999999761581421
MUQSOG,ZIVCEO,0.8999999761581421
MUQSOG,ZIZTIN01,0.8999999761581421
MUQSOG,MUQSUM,0.8999999761581421
MUQSUM,ZIVCEO,0.8999999761581421
MUQSUM,OPEMIG,0.36249998211860657
MUQYEE,OWIJEL,1.0
MUQYEE,OWIJAH,1.0
MUQYEE,YAZFOW,1.0
MUQYEE,XOMHIS,0.9437500238418579
MUQZAA,QARCET,0.6468749642372131
MUQZAA,XAGCEQ,0.5371428728103638
MUQZAA,XAGCAM,0.5371428728103638
MUQZEE,VUKKET,1.0
MUQZEE,PENLEB,0.8999999761581421
MUQZEE,XEGQUY,0.8499999642372131
MUQZEE,XEGREJ,0.8031250238418579
MUQZII,NASGIZ,1.0
MUQZII,NASGIZ01,1.0
MUQZOO,NOGMAY,0.8999999761581421
MUQZOO,NOGMEC,0.8999999761581421
MURBEI,OWIJEL,1.0
MURBEI,OWIJAH,1.0
MURBEI,YAZFOW,1.0
MURBEI,TONKEN,1.0
MURBEI,YIQVOL,0.8999999761581421
MURCEH,VITKUG,1.0
MURCEH,PORVID,1.0
MURCEH,VITKOA,1.0
MURCEH,XOJZEC,1.0
MURFEM,OHOROS,0.7480000257492065
MURFEM,SAQFUM,0.7480000257492065
MURFEM,SAQFUM01,0.7480000257492065
MURFIQ,QANSEE,0.8999999761581421
MURREW,NIHDEQ,1.0
MURRIB,TOLQAN,0.3032257854938507
MURRIB,WIMPAJ,0.30000001192092896
MURTUO,RANZAI,0.8999999761581421
MURTUO,RAGCOS,0.8999999761581421
MURTUO,YAWZUS,0.8999999761581421
MUSCAG,VAPBEV,0.46666663885116577
MUSCAG,VAPBIZ,0.46666663885116577
MUSCAG,SITTUM,0.44411763548851013
MUSCAG,VAPBAR,0.46666663885116577
MUSCIN,YURJUR,1.0
MUSCIN,YOZQEK,0.8999999761581421
MUSCIN,YOZQAG,0.8999999761581421
MUSCIN,SOQSEY,0.8999999761581421
MUSCIN,TIDWAG,0.8999999761581421
MUSCIN,TOWNOK,0.8999999761581421
MUSCIN,YURKEC,0.8999999761581421
MUSMAQ,NETYOD,0.6499999761581421
MUSMAQ,XEGQOS,0.6447368860244751
MUSZIJ,XOMFAG,0.8999999761581421
MUSZIJ,SOWYIM,0.21250000596046448
MUSZIJ,VESBEC01,0.20769231021404266
MUTDIQ,TEDMEX,0.6684210300445557
MUTDIQ,XAGCAM,0.6352941393852234
MUTDIQ,XAGCEQ,0.6352941393852234
MUTGUD,SEYKUD,0.4000000059604645
MUTNAQ,OMATED,0.48750001192092896
MUTNAQ,UGOSOY,0.48750001192092896
MUTZUX,VEGXIQ,0.8999999761581421
MUTZUX,OVIHOR03,0.8999999761581421
MUTZUX,VEGXUC,0.8999999761581421
MUTZUX,QIWDOQ,0.8999999761581421
MUWQEB,TEYMAO,1.0
MUWQEB,TEYMOC,1.0
MUWQEB,TEYLIV,1.0
MUWQEB,TEYMIW,1.0
MUWRIH,XOFGAC,0.8999999761581421
MUWRIH,WEJPOT,0.8999999761581421
MUWRIH,MUWRUT,0.8999999761581421
MUWRIH,UWALEL,0.8999999761581421
MUWRUT,WEJPOT,0.8999999761581421
MUWRUT,UWALEL,0.8999999761581421
MUWRUT,XOFGAC,0.8999999761581421
MUXHOD,YOXXUG01,1.0
MUXHOD,WUVMAB04,1.0
MUXHOD,WUVMAB03,1.0
MUXHOD,YOXXUG,1.0
MUXSAZ,WAPZEU,0.10000000149011612
MUXSAZ,UFIKAX,0.10000000149011612
MUXVIM,OKELOH,0.8999999761581421
MUXVIM,UMARIL,0.8999999761581421
MUYKOH,ZIZSEI,0.8999999761581421
MUYKOH,ZIZSEI01,0.8999999761581421
MUYKOH,VARWUI,0.5263158082962036
MUYNID,YAZWOM,0.4899999797344208
MUZHIZ,WUBHEI,0.8999999761581421
MUZHUL,RIGTIL,1.0
MUZHUL,QOBGEV,1.0
MUZKAU,TILFUQ,0.8999999761581421
MUZKAU,SIVJAI,0.8999999761581421
MUZKAU,SIVJAI01,0.8999999761581421
NABCEA,NIMTAE,0.8999999761581421
NABCEA,NABCIE,0.8999999761581421
NABCEA,OHAQAQ,0.8999999761581421
NABCIE,OHAQAQ,0.8999999761581421
NABCIE,NIMTAE,0.8999999761581421
NABCIE,NATPAA,0.4950000047683716
NABLIM,ODOXEK,1.0
NABLIM,PEXTUI,1.0
NABLIM,TOKDON,1.0
NABMUA,NABMUA01,1.0
NABMUA01,REWVOH,0.8999999761581421
NABVAQ,ZEFDEW,0.8999999761581421
NABVAQ,ZEFDIA,0.8999999761581421
NACKOT,NACKOT01,1.0
NACKOT,NOGCAO,0.8999999761581421
NACKOT01,XOCROY,0.8999999761581421
NACKUZ,ZOMKAP,0.8999999761581421
NACKUZ,XOCROY,0.8999999761581421
NACVUI,QOPPOC,0.3400000035762787
NACVUI,VIWXUU,0.3214285671710968
NACXEX,NACYAU,0.7352941632270813
NACXEX,YOGKOW,0.47499996423721313
NACXEX,YOGKEM,0.47499996423721313
NACXIZ,POQXOJ,0.8999999761581421
NACXIZ,XOVQUU01,0.8999999761581421
NACXIZ,XOVQUU,0.8999999761581421
NACXIZ,NACYAS,0.8999999761581421
NACXOF,PAJFEL,0.482142835855484
NACXOH,QASYUH,0.447727233171463
NACXOH,TITBUV,0.44285714626312256
NACYAS,XOVQUU01,0.8999999761581421
NACYAS,XOVQUU,0.8999999761581421
NACYAS,NACYEW,0.8999999761581421
NACYAS,POQXOJ,0.8999999761581421
NACYAU,OFORUZ,0.574999988079071
NACYAU,SOSQIC01,0.48571428656578064
NACYEW,POQXOJ,0.8999999761581421
NACYEW,XOVQUU,0.8999999761581421
NACYEW,XOVQUU01,0.8999999761581421
NADKEK,NADKIO,1.0
NADKEK,XESKEN,0.482142835855484
NADKEK,SOTTUR,0.482142835855484
NADKIO,XESKEN,0.482142835855484
NADKIO,SOTTUR,0.482142835855484
NADZID,SEHTEF,1.0
NAFGOR,NAFGOR01,1.0
NAFGOR,SIWHOY,1.0
NAFGOR,SIWJEQ,1.0
NAFGOR01,OWIGOR,1.0
NAFJAH,XAYMUF,0.49130430817604065
NAFJAH,OMAWOP,0.46666663885116577
NAFORM,PADKIP10,0.8999999761581421
NAFQIV,ULUPUM,1.0
NAFQIV,ULUPUM01,1.0
NAFQIV,NIKBAL,0.8999999761581421
NAFSOF,QOWRAV04,1.0
NAFSOF,QOWRAV03,1.0
NAFSOF,QOWRAV10,1.0
NAFTIA,NAFTOG,0.565116286277771
NAFTIA,NAFTUM,0.565116286277771
NAFTIA,NAFWOJ,0.565116286277771
NAFTOG,NAFTUM,0.8999999761581421
NAFTOG,NAFWOJ,0.8999999761581421
NAFTUM,NAFWOJ,0.8999999761581421
NAFUMA11,NAFUMA14,1.0
NAFUMA11,NAFUMA15,1.0
NAFUMA11,NAFUMA13,1.0
NAFUMA12,NAFUMA14,1.0
NAFUMA12,NAFUMA15,1.0
NAFUMA12,NAFUMA13,1.0
NAFUMA13,NAFUMA14,1.0
NAFUMA13,NAFUMA15,1.0
NAFUMA13,PIZPOD,0.8999999761581421
NAFUMA14,NAFUMA15,1.0
NAFUMA14,PABXAT,0.8999999761581421
NAFUMA14,PIZPOD,0.8999999761581421
NAFUMA15,PABXAT,0.8999999761581421
NAFVUO,SAPQOS,1.0
NAFVUO,SAPRAF,0.8999999761581421
NAFVUO,NAFWEZ,0.8999999761581421
NAFWAV,SAPQUY,1.0
NAFWAV,SAPQOS,0.8999999761581421
NAFWAV,SAPRAF,0.8999999761581421
NAFWAV,ZIMZUT,0.6206896305084229
NAFWEZ,SAPRAF,1.0
NAFWEZ,SAPQOS,0.8999999761581421
NAFWEZ,SAPQUY,0.8999999761581421
NAFYEA,VUHJAK,0.8999999761581421
NAFYEA,YOJSUM,0.8999999761581421
NAFYEA,UDOVOA,0.8999999761581421
NAFYEA,UDOVUG,0.8999999761581421
NAGBOO,SIYGOZ,0.8999999761581421
NAGBOO,SIYGAL,0.8999999761581421
NAGBOO,OLURUI01,0.8999999761581421
NAGBOO,UPUJEW,0.5714285969734192
NAGBOO,UPUJIA,0.5714285969734192
NAGKEO,TOWMEZ,0.8999999761581421
NAGKEO,TATCOI,0.8999999761581421
NAGKEO,PEYSUJ,0.8999999761581421
NAGKOY,VAWCED,1.0
NAGKOY,VAWCAZ,1.0
NAGQET,NAGQOD,1.0
NAGROF,QUJHIN,0.8147058486938477
NAGROF,NAGRUL,0.7567567229270935
NAGRUL,XEVXUT,0.8031250238418579
NAGSAS,QONLAI,0.6187499761581421
NAHBAC,RAPBEP01,1.0
NAHBAC,WUVGOL,1.0
NAHBAC,RAPBEP,1.0
NAHBAC,RAPBIT,1.0
NAHCIT02,YUDDUX,1.0
NAHCIT02,ORONOA,0.8999999761581421
NAHCIT02,WURYOY,0.35199999809265137
NAHDIM,VOPTAX,0.4288461208343506
NAHGOS,UKUDEL,0.3240000009536743
NAHGUB,PAXKEH,0.8999999761581421
NAHGUB,PIBBIO,0.8999999761581421
NAHGUB,SENFUP,0.5384615659713745
NAHNLA10,NITADY,0.8999999761581421
NAHNLA10,RENQIK,0.8999999761581421
NAHQAQ,NAHQEU,1.0
NAHQAQ,NAHQOE,0.8999999761581421
NAHQAQ,QARWEN,0.33478260040283203
NAHQIY,VIMNEN,1.0
NAHQIY,RAYJOT,0.8999999761581421
NAHQIY,WEJNII,0.42399999499320984
NAHQOE,NAHQUK,0.8999999761581421
NAHQOE,RAYJOT,0.8999999761581421
NAHQUK,NAHRAR,1.0
NAHQUK,UQUMID,1.0
NAHRAR,UQUMID,1.0
NAHSQU01,RBHSQU01,0.8999999761581421
NAHSQU01,NEDCAD,0.41999998688697815
NAHSQU01,QQQFJD02,0.364705890417099
NAHSQU01,OWUVUY,0.30000001192092896
NAJMER,VAGJAP,0.8999999761581421
NAJMER,WAZNAO,0.4736842215061188
NAJMER,WAZMUH,0.4736842215061188
NAJQOH,NAJQUN,1.0
NAJQOH,TAHYUZ,0.8999999761581421
NAJQUN,YOCDUR,0.8999999761581421
NAJSUP,OKOSUE,0.8999999761581421
NAJSUP,NAJTEA,0.8999999761581421
NAJSUP,NAJTAW,0.8999999761581421
NAJTAW,NAJTEA,0.8999999761581421
NAJTAW,NIGDIS,0.699999988079071
NAJTAW,OKOSUE,0.8999999761581421
NAJTEA,OKOSUE,0.8999999761581421
NAJTIB,VEYTID,0.8999999761581421
NAKTAW,PATLAZ,1.0
NAKTAW,RIHFUL,0.8999999761581421
NAKYUV,PUFXIY,0.8999999761581421
NAKYUV,PURQEZ,0.8999999761581421
NAKYUV,NUSSEA,0.8999999761581421
NALWOO,WOQRUR,1.0
NALYEG,NIGGEQ,0.8999999761581421
NAMDOV,OHIHUJ,1.0
NAMDUD,RAYMOV,1.0
NAMDUD,OHUKIM,0.8999999761581421
NAMKAO,NUZSOR,1.0
NAMKAO,NEHLOC,0.4300000071525574
NANYUX,RIFDUG01,1.0
NANYUX,NIWYAV,1.0
NANYUX01,RIFDUG01,1.0
NANYUX01,NIWYAV,1.0
NANYUX01,REGREC,1.0
NANYUX01,RUPVAB,1.0
NANYUX02,RIFDUG01,1.0
NANYUX02,NIWYAV,1.0
NANYUX03,RIFDUG01,1.0
NANYUX03,NIWYAV,1.0
NANZOS,WEMCOI,1.0
NANZOS,YELYOE,0.8999999761581421
NAOXAL,NAOXAL13,1.0
NAOXAL,NAOXAL07,1.0
NAOXAL,NAOXAL08,1.0
NAOXAL03,NAOXAL13,1.0
NAOXAL03,NAOXAL07,1.0
NAOXAL03,NAOXAL08,1.0
NAOXAL04,NAOXAL13,1.0
NAOXAL04,NAOXAL07,1.0
NAOXAL04,NAOXAL08,1.0
NAOXAL05,NAOXAL13,1.0
NAOXAL05,NAOXAL07,1.0
NAOXAL05,NAOXAL08,1.0
NAOXAL06,NAOXAL13,1.0
NAOXAL06,NAOXAL07,1.0
NAOXAL06,NAOXAL08,1.0
NAOXAL06,NAOXAL09,1.0
NAOXAL06,NAOXAL10,1.0
NAOXAL06,NAOXAL11,1.0
NAOXAL06,NAOXAL12,1.0
NAOXAL06,NAOXAL14,1.0
NAOXAL06,NAOXAL15,1.0
NAOXAL06,NAOXAL16,1.0
NAOXAL06,NAOXAL17,1.0
NAOXAL06,NAOXAL18,1.0
NAOXAL07,NAOXAL13,1.0
NAOXAL07,NAOXAL08,1.0
NAOXAL07,NAOXAL09,1.0
NAOXAL07,NAOXAL10,1.0
NAOXAL07,NAOXAL11,1.0
NAOXAL07,NAOXAL12,1.0
NAOXAL07,NAOXAL14,1.0
NAOXAL07,NAOXAL15,1.0
NAOXAL07,NAOXAL16,1.0
NAOXAL07,NAOXAL17,1.0
NAOXAL07,NAOXAL18,1.0
NAOXAL08,NAOXAL13,1.0
NAOXAL09,NAOXAL13,1.0
NAOXAL10,NAOXAL13,1.0
NAOXAL11,NAOXAL13,1.0
NAOXAL12,NAOXAL13,1.0
NAOXAL12,NAOXAL14,1.0
NAOXAL12,NAOXAL15,1.0
NAOXAL12,NAOXAL16,1.0
NAOXAL12,NAOXAL17,1.0
NAOXAL12,NAOXAL18,1.0
NAOXAL18,WEMBUN,0.8999999761581421
NAPFUG,TETYAV,1.0
NAPFUG,VAXKIR,1.0
NAPFUG,VIKBUP,1.0
NAPNEA,XALXIS01,0.44137927889823914
NAPSUV,XICKOL,0.9624999761581421
NAPZOV,NAPZUB,1.0
NAPZOV,TOJWEV,0.8999999761581421
NAPZOV,TOJWIZ,0.8999999761581421
NAQBOX,RANNUS,0.626086950302124
NAQBOX,RANNOM,0.626086950302124
NAQBOX,RANPAA,0.626086950302124
NARPOO,PAMHES,0.8999999761581421
NARPOO,RESWOC,0.8999999761581421
NARPOO,NARPUU,0.8999999761581421
NARPOO,XILSIW,0.8999999761581421
NARPUU,YUDMIU,0.8999999761581421
NARPUU,PAMGIV,0.8999999761581421
NARPUU,RESWOC,0.8999999761581421
NARTUX,SETVOF,0.8999999761581421
NARTUX,ZESVEB,0.8999999761581421
NASCAN,QOBHIY,1.0
NASCAN,UHOYIZ,0.8999999761581421
NASGIZ,PANYEK,1.0
NASGIZ,ROCZOA,1.0
NASGIZ,ROCZUG,1.0
NASQIJ,ZAXGUC,0.551612913608551
NASQIJ,WINDAA,0.5181818008422852
NASREH,NASROR,0.8999999761581421
NASROR,SITDEH,0.6727272868156433
NASROR,ONUCIL,0.5
NATFAS,XIRHOW,1.0
NATFAS,YUJCOX,1.0
NATHUO,ZEHJEE,0.5821428298950195
NATKIF,NATKOL,1.0
NATKIF,QAGDIO,0.79749995470047
NATKOL,QAGDIO,0.79749995470047
NATNIG,NATNOM,0.5344827771186829
NATNIG,NATPAA,0.4724137783050537
NATPAA,OHAQAQ,0.4950000047683716
NATQUW,SAZPUH,1.0
NATREH,NATREH01,1.0
NATREH,NATREH02,1.0
NATREH,SORXAA,0.6000000238418579
NATREH01,NATREH02,1.0
NATREH01,TINCAV,1.0
NATREH02,TINCAV,1.0
NATRUX,REFHAN,0.8999999761581421
NATXEN,VASFAZ,1.0
NATXEN,OHIZIO,0.8999999761581421
NATXEN,QAHREY,0.8999999761581421
NATXIR,VASFIH,1.0
NATXIR,RAWROX,0.8999999761581421
NATXOW,NUJXEV,0.8999999761581421
NATXOW,TIPZOJ,0.737500011920929
NATXOW,YOSLIB03,0.737500011920929
NAVBAQ,NEFZOQ,1.0
NAVBAQ,NAVBAQ01,1.0
NAVBAQ01,NEFZOQ,1.0
NAVBAQ01,ZAZVEE,0.8526315689086914
NAVDOF,UVEBII,0.317241370677948
NAVJAW,VAMQUY,1.0
NAVJAW,QOWLEU,1.0
NAVJAW,VAMPOR,1.0
NAVJAW01,VAMQUY,1.0
NAVJAW01,QOWLEU,1.0
NAVJAW01,VAMPOR,1.0
NAVLIG,QAGTOH,1.0
NAVLIG,RULVUP,1.0
NAVLIG,SUBMIN,0.4950000047683716
NAVLIG,XEDXOW,0.8999999761581421
NAVWEN,SOCPOQ,0.5538461804389954
NAVWEN,TEYHIP,0.5538461804389954
NAVWEN,PEJMUN,0.5538461804389954
NAVYOA,WEMDOJ,1.0
NAVYUG,WEMDUP,1.0
NAWDUN,ZUSNOS,0.4521738886833191
NAWHOL,NAWHOL01,1.0
NAWHOL,XEDKOJ,0.8999999761581421
NAWHOL01,TILDIC,0.8999999761581421
NAWHOL01,YUDYAX,0.8999999761581421
NAWHOL01,YUDYAX01,0.8999999761581421
NAWKII,YICGID,0.8999999761581421
NAWXER,REBSID,0.5699999928474426
NAWXER,REBSOJ,0.5699999928474426
NAXKOO,RUPNEW,1.0
NAXKOO01,NAXKOO02,1.0
NAXKOO01,TEPJAB,1.0
NAXKOO01,NAXLEF,1.0
NAXKOO02,TEPJAB,1.0
NAXKOO02,NAXLEF,1.0
NAXLEF,TEPJAB,1.0
NAXSUB,YAJMUU,1.0
NAXSUB,SUZXES,1.0
NAXSUB,WOCGUR,0.6684210300445557
NAXTAI,ODOMIF,1.0
NAXTAI,PEFWAB,1.0
NAXTAI,PEFWEF,1.0
NAXVOY,XEHRUY,1.0
NAXVOY01,XEHRUY,1.0
NAXVOY02,XEHRUY,1.0
NAXVOY03,XEHRUY,1.0
NAXVOY04,XEHRUY,1.0
NAYZOE,XEBHOC,1.0
NAYZOE,XAWVUN,1.0
NAYZOE,XUDNUH,0.7749999761581421
NAYZUK,NAZBAT,1.0
NAYZUK,QATLEE,0.8999999761581421
NAYZUK,QITDOO,0.8999999761581421
NAYZUK,WOJJOV,0.8999999761581421
NAZBAT,QATLEE,0.8999999761581421
NDAIAH,ZETQIA,1.0
NDAIAH,RUXXAJ,0.8999999761581421
NDAIAH,PRIMIN,0.8999999761581421
NDAIAH,SEGVOR,0.8999999761581421
NDAIAH,TISWEZ,0.8999999761581421
NDFUMA01,NDFUMA02,1.0
NEBMEP,SUXWIT,1.0
NEBMEP,SETFUT,1.0
NEBPOB,NEBPUH,1.0
NEBPOB,NEBQES,1.0
NEBPOB,NEBQAO,1.0
NEBPOB,XUGREY,0.8999999761581421
NEBPUH,NEBQES,1.0
NEBPUH,NEBQAO,1.0
NEBPUH,XUGREY,0.8999999761581421
NEBQAO,NEBQES,1.0
NEBQAO,ZUBFUZ,0.550000011920929
NEBQOD,REXYAX,1.0
NEBQOD,PENYIT01,0.8258064389228821
NEBQOD,PENYIT,0.8258064389228821
NEBSAR,UGUGUZ,0.8999999761581421
NEBSAR,OVUKIA,0.8999999761581421
NEBSAR,UGUHAG,0.8999999761581421
NEBSAR,UGUHEK,0.8999999761581421
NEBTAS,QEPTEL,1.0
NEBTAS,TOFQEM,1.0
NEBTAS,UMABIV,1.0
NEBTAS,UMAQAC,1.0
NEBTIA,XADHER,0.8999999761581421
NEBTIA,VAXHOR01,0.550000011920929
NEDCAD,RBHSQU01,0.41999998688697815
NEDVOJ,NEDWAW,1.0
NEDVOJ,OXALEF,1.0
NEDWAW,OXALEF,1.0
NEFJOA,XIPKEO,0.2836734652519226
NEFKUH,TEBBEK,0.3499999940395355
NEFKUH,WIMPAJ,0.3368421196937561
NEFKUH,QUJJUC,0.30000001192092896
NEFKUH,VECTIH,0.2874999940395355
NEFTOJ,OHAGOV01,1.0
NEFTOJ,OLUGUZ,1.0
NEFTOJ,OLUHAG,1.0
NEFTOJ,XAPTEQ,0.8999999761581421
NEFTOJ,XAYLAN,0.6181818246841431
NEFTUP,VUMCEM,1.0
NEFTUP,TUJBIL,0.8999999761581421
NEFTUP,OHIHIX,0.8999999761581421
NEFTUP,VUZNOV,0.625
NEFZOO,PUTYAE,0.8999999761581421
NEFZOO,PUTYEI,0.8999999761581421
NEFZOO,XAYNAM,0.48000001907348633
NEGQIC,YEMSOB,0.8999999761581421
NEGQIC,YEMRIU,0.8999999761581421
NEGQIC,YEMRUG,0.8999999761581421
NEGQIC,YEMROA,0.8999999761581421
NEGQIC,YEMSAN,0.8999999761581421
NEGQIC,YEMSIV,0.8999999761581421
NEGXIJ,POGCOF,1.0
NEGXIJ,POGDAS,1.0
NEGXIJ,POTYAA,0.43934425711631775
NEHGEO,NEHGIS,1.0
NEHGEO,XAMDOH,0.6538462042808533
NEHGIS,XAMDOH,0.6538462042808533
NEHLOC,ZEVXEF,0.550000011920929
NEHMET,OVEHUT,1.0
NEHZAE,SETQEP,1.0
NEHZAE,YAXBOP,1.0
NEHZOS,ZOFDUV,1.0
NEHZUY,ZOFDUV,1.0
NEJHEQ,NIKZEN02,0.8999999761581421
NEJHEQ,SIWYOO,0.8999999761581421
NEJHEQ,SIWQIA01,0.8999999761581421
NEJHES,UFIREI,0.8999999761581421
NEJHES,UFIRIM,0.8999999761581421
NEJHES,ZIJSAO,0.7749999761581421
NEJQAX,VICYOX,0.8999999761581421
NEJYUY,OKANOF,0.8999999761581421
NEJYUY,WUMLIB,0.8999999761581421
NEKMUN,WAQKEG,0.8999999761581421
NEKMUN,PIXLOA,0.8379310369491577
NEKMUN,NEQZAN,0.8379310369491577
NEKYIN,ZEKKOR,0.8999999761581421
NEKYIN,UZOFOF,0.8999999761581421
NEKYIN,YOWPIK,0.8999999761581421
NELCEN,NIHDEQ,1.0
NELRAY,RESWUI02,1.0
NELREC,RESWUI02,1.0
NELREC,QIVKEL,1.0
NELREC,QIVKEL01,1.0
NELREC,UCEXOQ,1.0
NELTUU,NUXMIC,1.0
NELTUU,NUXMIC01,1.0
NELTUU,ODOKAU,1.0
NELVEG,NUXMEY,1.0
NELVEG,NUXMEY01,1.0
NELVEG,ODOJUN,1.0
NELVEG,SIJPUX,0.8999999761581421
NELXIM,XEYNOG,0.7578946948051453
NELXIM,ZIVCEO,0.7578946948051453
NEMCOA,ONIXOZ,0.785714328289032
NEMNUO,VESNEP,0.925000011920929
NEMNUO,POTYON,0.7352941632270813
NEMSOP,SOQSAU01,0.8999999761581421
NEMSOP,SUTBUF,0.8999999761581421
NEMSOP,SUTBOZ,0.8999999761581421
NEMXEL,PETFEC,1.0
NEMXEL,OFIDOX,0.8999999761581421
NEMXEL,WINJOS,0.8999999761581421
NEMXOV,VILNUZ,0.8999999761581421
NEMXUB,YAWKOX,1.0
NEMXUB,NEYHIJ,0.8999999761581421
NEMZIR,PAQMAY,0.731249988079071
NEMZOW,XECJUK,0.6428571343421936
NEMZOW,QURTII,0.34545454382896423
NENHAQ,PIJJEZ,1.0
NENHAQ,NENHEU,0.8999999761581421
NENHAQ,ZIQXAB,0.5400000214576721
NENHEU,SENXER,0.8999999761581421
NENLIE,XANZAQ02,0.3333333134651184
NENXIO,YOTQIJ,0.8999999761581421
NENXIO,RUYFUO,0.8999999761581421
NENXIO,OROZUR,0.8999999761581421
NENXIO,UGUKEN,0.8999999761581421
NENXIO,UGUKIR,0.8999999761581421
NENXIO,XIVLEW,0.8999999761581421
NEPNIH,UBUPEO,0.4599999785423279
NEPNIH,UGUGUZ,0.35999998450279236
NEPZIU,WAQTAM,0.8999999761581421
NEPZIU,WAQFIG,0.8999999761581421
NEPZIU,VIQQUJ,0.6142857670783997
NEQTIP,VUKJOC,1.0
NEQTIP,VUKTOM,1.0
NEQTIP,QIKZAO,0.8999999761581421
NEQTIP,TEPJOP,0.8999999761581421
NEQTIP,VUKTUS,0.8999999761581421
NEQTIP,ZEFRUZ,0.8999999761581421
NEQZAN,PIXLUG,0.8999999761581421
NEQZAN,PIXLOA,0.8999999761581421
NEQZAN,SAZPIV,0.8999999761581421
NEQZAN,WAQKEG,0.8379310369491577
NEQZAN,XEMKOS,0.6823529601097107
NERCOE,SAKDEQ,1.0
NERDAR,SAKFAO,1.0
NERDAR,SAJLEX,1.0
NERMON,RESWUI02,1.0
NERMON,UCEXOQ,1.0
NERQAE,UYEWIG02,0.7124999761581421
NERQUY,XUKKET02,0.8999999761581421
NERQUY,XUKKET01,0.8999999761581421
NERQUY,REQSAK,0.8999999761581421
NERREJ,NERRUZ,0.8999999761581421
NERREJ,URIWOJ,0.41999998688697815
NERREJ,YEJJEC,0.290909081697464
NERRUZ,URIWOJ,0.41999998688697815
NERVAJ,PURSIG,1.0
NERVAJ,NERVEN,0.8999999761581421
NERVAJ,PURSAY,0.8999999761581421
NERVAJ,PURRUR,0.8999999761581421
NERVAJ,PURSEC,0.8999999761581421
NERVEL,VOCKUT,1.0
NERVEL,NERVIP,1.0
NERVEL,NERVIP01,1.0
NERVEL,NERVOV,1.0
NERVEN,PURRUR,1.0
NERVEN,PURSAY,0.8999999761581421
NERVEN,SAJDIT,0.8999999761581421
NERVIP,VOCKUT,1.0
NERVIP01,VOCKUT,1.0
NERVIP01,WOPWOP,1.0
NERVOV,VOCKUT,1.0
NESDIA,NOGCAO,0.8999999761581421
NESGAV,TAQGEZ,0.5153846144676208
NETHOJ,WADDIR,1.0
NETHOJ,PIZPAP,0.8999999761581421
NETVUF,ROSKIV,0.5687499642372131
NETVUF,QOCLIF,0.5235294103622437
NETYET,QAPYOY,1.0
NETYET,SITDAD,1.0
NETYET,QUQFOY,0.9437500238418579
NETYIX,QAPYOY,1.0
NETYIX,SITDAD,1.0
NETYOD,WISTID,0.7107142806053162
NEVDEA,NEVSUF04,1.0
NEVDEA,NEVSUF09,1.0
NEVDIE,NEVSUF04,1.0
NEVDIE,NEVSUF09,1.0
NEVDUQ,UNEJEE,0.8590908646583557
NEVJIJ,WEFDES,0.8999999761581421
NEVJIJ,WEFDAO,0.8999999761581421
NEVJIJ,WEFDIW,0.8999999761581421
NEVJIJ,TAVSUF,0.6454545855522156
NEVKUX,NEVSUF04,1.0
NEVKUX,NEVSUF09,1.0
NEVLAE,NEVSUF04,1.0
NEVLAE,NEVSUF09,1.0
NEVSUF,NEVSUF04,1.0
NEVSUF,NEVSUF09,1.0
NEVSUF01,NEVSUF04,1.0
NEVSUF01,NEVSUF09,1.0
NEVSUF02,NEVSUF04,1.0
NEVSUF02,NEVSUF09,1.0
NEVSUF03,NEVSUF04,1.0
NEVSUF03,NEVSUF09,1.0
NEVSUF03,NEVSUF05,1.0
NEVSUF03,NEVSUF06,1.0
NEVSUF03,NEVSUF07,1.0
NEVSUF03,NEVSUF08,1.0
NEVSUF03,NEVSUF10,1.0
NEVSUF03,NEVSUF11,1.0
NEVSUF03,NEVSUF12,1.0
NEVSUF04,NEVSUF09,1.0
NEVSUF05,NEVSUF09,1.0
NEVSUF06,NEVSUF09,1.0
NEVSUF07,NEVSUF09,1.0
NEVSUF08,NEVSUF09,1.0
NEVSUF08,NEVSUF10,1.0
NEVSUF08,NEVSUF11,1.0
NEVSUF08,NEVSUF12,1.0
NEVTIU02,NEVTIU03,1.0
NEVTIU02,NEVTIU07,1.0
NEVTIU02,NEVWOD,1.0
NEVTIU02,NEVTIU08,1.0
NEVTIU03,NEVTIU07,1.0
NEVTIU03,NEVWOD,1.0
NEVTIU03,NEVTIU08,1.0
NEVTIU07,NEVWOD,1.0
NEVTIU08,NEVWOD,1.0
NEVVAM,QIRYAS,1.0
NEVVAM01,QIRYAS,1.0
NEVVAM02,QIRYAS,1.0
NEVVEQ,NEYBEZ,0.24210524559020996
NEVVIU,QIRYAS,1.0
NEVVIU,TEQNUZ,0.8999999761581421
NEVVIU01,QIRYAS,1.0
NEVVIU01,NIPWIT,0.8999999761581421
NEVVIU01,NIPWIT01,0.8999999761581421
NEVVIU02,QIRYAS,1.0
NEVVIU02,QUYCET,0.8999999761581421
NEWPUB,NEWPUB01,1.0
NEWPUB,NEWPUB02,1.0
NEWPUB01,NEWPUB02,1.0
NEXRAM,ZIVBUD,0.8999999761581421
NEXRAM,XOJLAK,0.8999999761581421
NEXXIZ,WAHKOI,0.686956524848938
NEXXIZ,UKOLOV,0.665217399597168
NEXZEY,VURMOL,0.6666666865348816
NEYBEZ,ODONOL,0.33225804567337036
NEYBEZ,YOZROW,0.331428587436676
NEYHIJ,YAWKOX,0.8999999761581421
NEYHIJ,POPQIW,0.8999999761581421
NEYHIJ,WINJOS,0.8999999761581421
NEYROY,PUKSOE,0.7499999403953552
NEYROY,PUKTIZ,0.7499999403953552
NEYROY,PUKTEV,0.7499999403953552
NEYROY,SOHBUO,0.5064516067504883
NEYROY,WEHQAC,0.550000011920929
NEYROY,WEHRIL,0.550000011920929
NEYROY,ZABQIC,0.5344827771186829
NEYYUN,WUZYUM,0.8999999761581421
NEYZAU,SIXPOG,0.8999999761581421
NEYZAU,WUZYUM,0.8999999761581421
NEZMEM,VAVFEE,1.0
NEZPOA,OTAQAD,0.8999999761581421
NEZPOA,SOJGOO,0.8999999761581421
NEZPOA,VETVAS,0.8999999761581421
NEZQAN,RUYGAV,0.8999999761581421
NEZQAN,RUYGEZ,0.8999999761581421
NEZQIV,RUYGID,0.8999999761581421
NEZWOG01,OPUFAH01,0.8999999761581421
NEZWOG01,QUTNID,0.8999999761581421
NEZWOG01,SOGXES,0.8999999761581421
NEZWOG01,TUZYAP,0.8999999761581421
NHBZZN10,RUPZIM,1.0
NIBPUM,XOGQUH,0.6000000238418579
NIBPUM,TEQPEM,0.4959999918937683
NIBPUM,PASMUT,0.4000000059604645
NIBRUN,NIBSAU01,1.0
NIBRUN,PATPEH,0.8999999761581421
NIBSAU,RUVMIF,0.8999999761581421
NIBSAU01,PATPEH,0.8999999761581421
NIBSAU01,PATPIL,0.8999999761581421
NIBSAU01,PATPOR,0.8999999761581421
NICOPB01,NICOPB03,1.0
NICOPB01,XIPCEF01,0.8999999761581421
NICOPB03,XIPCEF01,0.8999999761581421
NICZAA01,UFEVIL,0.7260869741439819
NICZAA01,UFEVEH,0.7260869741439819
NICZAA01,TISHIN,0.6000000238418579
NIDCOS,ONUQOE,0.8999999761581421
NIDFEN,QIKTUC,1.0
NIDFEN,ROJSEQ,0.8999999761581421
NIDFOX,POTREX,1.0
NIDFOX,XALMII,1.0
NIFFIU,SEFTUU,1.0
NIFFIU,NIFNUO,1.0
NIFFIU,NIFPOK,1.0
NIFMIY,WADDOX,0.8999999761581421
NIFMIY,WADDUD,0.8999999761581421
NIFNOI,SEFTUU,1.0
NIFNOI,NIFNUO,1.0
NIFNOI,NIFPOK,1.0
NIFNOI,NIFPAW,1.0
NIFNOI,NIFPIE,1.0
NIFNOI,NIFPUQ,1.0
NIFNOI,NIFQAX,1.0
NIFNOI,NIFQEB,1.0
NIFNOI,NIFQIF,1.0
NIFNOI,NIFQOL,1.0
NIFNOI,NIFQUR,1.0
NIFNOI,NIFRAY,1.0
NIFNOI,NIFREC,1.0
NIFNOI,NIFRIG,1.0
NIFNOI,NIFROM,1.0
NIFNOI,NIFRUS,1.0
NIFNOI,NIFSAZ,1.0
NIFNOI,NIFSED,1.0
NIFNOI,NIFSIH,1.0
NIFNOI,NIFSON,1.0
NIFNOI,NIFSUT,1.0
NIFNOI,NIFTAA,1.0
NIFNOI,WOJGEI,0.446153849363327
NIFNUO,SEFTUU,1.0
NIFNUO,NIFPOK,1.0
NIFNUO,NIFPAW,1.0
NIFNUO,NIFPIE,1.0
NIFNUO,NIFPUQ,1.0
NIFNUO,NIFQAX,1.0
NIFNUO,NIFQEB,1.0
NIFNUO,NIFQIF,1.0
NIFNUO,NIFQOL,1.0
NIFNUO,NIFQUR,1.0
NIFNUO,NIFRAY,1.0
NIFNUO,NIFREC,1.0
NIFNUO,NIFRIG,1.0
NIFNUO,NIFROM,1.0
NIFNUO,NIFRUS,1.0
NIFNUO,NIFSAZ,1.0
NIFNUO,NIFSED,1.0
NIFNUO,NIFSIH,1.0
NIFNUO,NIFSON,1.0
NIFNUO,NIFSUT,1.0
NIFNUO,NIFTAA,1.0
NIFNUO,PEVFON,1.0
NIFORM02,ZZZVMQ03,0.8999999761581421
NIFPAW,NIFPOK,1.0
NIFPEA,VELVOY,1.0
NIFPEA,YUDWAX,1.0
NIFPIE,NIFPOK,1.0
NIFPIE,NIFPUQ,1.0
NIFPIE,NIFQAX,1.0
NIFPIE,NIFQEB,1.0
NIFPIE,NIFQIF,1.0
NIFPIE,NIFQOL,1.0
NIFPIE,NIFQUR,1.0
NIFPIE,NIFRAY,1.0
NIFPIE,NIFREC,1.0
NIFPIE,NIFRIG,1.0
NIFPIE,NIFROM,1.0
NIFPIE,NIFRUS,1.0
NIFPIE,NIFSAZ,1.0
NIFPIE,NIFSED,1.0
NIFPIE,NIFSIH,1.0
NIFPIE,NIFSON,1.0
NIFPIE,NIFSUT,1.0
NIFPIE,NIFTAA,1.0
NIFPOK,OFERUN,1.0
NIFPOK,OFERUN01,1.0
NIFPOK,OFERUN03,1.0
NIFPOK,OFERUN04,1.0
NIFPOK,OFERUN07,1.0
NIFPOK,OFERUN08,1.0
NIFQAX,OFERUN,1.0
NIFQAX,OFERUN01,1.0
NIFQAX,OFERUN03,1.0
NIFQAX,OFERUN04,1.0
NIFQAX,OFERUN07,1.0
NIFQAX,OFERUN08,1.0
NIFQAX,SEFTOO,1.0
NIFQAX,SEFTUU,1.0
NIFQAX,SEFVAC,1.0
NIFQAX,SEFVEG,1.0
NIFQAX,SEFVEG02,1.0
NIFQAX,SEFWAD,1.0
NIFQAX,SEFWEH,1.0
NIFQIF,TUDJIM,1.0
NIFQIF,TUDJOS,1.0
NIFQIF,TUDJUY,1.0
NIFQIF,TUDKAF,1.0
NIFQIF,TUDKEJ,1.0
NIFQOL,TUDHUW,1.0
NIFQOL,TUDJAE,1.0
NIFQOL,TUDJEI,1.0
NIFREC,OFERUN,1.0
NIFREC,OFERUN01,1.0
NIFREC,OFERUN03,1.0
NIFREC,OFERUN04,1.0
NIFREC,OFERUN07,1.0
NIFREC,OFERUN08,1.0
NIFSAZ,PEVFON,1.0
NIFSED,PEVFON,1.0
NIFTAA,YITKEU,0.5285714268684387
NIFTIH,OKILAW,0.7249999642372131
NIFTIH,OFEHAK,0.6538462042808533
NIGDIS,TEKYOA,1.0
NIGFIT,SEHSUU,1.0
NIGFOZ,YATTUK,1.0
NIGFOZ,SEHSII,1.0
NIGFOZ,UPIBOM,1.0
NIGFUF,RIBRAY,1.0
NIGFUF,YEMJAC,1.0
NIGGAM,SEHSOO,1.0
NIGGIU,SEHTAB,1.0
NIGGIU,SADLIU,1.0
NIGHOA,WAVFOP,0.8999999761581421
NIGHOA,QISJEJ,0.8999999761581421
NIGHOA,PODWIQ,0.2928571403026581
NIGHOA,TATFOL,0.8999999761581421
NIGHOA,UHIZUI,0.4521738886833191
NIGHOA,XAMDOF,0.8999999761581421
NIGLUK,OFACEF,0.25
NIGNUO,WONJUG,0.8999999761581421
NIGPOL,OMOFED03,1.0
NIGPOL,NIGPOL01,1.0
NIGPOL,OMOFED02,1.0
NIGPOL,OMOFED,1.0
NIGPOL,OMOFED01,1.0
NIGPOL,TILWIV,0.5759999752044678
NIGPOL01,OMOFED03,1.0
NIGPOL01,OMOFED02,1.0
NIGPOL01,TILWIV,0.5759999752044678
NIGQAY,PUFXUL,0.5378378629684448
NIGQAY,RUVBOB,0.5249999761581421
NIGQAY,TAJGAO,0.3199999928474426
NIHBAI,NIHBIQ,1.0
NIHBAI,NUDPAE,1.0
NIHBAI,SANLOK,1.0
NIHBAI01,NIHBIQ,1.0
NIHBAI01,NUDPAE,1.0
NIHBAI01,SANLOK,1.0
NIHBAI02,NIHBIQ,1.0
NIHBAI02,NUDPAE,1.0
NIHBAI02,SANLOK,1.0
NIHBAI02,RATCUL01,1.0
NIHBAI02,RATCUL02,1.0
NIHBAI02,RATCUL03,1.0
NIHBEM,NIHBIQ,1.0
NIHBEM,NUDPAE,1.0
NIHBEM,SANLOK,1.0
NIHBEM,RATCUL01,1.0
NIHBEM,RATCUL02,1.0
NIHBEM,RATCUL03,1.0
NIHBEM01,NIHBIQ,1.0
NIHBEM01,NUDPAE,1.0
NIHBEM01,SANLOK,1.0
NIHBEM01,NUDNUW,1.0
NIHBEM01,NUDNUW01,1.0
NIHBEM01,NUDNUW02,1.0
NIHBEM01,NUDNUW03,1.0
NIHBEM01,NUDNUW04,1.0
NIHBEM01,NUDNUW05,1.0
NIHBEM01,NUDNUW06,1.0
NIHBEM01,NUDNUW07,1.0
NIHBEM01,NUDNUW08,1.0
NIHBEM01,NUDNUW09,1.0
NIHBEM01,NUDPAE01,1.0
NIHBEM01,NUDPAE02,1.0
NIHBEM01,NUDPAE03,1.0
NIHBEM01,NUDPAE04,1.0
NIHBEM01,NUDPAE05,1.0
NIHBEM01,NUDPAE06,1.0
NIHBEM01,NUDPAE07,1.0
NIHBEM01,NUDPAE08,1.0
NIHBEM01,NUDPAE09,1.0
NIHBEM01,NUDPAE10,1.0
NIHBEM01,NUDPAE11,1.0
NIHBEM01,NUDPAE12,1.0
NIHBEM02,NIHBIQ,1.0
NIHBEM02,NUDPAE,1.0
NIHBEM02,SANLOK,1.0
NIHBEM02,NIHBIQ01,1.0
NIHBEM02,NIHBIQ02,1.0
NIHBIQ,NUDPAE,1.0
NIHBIQ,SANLOK,1.0
NIHBIQ01,NUDPAE,1.0
NIHBIQ01,SANLOK,1.0
NIHBIQ02,NUDPAE,1.0
NIHBIQ02,SANLOK,1.0
NIHDEQ,UFUNIS,1.0
NIHDEQ,VOJPUG01,1.0
NIHDEQ,SAHDAH,0.8999999761581421
NIHDEQ,UFUMUD,1.0
NIHDEQ,UFUMUD01,1.0
NIHDEQ,UFUMUD02,1.0
NIHDEQ,UFUNAK,1.0
NIHDEQ,UGEPEB,1.0
NIHDEQ,UGEPEB01,1.0
NIHDIU,UFUNIS,1.0
NIHDIU,VOJPUG01,1.0
NIHGET,RIBSON,1.0
NIHGET,TOVJIZ,0.8624999523162842
NIHGET,XOVPUU,0.6666666269302368
NIJZIR,UNEJEE,0.8181818127632141
NIKBAL,URXDAC10,0.8999999761581421
NIKCOB,QUWYEO,0.5344827771186829
NIKCOB,QUXROS,0.5344827771186829
NIKDAM,NIKDEQ,0.8999999761581421
NIKDAM,NIKDIU,0.8999999761581421
NIKDEQ,NIKDIU,0.8999999761581421
NIKHAS,UDANAQ,0.7749999761581421
NIKHAS,OFOJAX,0.7649999856948853
NIKHAS,RUTNOK,0.5645161271095276
NIKHAS,RUTNOK01,0.5645161271095276
NIKHOF,OTABES,0.8999999761581421
NIKHOF,OTIBUQ,0.8999999761581421
NIKHUL,NIKJAT,0.8999999761581421
NIKHUL,OTIBUQ,0.8999999761581421
NIKHUL,VETVAS,0.8999999761581421
NIKJEX,NIKJIB,0.8999999761581421
NIKJIB,NIKKIC,1.0
NIKJIB,VETVAS,0.8999999761581421
NIKJIB,ZIYWIQ,0.8999999761581421
NIKKIC,VETVAS,0.8999999761581421
NIKKIC,ZIYWIQ,0.8999999761581421
NIKPUV,NIKQAC,1.0
NIKPUV,NIKQEG,1.0
NIKPUV,NIKQIK,1.0
NIKPUV,WAMREJ,0.7899999618530273
NIKQAC,NIKQEG,1.0
NIKQAC,NIKQIK,1.0
NIKQAC,XAJSEJ,0.7137930989265442
NIKQEG,WAMREJ,0.7899999618530273
NIKQIK,XAJSEJ,0.7137930989265442
NIKTUZ,NIKVAH,1.0
NIKTUZ,NIKVEL,1.0
NIKTUZ,WUTBEU,0.2542857229709625
NIKTUZ,XEVMAM,0.8999999761581421
NIKTUZ,XEVMIU,0.8999999761581421
NIKVAH,NIKVEL,1.0
NIKYOW,NUDPAE,1.0
NIKYOW,XACLUL02,1.0
NIKYOW,NUDPAE02,1.0
NIKYOW01,NUDPAE,1.0
NIKYOW01,XACLUL02,1.0
NIKYOW01,NUDPAE02,1.0
NIKYOW02,NUDPAE,1.0
NIKYOW02,XACLUL02,1.0
NIKYOW02,NUDPAE02,1.0
NIKYUC,NUDPAE,1.0
NIKYUC,XACLUL02,1.0
NIKYUC,NUDPAE02,1.0
NIKYUC,XACLOF,1.0
NIKYUC,XACLUL,1.0
NIKYUC,XACLUL01,1.0
NIKYUC01,NUDPAE,1.0
NIKYUC01,XACLUL02,1.0
NIKYUC01,NUDPAE02,1.0
NIKYUC02,NUDPAE,1.0
NIKYUC02,XACLUL02,1.0
NIKYUC02,NUDPAE02,1.0
NIKZAJ,NUDPAE,1.0
NIKZAJ,XACLUL02,1.0
NIKZAJ,NUDPAE02,1.0
NIKZAJ,RUGGOR,0.8999999761581421
NIKZAJ01,NUDPAE,1.0
NIKZAJ01,XACLUL02,1.0
NIKZAJ01,NUDPAE02,1.0
NIKZAJ02,NUDPAE,1.0
NIKZAJ02,XACLUL02,1.0
NIKZAJ02,NUDPAE02,1.0
NIKZEN,NUDPAE,1.0
NIKZEN,XACLUL02,1.0
NIKZEN,NUDPAE02,1.0
NIKZEN01,NUDPAE,1.0
NIKZEN01,XACLUL02,1.0
NIKZEN01,NUDPAE02,1.0
NIKZEN02,NUDPAE,1.0
NIKZEN02,XACLUL02,1.0
NIKZEN02,NUDPAE02,1.0
NILBUH,NILCIW,0.8999999761581421
NILBUH,NILCUI,0.8999999761581421
NILBUH,NILCES,0.8999999761581421
NILCAO,NILCOC,0.8999999761581421
NILCAO,NILCES,0.8999999761581421
NILCAO,NILCUI,0.8999999761581421
NILCAO,NILCIW,0.8999999761581421
NILCES,NILCUI,0.8999999761581421
NILCES,NILCIW,0.8999999761581421
NILCIW,NILCOC,0.8999999761581421
NILCIW,NILCUI,0.8999999761581421
NILCOC,NILCUI,0.8999999761581421
NILCOC,XEMKOS,0.6000000238418579
NILSUZ,REQSIS,0.8999999761581421
NILSUZ,REQSAK,0.8999999761581421
NILSUZ,REQSEO,0.8999999761581421
NIMPEG,NIMPEG01,1.0
NIMPEG,UMOZUT,0.800000011920929
NIMPEG,UMODEH04,0.800000011920929
NIMPEG01,UMOZUT,0.800000011920929
NIMPEG01,UMODEH04,0.800000011920929
NIMPOQ,UMOBEF09,0.781818151473999
NIMPOQ,UMOVEZ,0.781818151473999
NIMPOQ,UMOBEF01,0.781818151473999
NIMPOQ,TUFSEU,0.2199999988079071
NIMPOQ,TUFSIY,0.2199999988079071
NIMTAE,OHAQAQ,1.0
NIMVOW,NIMVUC,1.0
NIMVOW,WORNEY,0.8999999761581421
NIMVUC,WORNEY,0.8999999761581421
NIMWEN,NIMWUD,1.0
NIMWEN,UNAHEY,0.8999999761581421
NIMWUD,UNAHEY,0.8999999761581421
NINDEW,NINDIA,0.8999999761581421
NINDEW,POXBAH,0.7043477892875671
NINDEW,YEGMUV,0.6800000071525574
NINDEW,WIRKOZ,0.5787233710289001
NINDIA,POXBAH,0.7043477892875671
NINDIA,YEGMUV,0.6800000071525574
NINVAI,ZOHFUZ,1.0
NINVAI,TOVGUI,0.7000000476837158
NINVAI,WUCRUH,1.0
NIPHAY,QUMJAL,0.5538461804389954
NIPWIT,NIPWIT01,1.0
NIPWIT,NUDLIJ,0.8999999761581421
NIPWIT01,NUDLIJ,0.8999999761581421
NIQDOJ,TEXWOL,1.0
NIQDOJ,QASXIU,0.8999999761581421
NIQDOJ,VIWMIZ,0.8999999761581421
NIQDOJ,VIWMOF,0.8999999761581421
NIQNOT,NIQPAH,0.8999999761581421
NIQNOT,UFOZIB,0.692307710647583
NIQNOT,UFOZOH,0.692307710647583
NIQPAH,UFOZIB,0.692307710647583
NIQPAH,UFOZOH,0.692307710647583
NIRBOG,TOGCUN,0.8999999761581421
NIRCUO,UNIRUF07,1.0
NIRCUO,UNIRUF05,1.0
NIRCUO,UNIRUF11,1.0
NIRGAY,SEQTEP,1.0
NIRGAY,VAXTEV,0.8999999761581421
NIRGAY,OBIBAF,0.8999999761581421
NIRMUW,PEFREZ,1.0
NIRMUW,WEXGIR,1.0
NIRMUW,WEXGIR01,1.0
NIRMUW01,PEFREZ,1.0
NIRNAD,XEZRIF,1.0
NIRPAI,TOXNIF,1.0
NIRPAI,TOXMUQ,1.0
NIRPAI,NIRPOW,1.0
NIRPAI,XUPSAE,1.0
NIRPEM,TOXNIF,1.0
NIRPEM,TOXMUQ,1.0
NIRPEM,NIRPOW,1.0
NIRPEM,TOXNAX,1.0
NIRPEM,TOXNEB,1.0
NIRPEM,YEYDUE,1.0
NIRPIQ,TOXNIF,1.0
NIRPIQ,TOXMUQ,1.0
NIRPIQ,NIRPOW,1.0
NIRPOW,TOXNIF,1.0
NIRPOW,TOXMUQ,1.0
NIRPOW,TOXNAX,1.0
NIRPOW,TOXNEB,1.0
NIRPOW,XUPSAE,1.0
NIRPOW,YEYDUE,1.0
NIRSUF,SEGSEF,0.8999999761581421
NIRTAM,NIRTEQ,1.0
NIRTAM,NIRVIW,1.0
NIRTAM,ZIQREZ,0.8999999761581421
NIRTAM,ZIQROJ,0.8999999761581421
NIRTEQ,NIRVIW,1.0
NIRTEQ,ZIQREZ,0.8999999761581421
NIRTEQ,ZIQSAW,0.8999999761581421
NIRVIW,ZIQREZ,0.8999999761581421
NIRVIW,ZIQRAV,0.8999999761581421
NIRVIW,ZIQRUP,0.8999999761581421
NISBEX,YUZPOA,0.4153846204280853
NISCOJ,PUFXUL,0.8999999761581421
NISGII,TOPKIT,0.5235294103622437
NISPEL,XOJXEA,1.0
NISPEL,XOJXAW,1.0
NISPEL,XOJWID,1.0
NISPOV,XOJXEA,1.0
NISPOV,XOJXAW,1.0
NISPOV,XOJWID,1.0
NISPOV,OBAWOG,0.4374999701976776
NISPOV,RAXCAW,1.0
NISPOV,RAXCEA,1.0
NISPOV,RUSZUB,0.8999999761581421
NISPOV,UNISUH,0.8826086521148682
NITADY,SIWNES,0.8999999761581421
NITADY,SIWNIW,0.8999999761581421
NIVFUT,NIVFUT01,1.0
NIVFUT,OKAVEB,0.8999999761581421
NIVFUT,XEDLUN,0.7545455098152161
NIVFUT,XEDLUN01,0.7545455098152161
NIVFUT01,OKAVEB,0.8999999761581421
NIVFUT01,OKATOJ,0.8999999761581421
NIVFUT01,OKATUP,0.8999999761581421
NIVFUT01,OKAVAX,0.8999999761581421
NIWPIU,XAXBEF,1.0
NIWPIU,XEHSIN,1.0
NIWQIV,YEMGIH,0.8999999761581421
NIWYAV,RIFDUG01,1.0
NIWYAV,NIWYEZ,1.0
NIWYAV,NIWYID,1.0
NIWYAV,NIWYOJ,1.0
NIWYAV,NUBBAP,1.0
NIWYAV,NURMUJ,1.0
NIWYEZ,RIFDUG01,1.0
NIWYEZ,PEJNOJ,1.0
NIWYEZ,PEJNUP,1.0
NIWYEZ,PEJPAX,1.0
NIWYEZ,PEJPEB,1.0
NIWYEZ,PEPFAT,1.0
NIWYEZ,PERQUB,1.0
NIWYID,RIFDUG01,1.0
NIWYOJ,RIFDUG01,1.0
NIWZIE,XAXBEF,1.0
NIWZIE,XEHSIN,1.0
NIWZIE01,XAXBEF,1.0
NIWZIE01,XEHSIN,1.0
NIWZIE02,XAXBEF,1.0
NIWZIE02,XEHSIN,1.0
NIWZIE03,XAXBEF,1.0
NIWZIE03,XEHSIN,1.0
NIWZIE04,XAXBEF,1.0
NIWZIE04,XEHSIN,1.0
NIWZIE05,XAXBEF,1.0
NIWZIE05,XEHSIN,1.0
NIWZIE06,XAXBEF,1.0
NIWZIE06,XEHSIN,1.0
NIWZIE07,XAXBEF,1.0
NIWZIE07,XEHSIN,1.0
NIWZIE08,XAXBEF,1.0
NIWZIE08,XEHSIN,1.0
NIWZIE09,XAXBEF,1.0
NIWZIE09,XEHSIN,1.0
NIWZIE10,XAXBEF,1.0
NIWZIE10,XEHSIN,1.0
NIWZIE11,XAXBEF,1.0
NIWZIE11,XEHSIN,1.0
NIWZIE12,XAXBEF,1.0
NIWZIE12,XEHSIN,1.0
NIWZIE13,XAXBEF,1.0
NIWZIE13,XEHSIN,1.0
NIWZIE14,XAXBEF,1.0
NIWZIE14,XEHSIN,1.0
NIWZIE15,XAXBEF,1.0
NIWZIE15,XEHSIN,1.0
NIWZIE16,XAXBEF,1.0
NIWZIE16,XEHSIN,1.0
NIWZIE17,XAXBEF,1.0
NIWZIE17,XEHSIN,1.0
NIWZIE18,XAXBEF,1.0
NIWZIE18,XEHSIN,1.0
NIWZIE19,XAXBEF,1.0
NIWZIE19,XEHSIN,1.0
NIXQUH,YIQBEF,0.8999999761581421
NIXQUH,YIQBEF01,0.8999999761581421
NIYJAI,NIYJEM,0.64000004529953
NIYJAI,NIYJIQ,0.5400000214576721
NIYJAI,PEMGAR,0.531818151473999
NIYJAI,PEMGEV,0.531818151473999
NIYJEM,NIYJIQ,0.8999999761581421
NIYJEM,WIMNUD,0.5199999809265137
NIYJIQ,WIMNUD,0.5199999809265137
NIYJIQ,RUYKAZ,0.4891304075717926
NIYZOM,PICCUC,0.5153846144676208
NIZDAC,SUDNIQ,0.5285714268684387
NOBLUM,VIWXOP,1.0
NOBLUM,VIWXIJ,1.0
NOBLUM,NOBLUM01,1.0
NOBLUM,NOBMAT,1.0
NOBLUM,SIDXUZ,0.8999999761581421
NOBLUM,SIDYIO,0.8999999761581421
NOBLUM01,VIWXOP,1.0
NOBLUM01,VIWXIJ,1.0
NOBLUM01,POCDUI,0.8999999761581421
NOBMAT,VIWXOP,1.0
NOBMAT,VIWXIJ,1.0
NOBMAT,POCDUI,0.8999999761581421
NOBMAT,SIDYEK,0.8999999761581421
NOBQEB,POKWUI,0.30454546213150024
NOBWUY,UGOCEA,1.0
NOBWUY,UTEWUM,0.6333333253860474
NOBWUY,NUVXUZ,0.6275862455368042
NOCKOG,XUDSEU,1.0
NOCKOG,SURKAT,0.8999999761581421
NOCLIB,NOCMOI,0.8999999761581421
NOCLIB,RACHUA,0.5666666626930237
NOCLOH,NOCLOH02,1.0
NOCLOH01,NOCLOH02,1.0
NOCLOH01,NOCLOH03,1.0
NOCLOH01,NOCLUN,1.0
NOCLOH01,QQQDHD01,0.8999999761581421
NOCLOH01,QQQDHD02,0.8999999761581421
NOCLOH02,SEVROC,1.0
NOCMAU,YICGUP,0.8999999761581421
NOCMAU,YICGOJ,0.8999999761581421
NOCMAU,NOCMOI,0.625
NOCMAU,ZIQXAB,0.550000011920929
NOCMOI,RACHUA,0.5666666626930237
NOCMUO,VEFLUP,0.8999999761581421
NODKAT,YIGKAD,1.0
NODKAT,NODKOH,1.0
NODKAT,WIKHAC,0.8999999761581421
NODKOH,YIGKAD,1.0
NODRAB,TEVDUV,0.8999999761581421
NODRAB,SIKCIA,0.8999999761581421
NODRAB,TEVFAD01,0.8999999761581421
NOFCAM,PEDLOZ,0.4521738886833191
NOFDUI,YIGJUW,1.0
NOFDUI,YIGJOQ,1.0
NOFDUI,YIGJEG,1.0
NOFHOG,WUPTUY01,0.8999999761581421
NOFHOG,WUPVAG,0.8999999761581421
NOFHOG,RUKDIM,0.8999999761581421
NOFHOG,UKIBUN,0.8999999761581421
NOFMIG,NOFMIG01,1.0
NOFMIG,XACSIG,0.8999999761581421
NOFMIG,VAZTOI,0.8999999761581421
NOFMIG01,XACSIG,0.8999999761581421
NOFQEG,NOFQIK,1.0
NOFQEG,NOFQOQ,1.0
NOFQIK,XOJWEZ,1.0
NOFQOQ,XOJWEZ,1.0
NOFZEO,UCEXEG,1.0
NOFZEO,RINTUF,1.0
NOGCAO,XOCROY,0.8999999761581421
NOGMAY,NOGMEC,0.8999999761581421
NOGMAY,TORXAB,0.8999999761581421
NOGMAY,NOGMIG,0.8999999761581421
NOGMAY,WAQRAI,0.8999999761581421
NOGMIG,WAQRAI,0.8999999761581421
NOGNUU,REWTUL,0.8999999761581421
NOHFEX,NOHFEX01,1.0
NOHFEX,RUGXOI01,0.8999999761581421
NOHFEX,ZOYKEF,0.8999999761581421
NOHFEX01,RUGXOI01,0.8999999761581421
NOHFEX01,ZOYKEF,0.8999999761581421
NOHFOG,QIXNIW,1.0
NOHFOG,TAPCIX,0.8999999761581421
NOHFOG,NUFYET,0.8999999761581421
NOHFOG,QIXNES,0.8999999761581421
NOHFOG,VEXFOU,0.5478260517120361
NOHSUA,PIMSUC,1.0
NOHSUA,WIMBIG,1.0
NOJXUG,NORRIW,1.0
NOJXUG,QANSEE,0.7617647051811218
NOJXUG,PIZJAJ,0.6214285492897034
NOJYAN,SAZQEQ,0.781818151473999
NOJYAN,QANSEE,0.781818151473999
NOJYAN,YOVTOS,0.781818151473999
NOJYER,YOVTOS,0.8258064389228821
NOJYER,SAZQEQ,0.8258064389228821
NOJYER,QANSEE,0.8258064389228821
NOJYIV,QANSEE,0.781818151473999
NOJYIV,SAZQEQ,0.781818151473999
NOJYIV,YOVTOS,0.781818151473999
NOKLIJ,ORIVUI,1.0
NOLQUA,YEMXEW,0.3705882430076599
NOLRIR,QEKLID,1.0
NOLRIR,QEKLID01,1.0
NOLVAN,XAFXOT,0.8999999761581421
NOLVAN,XAFYAG,0.8999999761581421
NOLVAN,VUNTUV,0.296875
NOLVAN,WOBCEX,0.8999999761581421
NOLVAN,XAFYEK,0.8999999761581421
NOLVER,XAFXOT,0.8999999761581421
NOLVER,NOMFOM,0.8999999761581421
NOLVER,NOMFUS,0.8999999761581421
NOLYOC,OVOZIJ,0.2760869562625885
NOLYOC,ULEGOH,0.3824999928474426
NOLYOC,YAPLIM,0.24117648601531982
NOMFIG,XAFYEK,0.8999999761581421
NOMFIG,NOMFOM,0.8999999761581421
NOMFOM,WOBBOG,0.8999999761581421
NOMFUS,WOBCAT,0.8999999761581421
NOMFUS,XAFXOT,0.8999999761581421
NOMFUS,XAFYIO,0.8999999761581421
NOMPIQ,NOMPIQ01,1.0
NOMPIQ,NOMPOW,1.0
NOMPIQ,VEXTUO,0.8999999761581421
NOMPIQ,VEXVAW,0.8999999761581421
NOMPIQ,ZUZZAX,0.8999999761581421
NOMPIQ01,NOMQAJ,0.8999999761581421
NOMPIQ01,NOMQAJ01,0.8999999761581421
NOMPIQ01,ZUZZEB,0.8999999761581421
NOMPOW,QAMKOH,0.8999999761581421
NOMPOW,WAQDOJ,0.8999999761581421
NOMPOW,ZUZZEB,0.8999999761581421
NOMQAJ,NOMQAJ01,1.0
NOMQAJ,VEXTUO,0.8999999761581421
NOMQAJ01,VEXTUO,0.8999999761581421
NOMQAJ01,VEXVAW,0.8999999761581421
NOMQAJ01,ZUZZEB,0.8999999761581421
NOMQAJ01,ZUZZIF,0.8999999761581421
NONXUK,VAQSUD,0.8999999761581421
NONXUK,VAQTAK,0.8999999761581421
NOPCEB,WOSGUI,0.421875
NOPJOT,SERTER,0.668571412563324
NOPJOT,SERTER01,0.668571412563324
NOPKAG,NOPXIB,0.8999999761581421
NOPKAG,NOPXOH,0.8999999761581421
NOPKAG,NOPXUN,0.8999999761581421
NOPKAG,POVTUQ,0.626086950302124
NOPXIB,NOPXUN,0.8999999761581421
NOPXIB,NOPXOH,0.8999999761581421
NOPXOH,NOPXUN,0.8999999761581421
NOPXOH,POVTUQ,0.7260869741439819
NOPXUN,POVTUQ,0.626086950302124
NOQCED,OSAWAH,0.32499998807907104
NOQLOV,PEKKAS,1.0
NOQLOV,OPEGUM,1.0
NOQLOV01,PEKKAS,1.0
NOQLOV01,USUWUC,1.0
NORRIW,QANSEE,0.7617647051811218
NORRIW,PIZJAJ,0.6214285492897034
NOSHEK,NOSHIO,1.0
NOSHEK,OXUPUT,0.550000011920929
NOSHIO,OXUPUT,0.550000011920929
NOSTUM,VAGTAA01,1.0
NOSTUM,NOSTUM01,1.0
NOSTUM,VAGTAA,1.0
NOSTUM,VAGTAA02,1.0
NOSTUM01,VAGTAA01,1.0
NOSTUM01,OPAGIX,1.0
NOSTUM01,VOGTER,1.0
NOSTUM01,VOGTIV,1.0
NOTRUL,XIKGEG01,1.0
NOTRUL,XIKGEG02,1.0
NOWMUJ,XAMNAD,0.550000011920929
NOWMUJ,UYEWIG02,0.5344827771186829
NOWMUJ,OXICEF,0.47894734144210815
NOXMAQ,XALDAS,0.7428571581840515
NOXMAQ,PIWLEP,0.7428571581840515
NOXMAQ,PIWLIT,0.7428571581840515
NOYBAG,XINLEO,0.3700000047683716
NOZKIW,QEGPUP,0.35999998450279236
NOZKIW,ODELOZ,0.35999998450279236
NOZZOT,NOZZUZ,1.0
NOZZOT,ODIXIK,1.0
NOZZOT,ODIXAC,1.0
NOZZOT,RIHZUF,0.8999999761581421
NOZZUZ,ODIXIK,1.0
NOZZUZ,ODIXAC,1.0
NOZZUZ,ODODOC,1.0
NOZZUZ,RIJBET,0.8999999761581421
NOZZUZ,XATLIQ,1.0
NOZZUZ,XUBGUY,0.8999999761581421
NUBBAP,RIFDUG01,1.0
NUBPIL,XAYKOA,1.0
NUBPIL,PARBIW,0.8999999761581421
NUBPIL,XEKYOE,0.8999999761581421
NUCBIW,RUWZAK,0.2451612949371338
NUCBIY,NUWVEI,1.0
NUCBIY,XILVIA,1.0
NUCBOE,NUWVOS,0.8999999761581421
NUCBOE,XILTOE,0.8999999761581421
NUCCEV,NUCCIZ,1.0
NUCCEV,XILVEW,0.8999999761581421
NUCCIZ,XILVEW,0.8999999761581421
NUCPEI,NUCPIM,1.0
NUCPEI,WEVVOL,0.8999999761581421
NUCPIM,WEVVOL,0.8999999761581421
NUCREJ,TONLOY,0.5785713791847229
NUCREJ,POXDIQ,0.5764706134796143
NUCREJ,VIXNIB,0.3571428656578064
NUCREJ,WUWQUB,0.3842104971408844
NUCREJ,WUWRAI,0.3842104971408844
NUCYAN,NUCYIV,0.8999999761581421
NUCYAN,NUCYER,0.8999999761581421
NUCYAN,RIWMUH,0.8999999761581421
NUCYER,WEBZEK,0.8999999761581421
NUCYIV,RIWMUH,0.8999999761581421
NUCYIV,XAMHEA,0.8999999761581421
NUDLIJ,NUDLOP,1.0
NUDLIJ,NUDNEH,1.0
NUDLIJ,NUDMIK,1.0
NUDLIJ,NUDLOP01,1.0
NUDLIJ,NUDMAC,1.0
NUDLIJ,NUDMEG,1.0
NUDLIJ,NUDMOQ,1.0
NUDLIJ,NUDMUW,1.0
NUDLIJ,NUDMUW01,1.0
NUDLOP,NUDNEH,1.0
NUDLOP,NUDMIK,1.0
NUDLOP,QUYCET,0.8999999761581421
NUDLOP01,NUDNEH,1.0
NUDLOP01,NUDMIK,1.0
NUDMAC,NUDNEH,1.0
NUDMAC,NUDMIK,1.0
NUDMEG,NUDNEH,1.0
NUDMEG,NUDMIK,1.0
NUDMEG,NUDMOQ,1.0
NUDMEG,NUDMUW,1.0
NUDMEG,NUDMUW01,1.0
NUDMIK,NUDNEH,1.0
NUDMOQ,NUDNEH,1.0
NUDMUW,NUDNEH,1.0
NUDMUW01,NUDNEH,1.0
NUDMUW01,TEQNUZ,0.8999999761581421
NUDNUW,NUDPAE10,1.0
NUDNUW,PESTAL,1.0
NUDNUW01,NUDPAE10,1.0
NUDNUW01,PESTAL,1.0
NUDNUW01,UYOYUD,1.0
NUDNUW01,WEZWEE,1.0
NUDNUW01,XACLOF,1.0
NUDNUW01,XACLUL,1.0
NUDNUW01,XACLUL01,1.0
NUDNUW01,XACLUL02,1.0
NUDNUW01,YUKVAC,1.0
NUDNUW02,NUDPAE10,1.0
NUDNUW02,PESTAL,1.0
NUDNUW03,NUDPAE10,1.0
NUDNUW03,PESTAL,1.0
NUDNUW04,NUDPAE10,1.0
NUDNUW04,PESTAL,1.0
NUDNUW05,NUDPAE10,1.0
NUDNUW05,PESTAL,1.0
NUDNUW06,NUDPAE10,1.0
NUDNUW06,PESTAL,1.0
NUDNUW07,NUDPAE10,1.0
NUDNUW07,PESTAL,1.0
NUDNUW08,NUDPAE10,1.0
NUDNUW08,PESTAL,1.0
NUDNUW09,NUDPAE10,1.0
NUDNUW09,PESTAL,1.0
NUDPAE,NUDPAE10,1.0
NUDPAE,PESTAL,1.0
NUDPAE01,NUDPAE10,1.0
NUDPAE01,PESTAL,1.0
NUDPAE02,NUDPAE10,1.0
NUDPAE02,PESTAL,1.0
NUDPAE03,NUDPAE10,1.0
NUDPAE03,PESTAL,1.0
NUDPAE04,NUDPAE10,1.0
NUDPAE04,PESTAL,1.0
NUDPAE05,NUDPAE10,1.0
NUDPAE05,PESTAL,1.0
NUDPAE06,NUDPAE10,1.0
NUDPAE06,PESTAL,1.0
NUDPAE07,NUDPAE10,1.0
NUDPAE07,PESTAL,1.0
NUDPAE08,NUDPAE10,1.0
NUDPAE08,PESTAL,1.0
NUDPAE08,RUGGUX,0.8999999761581421
NUDPAE08,VICBEQ,1.0
NUDPAE09,NUDPAE10,1.0
NUDPAE09,PESTAL,1.0
NUDPAE09,NUDPAE11,1.0
NUDPAE09,NUDPAE12,1.0
NUDPAE09,WIHTAK,0.8999999761581421
NUDPAE10,PESTAL,1.0
NUDPAE11,PESTAL,1.0
NUDPAE12,PESTAL,1.0
NUFBEX,WUPZUE,1.0
NUFBOH,WUPZUE,1.0
NUFBUN,WUPZUE,1.0
NUFCAU,WUPZUE,1.0
NUFTOY,TIRFOQ,1.0
NUFTOY,QAQSAD,0.8999999761581421
NUFYAP,QIXNIW,0.8999999761581421
NUFYAP,TAPCIX,0.8999999761581421
NUFYAP,NUFYIX,0.8999999761581421
NUFYAP,NUFYET,0.8999999761581421
NUFYAP,VEXFOU,0.5478260517120361
NUFYET,QIXNIW,0.8999999761581421
NUFYET,NUFYIX,0.8999999761581421
NUHBEY,PEBGAH,0.8999999761581421
NUHBEY,YUWKIL,0.8999999761581421
NUHBEY,TUTZUD,0.8999999761581421
NUHBIC,NUHBIC01,1.0
NUHBIC,TUTZUD,0.8999999761581421
NUHBIC,PEBGIP,0.8999999761581421
NUHBIC01,TUTZUD,0.8999999761581421
NUHBIC01,UVIKIU,0.8999999761581421
NUHBIC01,UVIKOA,0.8999999761581421
NUHDIE,ZOYZAQ01,1.0
NUHDIE,ZOYZAQ,1.0
NUHDIE,SUHPAN,0.8999999761581421
NUHDOK,ZOYZIY,1.0
NUHDOK,NUHDOK01,1.0
NUHDOK,TIDWIO,1.0
NUHDOK01,ZOYZIY,1.0
NUHDOK01,TIDWIO,1.0
NUHDUQ,ZOZBAT,1.0
NUHDUQ,ZOZBEX,1.0
NUHDUQ,NUHDUQ01,0.4374999701976776
NUHDUQ,SAXLEK,0.3076923191547394
NUHDUQ01,ZOZBAT,0.4374999701976776
NUHDUQ01,ZOZBEX,0.4374999701976776
NUHFAY,XINLEO,0.8999999761581421
NUHNUA,NUHPAI,0.8999999761581421
NUHNUA,UDOYUJ,0.49705880880355835
NUHNUA,OTODEI,0.4965517222881317
NUHPAI,OTODOS,0.4965517222881317
NUHPAI,OTODIM,0.4965517222881317
NUHQAK,SILKAC,1.0
NUHQAK,WIPLOY,0.9099999666213989
NUHQAK,WOJYOL,1.0
NUHRAL,XADDAJ01,1.0
NUHRAL,WOJYUR,1.0
NUHRAL,WOJZEC,0.8999999761581421
NUHRAL,WUHJIT,0.8999999761581421
NUHRAL,XADDAJ,1.0
NUJGEG,VAKBIU,0.38867923617362976
NUJXEV,PEXJUY,0.737500011920929
NULROB,NULRUH,1.0
NULROB,QOJVAM,0.8105263710021973
NULROB,QOJTUE,0.8105263710021973
NULROB,VOYLUS,0.5869565010070801
NULRUH,QOJVAM,0.8105263710021973
NULRUH,QOJTUE,0.8105263710021973
NULSUJ,WIDTAF,1.0
NULSUJ,PIBJIV,1.0
NUMMOX,SEGVUX,0.8999999761581421
NUMMOX,SEGVOR,0.8999999761581421
NUMMOX,TISWEZ,0.8999999761581421
NUMMOX,SEGVIL,0.8999999761581421
NUNNUH,XUJPOI,1.0
NUNNUH,TONBUU,1.0
NUNNUH,PUNYON,1.0
NUNNUH,XUJPEY,1.0
NUNNUH,XUJPIC,1.0
NUNNUH,XUJQAV,1.0
NUNPAP,XUJPOI,1.0
NUNPAP,TONBUU,1.0
NUNPAP,PUNYON,1.0
NUNPAP,XUJPEY,1.0
NUNPAP,XUJPIC,1.0
NUNPAP,XUJQAV,1.0
NUNPOC,VITKOA,0.5210525989532471
NUNSIA,NUNSOG,1.0
NUQPAS,NUQPIA,0.8999999761581421
NUQPAS,NUQPOG,0.8999999761581421
NUQPAS,NUQPEW,0.5076923370361328
NUQPEW,NURCUA,0.8999999761581421
NUQPEW,NUQPIA,0.5076923370361328
NUQPIA,NUQPOG,0.8999999761581421
NUQPIA,NURCUA,0.5076923370361328
NUQPOG,XUYYIA,0.6333333253860474
NUQPOG,NURCUA,0.5076923370361328
NUQWAZ,SIWPUL03,1.0
NUQWAZ01,SIWPUL03,1.0
NUQWAZ02,SIWPUL03,1.0
NUQWAZ03,SIWPUL03,1.0
NUQWAZ04,SIWPUL03,1.0
NUQWAZ05,SIWPUL03,1.0
NUQWAZ06,SIWPUL03,1.0
NUQWAZ07,SIWPUL03,1.0
NUQYIH,RENQIK,1.0
NUQYIH,UNOJUD,0.32499998807907104
NUQYIH,WOCFUR,0.8999999761581421
NURFOX,SIWPUL03,1.0
NURFOX01,SIWPUL03,1.0
NURFOX02,SIWPUL03,1.0
NURFOX03,SIWPUL03,1.0
NURFOX04,SIWPUL03,1.0
NURFOX05,SIWPUL03,1.0
NURFOX06,SIWPUL03,1.0
NURFUD,SIWPUL03,1.0
NURGAK,SIWPUL03,1.0
NURGEO,SIWPUL03,1.0
NURGIS,SIWPUL03,1.0
NURGUE,SIWPUL03,1.0
NURHAL,SIWPUL03,1.0
NURHEP,SIWPUL03,1.0
NURHIT,SIWPUL03,1.0
NURJAN,SIWPUL03,1.0
NURMUJ,RIFDUG01,1.0
NURMUJ,PEJNOJ,1.0
NURMUJ,PEJNUP,1.0
NURMUJ,PEJPAX,1.0
NURMUJ,PEJPEB,1.0
NURMUJ,PEPFAT,1.0
NURMUJ,PERQUB,1.0
NUSJES,ZIQQAU,0.2702702581882477
NUSJES,ZIQQEY,0.2657894790172577
NUSSEA,SOCWOX,1.0
NUSSEA,PURQEZ,1.0
NUSSEA,QOTFAH,0.8999999761581421
NUTQAV,YUGLES,1.0
NUTQAV,YAGHUM,1.0
NUTQAV,NUTQEZ,1.0
NUTQAV,RAHNOF,0.7480000257492065
NUTQAV,WEBTOP,0.804347813129425
NUTQAV,YIMCOP,0.5909091234207153
NUTQEZ,YUGLES,1.0
NUTQEZ,YAGHUM,1.0
NUTQEZ,UXOHOG,0.7230769395828247
NUTQEZ,VUJBIM,0.9526315927505493
NUTYEI,VIXZUZ,0.8999999761581421
NUTYEI,NUTYOS,0.8999999761581421
NUTYIM,NUTYOS,0.8999999761581421
NUVCUD,NUVDUE,0.8999999761581421
NUVCUD,YEDBOB,0.8999999761581421
NUVCUD,NUVDAK,0.8999999761581421
NUVDAK,NUVDUE,0.8999999761581421
NUVDEO,NUVDIS,0.8999999761581421
NUVDEO,NUVDUE,0.8999999761581421
NUVDEO,YEDBOB,0.8999999761581421
NUVDIS,YEDBOB,0.8999999761581421
NUVDIS,XUDYAX,0.8999999761581421
NUVDIS,NUVDOY,0.8999999761581421
NUVDOY,OKASEZ,0.8999999761581421
NUVDUE,YEDBOB,0.8999999761581421
NUVDUE,NUVFAM,0.8999999761581421
NUVDUE,SOGSAJ,0.8999999761581421
NUVDUE,SOGSAJ01,0.8999999761581421
NUVFAM,XUDYAX,0.8999999761581421
NUVLOG,WOQDUB,0.8999999761581421
NUVLOG,VARWUI,0.8999999761581421
NUVLOG,VARWES,0.8999999761581421
NUVLOG,ZUBZIH,0.5714285969734192
NUVXOT,YATDUV,1.0
NUVXOT,YENTUJ,1.0
NUVXUZ,YATDUV,0.8999999761581421
NUVYEK,WUPTUY01,0.8999999761581421
NUVYEK,WUPVAG,0.8999999761581421
NUVYEK,UHUQAQ,0.5628571510314941
NUVYEK,UHUQAQ01,0.5628571510314941
NUVYIO,UKIBIB,0.8999999761581421
NUVYIO,PENVEM01,0.8999999761581421
NUWVEI,XILTUK,1.0
NUWVEI,XILVAS,1.0
NUWVEI,XILTOE,1.0
NUWVEI,XILVEW,1.0
NUWVEI,XILVIA,1.0
NUWVIM,XILTUK,1.0
NUWVIM,XILVAS,1.0
NUWVIM,XILTOE,1.0
NUWVIM,XILVEW,1.0
NUWVIM,XILVIA,1.0
NUWVOS,XILTUK,1.0
NUWVOS,XILVAS,1.0
NUXLUN,UXUPEK,1.0
NUXLUN,NUXLUN01,1.0
NUXLUN,NUXLUN02,1.0
NUXLUN01,UXUPEK,1.0
NUXLUN01,NUXLUN02,1.0
NUXLUN01,XEGQOQ,0.8999999761581421
NUXLUN01,YEYMAQ,0.8999999761581421
NUXLUN02,UXUPEK,1.0
NUXMAU,SIJQAE,0.8999999761581421
NUXMAU,OFIVAA,0.8999999761581421
NUXMEY,ODOJUN,1.0
NUXMEY,NUXMEY01,1.0
NUXMEY01,ODOJUN,1.0
NUXMIC,NUXMIC01,1.0
NUXMIC,ODOKAU,1.0
NUXMIC01,ODOKAU,1.0
NUXMIC01,VUZVER,0.8999999761581421
NUYNAY,NUYNEC,1.0
NUYNAY,RICHIV,0.8999999761581421
NUYNAY,RICHAN,0.8999999761581421
NUYNEC,RICHIV,0.8999999761581421
NUYNEC,RICHAN,0.8999999761581421
NUYWEK,OHAKEO,1.0
NUYWEK,UQIWIC,1.0
NUYWEK,PIDVUW,1.0
NUYWOU,OHAKEO,1.0
NUYWOU,UQIWIC,1.0
NUYWOU,OHAKIS,1.0
NUYWOU,OHAKOY,1.0
NUYWOU,PIDVUW,1.0
NUYWOU,WOBNOS,1.0
NUYXEL,PARBIW,0.7352941632270813
NUYXEL,QAFFOV,0.6914286017417908
NUZLOK,PUGFII,1.0
NUZLOK,WITJOA,1.0
NUZLOK,PUGGOP,1.0
NUZLOK,WITJUG,1.0
NUZVOV,OTIQAL,0.42499998211860657
OBAHAD,OBAHOR,1.0
OBAHAD,OBAHEH,1.0
OBAHAD,OBAJAF,1.0
OBAHAD,OBAHIL,1.0
OBAHAD,OBAHUX,1.0
OBAHEH,OBAHOR,1.0
OBAHEH,OBAJAF,1.0
OBAHIL,OBAHOR,1.0
OBAHIL,OBAJAF,1.0
OBAHIL,OBAHUX,1.0
OBAHOR,OBAJAF,1.0
OBAHUX,OBAJAF,1.0
OBAWOG,YIKMAG,0.5333333611488342
OBAWOG,XOJXAW,0.4374999701976776
OBEDAA,ZIHFUR01,0.5714285969734192
OBEMUE01,SIWGUB,0.8999999761581421
OBEROF,XOGGOR01,0.5823529362678528
OBEROF,XOGGOR,0.5823529362678528
OBIBAF,VAXTEV,0.8999999761581421
OBIBAF,OBIBEJ,0.8999999761581421
OBIBAF,SEQTEP,0.8999999761581421
OBIBEJ,UKOZOL,1.0
OBIVAY,RAKZAE,0.5666666626930237
OBIVAY,OBIXEE,0.550000011920929
OBIVAY,UDEWEG,0.46666663885116577
OBIXEE,YAFWEI,0.8999999761581421
OBIXEE,VUSDUJ,0.7499999403953552
OBIXEE,UDEWUW,0.7499999403953552
OBIYAC,YICXIU,0.6464285850524902
OBOBIS,RUVYIR,0.3930232524871826
OBODEQ,SADLEQ,1.0
OBODEQ,SADLOA,1.0
OBODEQ,TECVEE,0.8999999761581421
OBODEQ,ULOWEZ,0.512499988079071
OBOGIY,OBOGUK,0.8999999761581421
OBOGIY,RAHBOU,0.8999999761581421
OBOGUK,RAHBOU,0.8999999761581421
OBOHOE,POSBAC,0.8999999761581421
OBOHOE,VAQRUC,0.8999999761581421
OBOHOE,SIYGOZ,0.8999999761581421
OBUMIK,OVUCOY,0.6157894730567932
OBUMIK,WUTBEU,0.26363638043403625
OBUZIV,QEHJOD,0.8999999761581421
OBUZIV,QEHJIX,0.8999999761581421
OBUZIV,TOWXEK,0.7000000476837158
OBUZIV,TOXHAR,0.7000000476837158
OCACUR,UGECEO,1.0
OCACUR,UGECEO03,1.0
OCACUR,OLOKEF,0.8999999761581421
OCACUR,UGECEO01,1.0
OCAKUB,PUYREI,1.0
OCAKUB,VUQKAU,1.0
OCAKUB,VUQJUN,1.0
OCAKUB,VUQJUN01,1.0
OCAKUB,VUQKAU01,1.0
OCAKUB,VUQKAU02,1.0
OCAWAT,ODOXEK,0.64000004529953
OCETAS,WEKXEQ,0.686956524848938
OCETAS,UKOYUP,0.5869565010070801
OCETAS,UKOYOJ,0.5869565010070801
OCIHAK,ULOGIL,1.0
OCIHAK,XADGIU,0.8999999761581421
OCIHAK,XADGOA,0.8999999761581421
OCIHAK,YETQOG,0.8999999761581421
OCIYUW,YEPCUS,0.3793103098869324
OCOKOJ,WOPXAA,0.8999999761581421
OCOKOJ,ZEBHOG,0.8999999761581421
OCOKOJ,SIKGAW,0.8999999761581421
OCOTIM,UNIRUF07,1.0
OCOTIM,UNIRUF05,1.0
OCOTIM,UNIRUF12,1.0
OCOTUX,YEGKOM,0.3461538553237915
OCUMIL,OCUNAE02,1.0
OCUMIL,OCUMOR,1.0
OCUMIL,OCUNAE,1.0
OCUMIL,OCUNAE01,1.0
OCUMOR,OCUNAE02,1.0
OCUMOR,OCUNAE,1.0
OCUMOR,OCUNAE01,1.0
OCUMOR,OQEPEG,0.6700000166893005
OCUNAC,QALGUH,1.0
OCUNAC,XAFBEN,0.8999999761581421
OCUNAC,XAFBOX,0.8999999761581421
OCUNAE,OCUNAE02,1.0
OCUNAE,OQEPEG,0.6700000166893005
OCUNAE,UKEXEP,0.8999999761581421
OCUNAE01,OCUNAE02,1.0
OCUNAE01,OQEPEG,0.6700000166893005
OCUNAE01,UKEXEP,0.8999999761581421
OCUNAE02,UKEXEP,0.8999999761581421
OCUPOS,OCUPUY,0.9307692646980286
OCUPOS,UXUXAO,0.8999999761581421
OCUPUY,VONBUX02,0.8999999761581421
OCUPUY,YUSQIN,0.8999999761581421
OCUQIO,ROLCEC15,1.0
OCUQIO,ROLCEC14,1.0
OCUQIO,SANMAX,1.0
OCUQIO01,ROLCEC15,1.0
OCUQIO01,ROLCEC14,1.0
OCUQIO01,SANMAX,1.0
OCUQIO02,ROLCEC15,1.0
OCUQIO02,ROLCEC14,1.0
OCUQIO02,SANMAX,1.0
OCUQIO03,ROLCEC15,1.0
OCUQIO03,ROLCEC14,1.0
OCUQIO03,SANMAX,1.0
OCUQIO04,ROLCEC15,1.0
OCUQIO04,ROLCEC14,1.0
OCUQIO04,SANMAX,1.0
OCURAG,OCUTAI,1.0
OCURAG,QADKAH,1.0
OCURAG,OCURIO,1.0
OCURAG,OCUSUB,1.0
OCURAG,OCUTEM,1.0
OCURAG,OFIVAA,1.0
OCURAG,OFIVAA01,1.0
OCURAG,PENXUC,1.0
OCURAG,QADKAH01,1.0
OCURAG,YEYMIY,0.8999999761581421
OCURIO,OCUTAI,1.0
OCURIO,QADKAH,1.0
OCURIO,PENXUC,1.0
OCURIO,QADKAH01,1.0
OCUSUB,OCUTAI,1.0
OCUSUB,QADKAH,1.0
OCUSUB,OCUTEM,1.0
OCUSUB,PENXUC,1.0
OCUSUB,VUZVER,0.8999999761581421
OCUSUB,WIVKOD,0.8999999761581421
OCUSUB,YIDSOT,1.0
OCUTAI,QADKAH,1.0
OCUTAI,VUZVER,0.8999999761581421
OCUTAI,YIDSOT,1.0
OCUTEM,QADKAH,1.0
OCUTEM,OFIVAA,1.0
OCUTEM,OFIVAA01,1.0
ODAGEI,PEMGAR,0.3410714268684387
ODAGEI,PEMGEV,0.3410714268684387
ODAHIK,XALTUA,0.8499999642372131
ODAHUY,XIFXUG,0.8999999761581421
ODAJIO,QALNEW,1.0
ODAJIO,UNIRUF14,0.8999999761581421
ODAJIO,UNIRUF15,0.8999999761581421
ODEJOY,ODEJOY01,1.0
ODELOZ,UXUPEK,0.8999999761581421
ODELOZ,XEGQEG,0.8999999761581421
ODELOZ,XEGQEG01,0.8999999761581421
ODEPOF,ODEPUL,1.0
ODEPOF,ODEQEW,1.0
ODEPOF,ODEQAS,0.8090909123420715
ODEPUL,ODEQEW,1.0
ODEPUL,ODEQAS,0.8090909123420715
ODEPUL,QIFVOT,0.84375
ODEQAS,ODEQEW,0.8090909123420715
ODEZAB,QIDJOF,0.6823529601097107
ODEZAB,WIJRIT,0.6294118165969849
ODIVUT,POLBEZ,0.8999999761581421
ODIVUT,TANMIH,0.5285714268684387
ODIXAC,RIJBAP,0.8999999761581421
ODIXAC,XATLIQ,1.0
ODIXEG,YOCGAZ,1.0
ODIXEG,ODODUI,1.0
ODIXIK,ODODOC,1.0
ODIXIK,XATLIQ,1.0
ODIXIK,RIJBAP,0.8999999761581421
ODIZOQ,ODIZOQ01,1.0
ODIZOQ,OTOVIE,0.5636363625526428
ODIZOQ01,OTOVIE,0.5636363625526428
ODODES,YOCGAZ,1.0
ODODES,ODODUI,1.0
ODODIW,YOCGAZ,1.0
ODODIW,ODODUI,1.0
ODODIW,XOQXIL,0.8714286088943481
ODODOC,TOVJUL,0.8999999761581421
ODODOC,ZEBMAW,0.8999999761581421
ODODUI,YOCGAZ,1.0
ODODUI,XOQXOR,0.804347813129425
ODODUI,ZEBMAW,0.8999999761581421
ODOJUN,XEGQEG,0.8999999761581421
ODOJUN,XEGQEG01,0.8999999761581421
ODOJUN,YEYMAQ,0.8999999761581421
ODOKAU,SIJQAE,0.8999999761581421
ODOKAU,WIVKOD,0.8999999761581421
ODOMIF,PEFWEF,1.0
ODOMIF,PEFWAB,1.0
ODONOL,ODONUR,0.8999999761581421
ODOXEK,PARKUQ01,1.0
ODOXEK,SIZGEO,1.0
ODOXEK,SIZGIS,1.0
ODOXEK,ULOGAE,1.0
ODUMIK,YEMGED,1.0
ODUMIK,TALKOH,0.8999999761581421
ODUNEH,VAJNAW,1.0
ODUNEH,PIWLIT,1.0
ODUNEH,QUSWIK,1.0
ODUNEH,QUSWIK01,1.0
ODUNIL,WEMJUU,0.8999999761581421
ODUNIL,PUNSUN,0.8999999761581421
ODUNIL,PUNSIB,0.8999999761581421
ODUNIL,WEMJII,0.8999999761581421
OFACEF,XUMNAW,0.6631578803062439
OFAGOU,YARXEX,0.8999999761581421
OFAWAV,OFAWEZ,1.0
OFAWAV,OYOSAX,0.8999999761581421
OFAWAV,PARFOF01,0.8999999761581421
OFAWAV,TUXNEF,0.8999999761581421
OFAWAV,YICKIH,0.8999999761581421
OFAWEZ,OYOSAX,0.8999999761581421
OFAWEZ,PARFOF01,0.8999999761581421
OFAWEZ,TIRFOQ,0.8999999761581421
OFEHAK,OKILAW,0.7749999761581421
OFEHAK,RAWWAQ,0.582926869392395
OFEHAK,TELFAT,0.6499999761581421
OFEHAK,TELFEX,0.6499999761581421
OFEREX,SEHXIN,1.0
OFEREX,POFGUO,0.8999999761581421
OFERUN02,VELVOY,1.0
OFERUN04,SEFTOO,1.0
OFERUN04,SEFTUU,1.0
OFERUN04,SEFVAC,1.0
OFERUN04,SEFVEG,1.0
OFERUN04,SEFVEG02,1.0
OFERUN04,SEFWAD,1.0
OFERUN04,SEFWEH,1.0
OFERUN06,YUDWAX,1.0
OFERUN09,YUDWAX,1.0
OFIDAJ,UTADOK,1.0
OFIDAJ,PEQTOV,1.0
OFIDAJ,PEQTUB,1.0
OFIDAJ,VATXEU,0.8999999761581421
OFIDAJ,VEDRAY,0.8999999761581421
OFIDOX,POPQIW,0.8999999761581421
OFIDOX,XATNIP01,0.8999999761581421
OFIDUD,WETBAB01,1.0
OFIDUD,OGESUP,1.0
OFIDUD,WETBAB,1.0
OFIDUF,SETVOF,0.41499999165534973
OFIDUF,SUJNUH,0.3769230842590332
OFIRUQ,RIHKIF,0.8999999761581421
OFITON01,RENQIK,0.8999999761581421
OFITON01,WOCFUR,0.8999999761581421
OFITON01,SIWNES,0.8999999761581421
OFITUT,SIWNES,0.8999999761581421
OFITUT,SIWNIW,0.8999999761581421
OFIVAA,QADKAH,1.0
OFIVAA,SIJQAE,0.8999999761581421
OFIVAA01,QADKAH,1.0
OFIXOR,WORKUL,0.565517246723175
OFIYUY,OFIZAF,1.0
OFIYUY,XOHQER,1.0
OFIYUY,RELLOK,1.0
OFIZAF,XOHQER,1.0
OFOCUI,XIJSUH,1.0
OFOCUI,PIDRAY,0.7428571581840515
OFOCUI,SESRUG,0.49705880880355835
OFOCUI,TOVWAE,0.804347813129425
OFODAP,WIRCOS,1.0
OFODAP,WISVEB,1.0
OFODAP,RINPEJ,0.64000004529953
OFODAP,TEWMUG,0.8999999761581421
OFODAP,TOWPAY,0.8999999761581421
OFODET,VALXEO,1.0
OFOJAX,OFOJEB,0.737500011920929
OFOJAX,QUHVEW,0.6759999990463257
OFOJAX,RIBSAZ,0.6538462042808533
OFOJAX,XIJVIY,0.7545455098152161
OFOJAX,YEYCUC,0.7545455098152161
OFOJAX,ZOPLOH,0.785714328289032
OFOJEB,WAGRUS,0.7124999761581421
OFOKUQ,SUDNIQ,0.8999999761581421
OFOKUQ,QIYQAR,0.8999999761581421
OFOQUY,YUNJUO,1.0
OFOQUY,OKAYOQ,1.0
OFOQUY,YUNJOI,1.0
OFOQUY,YUNJIC,1.0
OFOQUY,YUNKAV,1.0
OFORUZ,SOSQIC01,0.550000011920929
OFOVOX,OXAPEJ,0.8999999761581421
OFOVOX,VEZWEE,0.46666663885116577
OFOVOX,VEZVUT,0.46666663885116577
OFOVOX,YETFUB,0.4599999785423279
OFOYUG,QUXREI,1.0
OFOYUG,QUXRIM,1.0
OFOYUG,QUWYEO,1.0
OFUCEZ,TEHMOJ,1.0
OFUCEZ,SEDLAP01,0.8999999761581421
OFUCEZ,SEDLAP,0.8999999761581421
OFUSAL,ZIWTII,0.4214285612106323
OFUTUH,OLOKEF,0.6499999761581421
OFUVUI,OFUWIX,0.8999999761581421
OFUVUI,OFUWAP,0.8999999761581421
OFUVUI,OFUWET,0.8999999761581421
OFUVUI,OFUWOD,0.8999999761581421
OFUVUI,PEVLEJ,0.6967741250991821
OFUWAP,OFUWIX,0.8999999761581421
OFUWAP,OFUWET,0.8999999761581421
OFUWAP,OFUWOD,0.8999999761581421
OFUWAP,PEVLIN,0.6967741250991821
OFUWET,OFUWIX,0.8999999761581421
OFUWET,OFUWOD,0.8999999761581421
OFUWET,PEVLEJ,0.6967741250991821
OFUWIV,OFUWIV01,1.0
OFUWIV,OFUWIV02,1.0
OFUWIV01,OFUWIV02,1.0
OFUWIX,OFUWOD,0.8999999761581421
OFUYUL,RUGXUO,1.0
OFUYUL,RUGXIC,1.0
OFUYUL,RUGXOI,1.0
OFUYUL,RUGXOI01,1.0
OGAFUA,YIXYUB,0.746874988079071
OGAFUA,OGAPEU,0.6142857670783997
OGAFUA,YELREP,0.5142857432365417
OGALAK,OGALAK01,1.0
OGALAK,RAPBEP01,0.8999999761581421
OGALAK,WAZSUL,0.3863636255264282
OGALAK01,RAPBEP01,0.8999999761581421
OGAPEU,UCABAE,0.550000011920929
OGAQES,ZEKKOR,0.364705890417099
OGAQES,ZEKKUX,0.364705890417099
OGAXUR,OGECOU,0.8999999761581421
OGEBAF,OGEBAF01,1.0
OGEBAF,OGOJAX,0.925000011920929
OGEBAF,RESDUQ,0.8999999761581421
OGEBAF,UBUMAH,0.8999999761581421
OGEBAF,VEYREY,0.7300000190734863
OGEBAF01,OGOJAX,0.925000011920929
OGEBAF01,UBUMAH,0.8999999761581421
OGECOU,WEMLAD,0.3812499940395355
OGEQAU,RUXWEM03,0.8999999761581421
OGEQAU,WIZMAV09,0.8999999761581421
OGESUP,WETBAB01,1.0
OGIBUD,QOBGEV,1.0
OGIBUD,POFJOK,0.5950000286102295
OGIBUD,VIFBOD,0.8999999761581421
OGIBUD,VIFBUJ,0.8999999761581421
OGIJIY,TIYMEU,1.0
OGIJIY,TOBQEH,0.8999999761581421
OGIYAF,OXCFOR,1.0
OGIYAF,VERZID,1.0
OGIYAF,YANBAR01,1.0
OGIYAF,PIXPOE,1.0
OGIYAF,SOJKOT,1.0
OGIYAF,SOJKOT01,1.0
OGIYAF,SOJKOT02,1.0
OGIYAF,SOJKOT03,1.0
OGIYAF,SOJKOT04,1.0
OGIYAF,SOJKOT05,1.0
OGIYAF,SOJKOT06,1.0
OGIYAF,SOJKOT07,1.0
OGIYAF,SOJKOT08,1.0
OGOVEM,OGOVIQ,0.8999999761581421
OGOVEM,RUNXUV,0.2749999761581421
OGOVEM,RUWZAK,0.27000001072883606
OGOVIQ,RUNXUV,0.2749999761581421
OGOVIQ,RUWZAK,0.27000001072883606
OGUJIL,WUZQOZ,1.0
OGUJIL,OGUJOR,1.0
OGUJOR,WUZQOZ,1.0
OGULUY,SUHPAN,1.0
OGULUY,SUHNIT,1.0
OGULUY,WOHTUK,0.4000000059604645
OGUPIQ,UFUKUB01,1.0
OGUPIQ,UFUKUB03,1.0
OGUPIQ,TAMRAD,0.8999999761581421
OGUPIQ,UFUKUB02,1.0
OGUPIQ,WAMRIN,0.8999999761581421
OGUPIQ,WAMRIN01,0.8999999761581421
OGUPIQ,WAMRIN02,0.8999999761581421
OGUPIQ,XADHAN,0.8999999761581421
OGUPIQ,YUBGUZ,0.8999999761581421
OGURAK,OYIVOI,1.0
OGUREO,SAJLOH,0.7839999794960022
OGUSIU,ZUSNOS,0.8999999761581421
OGUSIU,SEVWEY,0.8999999761581421
OGUSIU,SEVWIC,0.8999999761581421
OGUZIA,WAVDUT,1.0
OGUZIA,OPUDIN,1.0
OHAFUA,OHAGIP,0.7300000190734863
OHAFUA,OHAGAH,0.7300000190734863
OHAGAH,OHAGIP,1.0
OHAGAH,UQOGAK,0.8999999761581421
OHAGAH,OKEHOC,0.8999999761581421
OHAGAH,OKEHIW,0.8999999761581421
OHAGAH,XAPPOV,0.8999999761581421
OHAGEL,WAZFAH,0.8999999761581421
OHAGEL,WAZFUB,0.8999999761581421
OHAGEL,WAZFOV,0.8999999761581421
OHAGEL,QAFHEN,0.8999999761581421
OHAGIP,UQOGAK,0.8999999761581421
OHAGIP,OKEHOC,0.8999999761581421
OHAGIP,XAPPOV,0.8999999761581421
OHAGOV,OLUGUZ,1.0
OHAGOV,OLUHAG,1.0
OHAGOV,XAPTEQ,0.8999999761581421
OHAGOV01,OLUGUZ,1.0
OHAGOV01,UFOSAM,0.8999999761581421
OHAGOV01,XAPTEQ,0.8999999761581421
OHAKEO,VURQIJ,1.0
OHAKEO,UYECIM,0.8999999761581421
OHAKIS,VURQIJ,1.0
OHAKIS,UYEBIL,0.8999999761581421
OHAKIS,ZEGFAV,0.4288461208343506
OHAKOY,VURQIJ,1.0
OHAQAQ,UVINIX,0.3076923191547394
OHAYUS,VEDQED,0.8999999761581421
OHAYUS,VALGAT,0.8999999761581421
OHAYUS,XUGQIB,0.8999999761581421
OHAZAZ,TOHYOF,0.8999999761581421
OHAZAZ,PANYOU,0.8999999761581421
OHAZON,OHEBAF,0.8999999761581421
OHAZON,OHAZUT,0.8999999761581421
OHAZUT,OHEBAF,0.8999999761581421
OHEGAJ,XIYYEL,1.0
OHEGAJ,WECBEN,1.0
OHEGAJ,SEYQIW,1.0
OHEMIX,RUXXAJ01,0.550000011920929
OHEMIX,RUXXAJ,0.550000011920929
OHIHET,PAFPAQ,1.0
OHIHET,TUJBIL,1.0
OHIHET,OSUGUG,0.8999999761581421
OHIHET,TETQAN,0.5846154093742371
OHIHET,VIGBOF,0.5764706134796143
OHIHET,YARDAY,0.5909091234207153
OHIHIX,OSUGUG,1.0
OHIHIX,VUMCEM,0.8999999761581421
OHIHIX,UHIZUI,0.42399999499320984
OHIHIX,VEYXED,0.4535714089870453
OHIHIX,YAMKOP,0.8999999761581421
OHIHOD,WIMWIA,0.8999999761581421
OHIHUJ,VODBEW,0.8999999761581421
OHIZIO,OHIZIO01,1.0
OHIZIO,VASFAZ,0.8999999761581421
OHIZIO,VASFIH,0.8999999761581421
OHIZIO01,VASFAZ,0.8999999761581421
OHOROS,SAQFUM,1.0
OHOROS,SAQFUM01,1.0
OHOROS,PUPQIB,0.7107142806053162
OHOROS,ZUMWUZ,0.5759999752044678
OHUCIE,OHUCUQ,1.0
OHUCIE,OHUCOK,1.0
OHUCOK,OHUCUQ,1.0
OHUKIM,XISDIO,0.8999999761581421
OHUKIM,XISDOU,0.8999999761581421
OJAKOA,OJAKUG,0.8999999761581421
OJAKUG,SESDEA01,0.48571428656578064
OJAKUG,SESDEA,0.48571428656578064
OJANAO,YIQBEF,0.8999999761581421
OJANAO,XESCOO,0.30000001192092896
OJARAU,OJARAU01,1.0
OJARAU,OJARUO,0.8999999761581421
OJARAU01,OJARUO,0.8999999761581421
OJARUO,VOQDAI,0.4634615182876587
OJENUO,XAQYAQ,0.3769230842590332
OJEXEI,VIDJID,1.0
OJEXEI,ZAQXEX,0.8999999761581421
OJEXEI,QUJLAK01,0.8999999761581421
OJEXEI,OTOYUT,0.47894734144210815
OJEXEI,ZOZPUB,0.6225806474685669
OJIDAN,WAGQAY,0.8999999761581421
OJIDAN,PIWVAV,0.6272727251052856
OJOBAS,TATSIS,1.0
OJOBAS,VEDGES,1.0
OJOBAS,TATSIS01,1.0
OJOBAS,VEDFAN,1.0
OJOBAS,VEDFER,1.0
OJOBAS,VEDFIV,1.0
OJOBAS,VEDFOB,1.0
OJOBAS,VEDFUH,1.0
OJOBAS,VEDGAO,1.0
OJOBAS,VEDGIW,1.0
OJOBAS,VODNOS,1.0
OJONOQ,WEMBUN,1.0
OJOQAF,PEKZIP,1.0
OJOQAF,ZIBRAD,1.0
OJOQAF01,PEKZIP,1.0
OJOQAF01,ZIBRAD,1.0
OJOQAF02,PEKZIP,1.0
OJOQAF02,ZIBRAD,1.0
OJOQAF02,YUGZEG,0.30000001192092896
OJOQAF03,PEKZIP,1.0
OJOQAF03,ZIBRAD,1.0
OJOQEJ,SIKGAW,1.0
OJOQEJ,UXOWIO,1.0
OJOQEJ,OJOQEJ01,1.0
OJOQEJ,OJOQEJ02,1.0
OJOQEJ01,SIKGAW,1.0
OJOQEJ01,SIKGEA,1.0
OJOQEJ01,UXOWIO,1.0
OJOQEJ01,UXOWOU,1.0
OJOQEJ01,UXOXAH,1.0
OJORUC,RIVRIA,1.0
OJORUC,SISBED,0.5344827771186829
OJORUC,VAGTUU,0.5333333611488342
OKABAE,ONIXOZ,0.625
OKABAE,QURNEY,0.5869565010070801
OKABAE,WEQNEO,0.5869565010070801
OKABEI,TOPKIT,0.4692307710647583
OKABEI,PIVBEC,0.4599999785423279
OKANOF,WUMLIB,0.8999999761581421
OKANOF,YOYPOT,0.7942857146263123
OKASAV,SOGSAJ01,0.8999999761581421
OKASAV,YEDBOB,0.8999999761581421
OKASEZ,XUDYEB,0.8999999761581421
OKASEZ,VIDPIJ,0.8999999761581421
OKASEZ,XALTOV,0.3181818127632141
OKATOJ,OKAVEB,0.8999999761581421
OKATUP,OKAVAX,1.0
OKATUP,POKWUI,0.6538462042808533
OKATUP,POKXAP,0.6538462042808533
OKATUP,POKXIX,0.6538462042808533
OKATUP,POKXOD,0.6538462042808533
OKAVAX,OKAVEB,0.8999999761581421
OKAVAX,POKWUI,0.6538462042808533
OKAVAX,POKXAP,0.6538462042808533
OKAVAX,POKXIX,0.6538462042808533
OKAVAX,POKXOD,0.6538462042808533
OKAVEB,POKXET,0.6538462042808533
OKAVEB,POKXOD,0.5538461804389954
OKAYAC,QUXREI,1.0
OKAYAC,QUXRIM,1.0
OKAYAC,QUWYEO,1.0
OKAYAC,QUXQUX,1.0
OKAYAC,QUXRAE,1.0
OKAYAC,QUXROS,1.0
OKAYAC,QUXRUY,1.0
OKAYAC,UQEFAZ,1.0
OKAYAC,UQEFED,1.0
OKAYAC,VODQUB,0.8999999761581421
OKAYAC,ZERQOE,1.0
OKAYEG,QUXREI,1.0
OKAYEG,QUXRIM,1.0
OKAYEG,QUWYEO,1.0
OKAYIK,QUXREI,1.0
OKAYIK,QUXRIM,1.0
OKAYIK,QUWYEO,1.0
OKAYOQ,OKAYUW,1.0
OKAYOQ,YUNJOI,1.0
OKAYOQ,YUNJUO,1.0
OKAYOQ,OKAZAD,1.0
OKAYUW,YUNJOI,1.0
OKAYUW,YUNJUO,1.0
OKAYUW,YUNJIC,1.0
OKAYUW,YUNKAV,1.0
OKAZAD,YUNJOI,1.0
OKAZAD,YUNJUO,1.0
OKAZAD,YUNJIC,1.0
OKAZAD,YUNKAV,1.0
OKEHIW,XAPPOV,0.8999999761581421
OKEHIW,OKEHOC,0.8999999761581421
OKEHIW,UQOGAK,0.8999999761581421
OKEHIW,XEMNUB,0.8419354557991028
OKEHIW,XEMPAJ,0.8419354557991028
OKEHOC,UQOGAK,0.8999999761581421
OKELEX,XIHXET,1.0
OKELEX,XIHXAP,1.0
OKELEX,XIHXAP01,1.0
OKELEX,RIMROX,0.821739137172699
OKELEX,UMAROR,0.8999999761581421
OKELEX,XIHWUI,1.0
OKELOH,UMARIL,0.8999999761581421
OKEPUR,WEXCAF,0.8999999761581421
OKIJUO,OKIKAV,1.0
OKIJUO,OKIKEZ,1.0
OKIJUO,ZIHFUR,0.5950000286102295
OKIKAV,OKIKEZ,1.0
OKIKAV,ZIHFUR,0.5950000286102295
OKIKEZ,ZIHFUR,0.5950000286102295
OKILAW,RAWWAQ,0.6076923608779907
OKILAW,RUVMIF,0.6428571343421936
OKILEA,OKILIE,1.0
OKILEA,PUPXII01,0.79677414894104
OKILEA,QIRBOK,0.7352941632270813
OKILEA,UGIGEY,0.7617647051811218
OKILEA,VEMXAP,0.6428571343421936
OKILEA,ZIKCON,0.6967741250991821
OKILIE,PUPXII01,0.79677414894104
OKILIE,QIRBOK,0.7352941632270813
OKILIE,UGIGEY,0.7617647051811218
OKILIE,ZIKCUT,0.5823529362678528
OKILUR,OKIQEG,1.0
OKILUR,WENSOA,1.0
OKILUR,WENSUG,0.8999999761581421
OKIMAY,WENSUG,0.8999999761581421
OKINEC,OKINIG,1.0
OKINEC,OKIPII,0.8999999761581421
OKINEC,VALXEL,0.8999999761581421
OKINEC,OKINUS,0.8999999761581421
OKINIG,OKIPII,0.8999999761581421
OKINIG,VALXEL,0.8999999761581421
OKINIG,OKINUS,0.8999999761581421
OKINIG,UZAVAT,0.8999999761581421
OKINUS,VALXEL,0.8999999761581421
OKINUS,OKIPEE,0.8999999761581421
OKINUS,OKIPII,0.8999999761581421
OKINUS,XEZXOQ,0.3100000023841858
OKIPEE,UZAVAT,0.8999999761581421
OKIPEE,OKIPII,0.8999999761581421
OKIPEE,VALXEL,0.8999999761581421
OKIPII,UZAVAT,0.8999999761581421
OKIQEG,WENSOA,1.0
OKITIM,YINNOB,1.0
OKITIM01,YINNOB,1.0
OKITIM02,YINNOB,1.0
OKIVAG,YINNOB,1.0
OKIVAG01,YINNOB,1.0
OKIVIO,YINNOB,1.0
OKIVIO01,YINNOB,1.0
OKIVIO01,YINNUH,1.0
OKIVIO02,YINNOB,1.0
OKIVUA,YINNOB,1.0
OKIWEL,YINNOB,1.0
OKIWEL01,YINNOB,1.0
OKIWEL02,YINNOB,1.0
OKIWUB,YINNOB,1.0
OKIWUB01,YINNOB,1.0
OKIWUB02,YINNOB,1.0
OKIWUB02,SAHYAD,1.0
OKIWUB02,SAHYAD01,1.0
OKIWUB02,SAHYAD02,1.0
OKIWUB02,SAHYAD03,1.0
OKIWUB02,SAHYIL,1.0
OKIXIQ,YINNOB,1.0
OKIXIQ,SAHYAD,1.0
OKIXIQ,SAHYAD01,1.0
OKIXIQ,SAHYAD02,1.0
OKIXIQ,SAHYAD03,1.0
OKIXIQ,SAHYIL,1.0
OKIXIQ01,YINNOB,1.0
OKIXIQ02,YINNOB,1.0
OKIYAJ,YINNOB,1.0
OKIYAJ01,YINNOB,1.0
OKIYIR,YINNOB,1.0
OKIYIR,SAHYAD,1.0
OKIYIR,SAHYAD01,1.0
OKIYIR,SAHYAD02,1.0
OKIYIR,SAHYAD03,1.0
OKIYIR,SAHYIL,1.0
OKIYIR01,YINNOB,1.0
OKIYIR02,YINNOB,1.0
OKIYIR03,YINNOB,1.0
OKOSUE,SICZIP,0.5186046361923218
OKOSUE,TEKYOA,0.699999988079071
OKUSOE,OKUSUK,1.0
OKUSOE,OKUTAR,1.0
OKUSOE,OKUTEV,1.0
OKUSUK,OKUTAR,1.0
OKUSUK,OKUTEV,1.0
OKUTAR,OKUTEV,1.0
OLEYAH,WOBHIF03,1.0
OLEYAH,WOBHIF02,1.0
OLEYAH,OLOPUC,1.0
OLEYAH,ORIVOC,1.0
OLEYAH,WIZDEP,1.0
OLEYAH,WOBHEB,1.0
OLEYAH,WOBHEB01,1.0
OLEYAH,WOBHIF,1.0
OLEYAH,WOBHIF01,1.0
OLEYAH,WOBHOL,1.0
OLOGEC,YAYSOJ,1.0
OLOGEC,XEZMEW,1.0
OLOGEC,XEZMOG,0.8999999761581421
OLOKEF,WIHDUN,1.0
OLOKEF,WONBAD,0.8999999761581421
OLOPUC,WOBHIF02,1.0
OLUGUZ,OLUHAG,1.0
OLURUI,OLURUI01,1.0
OLURUI,YOSLOH,0.8999999761581421
OLURUI,SIYGUF,0.8999999761581421
OLURUI,VAQRUC,0.8999999761581421
OLURUI01,YOSLOH,0.8999999761581421
OLURUI01,UPUJEW,0.4714285731315613
OLURUI01,UPUJIA,0.4714285731315613
OMATED,UGOSOY,1.0
OMATED,QATVUE,0.6785714030265808
OMAWOP,UZIHUI,0.5363636612892151
OMAWOP,XAYMUF,0.49130430817604065
OMEHAP,SALBOX,1.0
OMEHAP,WUKFAL,0.8999999761581421
OMEHAP,XEVGUB,0.8999999761581421
OMEHIZ,OMEJIB,1.0
OMEHIZ,PAQBAN,0.8999999761581421
OMEJIB,PAQBAN,0.8999999761581421
OMEWUZ,PEHWUW,0.8999999761581421
OMEWUZ,WARWOC,0.8999999761581421
OMEWUZ,PEHXAD,0.8999999761581421
OMICOD,XISGEN,1.0
OMICOD,PUNCIL,0.8999999761581421
OMICOD,VIRXIF,0.5800000429153442
OMOFED,OMOFED03,1.0
OMOFED,OMOFED02,1.0
OMOFED,TILWIV,0.5759999752044678
OMOFED01,OMOFED03,1.0
OMOFED01,OMOFED02,1.0
OMOFED02,OMOFED03,1.0
OMORUE,RORJOZ,0.5049999952316284
OMOTAM,XUGDOU,1.0
OMOTAM,XUGDUA,1.0
OMUMEQ,TEXTOH,0.5218750238418579
OMUMEQ,XISDUA,1.0
OMUMIU,UQUTUX,1.0
OMUMIU,UQUTUX01,1.0
OMURIY,PEXTES,0.8999999761581421
OMURIY,RAHXEE,0.8999999761581421
OMURIY,XEVHIQ,0.8999999761581421
OMURUK,YICGID,0.8999999761581421
OMURUK,YICGEZ,0.8999999761581421
ONAWAC,ONAWEG02,1.0
ONAWAC,ONAWEG,1.0
ONAWEG,ONAWEG02,1.0
ONAWEG,XOVBIV,0.5586206316947937
ONAWEG,XOZZOC,0.48461538553237915
ONAWEG01,QOGROU,0.8999999761581421
ONAWEG01,POVREY,0.46562498807907104
ONIXOZ,ORAWAH,1.0
ONIXOZ,WARXUL,0.7000000476837158
ONOCOK,VUQJUN,1.0
ONOCOK,PUYREI,1.0
ONOCOK,PECKEQ,1.0
ONOCUR,QIQTOB,0.9280000329017639
ONOCUR,ONODOM,0.8999999761581421
ONOCUR,TARYUJ,0.6558823585510254
ONUKAL,TOWMOJ,1.0
ONUKAL,VOBKAA,0.8999999761581421
ONUQOE,PAPVEJ,0.4781249761581421
ONUQOE,PAPVIN,0.4781249761581421
OPAGIX,VOGTIV,1.0
OPAGIX,VAGTAA02,1.0
OPAPEB,OPAPIF,0.8999999761581421
OPAPEB,OPAPOL,0.8999999761581421
OPAPEB,OPAPUR,0.8999999761581421
OPAPIF,OPAPOL,0.8999999761581421
OPAPIF,WAKCUJ,0.3749999701976776
OPEGUM,USUWUC,1.0
OPEMIG,SAXDOL,0.31599998474121094
OPENUT,UHISEK,1.0
OPIFUQ,QAGQEW,0.8999999761581421
OPIFUQ,RANWAH,0.8999999761581421
OPIFUQ,VEGBUG,0.5625
OPIRIQ,WAGKIB,0.8999999761581421
OPIRIQ,OZONIC,0.8999999761581421
OPIXUI,OPIYAP,1.0
OPIXUI,UKALAV,0.6516129374504089
OPIYAP,UKALAV,0.6516129374504089
OPOBOL,XOVXEM,0.6333333253860474
OPOBOL,XOVXAI,0.6333333253860474
OPOCEC,SIDCAL,0.8999999761581421
OPOCEC,UNEBIZ,0.4000000059604645
OPUDIN,WAVDUT,1.0
OPUFAH,OPUFAH01,1.0
OPUFAH,SOGXES,1.0
OPUFAH01,SOGXES,1.0
OPUFAH01,QUTNID,0.8999999761581421
OPUJUG,XAPMUY,1.0
OPUJUG,YIQVUR,0.8999999761581421
OPUKAN,QEBYON,1.0
OPUKAN,OPUKAN01,1.0
OPUKAN01,QEBYON,1.0
OPUKAN01,VOPCEK,0.8999999761581421
OPUKAN01,VOPCIO,0.8999999761581421
OPURIB,OPURIB01,1.0
OPURIB,RAVFAX,0.8999999761581421
OPURIB,RAVFIF,0.8999999761581421
OPURIB01,RAVFAX,0.8999999761581421
OPURIB01,RAVFIF,0.8999999761581421
OQANIE,UJAQOM,0.6749999523162842
OQANIE,UJAQUS,0.6749999523162842
OQANIE,QEKZAI,0.3214285671710968
OQEZUH,XAYLER,0.6567566990852356
OQIJOO,OQIJUU,1.0
OQIJOO,ZUMWUZ,0.4965517222881317
OQIJUU,ZUMWUZ,0.4965517222881317
OQIQEM,OQIQOW,0.8999999761581421
OQIQOW,TUCJAD,0.8999999761581421
OQIQUB,OQIQUB01,0.7088235020637512
OQIQUB,OQIRAI,0.7088235020637512
OQIQUB,YINYIF,0.6749999523162842
OQIQUB,VAXSUK,0.6272727251052856
OQIQUB,WILJOS,0.5785713791847229
OQIQUB,WILJUY,0.5785713791847229
OQIQUB01,OQIRAI,1.0
OQIQUB01,XOVBIV,0.4829268455505371
OQIRAI,XOVBIV,0.4829268455505371
OQIRAI,VAXSUK,0.47045451402664185
OQOBUT,OQOCAA,1.0
OQOCAA,VODBEW,0.8999999761581421
OQOXAV,USUBUG,1.0
OQOXAV,ULUVUT,1.0
OQOXAV,RUMRUO,1.0
OQOXAV,WERHOR,0.8999999761581421
OQUFAJ,OQUFAJ03,1.0
OQUFAJ01,OQUFAJ03,1.0
OQUFAJ02,OQUFAJ03,1.0
OQUFAJ02,OQUFAJ04,1.0
OQUSEA,ZNACEU05,0.8999999761581421
ORAGOF,ORUKIX,0.8999999761581421
ORAGOF,XIFHIG,0.8999999761581421
ORAGOF,ORUKOD,0.8999999761581421
ORAGOF,UDIWEM,0.5885714292526245
ORAGOF,UDIWIQ,0.6454545855522156
ORAGOF,UDIWUC,0.5885714292526245
ORAGOF,VEYSAW,0.8999999761581421
ORAGOF,XIFHEC,0.8999999761581421
ORAHAS,WAZFUB,0.6931818723678589
ORAHAS,WAZFOV,0.6931818723678589
ORAHAS,TAWSAN,0.64000004529953
ORAWAH,WARXUL,0.7000000476837158
ORAWEL,ZZZSSS01,1.0
ORAWEL,YELNIM,1.0
ORIFUS,XOKJUD,1.0
ORIHIH,WEMRIS,1.0
ORIHIH,SUHHOT,1.0
ORIVOC,WOBHIF02,1.0
ORIVOC,YUHHEQ,0.8999999761581421
ORIWAP,WIZDAL,1.0
ORIWAP,QOWLEU,1.0
ORIWAP,SATNOR,1.0
ORIWAP,SATNOR01,1.0
ORIWAP,SATNOR02,1.0
ORIWAP,SICQUT,1.0
ORIWAP,SICRAA,1.0
ORIWAP,SICREE,1.0
ORIWAP,SICRII,1.0
ORIWET,OZULAY,1.0
ORONOA,ORONOA01,1.0
ORONOA,ZZZEJE02,1.0
ORONOA,ZZZEJE01,1.0
ORONOA,UKOZOK,0.8999999761581421
ORONOA,WAJCAM,0.8999999761581421
ORONOA01,ZZZEJE02,1.0
ORONOA01,ZZZEJE01,1.0
ORONOA01,QASXAM,0.8999999761581421
OROZUR,XIVLEW,0.8999999761581421
ORUKET,XIFHEC,0.8999999761581421
ORUKET,XIFHIG,0.8999999761581421
ORUKET,ORUKIX,0.8999999761581421
ORUKIX,XIFHEC,0.8999999761581421
ORUKIX,VEYSAW,0.8999999761581421
ORUKIX,UDIWIQ,0.5454545617103577
ORUKIX,XIFHIG,0.8999999761581421
ORUKOD,WITKIV,0.8999999761581421
OSADIX,OSADIX01,1.0
OSADIX,YINCOP,0.9217391610145569
OSADIX,YUQDUL,0.8999999761581421
OSADIX01,YINCOP,0.9217391610145569
OSAVEK,PIMTAJ,1.0
OSAVEK,POMSOB,1.0
OSAVEK,SUCLOT,1.0
OSAVIO,RUFMUA01,1.0
OSAVIO,TECVOO,1.0
OSAVIO,TECVEE,1.0
OSAVIO,RUFMUA,1.0
OSAVUA,OSAWAH,1.0
OSAVUA,QUJKEM,1.0
OSAVUA,QUJKAI,1.0
OSAVUA,OSAWEL,1.0
OSAVUA,YUHHIU,1.0
OSAWAH,QUJKEM,1.0
OSAWAH,QUJKAI,1.0
OSAWAH,YUHHIU,1.0
OSAWEL,QUJKEM,1.0
OSAWEL,QUJKAI,1.0
OSAXEM,VIXKOE,0.8999999761581421
OSAXIQ,SORCOS,0.47499996423721313
OSAXIQ,TOWNAW,0.8999999761581421
OSAXIQ,VIXKOE,0.8999999761581421
OSIWIX,XINWUO,0.8999999761581421
OSIWOD,OSIXEU,1.0
OSIWOD,OSIXIY,1.0
OSIWOD,OSIWUJ,1.0
OSIWOD01,OSIXEU,1.0
OSIWOD01,OSIXIY,1.0
OSIWOD01,OSIWUJ,1.0
OSIWOD01,OSIXOE,0.7000000476837158
OSIWUJ,OSIXEU,1.0
OSIWUJ,OSIXIY,1.0
OSIWUJ,XINXAV,0.8999999761581421
OSIXEU,OSIXIY,1.0
OSIXEU,OSIXOE,0.7000000476837158
OSIXIY,OSIXOE,0.7000000476837158
OSIXIY,XINXAV,0.8999999761581421
OSIXUK,OSIYEV,0.8999999761581421
OSIXUK,OSIYAR,0.8999999761581421
OSIXUK,OSIYOF,0.8999999761581421
OSIYAR,OSIYOF,0.8999999761581421
OSIYAR,OSIYEV,0.8999999761581421
OSIYAR,OSIYIZ,0.8999999761581421
OSIYEV,OSIYOF,0.8999999761581421
OSOTUN,WAWGOQ,0.7300000190734863
OSUGUG,PAFPAQ,0.8999999761581421
OSUGUG,TUJBIL,0.8999999761581421
OSUGUG,RENHAW,0.6749999523162842
OSUGUG,VEYXED,0.4535714089870453
OSUGUG,VUMCEM,0.8999999761581421
OSUVIJ,OSUVOP,1.0
OSUVIJ,XOQXIL,0.8999999761581421
OSUVIJ,SEQJOQ,0.8714286088943481
OSUVOP,XOQXIL,0.8999999761581421
OSUVOP,SEQJOQ,0.8714286088943481
OTABES,YAKBOE,1.0
OTABES,VETVAS,0.8999999761581421
OTAQAD,ZIYWIQ,0.8999999761581421
OTAQAD,ZAVLAM,0.7714285850524902
OTARUX,OTARUX01,1.0
OTARUX,OTARUX02,1.0
OTARUX,VIRJEL,0.5
OTARUX01,OTARUX02,1.0
OTARUX01,VIRJEL,0.5
OTARUX02,VIRJEL,0.5
OTAWIR,TEZJOA,1.0
OTAWIR,QOZSIJ,0.9699999690055847
OTAWIR,OVIJEK,0.5604650974273682
OTAWIR,ROJSEQ,0.8999999761581421
OTAWIR,ZIDREL,0.6538462042808533
OTAXOX,XEHRUY,1.0
OTAXOX,SIWZOP03,1.0
OTECAT,OTECEX,1.0
OTECAT,OTEDOI,1.0
OTECAT,RIXPIZ,1.0
OTECAT,OTEDUO,1.0
OTECEX,OTEDOI,1.0
OTECEX,RIXPIZ,1.0
OTECEX,OTEDUO,1.0
OTEDOI,RIXPIZ,1.0
OTEDUO,RIXPIZ,1.0
OTEGOL,OTEHAY,1.0
OTEGOL,ZEGREL,1.0
OTEGOL,YAZFOW,1.0
OTEGOL,OWIHEJ,1.0
OTEGOL,OWIHIN,1.0
OTEGOL,OWIHOT,1.0
OTEGOL,OWIHUZ,1.0
OTEGOL,OWIJAH,1.0
OTEGOL,OWIJEL,1.0
OTEGOL,OWIJIP,1.0
OTEGOL,OWIJOV,1.0
OTEGOL01,OTEHAY,1.0
OTEGOL01,ZEGREL,1.0
OTEGOL01,YAZFOW,1.0
OTEGUR,OTEHAY,1.0
OTEGUR,ZEGREL,1.0
OTEGUR,YAZFOW,1.0
OTEGUR,VITYOO,0.8999999761581421
OTEHAY,ZEGREL,1.0
OTEHAY,YAZFOW,1.0
OTENEH,UMORIY,0.8999999761581421
OTENEH,YUJNOH,0.8999999761581421
OTENEH,YUJNIB,0.8999999761581421
OTIPAK,OTOVAW,0.5636363625526428
OTIPEO,SIVVAW,1.0
OTIPEO,ROCZEQ,1.0
OTIPEO,UMABIV,1.0
OTIPEO,UMAQAC,1.0
OTIPOY,OTOVEA,0.8999999761581421
OTIQAL,QOZDOY,0.8999999761581421
OTIQEP,YAQCEY,1.0
OTIWOF,OTIWOF02,1.0
OTIWOF,OTIXAS,1.0
OTIWOF01,OTIWOF02,1.0
OTIWOF01,OTIXAS,1.0
OTIWOF01,RAFRUL,1.0
OTIWOF02,OTIXAS,1.0
OTIWOF02,RIYXIG,1.0
OTIWOF02,XAZFEJ,1.0
OTIWOF02,XAZGAG,1.0
OTIXAS,RIYXIG,1.0
OTODEI,OTODIM,1.0
OTODEI,OTODOS,1.0
OTODIM,OTODOS,1.0
OTOLIU,YAZYIJ,0.8999999761581421
OTOLIU,OZUKOL,0.8999999761581421
OTOVAW,OTOVIE,0.8999999761581421
OTOYUT,OTOZAA,0.8999999761581421
OTOZAA,XARPAK,0.47894734144210815
OTOZEE,PIWVAV,0.4214285612106323
OTOZII,OTOZOO,0.8999999761581421
OTOZII,PUFYOG,0.8027026653289795
OTOZOO,PUFYOG,0.8027026653289795
OVABUJ,QUTNID,0.8999999761581421
OVAJAX,SAQJOK,0.6586206555366516
OVEHUT,PARKUQ,1.0
OVEHUT,PARKUQ01,1.0
OVEHUT,SIZGEO,1.0
OVEHUT,SIZGIS,1.0
OVEHUT,ULOGAE,1.0
OVEXOD,OXEMOV,0.606249988079071
OVICUS,RUBGUS,0.8999999761581421
OVIHOR01,PUQXUV,1.0
OVIHOR01,XEGWIS,1.0
OVIHOR01,XEGYEQ,1.0
OVIHOR02,PUQXUV,1.0
OVIHOR02,XEGWIS,1.0
OVIHOR02,XEGYEQ,1.0
OVIHOR02,XOQXEH,1.0
OVIHOR03,PUQXUV,1.0
OVIHOR03,XEGWIS,1.0
OVIHOR03,XEGYEQ,1.0
OVIHOR03,VAGKOF,0.8999999761581421
OVIJEK,RIHSEJ,0.621052622795105
OVIJEK,TEZJOA,0.5604650974273682
OVOKOB,VOLRAQ,0.49512192606925964
OVOZIJ,OVOZUV,0.8999999761581421
OVOZUV,VETFUV,0.2750000059604645
OVUCOY,XANBOE,0.8999999761581421
OVUCOY,YAYPAR,0.8999999761581421
OVUCOY,YAYPEV,0.8999999761581421
OVUDAL,YAYPIZ,1.0
OVUDAL,YAYPOF,1.0
OVUDAL,ZEJDAV,0.4049999713897705
OVUKIA,UGUGUZ,0.8999999761581421
OWIFAD,UYUGAY,0.7954545021057129
OWIFAD,WORREC,0.5571428537368774
OWIGOR,SIWJEQ,1.0
OWIHEJ,OWIHIN,1.0
OWIHEJ,OWIHOT,1.0
OWIHEJ,OWIHUZ,1.0
OWIHEJ,OWIJAH,1.0
OWIHEJ,OWIJEL,1.0
OWIHEJ,OWIJIP,1.0
OWIHEJ,OWIJOV,1.0
OWIHEJ,VITZIJ,0.8999999761581421
OWIHIN,OWIHOT,1.0
OWIHIN,OWIHUZ,1.0
OWIHIN,OWIJAH,1.0
OWIHIN,OWIJEL,1.0
OWIHIN,OWIJIP,1.0
OWIHIN,OWIJOV,1.0
OWIHUZ,ZEGREL,1.0
OWIJAH,TONKEN,1.0
OWIJAH,VITZIJ,0.8999999761581421
OWIJEL,VITZOP,0.8999999761581421
OWIJEL,ZEGREL,1.0
OWIJIP,VITZIJ,0.8999999761581421
OWIJIP,YAZFOW,1.0
OWIJOV,VITZOP,0.8999999761581421
OWISOD,WITMIX,0.6081081032752991
OWISOD,WITMOD,0.708108127117157
OWITAQ,OWIVAS,1.0
OWITAQ,TIVWUR,0.8999999761581421
OWITAQ,OWITIY,0.8999999761581421
OWITAQ,OWITEU,0.8999999761581421
OWITAQ,OWITOE,0.8999999761581421
OWITEU,OWIVAS,0.8999999761581421
OWITEU,OWITOE,0.8999999761581421
OWITEU,OWITIY,0.8999999761581421
OWITEU,OWITUK,0.8999999761581421
OWITIY,TIVWUR,0.8999999761581421
OWITIY,OWITOE,0.8999999761581421
OWITOE,OWIVAS,0.8999999761581421
OWITUK,OWIVAS,0.8999999761581421
OWIVAS,TIVWUR,0.8999999761581421
OWIVEW,RORQOE,0.8999999761581421
OWIVEW,QQQFJD02,0.8999999761581421
OWIVEW,UHOSUG,0.3857142925262451
OWIZAW,SUKYIH,0.7652174234390259
OWIZAW,QIYDAF,0.7230769395828247
OWIZAW,QIYDIN01,0.7230769395828247
OWUVUY,SIRQES,0.31063830852508545
OXALAB,QUYRAF,0.8392857313156128
OXALIJ,WIVRIE,1.0
OXALUV,WIVRIE,0.8999999761581421
OXAMIK,VIRXIF,0.8999999761581421
OXAMIK,XISGEN,0.48000001907348633
OXAPEJ,VIKKUY,0.4521738886833191
OXAPEJ,YETFUB,0.35999998450279236
OXCFOR,YICCOE,1.0
OXCFOR,YANBAR01,1.0
OXCFOR,VIRJIQ,1.0
OXCFOR,YANBAR,1.0
OXCFOR,YANBAR02,1.0
OXCFOR,YANBAR03,1.0
OXCFOR,YANBAR04,1.0
OXCFOR,YUKVEG,1.0
OXEMOV,XOMSUP,0.8142856955528259
OXEWUL,REYDOR,1.0
OXEWUL,POFGUO,1.0
OXEWUL,VOQXIK,1.0
OXICEF,SAZQUI,0.6499999761581421
OXICEF,UYEWIG02,0.5909091234207153
OXIKUD,WUJGAJ,0.8999999761581421
OXITOF,XEVSIB,0.7954545021057129
OXITOF,XUZRIU,0.7954545021057129
OXOLAP,RUKDIM,1.0
OXOLAP,WUPTUY,1.0
OXOLAP,XULGIW,1.0
OXOLAP,OXOLET,0.6785714030265808
OXOLAP,OXOLIX,0.7749999761581421
OXOLAP,WUPTUY01,1.0
OXOLET,RUKDIM,0.6785714030265808
OXOLET,WUPTUY,0.6785714030265808
OXOLIX,XULGIW,0.7749999761581421
OXOLIX,RUKDIM,0.7749999761581421
OXOZUY,XAFFER,0.8999999761581421
OXOZUY,VACLAP,0.8999999761581421
OXUNUR,TEQVIW,0.37272727489471436
OXUPIH,UZUSEO,1.0
OYEJAE,VIBHAQ,0.3149999976158142
OYEWEW,OYEWIA,1.0
OYEWEW,RUYTOW,0.8999999761581421
OYEWEW,VIKBUP,0.8999999761581421
OYEWEW,PACGIM,0.8999999761581421
OYEWIA,RUYTOW,0.8999999761581421
OYEWIA,VIKBUP,0.8999999761581421
OYIHAH,WEBVIK,0.8999999761581421
OYIHAH,WEBVAC,0.8999999761581421
OYIHAH,WEBVEG,0.8999999761581421
OYIVOI,QOPHUZ,0.8999999761581421
OZAXUK,YAFJEX,0.6100000143051147
OZAXUK,WIZKOH,0.6076923608779907
OZEDAA,SUFROA,0.4285714328289032
OZOGAN,UVUFUN,1.0
OZOGAN,PEMREG,0.8999999761581421
OZOGAN,QADFUZ,0.6827585697174072
OZOGAN,QOLRIU,0.5181818008422852
OZOGAN,XICJIF,0.5384615659713745
OZONIC,WAGKIB,0.8999999761581421
OZUBOC,SIYXIH10,1.0
OZUBOC,WIKQAJ,0.8999999761581421
OZUKOL,OZULAY,1.0
OZUKUR,OZULAY,1.0
OZUKUR,POVVEC,0.5875000357627869
OZUKUR01,OZULAY,1.0
OZUKUR01,QUJJUB,1.0
OZUKUR01,QUJJUB01,1.0
OZULUS,OZUMAZ,1.0
OZULUS,OZUMAZ01,1.0
OZULUS,OZUMIH,1.0
PABBEC,XIHCIB,0.44285714626312256
PABBEC,YUQNAB,0.42399999499320984
PABBEC,YUQMUU,0.42399999499320984
PABRIW,SUFPAM,0.3749999701976776
PABRIW,VIMNEN,0.31599998474121094
PACGIM,VEWREX,0.8999999761581421
PACGIM,VEFMAW,0.8999999761581421
PACYIE,ZOMXAC,1.0
PACYIE,TALKOH,0.8999999761581421
PACYIE,VIRPOC,0.8999999761581421
PACZUQ,PADBAZ,0.8999999761581421
PACZUQ,XETPIW,0.5800000429153442
PACZUQ,TAZSAP01,0.5800000429153442
PADBAZ,XESFIL,0.5800000429153442
PADJEK,SIWPUL01,1.0
PADJEK01,SIWPUL01,1.0
PADJEK02,SIWPUL01,1.0
PADJEK03,SIWPUL01,1.0
PADJEK04,SIWPUL01,1.0
PADJOU,SIWPUL01,1.0
PADJOU01,SIWPUL01,1.0
PADKIP01,SIWPUL01,1.0
PADKIP02,SIWPUL01,1.0
PADKIP03,SIWPUL01,1.0
PADKIP04,SIWPUL01,1.0
PADKIP05,SIWPUL01,1.0
PADKIP06,SIWPUL01,1.0
PADKIP07,SIWPUL01,1.0
PADKIP08,SIWPUL01,1.0
PADKIP09,SIWPUL01,1.0
PADKIP10,SIWPUL01,1.0
PADKIP11,SIWPUL01,1.0
PADKIP12,SIWPUL01,1.0
PADKIP13,SIWPUL01,1.0
PADKIP14,SIWPUL01,1.0
PADKIP15,SIWPUL01,1.0
PADKIP16,SIWPUL01,1.0
PADKIP17,SIWPUL01,1.0
PADKIP18,SIWPUL01,1.0
PADKIP19,SIWPUL01,1.0
PADKIP20,SIWPUL01,1.0
PADKIP21,SIWPUL01,1.0
PADKIP22,SIWPUL01,1.0
PADKIP23,SIWPUL01,1.0
PADKIP24,SIWPUL01,1.0
PADKIP25,SIWPUL01,1.0
PADKIP26,SIWPUL01,1.0
PADKIP27,SIWPUL01,1.0
PADKIP28,SIWPUL01,1.0
PADKIP29,SIWPUL01,1.0
PADKIP30,SIWPUL01,1.0
PADKIP31,SIWPUL01,1.0
PADKIP32,SIWPUL01,1.0
PADRET,RANLAV,0.550000011920929
PADRET,TALKAT,0.48181816935539246
PADROD,PADROD01,1.0
PADROD,PADROD02,1.0
PADROD,ZUVTEP,0.8999999761581421
PADROD01,PADROD02,1.0
PADROD01,URXDAC10,0.8999999761581421
PAFPAQ,TUJBIL,1.0
PAFPAQ,VUMCEM,0.8999999761581421
PAFPAQ,TETQAN,0.5846154093742371
PAFPAQ,VIGBOF,0.5764706134796143
PAFPAQ,YAMKOP,0.8999999761581421
PAFPAQ,YARDAY,0.5909091234207153
PAFXUS,TACTUP,1.0
PAFZEE,RAWYAS,0.9000000357627869
PAGFAH,QESNEK,1.0
PAJRUQ,VEJYEP,1.0
PAJSAX,VEJYEP,1.0
PAKXIK,WISTID,0.6428571343421936
PALTON,SOSQEY01,0.4692307710647583
PALTON,PICWOP,0.4692307710647583
PALTON,XARPAK,0.44285714626312256
PALTUT,RUBDUO,0.6571428775787354
PALTUT,ZAWTUO,0.6023256182670593
PAMGIV,PAMHES,0.8999999761581421
PAMGIV,YUDMIU,0.8999999761581421
PAMHES,PAMHES01,1.0
PAMHES,RITFAE,1.0
PAMHES,VETHUA,0.831250011920929
PAMHES01,RITFAE,1.0
PAMHES01,RIPNIP,1.0
PAMHES01,RITDOQ,0.8999999761581421
PAMHES01,VETHUA,0.831250011920929
PAMHES01,XILSIW,0.8999999761581421
PAMHIW,TAWSAN,0.6868420839309692
PAMQEB,UTEFOP,1.0
PAMTII,PAMTOO,0.8999999761581421
PAMTOO,RAJFAL,0.8999999761581421
PAMTUU,RAJFAL,0.8999999761581421
PANYEK,ROCZUG,1.0
PANYOU,UPOVOL,0.8999999761581421
PANYOU,VIPKAI,0.40789473056793213
PAPKAV,WIZSOP,1.0
PAPKAV,VUMCIQ,1.0
PAPKAV,QISXIB,0.8999999761581421
PAPKID,PAPKUP,0.8999999761581421
PAPKID,PAPKOJ,0.8999999761581421
PAPKOJ,PAPKUP,0.8999999761581421
PAPNUR,PELRAB,0.7428571581840515
PAPNUR,PAPPED,0.686956524848938
PAPNUR,PAPPIH,0.686956524848938
PAPPAZ,VUHHIQ,1.0
PAPPAZ,PAPPED,0.737500011920929
PAPPAZ,PAPPIH,0.737500011920929
PAPPED,PAPPIH,1.0
PAPPED,PELRAB,0.7545455098152161
PAPPED,VUHHIQ,0.737500011920929
PAPPIH,PELRAB,0.7545455098152161
PAPPIH,VUHHIQ,0.737500011920929
PAPVAF,YEVTOL,0.7090908885002136
PAPVAF,YEVTUR,0.6171428561210632
PAPVEJ,PAPVIN,0.8999999761581421
PAQDAP,PELWEK,0.8999999761581421
PAQPEF,PAQPIJ,0.8999999761581421
PAQPEF,PAQPOP,0.8999999761581421
PAQPIJ,PAQPOP,0.8999999761581421
PAQXUC,PAQYAJ01,1.0
PAQXUC,PAQYAJ,1.0
PAQYAJ,PAQYAJ01,1.0
PAQYAJ,PAQYEN,0.8999999761581421
PAQYAJ,PAQYEN01,0.8999999761581421
PAQYAJ,PAQYIR,0.8999999761581421
PAQYAJ,ZOTPUV,0.625
PAQYAJ,ZUSZOE,0.8999999761581421
PAQYEN,PAQYIR,1.0
PAQYEN,PAQYEN01,1.0
PAQYEN01,PAQYIR,1.0
PARFOF,PARFOF01,1.0
PARFOF,TEWWAW,1.0
PARFOF,TEWVUP,1.0
PARFOF01,TEWWAW,1.0
PARFOF01,TEWVUP,1.0
PARFOF01,TIRFOQ,0.8999999761581421
PARHAS,PARHEW,1.0
PARHEW,TILHED,0.8999999761581421
PARKUQ01,PUNDUY,1.0
PARKUQ01,QISNAJ,1.0
PARKUQ01,QISNEN,1.0
PARKUQ01,QISNIR,1.0
PARMIG,PEXSOB,0.8999999761581421
PARMIG,PEXSOB01,0.8999999761581421
PARNIH,PARNON,1.0
PARNIH,YAVYAW02,1.0
PARNIH,POFBIW,0.8999999761581421
PARNIH,XOPLOE,1.0
PARNIH,YAVYAW,1.0
PARNIH,YAVYAW01,1.0
PARNON,YAVYAW02,1.0
PARNON,POFBIW,0.8999999761581421
PARNON,XOPLOE,1.0
PARNON,ZEPGOT,0.5909091234207153
PARPII,SABVOH,0.4000000059604645
PARPUU,UVEXAV,1.0
PARXAJ,ZAWTIC,0.9399999976158142
PASDOE,PUSXIL01,0.5935484170913696
PASGAU,QONLAI,1.0
PASGEX,PASGIB,1.0
PASGEX,PASGEX05,1.0
PASGEX,PASGEX02,1.0
PASGEX01,PASGIB,1.0
PASGEX01,PASGEX05,1.0
PASGEX01,PASGEX02,1.0
PASGEX01,PASGEX03,1.0
PASGEX01,PASGEX04,1.0
PASGEX01,PASGIB01,1.0
PASGEX01,PASGIB02,1.0
PASGEX01,PASGIB03,1.0
PASGEX01,PASGIB04,1.0
PASGEX02,PASGIB,1.0
PASGEX02,PASGEX05,1.0
PASGEX02,QITVEV,0.8999999761581421
PASGEX02,SEFPOJ,0.8999999761581421
PASGEX02,ZEZPUR,0.8999999761581421
PASGEX03,PASGIB,1.0
PASGEX03,PASGEX05,1.0
PASGEX04,PASGIB,1.0
PASGEX04,PASGEX05,1.0
PASGEX04,PASGIB01,1.0
PASGEX04,PASGIB02,1.0
PASGEX04,PASGIB03,1.0
PASGEX04,PASGIB04,1.0
PASGEX05,PASGIB,1.0
PASGEX05,PASGIB01,1.0
PASGEX05,PASGIB02,1.0
PASGEX05,PASGIB03,1.0
PASGEX05,PASGIB04,1.0
PASGIC,YIXXAG,0.6785714030265808
PASMOO,RATRUB,0.8999999761581421
PASMUT,PASNII,0.8999999761581421
PASMUT,PEYPEQ,0.4000000059604645
PASNAA,PASNAA01,1.0
PASNAA01,YUQYIU,0.8999999761581421
PASNEE,VUNMOI,1.0
PASNEE,VUNNID,1.0
PASNEE,XOGQUH,0.4000000059604645
PASNEE,YUQYIU,0.8999999761581421
PASNII,XITDEL,0.8999999761581421
PASNII,XITDAH,0.8999999761581421
PASNII,XUMVUY,0.8999999761581421
PASRAF,ZIMTUN,0.6617646813392639
PATLAZ,RASXEP,0.8999999761581421
PATLON,QAPGIZ,0.8999999761581421
PATLON,UWIGOX,0.8999999761581421
PATLON,RUHDII,0.5645161271095276
PATLON,XIFLOP,0.5235294103622437
PATPEH,PATPIL,0.8999999761581421
PATPEH,PATPOR,0.8999999761581421
PATPIL,PATPOR,1.0
PATREJ,PIMJUS,0.5153846144676208
PATREJ,UYOHUM,0.4292683005332947
PATREJ,ZULXEL,0.4292683005332947
PAVDIA,QOFMUU,1.0
PAVDIA,QIYSAT,1.0
PAVDIA,WILNIP,0.389285683631897
PAVDIA,WILNIP01,0.389285683631897
PAVLEE,PAVLOO,1.0
PAVLEE,PAVLUU,1.0
PAVLEE,PAVLII,1.0
PAVLII,PAVLOO,1.0
PAVLII,PAVLUU,1.0
PAVLII,XAYMUF,0.6318181753158569
PAVLOO,PAVLUU,1.0
PAVLOO,XANMIJ,0.5040000081062317
PAVLUU,XAYMUF,0.6318181753158569
PAWXIX,WATNIR,0.6827585697174072
PAXFEC,QUZZES,1.0
PAXFEC,XINJEL,1.0
PAXKEH,PIBBEK,0.8999999761581421
PAXKEH,XIYDAN,0.8999999761581421
PAXKEH,XIYCUG,0.8999999761581421
PAXNOU,PAXPAI,1.0
PAXNOU,PAXPEM,1.0
PAXNOU,PAXPIQ,1.0
PAXNUA,PAXPAI,1.0
PAXNUA,PAXPEM,1.0
PAXNUA,PAXPIQ,1.0
PAXPAI,PAXPIQ,1.0
PAXPAI,PAXPEM,1.0
PAXPEM,PAXPIQ,1.0
PAXSEM,PAXSEM01,1.0
PAXSEM,SEDTIF,0.8999999761581421
PAXSEM01,SEDTIF,0.8999999761581421
PAYTAM,WONBAD,1.0
PAYZIB,USOSUS,0.8999999761581421
PAZDOM,PUYREI01,0.8999999761581421
PAZDOM,UVAHIK,0.8999999761581421
PAZDOM,URUFIY,0.8999999761581421
PAZDUS,QURNEY,0.5354838371276855
PAZDUS,WEQNEO,0.43548384308815
PEBGAH,UVIKIU,0.8999999761581421
PEBGAH,TUTZOX,0.8999999761581421
PEBGAH,YUWKEH,0.8999999761581421
PEBGAH,YUWKEH01,0.8999999761581421
PEBGIP,YUWKEH01,0.8999999761581421
PEBNER,QONLAI,1.0
PEBNER,VUQJEX,1.0
PEBNER,VUQJEX01,1.0
PEBWEB,PEBWIF,0.8999999761581421
PECKAM,VUQJUN01,1.0
PECKAM,PUYREI,1.0
PECKAM,VUQJUN,1.0
PECKEQ,VUQJUN01,1.0
PECKEQ,PUYREI,1.0
PECKEQ,VUQJUN,1.0
PECKEQ,VUQKAU,1.0
PECKEQ,VUQKAU01,1.0
PECKEQ,VUQKAU02,1.0
PECKUE,PECLAL,1.0
PECKUE,PECLEP,1.0
PECLAL,PECLEP,1.0
PEDKUF,PEDLAM,1.0
PEDKUF,XANNAB,0.5714285969734192
PEDKUF,ZIDHIF,0.5034482479095459
PEDLAM,XANNAB,0.5714285969734192
PEDLAM,ZIDHIF,0.5034482479095459
PEDLOZ,WOCFUR,0.8999999761581421
PEDLOZ,SIWNIW,0.8999999761581421
PEDMER,UJULIW,0.75
PEDWIH,ZUJVAD,1.0
PEDWIH,REBVIG,1.0
PEFBEI,REQDEX,0.530434787273407
PEFBIM,XADGOA,0.8999999761581421
PEFBIM,XADGIU,0.8999999761581421
PEFBIM,XOMPEV,0.8999999761581421
PEFBIM,RISGIM,0.8999999761581421
PEFBIM,SEVWEV,0.8999999761581421
PEFDEK,TALKAT,1.0
PEFDEK,WIWJIW,0.5657142996788025
PEFREZ,WEXGIR01,1.0
PEFRID,PEFRID01,1.0
PEFRID,TOHMIO,0.8999999761581421
PEFRID01,XOLSUO,0.8999999761581421
PEFRUP,PEFRUP01,1.0
PEFRUP,YADGIW,0.8999999761581421
PEFRUP01,YADGIW,0.8999999761581421
PEFWAB,PEFWEF,1.0
PEGBAG,PEGCEL,1.0
PEGBAG,PEGCAH,1.0
PEGBAG,ZAWCAE,1.0
PEGBEK,PEGCEL,1.0
PEGBEK,PEGCAH,1.0
PEGBEK,ZAWCAE,1.0
PEGBEK01,PEGCEL,1.0
PEGBEK01,PEGCAH,1.0
PEGBEK01,ZAWCAE,1.0
PEGBEK02,PEGCEL,1.0
PEGBEK02,PEGCAH,1.0
PEGBEK02,ZAWCAE,1.0
PEGBEK03,PEGCEL,1.0
PEGBEK03,PEGCAH,1.0
PEGBEK03,ZAWCAE,1.0
PEGBUA,PEGCEL,1.0
PEGBUA,PEGCAH,1.0
PEGBUA,ZAWCAE,1.0
PEGCAH,PEGCEL,1.0
PEGCAH,ZAWCAE,1.0
PEGCEL,ZAWCAE,1.0
PEGCEL,XINXEZ,0.5821428298950195
PEGCEL,ZAWBUX,1.0
PEGCEL,ZAWCEI,1.0
PEGCEL,ZAWCIM,1.0
PEGCEM,XUMTUV,0.8999999761581421
PEGCIP,UFIHUP,0.8999999761581421
PEGCIP,ROYMEZ,0.8999999761581421
PEGCIP,ROYMOJ,0.8999999761581421
PEGCIQ,XUMVEH,0.8999999761581421
PEGPOI,UDANEV,0.8999999761581421
PEGPOI,PEGQUP,0.8999999761581421
PEGPOI,VERQOZ01,0.8999999761581421
PEGPOI,PEGQID,0.8999999761581421
PEGPOI,RASXEP01,0.8999999761581421
PEGPUO,PEGQID,0.8999999761581421
PEGPUO,UDANEV,0.8999999761581421
PEGPUO,PEGQUP,0.8999999761581421
PEGQAV,PEGQUP,0.8999999761581421
PEGQAV,WOGLAG,0.8999999761581421
PEGQAV,RASXEP01,0.8999999761581421
PEGQAV,TEFWOR,0.8999999761581421
PEGQID,PEGQUP,0.8999999761581421
PEGQID,WOGLAG,0.8999999761581421
PEGQOJ,UYOFIY,1.0
PEGQOJ,WEMCUO,1.0
PEGQOJ,WEMDAV,0.8999999761581421
PEGQUP,RASXIT,0.8999999761581421
PEGRAW,PEGREA,1.0
PEGRAW,PEGRAW01,1.0
PEGRAW,PEGSAX,0.8999999761581421
PEGRAW01,PEGREA,1.0
PEGRAW01,PEGSAX,0.8999999761581421
PEGSAX,TOJVUJ,0.3769230842590332
PEGSAX,VADQAS,0.43333330750465393
PEHLAS,PEHLEW,0.8999999761581421
PEHLAS,WEHHEZ,0.5704545378684998
PEHLEW,WEHHEZ,0.47045451402664185
PEHLEW,ZOZWUI,0.47045451402664185
PEHLIA,QUVLAW,0.8999999761581421
PEHLIA,QARTEK,0.317241370677948
PEHNIB,SINLAE,0.5235294103622437
PEHWUW,PEHXAD,0.8999999761581421
PEHWUW,WARWOC,0.8999999761581421
PEHXAD,WARWOC,0.8999999761581421
PEJDUF,PEJFAN,1.0
PEJMUN,SOCPOQ,1.0
PEJMUN,TEYHIP,1.0
PEJMUN,WUSSEK,0.6206896305084229
PEJMUN,TASZAQ,0.5625
PEJSAA,TIWPAS,0.8999999761581421
PEJSAA,PEJTUV,0.8999999761581421
PEJSAA,PEJSUU,0.8999999761581421
PEJSUU,PEJTUV,0.8999999761581421
PEJSUU,TIWPAS,0.8999999761581421
PEJTUV,TIWPAS,0.8999999761581421
PEJYIO,VOQBUZ,0.925000011920929
PEKCUF,PEKDEQ,1.0
PEKCUF,PEKDAM,1.0
PEKCUF,SAYKIO,0.8999999761581421
PEKDAM,PEKDEQ,1.0
PEKKAS,VIXGAM,0.8999999761581421
PEKKAS,VIXGAM01,0.8999999761581421
PEKKAS,VIXGEQ,0.8999999761581421
PEKYOW,XEMRUF,0.8999999761581421
PEKYOW,VOJGOS,0.550000011920929
PEKZIP,RAGREY,1.0
PEKZIP,ZIBRAD,1.0
PELNEA,PELNEA01,1.0
PELNEA,QEHJUJ,0.8999999761581421
PELNEA,QEHJIX,0.8999999761581421
PELNEA01,QEHJUJ,0.8999999761581421
PELNEA01,QEHJIX,0.8999999761581421
PELNEA01,QEHJOD,0.8999999761581421
PELNEA01,QIJNUU,0.6480000019073486
PELNEA01,SESDIE,0.8999999761581421
PELRIJ,WIQTUN,0.8999999761581421
PELRIJ,UZIJUJ,0.8999999761581421
PELRIJ,WIQVAV,0.8999999761581421
PELSAA,XEZXOQ,0.3085714280605316
PELSAA,XEZXUW,0.2928571403026581
PELTEG,XAJGEU,0.8999999761581421
PELVUZ,VUKTAY,1.0
PELVUZ,USAYOE,0.8999999761581421
PELVUZ,VUKJOC,0.8999999761581421
PELVUZ,TEPJEF,0.8999999761581421
PELVUZ,TEPJIJ,0.8999999761581421
PELVUZ,TEPJOP,0.8999999761581421
PELVUZ,ZEFSAG,0.8999999761581421
PELWEK,WIZSOP,0.8999999761581421
PELWEK,ZEGFAV,0.4446808397769928
PEMGAR,PEMGEV,1.0
PEMGAR,WIMNUD,0.544185996055603
PEMGEV,WIMNUD,0.544185996055603
PEMREG,UVUFUN,0.8999999761581421
PENBAO,PENBOC01,0.8999999761581421
PENBAO,PENBOC,0.8999999761581421
PENBAO,PENBIW,0.6249999403953552
PENBIW,PENBOC01,0.6249999403953552
PENBOC,PENBOC01,1.0
PENLEB,QITZUP,1.0
PENLEB,VUKKET,0.8999999761581421
PENNAZ,VAHVOR,0.8999999761581421
PENVEM01,UKIBIB,1.0
PENYIT,PENYIT01,1.0
PENYIT01,REXYAX,0.8258064389228821
PEPHID,PEPHOJ,0.8999999761581421
PEPLAY,XUBKOU,0.8999999761581421
PEPLAY,PEPLOM,0.7352941632270813
PEPLAY,XAVDEF,0.7352941632270813
PEPLEC,REQDEX,0.8999999761581421
PEPLIG,XAVDEF,1.0
PEPLIG,XAVDIJ,1.0
PEQLAZ,WEYDEM,1.0
PEQLAZ,YEGTOW,1.0
PEQTUB,UTADOK,1.0
PERMEH,XUKYEI,1.0
PERQUB,TUWFIC,1.0
PERQUB,ULISOZ,1.0
PERQUB,UNAGOH,1.0
PERQUB,UNAGUN,1.0
PERQUB,VEHJOJ,1.0
PERQUB,VEHJUP,1.0
PERQUB,VEHKAW,1.0
PERQUB,VEHKEA,1.0
PERQUB,VEHKIE,1.0
PERQUB,VIWZOR,1.0
PERQUB,XAPNIN,1.0
PERQUB,XASNUD,1.0
PERQUB,XASPEP,1.0
PERQUB,XOHLEM,1.0
PERQUB,XOHLEM01,1.0
PERROW,WEMKEG,0.7499999403953552
PESSAK,SANLOK,1.0
PESSAK01,SANLOK,1.0
PESSAK01,VICBEQ,1.0
PESSOX,PESSOX01,1.0
PESSOX,PESSOX02,1.0
PESSOX01,PESSOX02,1.0
PESSUD,PESSUD02,1.0
PESSUD,PESSUD01,1.0
PESSUD01,PESSUD02,1.0
PESTAK,PESTAK01,1.0
PESTAK,PESTAK02,1.0
PESTAK01,PESTAK02,1.0
PESTAK02,WIKHAC,0.8999999761581421
PESTAL,SANLOK,1.0
PESTAL,YANVIV,1.0
PESTAL,YANVIV01,1.0
PESTAL,YANVIV02,1.0
PESTAL,YEWKAP,1.0
PESTEO,PESTEO01,1.0
PETFEC,WINJUY,0.8999999761581421
PETWOC,ZUXPOZ,1.0
PEVLEJ,PEVLIN,0.8999999761581421
PEVQEO,YOQYIO,0.8999999761581421
PEWDEC,WIKHAC,1.0
PEWDEC,YIGJUW,0.8999999761581421
PEWGEF,WOJZAX,1.0
PEWGEF,YUBFOR,0.8999999761581421
PEWJUW,ZNACEU,0.8999999761581421
PEWJUW,PIPFUP,0.8999999761581421
PEWJUW,XERJOV,0.44999998807907104
PEWLUA,REWNEO01,1.0
PEWLUA,YUZPOA,0.8999999761581421
PEWLUA,PODKUQ,0.845714271068573
PEWLUA,PODKIE,0.6175000071525574
PEWLUA,REWNEO,0.41090908646583557
PEWLUA,TOFTIT,0.7868421077728271
PEWLUA,WUKXEH,0.7279069423675537
PEWZAS,ZAMBIY,1.0
PEWZAS,TAZSAP02,0.8999999761581421
PEWZAS,QEFHOA,0.5800000429153442
PEXFAA,XEKCAT01,1.0
PEXFAA,XEKCAT,1.0
PEXJUY,RANYOU,1.0
PEXJUY01,RANYOU,1.0
PEXJUY01,RANZAH,1.0
PEXSOB,PEXSOB01,1.0
PEXTES,XEVGOV,1.0
PEXTES,UHISIO,0.8999999761581421
PEXTUI,REBVOM,0.64000004529953
PEYCON,PEYDAA,1.0
PEYCON,VIWXUU,0.8999999761581421
PEYDAA,VIWXUU,0.8999999761581421
PEYPEQ,XAGDAL,0.3739130198955536
PEYPEQ,XAGCUE,0.3739130198955536
PEYSUJ,XEHXIT,0.8999999761581421
PEYSUJ,ZELDIG,0.8999999761581421
PEYVEV,TIKXAN,1.0
PEYVEV,YAMXOC,1.0
PEZCII,WIMBIG,0.8999999761581421
PEZCII,RUYVEO,0.44054052233695984
PEZRUJ,PEZRUJ01,1.0
PEZRUJ,PURQUP,0.8999999761581421
PEZRUJ,PURQOJ,0.8999999761581421
PEZRUJ01,PURQUP,0.8999999761581421
PEZRUJ01,PURQOJ,0.8999999761581421
PEZRUJ02,PUPXII,0.8999999761581421
PEZRUJ02,RATVEP,0.8999999761581421
PIBBEK,XIYDAN,1.0
PIBBEK,UGOCAW,1.0
PIBBEK,XIYCUG,1.0
PIBGAK,XUDNAN,0.8999999761581421
PIBHIS,TIDLID,0.71875
PIBZOS,SALXEL,0.8999999761581421
PIBZUY,PICBAH,1.0
PIBZUY,QUZVEO,0.8999999761581421
PICBAH,QUZVEO,0.8999999761581421
PICBAH,YUSWEQ,0.8999999761581421
PICBAH,YUSWIU,0.8999999761581421
PICCOW,WUMDUF,0.9142857193946838
PICCUC,PICDAJ,1.0
PICCUC,WUMDIT,0.9142857193946838
PICCUC,WUSLED,0.8999999761581421
PICDAJ,WUSLED,0.8999999761581421
PICDAJ,ZONCOW,0.6333333253860474
PICWOP,SOSQEY01,1.0
PICWOP,QUQGUF,0.8999999761581421
PICWOP,SOSQIC01,0.8999999761581421
PICXOR,TARPUY,0.5909091234207153
PIDJEU,YEYFEP,1.0
PIDJEU,XAWVUN,0.8999999761581421
PIDMEV,TETYAV,1.0
PIDMEV,VAXKIR,1.0
PIDMEV,VIKBUP,1.0
PIDMEV,QUSBIP,1.0
PIDMEV,VEHFAS,1.0
PIDMEV01,TETYAV,1.0
PIDMEV01,VAXKIR,1.0
PIDMEV01,VIKBUP,1.0
PIDMEV01,QUSBIP,1.0
PIDMEV01,RUYVAK,0.8999999761581421
PIDMEV01,VEHFAS,1.0
PIDRAY,XIJSUH,0.7428571581840515
PIDRAY,SESRUG,0.49705880880355835
PIDVOQ,ZEZHUK,1.0
PIDVOQ,SUGWEX03,1.0
PIDVOQ,SUGVUM,1.0
PIDVOQ,UYECEI,0.8999999761581421
PIDVUW,UYECEI,0.8999999761581421
PIDVUW,UYECIM,0.8999999761581421
PIDVUW,VURQIJ,1.0
PIDVUW,WOBNOS,1.0
PIFPIE,TETYAV,1.0
PIFPIE,VAXKIR,1.0
PIFPIE,VIKBUP,1.0
PIFPIE,VEHFAS,1.0
PIFXOU,TEQVIW,1.0
PIFXOU,REFVEF,1.0
PIFXOU,UHEBOA,0.8999999761581421
PIGXAF,SOGWIV,1.0
PIGXAF,WOBFOK,1.0
PIGXAF,UGANIB,1.0
PIGXAF,WAJGOE,1.0
PIHJIB,VALGAS,0.8999999761581421
PIHJOH,PIHJOH03,1.0
PIHJOH01,PIHJOH03,1.0
PIHJOH02,PIHJOH03,1.0
PIHNEB,TIRFIK,1.0
PIHNEB,XADDUD,0.8999999761581421
PIHNIF,VIHHUR,0.8999999761581421
PIHNIF,YIFSIS,0.8999999761581421
PIHNIF,XUKJEU,0.8999999761581421
PIHRUU,PIHSAB,1.0
PIHRUU,XIFXUG,1.0
PIHRUU,UNIRUF07,0.8999999761581421
PIHSAB,XIFXUG,1.0
PIHSAB,UNIRUF07,0.8999999761581421
PIHSAB,PUCTIR,0.8999999761581421
PIHWAG,PIJROR,0.8999999761581421
PIHWAG,UWOWAF,0.665217399597168
PIHZIQ,YIGZEU,0.8999999761581421
PIHZIQ,TIFHAT,0.40909090638160706
PIHZIQ,WEHPIJ,0.3142857253551483
PIJDAP,PORLAL,0.4950000047683716
PIJDAP,XOWKUQ,0.44999998807907104
PIJDAP,SULFOV,0.31272727251052856
PIJJEZ,SENXAN,0.8999999761581421
PIJJEZ,SENXER,0.8999999761581421
PIJJEZ,UKUPEX,0.626086950302124
PIJJEZ,XIRKAM,0.64000004529953
PIJKEB,XUKNIC,1.0
PIJKEB,PUGSER,1.0
PIJKEB,YIBMON,1.0
PIJKEB,YIBMON01,1.0
PIJKIF,TOVHUJ,1.0
PIJKIF,PIJKUR,1.0
PIJKIF,PIJKOL,1.0
PIJKOL,TOVHUJ,1.0
PIJKOL,PIJKUR,1.0
PIJKUR,TOVHUJ,1.0
PIJROR,WUHCEJ,0.665217399597168
PIKBUH,YIVPOJ,0.8999999761581421
PIKBUH,VOJRIW,0.8999999761581421
PIKCUK,ZETQAS,1.0
PIKCUK,SEGVEH,1.0
PIKYAM,PIKYIU,1.0
PIKYAM,WASQEP,0.8999999761581421
PIKYEQ,WASRAM,1.0
PIKYIU,WASQEP,0.8999999761581421
PIKYIU,WASQIT,0.8999999761581421
PILPOS,WEQBAY,0.32499998807907104
PIMJUS,ZISJOC,0.6272727251052856
PIMJUS,UKEBOD,0.5249999761581421
PIMREL,YIHZIA02,0.8999999761581421
PIMSUC,WIMBIG,1.0
PIMTAJ,SUCLOT,1.0
PIMTAJ,POMSOB,1.0
PIMTAJ,QISGAC,0.7000000476837158
PINFAW,QOWLOE,1.0
PINFAW,QOWLOE01,1.0
PINFAW,SEVKAI,1.0
PINFOK,QOWLOE,1.0
PINFOK,QOWLOE01,1.0
PINFOK,SEVKAI,1.0
PINFOK01,QOWLOE,1.0
PINFOK01,QOWLOE01,1.0
PINFOK01,SEVKAI,1.0
PINFOK02,QOWLOE,1.0
PINFOK02,QOWLOE01,1.0
PINFOK02,SEVKAI,1.0
PINGEB,QOWLOE,1.0
PINGEB,QOWLOE01,1.0
PINGEB,SEVKAI,1.0
PINGIF,QOWLOE,1.0
PINGIF,QOWLOE01,1.0
PINGIF,SEVKAI,1.0
PINGOL,QOWLOE,1.0
PINGOL,QOWLOE01,1.0
PINGOL,SEVKAI,1.0
PINPAG,UTIYED,0.8999999761581421
PINPAG,QIDQUS,0.8999999761581421
PIPFOL,QALHES,0.8999999761581421
PIPFUP,ZNACEU,0.8999999761581421
PIPFUP,XERJOV,0.44999998807907104
PIQMOT,PIQMUZ,1.0
PIQMOT,UWAGAB04,0.8999999761581421
PIQMOT,UWAGAB02,0.8999999761581421
PIQMUZ,UWAGAB04,0.8999999761581421
PIQMUZ,UWAGAB02,0.8999999761581421
PIQPUC,REFWIL,1.0
PIQPUC,PIQQAJ,1.0
PIQPUC,PIQQEN,1.0
PIQPUC,PIQQIR,1.0
PIQPUC,PIQQOX,1.0
PIQQAJ,REFWIL,1.0
PIQQAJ,PIQQEN,1.0
PIQQAJ,PIQQIR,1.0
PIQQAJ,PIQQOX,1.0
PIQQEN,REFWIL,1.0
PIQQEN,YUQDUL,0.8999999761581421
PIQQIR,REFWIL,1.0
PIQQIR,YUQDUL,0.8999999761581421
PIQQOX,REFWIL,1.0
PIQSOX,SUKRIB,1.0
PIQSOX,PIQSOX02,1.0
PIQSOX,PIQSOX01,1.0
PIQSOX,PIQSOX03,1.0
PIQSOX01,SUKRIB,1.0
PIQSOX01,PIQSOX02,1.0
PIQSOX01,PIQSOX03,1.0
PIQSOX01,UDICIV,0.8999999761581421
PIQSOX01,UDICIV01,0.8999999761581421
PIQSOX01,UDICUH,0.8999999761581421
PIQSOX01,YICVEL,0.8999999761581421
PIQSOX02,SUKRIB,1.0
PIQSOX03,SUKRIB,1.0
PIRGEE,PIRGOO,1.0
PIRGEE,PIRHAB,1.0
PIRGEE,PIRGII,0.925000011920929
PIRGII,PIRGOO,0.925000011920929
PIRGII,PIRHAB,0.925000011920929
PIRGOO,PIRHAB,1.0
PIRMOU,PIRMOU01,1.0
PIRMOU,PIRNAH,0.8999999761581421
PIRMOU,PIRNAH01,0.8999999761581421
PIRMOU01,PIRNAH,0.8999999761581421
PIRMOU01,PIRNAH01,0.8999999761581421
PIRNAH,PIRNAH01,1.0
PIRSUG,PIRTAN,0.32499998807907104
PIRTAN,WUFSAT,0.8999999761581421
PITPEP,WEMLAD,0.8999999761581421
PITPEP,WEMMEI,0.8999999761581421
PITYUN,PITYUN02,1.0
PITYUN,VECVUW,0.4374999701976776
PITYUN01,PITYUN02,1.0
PIVHEK,PIVHIO,0.8999999761581421
PIVHEK,QEBRAT,0.5218750238418579
PIVHIO,SIJYEQ,0.550000011920929
PIWLAL,VAJNAW,1.0
PIWLAL,PIWLOZ,1.0
PIWLAL,QIWCUW,0.565517246723175
PIWLEP,VAJNAW,1.0
PIWLEP,PIWLOZ,1.0
PIWLEP,QUSWIK,1.0
PIWLEP,QUSWIK01,1.0
PIWLIT,VAJNAW,1.0
PIWLIT,PIWLOZ,1.0
PIWLIT,SAQQIL,0.8999999761581421
PIWLOZ,VAJNAW,1.0
PIWLOZ,QUSWIK,1.0
PIWLOZ,QUSWIK01,1.0
PIWLOZ,XALDAS,1.0
PIWVAV,WAGQAY,0.6272727251052856
PIXCOR,QEDZEG,0.5114285945892334
PIXCOR,SUFBAY,0.4891304075717926
PIXLOA,SAZPIV,0.8999999761581421
PIXLOA,PIXLUG,0.8999999761581421
PIXLUG,SAZPIV,1.0
PIXPOE,YICCOE,1.0
PIXPOE,YANBAR02,1.0
PIZHOX,QONLIQ,1.0
PIZHOX,VUQJEX,1.0
PIZHOX,VUQJEX01,1.0
PIZNOB,UQAXAN,0.8999999761581421
PIZPAP,ZAFWUB,1.0
PIZPAP,WADFEP,0.8999999761581421
PIZPET,ZAFXAI,1.0
PIZPET,WADDOX,1.0
PIZPET,WADFEP,0.8999999761581421
PIZPET,YUDVIC,0.8999999761581421
PIZPIX,PIZPIX01,1.0
PIZPIX,WADFAL,1.0
PIZPIX,PIZPIX02,1.0
PIZPIX,RIBZOS,0.8999999761581421
PIZPIX01,WADFAL,1.0
PIZPIX01,PIZPIX02,1.0
PIZPIX01,UGIXOZ,0.8999999761581421
PIZPIX01,YUDVIC,0.8999999761581421
PIZPIX02,WADFAL,1.0
PIZPIX02,WADDOX,0.8999999761581421
PIZPOD,ZAFWUB,0.8999999761581421
PIZPOD,ZAFXAI,0.8999999761581421
PIZZII,XOMROI,0.8999999761581421
POBGAQ,POBGOE,1.0
POBGAQ,POBGAQ02,1.0
POBGAQ,POBGAQ01,1.0
POBGAQ,POBGOE02,1.0
POBGAQ01,POBGOE,1.0
POBGAQ01,POBGAQ02,1.0
POBGAQ01,POBGOE02,1.0
POBGAQ02,POBGOE,1.0
POBGAQ02,POBGOE02,1.0
POBJOH,PUCSUC,1.0
POBJOH,SOGXAP,1.0
POBJOH,SOGXET,1.0
POBNEB,SIWPUL01,1.0
POBNEB01,SIWPUL01,1.0
POBNEB02,SIWPUL01,1.0
POBNEB02,WEZWII,0.8999999761581421
POCDUI,SIDYEK,0.8999999761581421
POCKUO,POCKUO01,1.0
POCKUO,POCLAV,0.8999999761581421
POCKUO01,POCLAV,0.8999999761581421
POCLAV,TIQDED,0.5285714268684387
POCMEA,TUTQOP,1.0
POCMEA,YUNBOZ,1.0
POCMEA01,TUTQOP,1.0
PODGEW,PODGEW02,1.0
PODGEW,PODGEW01,1.0
PODGEW01,PODGEW02,1.0
PODJAV,YINYIF,0.4363636374473572
PODJEZ,USICAB,0.8999999761581421
PODJEZ,PUFWOE,0.8999999761581421
PODJEZ,PODNIH,0.8999999761581421
PODJEZ,USICEF,0.8999999761581421
PODKIE,REWNEO01,0.6175000071525574
PODKIE,YASVUM,0.5785713791847229
PODKOK,YUZPEQ,0.8999999761581421
PODKOK,PODKUQ,0.79749995470047
PODKOK,QAGDIO,0.764285683631897
PODKUQ,YUZPIU,0.8999999761581421
PODKUQ,REWNEO01,0.845714271068573
PODKUQ,QAGDIO,0.8153846263885498
PODKUQ,WUKXEH,0.643750011920929
PODNIH,PUFWOE,0.8999999761581421
PODWIQ,ZUYLOW,0.2928571403026581
PODXIR,VIWMOF,1.0
PODXIR,VIWMIZ,1.0
PODXIR,PORLEP,0.8999999761581421
POFBIW,ZEFROT,1.0
POFDEV,POFDIZ,1.0
POFDEV,POFDOF,1.0
POFDEV,POFDUL,1.0
POFDEV,POFFAT,1.0
POFDEV,POFFEX,1.0
POFDEV,QERZUI,1.0
POFDEV,QERZUI01,1.0
POFDEV,QIWQES,1.0
POFFEX,QERZUI,1.0
POFFEX,QERZUI01,1.0
POFFEX,QIWQES,1.0
POFGUO,REYDOR,1.0
POFGUO,VOQXIK,1.0
POGCOF,POGDAS,1.0
POGCOF,POTYAA,0.43934425711631775
POGDAS,POTYAA,0.43934425711631775
POHLOP,POHMAC,0.8999999761581421
POHLOP,POHLUV,0.8999999761581421
POHLOP,WISTID,0.8181818127632141
POHLUV,POHMAC,0.8999999761581421
POHLUV,WISTID,0.8181818127632141
POHMAC,WISTID,0.8181818127632141
POHWIU,UQOLUJ01,0.8999999761581421
POJTOY,SETQIT,1.0
POJTOY,SETQAL,1.0
POJTOY01,SETQIT,1.0
POJTOY01,SETQAL,1.0
POJTUE,SETQIT,1.0
POJTUE,SETQAL,1.0
POJTUE,XUDSIY,1.0
POKXAP,POKXET,0.8999999761581421
POKZIA,POMXIA,1.0
POKZOG,YILKAH,1.0
POLBEZ,QEZROF,0.5714285969734192
POLBEZ01,QOLRIU,0.5615384578704834
POMSER,XAGPON,0.8999999761581421
POMSER,VELHUS,0.8999999761581421
POMSER,TIMTOB,0.6538462042808533
POMSOB,SUCLOT,1.0
POMXIA,VOPTAX,0.4692307710647583
POMXIA,WUHNUK,1.0
PONRUH,QACCOO,0.9526315927505493
POPICR01,POPICR15,1.0
POPICR01,POPICR12,1.0
POPICR01,POPICR13,1.0
POPICR01,POPICR14,1.0
POPICR01,TARQEJ,0.5464285612106323
POPICR01,TLPICR,0.8999999761581421
POPICR12,POPICR15,1.0
POPICR12,POPICR13,1.0
POPICR12,POPICR14,1.0
POPICR12,TAKZEL,0.33076924085617065
POPICR12,TLPICR,0.8999999761581421
POPICR12,ZZZBQY02,0.8999999761581421
POPICR13,POPICR15,1.0
POPICR13,TLPICR,0.8999999761581421
POPICR14,POPICR15,1.0
POPICR14,ZZZBQY02,0.8999999761581421
POPICR15,ZZZBQY02,0.8999999761581421
POPMUE,UCOCAR,0.8999999761581421
POPMUE,YOCMAF,0.8999999761581421
POPQIW,VILNUZ,1.0
POPSAQ,SOWXOT,1.0
POPSAQ,SOWXIN,0.8999999761581421
POQXOJ,XOVQUU01,0.8999999761581421
POQXOJ,XOVQUU,0.8999999761581421
PORHOV,YEJDAV,0.8999999761581421
PORHOV,XUGROI,0.7269230484962463
PORLAL,SAVCAW,0.5769230723381042
PORLEP,QASXIU,1.0
PORLEP,VIWMOF,0.8999999761581421
PORLEP,VIWMIZ,0.8999999761581421
PORVID,VITKUG,1.0
PORVID,XOJZEC,1.0
PORVID,YICVEL,0.8999999761581421
PORZUT,SIYGUF,0.8999999761581421
POSBAC,SIYGAL,1.0
POSFIO,POSGAH,0.8999999761581421
POSFIO,POSFOU,0.8999999761581421
POSFIO,POSGEL,0.8999999761581421
POSFIO,POSGOV,0.8999999761581421
POSFOU,POSGEL,1.0
POSFOU,POSFUA,1.0
POSFOU,POSGAH,1.0
POSFOU,POSGOV,0.8999999761581421
POSFOU,POSGUB,0.8999999761581421
POSFUA,POSGEL,1.0
POSFUA,POSGAH,1.0
POSGAH,POSGEL,1.0
POSGAH,POSGUB,0.8999999761581421
POSGEL,POSGOV,0.8999999761581421
POSGOV,POSGUB,0.8999999761581421
POSGOV,TIXCEK,0.4374999701976776
POSGUB,UVINAP,0.7000000476837158
POTREX,QIKVAK,0.8999999761581421
POTXUT,POTYAA,0.5390244126319885
POVRAU,POVREY,0.8999999761581421
POVRAU,VIRXIF,0.44999998807907104
POVVAY,POVVEC,0.7230769395828247
POVVAY,SAMVIO,0.6333333253860474
POVVAY,WURKEB,0.6333333253860474
POVVUS,TOKHAD,0.7000000476837158
POVXII,QQQFUV02,1.0
POVXII,QOTWON,1.0
POVXII,ZNACEU05,0.8999999761581421
POWYEH,WIDQAC,1.0
POWYEH,WIDQEG,1.0
POWYEH,WIHWEQ,1.0
POWYEH,WIHWIU,1.0
POXBAH,YEGMUV,0.643396258354187
POXDIQ,RUBDUO,0.5846154093742371
POXLEV,POXLEV01,1.0
POXLEV,POXLIZ,1.0
POXLEV,SAHYOQ,0.8999999761581421
POXLEV01,POXLIZ,1.0
POXLEV01,SAHYOQ,0.8999999761581421
POXLIZ,SAHYOQ,0.8999999761581421
PTRPHT02,ZEFNIH01,1.0
PUCSUC,SOGXAP,1.0
PUCSUC,SOGXET,1.0
PUCTAJ,XEMDEA,1.0
PUCTAJ,UNIRUF04,0.8999999761581421
PUCTAJ,UNIRUF02,0.8999999761581421
PUCTEN,XAHZEM,0.8999999761581421
PUCTEN,XAHZAI02,0.8999999761581421
PUCTEN,XAHZEM01,0.8999999761581421
PUCTIR,UNIRUF04,0.8999999761581421
PUCTIR,XAHZEM,0.8999999761581421
PUCTIR,XAHZEM01,0.8999999761581421
PUCYAO01,UCEXIK,0.8999999761581421
PUDSIR,PUDSIR01,1.0
PUDSIR,YURKEC,0.8999999761581421
PUDSIR,PUDSOX,0.8999999761581421
PUDSIR,YOZQAG,0.8999999761581421
PUDSIR,YOZQEK,0.8999999761581421
PUDSIR,YURKIG,0.8999999761581421
PUDSIR01,YURKEC,0.8999999761581421
PUDSIR01,SOQSEY,0.8999999761581421
PUDSIR01,TOWNOK,0.8999999761581421
PUDSOX,YURKAY,0.8999999761581421
PUDSOX,YURKIG,0.8999999761581421
PUDSUD,SOQSEY,0.8999999761581421
PUDSUD,YURJUR,0.8999999761581421
PUDSUD,YURKEC,0.8999999761581421
PUDTAK,UKACIU,0.8999999761581421
PUDTAK,SIVGAH,0.8999999761581421
PUFNUB,XUGWAZ,0.8999999761581421
PUFNUB,UQUCUG,0.8999999761581421
PUFTUH,PUFYEW,0.7749999761581421
PUFTUH,PUFXUL,0.6684210300445557
PUFTUH,PUFYOG,0.6522727608680725
PUFTUH,ZOTTIN,0.647826075553894
PUFVUJ,PUFWOE,1.0
PUFVUJ,PUFWEU,1.0
PUFWEU,PUFWOE,1.0
PUFWIX,TIVFIO,0.8999999761581421
PUFWIX,QUMXUS,0.8999999761581421
PUFWOE,USICAB,0.8999999761581421
PUFWOE,USICAB02,0.8999999761581421
PUFWOE,USICEF,0.8999999761581421
PUFXIY,PUFXIY01,1.0
PUFXIZ,VEWDAF,0.7499999403953552
PUFXUL,PUFYEW,0.7352941632270813
PUFYEW,PUFYOG,0.7461538910865784
PUGFII,PUGJEI,1.0
PUGFII,WITJUG,1.0
PUGFII,PUGGOP,1.0
PUGFII,PUGHAC,1.0
PUGFII,PUGHIK,1.0
PUGFII,PUGHUW,1.0
PUGFII,WITJOA,1.0
PUGFII,ZOZKEG,1.0
PUGGOP,PUGJEI,1.0
PUGGOP,WITJUG,1.0
PUGGOP,WITJOA,1.0
PUGGOP,ZOZKEG,1.0
PUGHAC,PUGJEI,1.0
PUGHAC,WITJUG,1.0
PUGHIK,PUGJEI,1.0
PUGHIK,WITJUG,1.0
PUGHUW,PUGJEI,1.0
PUGHUW,WITJUG,1.0
PUGJEI,WITJUG,1.0
PUGSER,XUKNIC,1.0
PUHLEL,PUHLIP,1.0
PUHLEL,VORKUK,0.44999998807907104
PUHLIP,VORKUK,0.44999998807907104
PUKJIO,PUKJIO02,1.0
PUKJIO,PUKJIO01,1.0
PUKJIO01,PUKJIO02,1.0
PUKJIO01,WUYQOY,1.0
PUKJIO02,WUYQOY,1.0
PUKSOE,PUKTAR,0.8999999761581421
PUKSOE,PUKTIZ,0.8999999761581421
PUKSOE,PUKSUK,0.8999999761581421
PUKSOE,PUKTEV,0.8999999761581421
PUKSUK,PUKTEV,0.8999999761581421
PUKSUK,PUKTAR,0.8999999761581421
PUKSUK,PUKTIZ,0.8999999761581421
PUKTAR,PUKTEV,0.8999999761581421
PUKTEV,PUKTIZ,0.8999999761581421
PULFIM,UDISOR,0.6187499761581421
PULQUK,QUSBIQ,1.0
PULQUK,XEFGUN,1.0
PULQUK,XEFGUN01,1.0
PULTAT,YIGJAC,0.8999999761581421
PUMDIM,SEKXUE,0.6839999556541443
PUNCIL,XISGEN,0.8999999761581421
PUNCUX,YOMLAO,0.8999999761581421
PUNDUY,SEHSOO,0.8999999761581421
PUNDUY,YEYRAY,1.0
PUNSIB,PUNSUN,1.0
PUNSIB,WEMJUU,0.8999999761581421
PUNSIB,TIJPOT,0.8999999761581421
PUNSIB,WEMJII,0.8999999761581421
PUNSUN,WEMJUU,0.8999999761581421
PUNSUN,TIJPOT,0.8999999761581421
PUNSUN,WEMJII,0.8999999761581421
PUNYED,XAPSIS,1.0
PUNYED,TIVYAZ,1.0
PUNYIH,WEYQAU,1.0
PUNYIH,WEYQAU08,1.0
PUNYIH,ZUCXOK,1.0
PUNYIH,ZUDQUM,1.0
PUNYIH,ZUDRAT,1.0
PUNYON,TONBUU,1.0
PUNYON,XUJPOI,1.0
PUNYON,VEMSUC,1.0
PUNYON,VEMSUC01,1.0
PUPJER,ZIWNIF,0.6100000143051147
PUPJER,ZIWLEZ,0.6100000143051147
PUPQAT,PUPQIB,0.5363636612892151
PUPQAT,SARNOQ,0.5090909004211426
PUPQIB,SAQFUM01,0.7107142806053162
PUPQIB,SAQFUM,0.7107142806053162
PUPQIB,QARCET,0.64000004529953
PUPVEB,ZZZUKQ02,1.0
PUPVEB,SROXAL01,1.0
PUPVEB,XORDAJ01,1.0
PUPVEB,XORDAJ,1.0
PUPXII,PUPXII01,1.0
PUPXII01,RATVEP,0.8999999761581421
PUQBOT,ZEZPUR,0.8999999761581421
PUQBOT,XAPRIR,0.8999999761581421
PUQXUV,PUQYAC,1.0
PUQXUV,XEGWAK,1.0
PUQXUV,XEGWUE,1.0
PUQYAC,XEGWAK,1.0
PUQYAC,XEGWUE,1.0
PUQYAC,YAPXIX,1.0
PURJAO,PURJES,1.0
PURJAO,PURJIW,1.0
PURJES,RUMWUS,1.0
PURJES,TACJEO,1.0
PURJIW,WAGYUA,1.0
PURPUO,PURQAV,0.8363636136054993
PURQEZ,SOCWOX,1.0
PURQOJ,PURQUP,1.0
PURQUP,RUVMIF,0.6081081032752991
PURROK,WEDNUQ,0.8999999761581421
PURRUR,SAJDIT,0.8999999761581421
PURRUR,PURSAY,0.8999999761581421
PURRUR,PURSIG,0.8999999761581421
PURSAY,SAJDIT,0.8999999761581421
PURSAY,PURSEC,0.8999999761581421
PURSAY,YEVTUR,0.7352941632270813
PURSEC,PURSIG,0.8999999761581421
PURSEC,SAJDIT,0.8999999761581421
PURSIG,SAJDIT,0.8999999761581421
PUTNEZ,YICQOS,0.8999999761581421
PUTNEZ,YICQOS01,0.8999999761581421
PUTNEZ,SEKXUE,0.8999999761581421
PUTNEZ,RIMSAK,0.6666666269302368
PUTNEZ,YICQUY,0.8999999761581421
PUTYAE,PUTYEI,1.0
PUTYAE,XAYNAM,0.5800000429153442
PUTYEI,XAYNAM,0.5800000429153442
PUVFIX01,PUVGEU,1.0
PUVHOF,TIHTUC,0.6617646813392639
PUWCOZ,RAHBUZ,0.8999999761581421
PUWCUF,RAHBUZ,1.0
PUWDAM,VANNIK,0.8999999761581421
PUWDAM,VANNEG,0.8999999761581421
PUWDAM,YERFUZ,0.8999999761581421
PUWDEQ,USAHAZ,1.0
PUWDEQ,WORLAS,1.0
PUWDOA,VOLQUJ,1.0
PUWDOA,QEBKUF,0.804347813129425
PUWDOA,UYAPOA,1.0
PUWDOA,VOLQOD,1.0
PUWDOA,VOLRAQ,1.0
PUWDOA,WONJUG,0.8999999761581421
PUWDOA,WOSZEL,1.0
PUWVEJ,PUWVOT,1.0
PUWVEJ,SAKDEP,0.6000000238418579
PUWVEJ,SUBMIN,0.46666663885116577
PUWVOT,SAKDEP,0.6000000238418579
PUWVOT,SUBMIN,0.46666663885116577
PUYREI,VUQKAU01,1.0
PUYREI,VUQKAU,1.0
PUYREI,VUQJUN,1.0
PUYREI01,VUQKAU01,1.0
PUYREI01,VUQKAU,1.0
PUYREI01,VUQJUN,1.0
PUYREI01,SEQXAP,0.8999999761581421
PUYZUF,PUZBAO,1.0
PUYZUF,VETFUV,0.3499999940395355
PUZBAO,RIZMUJ,0.3842104971408844
PUZBAO,VETFUV,0.3499999940395355
PUZBAO,XIJPEM,0.3842104971408844
PUZJIF,PUZJOL,1.0
PUZJIF,YABPAU,1.0
PUZJIF,PUZKUS,1.0
PUZJOL,YABPAU,1.0
PUZKUS,YABPAU,1.0
PUZKUS,YABPEY,1.0
PUZLAZ,SOMFEG,1.0
PUZLAZ,SOMFIK,1.0
PUZLAZ,SOMFAC,1.0
QACTUJ,VOXKIE,1.0
QACTUJ,ZEDWAI,1.0
QADBII,WEXZIJ01,0.4333333373069763
QADFUZ,UVUFUN,0.6827585697174072
QADKAH,QADKAH01,1.0
QADKAH,YIDSOT,1.0
QADKEL,QADKEL02,1.0
QADKEL,YOXYAN,1.0
QADKEL,YOYLOP01,1.0
QADKEL01,QADKEL02,1.0
QADKEL01,QADKEL03,1.0
QADKEL01,QADKEL04,1.0
QADKEL01,QADKEL05,1.0
QADKEL01,QOPHEI,1.0
QADKEL01,UCUPEN,1.0
QADKEL03,YOXYAN,1.0
QADKEL03,YOYLOP01,1.0
QADKEL04,UCUPEN,1.0
QADKEL05,QOPHEI,1.0
QADYOK,VUNHAN,1.0
QADYOK,SAPHOI,0.8999999761581421
QADYOK,QADZAX,0.8999999761581421
QADYOK,QADYUQ,0.8999999761581421
QADYUQ,VUNHAN,0.8999999761581421
QADYUQ,QADZAX,0.8999999761581421
QADYUQ,SAPHOI,0.8999999761581421
QADZAX,SAPHOI,0.8999999761581421
QADZAX,VUNHAN,0.8999999761581421
QAFFEJ,RUSTIJ,1.0
QAFFEJ,RUSSII,0.8999999761581421
QAFFOV,RUVBER,0.6516129374504089
QAFFOV,RUVBOB,0.6516129374504089
QAFHEN,WAZFOV,0.8999999761581421
QAFHEN,WAZFIP,0.8999999761581421
QAGQEW,RANWAH,0.8999999761581421
QAGQEW,VULKIX,0.5625
QAGTOH,RULVUP,1.0
QAHPEX,YUKTUU06,1.0
QAHPEX,SIWPUL,1.0
QAHPEX01,YUKTUU06,1.0
QAHPEX01,SIWPUL,1.0
QAHPEX02,YUKTUU06,1.0
QAHPEX02,SIWPUL,1.0
QAHPEX03,YUKTUU06,1.0
QAHPEX03,SIWPUL,1.0
QAHPEX04,YUKTUU06,1.0
QAHPEX04,SIWPUL,1.0
QAHPEX05,YUKTUU06,1.0
QAHPEX05,SIWPUL,1.0
QAHPEX06,YUKTUU06,1.0
QAHPEX06,SIWPUL,1.0
QAHPEX07,YUKTUU06,1.0
QAHPEX07,SIWPUL,1.0
QAHREY,XECJUK01,0.8999999761581421
QAHREY,XECJUK,0.8999999761581421
QAHTOI,YIKMAG,0.8999999761581421
QAHTOI,XEBHOB,0.8999999761581421
QAHTOI,ZAXBAB,0.8999999761581421
QAJFOY,QIHMUS,0.8999999761581421
QAJFOY,YORYUA,0.8999999761581421
QAJFOY,YORZEL,0.8999999761581421
QAJLAP,XILXUN,0.8999999761581421
QAJLAP,XILWUM,0.8999999761581421
QAJLAP,SEYDUW,0.8999999761581421
QAJLAP,VIGDIY,0.4214285612106323
QAKDAH,WOJZOK01,0.8999999761581421
QAKDAH,UVARIT,0.8999999761581421
QAKFIU,WIZKOH,0.8999999761581421
QAKFIU,WELPEL,0.8999999761581421
QAKFIU,ZEGSOW,0.7000000476837158
QAKQEB,ULAQAB,0.5687499642372131
QALGUH,REZXEA,1.0
QALGUH,YEDKOI,1.0
QALHAO,YEMGED,1.0
QALNEW,UNIRUF14,0.8999999761581421
QAMJEU,QOGREK,0.8105263710021973
QAMJEU,QOGRIO,0.8105263710021973
QAMKOH,ZUZZIF,0.8999999761581421
QAMVEH,QAMVEH01,1.0
QANFUJ,TONMAM,0.8999999761581421
QANFUJ,TONMEQ,0.8999999761581421
QANSEE,YOVTOS,1.0
QANSEE,SAZQEQ,1.0
QANSEE,SODCAQ,0.8258064389228821
QANSUV,SEGBIR,0.5135135054588318
QANSUV,SEGBOX,0.5135135054588318
QANYAG01,QANYAG02,1.0
QANYAG01,VEXYOM01,1.0
QANYAG01,VEXYOM,1.0
QANYAG01,SIDRUT,0.8999999761581421
QANYAG02,VEXYOM01,1.0
QANYAG02,VEXYOM,1.0
QANYAG02,TEKYOX01,0.8999999761581421
QANYAG02,YOHLUC,0.3769230842590332
QANZAH,REMQIJ,0.8999999761581421
QANZAH,VEHYEM,0.8999999761581421
QANZAH,YEJJEC,0.3700000047683716
QAPGIZ,UWIGOX,0.8999999761581421
QAPGIZ,WISCOS,0.6100000143051147
QAPPON,QAPPUT,1.0
QAPPON,QAPQAA,0.6333333253860474
QAPPON,QAPQEE,0.6333333253860474
QAPPUT,QAPQAA,0.6333333253860474
QAPPUT,QAPQEE,0.6333333253860474
QAPQAA,QAPQEE,1.0
QAPQAA,YOYJUS,0.550000011920929
QAPYOY,SITDAD,1.0
QAPYOY,VITZEF,0.8999999761581421
QAPYOY,VITZOP,0.8999999761581421
QAPYUE,VOPTAX,0.8999999761581421
QAQMON,YINCOP,0.8999999761581421
QAQMON,ZEPGOT,0.64000004529953
QAQSAD,USAHAZ,1.0
QARTEK,SUXWIT,0.3117647171020508
QARWAJ,QARWEN,0.8999999761581421
QARWAJ,QARWIR,0.8999999761581421
QARWEN,QARWIR,0.8999999761581421
QASXAM,ZZZEJE01,0.8999999761581421
QASYUH,QATBAR,0.8999999761581421
QATBAQ,QATDEW,1.0
QATBAR,WUPMEB,0.42399999499320984
QATHAW,QULMUG,0.8999999761581421
QATKOO,YICZAO,1.0
QATKOO,YICZES,0.8999999761581421
QATKOO,ZOFZUR,0.8999999761581421
QATLEE,YAJNEF,1.0
QATLEE,XOHPIU,0.5199999809265137
QATPUX,REGJIW01,1.0
QATPUX,REGJIW,1.0
QATPUX,QATPUX01,1.0
QATPUX,QATPUX02,1.0
QATPUX,REGJIW02,1.0
QATPUX01,REGJIW01,1.0
QATPUX01,REGJIW,1.0
QATPUX01,TIPROZ,1.0
QATPUX02,REGJIW01,1.0
QATPUX02,REGJIW,1.0
QATPUX02,TIPROZ,1.0
QATXIU,YAQNOV,0.8999999761581421
QAWREM,QAWRIQ,0.8999999761581421
QAZFAB,REWVEX,1.0
QEBGAH,QEBGEL,1.0
QEBGAH,TIDNIF,0.6447368860244751
QEBGEL,TIDNIF,0.6447368860244751
QEBRAT,ZIPKUH,0.8999999761581421
QEBRAT,ZIPKER,0.8999999761581421
QECDAF,YECNUS,0.27142858505249023
QECDAF,TIVWUR,0.25882354378700256
QECDAF,SIWFOT,0.24210524559020996
QECPOG,QECPUM,0.8999999761581421
QECPOG,QECQOH,0.47999998927116394
QECPOG,XENREO,0.25652173161506653
QECPUM,QECQOH,0.3799999952316284
QECPUM,TASFAX,0.3571428656578064
QECPUM,XENRAK,0.25652173161506653
QECQOH,XENREO,0.23404255509376526
QEDZEG,TONQOD,1.0
QEFHOA,ZAMBIY,0.5800000429153442
QEGGUE,QEPZUH,0.6000000238418579
QEGPID,QEGQEA,0.8999999761581421
QEGPID,QEGPOJ,0.8999999761581421
QEGPID,QEGPUP,0.8999999761581421
QEGPID,QEGQAW,0.8999999761581421
QEGPOJ,QEGQAW,0.8999999761581421
QEGPOJ,QEGPUP,0.8999999761581421
QEGPUP,QEGQEA,0.8999999761581421
QEHGOC,QEHGOC02,1.0
QEHGOC,QEHGOC01,1.0
QEHGOC01,QEHGOC02,1.0
QEHJIX,SESDEA01,0.8999999761581421
QEHJOD,RUZHIE,0.8999999761581421
QEHJOD,SESDEA,0.8999999761581421
QEHJOD,SESDEA01,0.8999999761581421
QEHYEK,QEJBEP,1.0
QEHYOU,QEJBEP,1.0
QEHZAH,QEJBEP,1.0
QEHZEL,QEJBEP,1.0
QEHZIP,QEJBEP,1.0
QEHZIP,QEJBIT,1.0
QEJJUN,WIPLOY,0.6586206555366516
QEJJUN,WOJZIG,0.6225806474685669
QEJQON,TOBPEG,0.7043477892875671
QEJQON,VIBPED,0.47499996423721313
QEJQON,VIBPAZ,0.446153849363327
QEKDOA,RENQIK,0.8999999761581421
QEKDOA,VIGDIY,0.40909090638160706
QEKLID,QEKLID01,1.0
QEKLID,YIBMUT,1.0
QEKLID01,YIBMUT,1.0
QEKZAI,YISRIE,0.3272727429866791
QEMGIB,QEMGOH,1.0
QEMGIB,UGAGIV,0.8999999761581421
QEMGOH,UGAGIV,0.8999999761581421
QEMGOH,SIPHEE,0.42352941632270813
QEMMOL,RUGGIL,1.0
QEMMOL,RUGJIO,1.0
QEMMOL,XOHFIK,0.8999999761581421
QEMYEM,WUHXEC,0.6896551847457886
QEPNOR,QOSFAH,0.8999999761581421
QEPNOR,QOSDUZ,0.8999999761581421
QEPNOR,VIBYOW,0.7146341800689697
QEPNOR,ZIDVEP,0.6318181753158569
QEPTEL,ROCZEQ,1.0
QEPTEL,WEBKIX,1.0
QEPZOB,QEPZUH,1.0
QERROV,SEQXET,1.0
QERROV,SEQWIW,0.8999999761581421
QESBAR,XIPCEF01,1.0
QESBAR,VOJPOA,1.0
QESBAR,WIQRUL,1.0
QESBAR,XIPCEF,1.0
QESBAR01,XIPCEF01,1.0
QESBAR01,VOJPOA,1.0
QESBAR01,WIQRUL,1.0
QESBAR01,XIPCEF,1.0
QESNEK,QESNEK02,1.0
QESNEK01,QESNEK02,1.0
QESNEK01,QESNEK03,1.0
QESNEK01,QESNEK04,1.0
QESNEK01,QESNEK05,1.0
QESNEK01,QESPOW,1.0
QESNEK04,WEMFEB,1.0
QESPEM,WEMDUP,1.0
QESPIO,WOQJIW03,0.8999999761581421
QESPIO,VAMWAI,0.8999999761581421
QESTOA,ZOZCIC,0.8999999761581421
QESTOA,XUNJOG,0.8999999761581421
QESTOA,XUNJIA,0.8999999761581421
QESYOD,QESYUJ,1.0
QETCUO,ZEZPIF,1.0
QETCUO,ZEZQEC,1.0
QETSOA,XOCGUU,0.8999999761581421
QETSOA,TETGEH,0.8035714030265808
QETSOA,QUNXEE,0.5628571510314941
QETSOY,UZATAR,1.0
QETSOY01,UZATAR,1.0
QETSOY01,VIDXOX,1.0
QETYUM,QETZEX,1.0
QETYUM,XEKCUN,0.8999999761581421
QETYUM,WANYAN,0.8999999761581421
QETZAT,QOCKEZ,0.8999999761581421
QETZAT,QOCKAV,0.8999999761581421
QETZAT,XAFBEN,0.6684210300445557
QETZEX,XEKCUN,0.8999999761581421
QETZEX,WANYIV,0.8999999761581421
QETZEX,WANYOB,0.8999999761581421
QEWYID,VAHWOS,0.4642857015132904
QEWYID,VAHWOS01,0.4642857015132904
QEXHIN,SIVGIP,0.8999999761581421
QEXHIN,RAMSAC,0.8999999761581421
QEXHIN,TEBSAW,0.8999999761581421
QEXHIN,WIFGOJ,0.8999999761581421
QEXHIN,WIFGUP,0.8999999761581421
QEYKIR,TAVDAY,0.8999999761581421
QEYKIR,TAVDEC,0.8999999761581421
QEYKIR,XESCIK,0.8999999761581421
QEYKIR,TAVSER,0.8999999761581421
QEYWOH,QEYXAU,0.8999999761581421
QEYWOH,QEYWUN,0.5558823347091675
QEYWUN,QEYXAU,0.5558823347091675
QEYWUN,WEMWAP,0.43714284896850586
QEYXAU,ZIQDEL,0.3799999952316284
QEZROF,XUBBOM,0.5232557654380798
QEZZED,RASKIH,0.8999999761581421
QICXUY,UKAQED,1.0
QICXUY,ZIGQEO,1.0
QICXUY,ZIGQAK,1.0
QICXUY,ZIGQIS,1.0
QIDQUS,UTIYED,0.8999999761581421
QIDSII,WUZKUY,1.0
QIDSII,UREVIY,1.0
QIDSII,REWTOF,1.0
QIDTIJ,UREVOE,1.0
QIFMAW,TORPUN,0.8999999761581421
QIFMAW,QIFMEA,0.8999999761581421
QIFMAW,QIFMIE,0.8999999761581421
QIFMEA,TORPUN,0.8999999761581421
QIFMEA,QIFMIE,0.8999999761581421
QIFMIE,TORPUN,0.8999999761581421
QIHLEB,QIHLIF,0.5625
QIHMUS,TANKIE,0.8999999761581421
QIHMUS,YORZAH,0.8999999761581421
QIHPIJ,QIHPOP,0.8999999761581421
QIHPIJ,QIHPUV,0.8999999761581421
QIHPIJ,QIHQEG,0.8999999761581421
QIHPOP,QIHQEG,0.8999999761581421
QIHPOP,QIHPUV,0.8999999761581421
QIHPUV,QIHQEG,0.8999999761581421
QIHQAC,YOYJUS,0.8608695268630981
QIHQAC,VUKKET,0.6225806474685669
QIJFAT,XISMUK,0.8999999761581421
QIJFEX,XISMUK,1.0
QIJFIB,XIRYIJ,1.0
QIJFIB,SOMJOV,0.8999999761581421
QIJFIB,REBQIB,0.3700000047683716
QIJFIB,TIJSUD,0.23846155405044556
QIJFIB,WAQQUB,0.32499998807907104
QIJNUU,WEWHIS,0.6785714030265808
QIJNUU,RUZHIE,0.6480000019073486
QIKTUC,QIKVAK,0.8999999761581421
QIKTUC,ROJSEQ,0.8999999761581421
QIKVAK,XALMII,0.8999999761581421
QIKVAK,QOZSIJ,0.8699999451637268
QIKZAO,VUKJUI,1.0
QIKZAO,VUKTUS,1.0
QIKZES,VUKTOM,0.8999999761581421
QIKZES,WUHNUK,0.8999999761581421
QIKZIW,USAYOE,0.8999999761581421
QIKZIW,VUKJOC,0.8999999761581421
QIKZIW,ZEFROT,0.8999999761581421
QIMFEA,TAGTIH,1.0
QIMFEA,TOWLIC,0.8999999761581421
QIMFUQ,QIMHAY,1.0
QIMFUQ,QIWFIN,1.0
QIMFUQ,TIVMIW,1.0
QIMFUQ,QIMHEC,1.0
QIMFUQ,QIWFIN01,1.0
QIMHAY,QIWFIN,1.0
QIMHAY,TIVMIW,1.0
QIMHAY,QUMSOH,0.8999999761581421
QIMHEC,QIWFIN,1.0
QIMHEC,TIVMIW,1.0
QIMHEC,QUMSOH,0.8999999761581421
QINSUD,YUKTUU06,1.0
QINSUD,SIWPUL,1.0
QINSUD01,YUKTUU06,1.0
QINSUD01,SIWPUL,1.0
QIQFIH,VIQQUJ,0.6914286017417908
QIQFUT,WANYAN,0.5666666626930237
QIQFUT,WANYER,0.5666666626930237
QIQFUT,SIPHEE,0.4363636374473572
QIQFUT,VIXFEP,0.2956521511077881
QIQTOB,QIQVIX,0.8999999761581421
QIQTOB,TARYUJ,0.6558823585510254
QIQVIX,VORSAY,0.7600000500679016
QIQVIX,VORSEC,0.7600000500679016
QIQVOE,SOPROF,1.0
QIQVOE,VEDVUW,0.44999998807907104
QIRBOK,QIRBUQ,0.8999999761581421
QIRBUQ,SUFBAY,0.5040816068649292
QIRGED,ROMTET,0.4000000059604645
QISFUV,QISGAC,0.8999999761581421
QISFUV,SEVROC,0.7000000476837158
QISGAC,SUCLOT,0.7000000476837158
QISJEJ,WAVFOP,0.8999999761581421
QISJEJ,TATFOL,0.8999999761581421
QISNEN,YEYRAY,1.0
QISXIB,VUMCIQ,0.8999999761581421
QISXIB,WIZSOP,0.8999999761581421
QITMOW,QITMUC,0.8999999761581421
QITMOW,SAJLAT,0.5909091234207153
QITMUC,VAQTAK,0.5909091234207153
QITVEV,QUTDAL,0.8999999761581421
QITVEV,QUTDAL01,0.8999999761581421
QITVIZ,SEFPUP,0.8999999761581421
QITVOF,YORZEL,0.7954545021057129
QITZUP,VUKKET,0.8999999761581421
QIVKEL,UCEXOQ,1.0
QIVKEL,XASJUZ,1.0
QIVKEL01,UCEXOQ,1.0
QIVKEL01,XASJUZ,1.0
QIWCOQ,QIWCUW,0.8999999761581421
QIWCOQ,QIWDAD,0.8999999761581421
QIWCOQ,TIVHAJ,0.6499999761581421
QIWCUW,QIWDAD,0.8999999761581421
QIWCUW,TIVHAJ,0.5499999523162842
QIWDAD,RUXWEM01,0.565517246723175
QIWDOQ,WAHREE,0.8999999761581421
QIWDOQ,XEGWIS,0.8999999761581421
QIWFIN,TIVMIW,1.0
QIWFIN,XEYYUV,0.8999999761581421
QIWFIN,ZZZHDA01,0.8999999761581421
QIWFIN01,TIVMIW,1.0
QIWFIN01,QUMPUK,0.8999999761581421
QIWPET,UHISOU,1.0
QIWPET,UHISUA,1.0
QIXNES,TAPCIX,0.8999999761581421
QIXNES,VEXFOU,0.5478260517120361
QIYBUX,YEYLUJ,0.4272727370262146
QIYBUX,XOBDUO,0.4272727370262146
QIYCAE,ZIJGUU01,0.4272727370262146
QIYDAF,QIYDAF01,1.0
QIYDAF,QIYDIN,1.0
QIYDAF,QIYDIN01,1.0
QIYDAF01,QIYDIN,1.0
QIYDAF01,QIYDIN01,1.0
QIYDAF01,RIBCEN,0.8125
QIYDIN,QIYDIN01,1.0
QIYDIN01,ZARLEL,0.8999999761581421
QIYDIN01,ZARLIP,0.8999999761581421
QIYQAR,SUDNIQ,0.8999999761581421
QIYSAT,QOFMUU,1.0
QIYSAT,WILNIP,0.389285683631897
QIYSAT,WILNIP01,0.389285683631897
QIYSAT,XOVBIV01,0.8999999761581421
QIZRIC,XOCROY,0.8999999761581421
QOBGEV,RIGTIL,1.0
QOBGEV,XIRHOW,1.0
QOBGEV,TEGRAB,1.0
QOBGEV,VIHHEA,0.8999999761581421
QOBGEV,WEZNUM,1.0
QOBHEU,XIGFEY,1.0
QOBHEU01,XIGFEY,1.0
QOCKAV,QOCKEZ,1.0
QOCLIF,QOCLOL,0.8999999761581421
QOFLAA,VOJPUG,0.48571428656578064
QOFLAA,UHUNEQ,0.4724137783050537
QOGREK,QOGROU,1.0
QOGREK,QOGRIO,1.0
QOGREK,VUNBOW,0.8999999761581421
QOGRIO,QOGROU,1.0
QOGRIO,VUNBOW,0.8999999761581421
QOGROU,VUNBOW,0.8999999761581421
QOHYET,ZITFIU,1.0
QOHYET,YICGOJ,0.8999999761581421
QOHZIX,ZEDVOV,0.550000011920929
QOJDUP,YOMBOS,0.8999999761581421
QOJDUP,TAKDIU,0.8999999761581421
QOJTUE,QOJVAM,1.0
QOKBUO,YERLIT,0.8999999761581421
QOKCAV,REYCEF,0.8999999761581421
QOLCAW,TELMII,0.27419352531433105
QOLFIH,TOWMUP,1.0
QOLFIH,XINPOC,0.8999999761581421
QOLFIH,SUJNUH,0.8999999761581421
QOLLAF,SULFOV,0.8999999761581421
QOLLAF,YIDJAX01,0.32499998807907104
QOLLAF,YIVPOJ,0.32499998807907104
QOLLAF,SOVMOG,0.30000001192092896
QOLLAF,VIXFEP,0.2800000011920929
QOLRIU,VABREY,0.5864864587783813
QOLRIU,TOHNOV,0.36341461539268494
QOLRIU,XOGGOR,0.5108107924461365
QOLRIU,XOGGOR01,0.5108107924461365
QOMDUS,VUJSAV,1.0
QOMDUS,VATZAS,0.8999999761581421
QOMRUH,QOMSAO,1.0
QOMRUH,VUQJEX,1.0
QOMRUH,QOMSES,1.0
QOMRUH,QONKOV,1.0
QOMRUH,QONKUB,1.0
QOMRUH,QONLAI,1.0
QOMRUH,QONLEM,1.0
QOMRUH,QONLIQ,1.0
QOMSAO,VUQJEX,1.0
QOMSES,VUQJEX,1.0
QONKOV,VUQJEX,1.0
QONKOV,VUQJEX01,1.0
QONKUB,VUQJEX,1.0
QONLAI,VUQJEX,1.0
QONLEM,VUQJEX,1.0
QONLIQ,VUQJEX,1.0
QOPCEE,QOPCII,1.0
QOPCEE,WAVDUT,0.8999999761581421
QOPCEE,QUTNID,0.8999999761581421
QOPCEE,SOGXIW,0.8999999761581421
QOPCEE,TUZYAP,0.8999999761581421
QOPCII,WAVDUT,0.8999999761581421
QOPHEI,YOXYAN,1.0
QOPHEI,YOYLOP01,1.0
QOPPOC,SALLAT,0.8999999761581421
QOPPOC,SALRON,0.8999999761581421
QOPPOC,VODLEG,0.5
QOPPOC,VODLEG01,0.5
QOPZIF,TEQVES,1.0
QOPZIF,SUVMAZ,1.0
QOQWOK,QOQWOK01,1.0
QOQWOK,TEVVIC,0.8999999761581421
QOQWOK,TEQTEQ,0.47499996423721313
QOQWOK,UKEVIQ,0.40731707215309143
QOQWOK01,TEVVIC,0.8999999761581421
QOQWOK01,TEQTEQ,0.47499996423721313
QOQWOK01,UKEVIQ,0.40731707215309143
QOSDUZ,QOSFAH,0.8999999761581421
QOSDUZ,TELDOF,0.8999999761581421
QOSFAH,TELDOF,0.8999999761581421
QOSXAY,QOVDAH,1.0
QOSXAY,YEMMAF,1.0
QOSXAY,QOVDEL,1.0
QOSXAY,XESKIR,0.8999999761581421
QOSXAY,XESKOX,0.8999999761581421
QOSXAY,XESLAK,0.8999999761581421
QOTDUZ,ZAXBAB,0.8999999761581421
QOTDUZ,SOMQUG,0.8999999761581421
QOTDUZ,XEBHOB,0.8999999761581421
QOTWON,QQQFUV02,1.0
QOTZEG,SIZGIS,0.8999999761581421
QOVDAH,YEMMAF,1.0
QOVDAH,QOVDEL,1.0
QOVDEL,YEMMAF,1.0
QOVDEL,YEMLOS,0.8999999761581421
QOVXAC,VEJZOA,1.0
QOVXAC,VELVIS,1.0
QOVXAC,RIPPAJ,1.0
QOVXEG,VEJZEQ,1.0
QOVXEG,VEJZUG,1.0
QOVXEG,QOVXEG01,1.0
QOVXEG,QOVXEG02,1.0
QOVXEG,QOVXEG03,1.0
QOVXEG,QOVXIK,1.0
QOVXEG01,VEJZEQ,1.0
QOVXEG01,VEJZUG,1.0
QOVXEG02,VEJZEQ,1.0
QOVXEG02,VEJZUG,1.0
QOVXEG03,VEJZEQ,1.0
QOVXEG03,VEJZUG,1.0
QOVXIK,VEJZEQ,1.0
QOVXIK,VEJZUG,1.0
QOWLEU,WIZDAL,1.0
QOWLOE,QOWLOE01,1.0
QOWLOE,SEVKAI,1.0
QOWQUO,ZUBKEO,0.6142857670783997
QOWQUO,ZAZBUZ,0.6142857670783997
QOWRAV,QOWRAV04,1.0
QOWRAV,QOWRAV03,1.0
QOWRAV,QOWRAV10,1.0
QOWRAV02,QOWRAV04,1.0
QOWRAV02,QOWRAV03,1.0
QOWRAV02,QOWRAV10,1.0
QOWRAV02,QOWRAV05,1.0
QOWRAV02,QOWRAV06,1.0
QOWRAV02,QOWRAV07,1.0
QOWRAV02,QOWRAV08,1.0
QOWRAV02,QOWRAV09,1.0
QOWRAV02,QOWRAV11,1.0
QOWRAV02,QOWRAV12,1.0
QOWRAV03,QOWRAV04,1.0
QOWRAV03,QOWRAV10,1.0
QOWRAV03,QOWRAV05,1.0
QOWRAV03,QOWRAV06,1.0
QOWRAV03,QOWRAV07,1.0
QOWRAV03,QOWRAV08,1.0
QOWRAV03,QOWRAV09,1.0
QOWRAV03,QOWRAV11,1.0
QOWRAV03,QOWRAV12,1.0
QOWRAV03,YUSWEP,0.7749999761581421
QOWRAV04,QOWRAV10,1.0
QOWRAV04,RICBEM,0.7480000257492065
QOWRAV05,QOWRAV10,1.0
QOWRAV06,QOWRAV10,1.0
QOWRAV06,RICBEM,0.7480000257492065
QOWRAV07,QOWRAV10,1.0
QOWRAV08,QOWRAV10,1.0
QOWRAV09,QOWRAV10,1.0
QOWRAV09,QOWRAV11,1.0
QOWRAV09,QOWRAV12,1.0
QOYYOU,TEYHIR,1.0
QOYYOU,UFOFUT,1.0
QOYYOU,UFAMEW,1.0
QOYYOU,UFAMIA,1.0
QOYYOU,UFAMUM,1.0
QOYYOU,UKOLUD,0.647826075553894
QOYYOU,YOZYOD,1.0
QOYYOU,YOZYUJ,1.0
QOZFUG,UFEVEH,0.8999999761581421
QOZFUG,UFEVIL,0.8999999761581421
QOZGAP,QOZPEC,0.8999999761581421
QOZGAP,QOZPIG,0.8999999761581421
QOZGAP,QOZPOM,0.8999999761581421
QOZNAV,TOLPIU,0.8999999761581421
QOZNAV,TOLPEQ,0.8999999761581421
QOZNAV,TOLQAN,0.8999999761581421
QOZPEC,QOZPIG,1.0
QOZPEC,QOZPOM,0.8999999761581421
QOZPIG,QOZPOM,0.8999999761581421
QOZSIJ,TEZJOA,0.9699999690055847
QOZXUZ,SISPUH,1.0
QOZYUA,QOZYUA02,1.0
QOZYUA,QOZYUA01,1.0
QOZYUA,QOZYUA03,1.0
QOZYUA,VOTZEL,0.8999999761581421
QOZYUA01,QOZYUA02,1.0
QOZYUA01,QOZYUA03,1.0
QOZYUA02,QOZYUA03,1.0
QOZYUA02,VOTZEL,0.8999999761581421
QOZYUA03,VOTZEL,0.8999999761581421
QQQAWM01,REGJIW,1.0
QQQAWM01,REGJIW02,1.0
QQQAWM01,QQQAWM02,1.0
QQQAWM01,QUMPUK,0.8999999761581421
QQQAWM01,TIPROZ,1.0
QQQAWM01,ZZZHDA01,0.8999999761581421
QQQAWM02,REGJIW,1.0
QQQAWM02,REGJIW02,1.0
QQQAWM02,QUMPUK,0.8999999761581421
QQQBNA11,WUYPUD,1.0
QQQBNA11,ZADWOT,0.4000000059604645
QQQDHD01,QQQDHD02,1.0
QQQDHD02,ZIQQAU,0.6684210300445557
QQQDSD01,ZZZFUU02,1.0
QQQDSD01,ZAXLUH,1.0
QQQDSD01,QQQDSD03,1.0
QQQDSD01,RBOXAL01,1.0
QQQDSD03,ZZZFUU02,1.0
QQQDSD03,ZAXLUH,1.0
QQQFJD02,RORQOE,0.8999999761581421
QQQFJD02,TEBBEK,0.3176470696926117
QUBHAX,QUBHAX01,1.0
QUBHAX,RUYGID,0.7285714149475098
QUBHAX,YUWDAX,0.695454478263855
QUBHAX01,RUYGID,0.7285714149475098
QUBHAX01,XIMJOV,0.5275862216949463
QUBHAX01,XIMJUB,0.5275862216949463
QUBZAP,VERDAA,0.3098360598087311
QUBZAP,VIPKAI,0.3913043141365051
QUCDAV,QUQHAM,0.6538462042808533
QUCDAV,QUQHAM01,0.6538462042808533
QUCDAV,VOYYAL,0.6206896305084229
QUCPEK,XOWKUQ,0.6230769157409668
QUDGED,YEKXET,1.0
QUGNOV,VEZWEE,0.5040000081062317
QUGNOV,ZAYFEN,0.3913043141365051
QUHMEN,QUHMOX,1.0
QUHMEN,VESBIG,0.8999999761581421
QUHMOX,VESBIG,0.8999999761581421
QUHMOX,VESBOM,0.8999999761581421
QUHMOX,VESBOM01,0.8999999761581421
QUHVEW,ZOPLOH,0.6142857670783997
QUHYIB01,SRFORA08,0.3374999761581421
QUJFUX,QUJGAE,1.0
QUJJUC,RORQOE,0.30000001192092896
QUJKAI,YUHHIU,1.0
QUJKAI,QUJKEM,1.0
QUJKAI,YAZYEF,0.8999999761581421
QUJKEM,YUHHIU,1.0
QUJKIQ,YUFLOC,1.0
QUJKUD,QUJLAK02,1.0
QUJKUD,QUJLAK01,1.0
QUJLAK,QUJLAK02,1.0
QUJLAK,QUJLAK01,1.0
QUJLAK01,QUJLAK02,1.0
QUJLAK02,UTEDEE,0.48918917775154114
QUJLAK02,VIDJID,0.8999999761581421
QUJRUK,UKALAV,0.5135135054588318
QUJRUK,ZENNEO,0.4767441749572754
QULMIU,WAMRIN02,0.8999999761581421
QULMIU,WAMRIN,0.8999999761581421
QULMIU,XADHER,0.8999999761581421
QULMUG,WOSGIW,0.8999999761581421
QUMFUB,TOGWUH,0.4304347634315491
QUMGAI,TACPAP,0.8999999761581421
QUMJEP,YINDAC01,0.8999999761581421
QUMJIT,YINCOP,0.8999999761581421
QUMJIT,YINDAC02,0.8999999761581421
QUMJUF,QUMKAM,0.8999999761581421
QUMJUF,TISHEJ,0.5625
QUMJUF,SOPWUR,0.5553191304206848
QUMKAM,TISHEJ,0.5625
QUMKAM,SOPWUR,0.5553191304206848
QUMPUK,QUMQAR,0.8999999761581421
QUMPUK,QUMQUL,0.8999999761581421
QUMPUK,QUMSAT,0.8999999761581421
QUMQAR,QUMROG,0.8999999761581421
QUMQAR,TOJNAJ,0.8999999761581421
QUMQAR,QUMQIZ,0.8999999761581421
QUMQAR,QUMSIB,0.8999999761581421
QUMQEV,QUMSUN,0.8999999761581421
QUMQEV,QUMSIB,0.8999999761581421
QUMQEV,REGJIW01,0.8999999761581421
QUMQEV,QUMRAS,0.8999999761581421
QUMQIZ,QUMQOF,0.8999999761581421
QUMQIZ,QUMROG,0.8999999761581421
QUMQOF,RISXAU,0.8999999761581421
QUMQOF,QUMSUN,0.8999999761581421
QUMQUL,QUMROG,0.8999999761581421
QUMQUL,QUMRUM,0.8999999761581421
QUMQUL,QUMRAS,0.8999999761581421
QUMQUL,QUMSAT,0.8999999761581421
QUMRAS,QUMRIA,0.8999999761581421
QUMREW,QUMSAT,0.8999999761581421
QUMREW,QUMSOH,0.8999999761581421
QUMREW,XOTWIO,0.8999999761581421
QUMREW,QUMROG,0.8999999761581421
QUMREW,ROJNEJ,0.8999999761581421
QUMREW,TOJNEN,0.8999999761581421
QUMRIA,TIPROZ,0.8999999761581421
QUMROG,QUMRUM,0.8999999761581421
QUMROG,WACBEI,0.8999999761581421
QUMRUM,QUMSIB,0.8999999761581421
QUMSAT,XOTWIO,0.8999999761581421
QUMSAT,ROJNEJ,0.8999999761581421
QUMSIB,ROJNEJ,0.8999999761581421
QUMSUN,YUHVEE,0.8999999761581421
QUMSUN,REGJIW01,0.8999999761581421
QUMXUS,XAGCIS01,0.8999999761581421
QUMXUS,XAGCIS02,0.8999999761581421
QUMXUS,TIVFAG,0.8999999761581421
QUNMOC,VERQEQ,0.8999999761581421
QUNXEE,YIXZEM,1.0
QUNXEE,YIXZAI,1.0
QUNXEE,TUPDIT04,0.8999999761581421
QUPZAE,QUPZAE01,1.0
QUPZAE,SOHGUS,1.0
QUPZAE,QUPZAE02,1.0
QUPZAE01,SOHGUS,1.0
QUPZAE01,QUPZAE02,1.0
QUPZAE02,SOHGUS,1.0
QUPZAE02,SUTBEP,0.8999999761581421
QUPZIM,VICDOC,1.0
QUPZIM,QUPZIM01,1.0
QUPZIM,QUPZIM02,1.0
QUPZIM,QUQBAH,1.0
QUPZIM,QUQBEL,1.0
QUPZIM,SUTBEP,0.8999999761581421
QUPZIM01,VICDOC,1.0
QUPZIM01,QUPZIM02,1.0
QUPZIM01,QUQBAH,1.0
QUPZIM01,QUQBEL,1.0
QUPZIM02,VICDOC,1.0
QUQBAH,VICDOC,1.0
QUQBEL,VICDOC,1.0
QUQFEO,QUQFIS,1.0
QUQFEO,XOMHEO,1.0
QUQFEO,YOVCAP,1.0
QUQFIS,XOMHEO,1.0
QUQFIS,YOVCAP,1.0
QUQGAL,XEVHAI,0.8999999761581421
QUQGAL,XEVGOV,0.8999999761581421
QUQGAL,UHISIO,0.8999999761581421
QUQGEP,VOCNOQ,1.0
QUQGEP,VOWCIV,1.0
QUQGEP,WAXKAK,0.4292683005332947
QUQGEP,WUZRUE,1.0
QUQGUF,XUYYIA,0.8999999761581421
QUQGUF,SOSQEY01,0.8999999761581421
QUQGUF,SOSPUN01,0.8999999761581421
QUQGUF,SOSQIC01,0.8999999761581421
QUQGUF,SOSQOI,0.8999999761581421
QUQHAM,QUQHAM01,1.0
QUQSIG,SENNOP,0.8999999761581421
QURNEY,WEQNEO,0.8999999761581421
QURNEY,XIVTED,0.6086956262588501
QUSBIP,TETYAV,1.0
QUSBIP,YEKWOC,0.8999999761581421
QUSVOQ,RUWXAJ,0.8999999761581421
QUSWIK01,ROZXEL,1.0
QUSWIK01,RUBBOH,1.0
QUSWIK01,RUYGOJ,0.8105263710021973
QUTBOY,UGUNOZ,0.39189186692237854
QUTDAL,QUTDAL01,1.0
QUTDAL,ZEZPIF,0.8999999761581421
QUTDAL01,ZEZPIF,0.8999999761581421
QUTRAZ,YUQMUU,0.44137927889823914
QUTRAZ,YUQNAB,0.44137927889823914
QUTTII,WINCEC,1.0
QUTTII,TEBFUD,0.8999999761581421
QUTTII,UGECEO,1.0
QUTTII,UGECEO01,1.0
QUTTII,UGECEO03,1.0
QUTTII,VIFBOD,0.8999999761581421
QUTTII,VIFBUJ,0.8999999761581421
QUTTII01,WINCEC,1.0
QUTTII01,WIHDUN,0.8999999761581421
QUVBOZ,SIBCAK,0.4263157844543457
QUVBOZ,XELTUG,0.3769230842590332
QUVBOZ,QUVCAM,0.3692307770252228
QUVBUF,QUVCAM,0.8999999761581421
QUVBUF,QUVCEQ,0.8999999761581421
QUVBUF,SIBMEY,0.8999999761581421
QUVCAM,QUVCEQ,0.8999999761581421
QUVCAM,SIBMEY,0.8999999761581421
QUVCEQ,SIBMEY,0.8999999761581421
QUVZEO,SEZDAF,1.0
QUVZEO,SEZCIM02,1.0
QUVZEO,QUVZIS,1.0
QUVZEO,SEZCUY01,1.0
QUVZEO,SEZDAF01,1.0
QUVZIS,SEZDAF,1.0
QUVZIS,SEZCIM02,1.0
QUVZIS,SEZCUY01,1.0
QUVZIS,SEZDAF01,1.0
QUWYEO,QUXRIM,1.0
QUWYEO,QUXREI,1.0
QUWYEO,ZERQOE,1.0
QUXQUX,QUXRIM,1.0
QUXQUX,QUXREI,1.0
QUXRAE,QUXRIM,1.0
QUXRAE,QUXREI,1.0
QUXRAE,QUXROS,1.0
QUXRAE,QUXRUY,1.0
QUXRAE,ZERQOE,1.0
QUXREI,QUXRIM,1.0
QUXREI,QUXROS,1.0
QUXREI,QUXRUY,1.0
QUXREI,UQEFAZ,1.0
QUXREI,UQEFED,1.0
QUXRIM,UQEFAZ,1.0
QUXRIM,UQEFED,1.0
QUXROS,VODQOV,0.8999999761581421
QUYRAF,TACJEO,0.8999999761581421
QUZVEO,YUSWEQ,1.0
QUZVEO,YUSWIU,1.0
QUZVEO,TAGTIH,0.8999999761581421
QUZVEO,TOWLIC,0.8999999761581421
QUZVEO,USUQOQ,0.8999999761581421
QUZZES,XINJEL,1.0
RABVOF,RABVOF03,1.0
RABVOF,RABVOF04,1.0
RABVOF,VEJYUF09,0.8999999761581421
RABVOF03,RABVOF04,1.0
RABVOF03,VEJYUF09,0.8999999761581421
RABVOF04,VEJYUF09,0.8999999761581421
RABWAS,UDUMIP,1.0
RABWAS,UDUMIP02,1.0
RABWAS,UDUMIP03,1.0
RABWAS,WEVYEE,0.8999999761581421
RACBAA,RACBEE,0.8999999761581421
RACBAA,SOMSIY,0.3913043141365051
RACBAA,XISMUK,0.3913043141365051
RACHUA,RACHUA01,1.0
RACHUA,WORKUL,0.5846154093742371
RACHUA01,WORKUL,0.5846154093742371
RAFNUH,RAFNUH01,1.0
RAFNUH,ZIHFUR,0.621052622795105
RAFNUH,ZIHFUR01,0.621052622795105
RAFNUH01,ZIHFUR,0.621052622795105
RAFNUH01,ZIHFUR01,0.621052622795105
RAFRUL,RIYXIG,1.0
RAFRUL,ZIWTII,1.0
RAGCOS,XEZVOP,1.0
RAGCOS,TEYREW01,0.8999999761581421
RAGMOE,RUYTUC,1.0
RAGMOE,RUYTIQ,1.0
RAGMOE,RUYQIN,1.0
RAGMOE,RUYQIN01,1.0
RAGMOE,RUYQIN02,1.0
RAGMOE,RUYQIN03,1.0
RAGMOE,RUYQOT,1.0
RAGMOE,RUYTOW,1.0
RAGREY,ZIBRAD,1.0
RAGREY,XEDGOC01,0.8999999761581421
RAHBOU,YENZUP,0.8526315689086914
RAHNOF,YAGHUM,0.7480000257492065
RAHNOF,YUGLES,0.7480000257492065
RAHTAV,XAKCOB,0.27560973167419434
RAHXEE,SISFAD,0.8999999761581421
RAHXEE,XEVGUB,0.8999999761581421
RAJPIE,RODSAG01,1.0
RAJPIE,RODSAG,1.0
RAJPIE,REFBAH,1.0
RAJPIE,REFBAH01,1.0
RAJPIE,WIFSAI,0.7567567229270935
RAJPIE,WIFSAI01,0.7567567229270935
RAKBIO,RAKBIO02,1.0
RAKBIO,RAKBIO01,1.0
RAKBIO01,RAKBIO02,1.0
RAKPAV,RAKPEZ,1.0
RAKPAV,SOTTUR,0.8999999761581421
RAKPAV,WUHMAP,0.8999999761581421
RAKPEZ,WUHMAP,0.8999999761581421
RAKPEZ,XESKUD,0.8999999761581421
RAKPEZ,YEMLOS,0.8999999761581421
RAKYAD,VUKPUN,0.8999999761581421
RAKYAD,TATBUO,0.8999999761581421
RAKYAD,RAKZEI,0.8999999761581421
RAKYAD,TATCEZ,0.8999999761581421
RAKYAD,UGOXIX01,0.8999999761581421
RAKYEH,ZANQOW,0.8999999761581421
RAKYEH,TATCID,0.8999999761581421
RAKYEH,RAKZEI,0.8999999761581421
RAKYIL,RAKZEI,0.8999999761581421
RAKYIL,VUKPUN,0.8999999761581421
RAKYIL,UVEBII,0.3032257854938507
RAKYIL,VIXFEP,0.3414634168148041
RAKZAE,VUKPIB,0.8999999761581421
RAKZAE,TATBUO,0.8999999761581421
RAKZAE,ZANQOW,0.8999999761581421
RAKZEI,UGOXIX01,0.8999999761581421
RALJIZ,XASHAA,0.5268292427062988
RALJIZ,WIXJIW,0.5268292427062988
RALJIZ,WIXJIW01,0.5268292427062988
RALJIZ,SOYFUJ,0.4521738886833191
RAMPIH,TOVKEW,0.7874999642372131
RAMRUV,RAMSAC,1.0
RAMRUV,SIVGIP,1.0
RAMRUV,SEFVOQ,0.3739130198955536
RAMRUV,SIVGOV,1.0
RAMRUV,TEBSAW,1.0
RAMRUV,UJUPUM,1.0
RAMSAC,TEBSAW,1.0
RAMSAC,UJUPUM,1.0
RAMSAC,SIVGIP,1.0
RAMSAC,SIVGOV,1.0
RAMSUT,RAMSUT01,1.0
RAMSUT,VUQHUL01,1.0
RAMSUT,VUQHOF,1.0
RAMSUT,VUQHUL,1.0
RAMSUT01,VUQHUL01,1.0
RAMSUT01,VUQHOF,1.0
RAMSUT01,VUQHUL,1.0
RANLAV,YUHNAS,0.6086956262588501
RANNOM,RANPAA,0.8999999761581421
RANNOM,RANNUS,0.8999999761581421
RANNOM,XAMDOH,0.637499988079071
RANNUS,RANPAA,0.8999999761581421
RANNUS,XAMDOH,0.637499988079071
RANPAA,XAMDOH,0.637499988079071
RANWAH,VULKET,0.6625000238418579
RANYOU,RUPTED,1.0
RANZAH,RUPTED,1.0
RANZAI,ZIMSIZ,1.0
RAPBEP,RAPBIT,1.0
RAPBEP,WUVGOL,1.0
RAPBEP01,RAPBIT,1.0
RAPBIT,WUVGOL,1.0
RAPBIT,XEVMIU,0.8999999761581421
RAPFOG,RAPFUM,0.5645161271095276
RAPXEN,RAPXOX,0.8999999761581421
RAPXEN,RAPXIR,0.8999999761581421
RAPXIR,RAPXOX,0.8999999761581421
RAQLOL,RIVRIY,0.6480000019073486
RASKIH,RASKON,1.0
RASKIH,WENRIR,0.8999999761581421
RASKIH,TIRFIK,0.8999999761581421
RASKON,WENRIR,0.8999999761581421
RASKON,TIRFIK,0.8999999761581421
RASPEJ,WAHRIJ,0.5232557654380798
RASXEP,WEMCEY,1.0
RASXEP,RIHFUL,0.8999999761581421
RASXEP,WEMDAV,0.8999999761581421
RASXEP,XETHIO,0.8999999761581421
RASXEP01,WEMCIC,0.8999999761581421
RASXEP01,VERQOZ01,0.8999999761581421
RASXIT,WEMCIC,1.0
RATDAS01,SANMEB,1.0
RATDAS01,TESGUU,1.0
RATDAS02,SANMEB,1.0
RATDAS02,TESGUU,1.0
RATVEP,RUVMAX,0.8999999761581421
RAVCOI,RAVDEZ,0.8999999761581421
RAVCOI,RAVDID,0.8999999761581421
RAVCOI,RAVCUO,0.8999999761581421
RAVCOI,RAVDUP,0.8999999761581421
RAVCUO,RAVDEZ,0.8999999761581421
RAVCUO,RAVDUP,0.8999999761581421
RAVDAV,RAVFIF,0.8999999761581421
RAVDAV,RAVDID,0.8999999761581421
RAVDAV,RAVDUP,0.8999999761581421
RAVDEZ,RAVDID,0.8999999761581421
RAVDEZ,TEZLOC,0.48571428656578064
RAVDID,RAVDUP,0.8999999761581421
RAVDOJ,RAVFIF,0.8999999761581421
RAVDOJ,RAVFAX,0.8999999761581421
RAVDUP,RAVFAX,0.8999999761581421
RAVDUP,RAVFEB,0.8999999761581421
RAVDUP,RAVFIF,0.8999999761581421
RAVFEB,RAVFIF,0.8999999761581421
RAVGAY,RAVGEC,0.8999999761581421
RAVGAY,RAVGIG,0.8999999761581421
RAVGEC,RAVGIG,0.8999999761581421
RAVGEC,YIRSUQ,0.5973684191703796
RAVGIG,VORSEC,0.6351351737976074
RAVVIU,VIRJIQ,1.0
RAVVIU,YICCOE,1.0
RAVVIU,YANBAR01,1.0
RAVVIU01,VIRJIQ,1.0
RAVVIU01,YICCOE,1.0
RAVVIU01,YANBAR01,1.0
RAVVOA,VIRJIQ,1.0
RAVVOA,YICCOE,1.0
RAVVOA,YANBAR01,1.0
RAVVOA01,VIRJIQ,1.0
RAVVOA01,YICCOE,1.0
RAVVOA01,YANBAR01,1.0
RAVVOA02,VIRJIQ,1.0
RAVVOA02,YICCOE,1.0
RAVVOA02,YANBAR01,1.0
RAVVUH,TOBKEC,0.8999999761581421
RAVVUH,ZEHJEE,0.8999999761581421
RAVVUH,TOBKAY,0.8999999761581421
RAVWAO,RAVWES,0.9678571820259094
RAVWAO,RAVWIW,0.64000004529953
RAVWAO,RAVXET,0.6522727608680725
RAVWES,RAVWUI,0.8999999761581421
RAVWES,RAVWIW,0.6600000262260437
RAVWES,RAVXAP,0.7000000476837158
RAVWES,RAVXET,0.6727272868156433
RAVWES,RAVXOD,0.7000000476837158
RAVWIW,RAVXIX,0.7864406704902649
RAVXAP,RAVXOD,1.0
RAVXAP,RAVXIX,0.7406779527664185
RAVXIX,RAVXOD,0.7406779527664185
RAWFAZ,VABREY,0.6818181276321411
RAWROX,VASFIH,0.8999999761581421
RAWZIA,WIHDUN,0.8999999761581421
RAXCAW,XOJWOJ,1.0
RAXCAW,XOJXEA,1.0
RAXCAW,UGUKUD,1.0
RAXCEA,XOJWOJ,1.0
RAXCEA,XOJXEA,1.0
RAXGEE,XINTOG,0.7941176295280457
RAXYOF,SIBDEO,0.8999999761581421
RAZGOQ,VUNMOI,1.0
RAZGOQ,VUNNID,1.0
RAZGOQ,VUNNEZ,1.0
RAZGOQ,XISTIE,0.8999999761581421
RAZYIC,RAZYOI,1.0
RBHSQU01,RESHAB,0.27142858505249023
RBOXAL01,ZZZFUU02,1.0
RBOXAL01,ZZZFUU01,1.0
RBOXAL01,ZAXLUH,1.0
RBTCNQ12,RBTCNQ13,1.0
RBTCNQ12,YEVKES,0.8999999761581421
RBTCNQ13,YEVKES,0.8999999761581421
RBTCNQ13,TONTIB,0.8999999761581421
REBPUM,XAWYAY,0.8999999761581421
REBPUM,REBQIB,0.8999999761581421
REBQIB,XAWYAY,0.8999999761581421
REBSID,REBSUP,0.8999999761581421
REBSID,REBSOJ,0.8999999761581421
REBSOJ,REBSUP,0.8999999761581421
REBVIG,ZUJVAD,1.0
REBVIG,RUJMAM,0.7480000257492065
REBVOM,TOKDON,0.64000004529953
RECHUE,RECJAM,1.0
RECJAM,SIVWUR,0.8035714030265808
RECZOP,REDBAE,1.0
REDMOF,REDMUL,1.0
REDMOF,SAQQOR,0.7428571581840515
REDMUL,SAQQOR,0.7428571581840515
REDPEW,VINKEL,0.8999999761581421
REDPEW,VINJAG,0.8999999761581421
REDPEW,VINWOH,0.8999999761581421
REDPEW,VINKIP,0.8999999761581421
REDYEG,VACFUB01,1.0
REFBAH,RODSAG01,1.0
REFBAH,REFBAH01,1.0
REFBAH,RODSAG,1.0
REFBAH01,RODSAG01,1.0
REFFIT,TIXVON,1.0
REFVEF,TEQVIW,1.0
REFXEI,UMAWUB,0.209090918302536
REGJIW,REGJIW01,1.0
REGJIW,REGJIW02,1.0
REGJIW,TOJNAJ,0.8999999761581421
REGJIW01,REGJIW02,1.0
REGLIA,REGLOG,1.0
REGLIA,REGLUM,1.0
REGLIA,XUBMEN,1.0
REGREC,VEHKIE,1.0
REGXOS,UZAROE,1.0
REGXOS,YESZAA,0.8999999761581421
REGYOT,SENXER,0.8999999761581421
REGYOT,SENXAN,0.8999999761581421
REHHET,REHHUJ,1.0
REHHET,REHHOD,1.0
REHHET,REHHIX,1.0
REHHIX,REHHUJ,1.0
REHHIX,REHHOD,1.0
REHHOD,REHHUJ,1.0
REHJEV,WOSGIW,0.8999999761581421
REHJIZ,WOSGUI,0.8999999761581421
REJPED,UGUKIR,0.4552631676197052
REJPED,UGUKEN,0.4552631676197052
REJVOS,XEHSAF,1.0
REJVOS,SIWZOP03,1.0
REKWUB,REKXAI,1.0
REKWUB,XUMSEF,0.8999999761581421
REKWUB,REKXIQ,0.8999999761581421
REKWUB,TICWIN,0.41304346919059753
REKXAI,XUMSEF,0.8999999761581421
REKXAI,REKXIQ,0.8999999761581421
REKXAI,REWZOK,0.8999999761581421
REKXAI,TICWIN,0.41304346919059753
REKXIQ,REWZOK,0.8999999761581421
REKXIQ,XUMSEF,0.8999999761581421
REKXIQ,XUMSIJ,0.8999999761581421
REKYIS,VAMQIM,1.0
REKYIS,VAMQEI,1.0
RELLOK,XOHQER,1.0
REMJOJ,REMJOJ01,1.0
RENHAW,YAMKOP,0.6749999523162842
RENQIK,XELHUS,0.8999999761581421
RENQIK,SIWNIW,0.8999999761581421
RENQIK,UNOJUD,0.32499998807907104
REPCIZ,RUXWEM03,1.0
REPCIZ,WUJFOX,1.0
REQBUN,REQCAU,1.0
REQBUN,RIHKIF,0.8999999761581421
REQCAU,RIHKIF,0.8999999761581421
REQDIB,VUDQOB,1.0
REQDIB,VALVAI,1.0
REQDOH,UCEXOQ,1.0
REQDOH,RESWUI02,1.0
REQJEF,SIVJAI,0.8999999761581421
REQJEF,SIVJAI01,0.8999999761581421
REQJEF,REQSEO,0.8999999761581421
REQKEF,XESGAE,0.8999999761581421
REQRUD,SIVJAI01,0.8999999761581421
REQRUD,SIVJAI,0.8999999761581421
REQSAK,XUKKET,0.8999999761581421
REQSEO,WOZKUR,0.8999999761581421
REQSEO,TILFUQ01,0.8999999761581421
REQSEO,REQSIS,0.8999999761581421
REQSEO,XUKKET,0.8999999761581421
REQSEO,XUKKET01,0.8999999761581421
REQSEO,XUKKET02,0.8999999761581421
REQSEO,YIVZEI,0.8999999761581421
REQSIS,XUKKET02,0.8999999761581421
REQSIS,XUKKET01,0.8999999761581421
REQSIS,YIVZEI,0.8999999761581421
REQVOB,REQWES,1.0
REQVOB,TACJIS,0.8999999761581421
REQWES,TACJIS,0.8999999761581421
RERVIW,TIHROU,0.8999999761581421
RESDUQ,UBUMAH,0.8999999761581421
RESHAB,RISVUL,0.2800000011920929
RESHAB,ZZZBQY02,0.25517240166664124
RESWUI,UCEXOQ,1.0
RESWUI,RESWUI02,1.0
RESWUI01,UCEXOQ,1.0
RESWUI01,RESWUI02,1.0
RESWUI02,UCEXOQ,1.0
REVGUW,XASHAA,0.5600000023841858
REVROC,REVSAP,0.8999999761581421
REVROC,REVRUI,0.8999999761581421
REVROC,TANMON,0.5
REVRUI,REVSAP,0.8999999761581421
REVRUI,SIRQES,0.30000001192092896
REVRUI,TANMON,0.5
REVSAP,TANMON,0.5
REVYUO,ZOFZAX,0.43333330750465393
REWNEO,WUKXEH,0.6236363649368286
REWNEO,REWNEO01,0.41090908646583557
REWNEO01,YUZPOA,0.8999999761581421
REWNEO01,TOFTIT,0.7868421077728271
REWNEO01,WUKXEH,0.7279069423675537
REWTOF,WUZKUY,1.0
REWTOF,UREVIY,1.0
REWTOF,SERJOP,0.8999999761581421
REWTOF,SERKAC,0.8999999761581421
REWTUL,USAGIG,1.0
REWTUL,XUCHOS01,0.8999999761581421
REWTUL,XUCHOS,0.8999999761581421
REWVAT,XOKJUD,1.0
REWVIB,USEVOF,0.8999999761581421
REWZOK,XUMSIJ,0.8999999761581421
REXRUJ01,ZOZXAP,0.6000000238418579
REXRUJ01,WEHHEZ,0.6000000238418579
REYCEF,REYCUV,1.0
REYCEF,UQEROZ,0.8999999761581421
REYCEF,YERLIT,0.8999999761581421
REYCUV,UQEROZ,0.8999999761581421
REYDOR,VOQXIK,1.0
REYNUG,REYNUG01,1.0
REZJIR,YUKTUU06,1.0
REZJIR,SIWPUL,1.0
REZJIR02,YUKTUU06,1.0
REZJIR02,SIWPUL,1.0
REZJIR03,YUKTUU06,1.0
REZJIR03,SIWPUL,1.0
REZJIR04,YUKTUU06,1.0
REZJIR04,SIWPUL,1.0
REZXEA,YEDKOI,1.0
REZXIE,XEQNEM,1.0
REZXIE,XEQNEM02,1.0
REZXIE,YOXZOC,1.0
REZXIE01,XEQNEM,1.0
REZXIE01,XEQNEM02,1.0
REZXIE01,YOXZOC,1.0
REZXIE01,YOXXOA,1.0
REZXIE01,YOXXOA01,1.0
REZXIE01,YOXXOA02,1.0
REZXIE01,YOXXOA03,1.0
REZXOK,TONBII,1.0
REZXUQ,YEDKUO,1.0
REZXUQ,WIZMAV07,0.8999999761581421
RIBCAJ,RIBCEN,0.8999999761581421
RIBCAJ,RUKDIM,0.8363636136054993
RIBCAJ,WUPTUY01,0.8363636136054993
RIBRAY,YEMJAC,1.0
RIBRUS,RIBSIH,1.0
RIBSAZ,ZOPLOH,0.7000000476837158
RIBSED,WOBQEL,0.8999999761581421
RIBSED,XAJQAC,0.8999999761581421
RIBZOS,WADDUD,1.0
RIBZOS,YUDVIC,0.8999999761581421
RICHAN,RIHJIC,1.0
RICHAN,RICHIV,1.0
RICHAN,TIYMAQ,0.8999999761581421
RICHER,WIYKIZ,1.0
RICHER,WOBHAX,1.0
RICHER,SUNDUB,0.8999999761581421
RICHIV,RIHJIC,1.0
RICMUN,ZASTUK,0.39767441153526306
RICMUN,ZASVEW,0.39767441153526306
RIDCEN,VALWOX,0.8999999761581421
RIDKOE,YIQBEF01,0.8999999761581421
RIFDUG01,VEHKIE,1.0
RIFDUG01,ZELROZ,0.6499999761581421
RIFDUG01,ZILBUT,0.6499999761581421
RIFPEB,SUXYOA,0.8999999761581421
RIFPEB,SUXYEQ,0.8999999761581421
RIFPEB,SUXYIU,0.8999999761581421
RIFPEB,SUXYAM,0.8999999761581421
RIFPEB,YIGZEU,0.3117647171020508
RIFQIG,RIFQIG01,1.0
RIFQIG,XAKVOV,1.0
RIFQIG,XAKVIP,1.0
RIFQIG01,XAKVOV,1.0
RIFQIG01,XAKVIP,1.0
RIGHAR,SIVVAW,1.0
RIGPEE,RIGPEE01,1.0
RIGPEE,RIGPII,1.0
RIGPEE01,RIGPII,1.0
RIGTIL,XIRHOW,1.0
RIGVOU,RIGWIP,1.0
RIGVOU,ZOFSIY,0.8999999761581421
RIGVOU,WEHTAG,0.8999999761581421
RIGWIP,ZOFSIY,0.8999999761581421
RIGWIP,WEHTAG,0.8999999761581421
RIGWIP,WEHSUZ,0.8999999761581421
RIHFUL,TEFWIL,0.8999999761581421
RIHFUL,UFARUP,0.8999999761581421
RIHJIC,UKUDEL,0.8999999761581421
RIHKIF,VUMCUC,0.25882354378700256
RIHKIF,ZIZTEJ,0.8999999761581421
RIHSEJ,YEXCOW,0.8999999761581421
RIHZUF,XUBGUY,0.8999999761581421
RIHZUF,YOCGAZ,0.8999999761581421
RIHZUF,ZEXSOM,0.8999999761581421
RIJBAP,SEQJOQ,0.8999999761581421
RIJBAP,XUBGUY,0.8999999761581421
RIJBET,YIVZOU,1.0
RIJYIV,UYOGOF,1.0
RIJYIV,WONBAD,1.0
RIKFUP,RIKGAW,0.8999999761581421
RIKFUP,XEWYOQ,0.22857144474983215
RIKGAW,VIXWEF,0.5821428298950195
RIKGAW,VALXIS,0.5821428298950195
RILJOO,RORJIT,0.8999999761581421
RILJOO,TEYBOQ,0.6617646813392639
RILJOO,TEYCAD,0.6617646813392639
RILVAL,RUDRUE,0.7352941632270813
RILVOZ,SUVMIH,1.0
RILVOZ,WARXUL,0.6839999556541443
RIMSAK,YICRAF01,0.6666666269302368
RIMSAK,YICQUY,0.6666666269302368
RINPEJ,WIRCOS,0.64000004529953
RINTUF,UCEXEG,1.0
RIPNIP,RITFAE,1.0
RIPNOV,RIPNUB,1.0
RIPNOV,VEJZOA,1.0
RIPNOV,RIPPAJ,1.0
RIPNOV,RIPPEN,1.0
RIPNUB,VEJZOA,1.0
RIPNUB,VELVIS,1.0
RIPPAJ,VEJZOA,1.0
RIPPAJ,XASGON,0.4333333373069763
RIPPEN,VEJZOA,1.0
RIQDIH,RIQDUT,0.8999999761581421
RIQDIH,ULAZAJ,0.8999999761581421
RIQDIH,RIQDON,0.8999999761581421
RIQDIH,ULAXUB,0.8999999761581421
RIQDON,ULAZAJ,0.8999999761581421
RIQDON,RIQDUT,0.8999999761581421
RIQDON,ULAXUB,0.8999999761581421
RIQDUT,ULAZAJ,0.8999999761581421
RIQDUT,RIQFAB,0.8999999761581421
RIQFAB,ULAXUB,0.8999999761581421
RIQHAD,XEBNEX,0.2956521511077881
RIQSOC,VIKPAI,0.4935483932495117
RIQSOC,WIGQEL,0.4621621370315552
RIQVOD,RIQVUJ,0.8999999761581421
RIQVUJ,VULFOZ,0.8999999761581421
RIRHOS,XIGNOT,0.8999999761581421
RIRHOS,XINGEJ,0.8999999761581421
RIRHOS,ZIQRID,0.6487805247306824
RISGIM,YETQOG,0.8999999761581421
RISGIM,SAVMAE,0.8999999761581421
RISJEK,YOLWUT,0.8999999761581421
RISJEK,WUJFOW,0.8999999761581421
RISJEK,YOLXAA,0.8999999761581421
RISJEK,YOLXII,0.8999999761581421
RISTAQ,RISTEU,1.0
RISVUL,ZZZBQY01,0.550000011920929
RISXAT01,UCEXIK,1.0
RISXAT01,VAKLIF,0.8999999761581421
RISXAT01,VAKREG,0.8999999761581421
RISXAU,TIPRIT01,1.0
RISXAU,TIPRIT,1.0
RISXAU,TOJNAJ,0.8999999761581421
RITFAE,VETHUA,0.831250011920929
RIVRIA,SISBED,0.5344827771186829
RIVRIA,VAGTUU,0.5333333611488342
RIVTIA,RUSTOP,0.512499988079071
RIVTIA,XAYMUF,0.49130430817604065
RIWDUY,VIRJIQ,1.0
RIWDUY,YICCOE,1.0
RIWDUY,YANBAR01,1.0
RIWMUH,SEKLEC01,0.3911764621734619
RIWSUM,XEZMOG,0.5354838371276855
RIWWOK,VEJPIL,0.522580623626709
RIWXAX,RIWXAX01,1.0
RIWXAX,VEJPEH,0.6225806474685669
RIWXEC,TARMUV,0.5249999761581421
RIWXEC,WETQOB,0.3857142925262451
RIYWED,RIYWIH,1.0
RIYXIG,XAZGAG,1.0
RIYXIG,XAZFEJ,1.0
RIZMUJ,XIJPEM,0.530434787273407
ROCZAM,SIVVAW,1.0
ROCZEQ,SIVVAW,1.0
ROCZOA,XEGRAF,0.7300000190734863
RODSAG,RODSAG01,1.0
RODSAG01,WIFSAI,0.7567567229270935
RODSAG01,WIFSAI01,0.7567567229270935
ROFREL,ROFREL01,1.0
ROFREL,TAKTEH,0.8999999761581421
ROFREL,XAPCOJ06,0.8999999761581421
ROFREL01,TAKTEH,0.8999999761581421
ROFREL01,XAPCOJ06,0.8999999761581421
ROFREL01,YIQVOL,0.8999999761581421
ROGLOP,UFATEA01,1.0
ROGLOP,UFATEA,1.0
ROGRAH,ROGRUB,1.0
ROGRAH,YEMHOO,1.0
ROGRAH,RUVKOJ,0.8999999761581421
ROGRUB,YEMHOO,1.0
ROJPUD,XANDAU,1.0
ROJPUD,XOMRUO,0.8999999761581421
ROJQAK,XOMROI,0.8999999761581421
ROJSUF,RUBGAX,1.0
ROJSUF,ROJTAM,0.8999999761581421
ROJSUF01,YOWPIK,0.8999999761581421
ROJSUF01,ZEKKUX,0.8999999761581421
ROJSUF01,ZEKKOR,0.8999999761581421
ROLCEC,ROLCEC15,1.0
ROLCEC,ROLCEC14,1.0
ROLCEC,SANMAX,1.0
ROLCEC01,ROLCEC15,1.0
ROLCEC01,ROLCEC14,1.0
ROLCEC01,SANMAX,1.0
ROLCEC02,ROLCEC15,1.0
ROLCEC02,ROLCEC14,1.0
ROLCEC02,SANMAX,1.0
ROLCEC03,ROLCEC15,1.0
ROLCEC03,ROLCEC14,1.0
ROLCEC03,SANMAX,1.0
ROLCEC04,ROLCEC15,1.0
ROLCEC04,ROLCEC14,1.0
ROLCEC04,SANMAX,1.0
ROLCEC05,ROLCEC15,1.0
ROLCEC05,ROLCEC14,1.0
ROLCEC05,SANMAX,1.0
ROLCEC06,ROLCEC15,1.0
ROLCEC06,ROLCEC14,1.0
ROLCEC06,SANMAX,1.0
ROLCEC07,ROLCEC15,1.0
ROLCEC07,ROLCEC14,1.0
ROLCEC07,SANMAX,1.0
ROLCEC08,ROLCEC15,1.0
ROLCEC08,ROLCEC14,1.0
ROLCEC08,SANMAX,1.0
ROLCEC09,ROLCEC15,1.0
ROLCEC09,ROLCEC14,1.0
ROLCEC09,SANMAX,1.0
ROLCEC10,ROLCEC15,1.0
ROLCEC10,ROLCEC14,1.0
ROLCEC10,SANMAX,1.0
ROLCEC11,ROLCEC15,1.0
ROLCEC11,ROLCEC14,1.0
ROLCEC11,SANMAX,1.0
ROLCEC12,ROLCEC15,1.0
ROLCEC12,ROLCEC14,1.0
ROLCEC12,SANMAX,1.0
ROLCEC13,ROLCEC15,1.0
ROLCEC13,ROLCEC14,1.0
ROLCEC13,SANMAX,1.0
ROLCEC13,ROLCEC16,1.0
ROLCEC13,ROLCEC17,1.0
ROLCEC13,ROLCEC18,1.0
ROLCEC13,ROLCEC19,1.0
ROLCEC13,VINROZ,1.0
ROLCEC13,YUKVOQ,1.0
ROLCEC13,YUKVOQ01,1.0
ROLCEC13,YUKVOQ02,1.0
ROLCEC13,YUKVOQ03,1.0
ROLCEC13,YUKVOQ04,1.0
ROLCEC13,YUKVOQ05,1.0
ROLCEC13,YUKVOQ06,1.0
ROLCEC13,YUKVOQ07,1.0
ROLCEC14,ROLCEC15,1.0
ROLCEC14,SANMAX,1.0
ROLCEC14,ROLCEC16,1.0
ROLCEC14,ROLCEC17,1.0
ROLCEC14,ROLCEC18,1.0
ROLCEC14,ROLCEC19,1.0
ROLCEC14,VINROZ,1.0
ROLCEC14,YUKVOQ,1.0
ROLCEC14,YUKVOQ01,1.0
ROLCEC14,YUKVOQ02,1.0
ROLCEC14,YUKVOQ03,1.0
ROLCEC14,YUKVOQ04,1.0
ROLCEC14,YUKVOQ05,1.0
ROLCEC14,YUKVOQ06,1.0
ROLCEC14,YUKVOQ07,1.0
ROLCEC15,SANMAX,1.0
ROLCEC16,SANMAX,1.0
ROLCEC17,SANMAX,1.0
ROLCEC18,SANMAX,1.0
ROLCEC19,SANMAX,1.0
ROLCEC19,VINROZ,1.0
ROLCEC19,YUKVOQ,1.0
ROLCEC19,YUKVOQ01,1.0
ROLCEC19,YUKVOQ02,1.0
ROLCEC19,YUKVOQ03,1.0
ROLCEC19,YUKVOQ04,1.0
ROLCEC19,YUKVOQ05,1.0
ROLCEC19,YUKVOQ06,1.0
ROLCEC19,YUKVOQ07,1.0
ROLZAU,YIQVUR,0.8999999761581421
ROLZEZ,VUGXOM,1.0
ROLZEZ,VUGXIG,0.8999999761581421
ROLZEZ,VUGWUR,0.8999999761581421
ROLZEZ,VUGXAY,0.8999999761581421
ROLZEZ,VUGXEC,0.8999999761581421
ROMQAN,ROMQER,1.0
ROMQAN,XULDOZ,0.8999999761581421
ROMQAN,XULDEP,0.8999999761581421
ROMQAN,SEKYEP,0.8999999761581421
ROMQER,XULDOZ,0.8999999761581421
ROMQER,XULDEP,0.8999999761581421
ROMQER,UQERIT,0.8608695268630981
ROMQER,UVUGAV,0.7666666507720947
ROMTAP,SIXXAZ,0.6119999885559082
ROMTAP,WOZPOS,0.2750000059604645
ROQVIE,UQOSOJ,0.71875
ROQVIE,XEZNEY,0.6625000238418579
ROQVIE,XEZNIC,0.6625000238418579
RORJIT,TEYBUW,0.6617646813392639
RORJOZ,UNACIW,1.0
RORJOZ,WUSSEK,0.71875
RORLIV,XIKGEG03,1.0
RORLIV,XIKGEG01,1.0
RORLIV,VINMOX,1.0
RORLIV,VINMOX01,1.0
RORLIV,VINMUD,1.0
RORRIB,WOHZAU01,0.8999999761581421
ROSKIV,ROSKOB,0.7157894968986511
ROSKIV,WENDIE,0.6657143235206604
ROTQIC,WUWVUG,0.40857142210006714
ROTQIC,TICWIN,0.34838706254959106
ROYMEZ,UFIHUP,0.8999999761581421
ROYMEZ,ROYMID,0.8999999761581421
ROYREE,ROYTEG,1.0
ROYREE,ROYTIK,0.8999999761581421
ROYREE,ROYSOP,0.8999999761581421
ROYREE,ROYRII,0.8999999761581421
ROYRII,ROYTIK,1.0
ROYRII,ROYRUU,0.8999999761581421
ROYRII,SOJSUH,0.8999999761581421
ROYROO,ROYTOQ,1.0
ROYROO,ROYSUV,0.8999999761581421
ROYROO,ROYTEG,0.8999999761581421
ROYROO,ROYRUU,0.8999999761581421
ROYROO,ROYTAC,0.8999999761581421
ROYRUU,ROYSAB,0.8999999761581421
ROYRUU,ROYSOP,0.8999999761581421
ROYRUU,ROYSIJ,0.8999999761581421
ROYSAB,ROYSEF,0.8999999761581421
ROYSAB,ROYSUV,0.8999999761581421
ROYSAB,ROYTAC,0.8999999761581421
ROYSEF,ROYTAC,0.8999999761581421
ROYSEF,ROYSUV,0.8999999761581421
ROYSEF,ROYTOQ,0.8999999761581421
ROYSEF,ROYSIJ,0.8999999761581421
ROYSIJ,ROYTIK,0.8999999761581421
ROYSOP,ROYSUV,0.8999999761581421
ROYSOP,ROYTOQ,0.8999999761581421
ROYSUV,SOJSUH,1.0
ROYSUV,ROYTEG,0.8999999761581421
ROYTAC,ROYTOQ,0.8999999761581421
ROYTEG,ROYTIK,0.8999999761581421
ROYTOQ,SOJSUH,0.8999999761581421
ROZXEL,RUYGOJ,0.8105263710021973
RUBBOH,YIQVUR,0.8999999761581421
RUBDUO,ZAWTUO,0.7617647051811218
RUBDUO,ZAWTIC,0.6617646813392639
RUBDUO,URACEW,0.6081081032752991
RUBDUP,TOHYUM,0.550000011920929
RUBDUP,XINFUW,0.550000011920929
RUBJOO,ZIZTIN,0.8999999761581421
RUBJOO,ZIVCEO,0.8999999761581421
RUBLAD,SELKUS,1.0
RUBLAD03,SELKUS,1.0
RUBLAD03,SELKIG,1.0
RUBLAD03,SELLAZ,1.0
RUBTAK,SURHEU02,1.0
RUBTAK,SURJOG,1.0
RUBTAK,RUBTAK09,1.0
RUBTAK01,SURHEU02,1.0
RUBTAK01,SURJOG,1.0
RUBTAK01,RUBTAK09,1.0
RUBTAK02,SURHEU02,1.0
RUBTAK02,SURJOG,1.0
RUBTAK02,RUBTAK09,1.0
RUBTAK03,SURHEU02,1.0
RUBTAK03,SURJOG,1.0
RUBTAK03,RUBTAK09,1.0
RUBTAK03,ZOPLUN,0.6142857670783997
RUBTAK04,SURHEU02,1.0
RUBTAK04,SURJOG,1.0
RUBTAK04,RUBTAK09,1.0
RUBTAK05,SURHEU02,1.0
RUBTAK05,SURJOG,1.0
RUBTAK05,RUBTAK09,1.0
RUBTAK06,SURHEU02,1.0
RUBTAK06,SURJOG,1.0
RUBTAK06,RUBTAK09,1.0
RUBTAK07,SURHEU02,1.0
RUBTAK07,SURJOG,1.0
RUBTAK07,RUBTAK09,1.0
RUBTAK07,ZOPLUN,0.6142857670783997
RUBTAK08,SURHEU02,1.0
RUBTAK08,SURJOG,1.0
RUBTAK08,RUBTAK09,1.0
RUBTAK08,SURHEU,1.0
RUBTAK08,SURHEU01,1.0
RUBTAK08,SURHEU03,1.0
RUBTAK08,SURKAT,1.0
RUBTAK08,SURKEX,1.0
RUBTAK08,SURKUN,1.0
RUBTAK08,SURKUN01,1.0
RUBTAK08,SURLEY,1.0
RUBTAK08,TEPWUJ,1.0
RUBTAK08,UFOSEQ,1.0
RUBTAK08,UFOSOA,1.0
RUBTAK08,ZOPLUN,0.6142857670783997
RUBTAK09,SURHEU02,1.0
RUBTAK09,SURJOG,1.0
RUBTAK09,ZONBAH,1.0
RUBZIY,RUBZIY01,1.0
RUBZIY,XILBAW,1.0
RUBZIY,RUBZIY02,1.0
RUBZIY,RUBZIY03,1.0
RUBZIY,YAPQUC,1.0
RUBZIY,YICREI,1.0
RUBZIY01,XILBAW,1.0
RUBZIY02,XILBAW,1.0
RUBZIY02,YAPQUC,1.0
RUBZIY03,XILBAW,1.0
RUBZIY03,YAPQUC,1.0
RUDLIN,YEKREO,0.4000000059604645
RUDPOW,RUDQAJ,0.446153849363327
RUDPOW,RUDQEN,0.4115384519100189
RUDQAJ,RUDQUD,0.4959999918937683
RUDQAJ,RUDQUD01,0.4959999918937683
RUDQAJ,RUDQEN,0.4535714089870453
RUDQAJ,XAPGOK,0.3769230842590332
RUDQOX,RUDQUD01,0.64000004529953
RUDQOX,RUDQUD,0.64000004529953
RUDQUD,RUDQUD01,1.0
RUDRUE,XADLIX,1.0
RUFDUT,TAPKAY,0.8999999761581421
RUFDUT,TAPJUR,0.8999999761581421
RUFDUT,UDOYUJ,0.529411792755127
RUFMUA,TECVEE,1.0
RUFMUA,TECTUS,1.0
RUFMUA,TECVOO,1.0
RUFMUA01,TECVEE,1.0
RUFMUA01,TECTUS,1.0
RUGGIL,RUGJIO,1.0
RUGGIL,XOHFIK,0.8999999761581421
RUGGOR,WIHTEO,1.0
RUGGOR,ZZZVME01,1.0
RUGGUX,WIHTAK,1.0
RUGHEI,WIHSUD,1.0
RUGHUY,RUGJUA,1.0
RUGJEK,RUGKAH,1.0
RUGJIO,XOHFIK,0.8999999761581421
RUGNUE,YFORMD03,1.0
RUGNUE,YFORMD02,1.0
RUGXIC,RUGXOI01,1.0
RUGXIC,RUGXOI,1.0
RUGXIC,RUGXUO,1.0
RUGXIC,YUBHAG,0.8999999761581421
RUGXOI,RUGXOI01,1.0
RUGXOI,RUGXUO,1.0
RUGXOI,YUBHAG,0.8999999761581421
RUGXUO,XINTOG,0.8999999761581421
RUGXUO,ZOYKEF,0.8999999761581421
RUGYOJ,YUYLIP,1.0
RUGYOJ,YUYLEL,1.0
RUGYOJ,YUYGOQ,1.0
RUHDII,XIFLOP,0.6100000143051147
RUJGIN,WUVYOC,1.0
RUJGIN,RUJGOT,1.0
RUJGOT,WUVYOC,1.0
RUJMAM,RUJMEQ,0.8999999761581421
RUJMEQ,SENSIQ,0.7666666507720947
RUJMEQ,SENSAI,0.7666666507720947
RUKDIM,WUPTUY01,1.0
RUKDIM,XULGIW,1.0
RUKDIM,WUPTUY,1.0
RUKDOS,UKIBUN,1.0
RUKDOS,WUPVAG,1.0
RUKDOS,WUPTUY,0.8999999761581421
RULNOC,XOLRUM,1.0
RULNOC,TOHYOF,0.8999999761581421
RULNOC,TOHZAS,0.8999999761581421
RULNOC,UPOVOL,0.8999999761581421
RULVUP,SUBMIN,0.4950000047683716
RUMRUO,ULUVUT,1.0
RUMRUO,USUBUG,1.0
RUNXUV,SIXWON,0.6586206555366516
RUPNEW,XIVMEW01,0.8999999761581421
RUPRUQ,SICDAL,0.8999999761581421
RUPRUQ,TEPWOD,0.8999999761581421
RUPTED,VOJPUG,0.5333333611488342
RUPVAB,VEHKIE,1.0
RUQSAX,TACPIX,0.8999999761581421
RUSSII,RUSSUU,0.8999999761581421
RUSSOO,WURNAY,0.35999998450279236
RUSSOO,WEMDOJ,0.3368421196937561
RUSSUU,SONTEV,1.0
RUSSUU,RUSTEF,0.8999999761581421
RUSSUU,WUKNEV,0.8999999761581421
RUSTOP,UCAPEV,0.44999998807907104
RUSWIN,RUSXEK,0.8999999761581421
RUSWIN,RUSXAG,0.8999999761581421
RUSWIN,UZOBAO,0.8999999761581421
RUSWOT,UZOBAO,1.0
RUSWOT,UZOBES,0.8999999761581421
RUSWOT,XEZRAY,0.8999999761581421
RUSWUZ,UZIZOU,1.0
RUSWUZ,RUSXEK,0.8999999761581421
RUSWUZ,RUSXAG,0.8999999761581421
RUSWUZ,XEZQOL,0.8999999761581421
RUSWUZ,XEZREC,0.8999999761581421
RUSXAG,UZIZUA,1.0
RUSXAG,XEZRAY,0.8999999761581421
RUSXAG,XEZQOL,0.8999999761581421
RUSXEK,XEZQUR,1.0
RUSXEK,SUVPOQ,0.8999999761581421
RUSXEK,UZOBES,0.8999999761581421
RUSZUB,XOJXEA,0.8999999761581421
RUTNOK,RUTNOK01,0.6727272868156433
RUVBER,RUVBOB,1.0
RUVBER,RUVBIV,1.0
RUVBER,SACCAD,0.8999999761581421
RUVBIV,RUVBOB,1.0
RUVBIV,SACCAD,0.8999999761581421
RUVBOB,SACCAD,0.8999999761581421
RUVBUH,SACBUW,1.0
RUVBUH,SACCAD,1.0
RUVBUH,ZAQXEX,1.0
RUVBUH,VIDJID,0.8999999761581421
RUVKOJ,XUMVUY,0.8999999761581421
RUVKOJ,XUMVOS,0.8999999761581421
RUVKOJ,XITDEL,0.8999999761581421
RUVRUX,WUVMAB02,0.8999999761581421
RUVRUX,TAZSAP02,0.8999999761581421
RUWFOG,YATDUV,0.8999999761581421
RUWWOW,RUWXEN,1.0
RUWWOW,RUWXAJ,1.0
RUWWOW,RUWWOW01,1.0
RUWWOW,RUWWUC,1.0
RUWWOW,YENKAG,0.925000011920929
RUWWOW01,RUWXEN,1.0
RUWWOW01,RUWXAJ,1.0
RUWWUC,RUWXEN,1.0
RUWWUC,RUWXAJ,1.0
RUWWUC,YENKAG,0.925000011920929
RUWXAJ,RUWXEN,1.0
RUWXAJ,YENKAG,0.925000011920929
RUXWEM,TOWNEA,0.8999999761581421
RUXWEM03,WUJFOX,1.0
RUXXAJ,RUXXAJ01,1.0
RUXXAJ,SEGVIL,0.8999999761581421
RUXXAJ,TUCQAK,0.8999999761581421
RUXXAJ,SEGVEH,0.8999999761581421
RUXXAJ,XAJGEU,0.5950000286102295
RUXXAJ01,SEGVIL,0.8999999761581421
RUXXAJ01,TUCQAK,0.8999999761581421
RUXXAJ01,XAJGEU,0.5950000286102295
RUYFUO,YOTQIJ,1.0
RUYGAV,RUYGEZ,0.8999999761581421
RUYGEY,RUYGEY01,1.0
RUYGEZ,RUYGOJ,0.8578947186470032
RUYGID,UYUGAY,0.5344827771186829
RUYKAZ,YUQMUU,0.5026315450668335
RUYKAZ,YUQNAB,0.5026315450668335
RUYNEG,YUDFOU,1.0
RUYNEG,XEGKUR,1.0
RUYNEG,XEGJOK,1.0
RUYNEG,SAVCEA,0.8999999761581421
RUYQIN,RUYTIQ,1.0
RUYQIN,RUYTOW,1.0
RUYQIN01,RUYTIQ,1.0
RUYQIN01,RUYTOW,1.0
RUYQIN02,RUYTIQ,1.0
RUYQIN02,RUYTOW,1.0
RUYQIN03,RUYTIQ,1.0
RUYQIN03,RUYTOW,1.0
RUYQIN03,XAWVUN,0.8999999761581421
RUYQIN03,XEBHOC,0.8999999761581421
RUYQIN03,YISVEE,0.8999999761581421
RUYQOT,RUYTIQ,1.0
RUYQOT,RUYTOW,1.0
RUYQOT,RUYTUC,1.0
RUYQOT,WAHKOI,0.8999999761581421
RUYTIQ,RUYTOW,1.0
RUYTIQ,RUYTUC,1.0
RUYTOW,VEWREX,0.8999999761581421
RUYTOW,WAHKOI,0.8999999761581421
RUYTUC,VEWREX,0.8999999761581421
RUYVAK,YEKWOC,0.8999999761581421
RUYVEO,SEQWIW,0.47058823704719543
RUYVIS,ZARLEL,0.8999999761581421
RUZBUL,RUZCEW,0.8999999761581421
RUZBUL,YAZVAZ,0.8999999761581421
RUZBUL,RUZCOG,0.8999999761581421
RUZBUL,RUZCAS,0.8999999761581421
RUZCAS,RUZCIA,0.8999999761581421
RUZCAS,RUZCEW,0.8999999761581421
RUZCAS,YAZPAT,0.8999999761581421
RUZCAS,YAZVAZ,0.8999999761581421
RUZCEW,RUZCIA,0.8999999761581421
RUZCEW,YAZPAT,0.8999999761581421
RUZCEW,RUZCOG,0.8999999761581421
RUZCIA,YAZPAT,1.0
RUZCIA,YAZVAZ,1.0
RUZCIA,RUZCOG,0.8999999761581421
RUZCOG,YAZPAT,0.8999999761581421
RUZHIE,SESDEA,0.8999999761581421
RUZHIE,TUWPIL,0.48181816935539246
RUZHIE,XAGRAA,0.8714286088943481
SABJUD,XUZRIU,0.8999999761581421
SABJUD,XEVSIB,0.8999999761581421
SABJUD,SIJYEQ,0.8999999761581421
SABVOH01,SABVUN,1.0
SABVOH01,SABWAU01,1.0
SABVOH01,SABWAU,1.0
SABVUN,SABWAU01,1.0
SABVUN01,TIYMAQ,0.8999999761581421
SABWAU,SABWAU01,1.0
SACBUW,SACCAD,1.0
SACBUW,ZAQXEX,1.0
SACCAD,ZAQXEX,1.0
SACHIP,SULKIU,1.0
SACMOA,WINCEC,1.0
SACMOA,VUMYAF,0.8999999761581421
SADBEG,SADBIK,0.8999999761581421
SADBEG,SADBUW,0.8999999761581421
SADBIK,VUNCOX,0.8999999761581421
SADBIK,VUNCUD,0.8999999761581421
SADBIK,SADBUW,0.8999999761581421
SADBOQ,SADCAD,0.8999999761581421
SADBOQ,VUNCOX,0.8999999761581421
SADBOQ,VUNCUD,0.8999999761581421
SADBOQ,UHASED,0.8999999761581421
SADBUW,UHASED,0.8999999761581421
SADBUW,SADCAD,0.8999999761581421
SADBUW,UHATAA,0.8999999761581421
SADBUW,VUNCIR,0.8999999761581421
SADBUW,VUNCUD,0.8999999761581421
SADCAD,VUNCIR,0.8999999761581421
SADLEQ,SADLOA,1.0
SADLEQ,ULOWEZ,0.512499988079071
SADLIU,SEHTAB,1.0
SADLOA,ULOWEZ,0.512499988079071
SADMIV,YAXBOP,1.0
SADMIV,SETQUF,1.0
SADMIV,XADCOW,1.0
SADMOB,YAXBOP,1.0
SADMOB,SETQUF,1.0
SADMOB,XADCOW,1.0
SADMUH,YAXBOP,1.0
SADMUH,SETQUF,1.0
SADMUH,XADCOW,1.0
SADZUV,SAFBAF,0.6884615421295166
SAFZIL,ZUYHIM,1.0
SAFZIL,VAGMAT,0.8999999761581421
SAGZUW,SAHBEJ,1.0
SAHBAF,SAHBEJ,1.0
SAHBAF,XIPHIN,1.0
SAHBEJ,UFITEJ,1.0
SAHTIF,SAHTIF01,1.0
SAHWEG,SAHYOS,0.8999999761581421
SAHWEG,ZIDREL,0.6522727608680725
SAHWUW,XUFWOM,0.9307692646980286
SAHYAD,WUNSEE,1.0
SAHYAD,WUNSEE01,1.0
SAHYAD,WUNSEE02,1.0
SAHYAD,WUNSII,1.0
SAHYAD,WUNSII01,1.0
SAHYAD,WUNSII02,1.0
SAHYAD,WUNTAB,1.0
SAHYAD,WUNTEF,1.0
SAHYAD,WUNTIJ,1.0
SAHYAD,WUNTUV,1.0
SAHYAD,WUNVAD,1.0
SAHYAD,WUNVEH,1.0
SAHYAD,WUNVIL,1.0
SAHYAD,WUNVOR,1.0
SAHYAD,WUNVUX,1.0
SAHYAD02,YINNOB,1.0
SAHYAD02,YINNUH,1.0
SAHYIL,YINNOB,1.0
SAHYIL,YINNUH,1.0
SAJLEX,SAKFAO,1.0
SAJLEX,TEQPAH,0.8999999761581421
SAJRUT,ZEGSAI,1.0
SAJRUT,ZEGRUB,1.0
SAJRUT,TOVHIX,0.686956524848938
SAJSAY,XOVYUD,0.8999999761581421
SAKDAM,VAQTAK,1.0
SAKDAM01,VAQTAK,1.0
SAKDAM01,TEQPAH,0.8999999761581421
SAKDEP,SUBMIN,0.43448275327682495
SALLAT,SALRON,0.8999999761581421
SALLAT,VODLEG,0.5
SALLAT,VODLEG01,0.5
SALXEL,UKUDEL,0.47894734144210815
SALXIP,YEKQOW,0.8999999761581421
SALXIP,SUQHUJ,0.8999999761581421
SALXIP,SUQJEV,0.8999999761581421
SALXIP,XOPLUL,0.8999999761581421
SAMVEK,XUDSUK,1.0
SAMVIO,WURKEB,1.0
SAMVIO,YIPFIO,0.8999999761581421
SAMVIO,XOHSUJ,0.7000000476837158
SAMXUC,VINTEU,0.8999999761581421
SAMXUC,SAMYIR,0.8999999761581421
SAMXUC,SAMYEN,0.8999999761581421
SAMYAJ,VINTEU,0.8999999761581421
SAMYAJ,SAMYEN,0.8999999761581421
SAMYAJ,SAMYIR,0.8999999761581421
SAMYEN,SAMYIR,0.8999999761581421
SAMYEN,VINTEU,0.8999999761581421
SAMYIR,VINTEU,0.8999999761581421
SANLOK,SCFORM01,0.8999999761581421
SANLOK,SCFORM10,0.8999999761581421
SANLOK,URFORD,0.8999999761581421
SANLOK,UYOYUD,1.0
SANLOK,WEZWEE,1.0
SANLOK,YUKVAC,1.0
SANMEB,ZNFORD,1.0
SANMEB,SIWQIA03,1.0
SANMEB,ZNFORD05,1.0
SANMEB,ZNFORD01,1.0
SANMEB,ZNFORD02,1.0
SANMEB,ZNFORD04,1.0
SANMEB,ZNFORD06,1.0
SANMEB,ZNFORD07,1.0
SANMEB,ZNFORD08,1.0
SANMEB,ZNFORD09,1.0
SAPBAP,XEHRUY,1.0
SAPBAP,XEHSIN,1.0
SAPCOE,YAZYUU,0.48571428656578064
SAPHOI,VUNHAN,0.8999999761581421
SAPQOS,SAPQUY,0.8999999761581421
SAPQOS,SAPRAF,0.8999999761581421
SAPQOS,ZIMZUT,0.6206896305084229
SAPQUY,SAPRAF,0.8999999761581421
SAPQUY,ZIMZUT,0.6206896305084229
SAQFUM,SAQFUM01,1.0
SAQFUM,ZUMWUZ,0.5759999752044678
SAQFUM01,ZUMWUZ,0.5759999752044678
SAQQAD,ZALLEG,1.0
SAQQEH,VUQKAU01,0.8999999761581421
SAQQEH,VUQKAU02,0.8999999761581421
SAQQOR,ZALLEG,0.8999999761581421
SAQQOR,TOWNEA,0.8999999761581421
SAQSAF,SAQSAF03,1.0
SAQSAF,SAQSAF02,1.0
SAQSAF,SAQSAF01,1.0
SAQSAF,SAQSEJ,1.0
SAQSAF,UFIKAX,0.8999999761581421
SAQSAF,UFIKAX01,0.8999999761581421
SAQSAF01,SAQSAF03,1.0
SAQSAF01,SAQSAF02,1.0
SAQSAF01,SAQSEJ,1.0
SAQSAF01,UFIJIE,0.8999999761581421
SAQSAF02,SAQSAF03,1.0
SAQSAF02,SAQSEJ,1.0
SAQSEJ,UFIJOK,0.8999999761581421
SAQSEJ,UFIJUQ,0.8999999761581421
SAQYIT,SAQYOZ,1.0
SAQYIT,XESKUD,0.8999999761581421
SAQYOZ,XESKUD,0.8999999761581421
SAQZOB,UFEFIX,0.4736842215061188
SAQZOB,VIXLEU,0.4736842215061188
SAQZOB,UVUCIZ,0.4615384638309479
SARBOE,SARBUK,1.0
SARBOE,SARCAR,1.0
SARBUK,SARCAR,1.0
SARGOJ,WOPSAX,1.0
SARGOJ,WOPSAX01,1.0
SARGOJ,WOPSAX02,1.0
SARGOJ,WOPSOL,1.0
SARGOJ,WOPSOL01,1.0
SARGOJ,WOQTUT,1.0
SARGOJ,WOQVAB,1.0
SARGUP,WOPSAX,1.0
SARHAW,WOPSAX,1.0
SARNOQ,WELKOQ,0.8999999761581421
SARNOQ,YODJEI,0.6625000238418579
SATNOR,VAMPUX,1.0
SATNOR,VAMQEI,1.0
SATNOR01,VAMPUX,1.0
SATNOR01,VAMQEI,1.0
SATNOR02,VAMPUX,1.0
SATNOR02,VAMQEI,1.0
SATRAH,WAJCAM,0.8999999761581421
SATRIP,XOTGUI,1.0
SATRIP,XUMBEN,1.0
SATRIP,YEBKOG,1.0
SATRIP,ZIGMEJ,1.0
SATRIP,ZIGMIN,1.0
SATROV,VATYEV,1.0
SATROV,WEMFAX,1.0
SAVCAW,UQOLUJ01,0.6023256182670593
SAVCAW,UQOLUJ,0.6023256182670593
SAVCEA,XEGJUQ,0.8999999761581421
SAVMAE,WUDXAV,1.0
SAVMAE,VOYWUB,0.8999999761581421
SAXLEK,ZOZBAT,0.3076923191547394
SAXLEK,ZOZBEX,0.3076923191547394
SAXLIO,YUHMEV,0.8999999761581421
SAXLIO,ZOYZAQ,0.550000011920929
SAXLIO,ZOYZAQ01,0.550000011920929
SAXLIO,XAPGUQ,0.18709677457809448
SAXYOH,XOYCET,1.0
SAXYOH,YIXZIQ,1.0
SAXYOH,SOWYEK01,0.8999999761581421
SAXYOH,TILHAZ,0.925000011920929
SAYKEK,SAYKIO,0.7387096881866455
SAYKEK,WAGYUA,0.7071428298950195
SAZPIV,WAQKEG,0.8379310369491577
SAZQEQ,YOVTOS,1.0
SAZQEQ,SODCAQ,0.8258064389228821
SAZQUI,WELKIK,0.8999999761581421
SAZQUI,WELWES,0.8999999761581421
SAZQUI,YODJEI,0.8999999761581421
SCFORM01,SCFORM10,1.0
SEBBOT,UTEXUN,1.0
SEDLAP,WADDAJ,1.0
SEDLAP,WADFEP,0.8999999761581421
SEDLAP01,WADDAJ,1.0
SEFPOJ,TIFHEX,0.22857144474983215
SEFPUP,ZEZQIG,1.0
SEFPUP,ZUPBET,1.0
SEFTOO,TUDJOS,1.0
SEFTOO,YITKEU,0.5285714268684387
SEFTUU,TUDJOS,1.0
SEFVAC,TUDJOS,1.0
SEFVEG,TUDJOS,1.0
SEFVEG02,TUDJOS,1.0
SEFVOQ,XINXEZ,0.3879999816417694
SEFWAD,TUDJOS,1.0
SEFWEH,TUDJOS,1.0
SEGBIR,SEGBOX,1.0
SEGBIR,VOXTOT,0.48571428656578064
SEGBOX,VOXTOT,0.48571428656578064
SEGJOG,XUBHEI,0.8999999761581421
SEGVAD,SEGVUX,1.0
SEGVAD,ZETPUL,1.0
SEGVAD,SEGVIL,0.8999999761581421
SEGVAD,TUCQAK,0.8999999761581421
SEGVEH,ZETQAS,1.0
SEGVEH,SEGVUX,0.8999999761581421
SEGVIL,ZETQEW,1.0
SEGVIL,ZETPUL,0.8999999761581421
SEGVIL,TUCQAK,0.8999999761581421
SEGVOR,TISWEZ,1.0
SEGVUX,ZETPUL,1.0
SEHSII,UPIBOM,1.0
SEHSII,XEZRIF,0.8999999761581421
SEHSII,YATTUK,1.0
SEHXIN,ZISJOC,0.48571428656578064
SEJHEV,ZIHFUR,0.621052622795105
SEJHEV,ZIHFUR01,0.621052622795105
SEJSOQ,SENNOP,1.0
SEJSOQ,SEJSUW,0.8999999761581421
SEJSOQ,SENNIJ,1.0
SEKQEH,XEKYOE,0.8999999761581421
SEKQEH,XAYKOA,0.8999999761581421
SEKXUE,YICQOS01,0.8999999761581421
SEKXUE,YICQUY,0.8999999761581421
SEKXUE,YICRAF,0.8999999761581421
SEKXUE,YICRAF01,0.8999999761581421
SEKYEP,XULDOZ,0.8999999761581421
SEKYEP,XULDEP,0.8999999761581421
SELKIG,SELKUS,1.0
SELKIG,SELLAZ,1.0
SELKUS,YEKJEG,0.5099999904632568
SEMFEX,SEMFOH,0.8999999761581421
SEMFEX,SEMFIB,0.8999999761581421
SEMFEX,XEFKOI,0.4304347634315491
SEMFIB,SEMFOH,0.8999999761581421
SEMFIB,VUQKOI,0.30454546213150024
SEMFOH,XEFGAQ,0.530434787273407
SEMGAV,UFEFIX,0.43714284896850586
SEMMIJ,XICNOO01,1.0
SEMMIJ,XICNOO02,1.0
SEMMIJ,XICYIT,1.0
SENFUP,SENGIE,0.8999999761581421
SENNIJ,SENNOP,1.0
SENNOP,TELDAP,0.4736842215061188
SENNOP,TONBAA,0.2800000011920929
SENRUB,SENSOW,0.9333333373069763
SENRUB,SENSEM,0.9333333373069763
SENRUB,SENSAI,0.800000011920929
SENSAI,SENSIQ,1.0
SENSAI,XIJJEH,0.8590908646583557
SENSAI,SENSEM,0.7428571581840515
SENSAI,SENSOW,0.7428571581840515
SENSEM,SENSOW,1.0
SENSEM,YEVRID,0.7000000476837158
SENSEM,YEVRID01,0.7000000476837158
SENSIQ,XIJJEH,0.8590908646583557
SENXAN,SENXER,1.0
SEQJOQ,YOCGAZ,0.8999999761581421
SEQMEJ,XAGPON,0.686956524848938
SEQMEJ,YUBGIN,0.686956524848938
SEQSEO01,SEQSUE,1.0
SEQSEO01,SEQSIS,1.0
SEQSEO01,SEQSOY,0.8999999761581421
SEQSIS,SEQSUE,1.0
SEQTEP,VAXTEV,0.8999999761581421
SEQXAP,WAYKAK,1.0
SERJOP,SERKAC,1.0
SERJUV,SERKEG,1.0
SERJUV,WUZKOS,0.8999999761581421
SERKEG,UREVEU,0.8999999761581421
SERTER,SERTER01,1.0
SERTER,TONMAM,0.8999999761581421
SERTER01,TONMAM,0.8999999761581421
SESDEA,SESDEA01,1.0
SESDEA,WEWHOY,0.7714285850524902
SESDEA,XAGQON,0.7120000123977661
SESDEA01,XAGQON,0.7120000123977661
SESDIE,XAGQUT,0.6119999885559082
SETDOM,SETDUS,1.0
SETFUT,SUXWIT,1.0
SETQAL,YAXBOP,1.0
SETQAL,YAXBUV,1.0
SETQAL,XUDSIY,1.0
SETQEP,YAXBOP,1.0
SETQEP,YAXBUV,1.0
SETQEP,XUDSIY,1.0
SETQEP,YAXBUV02,1.0
SETQEP,YAXCAC,1.0
SETQIT,YAXBOP,1.0
SETQIT,YAXBUV,1.0
SETQIT,XUDSIY,1.0
SETQIT,YAXBUV02,1.0
SETQIT,YAXCAC,1.0
SETQOZ,YAXBOP,1.0
SETQOZ,YAXBUV,1.0
SETQOZ,XUDSIY,1.0
SETQUF,YAXBOP,1.0
SETQUF,YAXBUV,1.0
SETQUF,XUDSIY,1.0
SETQUF,VAGVAC,1.0
SETRAM,YAXBOP,1.0
SETRAM,YAXBUV,1.0
SETRAM,XUDSIY,1.0
SETVOF,ZESVEB,0.8999999761581421
SEVLEM,YAPLUY,0.3749999701976776
SEVWEV,ULOGIL,0.8999999761581421
SEVWEY,SEVWIC,0.8999999761581421
SEVWEY,ZUSNOS,0.8999999761581421
SEVWEY,VASYAS,0.804347813129425
SEVWIC,ZUSNOS,0.8999999761581421
SEYDUW,XILXOH,0.8999999761581421
SEYDUW,WULYIL,0.8999999761581421
SEYDUW,VEGNAY01,0.8999999761581421
SEYDUW,SEYFAE,0.8999999761581421
SEYDUW,VEGNAY,0.8999999761581421
SEYDUW,XILWUM,0.8999999761581421
SEYFAE,XILXUN,0.8999999761581421
SEYFAE,VEGNAY01,0.8999999761581421
SEYFAE,SEYFEI,0.8999999761581421
SEYFEI,VEGNAY,0.8999999761581421
SEYFEI,XILXOH,0.8999999761581421
SEYKUD,VOTXIN,0.8999999761581421
SEYKUD,VOCBEW,0.3423076868057251
SEYQIW,WECBEN,1.0
SEYQIW,XIYYEL,1.0
SEYQIW,ZNACEU,0.5
SEYVIC,SEYVIC01,1.0
SEZCIM,SEZCIM01,1.0
SEZCIM,SEZCOS,1.0
SEZCIM,SEZCUY,1.0
SEZCIM01,SEZCOS,1.0
SEZCIM01,SEZCUY,1.0
SEZCIM02,SEZCUY01,1.0
SEZCIM02,SEZDAF,1.0
SEZCIM02,SEZDAF01,1.0
SEZCOS,SEZCUY,1.0
SEZCUY01,UNOBAB,0.8999999761581421
SEZDAF,UNOBAB,0.8999999761581421
SGLUTM01,SGLUTM02,1.0
SIBCAK,SIBMEY,0.5378378629684448
SIBCAK,TEJYIT,0.4909090995788574
SIBDEO,WATNIR,0.7230769395828247
SIBJAP,XESFOR,0.8999999761581421
SIBVUX,TINFED,0.8999999761581421
SICDAL,ZEFNIH01,0.8999999761581421
SICKOH,VAZTUO,0.8999999761581421
SICQUT,VAMPUX,1.0
SICRAA,VAMPUX,1.0
SICREE,VAMPUX,1.0
SICRII,VAMPUX,1.0
SICZIP,SICZOV,0.7071428298950195
SICZIP,WEVVOL,0.5090909004211426
SICZOV,WERCEE,0.5142857432365417
SIDCAL,TEQVIW,0.8999999761581421
SIDRUT,YEFLIF02,0.8999999761581421
SIDXUB,YIRSUQ,0.6558823585510254
SIDXUZ,VIWXIJ,0.8999999761581421
SIDXUZ,SIDYAG,0.8999999761581421
SIDYAG,SIDYEK,0.8999999761581421
SIDYAG,SIDYIO,0.8999999761581421
SIDYEK,SIDYIO,0.8999999761581421
SIDYIO,VIWXOP,0.8999999761581421
SIDYIO,ZATPIW,0.5040000081062317
SIDYIO,ZATPOC,0.5040000081062317
SIGNEC,VEXLEQ,0.8999999761581421
SIGNEC,WEBKEW,0.578125
SIGNEC,UDESIG01,0.4781249761581421
SIHCIY,SOHGUS,1.0
SIJCUM,XIVVUW,0.8999999761581421
SIJCUM,TAXLIQ,0.8999999761581421
SIJCUM,TAXLIQ01,0.8999999761581421
SIJPUX,TOHJIL,0.8999999761581421
SIJPUX,VORQEZ,0.550000011920929
SIJPUX,WIKLOT,0.8999999761581421
SIJQAE,VUZVER,0.8999999761581421
SIJQAE,WIVKOD,0.8999999761581421
SIJYEQ,XOHTOE,0.8999999761581421
SIJYEQ,XADGOA,0.8999999761581421
SIJYEQ,XOMPEV,0.8999999761581421
SIJYEQ,YETQOG,0.8999999761581421
SIKCIA,TEVFAD01,1.0
SIKCIA,TEVDUV,1.0
SIKCIA,YIBQOR,0.550000011920929
SIKCIA,ZEJYIZ,0.6571428775787354
SIKGAW,SIKGEA,1.0
SIKHUQ,YOSLIB04,0.550000011920929
SIKHUQ,TIMMIM,0.4288461208343506
SIKJOM,VEZVUT,0.8590908646583557
SIKYER,WECSAZ,1.0
SIKYER,WECSAZ01,1.0
SIKYER,WOZDEW,1.0
SINTAN,UDIDAO,0.831250011920929
SINWAQ,SINWEU,1.0
SINXET,VARWOC,1.0
SINXET,VARWUI,0.8999999761581421
SINXET,VARWES,0.8999999761581421
SINXET,VARWIW,0.8999999761581421
SINXET,ZIZSEI,0.5263158082962036
SINXET,ZIZSEI01,0.5263158082962036
SINXIY,TISLIR,1.0
SIRBIG,XEHRUY,1.0
SIRBIG,XEHSIN,1.0
SIRBIG01,XEHRUY,1.0
SIRBIG01,XEHSIN,1.0
SIRBIG02,XEHRUY,1.0
SIRBIG02,XEHSIN,1.0
SIRBIG03,XEHRUY,1.0
SIRBIG03,XEHSIN,1.0
SIRBIG04,XEHRUY,1.0
SIRBIG04,XEHSIN,1.0
SIRBIG05,XEHRUY,1.0
SIRBIG05,XEHSIN,1.0
SIRBIG06,XEHRUY,1.0
SIRBIG06,XEHSIN,1.0
SIRBIG07,XEHRUY,1.0
SIRBIG07,XEHSIN,1.0
SIRBIG07,TIVGIP,0.8999999761581421
SIRNOZ,XAPMUY,0.8999999761581421
SIRQES,TANMON,0.3400000035762787
SIRTEV,TOHJIL,0.8999999761581421
SIRZUQ,SISBED,0.8999999761581421
SIRZUQ,SISBAZ,0.8999999761581421
SISBAZ,SISBED,0.8999999761581421
SISBAZ,UQAGAV,0.3824999928474426
SISDUW,SISPUI,0.8999999761581421
SISDUW,SISNUG,0.8999999761581421
SISDUW,SISPOC,0.8999999761581421
SISFAD,SISFAD01,1.0
SISFAD,XEVHEM,0.8999999761581421
SISNUG,SISPOC,0.8999999761581421
SISNUG,SISPUI,0.8999999761581421
SISPOC,SISPUI,0.8999999761581421
SITCUW,UFOFUT,1.0
SITCUW,YOZYUJ,1.0
SITDEH,YOZYUJ,1.0
SITDEH,TEYHIR,1.0
SITTUM,SUVMAZ,0.39189186692237854
SITTUM,TEQVES,0.39189186692237854
SIVGAH,UKACIU,1.0
SIVGAH,WAQQUB,0.36249998211860657
SIVGAH,WEKWUF,0.8999999761581421
SIVGIP,TEBSAW,1.0
SIVGUB,VIDWAI,0.8639999628067017
SIVJAI,SIVJAI01,1.0
SIVJAI,WOZKUR,0.8999999761581421
SIVJAI01,WOZKUR,0.8999999761581421
SIVJAI01,YIVZEI,0.8999999761581421
SIVSOH,SIVTAU,1.0
SIVSOH,WIVGAK,0.8999999761581421
SIVSOH,YIWZOV,0.8999999761581421
SIVTAU,WIVGAK,0.8999999761581421
SIVTAU,YIWZOV,0.8999999761581421
SIVVAW,TOFQEM,1.0
SIVWUR,SIVXAY,0.8999999761581421
SIWBOR,UGUKEN,0.48076921701431274
SIWBOR,UGUKIR,0.48076921701431274
SIWBOR,VINHUY,0.4304347634315491
SIWFOT,TIVWUR,0.21250000596046448
SIWJAM,VEJYEP01,1.0
SIWJAM,VEJYUF07,1.0
SIWJUG,TUPDIT04,0.6187499761581421
SIWJUG,TUPDOZ,0.6187499761581421
SIWNES,SIWNIW,0.8999999761581421
SIWNIW,ULUCUZ,0.8999999761581421
SIWPUL,SIWPUL03,1.0
SIWPUL,VERZEZ,1.0
SIWPUL,VIRJEM,1.0
SIWPUL01,SIWPUL03,1.0
SIWPUL01,TAZBUT,1.0
SIWPUL01,TAZBUT01,1.0
SIWPUL01,TAZBUT02,1.0
SIWPUL01,TAZBUT03,1.0
SIWPUL01,TAZBUT04,1.0
SIWPUL01,YUKTUU,1.0
SIWPUL01,YUKTUU01,1.0
SIWPUL01,YUKTUU02,1.0
SIWPUL01,YUKTUU03,1.0
SIWPUL01,YUKTUU04,1.0
SIWPUL01,YUKTUU05,1.0
SIWPUL01,YUKTUU06,1.0
SIWPUL01,YUKTUU07,1.0
SIWPUL02,SIWPUL03,1.0
SIWPUL02,SIWPUL04,1.0
SIWPUL02,SIWPUL05,1.0
SIWPUL02,SIWPUL06,1.0
SIWPUL02,SIWPUL07,1.0
SIWPUL02,SIWPUL08,1.0
SIWPUL02,SIWPUL09,1.0
SIWPUL02,SIWPUL10,1.0
SIWPUL02,SIWPUL11,1.0
SIWPUL02,WICGEV,1.0
SIWPUL02,WIHVAL,1.0
SIWPUL02,WIHVEP,1.0
SIWPUL02,YANWOC,1.0
SIWPUL02,YANWOC01,1.0
SIWPUL02,YANWOC02,1.0
SIWPUL02,YANWOC03,1.0
SIWPUL03,XOHFIK,1.0
SIWQIA,ZNFORD,1.0
SIWQIA,SIWYOO,1.0
SIWQIA,ZNFORD05,1.0
SIWQIA,VERZUP,1.0
SIWQIA,VERZUP01,1.0
SIWQIA,YANXIX,1.0
SIWQIA,YANXIX01,1.0
SIWQIA,YANXIX02,1.0
SIWQIA,YANXIX03,1.0
SIWQIA,YANXIX04,1.0
SIWQIA,ZNFORD01,1.0
SIWQIA,ZNFORD02,1.0
SIWQIA,ZNFORD04,1.0
SIWQIA,ZNFORD06,1.0
SIWQIA,ZNFORD07,1.0
SIWQIA,ZNFORD08,1.0
SIWQIA,ZNFORD09,1.0
SIWQIA01,ZNFORD,1.0
SIWQIA01,SIWYOO,1.0
SIWQIA01,ZNFORD05,1.0
SIWQIA02,ZNFORD,1.0
SIWQIA02,SIWYOO,1.0
SIWQIA02,ZNFORD05,1.0
SIWQIA02,TESGOO,1.0
SIWQIA02,TESGUU,1.0
SIWQIA02,TESHAB,1.0
SIWQIA02,TEVZEA,1.0
SIWQIA02,TEVZIE,1.0
SIWQIA02,TEVZOK,1.0
SIWQIA02,TEVZUQ,1.0
SIWQIA02,VERZUP,1.0
SIWQIA02,VERZUP01,1.0
SIWQIA03,ZNFORD,1.0
SIWQIA03,SIWYOO,1.0
SIWQIA03,ZNFORD05,1.0
SIWQIA03,SIWYOO01,1.0
SIWQIA03,TAYZUQ,1.0
SIWQIA03,TAYZUQ01,1.0
SIWQIA03,TAYZUQ02,1.0
SIWQIA03,TAYZUQ03,1.0
SIWQIA03,TAYZUQ04,1.0
SIWSIC,SIWSUO,0.8999999761581421
SIWSIC,SIWTOJ,0.8999999761581421
SIWSIC,SIWTEZ,0.8999999761581421
SIWSUO,SIWTEZ,1.0
SIWSUO,SIWTOJ,0.8999999761581421
SIWTEZ,SIWTOJ,0.8999999761581421
SIWYOO,ZNFORD,1.0
SIWYOO,ZNFORD05,1.0
SIWYOO01,ZNFORD,1.0
SIWYOO01,ZNFORD05,1.0
SIWZOP,XEHRUY,1.0
SIWZOP,XEHSOT,1.0
SIWZOP01,XEHRUY,1.0
SIWZOP01,XEHSOT,1.0
SIWZOP02,XEHRUY,1.0
SIWZOP02,XEHSOT,1.0
SIWZOP03,XEHRUY,1.0
SIWZOP03,XEHSOT,1.0
SIWZOP03,WOSMUO,1.0
SIWZOP03,WOSMUO01,1.0
SIWZOP03,XAXBAB,1.0
SIWZOP03,XAXBEF,1.0
SIWZOP03,XEHSAF,1.0
SIWZOP03,XEHSEJ,1.0
SIWZOP03,XEHSIN,1.0
SIWZOP03,XEHSUZ,1.0
SIWZOP03,YANWAO,1.0
SIWZOP03,YANWAO01,1.0
SIWZOP03,YANWAO02,1.0
SIXFIQ,SIXFIQ01,1.0
SIXNEV,ZIJMUD,0.8999999761581421
SIXNEV,SIXNIZ,0.6896551847457886
SIXNEV,SIXNOF,0.6896551847457886
SIXNEV,SIXNUL,0.6343750357627869
SIXNIZ,SIXNOF,0.6896551847457886
SIXNOF,SIXNUL,0.6806451678276062
SIXPOG,VUNKOG,0.8999999761581421
SIXPOG,WUZYUM,0.8999999761581421
SIXWON,WAQDOK01,0.7827585935592651
SIXWON,WAQDOK,0.7827585935592651
SIYFEO,TIKXAN,0.8714286088943481
SIYGAL,VAQRUC,0.8999999761581421
SIYGAL,ZAYMAP,0.8999999761581421
SIYGIT,YOSLOH,0.8999999761581421
SIYQEX,SIYQEX01,1.0
SIYQEX,WIYZOU,0.8999999761581421
SIYQEX,XOWSUY,0.8999999761581421
SIYQEX,XOWTAF,0.8999999761581421
SIYQEX01,WIYZOU,0.8999999761581421
SIYQEX01,XOWSUY,0.8999999761581421
SIYQEX01,WIYZIO,0.8999999761581421
SIYXIH,SIYXIH10,1.0
SIYXIH,WIKQAJ,0.8999999761581421
SIZNIA,SOBBOC,0.8999999761581421
SIZNIA,SOBBIW,0.8999999761581421
SIZNIA,SIZPAU,0.8999999761581421
SIZNOG,SOBBIW,0.8999999761581421
SIZNOG,SOBBOC,0.8999999761581421
SIZPAU,SOBBIW,0.8999999761581421
SOBBIW,SOBBOC,1.0
SOBYUE,SOBZAL,1.0
SOBYUE,SOBZIT,0.8999999761581421
SOBYUE,SOBZEP,0.8999999761581421
SOBZAL,SOBZIT,0.8999999761581421
SOBZAL,SOBZEP,0.8999999761581421
SOBZEP,SOBZIT,0.8999999761581421
SOCCET,SOCCIX,1.0
SOCCET,ZICNIL,0.9052631258964539
SOCCIX,ZICNIL,0.9052631258964539
SOCCIX,ZICNUX,0.6464285850524902
SOCJUR,SOCKEC,1.0
SOCJUR,SOCKAY,1.0
SOCJUR,XAWDUX,0.8999999761581421
SOCJUR,XAWDUX01,0.8999999761581421
SOCKAY,SOCKEC,1.0
SOCKEC,UPEMUZ,0.6942856907844543
SOCKEC,XAWDUX,0.8999999761581421
SOCKEC,XAWDUX01,0.8999999761581421
SOCPOQ,TEYHIP,1.0
SOCPOQ,WUSSEK,0.6206896305084229
SODCAQ,YOVTOS,0.8258064389228821
SOGSAJ,SOGSAJ01,1.0
SOGWIV,WAJGOE,1.0
SOGWIV,UGANIB,1.0
SOGWIV,SUZTAI,1.0
SOGWIV,WOBFOK,1.0
SOGXAP,SOGXET,1.0
SOGXIW,TUZYAP,0.8999999761581421
SOHYEV,SOHYOF,1.0
SOHYEV,XAHZIQ,1.0
SOHYEV,UNIRUF,0.8999999761581421
SOHYOF,XAHZIQ,1.0
SOHYOF,UNIRUF,0.8999999761581421
SOJDEB,XAVRER,0.8999999761581421
SOJDEB,TAYZIC,0.3807692229747772
SOJGOO,TUHSOG,0.8999999761581421
SOJGOO,WINRAP,0.8999999761581421
SOJKOT,YICCOE,1.0
SOJKOT,YANBAR02,1.0
SOJKOT01,YICCOE,1.0
SOJKOT01,YANBAR02,1.0
SOJKOT02,YICCOE,1.0
SOJKOT02,YANBAR02,1.0
SOJKOT03,YICCOE,1.0
SOJKOT03,YANBAR02,1.0
SOJKOT04,YICCOE,1.0
SOJKOT04,YANBAR02,1.0
SOJKOT05,YICCOE,1.0
SOJKOT05,YANBAR02,1.0
SOJKOT06,YICCOE,1.0
SOJKOT06,YANBAR02,1.0
SOJKOT07,YICCOE,1.0
SOJKOT07,YANBAR02,1.0
SOJKOT08,YICCOE,1.0
SOJKOT08,YANBAR02,1.0
SOKKOT,SOMFEG,1.0
SOKKOT,SOMFIK,1.0
SOKKUZ,SOMFEG,1.0
SOKKUZ,SOMFIK,1.0
SOKKUZ,YINTEW,0.21250000596046448
SOKWAS,SOKWAS01,1.0
SOKWAS,VOLPAP,0.8999999761581421
SOKWAS01,VOLPAP,0.8999999761581421
SOLBOM,SOLCED,1.0
SOLBOM,SOLCAZ,1.0
SOLBOM,SOLBUS,1.0
SOLBUS,SOLCED,1.0
SOLBUS,SOLCAZ,1.0
SOLCAZ,SOLCED,1.0
SOMFAC,SOMFEG,1.0
SOMFAC,SOMFIK,1.0
SOMFAC,YINTEW,0.21250000596046448
SOMFEG,SOMFIK,1.0
SOMJOV,XIRYIJ,0.8999999761581421
SOMQUG,XEBHOB,0.8999999761581421
SOMSIY,XIRYEF,0.8999999761581421
SONTAR,WUKNEV,0.8999999761581421
SONTEV,YICDAR,0.8999999761581421
SOPPIX,ZIGMIN,1.0
SOPWUR,TISHEJ,0.5799999833106995
SOPWUR,VOQDAI,0.44117647409439087
SOQRUM,XUCHOS,1.0
SOQRUM,XUCHOS02,1.0
SOQRUM,XUCHOS01,1.0
SOQSAU,SOQSAU01,1.0
SOQSAU,SUTBUF,0.8999999761581421
SOQSAU01,SUTBUF,0.8999999761581421
SOQSEY,YURJUR,0.8999999761581421
SOSPUN01,SOSQEY01,0.8999999761581421
SOSPUN01,SOSQAU01,0.8999999761581421
SOSQAU01,XUYYIA,0.8999999761581421
SOSQEY01,XUYYEW,0.8999999761581421
SOSQEY01,SOSQOI,0.8999999761581421
SOSQEY01,XOHNEO,0.8999999761581421
SOSQIC01,XOHNEO,1.0
SOSQOI,XOHNEO,0.8999999761581421
SOTMUK,SOTMUK02,1.0
SOTMUK,YUBFUX01,0.8999999761581421
SOTMUK,YUBFUX,0.8999999761581421
SOTMUK01,YUBFOR,0.8999999761581421
SOTMUK02,YUBFUX01,0.8999999761581421
SOTMUK02,YUBFUX,0.8999999761581421
SOTZOR,WAPZAQ,0.7578946948051453
SOTZOR,YINQOE,0.7578946948051453
SOTZOR,WAPZEU,0.7578946948051453
SOVPAV01,VATZAS,1.0
SOVPAV01,YOMLAO,1.0
SOVPAV01,WADDOX,0.8999999761581421
SOVWOR,SOVWUX,1.0
SOWTIJ,WOWMEC,0.8999999761581421
SOWTIJ,UFIMUS,0.8999999761581421
SOWWUY,SOWYOU,1.0
SOWWUY,SOWXIN,0.8999999761581421
SOWXAF,SOWXIN,1.0
SOWXAF,SOWXEJ,0.925000011920929
SOWXAF,SOWYOU,0.8999999761581421
SOWXEJ,SOWXIN,0.925000011920929
SOWXOT,SOWXUZ,0.8999999761581421
SOWXUZ,VITLOZ02,0.925000011920929
SOWXUZ,VITLOZ,0.925000011920929
SOWXUZ,VITLOZ01,0.925000011920929
SOWYEI,SOWYOS,0.8999999761581421
SOWYEI,SOWYIM,0.8999999761581421
SOWYIM,SOWYOS,0.8999999761581421
SOWYIM,ZIQQAU,0.21250000596046448
SOXHUI,YISRIE,0.44999998807907104
SOYFUJ,SUSTAC,0.5384615659713745
SOZHOG,UNABUH01,1.0
SOZHOG,UNABUH,1.0
SOZHOG,UNACES,1.0
SOZHOG,UNACIW,1.0
SRFORA04,SRFORM02,1.0
SRFORA04,SRFORA06,1.0
SRFORA04,SRFORA05,1.0
SRFORA04,SRFORA07,1.0
SRFORA05,SRFORM02,1.0
SRFORA05,SRFORA06,1.0
SRFORA05,SRFORA07,1.0
SRFORA06,SRFORM02,1.0
SRFORA07,SRFORM02,1.0
SRFORA08,XEHDUM,0.3749999701976776
SRFORA08,XEHDOG,0.3749999701976776
SROXAL01,ZZZUKQ02,1.0
SROXAL01,XORDAJ01,1.0
SROXAL01,XORDAJ,1.0
SROXAL01,ZIHTAO,0.4000000059604645
SUBMIN,XEDXOW,0.4950000047683716
SUCCUR,SUCCUR01,1.0
SUCCUR,WUVMAB03,0.8999999761581421
SUCCUR,SUCCUR02,0.3812499940395355
SUCCUR01,WUVMAB03,0.8999999761581421
SUCCUR01,SUCCUR02,0.3812499940395355
SUDRIU,XOLFAH,0.8999999761581421
SUFBAY,TISHEJ,0.5142857432365417
SUFROA,TIZVIH,0.5764706134796143
SUGSOE,VURMOL,0.550000011920929
SUGSOE,SUGTEV,0.5285714268684387
SUGTAR,SUHBAA,1.0
SUGTAR,YOVCAP,0.512499988079071
SUGTEV,UDIDET,0.7199999690055847
SUGTEV,VURMOL,0.6275862455368042
SUGVUM,SUGWEX03,1.0
SUGVUM,ZEZHUK,1.0
SUGWEX03,ZEZHUK,1.0
SUHBAA,YOVCAP,0.512499988079071
SUHMIS,SUHNAL,1.0
SUHMIS,SUHNIT,1.0
SUHMIS,SUHPAN,1.0
SUHMIS,SUHPIV,1.0
SUHMIS,SUHPUH,1.0
SUHMIS,SUHQES,1.0
SUHMIS,SUHQUI,1.0
SUHMIS,YUHMEV,0.550000011920929
SUHNAL,SUHNIT,1.0
SUHNAL,SUHPAN,1.0
SUHNAL,SUHPIV,1.0
SUHNAL,SUHPUH,1.0
SUHNAL,SUHQES,1.0
SUHNAL,SUHQUI,1.0
SUHNIT,WOHTUK,0.4000000059604645
SUHPAN,YUHMAR,0.64000004529953
SUHQES,XAXGIO,0.6192307472229004
SUJNUH,YOZKOP,0.4272727370262146
SUKREX,SUKREX01,1.0
SUKREX,VULKAQ,1.0
SUKREX01,VULKAQ,1.0
SUKRIB,VUMYAF,0.8999999761581421
SUKYIH,YERFUZ,0.8999999761581421
SUKYIH,XISXEE,0.8999999761581421
SUKYON,VEWKUF,0.8999999761581421
SUKYON,VEWLAM,0.8999999761581421
SUNDUB,WOBHAX,0.8999999761581421
SUNDUB,WIYKIZ,0.8999999761581421
SUNDUB,TEQPEM,0.3482758700847626
SUQHUJ,SUQJEV,1.0
SUQHUJ,TOWLIC,0.8999999761581421
SUQJEV,TOWLIC,0.8999999761581421
SURHEU,SURKAT,1.0
SURHEU,SURKEX,1.0
SURHEU01,SURKAT,1.0
SURHEU01,SURKEX,1.0
SURHEU01,UFOSEQ,1.0
SURHEU01,UFOSOA,1.0
SURHEU02,SURKAT,1.0
SURHEU02,SURKEX,1.0
SURHEU02,ZONBAH,1.0
SURHEU03,SURKAT,1.0
SURHEU03,SURKEX,1.0
SURHEU03,UFOSEQ,1.0
SURHEU03,UFOSOA,1.0
SURJOG,SURKAT,1.0
SURJOG,SURKEX,1.0
SURJOG,SURKUN,1.0
SURJOG,SURKUN01,1.0
SURJOG,SURLEY,1.0
SURJOG,TEPWUJ,1.0
SURJOG,ZONBAH,1.0
SURKAT,SURKEX,1.0
SURKAT,SURKUN,1.0
SURKAT,SURKUN01,1.0
SURKAT,SURLEY,1.0
SURKAT,TEPWUJ,1.0
SURKAT,XUDSEU,0.8999999761581421
SUSNUR,VABREY,0.6000000238418579
SUSTAC,TASJUT,0.3938775360584259
SUTBEP,SUTBIT,0.8999999761581421
SUTBIT,WEFXAI,0.5645161271095276
SUTBIT,WEFXEM,0.5645161271095276
SUTBIT,WEFXIQ,0.5645161271095276
SUTBOZ,SUTBUF,0.8999999761581421
SUTBOZ,UQIVIB,0.8999999761581421
SUTBUF,UDIDET,0.6000000238418579
SUTBUF,UQIVIB,0.8999999761581421
SUVMAZ,TEQVES,1.0
SUVMAZ,TOJWEV,0.8999999761581421
SUVMIH,WARXUL,0.6839999556541443
SUVPOQ,XEZREC,0.8999999761581421
SUVPOQ,UZIZOU,0.8999999761581421
SUVPOQ,UZOBIW,0.8999999761581421
SUVPOQ,XEZRAY,0.8999999761581421
SUXWIT,XINPOC,0.8999999761581421
SUXYAM,SUXYIU,0.8999999761581421
SUXYAM,SUXYOA,0.8999999761581421
SUXYAM,SUXYEQ,0.8999999761581421
SUXYEQ,SUXYOA,0.8999999761581421
SUXYEQ,SUXYIU,0.8999999761581421
SUXYIU,SUXYOA,0.8999999761581421
SUZBEW,VUNJAR,0.6666666865348816
SUZTAI,WOBFOK,1.0
SUZTAI,UGANIB,1.0
SUZXES,YICRAE,0.8999999761581421
TACJIS,WIVRIE,1.0
TACPAP,TACPIX,1.0
TACPAP,TACPET,1.0
TACPAP,TACPOD,1.0
TACPET,TACPIX,1.0
TACPET,TACPOD,1.0
TACPIX,TACPOD,1.0
TADWEC,TOHSAL,0.8999999761581421
TADWEC,XONLES,0.6906976699829102
TADWEC,XONLES01,0.6906976699829102
TADWEC,TADWIG,0.6441860198974609
TADWIG,XAHPON,0.8999999761581421
TAFBEJ,TONLOY,1.0
TAFBEJ,TAFBIN,1.0
TAFBEJ,TAFBOT,1.0
TAFBIN,TONLOY,1.0
TAFBIN,TAFBOT,1.0
TAFBOT,TONLOY,1.0
TAFCIO,WAHREE,1.0
TAFCIO,VEGXOW,1.0
TAFCIO01,WAHREE,1.0
TAFCIO01,VEGXOW,1.0
TAFCIO01,VAGKOF,0.8999999761581421
TAFCIO01,XEGSOU,1.0
TAFCIO01,XEGSOU01,1.0
TAFSOJ,UQAGAV,0.290909081697464
TAFSOJ,XIPKEO,0.2800000011920929
TAGDEM,TUFWUN,0.3283582031726837
TAGTIH,YEKQOW,0.8999999761581421
TAGTUT,XEQLIQ,0.3700000047683716
TAGTUT,YICGEZ,0.8999999761581421
TAHFAL,UGUKIR,0.8999999761581421
TAHFAL,UGUKEN,0.8999999761581421
TAHFUF,WEKYES,0.8999999761581421
TAJQAY,TAJQEC,1.0
TAJTAC,VASKOR,1.0
TAKCAM,WAQZEW,0.8999999761581421
TAKCAM,TOWNAW,0.8999999761581421
TAKDIU,YOMBOS,0.8999999761581421
TAKGIY,WOYJEB,0.6499999761581421
TAKGIY,WOYHUP,0.6499999761581421
TAKGIY,WOYJAX,0.6499999761581421
TAKGIY,TEJBAN,0.6249999403953552
TAKGIY,YEZDAL,0.6249999403953552
TAKTAD,TAKTEH,1.0
TAKTAD,TAKTUX,1.0
TAKTAD,TAKTOR,1.0
TAKTAD,TAKTIL,1.0
TAKTAD,TAKVAF,1.0
TAKTEH,TAKTUX,1.0
TAKTEH,TAKTOR,1.0
TAKTIL,TAKTUX,1.0
TAKTIL,TAKTOR,1.0
TAKTIL,TAKVAF,1.0
TAKTOR,TAKTUX,1.0
TAKTOR,TAKVAF,1.0
TAKTUX,UXIQOJ,0.8999999761581421
TALBEQ,TALLAW,0.8999999761581421
TALBEQ,TALKUP,0.8999999761581421
TALFUJ,UDISAD,1.0
TALFUJ,TALGEU,0.8999999761581421
TALFUJ,UMAWUB,0.8999999761581421
TALGEU,UDISUX,1.0
TALGEU,UDISAD,0.8999999761581421
TALGEU,UDITEI,0.8999999761581421
TALGIY,UDISOR,1.0
TALGIY,UMAWUB,0.8999999761581421
TALKAT,UQOSOJ,0.8999999761581421
TALKUP,UDITEJ,0.8999999761581421
TALLAW,UDITEJ,0.8999999761581421
TAMRAD,YUBGUZ,0.8999999761581421
TANJOJ,ZAXQOG,0.39189186692237854
TANJOJ,ZAXQUM,0.39189186692237854
TANKIE,YIKGEF,0.8999999761581421
TANMIH,XIMSAP,0.8999999761581421
TANMIH,YIRTOL,0.5108107924461365
TAPJUR,TAPKAY,0.8999999761581421
TAPJUR,UDOYUJ,0.529411792755127
TAPKAY,UDOYUJ,0.529411792755127
TAQGEZ,VEYSIE,0.7324324250221252
TARMUV,WETQOB,0.49705880880355835
TARPUY,UNOGOU,0.8999999761581421
TARPUY,VUYCAU,0.6187499761581421
TARPUY,ZZZITI02,0.5218750238418579
TARQAF,XIFXAM,1.0
TARQAF,YIDJAX,0.8999999761581421
TARQAF,VOJRUI,0.8999999761581421
TARQEJ,TLPICR,0.5464285612106323
TASFAX,XENRAK,0.30930233001708984
TASJUT,TIMMIM,0.6264151334762573
TASVUG,TASWAN,1.0
TASVUG,TASWER,0.8999999761581421
TASVUG,TASWOB,1.0
TASWAN,TASWER,0.8999999761581421
TASWAN,TASWOB,1.0
TASWER,TASWIV,0.8999999761581421
TASYUJ,TASZAQ,0.8999999761581421
TASYUJ,WUSSEK,0.6558823585510254
TASYUJ,TEYHIP,0.5625
TASZAQ,TEYHIP,0.5625
TATBUO,VUKPUN,1.0
TATBUO,UDEWEG,0.8999999761581421
TATBUO,TATCID,0.8999999761581421
TATBUO,UFURAO,0.8999999761581421
TATCAV,UFURAO,0.8999999761581421
TATCAV,TATCEZ,0.8999999761581421
TATCAV,UFUQUH,0.8999999761581421
TATCAV,UGOXIX01,0.8999999761581421
TATCEZ,UFURAO,0.8999999761581421
TATCEZ,ZANQOW,0.8999999761581421
TATCID,UFURAO,0.8999999761581421
TATCID,ZANQOW,0.8999999761581421
TATCOI,XEHXIT,0.8999999761581421
TATCOI,ZELDIG,0.8999999761581421
TATFOL,WAVFOP,0.8999999761581421
TATPOV,YAVZUT,0.5235294103622437
TATPOV,YAWBAC,0.5
TAVDAY,TAVDEC,1.0
TAVDAY,TAVSER,1.0
TAVDAY,XESCIK,0.8999999761581421
TAVDEC,TAVSER,1.0
TAVDEC,XESCIK,0.8999999761581421
TAVSUF,WEFDES,0.5454545617103577
TAVSUF,WEFDAO,0.5454545617103577
TAXLIQ,TAXLIQ01,1.0
TAXLIQ,ZIFZOG,0.7874999642372131
TAXLIQ01,XIVVUW,0.8999999761581421
TAYZIC,XAVRER,0.48076921701431274
TAYZIC,XAPGUQ,0.1899999976158142
TAYZUQ,ZNFORD,1.0
TAYZUQ,ZNFORD05,1.0
TAYZUQ01,ZNFORD,1.0
TAYZUQ01,ZNFORD05,1.0
TAYZUQ02,ZNFORD,1.0
TAYZUQ02,ZNFORD05,1.0
TAYZUQ02,WEZWII,0.8999999761581421
TAYZUQ03,ZNFORD,1.0
TAYZUQ03,ZNFORD05,1.0
TAYZUQ04,ZNFORD,1.0
TAYZUQ04,ZNFORD05,1.0
TAYZUQ04,WEZWII,0.8999999761581421
TAZSAP,XETPIW,1.0
TAZSAP,TAZSAP01,1.0
TAZSAP,TAZSAP02,1.0
TAZSAP01,XETPIW,1.0
TAZSAP02,XETPIW,1.0
TEBDAI,TEBDEM,1.0
TEBFUD,YICVEL,0.8999999761581421
TEBPIB,YEZFIU,0.7230769395828247
TEBSAW,UJUPUM,1.0
TECTUS,TECVOO,1.0
TECTUS,TECVEE,1.0
TECTUS,YOQYEK,1.0
TECVEE,TECVOO,1.0
TECVEE,YOQYEK,1.0
TECVOO,YOQYEK,1.0
TEDLUM,TEDMEX,0.6447368860244751
TEDLUM,XORHET,0.5447368621826172
TEDLUM,XORGUI,0.5447368621826172
TEDMEX,XORGUI,0.8999999761581421
TEDMEX,XORHET,0.8999999761581421
TEDPIC,TEJXIQ,1.0
TEDPIC,WUGLIU,0.84375
TEDWIL,TEDWIL01,1.0
TEDWIL,TEDWIL08,1.0
TEDWIL,TEDWIL07,1.0
TEDWIL,TEDWIL02,1.0
TEDWIL,TEDWIL03,1.0
TEDWIL,TEDWIL04,1.0
TEDWIL,TEDWIL05,1.0
TEDWIL,TEDWIL06,1.0
TEDWIL,TEDWIL09,1.0
TEDWIL01,TEDWIL08,1.0
TEDWIL01,TEDWIL07,1.0
TEDWIL02,TEDWIL08,1.0
TEDWIL02,TEDWIL07,1.0
TEDWIL03,TEDWIL08,1.0
TEDWIL03,TEDWIL07,1.0
TEDWIL04,TEDWIL08,1.0
TEDWIL04,TEDWIL07,1.0
TEDWIL05,TEDWIL08,1.0
TEDWIL05,TEDWIL07,1.0
TEDWIL06,TEDWIL08,1.0
TEDWIL06,TEDWIL07,1.0
TEDWIL06,TEDWIL09,1.0
TEDWIL07,TEDWIL08,1.0
TEDWIL07,TEDWIL09,1.0
TEDZUZ,TOLYID,1.0
TEFWIL,WEMDAV,0.8999999761581421
TEFWIL,XEJVEP,0.8999999761581421
TEFWIL,WEMCUO,0.8999999761581421
TEFWOR,UDANEV,1.0
TEFWOR,VERQOZ01,0.8999999761581421
TEHCAM,XEVHEM,0.8999999761581421
TEHCAM,XEVHOW,0.8999999761581421
TEHMOJ,UGIXOZ,0.8999999761581421
TEJBAN,YEZDAL,1.0
TEJXIQ,WUGLIU,0.84375
TEJYIT,VUTVAJ,0.8999999761581421
TEKDUI,TEKDUI01,1.0
TEKDUI,UPIYAU,1.0
TEKDUI01,UPIYAU,1.0
TEKTAH,YIFLUX,0.8999999761581421
TEKTAH,ZEYJIZ,0.8999999761581421
TEKTOV,ZEYJIZ,0.36666664481163025
TELDAP,TONBAA,0.3176470696926117
TELFAT,TELFEX,0.8999999761581421
TELFAT,VIBYEM,0.6441860198974609
TELMII,TELMII01,1.0
TEMCUM,TEMDAT,0.8999999761581421
TEMCUM,TEMDIB,0.8999999761581421
TEMDAT,TEMDIB,1.0
TEMPAE,TEMPEI,0.8999999761581421
TEMPAE,TEQPAI,0.3793103098869324
TEPJEF,TEPJIJ,1.0
TEPJEF,VUKTIG,1.0
TEPJEF,ZEFRUZ,0.8999999761581421
TEPJIJ,VUKTIG,1.0
TEPJOP,TIXVON,0.8999999761581421
TEPMUZ,VEJHEZ,0.9205881953239441
TEPMUZ,WAWGOQ,0.8941176533699036
TEPPEL,TEPPIP,0.8999999761581421
TEPPEL,ZAWHIQ,0.8999999761581421
TEPPEL,VAQLEG,0.79677414894104
TEPPEL,VAQLAC,0.79677414894104
TEPPIP,ZAWHIQ,0.8999999761581421
TEPPIP,VAQLAC,0.6967741250991821
TEQKEH,UXACAY,1.0
TEQKEH,TEQLAE,1.0
TEQKEH,UXABOL,1.0
TEQLAE,UXACAY,1.0
TEQLAE,UXABOL,1.0
TEQLAE,YURCOF,0.8999999761581421
TEQLIM,TONQOD,0.7120000123977661
TEQPAI,VICMAY,0.8999999761581421
TEQPEM,XOGQUH,0.3959999978542328
TEQTAM,TEQTEQ,0.8999999761581421
TESGOO,ZNFORD,1.0
TESGOO,ZNFORD05,1.0
TESGUU,ZNFORD,1.0
TESGUU,ZNFORD05,1.0
TESHAB,ZNFORD,1.0
TESHAB,ZNFORD05,1.0
TETGEH,XOCGUU,0.8035714030265808
TETGEH,TUPDEP,0.488571435213089
TETQAN,TUJBIL,0.5846154093742371
TETYAV,VEHFAS,1.0
TEVCAB,YIKSET,0.8999999761581421
TEVDUV,TEVFAD01,1.0
TEVFAD01,ZEJYIZ,0.6571428775787354
TEVPUI,XAYKUG,0.8999999761581421
TEVQAP,XAYLAN,0.8999999761581421
TEVVAU,TEVVEY,1.0
TEVVAU,TEVVIC,1.0
TEVVAU,TEVVOI,1.0
TEVVEY,TEVVIC,1.0
TEVVEY,TEVVOI,1.0
TEVZEA,ZNFORD,1.0
TEVZEA,ZNFORD05,1.0
TEVZIE,ZNFORD,1.0
TEVZIE,ZNFORD05,1.0
TEVZOK,ZNFORD,1.0
TEVZOK,ZNFORD05,1.0
TEVZUQ,ZNFORD,1.0
TEVZUQ,ZNFORD05,1.0
TEWMUG,VIBLAW,0.8999999761581421
TEWMUG,VALWOX,0.8999999761581421
TEWVUP,TEWWAW,1.0
TEXTOH,XISDUA,0.5218750238418579
TEXVOJ,VEMHOL,1.0
TEXVOJ,UKOYID,1.0
TEYBOQ,TEYCAD,1.0
TEYBOQ,TEYBUW,1.0
TEYBUW,TEYCAD,1.0
TEYHIP,WUSSEK,0.6206896305084229
TEYHIR,UFOFUT,1.0
TEYHIR,UKOLUD,0.647826075553894
TEYKOA,UNINUC01,1.0
TEYKOA,UNINOW,1.0
TEYKOA,UNINUC,1.0
TEYKOA,UNINEM,1.0
TEYKOA,UNINIQ,1.0
TEYKOA,UNIPAK,1.0
TEYKOA,UNIPOY,1.0
TEYKOA,UNIPUE,1.0
TEYKUG,UNINUC01,1.0
TEYKUG,UNINOW,1.0
TEYKUG,UNINUC,1.0
TEYKUG,UNINEM,1.0
TEYKUG,UNINIQ,1.0
TEYKUG,UNIPAK,1.0
TEYKUG,UNIPOY,1.0
TEYKUG,UNIPUE,1.0
TEYLAN,UNINUC01,1.0
TEYLAN,UNINOW,1.0
TEYLAN,UNINUC,1.0
TEYLER,UNINUC01,1.0
TEYLER,UNINOW,1.0
TEYLER,UNINUC,1.0
TEYLIV,TEYMIW,1.0
TEYLIV,TEYMAO,1.0
TEYLIV,TEYMOC,1.0
TEYLOB,TEYLUH,1.0
TEYLUH,TEYMES,1.0
TEYREW,TEYREW01,1.0
TEYREW,TIPJIM,0.8999999761581421
TEYREW,TIPJIM01,0.8999999761581421
TEYREW01,TIPJIM,0.8999999761581421
TEYREW01,TIPJIM01,0.8999999761581421
TEZJOA,ZIDREL,0.6538462042808533
TEZLOC,YEZDAL,0.4731706976890564
THOXLB03,ZZZFUI01,1.0
THOXLB03,VOHSIU,1.0
THOXLB03,ZZZFUI04,1.0
TICPOL,WOPJOA,0.8999999761581421
TIDWAG,YOZQEK,0.8999999761581421
TIDWAG,YURJUR,0.8999999761581421
TIDWIO,ZOYZIY,1.0
TIFHAT,TIFHEX,0.4378378391265869
TIFHAT,YIGZEU,0.40909090638160706
TIGZAN,VUXGOM,1.0
TIHROU,XENKIM,0.8999999761581421
TIHROU,TIHTUC,0.8999999761581421
TIHROU,TIHRUA,0.8999999761581421
TIHROU,VIXWIJ,0.5447368621826172
TIHROU,ZISJOC,0.5378378629684448
TIHRUA,TIHTUC,0.8999999761581421
TIHTUC,XENKIM,0.8999999761581421
TIJPOT,WEMJII,0.8999999761581421
TIJPOT,WEMJUU,0.8999999761581421
TIKSOY,XAPCOJ,1.0
TIKSOY,XAPCOJ06,1.0
TIKSOY,TIKTAL01,1.0
TIKSUE,XAPCOJ,1.0
TIKSUE,XAPCOJ06,1.0
TIKSUE,TIKTAL01,1.0
TIKTAL,XAPCOJ,1.0
TIKTAL,XAPCOJ06,1.0
TIKTAL,TIKTAL01,1.0
TIKTAL,TIKTIT,1.0
TIKTAL,TIKTOZ,1.0
TIKTAL,TIKTUF,1.0
TIKTAL,TIKVAN,1.0
TIKTAL01,XAPCOJ,1.0
TIKTAL01,XAPCOJ06,1.0
TIKTIT,XAPCOJ,1.0
TIKTIT,XAPCOJ06,1.0
TIKTOZ,XAPCOJ,1.0
TIKTOZ,XAPCOJ06,1.0
TIKTOZ,XAPCOJ01,1.0
TIKTOZ,XAPCOJ02,1.0
TIKTOZ,XAPCOJ03,1.0
TIKTOZ,XAPCOJ04,1.0
TIKTOZ,XAPCOJ05,1.0
TIKTOZ,XAPCOJ07,1.0
TIKTUF,XAPCOJ,1.0
TIKTUF,XAPCOJ06,1.0
TIKVAN,XAPCOJ,1.0
TIKVAN,XAPCOJ06,1.0
TIKWIU,VOCQEJ,0.8068965077400208
TIKWIU,UGOYIY,0.6351351737976074
TIKWIU,XASHAA,0.7352941632270813
TIKXAN,ZUWXOG,1.0
TILDIC,WINJUY,0.8999999761581421
TILFUQ,TILFUQ01,1.0
TILFUQ,XUKKET02,0.8999999761581421
TILFUQ01,XUKKET02,0.8999999761581421
TILFUQ01,WOZKUR,0.8999999761581421
TILHED,UDIQII,1.0
TILHED,WETBAB,0.8999999761581421
TIMTOB,YODWUL,0.6827585697174072
TIMTOB,XIBZUF,0.6107142567634583
TINFED,TINFIH,1.0
TINFED,WUBHEI,0.8999999761581421
TINFIH,WUBHEI,0.8999999761581421
TIPDOM,VODBIA,0.8999999761581421
TIPDOM,VELHUS,0.8999999761581421
TIPJIM,XESFUX,1.0
TIPJIM,TIPJIM01,1.0
TIPJIM01,XESFUX,1.0
TIPRIT01,WACBEI,0.8999999761581421
TIPRIT01,XOTWIO,0.8999999761581421
TIPZOJ,YOSLIB03,1.0
TIPZOJ,YOSLIB01,1.0
TIPZOJ,YOSLIB,1.0
TIPZOJ,YOSLIB02,1.0
TIPZOJ,YOSLIB04,1.0
TIQGAC,ZEKKUX,0.8999999761581421
TIQGAC,UZOFOF,0.8999999761581421
TIQGAC,WIHCUM,0.44999998807907104
TIQGEG,TIQGEG01,1.0
TIQGEG,TIQGIK,1.0
TIQGEG,TIVFAG,1.0
TIQGEG,TIVFEK,1.0
TIQGEG,TIVFIO,1.0
TIQGEG,VUNXUY,1.0
TIQGEG01,TIQGIK,1.0
TIQGEG01,TIVFAG,1.0
TIQGEG01,TIVFEK,1.0
TIQGEG01,TIVFIO,1.0
TIQGEG01,VUNXUY,1.0
TIQGIK,TIVFAG,1.0
TIQGIK,TIVFEK,1.0
TIQGIK,TIVFIO,1.0
TIQGIK,VUNXUY,1.0
TIRFIK,VODBIA,0.8999999761581421
TIRLIQ,TOHYUM,1.0
TIRQOB,YARGAB,1.0
TIRQOB,UZOBES,0.8999999761581421
TIRQOB,XEZQOL,0.8999999761581421
TISHAF,TOVJAR,1.0
TISHEJ,VOQDAI,0.44999998807907104
TIVGIP,ZZZVMQ03,1.0
TIVXOM,YEMXEW,0.5538461804389954
TIVYAZ,VEMTAJ01,1.0
TIVYAZ,XAPSIS,1.0
TIVYAZ,XAVQIU,1.0
TIVYAZ,XAVQIU01,1.0
TIXCEK,TIXCIO,0.5785713791847229
TIXCEK,UVINAP,0.43548384308815
TIXCIO,UVINAP,0.6428571343421936
TIXVON,VUKTAY,0.8999999761581421
TIXVON,ZEFSAG,0.8999999761581421
TIXVON,ZEFSUA,0.8999999761581421
TIXVON,ZEFSUA01,0.8999999761581421
TIYMAQ,TOBQEH,1.0
TIZVED,TIZVIH,1.0
TIZVED,TIZVED01,1.0
TIZVED,TIZVIH01,1.0
TIZVED01,TIZVIH,1.0
TIZVED01,TIZVIH01,1.0
TIZVIH,TIZVIH01,1.0
TLPICR,VEDYAE,0.21250000596046448
TOBHAT,YAYPOF,0.8999999761581421
TOBHAT,YAYPIZ,0.8999999761581421
TOBHAT,YADQUQ,0.7157894968986511
TOBJUR,TOBKEC,0.8999999761581421
TOBJUR,TOBKAY,0.8999999761581421
TOBKAY,ZEHJEE,0.8999999761581421
TOBKAY,TOBKEC,0.8999999761581421
TOBPEG,WUJGAJ,0.4599999785423279
TOBPEG,WUJFOW,0.44137927889823914
TOBPEG,TOJVUJ,0.36666664481163025
TOBPEG,VADQAS,0.3400000035762787
TOGCUN,VUKYAD,0.4000000059604645
TOGCUN,YIWZOV,0.8999999761581421
TOGWUH,XIFHIF,0.4304347634315491
TOHJIL,WIKLOT,1.0
TOHMIO,WEQQUH,0.8999999761581421
TOHQAK,XAHFOE,0.4965517222881317
TOHQAK,WEFXAH,0.48000001907348633
TOHQEO,VACKUI,0.800000011920929
TOHRUF,TOHRUF01,1.0
TOHSAL,XONLES01,0.7906976938247681
TOHSAL,XONLES,0.7906976938247681
TOHSAL,XAHPED,0.4833333194255829
TOHYIA,XIBQOQ,0.8999999761581421
TOHYOF,TOHZAS,1.0
TOHYUM,WIMWIA,1.0
TOHYUM,XINFUW,1.0
TOJDAY,WUHJAK,0.8999999761581421
TOJDAY,WUHHUC,0.8999999761581421
TOJGOQ,TOJHAD,0.8999999761581421
TOJGOQ,TOJHIL,0.8999999761581421
TOJGOQ,TOJHEH,0.8999999761581421
TOJGUW,TOJHAD,0.8999999761581421
TOJGUW,TOJHIL,0.8999999761581421
TOJGUW,TOJHEH,0.8999999761581421
TOJHAD,TOJHIL,0.8999999761581421
TOJHAD,TOJHEH,0.8999999761581421
TOJHEH,TOJHIL,0.8999999761581421
TOJNEN,WUTBEU,0.27142858505249023
TOJVUJ,VADQAS,0.831250011920929
TOJWEV,ZISFEO01,0.8999999761581421
TOJWIZ,ZISFEO01,0.8999999761581421
TOJWIZ,ZISFEO,0.8999999761581421
TOKDON,YEYRAY,1.0
TOKGOQ,TOKHAD,1.0
TOKKUB,TOKLIQ,0.8285714387893677
TOKKUB,TOKLEM,0.5846154093742371
TOKLEM,TOKLIQ,0.6727272868156433
TOKLEM,ZIHFUR,0.550000011920929
TOKLIQ,ZIHFUR,0.5950000286102295
TOLPEQ,TOLPIU,0.8999999761581421
TOLPEQ,TOLQAN,0.8999999761581421
TOLPEQ,WIKDAX,0.44999998807907104
TOLPEQ,WIKDEB,0.550000011920929
TOLPIU,TOLQAN,0.8999999761581421
TOLPIU,WIKDAX,0.550000011920929
TOLYID,YOTQUV,0.8999999761581421
TONBOO,XIHSEN01,1.0
TONBOO,XIHSAJ01,1.0
TONBOO,XIHSAJ,1.0
TONBOO,VEFLUP,1.0
TONBUU,XUJQAV,1.0
TONBUU,VEMSUC,1.0
TONBUU,VEMSUC01,1.0
TONKEN,YAZFOW,1.0
TONKEN,XOMHIS,0.9437500238418579
TONMAM,TONMEQ,1.0
TONTIB,TONTUN,0.8999999761581421
TORJAN,TORKES,1.0
TORJAN,TORJER,1.0
TORJAN,TORJIV,1.0
TORJAN,TORJOB,0.8999999761581421
TORJAN,TORJUH,0.8999999761581421
TORJAN,TORKAO,0.8999999761581421
TORJER,TORKES,1.0
TORJER,TORJIV,1.0
TORJIV,TORKES,1.0
TORJOB,TORJUH,1.0
TORJOB,TORKAO,1.0
TORJUH,TORKAO,1.0
TORXAB,TORXOP,1.0
TORXAB,TUFPOB,1.0
TORXIJ,TORXOP,1.0
TORXIJ,TORXOP01,1.0
TORXOP,ZEZFUH,0.8999999761581421
TOTVEF,YEZFIU,0.6192307472229004
TOTVUV,WUXCEY,0.8999999761581421
TOTVUV,WUXCAU,0.8999999761581421
TOVGUI,ZOHFUZ,0.7000000476837158
TOVHAP,VIDWIQ,0.8999999761581421
TOVHAP,VIDVUB,0.8999999761581421
TOVHET,YUGLES,0.8999999761581421
TOVHIX,YABHER,0.8999999761581421
TOVHIX,ZEGSAI,0.686956524848938
TOVHIX,ZODXAT,0.3076923191547394
TOVJAR,ZESFAH,0.8999999761581421
TOVJAR,ZODXAT,0.2750000059604645
TOVJOF,UMODEH11,0.6230769157409668
TOVJOF,UMODEH23,0.6230769157409668
TOVJOF,UMODEH14,0.6230769157409668
TOVKAS,VEWLAM,0.8999999761581421
TOVKAS,VEWKUF,0.8999999761581421
TOVWAE,XIJSUH,0.804347813129425
TOWLIC,VUKSIF,0.8999999761581421
TOWLOI,XOFFUT,0.8999999761581421
TOWMEZ,ZELDIG,0.8999999761581421
TOWMEZ,XEHXIT,0.8999999761581421
TOWNAW,ZAXSAV,0.8999999761581421
TOWNEA,XAYDOT,1.0
TOWNEA,WAMGUP,0.64000004529953
TOWNOK,YURKAY,0.8999999761581421
TOWNOK,YURKIG,0.8999999761581421
TOWXEK,TOXHAR,1.0
TOWXEK,WEWHOY,0.6428571343421936
TOXHAR,WEWHOY,0.6428571343421936
TOXMUQ,TOXNAX,1.0
TOXMUQ,TOXNEB,1.0
TOXMUQ,TOXNIF,1.0
TOXNIF,UXIQOJ,0.8999999761581421
TOXNIF,YEYDUE,1.0
TOYKAV,VICYOX,0.8999999761581421
TUBMOU,VAKBIU,0.4591836631298065
TUBMOU,UYAKIQ,0.4000000059604645
TUBMOU,YORSOP,0.27457624673843384
TUCCIF,WUDXUP,0.8999999761581421
TUCCIF,XOJLAK,0.626086950302124
TUCHUV,ZIGXEU,1.0
TUCHUV,XIYFOA,1.0
TUCJAD,ZIGXEU,1.0
TUCJAD,XIYFOA,1.0
TUCJAD,ZIGXAQ,1.0
TUCJAD,ZIGXAQ01,1.0
TUDHUW,TUDJEI,1.0
TUDHUW,TUDJAE,1.0
TUDHUW,TUDJIM,1.0
TUDHUW,TUDJOS,1.0
TUDHUW,TUDJUY,1.0
TUDHUW,TUDKAF,1.0
TUDHUW,TUDKEJ,1.0
TUDJAE,TUDJEI,1.0
TUDJAE,TUDJIM,1.0
TUDJAE,TUDJOS,1.0
TUDJAE,TUDJUY,1.0
TUDJAE,TUDKAF,1.0
TUDJAE,TUDKEJ,1.0
TUFRAP,UJULIW,0.3032257854938507
TUFSEU,TUFSIY,1.0
TUFWUN,VAHWOS01,0.8999999761581421
TUFWUN,VAHWOS02,0.8999999761581421
TUFWUN,ZIWQII,0.7548386454582214
TUGSOE,WEJWAL,0.8999999761581421
TUHSOG,WINRAP,0.8999999761581421
TUHSOG,YITGOA,0.8999999761581421
TUJBIL,VUMCEM,0.8999999761581421
TUJBIL,VIGBOF,0.5764706134796143
TUJBIL,YARDAY,0.5909091234207153
TUKBAE,VIFPUY01,0.5909091234207153
TUKBAE,VIFPUY,0.5909091234207153
TUKBAE,VACFOV,0.5909091234207153
TUKYIJ,YEVQOG,1.0
TUKYIJ,YEYVOO,1.0
TULGEO,TULGIS,0.8999999761581421
TULGEO,TULGOY,0.8999999761581421
TULGIS,TULGOY,0.8999999761581421
TULLIX,UHUXIG,1.0
TUMDAI,TUMDEM,0.8999999761581421
TUMDAI,TUMROK,0.8999999761581421
TUMDAI,TUMRUQ,0.8999999761581421
TUMDAI,UKALEZ,0.7352941632270813
TUMDEM,TUMROK,0.8999999761581421
TUMDEM,TUMRUQ,0.8999999761581421
TUMGUD,ZOMPAU01,1.0
TUMQID,TUMQOJ,0.8999999761581421
TUMQID,ZOTTIN,0.7071428298950195
TUMQOJ,ZOTTIN,0.7071428298950195
TUMQUP,TUMRAW,0.8999999761581421
TUMQUP,TUMREA,0.8999999761581421
TUMQUP,TUMRIE,0.8999999761581421
TUMRAW,TUMRIE,0.8999999761581421
TUMRAW,TUMREA,0.8999999761581421
TUMREA,TUMRIE,0.8999999761581421
TUMROK,TUMRUQ,0.8999999761581421
TUPDEP,TUPDIT,1.0
TUPDEP,TUPDIT01,1.0
TUPDEP,TUPDIT04,1.0
TUPDEP,TUPDOZ,1.0
TUPDIT,TUPDIT01,1.0
TUPDIT,TUPDIT04,1.0
TUPDIT,TUPDOZ,1.0
TUPDIT04,XUKJUK,0.8999999761581421
TUPDOZ,XOCGUU,0.5628571510314941
TUTGUL,TUTJAU,1.0
TUTGUL,TUTHOG,1.0
TUTHIA,TUTJAU,1.0
TUTHIA,TUTHOG,1.0
TUTHIA,TUTHUM,1.0
TUTHOG,TUTJAU,1.0
TUTHOG,XIDQIN,0.8999999761581421
TUTHUM,TUTJAU,1.0
TUTQOP,YUNBOZ,1.0
TUTZOX,YUWKEH,0.8999999761581421
TUWFIC,XASNUD,1.0
TUWFIC,XASPEP,1.0
TUWPIL,WOWDUJ,0.4552631676197052
TUWPIL,XAGRAA,0.44999998807907104
TUXNEF,YICGUP,0.8999999761581421
TUXNEF,ZITFIU,0.8999999761581421
TUYNEI,UVIPIZ,0.36249998211860657
UBIBUF,YANMUY,1.0
UBIPAY,UYICIQ,0.6617646813392639
UBIPAY,UYICOW,0.6171428561210632
UBUBIF,YEYMEU,1.0
UBUMOW,WAYWUR,1.0
UBUPAK,UBUPEO,0.8999999761581421
UBUPAK,UGUGUZ,0.8999999761581421
UBUPEO,UGUHEK,0.8999999761581421
UBUPEO,UGUGUZ,0.8999999761581421
UBUPEO,UGUHAG,0.8999999761581421
UCABAE,YIXYUB,0.7300000190734863
UCABAE,XOVFOF,0.7300000190734863
UCAPEV,XECJAQ,0.43157893419265747
UCEXIK,VAKREG,0.8999999761581421
UCEXOQ,XASJUZ,1.0
UCOCAR,VOCTOW,0.8999999761581421
UCOCAR,YOCMAF,0.8999999761581421
UCUPEN,YOXYAN,1.0
UDANAQ,ZINYUT,0.8999999761581421
UDANAQ,XEQRAO,0.8999999761581421
UDANAQ,VAHTUW,0.8608695268630981
UDANAQ,VAHTOQ,0.8608695268630981
UDANIY,VOLQOD,0.5628571510314941
UDANIY,UYAPOA,0.5628571510314941
UDEPIE,WIPKAJ,1.0
UDEPOK,UDEPUQ01,1.0
UDEPOK,WIPJUC,1.0
UDEPOK,YUSVAK,0.8999999761581421
UDEPUQ01,WIPJUC,1.0
UDEPUQ01,YUSVAK,0.8999999761581421
UDESIG,UDESIG01,1.0
UDESIG,WEBKEW,0.8999999761581421
UDESIG,VEXLEQ,0.578125
UDESIG01,WEBKEW,0.8999999761581421
UDESIG01,VEXLEQ,0.578125
UDESIG01,WEBKAS,0.5
UDEWEG,VUKPIB,0.8999999761581421
UDEWEG,ZANQOW,0.8999999761581421
UDEWEG,UFUQUH,0.8999999761581421
UDEWOQ,UDEWUW,0.8999999761581421
UDEWOQ,VUKPOH,0.8999999761581421
UDEWOQ,VUSDUJ,0.8999999761581421
UDEWOQ,YAFWEI,0.7499999403953552
UDEWUW,VUSDUJ,0.8999999761581421
UDEWUW,VUKPOH,0.8999999761581421
UDIBOA,XOHTOE02,0.8999999761581421
UDIBOA,XOHSUJ,0.8999999761581421
UDICAN,WUPVEK,1.0
UDICER,WUPVEK,1.0
UDICIV,UDICUH,1.0
UDICIV,UDICIV01,1.0
UDICIV01,UDICUH,1.0
UDIDET,XIFVOA,0.5464285612106323
UDIQII,WETBAB,0.8999999761581421
UDISAD,UDISEH,0.8999999761581421
UDISAD,UDITAE,0.8999999761581421
UDISEH,UDITEI,0.8999999761581421
UDISEH,UDISUX,0.8999999761581421
UDISEH,UDITAE,0.8999999761581421
UDISIL,UDITEI,0.8999999761581421
UDISOR,UDITAE,0.8999999761581421
UDISUX,UDITEI,0.8999999761581421
UDIWEM,UDIWUC,0.7000000476837158
UDIWEM,UDIWOW,0.683783769607544
UDIWIQ,VEYSAW,0.5454545617103577
UDIWOW,UDIWUC,0.683783769607544
UDONIN,YAYNEU,0.6818181276321411
UDONIN,YAYNAQ,0.6818181276321411
UDONIN,YAYNEU01,0.6818181276321411
UDOVOA,UDOVUG,1.0
UDOVOA,YOJSUM,1.0
UDOVUG,YOJSUM,1.0
UDOVUG,VUHJAK,0.8999999761581421
UDUMIP,UDUMIP02,1.0
UDUMIP,UDUMIP03,1.0
UDUMIP02,UDUMIP03,1.0
UFAMIA,YOZYOD,1.0
UFAMIA,YOZYUJ,1.0
UFAQEA,UFAQIE,1.0
UFAQEA,UFAQOK,1.0
UFAQOK,UFARAX,0.8999999761581421
UFAQOK,UFAREB,0.8999999761581421
UFARAX,UFAREB,1.0
UFARUP,VERQOZ,1.0
UFARUP,YELYOE,1.0
UFARUP,XETHIO,0.8999999761581421
UFEFIX,ZASTUK,0.5099999904632568
UFEFIX,ZASVEW,0.5099999904632568
UFENAW,YEMGIH,0.8999999761581421
UFETAB,UFETAB01,1.0
UFETAB,WUDQIW,0.8999999761581421
UFETAB01,WUDQIW,0.8999999761581421
UFEVEH,UFEVIL,1.0
UFEWIO,UFEWOU,1.0
UFEWIO,VOTHOD,0.5478260517120361
UFEWOU,VOTHOD,0.5478260517120361
UFEWOU,VAXHOR01,0.5249999761581421
UFIHUP,UFIKIG,1.0
UFIHUP,UFIKOM,1.0
UFIJIE,UFIJUQ,0.8999999761581421
UFIJIE,UFIKAX,0.8999999761581421
UFIJIE,VERKIP,0.2800000011920929
UFIJOK,UFIJUQ,1.0
UFIJOK,UFIKAX01,0.8999999761581421
UFIJUQ,UFIKAX01,0.8999999761581421
UFIJUQ,UFIKAX,0.8999999761581421
UFIKAX,UFIKAX01,1.0
UFIKIG,UFIKOM,1.0
UFIREI,UFIRIM,0.8999999761581421
UFIREI,UYAPOA,0.7749999761581421
UFIROR,WIDQEG,1.0
UFIRUX,VIFPUY03,1.0
UFIRUX,VACFOV01,1.0
UFIRUX,VACFOV,1.0
UFIRUX,VIFPUY,1.0
UFIRUX,VIFPUY01,1.0
UFIRUX,VIFPUY02,1.0
UFIRUX,VIFPUY04,1.0
UFIRUX,VIFPUY05,1.0
UFIYIR,VIFPUY03,1.0
UFIYIR,VACFOV01,1.0
UFIYIR,VACFOV,1.0
UFOBAV,UFOBEZ01,1.0
UFOBAV,UFOBEZ,1.0
UFOBAV,VERPUF,0.8999999761581421
UFOBAV,VERQOA,0.8999999761581421
UFOBAV,WUJKUI,0.8999999761581421
UFOBEZ,UFOBEZ01,1.0
UFOBEZ,VERPUF,0.8999999761581421
UFOBEZ,VERQOA,0.8999999761581421
UFOBEZ01,VERQOA,0.8999999761581421
UFOFUT,YOZYOD,1.0
UFOFUT,YOZYUJ,1.0
UFOSAM,UVEVEX,0.8999999761581421
UFOSAM,UVETUL,0.8999999761581421
UFOZIB,UFOZOH,0.8999999761581421
UFUKUB01,UFUKUB03,1.0
UFUKUB01,UFUKUB02,1.0
UFUKUB02,UFUKUB03,1.0
UFUKUB02,VAFCAH,0.8999999761581421
UFUKUB02,VAFCAH01,0.8999999761581421
UFUKUB02,XADGUG,0.8999999761581421
UFUMUD,VOJPUG01,1.0
UFUMUD01,VOJPUG01,1.0
UFUMUD02,VOJPUG01,1.0
UFUNAK,VOJPUG01,1.0
UFUNIS,VOJPUG01,1.0
UFUQUH,UFURAO,0.8999999761581421
UFUROF,YIYHAQ,0.8999999761581421
UFUROF,VAKDOD,0.8999999761581421
UFUROF,YUKCAJ,0.5950000286102295
UGANIB,WOBFOK,1.0
UGANIB,VATXEU,0.8999999761581421
UGEPEB,VOJPUG01,1.0
UGEPEB01,VOJPUG01,1.0
UGIGEY,VEMXAP,0.6461538672447205
UGIXOZ,ZAFWUB,0.8999999761581421
UGOCAW,XIYDAN,1.0
UGOCAW,XIYCUG,1.0
UGOCEA,UTEWUM,0.6333333253860474
UGOXIX01,ZANQOW,0.8999999761581421
UGOXUJ,UGOYAQ,0.8999999761581421
UGOXUJ,UGOYEU,0.8999999761581421
UGOXUJ,UGOYIY,0.6075000166893005
UGOYAQ,UGOYEU,0.8999999761581421
UGOYAQ,UGOYIY,0.6075000166893005
UGOYEU,UGOYIY,0.6075000166893005
UGOYIY,XASHAA,0.6351351737976074
UGUGUZ,UGUHEK,0.8999999761581421
UGUKEN,UGUKIR,1.0
UGUKIR,YOTQIJ,0.8999999761581421
UGUKUD,XOJXEA,1.0
UGUKUD,XOJWID,1.0
UGUKUD,XIDCIZ,0.665217399597168
UGUKUD,XOJWOJ,1.0
UGUKUD,XOJXAW,1.0
UGUKUD,XOJXIE,1.0
UGUNOZ,VOZHEX,0.8999999761581421
UGUNOZ,XOQDAJ,0.690625011920929
UGUQOC,XIRHOW,1.0
UGUQOC,VAGTUU,0.6499999761581421
UGUXAV,YAWZUS,1.0
UGUXAV,UGUXUP,1.0
UGUXAV,UGUXUP01,1.0
UGUXAV,UGUXUP02,1.0
UGUXUP,YAWZUS,1.0
UGUXUP,UGUXUP01,1.0
UGUXUP,UGUXUP02,1.0
UGUXUP01,YAWZUS,1.0
UGUXUP01,WURNAY,0.5153846144676208
UGUXUP02,YAWZUS,1.0
UGUXUP02,WURNAY,0.5153846144676208
UHASED,UHATAA,0.8999999761581421
UHASED,VUNCIR,0.8999999761581421
UHASED,VUNCUD,0.8999999761581421
UHATAA,VUNCIR,0.8999999761581421
UHATAA,XEZXUW,0.2657894790172577
UHAXOS,ZEKKOR,0.8999999761581421
UHAXOS,WIHCUM,0.44999998807907104
UHISOU,UHISUA,1.0
UHIZUI,ZUYLOW,0.4521738886833191
UHOKIL,YIQBEF,0.8999999761581421
UHOKIL,UHOKOR,0.8999999761581421
UHOKOR,YIQBEF,0.8999999761581421
UHOKOR,YIQBEF01,0.8999999761581421
UHUNEQ,XEVMUG01,0.8999999761581421
UHUQAQ,UHUQAQ01,1.0
UJAQAY,UJAQEC,0.8999999761581421
UJAQAY,UJATIJ,0.8999999761581421
UJAQAY,UVUGEZ,0.6586206555366516
UJAQEC,UJATIJ,0.8999999761581421
UJAQEC,UJATEF,0.8999999761581421
UJAQEC,UVUDIA,0.6586206555366516
UJAQIG,UJATEF,0.8999999761581421
UJAQIG,UJATIJ,0.8999999761581421
UJAQOM,UJATOP,0.8999999761581421
UJAQOM,UJARED,0.8999999761581421
UJAQUS,UJATOP,0.8999999761581421
UJAQUS,UVUGAV,0.8199999928474426
UJARAZ,UJATOP,0.8999999761581421
UJARAZ,UJARED,0.8999999761581421
UJATEF,UJATIJ,0.8999999761581421
UJEFOE,UJEFOE01,1.0
UJEFOE,YICGUP,0.8999999761581421
UJEFOE,ZUDFAH,0.8999999761581421
UJEFOE01,YICGUP,0.8999999761581421
UJEFOE01,ZUDFAH,0.8999999761581421
UJUPUM,UQOWUU,0.8999999761581421
UJUXOM,WEJWAL,0.20000000298023224
UKACIU,WAQQUB,0.36249998211860657
UKAKEY,UKAKOI,1.0
UKAKEY,UKAKUO,0.683783769607544
UKAKIC,UKAKUO,0.8054054379463196
UKAKIC,UKAKOI,0.6538462042808533
UKAKOI,UKAKUO,0.683783769607544
UKAKUO,UKALUP,0.6594594717025757
UKAKUO,XAYLER,0.64000004529953
UKALAV,UKALEZ,0.8999999761581421
UKALAV,VEWDAF,0.7749999761581421
UKALAV,UKALID,0.7545455098152161
UKALEZ,UKALOJ,0.7545455098152161
UKALID,UKALOJ,0.8999999761581421
UKALID,UKALUP,0.8363636136054993
UKALOJ,UKALUP,0.7363635897636414
UKAPUS,WUSLED,0.8999999761581421
UKAQAZ,UKAQED,0.8999999761581421
UKAQED,ZIGQEO,1.0
UKAQED,ZIGQAK,1.0
UKAQED,ZIGQIS,1.0
UKEVIQ,WAGKIB,0.47999998927116394
UKEVIR,WURNOO,0.5909091234207153
UKIBUN,WUPVAG,1.0
UKOLOV,VIKBUP,0.686956524848938
UKOLOV,VAXKIR,0.686956524848938
UKOLUD,YOZYUJ,0.647826075553894
UKOYID,VEMHOL,1.0
UKOYOJ,UKOYUP,1.0
UKOYOJ,WEKXEQ,0.8999999761581421
UKOYOJ,WAVJIP,0.5178571343421936
UKOYOJ,XISBUX,0.6749999523162842
UKOYUP,WEKXEQ,0.8999999761581421
UKOYUP,WAVJIP,0.5178571343421936
UKOYUP,XISBUX,0.6749999523162842
UKOZOK,YUDDUX,0.8999999761581421
UKOZOL,VAXTEV,0.8999999761581421
ULAPUU,ULAQAB,0.8999999761581421
ULAPUU,ULAQEF,0.8999999761581421
ULAQAB,ULAQEF,0.8999999761581421
ULAXUB,ULAZAJ,0.8999999761581421
ULEHEA,UZATAR,0.8999999761581421
ULEHEA,XIRHOW,0.8999999761581421
ULISOZ,XASNUD,1.0
ULISOZ,XASPEP,1.0
ULUPOI01,ULUQAV,0.8999999761581421
ULUPOI01,ULUQEZ,0.8999999761581421
ULUPUM,ULUPUM01,1.0
ULUQAV,ULUQEZ,0.8999999761581421
ULUVUT,USUBUG,1.0
ULUVUT,ZUDWUS,0.8999999761581421
ULUVUT,ZUDXAZ,0.8999999761581421
UMAQAC,WEBKIX,1.0
UMAQAC,WEBKOD,1.0
UMAQAC,WEBLAQ,1.0
UMAROR,XIHXET,0.8999999761581421
UMELUU,UMORIY,1.0
UMELUU,UMEMAB,1.0
UMELUU,YUJNIB,0.8999999761581421
UMELUU,YUJNOH,0.8999999761581421
UMEMAB,UMORIY,1.0
UMEXUF,XIRHOW,1.0
UMEXUF01,XIRHOW,1.0
UMIZIB,XADDAJ,0.9142857193946838
UMIZIB,XADDAJ01,0.9142857193946838
UMOBEF,UMOBEF08,1.0
UMOBEF,UMOVEZ,1.0
UMOBEF,UMOBEF03,1.0
UMOBEF01,UMOBEF08,1.0
UMOBEF01,UMOVEZ,1.0
UMOBEF01,UMOBEF03,1.0
UMOBEF02,UMOBEF08,1.0
UMOBEF02,UMOVEZ,1.0
UMOBEF02,UMOBEF03,1.0
UMOBEF02,UMOBEF04,1.0
UMOBEF02,UMOBEF05,1.0
UMOBEF02,UMOBEF06,1.0
UMOBEF02,UMOBEF07,1.0
UMOBEF02,UMOBEF09,1.0
UMOBEF02,UMOVEZ01,1.0
UMOBEF02,UMOVEZ02,1.0
UMOBEF02,UMOVEZ03,1.0
UMOBEF02,UMOVEZ04,1.0
UMOBEF02,UMOVEZ05,1.0
UMOBEF02,UMOVID,1.0
UMOBEF02,UMOVOJ,1.0
UMOBEF03,UMOBEF08,1.0
UMOBEF03,UMOVEZ,1.0
UMOBEF04,UMOBEF08,1.0
UMOBEF04,UMOVEZ,1.0
UMOBEF05,UMOBEF08,1.0
UMOBEF05,UMOVEZ,1.0
UMOBEF06,UMOBEF08,1.0
UMOBEF06,UMOVEZ,1.0
UMOBEF07,UMOBEF08,1.0
UMOBEF07,UMOVEZ,1.0
UMOBEF07,UMOBEF09,1.0
UMOBEF07,UMOVEZ01,1.0
UMOBEF07,UMOVEZ02,1.0
UMOBEF07,UMOVEZ03,1.0
UMOBEF07,UMOVEZ04,1.0
UMOBEF07,UMOVEZ05,1.0
UMOBEF07,UMOVID,1.0
UMOBEF07,UMOVOJ,1.0
UMOBEF08,UMOVEZ,1.0
UMOBEF09,UMOVEZ,1.0
UMOBEF09,UMOVEZ01,1.0
UMOBEF09,UMOVEZ02,1.0
UMOBEF09,UMOVEZ03,1.0
UMOBEF09,UMOVEZ04,1.0
UMOBEF09,UMOVEZ05,1.0
UMOBEF09,UMOVID,1.0
UMOBEF09,UMOVOJ,1.0
UMODEH,UMODEH11,1.0
UMODEH,UMODEH10,1.0
UMODEH,UMODEH15,1.0
UMODEH01,UMODEH11,1.0
UMODEH01,UMODEH10,1.0
UMODEH01,UMODEH15,1.0
UMODEH02,UMODEH11,1.0
UMODEH02,UMODEH10,1.0
UMODEH02,UMODEH15,1.0
UMODEH03,UMODEH11,1.0
UMODEH03,UMODEH10,1.0
UMODEH03,UMODEH15,1.0
UMODEH04,UMODEH11,1.0
UMODEH04,UMODEH10,1.0
UMODEH04,UMODEH15,1.0
UMODEH05,UMODEH11,1.0
UMODEH05,UMODEH10,1.0
UMODEH05,UMODEH15,1.0
UMODEH06,UMODEH11,1.0
UMODEH06,UMODEH10,1.0
UMODEH06,UMODEH15,1.0
UMODEH07,UMODEH11,1.0
UMODEH07,UMODEH10,1.0
UMODEH07,UMODEH15,1.0
UMODEH08,UMODEH11,1.0
UMODEH08,UMODEH10,1.0
UMODEH08,UMODEH15,1.0
UMODEH08,UMOZUT,1.0
UMODEH08,UMUBAH,1.0
UMODEH08,UMUBEL,1.0
UMODEH08,UMUBIP,1.0
UMODEH08,UMUBOV,1.0
UMODEH09,UMODEH11,1.0
UMODEH09,UMODEH10,1.0
UMODEH09,UMODEH15,1.0
UMODEH09,UMODEH12,1.0
UMODEH09,UMODEH13,1.0
UMODEH09,UMODEH14,1.0
UMODEH09,UMODEH16,1.0
UMODEH09,UMODEH17,1.0
UMODEH09,UMODEH18,1.0
UMODEH09,UMODEH19,1.0
UMODEH09,UMODEH20,1.0
UMODEH09,UMODEH21,1.0
UMODEH09,UMODEH22,1.0
UMODEH09,UMODEH23,1.0
UMODEH09,UMODEH24,1.0
UMODEH09,UMODEH25,1.0
UMODEH10,UMODEH11,1.0
UMODEH10,UMODEH15,1.0
UMODEH10,UMODEH12,1.0
UMODEH10,UMODEH13,1.0
UMODEH10,UMODEH14,1.0
UMODEH10,UMODEH16,1.0
UMODEH10,UMODEH17,1.0
UMODEH10,UMODEH18,1.0
UMODEH10,UMODEH19,1.0
UMODEH10,UMODEH20,1.0
UMODEH10,UMODEH21,1.0
UMODEH10,UMODEH22,1.0
UMODEH10,UMODEH23,1.0
UMODEH10,UMODEH24,1.0
UMODEH10,UMODEH25,1.0
UMODEH10,UMOZUT,1.0
UMODEH10,UMUBAH,1.0
UMODEH10,UMUBEL,1.0
UMODEH10,UMUBIP,1.0
UMODEH10,UMUBOV,1.0
UMODEH11,UMODEH15,1.0
UMODEH12,UMODEH15,1.0
UMODEH13,UMODEH15,1.0
UMODEH14,UMODEH15,1.0
UMODEH14,UMODEH16,1.0
UMODEH14,UMODEH17,1.0
UMODEH14,UMODEH18,1.0
UMODEH14,UMODEH19,1.0
UMODEH14,UMODEH20,1.0
UMODEH14,UMODEH21,1.0
UMODEH14,UMODEH22,1.0
UMODEH14,UMODEH23,1.0
UMODEH14,UMODEH24,1.0
UMODEH14,UMODEH25,1.0
UMODEH14,UMOZUT,1.0
UMODEH14,UMUBAH,1.0
UMODEH14,UMUBEL,1.0
UMODEH14,UMUBIP,1.0
UMODEH14,UMUBOV,1.0
UMOVEZ03,UMOYOM17,0.6657143235206604
UMOVOJ,UMOYOM06,0.7088235020637512
UMOVOJ,UMOYOM07,0.7088235020637512
UMOYOM06,UMOYOM07,1.0
UMOYOM06,UMOYOM17,0.7428571581840515
UMOYOM07,UMOYOM17,0.7428571581840515
UMUSUS,UMUTED,1.0
UMUTOM,YIKGEF,0.8999999761581421
UMUXAC,WUZDOL,1.0
UNABUH,UWELIS,0.8999999761581421
UNACES,UWELIS,0.8999999761581421
UNADIX,XIRHOW,1.0
UNAGOH,XASNUD,1.0
UNAGOH,XASPEP,1.0
UNAGUN,XASNUD,1.0
UNAGUN,XASPEP,1.0
UNEBIZ,WOLYON,0.43529412150382996
UNEJEE,VEPQEP,0.8181818127632141
UNINEM,UNINUC,1.0
UNINIQ,UNINUC,1.0
UNINOW,UNINUC,1.0
UNINOW,UNINUC01,1.0
UNINOW,UNIPAK,1.0
UNINOW,UNIPOY,1.0
UNINOW,UNIPUE,1.0
UNIROZ,UNISIU,1.0
UNIROZ,UNISEQ01,1.0
UNIROZ,UNIRUF,1.0
UNIROZ,UNIRUF01,1.0
UNIROZ,UNIRUF02,1.0
UNIROZ,UNIRUF03,1.0
UNIROZ,UNIRUF04,1.0
UNIROZ,UNIRUF05,1.0
UNIROZ,UNIRUF06,1.0
UNIROZ,UNIRUF07,1.0
UNIROZ,UNIRUF08,1.0
UNIROZ,UNIRUF09,1.0
UNIROZ,UNIRUF10,1.0
UNIROZ,UNIRUF11,1.0
UNIROZ,UNIRUF12,1.0
UNIROZ,UNIRUF13,1.0
UNIROZ,UNIRUF14,1.0
UNIROZ,UNIRUF15,1.0
UNIROZ,UNISEQ,1.0
UNIROZ,UNISEQ02,1.0
UNIROZ,UNISIU01,1.0
UNIRUF,UNISIU,1.0
UNIRUF,UNISEQ01,1.0
UNIRUF01,UNISIU,1.0
UNIRUF01,UNISEQ01,1.0
UNIRUF02,UNISIU,1.0
UNIRUF02,UNISEQ01,1.0
UNIRUF02,XEMDEA,0.8999999761581421
UNIRUF03,UNISIU,1.0
UNIRUF03,UNISEQ01,1.0
UNIRUF04,UNISIU,1.0
UNIRUF04,UNISEQ01,1.0
UNIRUF04,XEMDEA,0.8999999761581421
UNIRUF05,UNISIU,1.0
UNIRUF05,UNISEQ01,1.0
UNIRUF06,UNISIU,1.0
UNIRUF06,UNISEQ01,1.0
UNIRUF07,UNISIU,1.0
UNIRUF07,UNISEQ01,1.0
UNIRUF07,XIFXUG,0.8999999761581421
UNIRUF08,UNISIU,1.0
UNIRUF08,UNISEQ01,1.0
UNIRUF09,UNISIU,1.0
UNIRUF09,UNISEQ01,1.0
UNIRUF10,UNISIU,1.0
UNIRUF10,UNISEQ01,1.0
UNIRUF11,UNISIU,1.0
UNIRUF11,UNISEQ01,1.0
UNIRUF12,UNISIU,1.0
UNIRUF12,UNISEQ01,1.0
UNIRUF13,UNISIU,1.0
UNIRUF13,UNISEQ01,1.0
UNIRUF14,UNISIU,1.0
UNIRUF14,UNISEQ01,1.0
UNIRUF15,UNISIU,1.0
UNIRUF15,UNISEQ01,1.0
UNISEQ,UNISIU,1.0
UNISEQ,UNISEQ01,1.0
UNISEQ,UNISEQ02,1.0
UNISEQ,UNISIU01,1.0
UNISEQ01,UNISIU,1.0
UNISEQ02,UNISIU,1.0
UNISEQ02,UNISIU01,1.0
UNISUH,UNIWEV,0.8999999761581421
UNISUH,UNITES,0.8999999761581421
UNITES,UNIWEV,0.8999999761581421
UNITES,WUMDOZ,0.7839999794960022
UNIWEV,XOJXEA,0.7826086282730103
UNOGOU,VUYCAU,0.6187499761581421
UNUNEY,XIXCIT,0.8999999761581421
UNUNEY,XAJQAC,0.8999999761581421
UPEMUZ,WUFHIQ,0.8999999761581421
UPIXUN,UPIXUN01,1.0
UPIXUN,UPIXUN02,1.0
UPIXUN,UPIXUN03,1.0
UPIXUN,VELVEO,0.8999999761581421
UPIXUN01,UPIXUN02,1.0
UPIXUN01,UPIXUN03,1.0
UPIXUN01,VELVEO,0.8999999761581421
UPIXUN03,VELVEO,0.8999999761581421
UPIZOJ,VAWCED,0.8999999761581421
UPOSIC,UPOSOI,1.0
UPOSIC,UPOSUO,0.8999999761581421
UPOSOI,UPOSUO,0.8999999761581421
UPOVOL,VIVLAP,0.8999999761581421
UPUJEW,UPUJIA,1.0
UQAXAN,WADDUD,0.8999999761581421
UQEFED,VODQUB,0.8999999761581421
UQERIT,XULDOZ,0.8608695268630981
UQETOB,YAVWUQ,1.0
UQIWIC,VURQIJ,1.0
UQIWIC,WOBNOS,1.0
UQOLUJ,UQOLUJ01,1.0
UQOSOJ,WIWJIW,0.6657143235206604
UQOWUU,VEWHOV,1.0
UQUHAQ,UXOWIO,0.8999999761581421
UQUTUX,UQUTUX01,1.0
UQUTUX,VETTUK,0.3482758700847626
UREVIY,WUZKUY,1.0
URIWOJ,ZAKWOA,0.3930232524871826
URUFOE,XAPMUY,0.8999999761581421
URUFOE,XALDAS,0.8999999761581421
URURUW,ZAYMAP,0.8999999761581421
URUWAH,URUWEL,1.0
URUWAH,URUWIP,1.0
URUWEL,URUWIP,1.0
URUYOX,WELTUD,1.0
URUYOX,URUZAK,1.0
URUYOX,URUZIS,1.0
URUYUD,WELTUD,1.0
URUYUD,URUZAK,1.0
URUYUD,URUZIS,1.0
URUYUD,URUZEO,1.0
URUZAK,WELTUD,1.0
URUZAK,URUZIS,1.0
URUZEO,WELTUD,1.0
URUZEO,URUZIS,1.0
URUZIS,WELTUD,1.0
URXDAC10,ZUVTEP,0.8999999761581421
USAHAZ,WORKUL,1.0
USAHAZ,XAPFOM,0.8999999761581421
USAYOE,XAMGUQ,1.0
USAYOE,WUHMUJ,1.0
USAYOE,ZEFRIN,0.8999999761581421
USEBEA,VENFEC,0.7545455098152161
USEBEA,XIFPAF,0.6545454859733582
USEVOF,XEDMEB,1.0
USEVOF,WANJIF,1.0
USICAB,USICAB02,1.0
USICAB02,USICEF,0.8999999761581421
UTADOK,XOKKIS,1.0
UTEDEE,XARPAK,0.48918917775154114
UTEFOP,XOFPEP,0.8999999761581421
UTEFOP,XOFPEP01,0.8999999761581421
UTELIQ,UTELOW,1.0
UTELIQ,UTEMAJ,1.0
UTELIQ,UTELUC,1.0
UTELIQ,WAQZEW,0.8999999761581421
UTELOW,UTEMAJ,1.0
UTELOW,UTELUC,1.0
UTELUC,UTEMAJ,1.0
UTELUC,ZAXSAV,0.8999999761581421
UTEWOG,UTEXIB,0.8999999761581421
UTEWOG,UTEWUM,0.8999999761581421
UTEWOG,UTEXAT,0.8999999761581421
UTEWUM,UTEXAT,0.8999999761581421
UTEXAT,UTEXIB,0.8999999761581421
UTEXEX,YATDUV,0.5344827771186829
UTEZOK,UTIBIK,0.8999999761581421
UTEZOK,YOGZUP,0.42499998211860657
UTIBIK,YOGZUP,0.42499998211860657
UTOCAJ,UTOCEN,0.331428587436676
UTOCAJ,VIXNIB,0.3078947365283966
UTONAT,UTONEX,1.0
UTONAT,VOYWUB,0.8999999761581421
UTONEX,VOYWUB,0.8999999761581421
UVAHIK,WIZMAV08,1.0
UVAHIK,WIZMAV10,1.0
UVAHIK,WIZMAV,1.0
UVANUC,UVAPAK,0.550000011920929
UVANUC,VOTHOD,0.5344827771186829
UVAPAK,VOTHOD,0.5666666626930237
UVARIT,WOJZOK,1.0
UVARIT,WOJZOK01,1.0
UVARIT,UVAROZ,1.0
UVARIT,UVARUF,1.0
UVARIT,UVASAM,1.0
UVARIT,UVASAM01,1.0
UVAROZ,WOJZOK,1.0
UVAROZ,WOJZOK01,1.0
UVARUF,WOJZOK,1.0
UVARUF,WOJZOK01,1.0
UVASAM,WOJZOK,1.0
UVASAM,WOJZOK01,1.0
UVASAM,WIXJIW,0.690625011920929
UVASAM,WIXJIW01,0.690625011920929
UVASAM01,WOJZOK,1.0
UVASAM01,WOJZOK01,1.0
UVEBII,WEHSEK,0.30000001192092896
UVELIR,ZZZDZA02,1.0
UVELIR,UVELIR01,1.0
UVELIR,UVELUD,1.0
UVELIR,YUBTUM,0.8999999761581421
UVELIR,ZZZDZA01,1.0
UVELIR01,ZZZDZA02,1.0
UVELIR01,ZZZDZA01,1.0
UVELUD,ZZZDZA02,1.0
UVEPOB,VUHGAH,1.0
UVETUL,UVEVEX,1.0
UVETUL,UVEVAT,1.0
UVEVAT,UVEVEX,1.0
UVEVUN,VUJBIM,0.7839999794960022
UVEXAV,YICVEL,0.8999999761581421
UVIKIU,UVIKOA,1.0
UVIKOA,YUWKIL,0.8999999761581421
UVINIX,XEDPON,0.4000000059604645
UVOTOQ,ZEHJEE,0.692307710647583
UVUCEV,UVUFAU,0.8999999761581421
UVUCEV,UVUDUM,0.8999999761581421
UVUCEV,UVUDEW,0.7428571581840515
UVUCEV,UVUDIA,0.6700000166893005
UVUCIZ,UVUDEW,1.0
UVUCOF,UVUDOG,0.7428571581840515
UVUDAS,UVUDOG,1.0
UVUDAS,UVUFOI,0.8999999761581421
UVUDAS,UVUFIC,0.8999999761581421
UVUDIA,UVUFUO,0.8999999761581421
UVUDOG,UVUFOI,0.8999999761581421
UVUDOG,UVUFIC,0.8999999761581421
UVUDUM,UVUFAU,1.0
UVUFAU,UVUFUO,0.6700000166893005
UVUFIC,UVUFOI,0.8999999761581421
UVUFIC,UVUGEZ,0.6343750357627869
UVUFOI,UVUGAV,0.8333333134651184
UVUFUN,WEDZOW,0.534375011920929
UVUFUN,XICJIF,0.5384615659713745
UVUMEF,VOTNAV,0.8999999761581421
UWAFOO,UWAGAB04,1.0
UWAFOO,UWAGAB05,1.0
UWAFUU,UWAGAB04,1.0
UWAFUU,UWAGAB05,1.0
UWAGAB,UWAGAB04,1.0
UWAGAB,UWAGAB05,1.0
UWAGAB01,UWAGAB04,1.0
UWAGAB01,UWAGAB05,1.0
UWAGAB02,UWAGAB04,1.0
UWAGAB02,UWAGAB05,1.0
UWAGAB02,XAFFIV,0.8999999761581421
UWAGAB03,UWAGAB04,1.0
UWAGAB03,UWAGAB05,1.0
UWAGAB03,UWAGAB06,1.0
UWAGAB03,VAGMAT,1.0
UWAGAB03,VAGMEX,1.0
UWAGAB03,WIMLIQ,0.6625000238418579
UWAGAB04,UWAGAB05,1.0
UWAGAB04,UWAGAB06,1.0
UWAGAB04,VAGMAT,1.0
UWAGAB04,VAGMEX,1.0
UWAGAB04,WIMLIQ,0.6625000238418579
UWAGAB04,XAFFAN,1.0
UWAGAB04,XAFFER,1.0
UWAGAB05,XIVBAI,0.8999999761581421
UWAGAB06,VACLAP,0.8999999761581421
UWALEL,WEJPOT,1.0
UWALEL,XOFGAC,0.8999999761581421
UWOWAF,WUHCEJ,0.8999999761581421
UWUKII,WAQTEQ,0.8999999761581421
UXABOL,UXACAY,1.0
UXABUR,UXACEC,1.0
UXABUR,UXACAY,0.8999999761581421
UXABUR,YURCOF,0.8999999761581421
UXACEC,YURDAS,0.8999999761581421
UXAXEY,VODQUB,1.0
UXOHOG,YAGHUM,0.7230769395828247
UXOHOG,YUGLES,0.7230769395828247
UXOWOU,YUPBIU,0.8999999761581421
UXOWOU,ZEBHOG,0.8999999761581421
UXUWOB,UXUYOD,1.0
UXUWUH,WAPYOD,0.8999999761581421
UXUWUH,YINROF,0.8999999761581421
UXUWUH,WAPZEU,0.8999999761581421
UYAKIQ,WODVOB,0.3400000035762787
UYAPOA,WOSZEL,1.0
UYAPOA,VOLQUJ,1.0
UYAPOA,ZODPUF,0.7000000476837158
UYAQAN,UYAQER,0.8999999761581421
UYAQAN,WOBMIL03,0.8499999642372131
UYAQER,WOBMIL03,0.8499999642372131
UYAQER,WOBMIL02,0.8499999642372131
UYEBIL,UYECIM,0.8999999761581421
UYEBOR,UYEBUX,0.8999999761581421
UYEBOR,UYECAE,0.8999999761581421
UYEBUX,UYECAE,0.8999999761581421
UYEBUX,YUWDIF,0.8999999761581421
UYECAE,XOVFOF,0.8999999761581421
UYECAE,YUWDIF,0.8999999761581421
UYECAE,ZIQDEL,0.6108108162879944
UYECIM,ZEZHUK,0.8999999761581421
UYEWIG02,WELKOQ,0.6000000238418579
UYICIQ,UYICOW,0.6142857670783997
UYIXIK,VEYTID,0.41999998688697815
UYIXIK,XECJAQ,0.37894734740257263
UYOFIY,WEMCUO,1.0
UYOFIY,WEMCEY,0.8999999761581421
UYOGOF,WONBAD,1.0
UYOHUM,ZULXEL,1.0
UYOHUM,XUYDIF,0.5736842155456543
UYURUC,XECJUK,0.3482758700847626
UYURUC,XECJUK01,0.3482758700847626
UYURUC,XELVAO,0.34324324131011963
UYUSAJ,WARJAC,0.5192307233810425
UZATAR,VIDXOX,1.0
UZAVAT,VALXEL,0.8999999761581421
UZEWOM,VELVOY,1.0
UZEWOM,XIZCUG,1.0
UZEWUS,VELVOY,1.0
UZEWUS,XIZCUG,1.0
UZIHUI,YOSLIB02,0.44999998807907104
UZIHUI,YOSLIB03,0.44999998807907104
UZIJUJ,WIQVAV,0.8999999761581421
UZIJUJ,WIQTUN,0.8999999761581421
UZIZOU,YAQDIF,0.8999999761581421
UZIZUA,XEZRAY,0.8999999761581421
UZIZUA,XEZQUR,0.8999999761581421
UZIZUA,UZOBIW,0.8999999761581421
UZOBAO,YAQDIF,0.8999999761581421
UZOFOF,ZEKKUX,0.8999999761581421
UZOFOF,YOWPIK,0.8999999761581421
UZUSEO,YAYPIZ,1.0
UZUSEO,WIVKIX,1.0
VABJIS,VABKEP,1.0
VABJIS,VABJUE,1.0
VABJIS,VABLIU,0.6727272868156433
VABJIS,XIHCIB,0.3499999940395355
VABJUE,VABKEP,1.0
VABJUE,VABLIU,0.6727272868156433
VABJUE,XIHCIB,0.3499999940395355
VABKEP,VABLIU,0.6727272868156433
VABLIU,VABLUG,1.0
VABLIU,VABMER,1.0
VABLUG,VABMER,1.0
VABREY,XEKDOI,0.5736842155456543
VACFOV,VIFPUY02,1.0
VACFOV,VIFPUY01,1.0
VACFOV,VIFPUY05,1.0
VACFOV01,VIFPUY02,1.0
VACFOV01,VIFPUY01,1.0
VACFOV01,VIFPUY05,1.0
VACFUB,VACFUB01,1.0
VACKUI,XAFFIV,1.0
VACKUI,XAFFAN,0.8999999761581421
VACLAP,XIVBAI,1.0
VAFCAH,XADGUG,1.0
VAFCAH,VAFCAH01,1.0
VAFCAH01,XADGUG,1.0
VAFCAH01,YUPSEI,0.8999999761581421
VAGJAP,XAJZAK,0.5736842155456543
VAGMEX,XIVBAI,0.8999999761581421
VAGTAA,YUFLIW,1.0
VAGTAA,VAGTAA01,1.0
VAGTAA,VAGTAA02,1.0
VAGTAA,VOGTER,1.0
VAGTAA,VOGTIV,1.0
VAGTAA01,YUFLIW,1.0
VAGTAA02,YUFLIW,1.0
VAGVAC,YAXBOP,1.0
VAGVAC,YAXBUV02,1.0
VAHTOQ,VAHTUW,0.8999999761581421
VAHTOQ,XEQRAO,0.8608695268630981
VAHTUW,XEQRAO,0.8608695268630981
VAHTUW,ZINYUT,0.8608695268630981
VAHWIM,VAHWOS,1.0
VAHWIM,VAHWOS02,1.0
VAHWIM,VAHWOS01,1.0
VAHWIM,VEMMAC,1.0
VAHWIM,VEMMIK,0.8999999761581421
VAHWOS,VAHWOS02,1.0
VAHWOS,VAHWOS01,1.0
VAHWOS,VIJYUL,0.731249988079071
VAHWOS,ZIWQII,0.7548386454582214
VAHWOS01,VAHWOS02,1.0
VAHWOS01,VEMMAC,1.0
VAHWOS01,VEMMIK,0.8999999761581421
VAHWOS02,VEMMAC,1.0
VAHWOS02,VEMMIK,0.8999999761581421
VAHWOS02,WOLRIZ,0.7548386454582214
VAHWOS02,WOLROF,0.7548386454582214
VAHYOU,WUXCAU,0.5935484170913696
VAHYOU,WUXCEY,0.5935484170913696
VAJNAW,XALDAS,1.0
VAKBIU,YORSOP,0.2857142984867096
VAKDIX,VAKHIB,0.8999999761581421
VAKDIX,VAKDOD,0.8999999761581421
VAKDIX,YIYHAQ,0.8999999761581421
VAKREG,VEGMIE,1.0
VAKRIK,VEGMIE,1.0
VALGAT,XUGQIB,0.8999999761581421
VALGAT,VEDQED,0.8999999761581421
VALVAI,VUDQOB,1.0
VALWOX,VIBLAW,0.8999999761581421
VALWUD,WANNEH,1.0
VALWUD,WANNIL,1.0
VALWUD,VALXEO,0.8999999761581421
VALXAK,VALXOY,1.0
VALXAK,VEYRAU,0.8999999761581421
VALXIS,VIXWEF,1.0
VALXIS,VALXOY,0.8999999761581421
VALXOY,VEYRAU,0.8999999761581421
VAMPOR,VAMQIM,1.0
VAMPOR,VAMQEI,1.0
VAMPUX,VAMQIM,1.0
VAMPUX,VAMQEI,1.0
VAMPUX,VAMQOS,1.0
VAMPUX,VAMQUY,1.0
VAMPUX,VAMRAF,1.0
VAMPUX,WIZDAL,1.0
VAMQEI,VAMQIM,1.0
VAMQEI,VAMQOS,1.0
VAMQEI,VAMQUY,1.0
VAMQEI,VAMRAF,1.0
VAMQIM,WIZDAL,1.0
VAMQUY,WIZDAL,1.0
VAMWAI,WOQJIW04,1.0
VAMWAI,WOQJIW03,1.0
VAMWEM,WOQJES03,1.0
VAMWEM,WOQJES04,1.0
VAMWEM,ZAZTOM,0.8999999761581421
VANHEA,YEMSIV,0.8999999761581421
VANHEA,YEMSOB,0.8999999761581421
VANHEA,YEMRIU,0.8999999761581421
VANHEA,YEMROA,0.8999999761581421
VANHEA,YEMRUG,0.8999999761581421
VANNEG,VANNIK,1.0
VANNEG,XISXEE,0.8999999761581421
VANNIK,XISXEE,0.8999999761581421
VAPBAR,VAPBEV,1.0
VAPBAR,VAPBIZ,1.0
VAPBEV,VAPBIZ,1.0
VAQLAC,VAQLEG,1.0
VAQLAC,VAQLIK,0.8999999761581421
VAQLEG,VAQLIK,0.8999999761581421
VAQLIK,ZAWHIQ,0.79677414894104
VAQRUC,ZAYMAP,0.8999999761581421
VARWES,VEQBID,0.8999999761581421
VARWES,VARWUI,0.8999999761581421
VARWES,VARWIW,0.8999999761581421
VARWIW,VARWOC,0.8999999761581421
VARWIW,VARWUI,0.8999999761581421
VARWIW,VEQBID,0.8999999761581421
VARWOC,VARWUI,0.8999999761581421
VARWOC,WOQDUB,0.8999999761581421
VARWOC,VEQBID,0.8999999761581421
VARWUI,VEQBID,0.8999999761581421
VASFON,VASFUT,0.8999999761581421
VASGII,VASGUU,1.0
VASGII,VASGOO,1.0
VASGOO,VASGUU,1.0
VASYAS,VASYEW,0.8999999761581421
VATXEU,VEDRAY,1.0
VATYAR,XOTGUI,1.0
VATYAR,WEMDID,1.0
VATYEV,WEMFAX,1.0
VATYEV,VEDRAY,0.8999999761581421
VATZAS,YOMLAO,1.0
VATZAS,WADDUD,0.8999999761581421
VAWCAZ,VAWCED,1.0
VAXSUK,YINYIF,0.47647058963775635
VAXVEX,XANMUX,0.6631578803062439
VAYDEG,VAYDOQ,1.0
VAYDEG,ZEDRAD,0.8999999761581421
VAYDEG,ZEDQEG,0.8999999761581421
VAYDOQ,ZEDRAD,0.8999999761581421
VAYDOQ,ZEDQEG,0.8999999761581421
VAYDOQ,XAHFOE,0.4909090995788574
VAYDOQ,ZEDQOQ,0.8999999761581421
VAYFAE,XOGWUN,1.0
VAYFUY,ZAVREV,0.8999999761581421
VAYFUY,ZAVPUJ,0.8999999761581421
VAYFUY,ZAVQAQ,0.8999999761581421
VAYFUY,ZAVQOE,0.8999999761581421
VAZSUN,VAZTAU,1.0
VAZTOI,VAZTUO,0.8999999761581421
VEBHUG,XISVUR,0.41499999165534973
VEBHUG,XIRHOW,0.41499999165534973
VECTIH,XECVAF,0.4049999713897705
VECTIH,XECTUX,0.3103448152542114
VEDGES,YIGGEB,1.0
VEDJEW,WEQMEL,0.40645158290863037
VEDJEW,WEQMIP,0.40645158290863037
VEDQED,XUGQIB,0.8999999761581421
VEFLUP,XIHSAJ01,1.0
VEFLUP,XIHSEN01,1.0
VEFLUP,XIHSAJ,1.0
VEFLUP,XIHSEN,1.0
VEGBUG,VEGCAN,0.8999999761581421
VEGBUG,VULKET,0.8999999761581421
VEGBUG,VULKIX,0.8999999761581421
VEGCAN,VULKIX,0.8999999761581421
VEGCAN,VULKET,0.8999999761581421
VEGNAY,VEGNAY01,1.0
VEGNAY,YOLWUT,0.9052631258964539
VEGNAY,XILXOH,0.8999999761581421
VEGNAY,XILXUN,0.8999999761581421
VEGNAY01,YOLWUT,0.9052631258964539
VEGNAY01,WULYIL,0.8999999761581421
VEGNAY01,XILXOH,0.8999999761581421
VEGXIQ,XOCREP,1.0
VEGXIQ,VEGXIQ01,1.0
VEGXIQ,VEGYIR,1.0
VEGXIQ01,XOCREP,1.0
VEGXIQ01,VEGYIR,1.0
VEGXOW,XEGSOU,1.0
VEGXOW,XEGSOU01,1.0
VEGXUC,YAPXIX,0.8999999761581421
VEGYIR,XOCREP,1.0
VEHFAS,VIKBUP,1.0
VEHJOJ,XASNUD,1.0
VEHJOJ,XASPEP,1.0
VEHJUP,XASNUD,1.0
VEHJUP,XASPEP,1.0
VEHKAW,XASNUD,1.0
VEHKAW,XASPEP,1.0
VEHKEA,XASNUD,1.0
VEHKEA,XASPEP,1.0
VEHKIE,XASNUD,1.0
VEHKIE,XASPEP,1.0
VEJHEZ,VEJHID,0.8999999761581421
VEJHID,WUPMEB,0.4176470637321472
VEJPEH,VEJPIL,0.8999999761581421
VEJYEP,VEJYIT,1.0
VEJYEP,VEJYIT01,1.0
VEJYEP,VEJYOZ,1.0
VEJYEP,VEJYUF,1.0
VEJYEP,VEJYUF01,1.0
VEJYEP,VEJYUF02,1.0
VEJYEP,VEJYUF09,1.0
VEJYEP,VEJYUF10,1.0
VEJYEP,VEJYUV03,1.0
VEJYEP,VEJYUV04,1.0
VEJYEP,VEJYUV05,1.0
VEJYEP,VEJZIU,1.0
VEJYEP01,VEJYUF07,1.0
VEJYEP01,VEJYUV06,1.0
VEJYIT,XABTAY,0.8999999761581421
VEJYIT01,XABTAY,0.8999999761581421
VEJYUF07,VEJYUV06,1.0
VEJZEQ,VEJZUG,1.0
VEJZOA,VELVIS,1.0
VEJZUG,YIMBUU,0.8999999761581421
VEJZUG,YIMCAB,0.8999999761581421
VEKFOH,VENCAS,0.6600000262260437
VELVIS,XASGON,0.4333333373069763
VELVOY,YUDWAX,1.0
VELVOY,YUDWEB,1.0
VEMHOL,ZUDWUS,0.8999999761581421
VEMHOL,ZUDXAZ,0.8999999761581421
VEMMEG,VEXYON,0.5099999904632568
VEMMEG,XADCEM,0.40909090638160706
VEMMIK,WOLREV,0.8548386693000793
VEMSUC,XUJQAV,1.0
VEMSUC,XUJPEY,1.0
VEMSUC,XUJPIC,1.0
VEMSUC,XUJPOI,1.0
VEMSUC01,XUJQAV,1.0
VEMTAJ01,XAVQIU,1.0
VEMTAJ01,XAPSIS,1.0
VENFEC,XIFPAF,0.8999999761581421
VEQBID,WOQDUB,0.8999999761581421
VERDAA,WERKUZ,0.31599998474121094
VERKIP,XAKRUY,0.3103448152542114
VERPUF,VERQEQ,0.8999999761581421
VERQOZ,YELYOE,1.0
VERQOZ01,VIXNEX,0.35116279125213623
VERZEZ,YUKTUU06,1.0
VERZID,VIRJIQ,1.0
VERZID,YICCOE,1.0
VERZID,YANBAR01,1.0
VERZID,YANBAR,1.0
VERZID,YANBAR02,1.0
VERZID,YANBAR03,1.0
VERZID,YANBAR04,1.0
VERZOJ,XOBXIW,1.0
VERZOJ,YUKVIK,1.0
VESBAY,XEHSAF,1.0
VESBAY,XEHSOT,1.0
VESBEC,VESBEC01,1.0
VESBEC,VESBUS01,0.8999999761581421
VESBEC,VESBIG01,0.8999999761581421
VESBEC,VESBUS,0.8999999761581421
VESBEC01,VESBUS01,0.8999999761581421
VESBEC01,VESBIG01,0.8999999761581421
VESBIG,VESBIG01,1.0
VESBIG,VESBUS,0.8999999761581421
VESBIG,VESBOM01,0.8999999761581421
VESBIG,VESCED,0.8999999761581421
VESBIG,VESCED01,0.8999999761581421
VESBIG01,VESBUS,0.8999999761581421
VESBIG01,VESBOM01,0.8999999761581421
VESBIG01,VESBOM,0.8999999761581421
VESBOM,VESBOM01,1.0
VESBUS,VESBUS01,1.0
VESBUS,VESCED,0.8999999761581421
VESBUS,VESCED01,0.8999999761581421
VESBUS01,VESCED,0.8999999761581421
VESCED,VESCED01,1.0
VETFUV,XIJPEM,0.4000000059604645
VETMIS,VOXTOT,0.690625011920929
VETSOE,VETTAR,0.8999999761581421
VETSOE,ZUCKIT,0.8999999761581421
VETSOE,VETTIZ,0.8999999761581421
VETSOE,VETSUK,0.7147058248519897
VETSUK,VETTIZ,0.7147058248519897
VETSUK,VETTAR,0.7147058248519897
VETTAR,ZUCKIT,0.8999999761581421
VETTAR,VETTIZ,0.8999999761581421
VETTIZ,ZUCKIT,0.8999999761581421
VEVFAF,ZUMNAY,1.0
VEVWIE,WUXYUL,0.37857142090797424
VEVWIE,WUXZAS,0.37857142090797424
VEVWIE,YORSOP,0.28333333134651184
VEWHOV,WIFGUP,0.8999999761581421
VEWREX,YEKWOC,0.8999999761581421
VEXTUO,ZUZZAX,0.8999999761581421
VEXVAW,WAQDOJ,0.8999999761581421
VEXYOM,VEXYOM01,1.0
VEXYOM,YOHLUC,0.3769230842590332
VEXYON,XADCEM,0.5064516067504883
VEYRAU,ZIDMIL,1.0
VEYRAU,WICLEC,0.8999999761581421
VEYSAW,WITKIV,0.8999999761581421
VEYSAW,XIFHEC,0.8999999761581421
VEYSAW,XIFHIG,0.8999999761581421
VEYXED,WIHQEM,0.3076923191547394
VEYXED,YUGZEG,0.3076923191547394
VEYXIH,WIZKOH,0.45121946930885315
VEYXIH,XOHQER,0.4000000059604645
VEZVUT,VEZWEE,1.0
VIBLAW,WISVEB,0.8999999761581421
VIBPAZ,ZIZTEJ,0.6000000238418579
VIBPAZ,VIBPED,0.5714285969734192
VIBPED,WUJGAJ,0.5
VIBYEM,VIBYIQ,0.8999999761581421
VIBYOW,ZUSHEC,0.7300000190734863
VIBYOW,ZIBGIC,0.6931818723678589
VIDJID,ZOZPUB,0.6225806474685669
VIDPIJ,XUDYEB,1.0
VIDPIJ,XUDYAX,1.0
VIDPIJ,WOMFIO,1.0
VIDSIN,VIDSUZ,0.8999999761581421
VIDSIN,XAKNOO,0.5695652365684509
VIDVAG,VIDVEK,0.8999999761581421
VIDVAG,VIXCUB,0.4049999713897705
VIDVAG,XOHPIU,0.3724137842655182
VIDVEK,VIXCUB,0.4049999713897705
VIDVEK,XOHPIU,0.3724137842655182
VIDVUB,VIDWIQ,0.8999999761581421
VIDWAI,ZALREM,0.7428571581840515
VIFBOD,VIFBUJ,1.0
VIFPUY,VIFPUY03,1.0
VIFPUY,VIFPUY04,1.0
VIFPUY01,VIFPUY03,1.0
VIFPUY01,VIFPUY04,1.0
VIFPUY02,VIFPUY03,1.0
VIFPUY02,VIFPUY04,1.0
VIFPUY02,VIFPUY05,1.0
VIFPUY03,VIFPUY04,1.0
VIFPUY03,VIFPUY05,1.0
VIGCAR,WAMZAN,0.8999999761581421
VIGCAR,YOZRUC,0.4724137783050537
VIGDIY,WOCFUR,0.40909090638160706
VIGHID,VONQOG,0.8999999761581421
VIGHID,ZIMMEN,0.8999999761581421
VIGHID,XEXSEA,0.8999999761581421
VIHHUR,YUMVAF,0.8999999761581421
VIHHUR,YUMVOT,0.8999999761581421
VIJGUS,XAHZAI02,0.8999999761581421
VIJGUS,XAHZAI01,0.8999999761581421
VIJGUS,WEMRIS,0.8999999761581421
VIKRIT,VIKSEQ,1.0
VIKRIT,VIKROZ,1.0
VIKRIT,VIKSIU,1.0
VIKRIT,VIKRUF,1.0
VIKROZ,VIKSEQ,1.0
VIKROZ,VIKSIU,1.0
VIKRUF,VIKSEQ,1.0
VIKRUF,VIKSIU,1.0
VIKSEQ,VIKSIU,1.0
VIKTOB,VIKVET,0.8999999761581421
VIKTOB,VIKTUH,0.8999999761581421
VIKTOB,VIKVIX,0.8999999761581421
VIKTOB,VIKVAP,0.8999999761581421
VIKTUH,VIKVIX,0.8999999761581421
VIKTUH,VIKVAP,0.8999999761581421
VIKTUH,VIKVET,0.8999999761581421
VIKVAP,VIKVIX,0.8999999761581421
VIKVAP,VIKVET,0.8999999761581421
VILNUZ,WINJUY,0.8999999761581421
VILXOE,YUPSEI,0.8999999761581421
VILXOE,YUBGUZ,0.8999999761581421
VIMNEN,WEJNII,0.42399999499320984
VIMRAM,XORRON,0.8999999761581421
VINHUY,VINJAG,1.0
VINHUY,VINKOV,0.8999999761581421
VINHUY,VINKIP,0.8999999761581421
VINHUY,VINKEL,0.8999999761581421
VINJAG,VINKOV,0.8999999761581421
VINJAG,VINKIP,0.8999999761581421
VINJAG,VINWOH,0.8999999761581421
VINKEL,VINKIP,0.8999999761581421
VINKIP,VINKOV,0.8999999761581421
VINKIP,VINWOH,0.8999999761581421
VINKOV,XOMFAG,0.21739131212234497
VINMOX,XIKGEG03,1.0
VINMOX,VINMUD01,0.3812499940395355
VINMOX01,XIKGEG03,1.0
VINMUD,XIKGEG03,1.0
VINMUD,YARZEZ01,0.3812499940395355
VINMUD01,YARZEZ01,1.0
VINMUD01,XIKGEG02,0.3812499940395355
VINMUD01,YARZEZ02,0.3812499940395355
VIPCUV,XIGXAO,0.8999999761581421
VIPCUV,ZESNET,0.7088235020637512
VIRJEM,YUKTUU06,1.0
VIRJIQ,YANBAR01,1.0
VIRPOC,VIWPAT,0.8999999761581421
VIRXIF,XISGEN,0.5800000429153442
VISYUU,VISZEF,1.0
VISYUU,VISZAB,1.0
VISZAB,VISZEF,1.0
VITDUY,YIGJIK,0.6896551847457886
VITDUY,YIGHUU,0.6896551847457886
VITKOA,YIQSOH,1.0
VITKUG,YIQSOH,1.0
VITLOZ,VITLOZ02,1.0
VITLOZ,VITLOZ01,1.0
VITLOZ01,VITLOZ02,1.0
VITYUU,YABKEU,1.0
VITZAB,VITZOP,0.8999999761581421
VIWMIZ,VIWMOF,1.0
VIWNAR,WUZKOS,0.8999999761581421
VIWXIJ,VIWXOP,1.0
VIWZOR,XASPEP,1.0
VIWZOR,WULQUR,1.0
VIXCUB,XOWKUQ,0.36129030585289
VIXGAM,VIXGEQ,1.0
VIXGAM,VIXGAM01,1.0
VIXGAM01,VIXGEQ,1.0
VIXPUP,VIXPUP02,1.0
VIXPUP,VIXPUP01,1.0
VIXPUP,ZECBUH,0.8999999761581421
VIXPUP,ZECCAO,0.8999999761581421
VIXPUP01,VIXPUP02,1.0
VIXPUP01,ZECBUH,0.8999999761581421
VIXPUP01,ZECBOB,0.8999999761581421
VIXPUP02,ZECBUH,0.8999999761581421
VIXPUP02,ZECCAO,0.8999999761581421
VIXWEF,ZEKRIS,0.8999999761581421
VIXZUZ,VUNJAR,0.9624999761581421
VIXZUZ,YODWUL,0.7749999761581421
VIYHUI,ZIBRAD,1.0
VIYSON,VIYTAA,1.0
VIYSON,VIYVIK,1.0
VIYSON,WOZWEP,0.8999999761581421
VIYTAA,VIYVIK,1.0
VIYTAA,WOZWEP,0.8999999761581421
VIYVIK,WOZWEP,0.8999999761581421
VIZTOP,VIZTUV,0.8999999761581421
VIZTOP,XUYDIF,0.8838709592819214
VIZTUV,XUYDIF,0.7838709354400635
VOBQEK,XUDSUK,1.0
VOBQIO,XUDSUK,1.0
VOCKUT,WOPWOP,1.0
VOCNOQ,WUZRUE,1.0
VOCTOW,YEHDAS,0.5153846144676208
VODLEG,VODLEG01,1.0
VODQIP,VODQUB,0.8999999761581421
VODQIP,WITJOA,0.8999999761581421
VOGTER,YUFLIW,1.0
VOGTIV,YUFLIW,1.0
VOHSAM,ZZZFUI04,1.0
VOHSAM,ZZZFUI03,1.0
VOHSAM,ZZZFUI02,1.0
VOHSAM,ZZZFUI01,1.0
VOHSIU,ZZZFUI04,1.0
VOHSIU,ZZZFUI03,1.0
VOHSIU,ZZZFUI02,1.0
VOJPOA,XIPCEF01,1.0
VOJPUG,XULHOC,0.5759999752044678
VOJPUG,XANXUF,0.4535714089870453
VOJPUG,XENBOI,0.43333330750465393
VOJRIW,YIVPOJ,0.8999999761581421
VOJROC,VOJRUI,0.8999999761581421
VOJROC,VOJSAP,0.8999999761581421
VOJROC,YIDJAX,0.8999999761581421
VOJROC,YIDJAX01,0.8999999761581421
VOJRUI,YIDJAX01,0.8999999761581421
VOJSAP,YIDJAX,0.8999999761581421
VOJSAP,XIFXAM,0.8999999761581421
VOKBUU,VOKNEQ,0.8379999995231628
VOKBUU,VOKNAM,0.8269230723381042
VOKBUU,VOKMIT,0.823913037776947
VOKBUU,VOKCIJ,0.796226441860199
VOKCAB,VOKMOZ,0.8499999642372131
VOKCAB,VOKCIJ,0.8392857313156128
VOKCAB,VOKCEF,0.8263158202171326
VOKCEF,VOKCIJ,0.8499999642372131
VOKCEF,VOKNEQ,0.8301886916160583
VOKCOP,VOKMUF,0.8826086521148682
VOKCOP,VOKNEQ,0.7660000324249268
VOKCOP,VOKNAM,0.757692277431488
VOKKIP,VOKKIP02,1.0
VOKKIP,XAKSUA,0.8999999761581421
VOKKIP02,XAKSUA,0.8999999761581421
VOKLUE,VOKMEP,0.8499999642372131
VOKLUE,VOKMAL,0.8363636136054993
VOKLUE,VOKMUF,0.823913037776947
VOKLUE,VOKMOZ,0.7749999761581421
VOKMAL,VOKNAM,0.8379999995231628
VOKMAL,VOKMIT,0.800000011920929
VOKMAL,VOKMOZ,0.7839999794960022
VOKMEP,VOKNEQ,0.8276596069335938
VOKMEP,VOKMIT,0.8116279244422913
VOKMUF,VOKNEQ,0.8714286088943481
VOKMUF,VOKNAM,0.8588235378265381
VOLPAP,XANLOP,1.0
VOLPET,XANLOP,1.0
VOLQOD,VOLQUJ,1.0
VOLQOD,VOLRAQ,1.0
VOLQUJ,WOSZEL,1.0
VOLQUJ,ZODPUF,0.7000000476837158
VOLRAQ,YAMYUJ,0.5628571510314941
VONBUX,VONBUX02,1.0
VONBUX,VONBUX01,1.0
VONBUX,VONCUY,1.0
VONBUX,VONCOS,1.0
VONBUX,VONDAF,1.0
VONBUX,VONDOT,1.0
VONBUX01,VONBUX02,1.0
VONBUX01,VONCUY,1.0
VONBUX01,VONCOS,1.0
VONBUX01,VONDAF,1.0
VONBUX01,VONDOT,1.0
VONBUX02,VONCUY,1.0
VONBUX02,YUSQEJ,0.8999999761581421
VONBUX02,YUSQIN,0.8999999761581421
VONCOS,VONCUY,1.0
VONCOS,VONDAF,1.0
VONCOS,VONDOT,1.0
VONDAF,YUSQEJ,0.8999999761581421
VONDAF,YUSQIN,0.8999999761581421
VONQOG,ZIMMEN,0.8999999761581421
VONQOG,XEXSEA,0.8999999761581421
VOPCEK,VOPCIO,1.0
VORQEZ,ZERNIT,0.8999999761581421
VORSAY,VORSEC,1.0
VORSAY,XOBBOI,0.6447368860244751
VORSAY,XOBBUO,0.6447368860244751
VORSAY,YIRSUQ,0.6749999523162842
VORSEC,YIRSUQ,0.6749999523162842
VOSSUT,VOTHOD,0.8999999761581421
VOSSUT,VOTHIX,0.8999999761581421
VOSWIL,VOSWOR,1.0
VOSWIL,WUPZOY,1.0
VOSWIL,WUPZUE,1.0
VOTHIX,VOTHOD,0.8999999761581421
VOTQAY,ZIHFUR,0.5950000286102295
VOTQAY,ZIHFUR01,0.5950000286102295
VOTXIN,YEJJEC,0.34545454382896423
VOVKUO,XAGPUT,1.0
VOVKUO,YAQZUN,1.0
VOVKUO,VOVLAV,1.0
VOVKUO,YAQZAT,1.0
VOVKUO,YAQZEX,1.0
VOVLAV,XAGPUT,1.0
VOVLAV,YAQZUN,1.0
VOVLAV,YAQZAT,1.0
VOVLAV,YAQZEX,1.0
VOYLOM,VOYLUS,0.6275862455368042
VOYWUB,WUDXAV,0.8999999761581421
VOZHEX,XOQDAJ,0.590624988079071
VUGWUR,VUGYAZ,0.8999999761581421
VUGWUR,VUGYED,0.8999999761581421
VUGWUR,VUGXEC,0.8999999761581421
VUGXAY,VUGYAZ,0.8999999761581421
VUGXAY,VUGXUS,0.8999999761581421
VUGXAY,VUGYIH,0.8999999761581421
VUGXEC,VUGXOM,0.8999999761581421
VUGXEC,VUGXIG,0.8999999761581421
VUGXIG,VUGXOM,0.8999999761581421
VUGXIG,VUGXUS,0.8999999761581421
VUGXIG,VUGYED,0.8999999761581421
VUGXOM,VUGYIH,0.8999999761581421
VUGXOM,VUGYAZ,0.8999999761581421
VUGXUS,VUGYED,0.8999999761581421
VUGYED,VUGYIH,0.8999999761581421
VUHJAK,YOJSUM,0.8999999761581421
VUJBEI,YODWOF,0.8125
VUJBIM,YAGHUM,0.9526315927505493
VUJLET,WACLEU,0.8999999761581421
VUJLET,XUFWOM,0.8999999761581421
VUKJOC,VUKTOM,1.0
VUKJOC,VUKTAY,0.8999999761581421
VUKJOC,VUKTEC,0.8999999761581421
VUKJUI,VUKTUS,1.0
VUKJUI,YAVYAW01,0.8999999761581421
VUKJUI,VUKTEC,0.8999999761581421
VUKKET,XEGQUY,0.8499999642372131
VUKKET,XEGREJ,0.8031250238418579
VUKPIB,ZANQOW,0.8999999761581421
VUKPIB,VUKPUN,0.8999999761581421
VUKPOH,VUSDUJ,0.8999999761581421
VUKPOH,YAFWEI,0.7499999403953552
VUKSEB,VUKSIF,1.0
VUKSEB,VUKSOL,1.0
VUKSEB,YEKQOW,1.0
VUKSUR,WUHNUK,0.8999999761581421
VUKSUR,ZEFRUZ,0.8999999761581421
VUKSUR,ZEFRIN,0.8999999761581421
VUKTAY,ZEFSOU,0.8999999761581421
VUKTAY,ZEFSOU01,0.8999999761581421
VUKYAD,WAVFOP,0.42399999499320984
VULFIT,VULFOZ,1.0
VULKET,VULKIX,1.0
VUMCEM,YAMKOP,0.8999999761581421
VUMCEM,VUZNOV,0.625
VUMCIQ,WIZSOP,1.0
VUMXUY,VUMXUY02,1.0
VUMXUY,VUMXUY01,1.0
VUMXUY01,VUMXUY02,1.0
VUMYAF,WINCEC,0.8999999761581421
VUMYAF,YAPWUJ,0.43333330750465393
VUNBIQ,VUNBOW,1.0
VUNCIR,VUNCUD,0.8999999761581421
VUNCOX,VUNCUD,0.8999999761581421
VUNHAN,WADKAO,0.5153846144676208
VUNJAR,WAQFIG,0.7000000476837158
VUNJAR,WAQTAM,0.7000000476837158
VUNJAR,YODWUL,0.800000011920929
VUNMOI,VUNNID,1.0
VUNMOI,VUNNEZ,1.0
VUNMOI,YUQYIU,0.8999999761581421
VUNNEZ,VUNNID,1.0
VUNNEZ,XISTAW,0.8999999761581421
VUNNEZ,XOGQUH,0.4000000059604645
VUNTUV,WAYWUR,0.25882354378700256
VUNYUZ,XAGCUE,1.0
VUNYUZ,XAGDAL,1.0
VUQJUN,VUQKAU,1.0
VUQJUN01,VUQKAU,1.0
VUQJUN01,VUQKAU01,1.0
VUQJUN01,VUQKAU02,1.0
VUQKOI,VUQKUO,0.582926869392395
VUYCAU,YEFLIF02,0.550000011920929
VUZTIT,VUZTIT01,1.0
WABJAM,ZZZSGO01,1.0
WACBEI,XOMFAG,0.23846155405044556
WACLEU,XUFWOM,0.8999999761581421
WADDEN,ZAFWUB,1.0
WADDIR,YUDVIC,0.8999999761581421
WADDOX,ZAFXAI,1.0
WAGRUS,XUDSIY,0.6684210300445557
WAGRUS,XADCOW,0.6684210300445557
WAGRUS,YEDLAV,0.26874998211860657
WAHKOI,YISVEE,0.8999999761581421
WAHQON,XEGWIS,0.8999999761581421
WAHQON,XEGXAL,0.8999999761581421
WAHREE,XEGSOU01,1.0
WAHREE,XEGSOU,1.0
WAHRIJ,WOYWIS,0.8999999761581421
WAHRIJ,WIGQIP,0.8999999761581421
WAJGOE,WOBFOK,1.0
WAKHUO,XOHNEO,0.6192307472229004
WAMGUP,XAYDOT,0.64000004529953
WAMJUS,XOPLUL,0.8999999761581421
WAMRIN,WAMRIN01,1.0
WAMRIN,WAMRIN02,1.0
WAMRIN01,WAMRIN02,1.0
WANJIF,XEDMEB,1.0
WANNEH,WANNIL,1.0
WANNIL,XIJSUH,0.8999999761581421
WANYAN,WANYER,0.8999999761581421
WANYER,WANYOB,0.8999999761581421
WANYER,ZEVQEZ,0.7333332896232605
WANYIV,WANYOB,1.0
WANYOB,XEKCUN,0.8999999761581421
WANYOB,XEKDAU,0.8999999761581421
WAPYIX,WAPYUJ,0.8999999761581421
WAPYIX,YINRIZ,0.8999999761581421
WAPYIX,YINREV,0.8999999761581421
WAPYIX,WAPYOD,0.8999999761581421
WAPYIX,WAPZAQ,0.8999999761581421
WAPYIX,YINRAR,0.8999999761581421
WAPYOD,WAPZIY,1.0
WAPYOD,YINQOE,0.8999999761581421
WAPYOD,WAPZEU,0.8999999761581421
WAPYOD,WOPJOA,0.6318181753158569
WAPYOD,YINQUK,0.8999999761581421
WAPYOD,YINRIZ,0.8999999761581421
WAPYOD,YINROF,0.8999999761581421
WAPYUJ,YINQUK,0.8999999761581421
WAPYUJ,YINRAR,0.8999999761581421
WAPYUJ,WAPZIY,0.8999999761581421
WAPYUJ,YINREV,0.8999999761581421
WAPYUJ,YINRIZ,0.8999999761581421
WAPZAQ,WAPZEU,0.8999999761581421
WAPZAQ,YINREV,0.8999999761581421
WAPZAQ,YINROF,0.8999999761581421
WAPZEU,YINRIZ,0.8999999761581421
WAPZEU,WAPZIY,0.8999999761581421
WAPZIY,YINQOE,0.8999999761581421
WAPZIY,YINRAR,0.8999999761581421
WAQDOJ,ZUZZIF,0.8999999761581421
WAQDOK,WAQDOK01,1.0
WAQFIG,WAQTAM,1.0
WASMIP01,YUCZOM,0.5736842155456543
WASQEP,WASQIT,1.0
WASQEP,WASRAM,0.8999999761581421
WAVFOP,XAMDOF,0.8999999761581421
WAVJIP,WOZPOS,0.8999999761581421
WAVJIP,WOZPEI,0.5040000081062317
WAWGOQ,YAKBOE,0.8999999761581421
WAXKAK,YEDPEF,0.5522727370262146
WAZFAH,WAZFIP,1.0
WAZFAH,WAZFOV,1.0
WAZFAH,WAZFUB,1.0
WAZFIP,WAZFOV,1.0
WAZFIP,WAZFUB,1.0
WAZFOV,WAZFUB,1.0
WAZMUH,WAZNAO,0.8999999761581421
WAZMUH,XAJZAK,0.8999999761581421
WAZNAO,XAJZAK,0.8999999761581421
WEBKAS,ZZZBQY01,0.5235294103622437
WEBKAS,WIMPEN,0.4000000059604645
WEBKIX,WEBLAQ,1.0
WEBKOD,WEBLAQ,1.0
WEBTOO,WEBTUU,1.0
WEBTOO,WEBVAC,0.8999999761581421
WEBTOP,YAGHUM,0.804347813129425
WEBTUU,WEBVAC,0.8999999761581421
WEBTUU,WEBVIK,0.8999999761581421
WEBVAC,WEBVEG,0.8999999761581421
WEBVEG,WEBVIK,0.8999999761581421
WECBEN,XIYYEL,1.0
WECSAZ,WOZDEW,1.0
WECSAZ01,WOZDEW,1.0
WECSAZ01,YIXFOC,1.0
WECSAZ01,YIXFOC03,1.0
WECSAZ01,ZEDVIP,1.0
WEFDAO,WEFDES,0.8999999761581421
WEFDAO,WEFDIW,0.8999999761581421
WEFDES,WEFDIW,0.8999999761581421
WEFXAI,WEFXEM,1.0
WEFXAI,WEFXIQ,1.0
WEFXEM,WEFXIQ,1.0
WEHHEY,WEHJAW,1.0
WEHHEY,WEHJEA,1.0
WEHHEZ,ZOZWUI,1.0
WEHHEZ,ZOZXAP,1.0
WEHHIC,WEHJAW,1.0
WEHHIC,WEHJEA,1.0
WEHHOI,WEHJAW,1.0
WEHHOI,WEHJEA,1.0
WEHHUO,WEHJAW,1.0
WEHHUO,WEHJEA,1.0
WEHJAW,WEHJEA,1.0
WEHNAA,XILXUN,0.48571428656578064
WEHPIJ,YUNXAI,0.8999999761581421
WEHPOP,ZAYFEN,0.30000001192092896
WEHQAC,WEHRIL,1.0
WEHQAC,ZABQIC,0.4692307710647583
WEHRIL,ZABQIC,0.4692307710647583
WEHSAG,WEHSEK,0.8999999761581421
WEHSUZ,ZIQVAY,0.8999999761581421
WEHTAG,ZIQVEC,0.8999999761581421
WEHTAG,ZOFSIY,0.8999999761581421
WEJPOT,XOFGAC,0.8999999761581421
WEKWIT,WEKWOZ,1.0
WEKWIT,WEKWUF,0.8999999761581421
WELKIK,WELWES,0.8999999761581421
WELKIK,YODJEI,0.8999999761581421
WELPEL,WIZKOH,0.8999999761581421
WELTUD,XANZAQ02,0.4176470637321472
WELWES,YODJEI,0.8999999761581421
WEMCAU,YEBKUM,1.0
WEMCEY,WEMCOI,0.8999999761581421
WEMCIC,WOGLAG,0.8999999761581421
WEMDAV,XETHIO,0.8999999761581421
WEMDID,XOTGUI,1.0
WEMDID,XUMBEN,1.0
WEMDID,YEBKOG,1.0
WEMDID,ZIGMEJ,1.0
WEMDID,ZIGMIN,1.0
WEMGAY,WIHDUN,0.8999999761581421
WEMGAY,WEZNUM,0.8999999761581421
WEMJII,WEMJUU,0.8999999761581421
WEMLAD,WEMMEI,0.8999999761581421
WEMWAP,XICDUI,0.5249999761581421
WEMXIX,ZUMNAY,0.6827585697174072
WEMYOC,WEMYOC01,1.0
WEMYOC,ZAZTOM,0.4272727370262146
WEMYOC01,ZAZTOM,0.4272727370262146
WENKEH,WENLAE,0.8999999761581421
WENKEH,WENKOR,0.8999999761581421
WENKEH,WENKIL,0.8999999761581421
WENKIL,WENKUX,0.8999999761581421
WENKIL,WENKOR,0.8999999761581421
WENKIL,WENLAE,0.8999999761581421
WENKIL,WENLEI,0.8999999761581421
WENKOR,WENLEI,0.8999999761581421
WENKUX,WENLEI,0.8999999761581421
WENKUX,WENLAE,0.8999999761581421
WENRIR,XOFFUT,0.8999999761581421
WENSOA,WENSUG,0.8999999761581421
WENXOF,YAPWUJ,0.4000000059604645
WEQBAY,WIRMUH,0.4285714328289032
WEQBAY,WIRNAO,0.4285714328289032
WEQMEL,WEQMIP,1.0
WEQMEL,XEMPAJ,0.6299999952316284
WEQMEL,XEMNUB,0.6299999952316284
WEQMIP,XEMPAJ,0.6299999952316284
WEQMIP,XEMNUB,0.6299999952316284
WEQNEO,WEQQUH,0.6086956262588501
WERCEE,WERCII,0.8999999761581421
WERCEE,WERCUU,0.8999999761581421
WERCEE,WERCOO,0.8999999761581421
WERCEE,WERDAB,0.8999999761581421
WERCII,WERCOO,0.8999999761581421
WERCII,WERCUU,0.8999999761581421
WERCII,WERDAB,0.8999999761581421
WERCOO,WERCUU,0.8999999761581421
WERCOO,WERDAB,0.8999999761581421
WERCUU,WERDAB,0.8999999761581421
WESYAV,WILDUR,0.8999999761581421
WESYAV,WESYEZ,0.8999999761581421
WESYAV,WILFAZ,0.8999999761581421
WESYAV,XICVUB,0.3700000047683716
WESYEZ,WILDUR,1.0
WESYEZ,WILFAZ,1.0
WESYEZ,WILFED,1.0
WESYEZ,WILFON,1.0
WETBAB,WETBAB01,1.0
WETFUZ,WOLYON,0.8999999761581421
WETQOB,XUJJUI,1.0
WEVYON,XEVSIB01,0.6142857670783997
WEVYON,XUZRIU,0.6142857670783997
WEWFIQ,WIVFUD,1.0
WEWFIQ,WIVGAK,1.0
WEWFIQ,ZAZVEE,0.8526315689086914
WEWGAH,XEJJEC,0.8999999761581421
WEWGAH,XEJJIG,0.8999999761581421
WEWHIS,XAGRAA,0.8999999761581421
WEWHIS,WEWHOY,0.8999999761581421
WEWHOY,XAGRAA,0.8999999761581421
WEXTAV,YEMLUY,0.5090909004211426
WEYDEM,XUHJEQ,0.8999999761581421
WEYDEM,XUHJEQ01,0.8999999761581421
WEYDEM,YEGTOW,1.0
WEYPUN,WEYQAU01,1.0
WEYQAU,WEYQAU01,1.0
WEYQAU,WEYQAU02,1.0
WEYQAU,WEYQAU03,1.0
WEYQAU,WEYQAU04,1.0
WEYQAU,WEYQAU05,1.0
WEYQAU,WEYQAU06,1.0
WEYQAU,WEYQAU07,1.0
WEYQAU,WEYQAU08,1.0
WEYQAU,WEYQAU09,1.0
WEYQAU,WEYQAU10,1.0
WEYQAU,WEYQAU11,1.0
WEYQAU,WEYQAU12,1.0
WEYQAU,WEYQAU13,1.0
WEYQAU,WEYQAU14,1.0
WEYQAU,WEYQAU15,1.0
WEYQAU,WEYQAU16,1.0
WEYQAU,WEYQEY,1.0
WEYQAU01,ZUCXOK,1.0
WEYQAU01,ZUDQUM,1.0
WEYQAU01,ZUDRAT,1.0
WEZWUU,XIVLUK,1.0
WEZWUU,XIVLOE,1.0
WEZWUU,WEZXAB01,1.0
WEZXAB01,XIVLUK,1.0
WEZXAB01,XIVLOE,1.0
WICLEC,ZIDMIL,0.8999999761581421
WIFGOJ,WIFGUP,1.0
WIFRIP,XILLIP,0.8999999761581421
WIFRIP,ZOXFAV,0.8999999761581421
WIFRIP,XILLEL,0.8999999761581421
WIFRIP,WIFROV,0.8999999761581421
WIFROV,XILLEL,1.0
WIFROV,XILLIP,1.0
WIFSAI,WIFSAI01,1.0
WIGPUA,WIGQIP,1.0
WIGPUA,WOYWOY,1.0
WIGPUA,WIGQEL,1.0
WIGPUA,WOYWEO,0.8578947186470032
WIGPUA,ZEKKIM,0.699999988079071
WIGQAH,WIGQIP,1.0
WIGQAH,WOYWOY,1.0
WIGQAH,WIGQEL,1.0
WIGQAH,WOYWIS,1.0
WIGQEL,WIGQIP,1.0
WIGQEL,WOYWOY,1.0
WIGQEL,WOYWIS,1.0
WIGQIP,WOYWOY,1.0
WIGQIP,ZEKKIM,0.699999988079071
WIHQEM,YUGZEG,1.0
WIHQEM,XIQZIH,0.30000001192092896
WIHTEO,ZZZVME01,1.0
WIHTEO,XACLUL,0.8999999761581421
WIHTIS,YFORME02,1.0
WIHTIS,YFORMD,1.0
WIJRIT,XITYOP,0.6896551847457886
WIKDAX,WIKDEB,0.8999999761581421
WIKLOT,WOWGEU02,0.8999999761581421
WIKLOT,XEGQOQ,0.8999999761581421
WILDUR,WILFAZ,1.0
WILDUR,WILFED,1.0
WILDUR,WILFON,1.0
WILFAZ,WILFED,1.0
WILFAZ,WILFON,1.0
WILGEE,WILGII,1.0
WILGEE,WILGOO,1.0
WILGII,WILGOO,1.0
WILJOS,WILJUY,0.8999999761581421
WILJOS,YINYIF,0.6749999523162842
WILJUY,YINYIF,0.6749999523162842
WILNEL,WILNEL02,1.0
WILNEL,WILNEL01,1.0
WILNEL,ZICZAP,0.6000000238418579
WILNEL01,WILNEL02,1.0
WILNIP,WILNIP01,1.0
WILQIS,XILBAW,1.0
WIMPAJ,WIMPEN,0.8999999761581421
WIMWEW,XADDUD,1.0
WIMWEW,XADDOX,1.0
WINDAA,ZAXGUC,0.6333333253860474
WINJOS,YAWKOX,0.8999999761581421
WINJOS,WINJUY,0.8999999761581421
WIPJUC,YUSVAK,0.8999999761581421
WIPLOY,WOJYOL,0.9099999666213989
WIRCOS,WISVEB,1.0
WIRKOZ,WIRMOB,0.7868421077728271
WIRMUH,WIRNAO,1.0
WIRMUH,XEBNEX,0.26363638043403625
WIRNAO,XEBNEX,0.26363638043403625
WITJOA,ZOZKEG,1.0
WITKIV,XIFHEC,0.8999999761581421
WITMIX,WITMOD,0.8999999761581421
WIVFUD,ZAZVEE,0.8526315689086914
WIVKIX,YAYPIZ,1.0
WIVVII,XEBHOC,0.8714286088943481
WIVVII,XAWVUN,0.8714286088943481
WIVVII,XUDNUH,0.8199999928474426
WIWHOA,XOHTOE01,1.0
WIWHOA,XOHTOE02,1.0
WIWHOA,XOHSUJ,1.0
WIWHOA,XOHTOE,1.0
WIWHOA,XOMPEV,1.0
WIWHOB,YOYZUJ,1.0
WIWHOB01,YOYZUJ,1.0
WIXJIW,WIXJIW01,1.0
WIXJIW,XASHAA,0.8999999761581421
WIXJIW01,XASHAA,0.8999999761581421
WIYKIZ,WOBHAX,1.0
WIYZIO,WIYZOU,1.0
WIYZIO,XOWTAF,0.8999999761581421
WIYZIO,XOWSUY,0.8999999761581421
WIYZOU,XOWTAF,0.8999999761581421
WIZMAV,WIZMAV08,1.0
WIZMAV,WIZMAV06,1.0
WIZMAV04,WIZMAV08,1.0
WIZMAV04,WIZMAV06,1.0
WIZMAV05,WIZMAV08,1.0
WIZMAV05,WIZMAV06,1.0
WIZMAV05,WIZMAV07,1.0
WIZMAV05,WIZMAV09,1.0
WIZMAV05,WIZMAV10,1.0
WIZMAV05,WIZMAV11,1.0
WIZMAV05,WIZMAV12,1.0
WIZMAV06,WIZMAV08,1.0
WIZMAV06,ZOPLOH,0.7000000476837158
WIZMAV07,WIZMAV08,1.0
WIZMAV07,WIZMAV09,1.0
WIZMAV07,WIZMAV10,1.0
WIZMAV07,WIZMAV11,1.0
WIZMAV07,WIZMAV12,1.0
WOBCAT,XAFXOT,1.0
WOBCAT,XAFXUZ,0.8999999761581421
WOBCEX,XAFXOT,0.8999999761581421
WOBCEX,WOBCIB,0.8999999761581421
WOBCEX,XAFYEK,0.8999999761581421
WOBCEX,XAFYIO,0.8999999761581421
WOBCIB,XAFXUZ,0.8999999761581421
WOBCIB,XAFXOT,0.8999999761581421
WOBCIB,XAFYAG,0.8999999761581421
WOBHEB01,YAZYIJ,0.8999999761581421
WOBHOL,YAZYIJ,0.8999999761581421
WOBMIL,WOBMIL01,1.0
WOBMIL,WOBMIL02,0.6812499761581421
WOBMIL,WOBMIL03,0.6812499761581421
WOBMIL01,WOBMIL02,0.6812499761581421
WOBMIL01,WOBMIL03,0.6812499761581421
WOBMIL02,WOBMIL03,1.0
WOBQEL,XIXCIT,0.8999999761581421
WOBQEL,XIXCOZ,0.8999999761581421
WOCGUR,XEZDAH,0.6684210300445557
WOCGUR,YIBQIL,0.45454543828964233
WODQOW,XUHJEQ01,1.0
WODQOW,XUHJEQ,1.0
WODREO,XAVKIR,0.6749999523162842
WODVOB,YAVVID,0.8999999761581421
WODVOB,YAVVEZ,0.8999999761581421
WODVOB,YAVSOG,0.8999999761581421
WODVOB,YAVTUN,0.8999999761581421
WODVOB,YAVWAW,0.8999999761581421
WOFROZ,WOFROZ01,1.0
WOHDED,YEGKOM,1.0
WOHZAU,WOHZAU01,1.0
WOJGEI,YITKEU,0.512499988079071
WOJGEI,XEXSEA,0.47499996423721313
WOJYEB,YUMFUJ,1.0
WOJYIF,WOJZOM,1.0
WOJYIF,WUHJIT,0.8999999761581421
WOJYOL,WOJZIG,1.0
WOJYUR,XADDAJ,1.0
WOJYUR,XADDAJ01,1.0
WOJZOK,WOJZOK01,1.0
WOJZOM,XUDVAV,0.8999999761581421
WOLREV,WOLRIZ,0.8999999761581421
WOLREV,WOLROF,0.8999999761581421
WOLRIZ,WOLROF,1.0
WOMFIO,XUDYAX,1.0
WOMFIO,XUDYEB,1.0
WOPSAX,WOPSOL,1.0
WOPSAX01,WOPSOL,1.0
WOPSAX02,WOPSOL,1.0
WOPSAX02,WOPSOL01,1.0
WOPSAX02,WOQTUT,1.0
WOPSAX02,WOQVAB,1.0
WOPXAA,WOPXAA02,1.0
WOPXAA,WOPXAA01,1.0
WOPXAA01,WOPXAA02,1.0
WOQJES03,WOQJES04,1.0
WOQJES03,ZAZTOM,0.8999999761581421
WOQJES04,ZAZTOM,0.8999999761581421
WOQJIW03,WOQJIW04,1.0
WOSMUO,XEHSAF,1.0
WOSMUO01,XEHSAF,1.0
WOWBER,YEJDAV,0.7666666507720947
WOWDUJ,ZUMNAY,0.6586206555366516
WOWGEU,WOWGEU02,1.0
WOWGEU,XUWVEQ,0.8999999761581421
WOWGEU02,XUWVEQ,0.8999999761581421
WOYHUP,WOYJAX,1.0
WOYHUP,WOYJEB,1.0
WOYHUP,WOYJIF,0.8999999761581421
WOYHUP,XARPAK,0.5785713791847229
WOYJAX,WOYJEB,1.0
WOYJAX,WOYJIF,0.8999999761581421
WOYJAX,WOYJOL,0.8999999761581421
WOYJEB,WOYJIF,0.8999999761581421
WOYJEB,WOYJOL,0.8999999761581421
WOYJIF,WOYJOL,1.0
WOYJIF,XARPAK,0.6785714030265808
WOYJOL,XARPAK,0.6785714030265808
WOYWEO,WOYWIS,0.8578947186470032
WOYWIS,WOYWOY,1.0
WOZDEW,YIXFOC,1.0
WOZDEW,YIXFOC03,1.0
WOZDEW,ZEDVIP,1.0
WOZPEI,WOZPOS,0.6040000319480896
WUCRUH,ZOHFUZ,1.0
WUDQIW,XOZZUI,0.8999999761581421
WUDTIA,WUDTOG,0.8999999761581421
WUDTIA,WUDTUM,0.8999999761581421
WUDTIA,WUDVAU,0.8999999761581421
WUDTIA,WUDVEY,0.8999999761581421
WUDTOG,WUDVEY,0.8999999761581421
WUDTOG,WUDVAU,0.8999999761581421
WUDTOG,WUDTUM,0.8999999761581421
WUDTUM,WUDVEY,0.8999999761581421
WUDTUM,WUDVAU,0.8999999761581421
WUFHIQ,XAWDUX,0.7942857146263123
WUHHUC,WUHJAK,0.8999999761581421
WUHMAP,XESKAJ,0.8999999761581421
WUHMAP,XESKEN,0.8999999761581421
WUHMUJ,XAMGUQ,1.0
WUJFOW,YOLWUT,0.8999999761581421
WUJFOW,YOLXAA,0.8999999761581421
WUJFOX,ZUZWOI,0.6192307472229004
WUKFAL,ZIDDIB,0.8999999761581421
WUKFAL,XEVHIQ,0.8999999761581421
WUKFEP,XEVHOW,1.0
WUKNEV,YICDAR,0.8999999761581421
WULBEM,WULBIQ,0.8999999761581421
WULBEM,YEFLIF01,0.6759999990463257
WULQUR,XASPEP,1.0
WULYIL,YOLXII,0.9052631258964539
WULYIL,XILWUM,0.8999999761581421
WUMDIT,WUMDOZ,0.8999999761581421
WUMDIT,WUMDUF,0.8999999761581421
WUMDOZ,XAWXUR,0.8999999761581421
WUMDOZ,XAWXOL,0.8999999761581421
WUMFAN,XAWXUR,0.8999999761581421
WUNSEE,WUNVAD,1.0
WUNSEE,WUNTUV,1.0
WUNSEE01,WUNVAD,1.0
WUNSEE01,WUNTUV,1.0
WUNSEE02,WUNVAD,1.0
WUNSEE02,WUNTUV,1.0
WUNSII,WUNVAD,1.0
WUNSII,WUNTUV,1.0
WUNSII01,WUNVAD,1.0
WUNSII01,WUNTUV,1.0
WUNSII02,WUNVAD,1.0
WUNSII02,WUNTUV,1.0
WUNTAB,WUNVAD,1.0
WUNTAB,WUNTUV,1.0
WUNTEF,WUNVAD,1.0
WUNTEF,WUNTUV,1.0
WUNTIJ,WUNVAD,1.0
WUNTIJ,WUNTUV,1.0
WUNTIJ,WUNVEH,1.0
WUNTIJ,WUNVIL,1.0
WUNTIJ,WUNVOR,1.0
WUNTIJ,WUNVUX,1.0
WUNTUV,WUNVAD,1.0
WUNTUV,WUNVEH,1.0
WUNTUV,WUNVIL,1.0
WUNTUV,WUNVOR,1.0
WUNTUV,WUNVUX,1.0
WUPTUY,WUPTUY01,1.0
WUPTUY,WUPVAG,0.8999999761581421
WUPTUY,XOTSIK,0.6480000019073486
WUPTUY,XULGIW,1.0
WUPTUY01,XULGIW,1.0
WURKEB,YIPFIO,0.8999999761581421
WURKEB,XOMPEV,0.7000000476837158
WURNAY,YAWZUS,0.5153846144676208
WURYOY,YUDDUX,0.35199999809265137
WUVGOL,XEVMAM,0.8999999761581421
WUVMAB,YOXXUG,1.0
WUVMAB,YOXXUG01,1.0
WUVMAB,XEZVOP,0.8999999761581421
WUVMAB01,YOXXUG,1.0
WUVMAB01,YOXXUG01,1.0
WUVMAB02,YOXXUG,1.0
WUVMAB02,YOXXUG01,1.0
WUVMAB03,YOXXUG,1.0
WUVMAB03,YOXXUG01,1.0
WUVMAB04,YOXXUG,1.0
WUVMAB04,YOXXUG01,1.0
WUVMAB04,ZAMBIY,0.8999999761581421
WUVMAB05,YOXXUG,1.0
WUVMAB05,YOXXUG01,1.0
WUWQUB,WUWRAI,1.0
WUWVEQ,WUWVUG,0.8999999761581421
WUXCAU,WUXCEY,1.0
WUXPEK,ZUBZIH,0.4304347634315491
WUXYIZ,WUXYOF,1.0
WUXYIZ,WUXYUL,0.9000000357627869
WUXYIZ,WUXZAS,0.9000000357627869
WUXYOF,WUXYUL,0.9000000357627869
WUXYOF,WUXZAS,0.9000000357627869
WUXYUL,WUXZAS,1.0
WUYPUD,YAMBIZ,1.0
WUYPUD,ZADWOT,0.4000000059604645
WUYSUG,XULFOA,0.8999999761581421
WUYSUG,WUZCUR,0.8999999761581421
WUYWAQ,WUYWIY,1.0
WUYWAQ,WUYWOE,1.0
WUYWAQ,WUZGEF01,1.0
WUYWAQ,WUYXAR,0.8999999761581421
WUYWAQ,WUYYIA,0.8999999761581421
WUYWAQ,WUZGEF,1.0
WUYWIY,WUYWOE,1.0
WUYWIY,WUZGEF01,1.0
WUYWIY,WUYYOG,0.8999999761581421
WUYWIY,WUZGEF,1.0
WUYWOE,WUZGEF01,1.0
WUYWOE,WUYXAR,0.8999999761581421
WUYWOE,WUZGEF,1.0
WUYWUK,WUYYIA,0.8999999761581421
WUYWUK,WUZGEF,0.8999999761581421
WUYWUK,WUZGEF01,0.8999999761581421
WUYXAR,WUZGEF,0.8999999761581421
WUYYIA,WUZGEF,0.8999999761581421
WUYYIA,WUYYOG,0.8999999761581421
WUYYOG,WUZGEF,0.8999999761581421
XACFAJ,XACFEN,0.8999999761581421
XACFAJ,YEYYAC,0.8999999761581421
XACFEN,YEYYAC,0.8999999761581421
XACLOF,ZZZVME01,0.8999999761581421
XACLUL,YANVIV,1.0
XACLUL,YANVIV01,1.0
XACLUL,YANVIV02,1.0
XACLUL,YEWKAP,1.0
XACSIG,XULNOJ,0.690625011920929
XADCOW,YAXBOP,1.0
XADCOW,YAXBUV,1.0
XADCOW,YAXBUV02,1.0
XADCOW,XUDSIY,1.0
XADDAJ,YICXIU,0.9099999666213989
XADDAJ01,YICXIU,0.9099999666213989
XADGEQ,XEZDAH,0.8999999761581421
XADGIU,XADGOA,1.0
XADHAN,YUPSEI,1.0
XADWIK,XADWIK02,1.0
XADWIK,XADWIK01,1.0
XADWIK01,XADWIK02,1.0
XADZIN,XADZOT,1.0
XAFBEN,XAFBOX,1.0
XAFFAN,ZUYHIM,0.8999999761581421
XAFFIV,XAFFOB,0.8999999761581421
XAFFOB,XAFFUH,1.0
XAFXUZ,XAFYAG,0.8999999761581421
XAFYEK,XAFYIO,0.8999999761581421
XAGCAM,XAGCEQ,1.0
XAGCEO,XAGCIS02,1.0
XAGCEO,XAGCIS,1.0
XAGCEO,XAGCIS01,1.0
XAGCEO01,XAGCIS02,1.0
XAGCEO01,XAGCIS,1.0
XAGCEO01,XAGCIS01,1.0
XAGCIS,XAGCIS02,1.0
XAGCIS,XAGCIS01,1.0
XAGCIS01,XAGCIS02,1.0
XAGCUE,XAGDAL,1.0
XAGPON,YUBGIN,1.0
XAGPUT,YAQZAT,1.0
XAGPUT,YAQZEX,1.0
XAGPUT,YAQZUN,1.0
XAGQON,XAGQUT,0.8999999761581421
XAHFOE,ZEDRAD,0.5909091234207153
XAHPED,XAHPIH,0.6522727608680725
XAHPED,XAHPUT,0.5846154093742371
XAHPIH,XAHQAA,0.6850000023841858
XAHPON,XAHQAA,0.5295454263687134
XAHPUT,XAHQAA,0.6673913598060608
XAHPUT,XONLES,0.5941176414489746
XAHPUT,XONLES01,0.5941176414489746
XAHROQ,XIGYOE,1.0
XAHZAI,XIJXAS,1.0
XAHZAI,ZZZRZW06,1.0
XAHZAI,ZZZLZE02,1.0
XAHZAI01,XIJXAS,1.0
XAHZAI01,ZZZRZW06,1.0
XAHZAI01,ZZZLZE02,1.0
XAHZAI02,XIJXAS,1.0
XAHZAI02,ZZZRZW06,1.0
XAHZAI02,ZZZLZE02,1.0
XAHZEM,XAHZEM01,1.0
XAJQAC,XIXCIT,0.8999999761581421
XAJQAC,XIXCOZ,0.8999999761581421
XAKNOO,ZEDRAD,0.5210525989532471
XAKRUY,XOZZOC,0.3571428656578064
XAKVIP,XAKVOV,1.0
XALMII,YATDOP,1.0
XALMOO,YATDOP,1.0
XALXIS,XALXIS01,1.0
XANMIJ,XAYMUF,0.6157894730567932
XANMUX,ZOFZAX,0.6631578803062439
XANMUX,ZOFZEB,0.6631578803062439
XANMUX04,XANMUX08,1.0
XANMUX04,XANZAQ02,0.5049999952316284
XANMUX08,XANZAQ02,0.5049999952316284
XANNAB,ZIDHIF,0.46666663885116577
XANXUF,XENBOI,0.446153849363327
XAPGUQ,XOJPIW,0.197826087474823
XAPNIN,XASPEP,1.0
XAPQAI,XAPQAI01,1.0
XAPRIR,XAPRIR01,1.0
XAPRIR,XAPRIR02,1.0
XASGON,YIMCAB,0.4333333373069763
XASGON,XEDPIH,0.4034482538700104
XASGON,YAVMIT,0.4034482538700104
XASNUD,XASPEP,1.0
XASNUD,XOHLEM,1.0
XASNUD,XOHLEM01,1.0
XASPEP,XOHLEM,1.0
XASPEP,XOHLEM01,1.0
XATNIP,XATNIP01,1.0
XATNIP,YAWKOX,0.8999999761581421
XATNIP,XEDKOJ,0.8999999761581421
XATNIP01,YAWKOX,0.8999999761581421
XAVDOP,XAVDUV,0.44285714626312256
XAVDOP,XAVFAD,0.2956521511077881
XAVDUV,XERJOV,0.30454546213150024
XAVDUV,XAVFAD,0.2730769217014313
XAVFAD,XERJOV,0.3142857253551483
XAWDUX,XAWDUX01,1.0
XAWVUN,XEBHOC,1.0
XAWXOL,XAWXUR,1.0
XAWXOL,ZIGQIS,0.9142857193946838
XAWXOL,ZIGQEO,0.9142857193946838
XAWXUR,ZIGQIS,0.9142857193946838
XAWXUR,ZIGQEO,0.9142857193946838
XAXBAB,XEHSAF,1.0
XAXBEF,XEHSAF,1.0
XAXDIM,XINRAP,0.8999999761581421
XAXGIO,YUHMAR,0.8920000195503235
XAYDOT,YEDKUO,0.8999999761581421
XAYKOA,XEKYOE,0.8999999761581421
XAYKUG,XAYLER,0.683783769607544
XAZDEK,ZAYXAB,1.0
XAZDEK,XAZDIO,1.0
XAZDEK,ZAYWUU,1.0
XAZDIO,ZAYXAB,1.0
XAZDIO,ZAYWUU,1.0
XAZFEJ,ZIWTII,1.0
XEBHOC,XUDNUH,0.7749999761581421
XEBNEX,XUJDAI01,0.3812499940395355
XEBNEX,XUJDAI,0.3812499940395355
XEBNEX,XUJDAI02,0.3812499940395355
XECJUK,XECJUK01,1.0
XECTUX,XECVAF,0.3857142925262451
XECVAF,YUHVEE,0.32499998807907104
XEDLUN,XEDLUN01,1.0
XEDPIH,YAVMIT,1.0
XEDPIH,YUVSUE,0.35999998450279236
XEFFAS,ZIGXEU,0.8999999761581421
XEFGAQ,XEFKOI,1.0
XEGJIE,XEGKEB,1.0
XEGJIE,XEGKUR,1.0
XEGJIE,XEGJOK,1.0
XEGJIE02,XEGKEB,1.0
XEGJIE02,XEGKUR,1.0
XEGJIE02,XEGJOK,1.0
XEGJIE02,XEGJUQ,1.0
XEGJIE02,XEGKAX,1.0
XEGJOK,XEGKEB,1.0
XEGJOK,XEGKUR,1.0
XEGJOK,YUDFEK,1.0
XEGJOK,YUDFIO,1.0
XEGJOK,YUDFOU,1.0
XEGJUQ,XEGKEB,1.0
XEGJUQ,XEGKUR,1.0
XEGKAX,XEGKEB,1.0
XEGKAX,XEGKUR,1.0
XEGKEB,XEGKUR,1.0
XEGKEB,YUDFEK,1.0
XEGKEB,YUDFIO,1.0
XEGKEB,YUDFOU,1.0
XEGKUR,YUDFEK,1.0
XEGKUR,YUDFIO,1.0
XEGKUR,YUDFOU,1.0
XEGQEG,XEGQEG01,1.0
XEGQEG,ZIBFAT,0.25
XEGQEG01,XEGRAD,0.8999999761581421
XEGQEG01,ZIBFAT,0.25
XEGQOQ,YEYMAQ,0.8999999761581421
XEGQUW,XUWVEQ,0.8999999761581421
XEGQUW,YEYMAQ,0.8999999761581421
XEGRAF,XEGREJ,0.7428571581840515
XEGSOU,XEGSOU01,1.0
XEGWAK,XEGWUE,1.0
XEGWIS,XEGWUE,1.0
XEGWIS,XEGXAL,1.0
XEGWIS,XEGXIT,1.0
XEGWIS,XEGXUF,1.0
XEGWIS,XEGYEQ,1.0
XEGWIS,XOQXEH,1.0
XEGWIS,YAPXIX,1.0
XEHDOG,XEHDUM,1.0
XEHGIC,XEHGOI,1.0
XEHGIC,XEHGUO,1.0
XEHGIC,XIVPUQ,0.6666666865348816
XEHGIC,XIVQAX,0.6666666865348816
XEHGOI,XEHGUO,1.0
XEHGUO,XIVPUQ,0.6666666865348816
XEHGUO,XIVQAX,0.6666666865348816
XEHRUY,XEHSAF,1.0
XEHRUY,XEHSEJ,1.0
XEHRUY,XEHSIN,1.0
XEHRUY,XEHSOT,1.0
XEHRUY,XEHSUZ,1.0
XEHRUY,YANWAO,1.0
XEHRUY,YANWAO01,1.0
XEHRUY,YANWAO02,1.0
XEHTIO,XOTRUV,0.8999999761581421
XEHTIO,XOTRIJ,0.8999999761581421
XEHTIO,XOTROP,0.8999999761581421
XEHXIT,ZELDIG,0.8999999761581421
XEJJEC,XEJJIG,0.8999999761581421
XEJJEC,YEGTAG,0.8999999761581421
XEJVAL,XEJVEP,1.0
XEJVAL,XEJVIT,1.0
XEJVAL,XEJVOZ,1.0
XEJVEP,XEJVIT,1.0
XEJVEP,XEJVOZ,1.0
XEJVIT,XEJVOZ,1.0
XEKCAT,XEKCAT01,1.0
XEKCUN,XEKDAU,1.0
XEKDOI,YUMVAF,0.5371428728103638
XELTUG,XELYOF,0.8999999761581421
XELTUG,XELVOC,0.8999999761581421
XELVAO,XELYUL,0.8999999761581421
XELVOC,XELYOF,0.8999999761581421
XEMNUB,XEMPAJ,1.0
XENMIO,XENMOU,1.0
XENMIO,YINCEF,0.8999999761581421
XENMOU,YINCEF,0.8999999761581421
XENRAK,XENREO,0.8999999761581421
XEQLEM,XEQLEM01,1.0
XEQLEM,XUNTEH01,0.8999999761581421
XEQLEM01,XUNTEH01,0.8999999761581421
XEQNEM,YOXZOC,1.0
XEQNEM,YOXXOA03,1.0
XEQNEM,YOXXOA,1.0
XEQNEM02,YOXZOC,1.0
XEQNEM02,YOXXOA03,1.0
XEQNEM02,YOXXOA,1.0
XEQRAO,ZINYUT,0.8999999761581421
XERJOV,ZNACEU,0.44999998807907104
XERJOV,XEWCUA,0.43157893419265747
XESKAJ,XESKEN,1.0
XESKAJ,XESLAK,0.8999999761581421
XESKIR,XESKOX,1.0
XESKUD,YEMLOS,1.0
XESLAK,YEMLUY,0.5320000052452087
XETPOC,ZIMSEV,1.0
XETPOC,ZIMSIZ,1.0
XEVGOV,XEVHIQ,0.8999999761581421
XEVMAM,XEVMUG,0.8999999761581421
XEVMAM,XEVMUG01,0.8999999761581421
XEVMUG,XEVMUG01,1.0
XEVSIB,XEVSIB01,1.0
XEVSIB,XUZRIU,1.0
XEVSIB,YIPFIO,0.7000000476837158
XEVSIB01,XUZRIU,1.0
XEXLAP,XEXLET,0.8999999761581421
XEXLAP,XEXMEU,0.8999999761581421
XEXLAP,XEXMAQ,0.8999999761581421
XEXLAP,XIYZIR,0.6468749642372131
XEXLET,XEXMEU,0.8999999761581421
XEXLET,XEXMAQ,0.8999999761581421
XEXLET,ZATYAX,0.4068181812763214
XEXLIX,XEXMEU,1.0
XEXLIX,XEXLOD,1.0
XEXLIX,XEXMAQ,1.0
XEXLIX,XEXLUJ,1.0
XEXLOD,XEXMEU,1.0
XEXLOD,XEXMAQ,1.0
XEXLUJ,XEXMEU,1.0
XEXLUJ,XEXMAQ,1.0
XEXLUJ,XIYZIR,0.6468749642372131
XEXMAQ,XEXMEU,1.0
XEXMEU,XIYZIR,0.6468749642372131
XEXPUN,XIDCEU,0.8999999761581421
XEXSEA,ZIMMEN,0.8999999761581421
XEXSEA,YITKEU,0.5736842155456543
XEXSEA,YITKIY,0.550000011920929
XEYNOG,XEYNUM,1.0
XEYNOG,XEYPAU,1.0
XEYNOG,ZIVCAK,0.8999999761581421
XEYNUM,XEYPAU,1.0
XEYNUM,ZIVCAK,0.8999999761581421
XEYPAU,ZIVCAK,0.8999999761581421
XEYYUV,ZZZHDA01,1.0
XEZMEW,YAYSOJ,1.0
XEZMEW,XEZMOG,0.8999999761581421
XEZMOG,YAYSOJ,0.8999999761581421
XEZNEY,XEZNOI,1.0
XEZNEY,XEZNIC,1.0
XEZNEY,ZIWMEZ,0.8999999761581421
XEZNIC,XEZNOI,1.0
XEZNIC,ZIWMEZ,0.8999999761581421
XEZNOI,ZIWMEZ,0.8999999761581421
XEZQOL,XEZQUR,0.8999999761581421
XEZQOL,YAQDIF,0.8999999761581421
XEZQUR,XEZREC,0.8999999761581421
XEZVIJ,YUDCOQ,1.0
XEZVIJ,YUBMIS01,1.0
XEZVIJ,YUDCOQ01,1.0
XEZXOQ,XEZXUW,0.551612913608551
XICDUI,ZEVXAB,0.40731707215309143
XICDUI,ZEVWUU,0.40731707215309143
XICNOO,XICYIT,1.0
XICNOO,XICNOO02,1.0
XICNOO,XICNOO01,1.0
XICNOO01,XICYIT,1.0
XICNOO01,XICNOO02,1.0
XICNOO01,XICYEP,0.8999999761581421
XICNOO01,XICYOZ,0.8999999761581421
XICNOO01,XICZAM,0.8999999761581421
XICNOO02,XICYIT,1.0
XICVUB,YOYTUC,0.3842104971408844
XICYEP,XICZAM,1.0
XICYEP,XICYOZ,1.0
XICYOZ,XICZAM,1.0
XIDCEV,XIDCIZ,0.8999999761581421
XIFHEC,XIFHIG,0.8999999761581421
XIGNOT,XINGEJ,1.0
XIGNOT,YOZQAG,0.6351351737976074
XIGYIY,XIGYUK,1.0
XIHSAJ,XIHSEN,1.0
XIHSAJ,XIHSEN01,1.0
XIHSAJ01,XIHSEN,1.0
XIHSAJ01,XIHSEN01,1.0
XIHSEN,XIHSEN01,1.0
XIHWUI,XIHXAP,1.0
XIHWUI,XIHXET,1.0
XIHWUI,XIHXAP01,1.0
XIHXAP,XIHXET,1.0
XIHXAP01,XIHXET,1.0
XIJVIY,YEYCUC,1.0
XIJXAS,ZZZRZW14,1.0
XIJXAS,ZZZRZW13,1.0
XIKGEG01,XIKGEG02,1.0
XIKGEG01,XIKGEG03,1.0
XIKGEG01,YARZEZ,1.0
XIKGEG01,YARZEZ03,1.0
XIKGEG02,XIKGEG03,1.0
XIKGEG02,YARZEZ,1.0
XIKGEG02,YARZEZ01,0.3812499940395355
XIKGEG02,YARZEZ03,1.0
XILLEL,XILLIP,1.0
XILLEL,ZOXFAV,0.8999999761581421
XILLEL,ZOXFEZ,0.8999999761581421
XILLIP,ZOXFAV,0.8999999761581421
XILLIP,ZOXFEZ,0.8999999761581421
XILWUM,XILXUN,0.8999999761581421
XILXOH,YOLXAA,0.9052631258964539
XIMJOV,XIMJUB,1.0
XIMSAP,YIRTOL,0.5108107924461365
XIMSAP,YIRVAZ,0.5108107924461365
XINGEJ,YOZQAG,0.6351351737976074
XINXEZ,ZAWCAE,0.5821428298950195
XINXEZ,ZAWBUX,0.5821428298950195
XINYAW,ZAZVEE,0.5153846144676208
XIPCEF,YOPSUS,0.40535712242126465
XIPLOX,YIKMAG,0.8999999761581421
XIRHOW,YUJCOX,1.0
XISDOU,ZESFEL,1.0
XISMUK,ZAVGUB02,0.3499999940395355
XISTAW,XITDEL,1.0
XISTAW,XUMVIM,1.0
XISXEE,YERFUZ,0.8999999761581421
XITDAH,XUMVUY,1.0
XITDAH,XUMVAE,1.0
XITDAH,XUMVAE01,1.0
XITDEL,XUMVIM,1.0
XITYOP,YOGKOW,0.8999999761581421
XITYOP,YOGKEM,0.8999999761581421
XIVLEW,YOTQIJ,0.8999999761581421
XIVLOE,XIVLUK,1.0
XIVMEW,XIVMEW01,1.0
XIVPUQ,XIVQAX,1.0
XIXCIT,XIXCOZ,1.0
XIYFOA,ZIGXEU,1.0
XIYFOA,ZIGXAQ,1.0
XIYQUU,XOLSOI,0.8999999761581421
XIZCOA,YUDWAX,1.0
XIZCUG,YUDWAX,1.0
XIZDAN,YUDWAX,1.0
XIZDER,YUDWAX,1.0
XIZDIV,YUDWAX,1.0
XIZXEK,YAVVEZ,0.47045451402664185
XIZXEK,YAVVAV,0.47045451402664185
XOBBOI,XOBBUO,1.0
XOBDUO,ZIJGUU01,1.0
XOBDUO,YEYLUJ,1.0
XOBDUO,ZIJGUU,1.0
XOBXIW,ZIGLOT,1.0
XODXIZ,YFORMD03,1.0
XODXIZ,YFORMD02,1.0
XOFPEP,XOFPEP01,1.0
XOFQEQ,XOFQEQ01,1.0
XOFQEQ,XOFQOA,0.8999999761581421
XOFQEQ,XOFRER,0.8999999761581421
XOFQEQ01,XOFQOA,0.8999999761581421
XOFQEQ01,XOFRER,0.8999999761581421
XOFQOA,XOFRER,0.8999999761581421
XOGGOR,XOGGOR01,1.0
XOGGOR,XOVYIR,0.42307692766189575
XOGGOR01,XOVYIR,0.42307692766189575
XOHNEO,XUYYEW,0.8999999761581421
XOHQAN,ZEZPUR,1.0
XOHSUJ,XOHTOE,1.0
XOHSUJ,XOMPEV,1.0
XOHSUJ,XOHTOE01,1.0
XOHSUJ,XOHTOE02,1.0
XOHTOE,XOMPEV,1.0
XOHTOE01,XOMPEV,1.0
XOHTOE02,XOMPEV,1.0
XOJLAK,ZIVBUD,0.8999999761581421
XOJLEO,ZIVCEO,0.8999999761581421
XOJLEO,ZIVCAK,0.8999999761581421
XOJLEO,ZIZTIN,0.8999999761581421
XOJWID,XOJWOJ,1.0
XOJWID,XOJXAW,1.0
XOJWID,XOJXEA,1.0
XOJWID,XOJXIE,1.0
XOKKIS,YEPLAG,0.8999999761581421
XOKKIS,YEPLAG01,0.8999999761581421
XOKKIS,YEPLAG02,0.8999999761581421
XOLSOI,YEKXET,1.0
XOMHEO,YOVCAP,1.0
XOMHIS,ZEGREL,0.9437500238418579
XONLES,XONLES01,1.0
XOPKIX,XOPKOD,1.0
XOPKIX,ZIHFUR,0.36249998211860657
XOPKOD,ZIHFUR,0.36249998211860657
XOPLOE,YAVYAW,1.0
XOPLOE,YAVYAW01,1.0
XOPLOE,YAVYAW02,1.0
XOPLUL,YUSWEQ,0.8999999761581421
XOPXAC,XUFYAA,1.0
XOPXAC,XUFYEE,1.0
XOQXOR,YOCGAZ,0.804347813129425
XORDAJ,ZZZUKQ02,1.0
XORDAJ,ZIHTAO,0.4000000059604645
XORDAJ01,ZZZUKQ02,1.0
XORGUI,XORHET,0.8999999761581421
XOTGUI,ZIGMEJ,1.0
XOTGUI,ZIGMIN,1.0
XOTRIJ,XOTSAC,0.8999999761581421
XOTRIJ,XOTROP,0.8999999761581421
XOTRIJ,XOTRUV,0.8999999761581421
XOTROP,XOTRUV,0.8999999761581421
XOTROP,XOTSAC,0.8999999761581421
XOTRUV,XOTSAC,0.8999999761581421
XOTSEG,XOTSIK,0.8999999761581421
XOTSEG,XULGIW,0.6480000019073486
XOVBIV,XOVBIV01,0.6586206555366516
XOVFOF,YIXYUB,1.0
XOVFOF,XOVFOF01,1.0
XOVFOF01,YIXYUB,1.0
XOVPIH,XOVPON,1.0
XOVQUU,XOVQUU01,1.0
XOVXAI,XOVXEM,0.8999999761581421
XOWSUY,XOWTAF,1.0
XOYCET,YIXZIQ,1.0
XUBGUY,ZEXSOM,0.8999999761581421
XUBJAF,XUBJAF02,1.0
XUBJAF,XUBJAF03,1.0
XUBJAF,XUBJAF01,1.0
XUBJAF01,XUBJAF02,1.0
XUBJAF01,XUBJAF03,1.0
XUBJAF02,XUBJAF03,1.0
XUBJAF02,YOCMAF,0.8999999761581421
XUCHOS,XUCHOS02,1.0
XUCHOS,XUCHOS01,1.0
XUCHOS01,XUCHOS02,1.0
XUDSIY,YAXBUV02,1.0
XUDYAX,XUDYEB,1.0
XUFYAA,XUFYEE,1.0
XUGDOU,XUGDUA,1.0
XUGROI,YEJDAV,0.7269230484962463
XUHJEQ,XUHJEQ01,1.0
XUJCUB,XUJDAI02,0.8999999761581421
XUJCUB,XUJDAI03,0.8999999761581421
XUJCUB,XUJDAI01,0.8999999761581421
XUJDAI,XUJDAI01,1.0
XUJDAI,XUJDAI02,1.0
XUJDAI,XUJDAI03,1.0
XUJDAI01,XUJDAI02,1.0
XUJDAI01,XUJDAI03,1.0
XUJDAI02,XUJDAI03,1.0
XUKJEU,YUMVOT,1.0
XUKJEU,YIFSIS,0.8999999761581421
XUKJUK,YIXZEM,0.8999999761581421
XUKJUK,YIXZAI,0.8999999761581421
XUKKET,XUKKET02,1.0
XUKKET,XUKKET01,1.0
XUKKET01,XUKKET02,1.0
XUKNIC,YIBMON,1.0
XUKNIC,YIBMON01,1.0
XULDEP,XULDOZ,1.0
XULNOJ,YATNEO,0.7269230484962463
XULQEA,ZUNZIT,1.0
XULQEA,XULQEA01,1.0
XULQEA,ZEZQAY,1.0
XULQEA01,ZUNZIT,1.0
XULQEA01,ZEZQAY,1.0
XUMMEZ,XUMMOJ,1.0
XUMMEZ,XUMMUP,0.79677414894104
XUMMOJ,XUMMUP,0.79677414894104
XUMSEF,XUMSIJ,0.8999999761581421
XUMSOP,YELNIM01,0.5142857432365417
XUMVAE,XUMVUY,1.0
XUMVAE,XUMVAE01,1.0
XUMVAE01,XUMVUY,1.0
XUNGOD,XUNSEG,1.0
XUNGOD,XUNSOQ,1.0
XUNGOD,XUNROP,1.0
XUNGUJ,XUNSEG,1.0
XUNGUJ,XUNSOQ,1.0
XUNGUJ,XUNROP,1.0
XUNHAQ,XUNSEG,1.0
XUNHAQ,XUNSOQ,1.0
XUNHAQ,XUNROP,1.0
XUNHAQ,XUNRUV,1.0
XUNHAQ,XUNSAC,1.0
XUNHAQ,XUNSIK,1.0
XUNHAQ,XUNSUW,1.0
XUNHAQ,XUNTAD,1.0
XUNHAQ,XUNTEH,1.0
XUNHAQ,XUNTEH01,1.0
XUNHAQ,XUNTIL,1.0
XUNJIA,XUNJOG,1.0
XUNJIA,ZOZCIC,0.8999999761581421
XUNJOG,ZOZCIC,0.8999999761581421
XUNROP,XUNSEG,1.0
XUNROP,XUNSOQ,1.0
XUNRUV,XUNSEG,1.0
XUNRUV,XUNSOQ,1.0
XUNSAC,XUNSEG,1.0
XUNSAC,XUNSOQ,1.0
XUNSAC,XUNSIK,1.0
XUNSAC,XUNSUW,1.0
XUNSAC,XUNTAD,1.0
XUNSAC,XUNTEH,1.0
XUNSAC,XUNTEH01,1.0
XUNSAC,XUNTIL,1.0
XUNSEG,XUNSOQ,1.0
XUNSIK,XUNSOQ,1.0
XUNSIK,XUNSUW,1.0
XUNSIK,XUNTAD,1.0
XUNSIK,XUNTEH,1.0
XUNSIK,XUNTEH01,1.0
XUNSIK,XUNTIL,1.0
XUNVAF,XUNVEJ,0.6839999556541443
XUPSAE,YEYDUE,1.0
XUVQIQ,XUVQOW,1.0
XUWHAZ,ZAGHAT,0.8999999761581421
XUYDIF,ZULXEL,0.5736842155456543
XUYYEW,XUYYIA,1.0
XUZFAA,XUZFEE,0.8999999761581421
YABHER,YEVRID,0.7666666507720947
YABHER,YEVRID01,0.7666666507720947
YADGIW,YEKXET,0.8999999761581421
YAFJEX,YOZNIM,0.64000004529953
YAFJEX,YOZNAE,0.64000004529953
YAFWEI,YIKPIU,0.5153846144676208
YAGHUM,YUGLES,1.0
YAGHUM,YIMCOP,0.5909091234207153
YANBAR,YANBAR02,1.0
YANBAR01,YANBAR02,1.0
YANBAR01,YANBAR03,1.0
YANBAR01,YANBAR04,1.0
YANBAR01,YICCOE,1.0
YANBAR01,YUKVEG,1.0
YANXIX,YANXIX04,1.0
YANXIX01,YANXIX04,1.0
YANXIX02,YANXIX04,1.0
YANXIX03,YANXIX04,1.0
YANXIX04,ZNFORD,1.0
YANXIX04,ZNFORD01,1.0
YANXIX04,ZNFORD02,1.0
YANXIX04,ZNFORD04,1.0
YANXIX04,ZNFORD05,1.0
YANXIX04,ZNFORD06,1.0
YANXIX04,ZNFORD07,1.0
YANXIX04,ZNFORD08,1.0
YANXIX04,ZNFORD09,1.0
YAPLOS,YAPLUY,0.47647058963775635
YAPLOS,YAPMAF,0.44999998807907104
YAPLUY,YAPMAF,0.4304347634315491
YARZEZ01,YARZEZ02,0.3812499940395355
YASVUM,ZELQAK,0.5813953876495361
YASVUM,YUZPOA,0.5813953876495361
YATDUV,YENTUJ,1.0
YAVMIT,YUVSUE,0.35999998450279236
YAVSIA,YAVVEZ,0.8999999761581421
YAVSIA,YAVVUP,0.8999999761581421
YAVSIA,YAVTUN,0.8999999761581421
YAVSIA,YAVSOG,0.8999999761581421
YAVSIA,YAVVOJ,0.8999999761581421
YAVSIA,YAVWAW,0.8999999761581421
YAVSOG,YAVVOJ,0.8999999761581421
YAVSOG,YAVVAV,0.8999999761581421
YAVTOF,ZUYLOW,0.8999999761581421
YAVTOF,YAVTUL,0.8999999761581421
YAVTUN,YAVWAW,0.8999999761581421
YAVTUN,YAVVAV,0.8999999761581421
YAVTUN,YAVVUP,0.8999999761581421
YAVVAV,YAVVEZ,0.8999999761581421
YAVVAV,YAVVID,0.8999999761581421
YAVVAV,YAVWAW,0.8999999761581421
YAVVAV,ZIPKER,0.5099999904632568
YAVVEZ,YAVVID,0.8999999761581421
YAVVEZ,YAVVOJ,0.8999999761581421
YAVVID,YAVVOJ,0.8999999761581421
YAVVOJ,YAVVUP,0.8999999761581421
YAVYAW,YAVYAW02,1.0
YAVYAW01,YAVYAW02,1.0
YAVYAW02,ZEPGOT,0.5909091234207153
YAVZUT,YAWBAC,0.550000011920929
YAXBOP,YAXCAC,1.0
YAXBUV,YAXCAC,1.0
YAXBUV02,YAXCAC,1.0
YAYNAQ,YAYNEU,1.0
YAYNAQ,YAYNEU01,1.0
YAYNEU,YAYNEU01,1.0
YAYPAR,YAYPEV,1.0
YAZPAT,YAZVAZ,1.0
YAZZAC,YUFLIW,0.8999999761581421
YECNUS,YECPEE,0.8999999761581421
YECNUS,YECPAA,0.8999999761581421
YECPAA,YECPEE,0.8999999761581421
YEFLIF,YEFLIF01,1.0
YEFLIF,YEFLIF02,1.0
YEFLIF01,YEFLIF02,1.0
YEFTAH,YEFTUB,0.8999999761581421
YEFTAH,YEFTOV,0.8999999761581421
YEFTAH,YEFTIP,0.8999999761581421
YEFTIP,YEFTUB,0.8999999761581421
YEFTIP,YEFTOV,0.8999999761581421
YEFTOV,YEFTUB,0.8999999761581421
YEJXUI,YUKDEN,0.6684210300445557
YEKHUU,YEKJEG,0.8999999761581421
YEKXOD,YEKYAQ,1.0
YEKXOD,YEKXUJ,1.0
YEKXOD,ZOTKEA,0.3824999928474426
YEKXUJ,YEKYAQ,1.0
YEKYAQ,ZOTKEA,0.3824999928474426
YELNIM,ZZZSSS01,1.0
YELNIM,YELNIM01,0.550000011920929
YELNIM01,ZZZSSS01,0.550000011920929
YEMGIH,YOQYIO,1.0
YEMRIU,YEMSIV,0.8999999761581421
YEMRIU,YEMROA,0.8999999761581421
YEMRIU,YEMRUG,0.8999999761581421
YEMROA,YEMSIV,0.8999999761581421
YEMROA,YEMSER,0.8999999761581421
YEMROA,YEMSOB,0.8999999761581421
YEMRUG,YEMSER,0.8999999761581421
YEMSAN,YEMSIV,0.8999999761581421
YEMSAN,YEMSER,0.8999999761581421
YEMSAN,YEMSOB,0.8999999761581421
YEMSER,YEMSIV,0.8999999761581421
YEMSER,YEMSOB,0.8999999761581421
YENZAV,YENZEZ,0.8999999761581421
YENZEZ,YENZID,0.8999999761581421
YENZEZ,YENZUP,0.8999999761581421
YENZID,YENZUP,0.8999999761581421
YENZID,YEPBAZ,0.8999999761581421
YEPLAG,YEPLAG02,1.0
YEPLAG,YEPLAG01,1.0
YEPLAG01,YEPLAG02,1.0
YESXAY,YESXEC,1.0
YESXAY,YESYUT,1.0
YESXAY,YESXIG,1.0
YESXAY,YESYIH,1.0
YESXEC,YESYUT,1.0
YESXIG,YESYUT,1.0
YESXIG,YESZAA,1.0
YESXIG,YESZEE,1.0
YESXIG,YESZII,1.0
YESXIG,YETGIQ,1.0
YESXOM,YESYON,1.0
YESXOM,YESXUS,1.0
YESXOM,YESYED,1.0
YESXOM,YESYAZ,1.0
YESXUS,YESYON,1.0
YESXUS,YESYED,1.0
YESYAZ,YESYON,1.0
YESYAZ,YESYED,1.0
YESYED,YESYON,1.0
YESYIH,YESYUT,1.0
YESYUT,YESZEE,1.0
YESZAA,YESZEE,1.0
YESZAA,YESZII,1.0
YESZAA,YETGIQ,1.0
YETFUB,ZEJCUO,0.3117647171020508
YEVQOG,YEYVOO,1.0
YEVQUM,YEYVOO,1.0
YEVQUM,YEYVII,1.0
YEVRID,YEVRID01,1.0
YEXCOW,YICPEI,1.0
YEXCOW,YEXCUC,1.0
YEXCUC,YICPEI,1.0
YEYBOV,YEYBOV01,1.0
YEYLUJ,ZIJGUU,1.0
YEYLUJ,ZIJGUU01,1.0
YEYVII,YEYVOO,1.0
YFORMD,YFORME02,1.0
YFORMD,YFORMD02,1.0
YFORMD,YFORMD03,1.0
YFORMD,YFORME01,1.0
YFORMD02,YFORME02,1.0
YFORMD03,YFORME02,1.0
YFORME01,YFORME02,1.0
YIBQIL,YIBQOR,0.8999999761581421
YICCOE,YUKVEG,1.0
YICGEZ,YICGOJ,0.8999999761581421
YICGOJ,YICKIH,1.0
YICQOS,YICQOS01,1.0
YICQUY,YICRAF,0.8999999761581421
YICRAF,YICRAF01,1.0
YICZES,ZIKJIO,0.8999999761581421
YIDJAX,YIDJAX01,1.0
YIDJAX,YIVPOJ,1.0
YIDJAX01,YIVPOJ,1.0
YIFKEG,YIFLUX,1.0
YIFLUX,ZEYJIZ,0.8999999761581421
YIFSIS,YUMVOT,0.8999999761581421
YIGGEB,YODRAM,1.0
YIGHUU,YIGJAC,1.0
YIGHUU,YIGJIK,1.0
YIGJAC,YIGJIK,1.0
YIGJEG,YIGJUW,1.0
YIGJEG,YIGJOQ,1.0
YIHZIA,YIHZIA01,1.0
YIHZIA,YIHZIA02,1.0
YIHZIA01,YIHZIA02,1.0
YIJNIR,YIJNIR01,1.0
YIKGEF,YIKGEF01,1.0
YIKGEF,YOTXOW,0.8999999761581421
YIKGEF01,YOTXOW,0.8999999761581421
YIKSET,YOYTUC,0.364705890417099
YILJUA,YILKAH,1.0
YILZIF,YILZUR,1.0
YILZIF,YIMBAA,0.8999999761581421
YILZUR,YIMBAA,0.8999999761581421
YIMBUU,YIMCAB,1.0
YIMCEF,YIMCUV,1.0
YIMCEF,YIMCIJ,1.0
YIMCEF,YIMQAP,1.0
YIMCIJ,YIMCUV,1.0
YIMCIJ,YIMQAP,1.0
YIMCOP,YUGLES,0.5909091234207153
YIMCUV,YIMQAP,1.0
YIMCUV,YIMQIX,0.7352941632270813
YIMQET,YIMQOD,1.0
YIMQIX,YIMQOD,0.7352941632270813
YINCEF,YINDAC02,1.0
YINCEF,YINCOP,1.0
YINCIJ,YINDAC02,1.0
YINCIJ,YINCOP,1.0
YINCIJ,YINCUV,1.0
YINCIJ,YINDAC,1.0
YINCIJ,YINDAC01,1.0
YINCIJ,YINDOQ,1.0
YINCOP,YINDAC02,1.0
YINCUV,YINDAC02,1.0
YINDAC,YINDAC02,1.0
YINDAC01,YINDAC02,1.0
YINDAC01,YINDOQ,1.0
YINQOE,YINQUK,0.8999999761581421
YINQOE,YINRAR,0.8999999761581421
YINQOE,YINRIZ,0.8999999761581421
YINQUK,YINRIZ,0.8999999761581421
YINREV,YINRIZ,0.8999999761581421
YIQBAB,YIQBEF01,0.3769230842590332
YIQBAB,YIQBEF,0.3769230842590332
YIQBEF,YIQBEF01,1.0
YIQSOH,YOZKOP,0.4000000059604645
YIQVOL,ZEGRUB,0.8999999761581421
YIRTOL,YIRVAZ,0.8999999761581421
YIRTOL,YIRTUR,0.8999999761581421
YIRTUR,YIRVAZ,0.8999999761581421
YITGOA,ZIYWIQ,0.8999999761581421
YITKEU,YITKIY,0.5285714268684387
YITKIY,YORCEP,0.512499988079071
YIXFIW,ZEDVUB,1.0
YIXFUI,ZEDWAI,1.0
YIXFUI,YOQYIO,0.8999999761581421
YIXYUB,YUWDIF,0.8999999761581421
YIXZAI,YIXZEM,1.0
YOGKEM,YOGKOW,1.0
YOLXAA,YOLXII,0.8999999761581421
YOLZIK,YOMNUL02,1.0
YOLZIK,YOMNUL01,1.0
YOLZIK,YOMNUL10,1.0
YOMNUL,YOMNUL02,1.0
YOMNUL,YOMNUL01,1.0
YOMNUL,YOMNUL10,1.0
YOMNUL,YOMNUL03,1.0
YOMNUL,YOMNUL09,1.0
YOMNUL,YOMNUL11,1.0
YOMNUL01,YOMNUL02,1.0
YOMNUL01,YOMNUL10,1.0
YOMNUL01,YOMNUL03,1.0
YOMNUL01,YOMNUL09,1.0
YOMNUL01,YOMNUL11,1.0
YOMNUL02,YOMNUL10,1.0
YOMNUL03,YOMNUL10,1.0
YOMNUL09,YOMNUL10,1.0
YOMNUL09,YOMNUL11,1.0
YOSLIB,YOSLIB03,1.0
YOSLIB,YOSLIB04,1.0
YOSLIB01,YOSLIB03,1.0
YOSLIB01,YOSLIB04,1.0
YOSLIB02,YOSLIB03,1.0
YOSLIB02,YOSLIB04,1.0
YOSLIB03,YOSLIB04,1.0
YOSLIB04,YOZROW,0.8999999761581421
YOSLIB04,YOZRUC,0.8999999761581421
YOSLIB04,YOZSAJ,0.8999999761581421
YOSWUA,ZIHKAF,0.6827585697174072
YOTQIJ,YOTQUV,0.8999999761581421
YOWPIK,ZEKKOR,0.8999999761581421
YOXXOA,YOXXOA01,1.0
YOXXOA,YOXXOA02,1.0
YOXXOA,YOXXOA03,1.0
YOXXOA,YOXZOC,1.0
YOXXOA01,YOXXOA02,1.0
YOXXOA01,YOXXOA03,1.0
YOXXOA01,YOXZOC,1.0
YOXXUG,YOXXUG01,1.0
YOYNOR,YOYPAF,1.0
YOYNOR,YOYNUX,1.0
YOYNOR,YOYPEJ,1.0
YOYNUX,YOYPAF,1.0
YOYNUX,YOYPEJ,1.0
YOYPIN,YOYPOT,1.0
YOYPIN,YOYQAG,1.0
YOYPIN,YOYPUZ,1.0
YOYPIN,YOYQEK,1.0
YOYPOT,YOYQAG,1.0
YOYPUZ,YOYQAG,1.0
YOYPUZ,YOYQEK,1.0
YOYQIO,YOYQOU,1.0
YOYQIO,YOYREL,1.0
YOYQIO,YOYRAH,1.0
YOYQIO,YOYQUA,1.0
YOYQIO,YOYRIP,1.0
YOYQOU,YOYREL,1.0
YOYQOU,YOYRAH,1.0
YOYQUA,YOYREL,1.0
YOYQUA,YOYRAH,1.0
YOYQUA,YOYRIP,1.0
YOYRAH,YOYREL,1.0
YOYRAH,YOYRIP,1.0
YOZMEH,ZOFDUV,1.0
YOZMIL,ZOFDUV,1.0
YOZMOR,ZOFDUV,1.0
YOZMUX,ZOFDUV,1.0
YOZNAE,ZOFDUV,1.0
YOZNEI,ZOFDUV,1.0
YOZNIM,ZOFDUV,1.0
YOZNOS,ZOFDUV,1.0
YOZNUY,ZOFDUV,1.0
YOZPAG,ZOFDUV,1.0
YOZQAG,YOZQEK,1.0
YOZQAG,YURKAY,0.8999999761581421
YOZQEK,YURJUR,0.8999999761581421
YOZQEK,YURKIG,0.8999999761581421
YOZROW,YOZRUC,1.0
YOZROW,YOZSAJ,1.0
YOZRUC,YOZSAJ,1.0
YUBFUX,YUBFUX01,1.0
YUBMIS,YUDCOQ01,1.0
YUBMIS,YUBMIS01,1.0
YUBMIS,YUBMIS02,1.0
YUBMIS,YUDCOQ,1.0
YUBMIS01,YUDCOQ01,1.0
YUBMIS01,YUBMIS02,1.0
YUBMIS01,YUDCOQ,1.0
YUBMIS02,YUDCOQ01,1.0
YUCCOP,YUCDUW,0.8999999761581421
YUCCOP,YUCCUV,0.8999999761581421
YUCCOP,YUCDEG,0.8999999761581421
YUCCOP,YUCDOQ,0.8999999761581421
YUCCUV,YUCDUW,0.8999999761581421
YUCCUV,YUCDEG,0.8999999761581421
YUCCUV,YUCDAC,0.8999999761581421
YUCCUV,YUCDOQ,0.8999999761581421
YUCDAC,YUCDEG,0.8999999761581421
YUCDAC,YUCDIK,0.8999999761581421
YUCDAC,YUCDUW,0.8999999761581421
YUCDEG,YUCDUW,0.8999999761581421
YUCDEG,YUCDIK,0.8999999761581421
YUCDIK,YUCDUW,0.8999999761581421
YUCDIK,YUCDOQ,0.8999999761581421
YUCDOQ,YUCDUW,0.8999999761581421
YUCNEQ,YUDVIC,0.8999999761581421
YUDCOQ,YUDCOQ01,1.0
YUDCOQ,ZAMBIY,0.8999999761581421
YUDYAX,YUDYAX01,1.0
YUHMIZ,YUHMUL,1.0
YUJNIB,YUJNOH,1.0
YUJNIB,ZIYZEO,0.3769230842590332
YUJNOH,ZIYZEO,0.3769230842590332
YUKVIK,ZIGLOT,1.0
YUKVUW,ZNFORD06,1.0
YUKVUW,ZNFORD08,1.0
YUKVUW01,ZNFORD06,1.0
YUKVUW01,ZNFORD08,1.0
YUKVUW02,ZNFORD06,1.0
YUKVUW02,ZNFORD08,1.0
YUKVUW03,ZNFORD06,1.0
YUKVUW03,ZNFORD08,1.0
YUKVUW04,ZNFORD06,1.0
YUKVUW04,ZNFORD08,1.0
YUKVUW05,ZNFORD06,1.0
YUKVUW05,ZNFORD08,1.0
YUKVUW06,ZNFORD06,1.0
YUKVUW06,ZNFORD08,1.0
YUKVUW07,ZNFORD06,1.0
YUKVUW07,ZNFORD08,1.0
YUMVAF,YUMVOT,0.8999999761581421
YUNHUL,YUNJOH,1.0
YUNHUL,YUNKIC,1.0
YUNJEX,YUNJOH,1.0
YUNJEX,YUNKIC,1.0
YUNJIB,YUNJOH,1.0
YUNJIB,YUNKIC,1.0
YUNJIB,YUNJUN,1.0
YUNJOH,YUNKIC,1.0
YUNJUN,YUNKIC,1.0
YUQMUU,YUQNAB,1.0
YUQMUU,ZABQIC,0.550000011920929
YUQMUU,ZIHFUR01,0.530434787273407
YUQNAB,ZABQIC,0.550000011920929
YUQNAB,ZIHFUR01,0.530434787273407
YURCOF,YURDAS,0.8999999761581421
YURJUR,YURKAY,0.8999999761581421
YURKAY,YURKEC,0.8999999761581421
YURKEC,YURKIG,0.8999999761581421
YUSQEJ,YUSQIN,1.0
YUSWEQ,YUSWIU,1.0
YUWDIF,ZIQDEL,0.5108107924461365
YUWKEH,YUWKEH01,1.0
YUYGOQ,YUYLIP,1.0
YUYGOQ,YUYLEL,1.0
YUYLEL,YUYLIP,1.0
YUZBIG,YUZCAZ,1.0
YUZBIG,YUZBOM,1.0
YUZBIG,YUZBUS,1.0
YUZBIG,YUZCED,1.0
YUZBOM,YUZCAZ,1.0
YUZBOM,YUZBUS,1.0
YUZBOM,YUZCED,1.0
YUZBUS,YUZCAZ,1.0
YUZBUS,YUZCED,1.0
YUZJOU,ZIBRAD,1.0
YUZPEQ,YUZPIU,0.79749995470047
YUZPEQ,YUZPOA,0.7461538910865784
YUZPIU,YUZPOA,0.845714271068573
YUZPIU,ZELQAK,0.800000011920929
YUZPOA,ZELQAK,0.9419354796409607
ZABQIC,ZEVWUU,0.5029411315917969
ZADWOT,ZIHTAO,0.8999999761581421
ZARLEL,ZARLIP,1.0
ZASTUK,ZASVEW,0.8999999761581421
ZATPIW,ZATPOC,1.0
ZAVPET,ZAVQOE,0.8999999761581421
ZAVPET,ZAVQAQ,0.8999999761581421
ZAVPET,ZAVPIX,0.8999999761581421
ZAVPET,ZAVQIY,0.8999999761581421
ZAVPET,ZAVRAR,0.8999999761581421
ZAVPET,ZAVRIZ,0.8999999761581421
ZAVPIX,ZAVPOD,0.8999999761581421
ZAVPIX,ZAVREV,0.8999999761581421
ZAVPIX,ZAVROF,0.8999999761581421
ZAVPOD,ZAVQUK,0.8999999761581421
ZAVPOD,ZAVRAR,0.8999999761581421
ZAVPOD,ZAVPUJ,0.8999999761581421
ZAVPOD,ZAVRIZ,0.8999999761581421
ZAVPUJ,ZAVQIY,0.8999999761581421
ZAVPUJ,ZAVQOE,0.8999999761581421
ZAVPUJ,ZAVQAQ,0.8999999761581421
ZAVQAQ,ZAVQIY,0.8999999761581421
ZAVQAQ,ZAVREV,0.8999999761581421
ZAVQEU,ZAVQUK,0.8999999761581421
ZAVQEU,ZAVQIY,0.8999999761581421
ZAVQEU,ZAVREV,0.8999999761581421
ZAVQEU,ZAVRAR,0.8999999761581421
ZAVQIY,ZAVROF,1.0
ZAVQIY,ZAVQOE,0.8999999761581421
ZAVQIY,ZAVQUK,0.8999999761581421
ZAVQIY,ZAVRAR,0.8999999761581421
ZAVQOE,ZAVRAR,0.8999999761581421
ZAVQUK,ZAVREV,0.8999999761581421
ZAVREV,ZAVROF,0.8999999761581421
ZAWBUX,ZAWCIM,1.0
ZAWBUX,ZAWCAE,1.0
ZAWBUX,ZAWCEI,1.0
ZAWCAE,ZAWCIM,1.0
ZAWCEI,ZAWCIM,1.0
ZAWTIC,ZAWTUO,0.8999999761581421
ZAXLUH,ZZZFUU02,1.0
ZAXLUH,ZZZFUU01,1.0
ZAXQOG,ZAXQUM,1.0
ZAYWUU,ZAYXAB,1.0
ZAZBUZ,ZUBKEO,1.0
ZEBMAW,ZEXSOM,0.8999999761581421
ZECBOB,ZECCAO,0.8999999761581421
ZECBOB,ZECBUH,0.8999999761581421
ZECBUH,ZECCAO,0.8999999761581421
ZECKID,ZIJVOF01,1.0
ZECKID,ZIJVIZ01,1.0
ZECKID,ZIJVOF02,1.0
ZECKID,ZIJVIZ,1.0
ZECKID,ZIJVOF,1.0
ZECKOJ,ZIJVOF01,1.0
ZECKOJ,ZIJVIZ01,1.0
ZECKOJ,ZIJVOF02,1.0
ZEDQEG,ZEDRAD,0.8999999761581421
ZEDQOQ,ZEDRAD,0.8999999761581421
ZEDZAL,ZEDZAL01,1.0
ZEFDEW,ZEFDIA,0.8999999761581421
ZEFDEW,ZEFDOG,0.8999999761581421
ZEFDIA,ZEFDOG,0.8999999761581421
ZEFLAZ,ZEFLAZ01,1.0
ZEFRIN,ZEFSOU01,0.8999999761581421
ZEFROT,ZEFSEK,0.8999999761581421
ZEFSAG,ZEFSUA,0.8999999761581421
ZEFSOU,ZEFSOU01,1.0
ZEFSUA,ZEFSUA01,1.0
ZEGRIP,ZEGROV,1.0
ZEGRUB,ZEGSAI,1.0
ZEJCUO,ZEJDAV,0.36129030585289
ZEKKOR,ZEKKUX,1.0
ZELQAK,ZOFZIF,0.8999999761581421
ZELQOZ,ZOTPOP,0.6558823585510254
ZELQOZ,ZOTPUV,0.5558823347091675
ZELROZ,ZILBUT,1.0
ZERNAN,ZERNIV,0.8999999761581421
ZERNAN,ZERNUH,0.8999999761581421
ZERNAN,ZERNOB,0.8999999761581421
ZERNIV,ZERNUH,0.8999999761581421
ZERNIV,ZERNOB,0.8999999761581421
ZERNOB,ZERNUH,0.8999999761581421
ZESFAH,ZIJSAO,0.8999999761581421
ZESMOC,ZESNUJ,0.8999999761581421
ZESMOC,ZESPAR,0.8999999761581421
ZESMUI,ZESNIX,0.8999999761581421
ZESMUI,ZESNAP,0.8999999761581421
ZESMUI,ZESPEV,0.8999999761581421
ZESNAP,ZESNIX,0.8999999761581421
ZESNET,ZESNUJ,0.8999999761581421
ZESNET,ZESNIX,0.8999999761581421
ZESNET,ZESNOD,0.8999999761581421
ZESNET,ZESPIZ,0.8999999761581421
ZESNIX,ZITSUT,1.0
ZESNIX,ZESPOF,1.0
ZESNIX,ZESNOD,0.8999999761581421
ZESNIX,ZESPAR,0.8999999761581421
ZESNIX,ZESPEV,0.8999999761581421
ZESNIX,ZESPUL,0.8999999761581421
ZESNIX,ZESQAS,0.8999999761581421
ZESNOD,ZESPUL,0.8999999761581421
ZESNOD,ZESPAR,0.8999999761581421
ZESNUJ,ZESPAR,0.8999999761581421
ZESNUJ,ZESPOF,0.8999999761581421
ZESNUJ,ZESPIZ,0.8999999761581421
ZESPAR,ZESPIZ,0.8999999761581421
ZESPOF,ZITSUT,1.0
ZESPUL,ZESQAS,1.0
ZESTIC,ZESTIC01,1.0
ZETQAS,ZETQIA,0.8999999761581421
ZEVQAV,ZEVQEZ,0.8999999761581421
ZEVQAV,ZEVQID,0.8999999761581421
ZEVQEZ,ZEVQID,0.8999999761581421
ZEVWUU,ZEVXAB,0.4923076927661896
ZEVXAB,ZEVXEF,0.4749999940395355
ZEYJIZ,ZEYJOF,0.6000000238418579
ZEYRAZ,ZEYRED,0.8815789818763733
ZEYRAZ,ZEYRIH,0.7815789580345154
ZEYRAZ,ZEYRON,0.7815789580345154
ZEYRED,ZEYRON,0.8999999761581421
ZEYRED,ZEYRIH,0.8999999761581421
ZEYRIH,ZEYRON,0.8999999761581421
ZEZQAY,ZUNZIT,1.0
ZEZQIG,ZUPBET,1.0
ZIBGIC,ZUSHEC,0.752500057220459
ZICNIL,ZICNUX,0.7000000476837158
ZICNUX,ZICZAP,0.8999999761581421
ZIDVEP,ZIKCON,0.6142857670783997
ZIFZOG,ZIFZUM,0.8999999761581421
ZIGFEC,ZIGFIG,1.0
ZIHFUR,ZIHFUR01,1.0
ZIJVIZ,ZIJVIZ01,1.0
ZIJVIZ,ZIJVOF02,1.0
ZIJVIZ,ZIJVOF,1.0
ZIJVIZ,ZIJVOF01,1.0
ZIJVIZ01,ZIJVOF02,1.0
ZIJVOF,ZIJVOF02,1.0
ZIJVOF01,ZIJVOF02,1.0
ZIKCON,ZUSHEC,0.7249999642372131
ZIKCON,ZIKCUT,0.5973684191703796
ZIKJIO,ZIKJOU,1.0
ZIMSEV,ZIMSIZ,1.0
ZIMTUN,ZIMVAV,0.8999999761581421
ZINQAR,ZINQEV,0.6516129374504089
ZIPKER,ZIPKUH,0.8999999761581421
ZIQQAU,ZIQQOI,0.8999999761581421
ZIQQAU,ZIQQEY,0.7954545021057129
ZIQQEY,ZIQQOI,0.695454478263855
ZIQRAV,ZIQROJ,0.8999999761581421
ZIQRAV,ZIQRID,0.8999999761581421
ZIQRAV,ZIQREZ,0.8999999761581421
ZIQRAV,ZIQRUP,0.8999999761581421
ZIQREZ,ZIQRID,0.8999999761581421
ZIQREZ,ZIQRUP,0.8999999761581421
ZIQREZ,ZIQSAW,0.8999999761581421
ZIQRID,ZIQRUP,0.8999999761581421
ZIQRID,ZIQSAW,0.8999999761581421
ZIQRID,ZIQROJ,0.8999999761581421
ZIQROJ,ZIQRUP,0.8999999761581421
ZIQRUP,ZIQSAW,0.8999999761581421
ZIQVAY,ZOFSIY,1.0
ZIQVAY,ZIQVEC,1.0
ZIQVEC,ZOFSIY,1.0
ZISFEO,ZISFEO01,1.0
ZISXOQ,ZISYAD,1.0
ZISXUW,ZISYAD,1.0
ZIVBUD,ZIZTIN,0.8999999761581421
ZIVBUD,ZIVCEO,0.8999999761581421
ZIVCAK,ZIVCEO,0.8999999761581421
ZIVCEO,ZIZTIN,0.8999999761581421
ZIVCEO,ZIZTIN01,0.8999999761581421
ZIWKEY,ZIWKIC,1.0
ZIWKEY,ZIWNIF,1.0
ZIWKEY,ZIWLEZ,1.0
ZIWKEY,ZIWKOI,1.0
ZIWKEY,ZIWKUO,1.0
ZIWKEY,ZIWLAV,1.0
ZIWKEY,ZIWNOL,1.0
ZIWKIC,ZIWNIF,1.0
ZIWKIC,ZIWLEZ,1.0
ZIWKOI,ZIWNIF,1.0
ZIWKOI,ZIWLEZ,1.0
ZIWKUO,ZIWNIF,1.0
ZIWKUO,ZIWLEZ,1.0
ZIWLAV,ZIWNIF,1.0
ZIWLAV,ZIWLEZ,1.0
ZIWLAV,ZIWNOL,1.0
ZIWLEZ,ZIWNIF,1.0
ZIWLEZ,ZIWNOL,1.0
ZIWRIJ,ZIWRUV,1.0
ZIWRIJ,ZIZTOT,1.0
ZIWRUV,ZIZTOT,1.0
ZIZSEI,ZIZSEI01,1.0
ZIZTIN,ZIZTIN01,1.0
ZNGLUD,ZNGLUD01,1.0
ZNGLUD,ZNGLUD02,1.0
ZNGLUD01,ZNGLUD02,1.0
ZODXOH,ZODYAU,0.5142857432365417
ZOFZAX,ZOFZEB,1.0
ZOMKAP,ZOMKAP01,1.0
ZOMPAU,ZOMPAU01,1.0
ZOTPOP,ZOTPUV,0.8999999761581421
ZOXFAV,ZOXFEZ,1.0
ZOYKAB,ZOZKAC,1.0
ZOYZAQ,ZOYZAQ01,1.0
ZOZBAT,ZOZBEX,1.0
ZOZWUI,ZOZXAP,1.0
ZUDWUS,ZUDXAZ,1.0
ZZZBQV02,ZZZBQV03,1.0
ZZZBQV02,ZZZBQY01,0.8999999761581421
ZZZBQV03,ZZZBQY01,0.8999999761581421
ZZZEJE01,ZZZEJE02,1.0
ZZZEJE02,ZZZHZC01,0.8999999761581421
ZZZFUI01,ZZZFUI04,1.0
ZZZFUI01,ZZZFUI03,1.0
ZZZFUI02,ZZZFUI04,1.0
ZZZFUI02,ZZZFUI03,1.0
ZZZFUI03,ZZZFUI04,1.0
ZZZFUU01,ZZZFUU02,1.0
ZZZLZE02,ZZZRZW05,1.0
ZZZLZE02,ZZZRZW14,1.0
ZZZLZE02,ZZZRZW13,1.0
ZZZLZE02,ZZZRZW06,1.0
ZZZRZW05,ZZZRZW14,1.0
ZZZRZW05,ZZZRZW13,1.0
ZZZRZW06,ZZZRZW14,1.0
ZZZRZW06,ZZZRZW13,1.0
ZZZRZW13,ZZZRZW14,1.0
