source,target,weight
ABAVIJ,ABAVOP,0.9999999403953552
ABAVIJ,BOWDIC,0.9999999403953552
ABAVIJ,CIJBEE,0.9999999403953552
ABAVIJ,AHETAK,0.9999999403953552
ABAVIJ,BASJUB,0.5499999523162842
ABAVIJ,CEBGAS,0.4535714089870453
ABAVIJ,DARYIF,0.9977757334709167
ABAVOP,CEYPUT,0.9999999403953552
ABAVOP,BOWDOI,0.9999999403953552
ABAVOP,BOWDIC,0.9999999403953552
ABAVOP,ABAVUV,0.9999999403953552
ABAVOP,BOWDUO,0.9999999403953552
ABAVOP,BUVNIR,0.9977757334709167
ABAVUV,CEYPUT,0.9999999403953552
ABAVUV,CIJBEE,0.9999999403953552
ABAYIM,ABAYOS,1.0
ABAYIM,ABAYOS01,1.0
ABAYIM,DEGBUO,0.9848994612693787
ABAYIM,ASUQOV,0.9821665287017822
ABAYIO,DEPXIG,1.0
ABAYIO,DEPXOM,1.0
ABAYIO,CIBTIT,1.0
ABAYIO,CEHKUW,0.9970499873161316
ABAYIO,CUMLUT,0.9970499873161316
ABAYOS,ABAYOS01,1.0
ABAYOS,DEGBUO,0.9848994612693787
ABAYOS,DEGBOI,0.9794056415557861
ABAYOS01,DEGBUO,0.9848994612693787
ABAYOU,CIFMIP,0.9999999403953552
ABAYOU,AVUCEA,0.9999999403953552
ABAYOU,CIPLIX,0.9999999403953552
ABAYOU,BEXVAD01,0.699999988079071
ABEFUL,DIBJEF,0.9998192191123962
ABEFUL,DIBJIJ,0.9998192191123962
ABEFUL,COKROL,0.6292967796325684
ABEMIF,DIHVIB01,1.0
ABEMIF,DIHVIB,1.0
ABEMIF,BODPAN,1.0
ABEMIF,AHEBAS,0.4724137783050537
ABEMIF,ALAMUW,0.550000011920929
ABEMIF,ASOSUY,0.6684210300445557
ABEMIF,BABREE,0.7749999761581421
ABEMIF,BAXGEP,0.64000004529953
ABEMIF,CELZIE,0.6378308534622192
ABEMIF,CELZOK,0.7331249713897705
ABIWOX,ADONEP,0.9996275901794434
ABIWOX,BUKMUQ01,0.9977757334709167
ABIWOX,BUKMUQ,0.9977757334709167
ABIWOX,ACAJOG,0.7257145643234253
ABIWOX,ACAKEX,0.7257145643234253
ABIWOX,AVIPAX,0.9963152408599854
ABIWOX,AVIPOL,0.9963152408599854
ABIWOX,BIYTEK,0.7260869145393372
ABIWOX,BIYTOU,0.9972895383834839
ABUFOU,ABUFUA,0.9989085793495178
ABUFOU,CUTKUY,0.9819706082344055
ABUFOU,AYOQEM,0.7250717878341675
ABUFOU,CIBTIR,0.7080575823783875
ABUFOU,CUBBEI,0.3974996507167816
ABUFUA,CUTKUY,0.9800522327423096
ABUFUA,AYOQEM,0.7285497188568115
ABUFUA,CIBTIR,0.7061392068862915
ABUFUA,CUBBEI,0.398288369178772
ABUWOJ,BADZAK,1.0
ABUWOJ,CUZBUW,0.9977757334709167
ABUWOJ,BUKLOJ01,0.9977757334709167
ABUWOJ,AHOBAB,0.7327938079833984
ABUWOJ,AWEYAE,0.7000000476837158
ABUWOJ,AXOCEW,0.6142857670783997
ABUWOJ,DAWCIP,0.7000000476837158
ABUWOJ,DAWCOV,0.697499692440033
ACAFAO,CEZZIR,0.7749999761581421
ACAFAO,CEZZEN,0.7749999761581421
ACAFAO,CEJXEW,0.6753767728805542
ACAFAO,BELHOR,0.6021066308021545
ACAFAO,BIZLUT,0.5971158742904663
ACAJIY,AFADAN,0.3316216468811035
ACAJIY,CUBKUF,0.3215804994106293
ACAJIY,ARUJED,0.28840872645378113
ACAJOG,ADONEP,0.7260869741439819
ACAJOG,DITHOG,0.7239177823066711
ACAKEX,ADONEP,0.7260869741439819
ACAKEX,DITJOI,0.7239177823066711
ACAKUM,ACALAT,0.9987545013427734
ACAKUM,ACALEX,0.9985291957855225
ACAKUM,ACALIB,0.9978838562965393
ACAKUM,CUTBIE,0.8199999928474426
ACALAT,ACALEX,0.9998192191123962
ACALAT,ACALIB,0.999313473701477
ACALAT,CUTBEA,0.8199999332427979
ACALEX,ACALIB,0.9994291663169861
ACALEX,CUTBOK,0.8199999332427979
ACAZEK,CAVCEI,0.33713769912719727
ACAZEK,ACRNCU01,0.29694679379463196
ACAZEK,COFORM10,0.20963770151138306
ACAZEK,AZPYCD,0.20935919880867004
ACENIF,AWEYUX,0.4888039529323578
ACENIF,AWEZAE,0.4888039529323578
ACENIF,AVULEJ,0.4888039529323578
ACIBIY,CNPRCV,0.9996275901794434
ACIBIY,CIQYUX,0.32499998807907104
ACIBIY,CABQEB,0.32499998807907104
ACIBOE,AGIREP,1.0
ACIBOE,CEHLAD,1.0
ACIBOE,CADPII,1.0
ACIBOE,BEQKAM,1.0
ACICOH,AKOXIJ,1.0
ACICOH,BAHGUN02,0.9999494552612305
ACICOH,BAHGUN01,0.9999494552612305
ACMPCD,DEFFEC,0.9968591928482056
ACMPCD,COBWEV,0.7300000190734863
ACMPCD,CURZEV,0.7183676362037659
ACMPCD,COBWIZ,0.4629032015800476
ACMPCD,CYTPCD10,0.5263158082962036
ACOBEC,CAVMUJ01,1.0
ACOBEC,BADJIC,1.0
ACOBEC,BADHOG,1.0
ACODAA,ACODEE,1.0
ACODAA,AQOMAW,0.8408057689666748
ACODAA,COJHIT,0.8408057689666748
ACODAA,ADUJER,0.5654772520065308
ACODAA,BIBXOB,0.548810601234436
ACODAA,BIBXUH,0.8399870991706848
ACODED,BELTUJ,0.9996275901794434
ACODED,COGNAO,0.9965804815292358
ACODED,ACODIH,0.9965804815292358
ACODEE,AQOMAW,0.8408057689666748
ACODEE,COJHIT,0.8408057689666748
ACODEE,ADUJER,0.5654772520065308
ACODEE,AFOYOK,0.8397262096405029
ACODEE,BIBXOB,0.548810601234436
ACODIH,COGNAO,1.0
ACODIH,CESQUP,1.0
ACODIH,BELTUJ,0.9977757334709167
ACODIH,BELTOD,0.9974996447563171
ACODIH,BELVAR,0.9974996447563171
ACODIH,BELVEV,0.9974996447563171
ACODON,DARDUX,1.0
ACODON,DARDIL,0.9998192191123962
ACODON,DARFOT,0.999731719493866
ACODON,CUKJUO,0.7259061932563782
ACOFEG,ACOFIK,0.9998192191123962
ACOFEG,DANFUW,0.967766523361206
ACOFEG,ACUREY,0.967766523361206
ACOFIK,DANFUW,0.9688132405281067
ACOFIK,ACUREY,0.9688132405281067
ACOGAB,ACOGEF,1.0
ACOGAB,AVAQIX,0.4599999785423279
ACOGAB,CESNUM,0.4599999785423279
ACOGEF,AVAQIX,0.4599999785423279
ACOGEF,CESNUM,0.4599999785423279
ACOLOV,CAZNEY,0.9939473867416382
ACOLOV,ADODII,0.9812385439872742
ACOLOV,ADODUU,0.9808584451675415
ACOLOV,ADODOO,0.9801182150840759
ACOVEU,CEKYIC,0.9939473867416382
ACOVEU,BIRGAM,0.9939473867416382
ACOVEU,AHIJOQ,0.9788232445716858
ACOVEU,AFOYEB,0.7230768799781799
ACOVEU,AGOXAL,0.322137713432312
ACOVEU,DANWUL,0.39962929487228394
ACRNCU,CIZTIP,0.23905205726623535
ACRNCU,CNPRCV,0.21250000596046448
ACRNCU,DEPWAX,0.21250000596046448
ACRNCU01,CDCYAC,0.2999730110168457
ACRNCU01,AXOFOJ01,0.2638217806816101
ACRNCU01,DACQOQ,0.2582014203071594
ACUBOP,ACUBOP01,1.0
ACUBOP,CEJFUU,0.9970499873161316
ACUBOP,CURSEO,0.9955214262008667
ACUBOP,ASALOV,0.48571428656578064
ACUBOP01,CEJFUU,0.9970499873161316
ACUBOP01,CURSEO,0.9955214262008667
ACUGAH,AQEGUZ,0.9514781832695007
ACUGAH,AMIWID,0.42471155524253845
ACUGAH,AMIWUP,0.42219462990760803
ACUREY,DANFUW,1.0
ACUWIH,ACUWON,0.9972895383834839
ACUWIH,CUQXAP,0.6632139682769775
ACUWIH,CUQXIX,0.662764310836792
ACUWIH,CIRTAB,0.5881986618041992
ACUWON,CUQXAP,0.6634900569915771
ACUWON,CUQXIX,0.6596616506576538
ACUWON,AFENOQ,0.5049999356269836
ACUWON,AFENOQ01,0.5049999356269836
ACUWON,CIRTAB,0.5909090638160706
ACUXAY,DIYREK,0.44161728024482727
ACUXAY,CEQPOG,0.438040167093277
ACUXAY,BOYFUS,0.4120500087738037
ACUXAY,BUTXOE,0.3563830852508545
ACUXUU,ACUYAB,1.0
ACUXUU,BUNLAZ,0.8427040576934814
ACUXUU,BUNKUS,0.8427040576934814
ACUYAB,BUNLAZ,0.8427040576934814
ACUYAB,BUNKUS,0.8427040576934814
ADAQAA,CEMBII,0.6192307472229004
ADAQAA,AFOTOF,0.6135950684547424
ADAQAA,AFOTUL,0.6133807897567749
ADARAA,BIPSUQ,0.748464822769165
ADARAA,DAJVES,0.6651162505149841
ADARAA,DAJWET,0.6614315509796143
ADASAB,BOVHEB,0.8559554815292358
ADASAB,DEFTAL01,0.8308775424957275
ADASAB,DEFTAL,0.8308775424957275
ADASEF,DACZUF,0.9996275901794434
ADASEF,ASEJOZ01,0.8235306739807129
ADASEF,ASEJIT,0.8235306739807129
ADASEF,ADATIK,0.7146341800689697
ADASIJ,ADASUV,0.9996275901794434
ADASIJ,ADASOP,0.9965804815292358
ADASIJ,BUCWAZ,0.9562806487083435
ADASIJ,CAJQEL,0.7428571581840515
ADASOP,ADASUV,0.9977757334709167
ADASOP,BUCWAZ,0.9602353572845459
ADASOP,CAJQEL,0.7394376397132874
ADASUV,BUCWAZ,0.9579473733901978
ADASUV,CAJQEL,0.7424846887588501
ADATAC,DEGMAG01,0.6977757811546326
ADATAC,DEGMAG,0.6977757811546326
ADATAC,CIJBAB,0.6674572825431824
ADATIK,DACZUF,0.7142617702484131
ADATIK,DEFTAL01,0.6996276378631592
ADATOQ,ADATUW,1.0
ADATOQ,ADAVEI,1.0
ADATOQ,ADAVIM,0.7923077344894409
ADATOQ,ADAVAE,0.5199999809265137
ADATUW,ADAVEI,1.0
ADATUW,ADAVIM,0.7923077344894409
ADATUW,ADAVAE,0.5199999809265137
ADAVAE,ADAVEI,0.5199999809265137
ADAVEI,ADAVIM,0.7923077344894409
ADEGEY,DADXUE,0.6318181753158569
ADEGEY,CIFDUS,0.6288681626319885
ADEGEY,CIFDOM,0.6288681626319885
ADEGIA,ATIKAP,1.0
ADEGIA,ADEGIA01,1.0
ADEGIA,ALUKAU,0.999916136264801
ADEGIA,AVAQET,0.9996404051780701
ADEGIA01,ATIKAP,1.0
ADEGIA01,ALUKAU,0.999916136264801
ADEGIA01,AVAQET,0.9996404051780701
ADEZUH,BUQROV,1.0
ADEZUH,CUMJEB,0.5295687317848206
ADEZUH,ARAXEX,0.5026869773864746
ADEZUH,AVOGEZ,0.4138824939727783
ADEZUH,BOQLEZ,0.34008193016052246
ADEZUH,CAXWUV,0.4267679452896118
ADEZUH,CUMJAX,0.4305211305618286
ADINCU,CUSYUM,1.0
ADINCU,CUSZIB,1.0
ADINCU,CUXLEO,1.0
ADINUZ,CUQYEU,0.6557424068450928
ADINUZ,CEKWEW,0.654339075088501
ADINUZ,BEFKEF01,0.6512410044670105
ADIPUA,ADIQAH,1.0
ADIPUA,AVELOD,0.4374999701976776
ADIPUA,AVELUJ,0.43744945526123047
ADIQAH,AVELOD,0.4374999701976776
ADIQAH,AVELUJ,0.43744945526123047
ADIQAH,ARINUL,0.4000000059604645
ADIQEL,BOWDUO,0.5
ADIQEL,CEYPUT01,0.5
ADIQEL,AHETAK,0.5
ADIYAO,BISPAU,0.454403281211853
ADIYAO,CUYDEG,0.4432915449142456
ADIYAO,BACZIR,0.43190324306488037
ADIYAO,AQOLOJ,0.3153195381164551
ADODAA,BUKTEI,0.9965804815292358
ADODAA,BUKTIM,0.9965804815292358
ADODAA,BUKTOS,0.9965804815292358
ADODII,ADODOO,0.9987545013427734
ADODII,ADODUU,0.9985291957855225
ADODII,CAZNEY,0.970555305480957
ADODOO,ADODUU,0.9998192191123962
ADODUU,CAZNEY,0.9702855944633484
ADOGEH,CAXTEC,0.8692594170570374
ADOGEH,DETRAX,0.6139132976531982
ADOGEH,AYUFIL,0.6112325191497803
ADOGEH,CAVNOE,0.3585122525691986
ADONEP,DITHEW,0.9978308081626892
ADONEP,DITHAS,0.9978308081626892
ADONEP,BIYTEK,0.7257145643234253
ADOXUP,CUSBUO,0.7645733952522278
ADOXUP,AWEJAO,0.49424412846565247
ADOXUP,BUTQUC,0.4512729048728943
ADUFOX,BAXSIE,0.9954933524131775
ADUFOX,BOHXED,0.9932109713554382
ADUFOX,BOVLII,0.9781790375709534
ADUFOX,CAYQAV,0.9606602787971497
ADUJER,AQOMAW,0.6140364408493042
ADUROI,DEXKEZ,0.7652416229248047
ADUROI,DIMDAG,0.6587353944778442
ADUROI,CEKHIL,0.6321507692337036
ADUROI,ATEXII,0.4521739184856415
ADUROI,BABCUE,0.5359612107276917
ADUVAZ,DEMNOB,0.625
ADUVAZ,BAZBIQ,0.6232883334159851
ADUVAZ,ALOLIY,0.6224996447563171
ADUWIH,ADUWON,0.9965023994445801
ADUWIH,CAJQEL,0.5874896049499512
ADUWIH,COXFOL,0.579918622970581
ADUWON,CAJQEL,0.5908585786819458
ADUWON,DAFHID,0.5821428298950195
AFADAN,DITPUT,0.5676292181015015
AFADAN,DITPON,0.5669085383415222
AFADAN,CABSIK,0.549629271030426
AFADAN,DILJOA,0.5005948543548584
AFAFAR,ASUBIB,0.9996340870857239
AFAFAR,AZAYAD,0.9594981670379639
AFAFAR,CAVWOO,0.7000000476837158
AFENEE,ARINUL,0.508375346660614
AFENEE,CUCFOX,0.49440330266952515
AFENEE,CESYEF,0.4535714387893677
AFENOQ,AFENOQ01,0.9999999403953552
AFENOQ,CIDCAW,0.5225188136100769
AFENOQ,ASUXAP,0.4888167679309845
AFENOQ,BELXUN,0.4003303349018097
AFENOQ01,CIDCAW,0.5225188136100769
AFENOQ01,ASUXAP,0.4888167679309845
AFIPUB,BAQXOG01,0.9970499873161316
AFIPUB,BAQXOG,0.9970499873161316
AFIPUB,BAQMOW,0.9970499873161316
AFIPUB,BITLUL,0.9837952852249146
AFIPUB,DECVIT,0.9837952852249146
AFIXAO,AFIXES,0.9999999403953552
AFIXAO,CUIMDZ03,0.9996275901794434
AFIXAO,CUIMDZ01,0.9996275901794434
AFIXES,CUIMDZ03,0.9996275901794434
AFIXES,CUIMDZ01,0.9996275901794434
AFOJIO,AMIWOJ,1.0
AFOJIO,AMIXAW,0.999916136264801
AFOJIO,AMIXEA,0.9998704195022583
AFORCD,CAHMON03,1.0
AFORCD,CAHMON01,1.0
AFORCD,CAHMON02,1.0
AFORCD,BIYLAW01,0.9921848177909851
AFOTOF,CEJXEW,0.9998192191123962
AFOTOF,AFOTUL,0.9996544122695923
AFOTOF,AFOVIB,0.9994805455207825
AFOTOF,AFOVAT,0.9987545013427734
AFOTOF,AFOVEX,0.9829657673835754
AFOTOF,AFOVOH,0.9985299110412598
AFOTOF,BIKNOB,0.7080007195472717
AFOTOF,BIKNUH,0.7080007195472717
AFOTOF,BUNKUS,0.8443642854690552
AFOTOF,BUNLAZ,0.8443642854690552
AFOTOF,CEMBII,0.994364321231842
AFOTUL,AFOVIB,0.9996404051780701
AFOTUL,CEJXEW,0.9990724921226501
AFOTUL,CEMBII,0.9941500425338745
AFOVAT,AFOVOH,0.9987369775772095
AFOVAT,CEJXEW,0.9985291957855225
AFOVAT,DERBIO,0.970555305480957
AFOVEX,AFOVOH,0.9901461601257324
AFOVEX,CEJXEW,0.9847605228424072
AFOVIB,CEJXEW,0.9992827773094177
AFOVIB,CEMBII,0.9940944314002991
AFOVOH,CEJXEW,0.9987543821334839
AFOVOH,BIPKIW,0.6829748749732971
AFOVOH,DERBIO,0.9705662131309509
AFOWOK,BIDPAH,0.5299288630485535
AFOWOK,AJAKON,0.4937499761581421
AFOWOK,AVOFUM,0.4825734794139862
AFOXAX,AGEHAY,0.5444459915161133
AFOXAX,AMIWID,0.5280487537384033
AFOXAX,DEJJEK,0.528017520904541
AFOYAW,AFOYIE,1.0
AFOYAW,AQAJEI,0.6444065570831299
AFOYAW,CETNUL,0.5013716220855713
AFOYEB,BIRGAM,0.7170243263244629
AFOYEB,CEKYIC,0.7170243263244629
AFOYEB,AGOXAL,0.37406080961227417
AFOYIE,AQAJEI,0.6444065570831299
AFOYIE,CETNUL,0.5013716220855713
AFOYOK,BIBXUH,0.9999494552612305
AFOYOK,COJHIT,0.9996275901794434
AFUDIR,AFUDOX,0.9999803900718689
AFUDIR,AFUDUD,0.999916136264801
AFUDIR,APAYIB,0.9996340870857239
AFUDOX,AFUDUD,0.9998704195022583
AFUDOX,APAZEY,0.9995371103286743
AFUDUD,AFUFEP,0.9996404051780701
AFUFAL,APAYIB,0.999613344669342
AFUFAL,APAZAU,0.999613344669342
AFUFAL,DIVSUY,0.999613344669342
AFUFEP,APAYIB,0.9996544122695923
AFUFEP,APAZAU,0.9996544122695923
AFUFEP,DIVSUY,0.9996544122695923
AFUPEX,AVIHOE,1.0
AFUPEX,AVIHIY,0.9996700286865234
AFUPEX,CAVWOO,0.9995852708816528
AFUPEX,AWOFOI,0.9833859205245972
AFUPEX,BIQVII,0.4641551673412323
AGADUK,CAVSOJ,0.9664000272750854
AGADUK,CAVTAW,0.9664000272750854
AGADUK,CAVSUP,0.5939862728118896
AGAFAS,AVESOL,0.9977757334709167
AGAFAS,AVESUR,0.9939473867416382
AGAFAS,BAZBIQ,0.943379282951355
AGAFAS,CEKHUY,0.7853418588638306
AGAYIQ,AZAFIS,0.9424089789390564
AGAYIQ,AZADUC,0.9424089789390564
AGAYIQ,AZAFEO,0.9424089789390564
AGAYIQ,AGAYOW,0.625
AGAYOW,AZADUC,0.5674089789390564
AGAYOW,AZAFIS,0.5674089789390564
AGDCNM,BITCUE,1.0
AGDCNM,DACHAR,1.0
AGDCNM,AKECOK,1.0
AGDCNM,DEHRIR,1.0
AGEDIC,BOHXIH,0.9915627241134644
AGEDIC,BOHKAM,0.9915627241134644
AGEDIC,BOHJUF,0.9915627241134644
AGEGOL,COZSIU,0.9810920357704163
AGEGOL,DECVIT,0.9686790704727173
AGEGOL,BITLUL,0.9686790704727173
AGEGUR,AGEHAY,0.6142857074737549
AGEGUR,AHIYUN,0.584571361541748
AGEGUR,AHIYOH,0.584571361541748
AGEGUR,BAVDEH,0.3203352987766266
AGEGUR,BOYYOF,0.45327228307724
AGEHAY,AHIYOH,0.9702855944633484
AGEHAY,AHIYUN,0.9702855944633484
AGEHAY,CIFGOP,0.9657220840454102
AGEHAY,AVAQAP01,0.6671754121780396
AGEHAY,BAVDEH,0.3096633553504944
AGEHAY,DESVIJ,0.4935692250728607
AGEHAY,DESVOP,0.4937499761581421
AGESIP,BAQMUC,0.9965804815292358
AGESIP,BAQXOG03,0.9950717687606812
AGESIP,BAQXOG01,0.9950717687606812
AGEWOB,DADTOS05,0.2800000011920929
AGEWOB,DADTOS06,0.2800000011920929
AGEWOB,DADTOS09,0.2800000011920929
AGEWUH,DADTOS03,1.0
AGEWUH,ATIBOU,1.0
AGEWUH,DADTOS07,1.0
AGIMOU,CEWQED,0.9974996447563171
AGIMOU,CEWQAZ,0.9974996447563171
AGIMOU,CUKXAI,0.9970499873161316
AGIMOU,AQIROJ,0.4832139313220978
AGIMOU,CAKWUI,0.39032256603240967
AGIMOU,COWLIK,0.9970499873161316
AGIREP,BEQKAM,1.0
AGIREP,CEHLAD,1.0
AGIREP,DAPHOU,0.7000000476837158
AGOFEJ,COQJAV,0.9950717687606812
AGOFEJ,COQJEZ,0.9950717687606812
AGOFEJ,AZAVUU,0.5363636612892151
AGOGOU,ALICEE,0.9985496997833252
AGOGOU,DEGPEL,0.9985496997833252
AGOGOU,ALICII,0.9985496997833252
AGONAM,CUKXAJ,1.0
AGONAM,AGONEQ,1.0
AGONAM,DAHMIJ,1.0
AGONAM,CUKXEN,1.0
AGONEQ,CUKXAJ,1.0
AGONEQ,DAHMIJ,1.0
AGONEQ,BERQEW,0.6000000238418579
AGONEQ,CUKXEN,1.0
AGOWOL,AGOWUR,1.0
AGOWOL,AGUWEG01,0.9929474592208862
AGOWOL,BEPBAB,0.9907075762748718
AGOWUR,AGUWEG01,0.9929474592208862
AGOWUR,BEPBAB,0.9907075762748718
AGOXAL,BIRGAM,0.3218591809272766
AGOXAL02,AGOXAL04,1.0
AGOXAL02,AGOXAL03,1.0
AGOXAL02,DALSER,0.9971465468406677
AGOXAL03,AGOXAL04,1.0
AGOXAL03,DALSER,0.9971465468406677
AGOXAL03,CAHMAZ,0.9949789643287659
AGOXAL04,DALSER,0.9971465468406677
AGSLFA,BEZSIK,0.9949789643287659
AGSLFA,AGSLFB,0.6727272868156433
AGSLFA,BEXFUI,0.6711265444755554
AGSLFA,COFORM10,0.2771376967430115
AGSLFB,BEXFUI,0.9983992576599121
AGSLFB,BEZSIK,0.6677062511444092
AGULAQ,DITGUL,0.4706043004989624
AGULAQ,DITJAU,0.4706043004989624
AGULAQ,DITSAD,0.4706043004989624
AGUMAR,BOFJIQ,0.9965804815292358
AGUMAR,DIJCOP,0.9950717687606812
AGUMAR,DIJCOP01,0.9950717687606812
AGUVEE,AGUVOO,1.0
AGUVEE,CICSOW01,0.9985496997833252
AGUVEE,CICSOW02,0.9985496997833252
AGUVEE,CENLEP,0.32499998807907104
AGUVEE,CILXIE,0.48571428656578064
AGUVEE,CUBKUF,0.4599999785423279
AGUVOO,CICSOW01,0.9985496997833252
AGUVOO,CICSOW02,0.9985496997833252
AGUVOO,CICSOW,0.9985496997833252
AGUVOO,CILXIE,0.48571428656578064
AGUVOO,CUBKUF,0.4599999785423279
AGUWEG01,BEPFIN,0.9978553056716919
AGUWEG01,BEPBAB,0.9972909092903137
AHAJUP,CUMKIG,0.5814473628997803
AHAJUP,ATEYED,0.5814473628997803
AHAJUP,CUMKIG03,0.5814473628997803
AHAJUP,CUMFOG,0.5602806806564331
AHAJUP,DEPVUQ,0.5797806978225708
AHAJUP,DEPWAX,0.5797806978225708
AHAKEA,AHALEB,0.9826657772064209
AHAKEA,AHALEB01,0.9826657772064209
AHAKEA,AHALEB02,0.9826657772064209
AHALEB,AHALEB02,1.0
AHALEB,AHALEB01,1.0
AHALEB,DITSIK,0.9812385439872742
AHALEB01,AHALEB02,1.0
AHALEB01,DITSIK,0.9812385439872742
AHALEB02,DITSIK,0.9812385439872742
AHEBAS,BAXGEP,0.49705880880355835
AHEBAS,BODPAN,0.4724137783050537
AHEBAS,CIHNIR,0.28409090638160706
AHEFAU,AHEFAU01,1.0
AHEFAU,AQEQES,0.9996292591094971
AHEFAU,CUKXIR,0.9989085793495178
AHEFAU,AKEGON,0.5274800062179565
AHEFAU,AVOGAT,0.9971465468406677
AHEFAU,AVOGAT01,0.9971465468406677
AHEFAU,AVOGEX,0.9971465468406677
AHEFAU,BUSQIQ,0.9942253828048706
AHEFAU,CAXVII,0.41499999165534973
AHEFAU,CAXWIJ,0.41499999165534973
AHEFAU,DEJJEK,0.9908188581466675
AHEFAU,DEYXIQ,0.5733134746551514
AHEFAU01,AQEQES,0.9996292591094971
AHEFAU01,CUKXIR,0.9989085793495178
AHEFAU01,BUSQIQ,0.9942253828048706
AHEFAU01,DEJJEK,0.9908188581466675
AHEFAU01,DEYXIQ,0.5733134746551514
AHEMEG,BAHGUN,1.0
AHEMEG,BAHGUN02,1.0
AHEMEG,BAHGUN01,1.0
AHEMEG,BAHGUN03,1.0
AHEMEG,BAHGUN04,1.0
AHEMEG,CUQTAL,0.4342857003211975
AHEMOQ,DICPUD,0.9958965182304382
AHEMOQ,CIFDOM,0.9707819819450378
AHEMOQ,CIFDUS,0.9707819819450378
AHEQAH,CEFNOT,0.9668495655059814
AHEQAH,CEFNEJ,0.9668495655059814
AHEQAH,CUSXIY,0.9666504263877869
AHETAK,BIPXIK,0.9999999403953552
AHETAK,CEYPUT,0.9999999403953552
AHETAK,DIWFAT,0.9972895383834839
AHIJOQ,AHIJOQ01,1.0
AHIJOQ,CEKYIC,0.9921848177909851
AHIJOQ,BIRGAM,0.9921848177909851
AHIJOQ01,CEKYIC,0.9921848177909851
AHIJOQ01,BIRGAM,0.9921848177909851
AHIYOH,AHIYUN,0.9999999403953552
AHIYOH,CIFGOP,0.9977757334709167
AHIYOH,DIXBOC,0.5639562010765076
AHIYUN,CIFGOP,0.9977757334709167
AHIYUN,AZUCED,0.5847895741462708
AHIYUN,DIXBOC,0.5639562010765076
AHIZOH,AHIZUN,0.9970499873161316
AHIZOH,AJIJEI01,0.8970500230789185
AHIZOH,AJIJEI02,0.8970500230789185
AHIZOH,CUVTOD,0.6293178200721741
AHIZUN,AJIJEI02,0.8999999761581421
AHIZUN,AJIJEI01,0.8999999761581421
AHOBAB,CEJWAR,0.9974996447563171
AHOBAB,AMBZAG10,0.9959419965744019
AHOBAB,CAJHON,0.584999680519104
AHOKIR,DALRAK,0.6369467973709106
AHOKIR,DEKPAL,0.633756160736084
AHOKIR,DEKPEP,0.633756160736084
AHOKIR01,CISMAT01,0.9978308081626892
AHOKIR01,CISMAT,0.9978308081626892
AHOKIR01,CAZLEV,0.9969467520713806
AHOKIR01,AHOKOX,0.9307692646980286
AHOKIR01,CAZLIZ,0.9969467520713806
AHOKOX,CISMAT,0.9286000728607178
AHOKOX,CISMAT01,0.9286000728607178
AHONEQ,AHONIU,0.9996544122695923
AHONEQ,COKJOD,0.9996544122695923
AHONEQ,DIBZEU,0.9996340870857239
AHONIU,COKJOD,0.9999999403953552
AHONIU,COKJIX,0.9996404051780701
AHONIU,AROQAB,0.35446614027023315
AHONIU,AYIVIO,0.4233241081237793
AHONIU,COXLAD,0.9802787899971008
AHOSEV,CEJSUG,0.5418924689292908
AHOSEV,BUKYAJ,0.5207819938659668
AHOSEV,BAHNEG,0.4387992024421692
AHOSEV,CECVAI,0.3200717866420746
AHUBIO,AZIXIR,0.5740588307380676
AHUBIO,AWOJOM,0.44079673290252686
AHUBIO,DIXBET01,0.43719249963760376
AJABIX,BOBTIW,1.0
AJABIX,BOGXOL,1.0
AJABIX,BOGXIF02,1.0
AJABIX,BOBTOC,1.0
AJABIX,BOBTUI,1.0
AJABIX,BOGXIF,1.0
AJABIX,DEKGOS,0.625
AJABIX01,BOBTIW,1.0
AJABIX01,BOGXOL,1.0
AJABIX01,BOGXIF02,1.0
AJABOD,BOBTIW,1.0
AJABOD,BOGXOL,1.0
AJABOD,BOGXIF02,1.0
AJABOD,DEKGOS,0.625
AJAGOI,AJAHID,0.5153846144676208
AJAGOI,CUSXIY,0.3871268928050995
AJAGOI,CEFNEJ,0.38668888807296753
AJAHID,CODVAU,0.5173524022102356
AJAHID,CURYOE01,0.33547744154930115
AJAKON,BIFSOB,0.9837952852249146
AJAKON,ATEJOA,0.9821406006813049
AJAKON,DADLOM,0.8684785962104797
AJASUA,BETZOR,0.7486372590065002
AJASUA,CUQKOQ,0.6717747449874878
AJASUA,COQMIF,0.6548388600349426
AJASUA,CISJAQ,0.6464330554008484
AJAXOY,AWUROZ,0.2693921625614166
AJAXOY,BIDREO,0.24156701564788818
AJAXOY,AKEGUT,0.24115502834320068
AJIFIJ,CEFDAU,0.9962353706359863
AJIFIJ,AVAXIF,0.9921848177909851
AJIFIJ,CODFEH,0.5707342028617859
AJIJEI,AJIJEI01,1.0
AJIJEI,AJIJEI02,1.0
AJIJEI,CITXUZ,0.9922806620597839
AJIJEI,CUVTOD,0.6280535459518433
AJIJEI01,AJIJEI02,1.0
AJIJEI01,CITXUZ,0.9922806620597839
AJIJEI02,CITXUZ,0.9922806620597839
AJIQIU,CUHYUB,0.9821406006813049
AJIQIU,CUJCOB,0.9820774793624878
AJIQIU,CUJCIV,0.9808584451675415
AJIQIU,BAHNEG,0.4072040021419525
AJIQIU,DARQOF,0.6831918954849243
AKAPUX,BUXTIZ,0.6696740388870239
AKAPUX,BUXTUL,0.6696740388870239
AKAPUX,DINQUM,0.512499988079071
AKAPUX,DINTID,0.512499988079071
AKAYIV,CUQTAL,0.5885714292526245
AKAYIV,BASJUB,0.5496275424957275
AKAYIV,BAHGUN03,0.5333333611488342
AKECOK,BITCUE,1.0
AKECOK,DACHAR,1.0
AKECOK,DEHRIR,1.0
AKEGON,AKEGUT,0.9974996447563171
AKEGON,CUKXIR,0.5285714268684387
AKEGON,BAFCAP,0.3760710656642914
AKEGON,BIDREO,0.26292291283607483
AKEGUT,AZIMIH,0.5285714268684387
AKEGUT,DITXOU,0.5285714268684387
AKEGUT,BAFCAP,0.37857145071029663
AKEGUT,CUBBEI,0.3842105269432068
AKOBAF,CIYZUG,0.5057941675186157
AKOBAF,AQAMIO01,0.47289472818374634
AKOBAF,DIKJUD,0.4712280333042145
AKOXIJ,BAHGUN04,0.9999494552612305
AKOXIJ,BAHGUN01,0.9999494552612305
AKUHOD,AKUHOD01,1.0
AKUHOD,AKUHOD03,1.0
AKUHOD,ALALUU01,0.9989266395568848
AKUHOD,ALALUU,0.9989266395568848
AKUHOD,DIKZED,0.4576176702976227
AKUHOD01,AKUHOD03,1.0
AKUHOD01,ALALUU01,0.9989266395568848
AKUHOD01,BORBAM,0.42867031693458557
AKUHOD01,DIKZED,0.4576176702976227
AKUHOD03,ALALUU01,0.9989266395568848
AKUHOD03,ALALUU,0.9989266395568848
AKUHOD03,BORBAM,0.42867031693458557
ALAHUS,AMEBAX,0.6541345715522766
ALAHUS,AMOPID,0.6405950784683228
ALAHUS,CIKPEU,0.6046606302261353
ALALUU,ALALUU01,1.0
ALALUU,BABTOP,0.6055640578269958
ALALUU,BUDCIN,0.5618667602539062
ALALUU01,BABTOP,0.6055640578269958
ALALUU01,BUDCIN,0.5618667602539062
ALAMUW,ALANAD,0.9965804815292358
ALAMUW,BAXGEP,0.565517246723175
ALANAD,BAXGEP,0.5620977282524109
ALANAD,CADPII,0.550000011920929
ALATAK,ANAYUL,0.37854093313217163
ALATAK,BANLUA,0.37854093313217163
ALATAK,ANAZAS,0.3719576299190521
ALEHUW,ALEJAE,0.9795385599136353
ALEHUW,DARQOF,0.8826086521148682
ALEHUW,ALEJIM,0.7230769395828247
ALEHUW,ALEJEI,0.7196574211120605
ALEJAE,DARQOF,0.8621472120285034
ALEJAE,ALEJEI,0.7032403945922852
ALEJAE,ALEJIM,0.70261549949646
ALEJEI,ALEJIM,0.9965804815292358
ALEQIT,BOJYIK01,1.0
ALEQIT,BOJYIK,1.0
ALEQIT,ATIKET,0.9995911717414856
ALEQIT,ALUJOH,0.9987543821334839
ALEQIT,ATIJUI,0.9991112351417542
ALICEE,ALICII,1.0
ALICEE,DEGPEL,1.0
ALICEE,CENLEP,0.32499998807907104
ALICII,DEGPEL,1.0
ALICII,CENLEP,0.32499998807907104
ALIQUH,ALIRAO01,1.0
ALIQUH,ALIRAO,1.0
ALIQUH,CAVMIW,0.9989085793495178
ALIRAO,ALIRAO01,1.0
ALIRAO,CAVMIW,0.9989085793495178
ALIRAO01,CAVMIW,0.9989085793495178
ALIRES,CIYZUG,0.7242195010185242
ALIRES,DIKJUD,0.5969467759132385
ALIRES,AQAMIO01,0.5234534740447998
ALIXAU,CEGJOO,0.9965804815292358
ALIXAU,DEFXEU,0.3621275722980499
ALIXAU,ANAZAS,0.3278442621231079
ALIXID,ALIXOJ,0.9997506737709045
ALIXID,ALIXUP,0.9996275901794434
ALIXID,BEXVIL,0.7368044853210449
ALIXOJ,ALIXUP,0.9999494552612305
ALIXOJ,BEXVIL,0.7350537776947021
ALIXUP,BEXVIL,0.7351378202438354
ALOLIY,BAZBIQ,0.9989085793495178
ALOLIY,DEMNOB,0.9974996447563171
ALOLIY,AVESOL,0.941249668598175
ALOLIY,ATAYEB,0.5150717496871948
ALOLIY,AVESUR,0.9408000111579895
ALOLIY,AWENAT02,0.5796871781349182
ALOVEC,ATOTIM,1.0
ALOVEC,ASOHUL,1.0
ALOVEC,BADHIA,0.9974375367164612
ALUJEX,ATIJOC,1.0
ALUJEX,AVAQAP,0.9987369775772095
ALUJEX,AMIXOK,0.9987369775772095
ALUJIB,CELDAA,0.9999999403953552
ALUJIB,BUPVIT,0.9999999403953552
ALUJIB,BUVHEH,0.9999999403953552
ALUJOH,AMIXOK,0.9999999403953552
ALUJOH,AVAQAP,0.9999999403953552
ALUJUN,ATIKIX,1.0
ALUJUN,ATIJUI,0.9984701871871948
ALUJUN,SURKAT,0.9982609748840332
ALUJUN,BESKUI,0.9982609748840332
ALUJUN,DIQGUH,0.9899851083755493
ALUJUN,RUBTAK02,0.9982609748840332
ALUKAU,ATIKET,1.0
ALUKAU,AMIXIE,0.9999352693557739
ALUKAU,CEJXOG,0.9999352693557739
ALUKIC,ALULEZ,0.9999999403953552
ALUKIC,ALULID,0.9999999403953552
ALUKIC,ALUKUO,0.9829657673835754
ALUKIC,ALUKOI,0.9782870411872864
ALUKOI,ALUKUO,0.9996544122695923
ALUKOI,ALULAV,0.9996404051780701
ALUKUO,ALULAV,0.9994805455207825
ALUKUO,ALULEZ,0.9829657673835754
ALUKUO,ALULID,0.9829657673835754
ALULAV,ALULID,0.9779111742973328
ALULEZ,ALULID,0.9999999403953552
AMAFIE,AMAFOK,0.9922806620597839
AMAFIE,AMAGAX,0.9922806620597839
AMAFIE,AMAFUQ,0.9922806620597839
AMAFOK,AMAFUQ,1.0
AMAFOK,AMAGAX,1.0
AMAFOK,DIVPUU,0.45694679021835327
AMAFOK,DIVQAB,0.45694679021835327
AMAFUQ,AMAGAX,1.0
AMAFUQ,DAVMIY,0.4599999785423279
AMAJUU,CEHQOX,0.9986763000488281
AMAJUU,BIFJUX,0.9902458190917969
AMAJUU,BIFKAE,0.9902458190917969
AMAJUU,DICJUW,0.9873213768005371
AMALND,AQMAND,0.9999999403953552
AMALND,AQMAND01,0.9999999403953552
AMALND,CEWNIB,0.9987369775772095
AMALND,AXAWUT,0.9901461601257324
AMALND,BAYJEQ,0.9821665287017822
AMBZAG10,CEJWAR,0.9944032430648804
AMBZAG10,AVOFUM,0.7352941632270813
AMBZAG10,CAJHON,0.5819032788276672
AMBZAG10,CNSMAG,0.10000001639127731
AMBZAG10,CNSMAG01,0.10000001639127731
AMEBAX,AMOPID,0.9376776814460754
AMEBAX,CUKBEQ,0.6700000166893005
AMEBAX,CORZIU,0.6687406301498413
AMEBAX,BAKLIK,0.3302464783191681
AMEBAX,COHJEP,0.3448164463043213
AMEPOY,ASUQOU,0.7157894968986511
AMEPOY,ASUQIO,0.4000000059604645
AMEPOY,DEKGOS,0.3793103098869324
AMIKOX,DEHHOQ,0.5205793976783752
AMIKOX,DAPZAW,0.5203886032104492
AMIKOX,DELTAQ03,0.5197648406028748
AMIKOX,CUSQOX,0.5049999952316284
AMIWID,AMIWUP,0.9998192191123962
AMIWID,AMIXAW,0.9996340870857239
AMIWID,AMIXEA,0.9994840025901794
AMIWID,BETXIK,0.6623845100402832
AMIWID,BIDFEB,0.6398192644119263
AMIWOJ,AMIXAW,0.999916136264801
AMIWOJ,AMIXEA,0.9998704195022583
AMIWUP,AMIXAW,0.9995911717414856
AMIWUP,AMIXEA,0.9995371103286743
AMIWUP,AVAQAP01,0.6612544059753418
AMIWUP,BETXIK,0.6600289344787598
AMIWUP,BIDFEB,0.6399999856948853
AMIXAW,AMIXEA,0.9999803900718689
AMIXAW,BIDFEB,0.6395912170410156
AMIXAW,COTVUE,0.10000001639127731
AMIXEA,CAQCAZ,0.9946691393852234
AMIXEA,CASTEW,0.9946691393852234
AMIXEA,CEMJOV,0.9946691393852234
AMIXIE,CEJXOG,1.0
AMIXIE,ATIKET,0.9999352693557739
AMIXIE,AMIXUQ,0.9998589158058167
AMIXOK,AVAQAP,0.9999999403953552
AMIXOK,BOJYIK,0.9987543821334839
AMIXOK,ATIJOC,0.9987369775772095
AMIXUQ,CEJXOG,0.9998589158058167
AMIXUQ,ATIKET,0.9996391534805298
AMIYIG,AMOMUM,1.0
AMIYIG,CAJHUS01,1.0
AMIYIG,CAJHUS02,1.0
AMIYOM,DADTUY,0.9999999403953552
AMIYOM,DADTUY08,0.9999999403953552
AMIYOM,COFORM,0.9999999403953552
AMIZAZ,AMIZAZ01,1.0
AMIZAZ,DADVAG04,1.0
AMIZAZ,DADVAG,1.0
AMIZAZ,AMIZAZ02,1.0
AMIZAZ,DADVAG01,1.0
AMIZAZ,DADVAG02,1.0
AMIZAZ,DADVAG03,1.0
AMIZAZ,DADVAG05,1.0
AMIZAZ,DADVAG06,1.0
AMIZAZ,DADVAG07,1.0
AMIZAZ,DADVAG08,1.0
AMIZAZ01,DADVAG04,1.0
AMIZAZ01,DADVAG,1.0
AMIZAZ01,DADVAG01,1.0
AMIZAZ01,DADVAG02,1.0
AMIZAZ01,DADVAG03,1.0
AMIZAZ01,DADVAG05,1.0
AMIZAZ01,DADVAG06,1.0
AMIZAZ01,DADVAG07,1.0
AMIZAZ01,DADVAG08,1.0
AMIZAZ01,DEFNOU,1.0
AMIZAZ02,DADVAG04,1.0
AMIZAZ02,DADVAG,1.0
AMIZON,AYONOT,1.0
AMIZON,CUFORD01,1.0
AMIZON,CUFORM,1.0
AMIZON01,AYONOT,1.0
AMIZON01,CUFORD01,1.0
AMIZON01,CUFORM,1.0
AMOBEL,DEPJIR,1.0
AMOBEL,AMOBEL02,1.0
AMOBEL,DAXNIA04,1.0
AMOBEL,CETKOE,0.2800000011920929
AMOBEL01,DEPJIR,1.0
AMOBEL01,AMOBEL02,1.0
AMOBEL01,DAXNIA04,1.0
AMOBEL01,CETKOE,0.2800000011920929
AMOBEL02,DEPJIR,1.0
AMOBEL02,DAXNIA04,1.0
AMOBEL02,DAXNIA,1.0
AMOBEL02,DAXNIA01,1.0
AMOBEL02,DAXNIA02,1.0
AMOBEL02,DAXNIA03,1.0
AMOBEL02,DEPJIR01,1.0
AMODUC,CUXPOB,1.0
AMODUC,CUXQIW,1.0
AMODUC,AMOFAK,0.9998192191123962
AMODUC,DAMYOI,0.999731719493866
AMOFAK,CUXPER,0.9999999403953552
AMOFAK,CUXQAO,0.9999999403953552
AMOFAK,CUXPOB,0.9998192191123962
AMOFAK,CUXPAN,0.9996544122695923
AMOFAK,CUXQES,0.9987545013427734
AMOGEP,CIHNIR,0.26874998211860657
AMOGEP,DAGGUQ,0.25577032566070557
AMOGEP,DAGGOK,0.25577032566070557
AMOMUM,APOGOD,1.0
AMOMUM,CAJHUS01,1.0
AMOMUM,CAJHUS02,1.0
AMOMUM,AMONAT,1.0
AMOMUM,DEFNEK,1.0
AMONAT,CAJHUS04,1.0
AMONAT,CAJHUS01,1.0
AMOPID,BUDDIO,0.6700000166893005
AMOPID,BIDHIG,0.6477316617965698
AMOROK,AMORUQ,0.9994630217552185
AMOROK,CAZLIZ,0.6478266716003418
AMOROK,CAZLEV,0.6478266716003418
AMORUQ,CAZLEV,0.6482688188552856
AMORUQ,CAZLIZ,0.6482688188552856
AMUCOB,AROVAE,0.9855000972747803
AMUCOB,CONSAA,0.9506864547729492
AMUCOB,DEKZEA,0.8458263874053955
AMUCOB,CABHOC,0.43157893419265747
AMURUX,AMURUX01,1.0
AMURUX,AMURUX11,1.0
AMURUX,AMURUX10,1.0
AMURUX,AMURUX02,1.0
AMURUX,AMURUX06,1.0
AMURUX,AMURUX07,1.0
AMURUX,AMURUX08,1.0
AMURUX,AMURUX09,1.0
AMURUX01,AMURUX11,1.0
AMURUX01,AMURUX10,1.0
AMURUX02,AMURUX11,1.0
AMURUX02,AMURUX10,1.0
AMURUX06,AMURUX11,1.0
AMURUX06,AMURUX10,1.0
AMURUX07,AMURUX11,1.0
AMURUX07,AMURUX10,1.0
AMURUX08,AMURUX11,1.0
AMURUX08,AMURUX10,1.0
AMURUX09,AMURUX11,1.0
AMURUX09,AMURUX10,1.0
AMURUX10,AMURUX11,1.0
ANABAT,CEXWEI,0.984165370464325
ANABAT,CEXWOS,0.9810264110565186
ANABAT,CEXWIM,0.9802009463310242
ANABAT,DIVFOF,0.49081310629844666
ANAWAP,ANAWOD,0.9999999403953552
ANAWAP,ANAWIX,0.9999999403953552
ANAWAP,BUBVUR,0.9987406134605408
ANAWIX,ANAWOD,0.9999999403953552
ANAWIX,BUBVUR,0.9987406134605408
ANAWOD,BUBVUR,0.9987406134605408
ANAYUL,BANLUA,1.0
ANAYUL,ANAZAS,0.9929474592208862
ANAYUL,DEFXEU,0.940880298614502
ANAYUL,BOSJUQ,0.30000001192092896
ANAYUL,DAYGUH,0.6000000238418579
ANAYUL,DEKCII,0.37804877758026123
ANAZAS,BANLUA,0.9929474592208862
ANAZAS,DEFXEU,0.9683489799499512
ANAZAS,CEGJOO,0.321746289730072
ANAZAS,DAYGUH,0.5929474830627441
ANAZAS,DEKCEE,0.3756394386291504
ANAZAS,DEKCII,0.3800315856933594
ANEQAM,BATSIB,0.7112385630607605
ANEQAM,AXOVIT,0.5770500302314758
ANEQAM,BEWSOO,0.5770500302314758
ANEQAM,DAPYUP,0.27685919404029846
ANUGEW,DEKBON,1.0
ANUGEW,CATZIJ,0.9985496997833252
ANUGEW,AWEJES,0.9965804815292358
ANUGEW,ANUGIA,0.9571428894996643
ANUGEW,ANUGOG,0.9571428894996643
ANUGEW,BIDPOV,0.10000000149011612
ANUGEW,BIHROC,0.10000000149011612
ANUGEW,BIHRUI,0.10000000149011612
ANUGEW,CASCOR,0.10000000149011612
ANUGIA,ANUGOG,1.0
ANUGIA,ANUGUM,0.9965804815292358
ANUGIA,BEDREK,0.6013217568397522
ANUGIA,CIRTUU,0.550000011920929
ANUGOG,ANUGUM,0.9965804815292358
ANUGUM,DITTEH,0.9571428894996643
ANUGUM,BEDREK,0.6037496328353882
ANUGUM,CEXBAL,0.5764706134796143
ANUGUM,DAWNAS,0.10000001639127731
APACAX,AVETAY,1.0
APACAX,DEMNOB,0.6727272868156433
APACAX,BAZBIQ,0.6710156202316284
APACAX,AVETEC,0.6062353849411011
APANAI,BALZEW,0.9843295812606812
APANAI,BIYHOH,0.9837939143180847
APANAI,BIYHEX,0.972368061542511
APANAI,BIJGOT,0.19882985949516296
APANAI,CEGWER,0.4442790448665619
APARAM,DIDBOJ,0.5881986618041992
APARAM,CAXZOS,0.5881986618041992
APARAM,DIDBID,0.5881986618041992
APAYIB,APAZAU,0.9999999403953552
APAYIB,DIVSUY,0.9999999403953552
APAYIB,APAYOH,0.9998192191123962
APAYIB,APAZEY,0.9998192191123962
APAYOH,APAZEY,1.0
APAYOH,APAZAU,0.9998192191123962
APAYOH,DIVSUY,0.9998192191123962
APAYUN,APAZIC,1.0
APAYUN,APAZOI,1.0
APAYUN,DIVSUY,0.9987545013427734
APAYUN,DITTEH,0.9674572348594666
APAZAU,DIVSUY,0.9999999403953552
APAZEY,DIVSUY,0.9998192191123962
APAZIC,APAZOI,1.0
APAZIC,DIVSUY,0.9987545013427734
APAZIC,DITTEH,0.9674572348594666
APAZOI,DIVSUY,0.9987545013427734
APAZOI,DITTEH,0.9674572348594666
APEBED,BOKQEZ,0.9974996447563171
APEBED,CIFHIK,0.9974996447563171
APEBED,CIFHOQ,0.9974996447563171
APEBED,DAMYIC,0.4565804898738861
APEBED,DAMYIC01,0.4565804898738861
APETAS,AZIXUD,0.719312310218811
APETAS,DAKVIW,0.678571343421936
APETAS,CEPYII,0.6748067736625671
APETAS,BAFCAP,0.3762354254722595
APOGOD,CAJHUS04,1.0
APOGOD,CAJHUS01,1.0
APUPEH,BODPAN,0.6499999761581421
APUPEH,DIHVIB01,0.6499999761581421
APUPEH,DIHVIB,0.6499999761581421
APUVIS,DEZCIW,0.7157894968986511
APUVIS,DEZCAO,0.7135652303695679
APUVIS,DEZCES,0.7122918963432312
APUVIS,CIDNIM,0.31086623668670654
APUZIV,BUTQUC,0.24613898992538452
APUZIV,BETXIK,0.23945912718772888
APUZIV,BARJUA,0.21739131212234497
AQAJEI,DECJON,0.6763471364974976
AQAJEI,CUSBUP,0.6493886709213257
AQAJEI,BINBIM,0.47873541712760925
AQAJEI,CETNUL,0.38655799627304077
AQAJIM,BEYKEX,0.9847758412361145
AQAJIM,AVUFED,0.9813843369483948
AQAJIM,AVUFED01,0.9813843369483948
AQAJIM,CAYKEU,0.5810399651527405
AQALUZ,AQALUZ01,1.0
AQALUZ,AQAMIO02,0.9997506737709045
AQALUZ,BIVXEK,0.9997506737709045
AQALUZ,ASALEL,0.9965023994445801
AQALUZ01,AQAMIO02,0.9997506737709045
AQALUZ01,BIVXEK,0.9997506737709045
AQAMIO01,CIYZUG,0.5760982036590576
AQAMIO01,BOHYUT,0.5526981353759766
AQAMIO01,BOHZAA,0.5516762733459473
AQAMIO01,ASALAH,0.500407338142395
AQAMIO01,ASALOV,0.4965789318084717
AQAMIO01,AWEVIJ,0.4577757716178894
AQAMIO01,BACZIR,0.38413941860198975
AQAMIO02,BIVXEK,0.9999999403953552
AQAMIO02,ASALEL,0.9977757334709167
AQAMIO02,BOQWEK,0.47277575731277466
AQEGUZ,CAQCAZ,0.4362405836582184
AQEGUZ,CEMJOV,0.4362405836582184
AQEQES,DITXOU,0.9977757334709167
AQEQES,BUSQIQ,0.9963989853858948
AQEQES,DEYXIQ,0.5736842155456543
AQEQIW,AZIMIH,1.0
AQEQIW,DITXOU,1.0
AQEQIW,CIZQUZ,1.0
AQEQIW,ATAFIK,1.0
AQEQIW,CAWLIY,0.64000004529953
AQEQIW,CIZQOT,1.0
AQEQIW,CUKXIR,0.9974996447563171
AQEQIW,DASTEY01,0.47894737124443054
AQEQIW,DASTEY02,0.47894737124443054
AQESUK,BORNIG,0.9978995323181152
AQESUK,BORNEC,0.996257483959198
AQESUK,BOJLOC,0.6825820803642273
AQESUK,BOJLOC01,0.6825820803642273
AQIQAU,DIRLIB,0.9970499873161316
AQIQAU,DIQHAO,0.9939473867416382
AQIQAU,DIQHAO01,0.9939473867416382
AQIQAU,ATURIS,0.7389659881591797
AQIQEY,BEPROF,0.9999494552612305
AQIQEY,BEPREV,0.9999494552612305
AQIQEY,BEPREV01,0.9999494552612305
AQIQEY,CEZYOY,0.8031250238418579
AQIROJ,CEWQED,0.485714316368103
AQIROJ,CEWQAZ,0.485714316368103
AQIROJ,CAKWUI,0.4274996519088745
AQIROJ,DALXEW,0.3145490288734436
AQIVIF,DANVEU,1.0
AQIVIF,DANVAQ,1.0
AQIVIF,AYABEH,0.9987369775772095
AQIVIF,AQIVOL,0.9983987212181091
AQIVOL,DANVAQ,0.9983987212181091
AQIVOL,DANVEU,0.9983987212181091
AQIVOL,DITWEK,0.5957126617431641
AQMAND,AQMAND01,0.9999999403953552
AQMAND,CEWNIB,0.9987369775772095
AQMAND,AXAWUT,0.9901461601257324
AQMAND,BABTOP,0.6007442474365234
AQMAND,BAYJEQ,0.9821665287017822
AQMAND,BUDCIN,0.5577316880226135
AQMAND01,CEWNIB,0.9987369775772095
AQMAND01,AXAWUT,0.9901461601257324
AQMAND01,BAYJEQ,0.9821665287017822
AQOJUL,AQOJUL01,1.0
AQOJUL,DESHOZ,1.0
AQOJUL,BAMWES,0.9970499873161316
AQOJUL01,DESHOZ,1.0
AQOJUL01,BAMWES,0.9970499873161316
AQOLEZ,BETGOY,0.9999999403953552
AQOLEZ,BETGUE,0.9999999403953552
AQOLEZ,BETGIS,0.9997506737709045
AQOLEZ,BICDAU,0.3831416368484497
AQOLEZ,DANWAS,0.9977757334709167
AQOLID,AQOMEA,0.9999999403953552
AQOLID,BIXVIQ,0.9996275901794434
AQOLID,BIXVOW,0.9996275901794434
AQOLID,AQOLUP,0.8147057890892029
AQOLID,AQOMEA01,0.5764705538749695
AQOLOJ,CEXBAL,0.5341393947601318
AQOLOJ,AQOMAW,0.36666664481163025
AQOLUP,AQOMEA,0.8147057890892029
AQOLUP,BIXVOW,0.814333438873291
AQOLUP,AQOMEA01,0.761764645576477
AQOMAW,COJHIT,0.7299999594688416
AQOMEA,BIXVIQ,0.9996275901794434
AQOMEA,BIXVOW,0.9996275901794434
AQOMEA,AQOMEA01,0.5764705538749695
AQOMEA,BIXVEM,0.9996275901794434
AQOROP,AQORUV,0.9962353706359863
AQOROP,DEFTAL01,0.7406328916549683
AQOROP,DEFTAL,0.7406328916549683
AQORUV,DEFTAL01,0.7368044853210449
AQORUV,DEFTAL,0.7368044853210449
AQOXEK,DETGIT,0.3449475169181824
AQOXEK,CUSBUO,0.2874999940395355
AQOXEK,CEJSUG,0.285929799079895
AQUCOG,AQUDIB,1.0
AQUCOG,AQUCUM,1.0
AQUCOG,COKNIB,0.9999494552612305
AQUCUM,AQUDIB,1.0
AQUCUM,COKNIB02,0.9999494552612305
AQUDIB,COKNIB02,0.9999494552612305
AQUKOO,AQULOP,0.9997506737709045
AQUKOO,AQULEF,0.9972895383834839
AQUKOO,BENBIH,0.753947377204895
AQUKOO,BAMHIJ,0.7518350481987
AQULEF,AQULOP,0.9955241084098816
AQULEF,BENBIH,0.7570500373840332
AQULEF,BAMHIJ,0.7545455098152161
AQULOP,BENBIH,0.7521966695785522
AQULOP,BAMHIJ,0.7500696182250977
ARAJEK,ARAJOU,0.9999494552612305
ARAJEK,ARAJIO,0.9996275901794434
ARAJEK,ARAKAH,0.9965804815292358
ARAJIO,ARAJOU,0.9997506737709045
ARAJIO,ARAKAH,0.9977757334709167
ARAJOU,ARAKAH,0.9965023994445801
ARAKAH,AXITAD,0.3674996495246887
ARATIY,COQMAX,0.6633371114730835
ARATIY,AWEMUL,0.6337652802467346
ARATIY,COQMIF,0.6267342567443848
ARAVAR,CUPHUS,0.550000011920929
ARAVAR,ASUKEE01,0.550000011920929
ARAVAR,ASUKEE,0.550000011920929
ARAVAR,BEKVOD,0.40962398052215576
ARAXEX,BUQROV,0.5026869773864746
ARAXEX,CUMJEB,0.4899999797344208
ARAXEX,BISPAU,0.40561041235923767
ARAXEX,CORYUE,0.33051598072052
ARIDIQ,DEGMAG,0.6271875500679016
ARIDIQ,DEGMAG01,0.6271875500679016
ARIDIQ,CUTKEI,0.606249988079071
ARINOF,CUPMEG,0.5499494671821594
ARINOF,CUPLOP,0.5496275424957275
ARINOF,DIFZUP,0.5496275424957275
ARINUL,CUCFOX,0.5240805149078369
AROFAP,AROFET,1.0
AROFAP,CUTKEI,0.9962353706359863
AROFAP,CUYWUP,0.9922806620597839
AROFAP,CIGYEY,0.44682613015174866
AROFET,CUTKEI,0.9962353706359863
AROFET,CUYWUP,0.9922806620597839
AROQAB,COXLAD,0.3679474890232086
AROQAB,COXKUW,0.35888075828552246
AROVAE,CONSAA,0.9735639095306396
AROVAE,AZIYOX,0.8487369418144226
AROVAE,CABHOC,0.41707906126976013
ARUJED,COPTUX,1.0
ARUJED,DAYWOS,0.6637166738510132
ARUJED,CUQXAP,0.5346425175666809
ARUTIQ,AWEZEI,0.426650732755661
ARUTIQ,AVUKUY,0.426650732755661
ARUTIQ,AVULEJ,0.426650732755661
ASACAZ,ASACON,0.9974996447563171
ASACAZ,ASACIH,0.9974996447563171
ASACAZ,DACJUO,0.9959419965744019
ASACAZ,CAVNOE,0.3501346707344055
ASACAZ,DEDTEN,0.6776819229125977
ASACIH,ASACON,1.0
ASACIH,DACJUO,0.9944032430648804
ASACIH,BIBQOV,0.5344827771186829
ASACON,DACJUO,0.9944032430648804
ASACON,BIBQOV,0.5344827771186829
ASAHEJ,ASAMUE,0.9995650053024292
ASAHEJ,BILRIA,0.9949279427528381
ASAHEJ,BUPVEP,0.45738500356674194
ASALAH,ASALOV,0.9962353706359863
ASALAH,CURSEO,0.48400264978408813
ASALAH,CIDNIM,0.303137868642807
ASALEL,BIVXEK,0.9977757334709167
ASALEL,BOQWEK,0.4749999940395355
ASAMUE,BILRIA,0.9959901571273804
ASAMUE,BUPVEP,0.4612484574317932
ASEJIT,ASEKAM,1.0
ASEJIT,ASEJOZ01,1.0
ASEJIT,ASEJOZ,1.0
ASEJIT,BEQJUF,0.6324713826179504
ASEJIT,DACZUF,0.8251973390579224
ASEJIT,DEFSUE,0.7292414903640747
ASEJOZ,ASEKAM,1.0
ASEJOZ,ASEJOZ01,1.0
ASEJOZ,BEQJUF,0.6324713826179504
ASEJOZ,DACZUF,0.8251973390579224
ASEJOZ,DEFSUE,0.7292414903640747
ASEJOZ01,ASEKAM,1.0
ASEJOZ01,DEFSUE,0.7292414903640747
ASEKAM,BEQJUF,0.6324713826179504
ASELIV,CEQPOG,0.6285449862480164
ASELIV,DIVRAD,0.6142857074737549
ASELIV,BOYFUS,0.5544124841690063
ASEMUG,ASEMUG01,1.0
ASEMUG,AVUYAR,0.9975399971008301
ASEMUG,BAEDTA01,0.754440426826477
ASEMUG,DINFOX,0.5398501753807068
ASEMUG01,AVUYAR,0.9975399971008301
ASEMUG01,BAEDTA01,0.754440426826477
ASEMUG01,DINFOX,0.5398501753807068
ASIRAX,CAVWII,1.0
ASIRAX,ATEYUV,0.9999803900718689
ASIRAX,AYOZUL,0.9999352693557739
ASIRAX,ATEYOP,0.999916136264801
ASIRAX,AYOZIZ,0.999916136264801
ASIRAX,AYOZOF,0.9995911717414856
ASIRAX,DAKZUN,0.9995911717414856
ASIRUR,CUFJUK,0.9972895383834839
ASIRUR,CUFKAR,0.9972895383834839
ASIRUR,BOPHEV,0.9970499873161316
ASIRUR,BAVYEF,0.8108431100845337
ASIRUR,BIRMUM,0.6806451678276062
ASIRUR,BOPHIZ,0.9970499873161316
ASIVAB,CUVVOG,0.8581189513206482
ASIVAB,AVEQID,0.6552011370658875
ASIVAB,CAQKAJ,0.6272138357162476
ASIVAB,ATAYAX,0.6028304696083069
ASOHUL,ATOTIM,1.0
ASOHUL,BADJAU,0.9974375367164612
ASOSUY,DIHVIB01,0.6684210300445557
ASOSUY,DIHVIB,0.6684210300445557
ASOVEL,DIQGUH,0.6142857074737549
ASOVEL,ATIJUI,0.6055640578269958
ASOVEL,BEBFIY,0.6049933433532715
ASUBIB,AZAYAD,0.9648386240005493
ASUBIB,CAVWOO,0.6996341347694397
ASUCAS,CEJGAB,0.4433216452598572
ASUCAS,CURSEO,0.4433216452598572
ASUCAS,CEJFUU,0.44319576025009155
ASUKEE,ASUKEE01,1.0
ASUKEE,CUPHUS,1.0
ASUKEE,BOSHUN,0.9999494552612305
ASUKEE,CAWDOU,0.5736842155456543
ASUKEE,CAWDOU02,0.5736842155456543
ASUKEE,CETPIB,0.47499996423721313
ASUKEE,CETPIB02,0.47499996423721313
ASUKEE,CETVAA,0.6499999761581421
ASUKEE01,CUPHUS,1.0
ASUKEE01,BOSHUN,0.9999494552612305
ASUKEE01,CETVAA,0.6499999761581421
ASUKEE01,DEHHIK,0.9996275901794434
ASUQIO,COXCUP,0.446153849363327
ASUQIO,COXDIE,0.446153849363327
ASUQIO,COXCOJ,0.446153849363327
ASUQIO,ASUQOU,0.43157893419265747
ASUQIO,DALXEW,0.3034445643424988
ASUQIO03,ASUQIO04,1.0
ASUQIO03,CUNFOH,1.0
ASUQIO03,CETHEQ,1.0
ASUQIO03,CUNFOH01,1.0
ASUQIO04,CUNFOH,1.0
ASUQIO04,CETHEQ,1.0
ASUQIO04,CUNFOH01,1.0
ASUQOU,DEKGOS,0.4959999918937683
ASUQOV,DEGBOI,0.9970894455909729
ASUQOV,DEGBUO,0.9957407712936401
ASUQOV,COTVIS,0.09999998658895493
ASUQOV,DATPIY,0.49452996253967285
ASUXAP,BELXUN,0.3494235575199127
ATAFIK,AZIMIH,1.0
ATAFIK,CIZQUZ,1.0
ATAYAX,AVEQID,0.7749999761581421
ATAYAX,DEMNOB,0.5666666626930237
ATAYEB,BAZBIQ,0.5185497403144836
ATAYEB,DEMNOB,0.5165805220603943
ATEJOA,BIFSOB,0.9942138195037842
ATEJOA,DIXGIC,0.8709091544151306
ATERIB,CAKLOR,0.5090909004211426
ATERIB,CONSAA,0.5073792338371277
ATERIB,DINNIZ,0.5065905451774597
ATEXII,DEXKEZ,0.4105431139469147
ATEXII,DEBBIY,0.40000003576278687
ATEYED,CUMKIG,0.9999999403953552
ATEYED,CUMKIG03,0.9999999403953552
ATEYED,COKFAK,0.8874999284744263
ATEYED,BUYNAL,0.47277575731277466
ATEYOP,AYOZIZ,1.0
ATEYOP,CAVWII,0.999916136264801
ATEYUV,ATEZAC,0.9999855160713196
ATEYUV,AYOZUL,0.9999855160713196
ATEYUV,CAVWII,0.9999803900718689
ATEZAC,AYOZUL,1.0
ATEZAC,CAVWII,0.9999352693557739
ATEZEG,BICPUA,1.0
ATEZEG,ATEZIK,0.9998902082443237
ATEZEG,AYOZUL,0.9998589158058167
ATEZIK,BICPUA,0.9998902082443237
ATEZIK,AYOZUL,0.9998542070388794
ATEZIK,CIFSAO,0.9960513114929199
ATEZIK,CIFSES,0.9960513114929199
ATEZIK,CIFSIW,0.9960513114929199
ATIBAG,DADTOS03,1.0
ATIBAG,ATIBOU,1.0
ATIBAG,DADTOS07,1.0
ATIBIO,DADTOS03,1.0
ATIBIO,ATIBOU,1.0
ATIBIO,DADTOS07,1.0
ATIBIO,DIDVIW,1.0
ATIBOU,DADTOS03,1.0
ATIBOU,DADTOS02,1.0
ATIBOU,DADTOS07,1.0
ATIBOU,ATIBOU01,1.0
ATIBOU,ATIBOU02,1.0
ATIBOU,ATIBUA,1.0
ATIBOU,DADTOS,1.0
ATIBOU,DADTOS01,1.0
ATIBOU,DADTOS04,1.0
ATIBOU,DADTOS05,1.0
ATIBOU,DADTOS06,1.0
ATIBOU,DADTOS08,1.0
ATIBOU,DADTOS09,1.0
ATIBOU,DADTOS10,1.0
ATIBOU,DADTOS11,1.0
ATIBOU,DADTOS12,1.0
ATIBOU,DADTOS13,1.0
ATIBOU,DADTOS14,1.0
ATIBOU,DADTOS15,1.0
ATIBOU,DADTOS16,1.0
ATIBOU,DADTOS17,1.0
ATIBOU,DADTOS18,1.0
ATIBOU01,DADTOS02,1.0
ATIBOU01,DADTOS06,1.0
ATIBOU02,DADTOS02,1.0
ATIBOU02,DADTOS06,1.0
ATIBUA,DADTOS02,1.0
ATIBUA,DADTOS06,1.0
ATICAH,DADTOS05,1.0
ATICAH,DADTOS03,1.0
ATICAH,DADTOS11,1.0
ATICEL,DADTOS05,1.0
ATICEL,DADTOS03,1.0
ATICEL,DADTOS11,1.0
ATIJOC,AVAQAP,0.9987369775772095
ATIJUI,AVAQET,0.9994630217552185
ATIJUI,BOJYIK01,0.9991112351417542
ATIJUI,ATIKIX,0.9984701871871948
ATIJUI,CAVLIW,0.6312783360481262
ATIJUI,CAVLOC,0.6312783360481262
ATIJUI,DIQGUH,0.9912782907485962
ATIJUJ,CELNUE,0.9999999403953552
ATIJUJ,AVUPOX,0.7013393640518188
ATIJUJ,AVUPIR,0.7013393640518188
ATIJUJ,CIHNIR,0.2942221760749817
ATIKAP,ATIKET,0.999916136264801
ATIKAP,AVAQET,0.9996404051780701
ATIKET,CEJXOG,0.9999352693557739
ATIKET,BOJYIK,0.9995911717414856
ATIKET,BOJYIK01,0.9995911717414856
ATIKIX,SURKAT,0.9982609748840332
ATIXUX,CUKXAJ,0.6399999856948853
ATIXUX,DAHMIJ,0.6399999856948853
ATIXUX,CUKXEN,0.6399999856948853
ATOTIM,BADJIC,0.9974375367164612
ATULIM,CIWYUD,0.6077757477760315
ATULIM,DIXKOL,0.6077757477760315
ATULIM,CITZIP,0.6077757477760315
ATULOS,CIQHOC,0.6142857670783997
ATULOS,CIQHES,0.610521137714386
ATULOS,CIQHIW,0.610521137714386
ATURIS,CEZYOY,0.747905433177948
ATURIS,DIRLIB,0.7314839363098145
ATUXEU,CUWNIT,0.5195334553718567
ATUXEU,BEXVAD01,0.5195334553718567
ATUXEU,AWEYAE,0.5152350068092346
AVAGIP,AVAGUB,1.0
AVAGIP,COTXIU,0.4758065342903137
AVAGIP,COTXEQ,0.4758065342903137
AVAGUB,COTXIU,0.4758065342903137
AVAGUB,COTXEQ,0.4758065342903137
AVAJUE02,AVAKAL02,1.0
AVAJUE02,CENQAP,0.9965804815292358
AVAJUE02,CAWVIH,0.9965804815292358
AVAJUE02,DIXGIC,0.9671105742454529
AVAKAL02,CENQAP,0.9965804815292358
AVAKAL02,CAWVIH,0.9965804815292358
AVAKEP02,BAZFUF,0.5935484170913696
AVAKEP02,BAZFUF01,0.5935484170913696
AVAKEP02,BAZGAM,0.5935484170913696
AVAQAP,BOJYIK,0.9987543821334839
AVAQAP01,DEDTEN,0.6618912220001221
AVAQAP01,AZUCED,0.6328063607215881
AVAQAP01,BAVDEH,0.34773167967796326
AVAQAP01,BIFDUQ,0.31373628973960876
AVAQAP01,CEMMUD,0.31694918870925903
AVAQAP01,CITXEJ,0.30197662115097046
AVAQAP01,COTVIS,0.09999998658895493
AVAQIX,AVAQIX01,1.0
AVAQIX,CESNUM,1.0
AVAQIX,DIWFAT,0.9970499873161316
AVAQIX,BUXCAZ,0.9801182150840759
AVAQIX01,CESNUM,1.0
AVAQIX01,DIWFAT,0.9970499873161316
AVAXIF,CEFDAU,0.9797663688659668
AVAXIF,CODFEH,0.5556548237800598
AVAXIF,BESXED,0.5287666916847229
AVELOD,AVEMAQ,0.9999494552612305
AVELOD,AVELUJ,0.9999494552612305
AVELOD,DEZCER,0.9950717687606812
AVELUJ,AVEMAQ,1.0
AVELUJ,DEZCER,0.9955241084098816
AVEMAQ,DEZCER,0.9955241084098816
AVEQID,CUVVOG,0.7107142806053162
AVEQID,DEMNOB,0.686956524848938
AVEQID,AVETEC,0.5743603706359863
AVEROJ,AVESIE,1.0
AVEROJ,AVESAW,1.0
AVEROJ,AVESEA,1.0
AVERUP,AVESIE,1.0
AVERUP,AVESAW,1.0
AVERUP,AVESEA,1.0
AVERUP,COMVEG,0.364705890417099
AVESAW,AVESIE,1.0
AVESAW,AVESEA,1.0
AVESAW,COMVEG,0.364705890417099
AVESEA,AVESIE,1.0
AVESOL,AVESUR,0.9962353706359863
AVESOL,DEMNOB,0.9437500238418579
AVESOL,CEKHUY,0.7822948098182678
AVESUR,CEKHUY,0.7779949903488159
AVETAY,DEMNOB,0.6727272868156433
AVETAY,BAZBIQ,0.6710156202316284
AVETAY,AVETEC,0.6062353849411011
AVETUS02,AVEVAA02,1.0
AVETUS02,AVEVII02,0.9977757334709167
AVETUS02,AVEVEE02,0.9962353706359863
AVEVAA02,AVEVII02,0.9977757334709167
AVEVAA02,AVEVEE02,0.9962353706359863
AVEVEE02,AVEVII02,0.9939473867416382
AVEVOO02,CIBTIT,0.6684210300445557
AVEVOO02,DEPXIG,0.6684210300445557
AVEVOO02,DEPXOM,0.6684210300445557
AVIHIY,CAVWOO,0.9999803900718689
AVIHIY,DIGPER,0.9998704195022583
AVIHIY,AVIHOE,0.9996700286865234
AVIHIY,BEQJOZ,0.5695652365684509
AVIHIY,COSWEO,0.9939661026000977
AVIHOE,CAVWOO,0.9995852708816528
AVIHOE,AWOFOI,0.9833859205245972
AVIHOE,BIQVII,0.4641551673412323
AVIHOE,DIGPER,0.9992631673812866
AVILAT,AXOCEW,0.9974996447563171
AVILAT,COZMUA,0.6222895383834839
AVILAT,BOHWOM,0.6182109713554382
AVIMIC,AVIMOI,1.0
AVIMIC,AVIMUO,0.9974996447563171
AVIMIC,CARFUZ,0.79677414894104
AVIMOI,AVIMUO,0.9974996447563171
AVIMOI,CARFUZ,0.79677414894104
AVIMUO,BEDJOL,0.8118923902511597
AVIPAX,AVIPOL,1.0
AVIPAX,BUKMUQ01,0.9959937334060669
AVIPOL,BUKMUQ01,0.9959937334060669
AVITUU,AVIVEG,0.9969467520713806
AVITUU,AVIVUW,0.9969467520713806
AVITUU,AVIVOQ,0.9969467520713806
AVIVAC,AVIVUW,1.0
AVIVAC,AVIVEG,1.0
AVIVAC,AVIVOQ,1.0
AVIVEG,AVIVUW,1.0
AVIVEG,AVIVOQ,1.0
AVIVOQ,AVIVUW,1.0
AVOFUM,COMDOY,0.9990034103393555
AVOFUM,BUKLOJ,0.9971376657485962
AVOFUM,BUKLOJ01,0.9971376657485962
AVOFUM,BECKOM,0.5664244294166565
AVOFUM,BUZHIO,0.46352583169937134
AVOGAT,AVOGAT01,1.0
AVOGAT,AVOGEX,1.0
AVOGAT01,AVOGEX,1.0
AVOGEZ,BUQROV,0.4138824939727783
AVOGEZ,DIXVUC04,0.40409284830093384
AVOGEZ,DALXEW,0.32444292306900024
AVOGID,BINBIM,0.48571428656578064
AVOGID,DENFUA,0.39705002307891846
AVOGID,CEVVEF,0.39705002307891846
AVOQOT,BADNOM,0.9623563885688782
AVOQOT,BEFKEF01,0.6172879934310913
AVOQOT,BEFKEF,0.6172879934310913
AVUCEA,CIPLIX,0.9999999403953552
AVUCEA,CIFMIP,0.9999999403953552
AVUCEA,BEXVAD01,0.699999988079071
AVUCEA,CIGXIA,0.9996292591094971
AVUDAX,COWKAB,0.7749999761581421
AVUDAX,BEZKOI01,0.5831897854804993
AVUDAX,DAWWEF,0.46885836124420166
AVUFED,AVUFED01,1.0
AVUFED,BEYKEX,0.9588677883148193
AVUFED,AYUWUM,0.3799999952316284
AVUFED,CIXCOD,0.4123023450374603
AVUFED01,BEYKEX,0.9588677883148193
AVUFED01,AYUWUM,0.3799999952316284
AVUFED01,BUTQUC,0.44137927889823914
AVUFED01,CIXCOD,0.4123023450374603
AVUKUY,AWEYUX,1.0
AVUKUY,AWEZEI,1.0
AVUKUY,AWEZAE,1.0
AVUKUY,CEFHAZ,0.47062456607818604
AVULAF,AWEYUX,1.0
AVULAF,AWEZEI,1.0
AVULAF,AWEZAE,1.0
AVULAF,DIFYEZ,0.36705002188682556
AVULEJ,AWEYUX,1.0
AVULEJ,AWEZEI,1.0
AVULEJ,AWEZAE,1.0
AVUPIR,AVUPOX,1.0
AVUPIR,CUMDIY,0.9930660724639893
AVUPIR,CUMDOE,0.9926453232765198
AVUPIR,CELNUE,0.7013393640518188
AVUPOX,CUMDIY,0.9930660724639893
AVUPOX,CUMDOE,0.9926453232765198
AVUPOX,CELNUE,0.7013393640518188
AVUYAR,BAEDTA01,0.756424605846405
AVUYAR,DINFOX,0.5375828742980957
AWAREV,COMHUI,0.9965804815292358
AWAREV,COMHOC,0.9965804815292358
AWAREV,CUGYOU,0.9944032430648804
AWARIZ,AWAROF,1.0
AWARIZ,CEWQED,0.43157896399497986
AWARIZ,CEWQAZ,0.43157896399497986
AWARIZ,DIKBAB,0.4150000214576721
AWAROF,CEWQED,0.43157896399497986
AWAROF,CEWQAZ,0.43157896399497986
AWAROF,DIKBAB,0.4150000214576721
AWEJAO,CUSBUO,0.47703367471694946
AWEJAO,AXITAD,0.3862646222114563
AWEJES,CATZIJ,0.9982883334159851
AWEJES,DEKBON,0.9965804815292358
AWEJES,AWEJIW,0.9962353706359863
AWEJES,DELGIN,0.9962353706359863
AWEJIW,DELGIN,1.0
AWEJIW,CATZIJ,0.9955214262008667
AWELAP,BECDAP,0.5
AWELAP,DAPYUP,0.36016786098480225
AWELAP,AZIXIR,0.29071247577667236
AWEMUL,COQMAX,0.9841392636299133
AWEMUL,COQMEB,0.8153892755508423
AWEMUL,BARMAL,0.701688289642334
AWEMUL,AWOSIQ,0.4703442454338074
AWEMUL,AXICOB,0.4553442597389221
AWEMUL,BARLEO,0.701688289642334
AWEMUL,BARMEP,0.6430416703224182
AWEMUL,BAZVIK,0.6438843607902527
AWEMUL,CIRSII,0.6811337471008301
AWEMUL,CIRSOO,0.6750357747077942
AWENAT02,BAZBIQ,0.5831651091575623
AWENAT02,DEMNOB,0.5811958909034729
AWEVIJ,CIYZUG,0.4258488118648529
AWEVIJ,CIGYEY,0.419657438993454
AWEWUV,COQTEJ,0.7624027132987976
AWEWUV,BIXCOC,0.6246275901794434
AWEWUV,CUNWEO,0.5538191795349121
AWEYAE,CUWNIT,0.9977757334709167
AWEYAE,DAZKEX,0.9927337765693665
AWEYAE,DITVOT,0.5733147859573364
AWEYUX,AWEZEI,1.0
AWEYUX,AWEZAE,1.0
AWEYUX,DEZKAW,0.47741931676864624
AWEYUX,DEZKEA,0.47741931676864624
AWEYUX,DIFYEZ,0.36705002188682556
AWEZAE,AWEZEI,1.0
AWEZAE,CEFHAZ,0.47062456607818604
AWEZAE,DEZKAW,0.47741931676864624
AWEZAE,DEZKEA,0.47741931676864624
AWEZEI,CEFHAZ,0.47062456607818604
AWEZOS,AWEZOS01,1.0
AWEZOS,AWIBAK,1.0
AWEZOS,AWIBEO,0.5344827771186829
AWEZOS01,AWIBAK,1.0
AWEZOS01,AWIBEO,0.5344827771186829
AWIBAK,AWIBEO,0.5344827771186829
AWIBAL,AWIBEP,1.0
AWIBAL,CUWWOI,0.9987848997116089
AWIBAL,CAPLOX,0.9965474605560303
AWIBAL,BERQIA,0.6311748027801514
AWIBEO,AWIBIS,1.0
AWIBEO,DITYEM02,0.6586206555366516
AWIBEO,BUHFER,0.6586206555366516
AWIBEP,CUWWOI,0.9987848997116089
AWIBEP,CAPLOX,0.9965474605560303
AWIBEP,BERQIA,0.6311748027801514
AWIBIS,DITYEM02,0.6586206555366516
AWIBIS,BUHFER,0.6586206555366516
AWOFOI,CAVWOO,0.9796669483184814
AWOFOI,BIQVII,0.48076921701431274
AWOJOM,DIXBET01,0.9993817806243896
AWOJOM,DIXBET,0.9993817806243896
AWOJOM,DINYEG,0.9952431321144104
AWOJOM,AZIXIR,0.6448363661766052
AWOSIQ,COQMAX,0.49991607666015625
AWOSIQ,COQMEB,0.4470899701118469
AWUROZ,DEKCII,0.35374394059181213
AWUROZ,DEKCEE,0.35348567366600037
AWUROZ,CAXVUU,0.3246292769908905
AXICOB,COQMEB,0.5749161243438721
AXICOB,COQMAX,0.484916090965271
AXIGAR,BEXREC,0.9999999403953552
AXIGAR,BEXQOL,0.9999999403953552
AXIGAR,DIBXAO,0.9999999403953552
AXIGAR,BASHEJ,0.9999999403953552
AXIMUP,BIZLUT,0.5722134113311768
AXIMUP,BELHOR,0.5554658770561218
AXIMUP,CEZZIR,0.44732141494750977
AXINAX01,DIBQEM,0.9999999403953552
AXINAX01,AXINIF,0.9999999403953552
AXINAX01,CIFMAH,0.9999999403953552
AXINIF,DIBQEM,0.9999999403953552
AXINIF,CIFMAH,0.9999999403953552
AXINIF,BABRII,0.9977757334709167
AXINIF,BAZFUF01,0.9996275901794434
AXINIF,BAZGAM,0.9996275901794434
AXINIF,CEPBOR,0.6862372756004333
AXINIF,CIKPEU,0.7374999523162842
AXINIF,DIBQIQ,0.9999999403953552
AXINIF,DIBQOW,0.9999999403953552
AXITAD,DIFYEZ,0.4049447476863861
AXOBIA,AXOCAT,0.9843295812606812
AXOBIA,AXOCEX,0.9493358731269836
AXOBIA,BUTCUQ,0.30723321437835693
AXOCAT,AXOCEX,0.9550824165344238
AXOCAT,BUTCUQ,0.3095288872718811
AXOCEW,COZMUA,0.6227757334709167
AXOCEX,BEZSIK,0.3063686192035675
AXOCEX,BUTCUQ,0.25196340680122375
AXOFOJ,AXOFOJ01,1.0
AXOFOJ,BEZSEG,0.6115753054618835
AXOFOJ,DIJWID,0.6115753054618835
AXOFOJ,CDCYAC,0.5770500302314758
AXOFOJ01,BEZSEG,0.6115753054618835
AXOFOJ01,DIJWID,0.6115753054618835
AXOFOJ01,CDCYAC,0.5770500302314758
AXOVAL,AXOVIT,0.9618924260139465
AXOVAL,BEWSUU,0.8800742626190186
AXOVAL,BEWSOO,0.8800742626190186
AXOVAL,BOWKUU,0.45230215787887573
AXOVIT,BEWSOO,0.918181836605072
AXOVIT,BEWSUU,0.918181836605072
AXUBAW,DETRAX,0.6120615005493164
AXUBAW,AYUFIL,0.60868901014328
AXUBAW,DIXCET,0.5735320448875427
AXUKUB,AXULAI,1.0
AXUKUB,AXULEM,1.0
AXUKUB,CUMLUT,0.7352941036224365
AXULAI,AXULEM,1.0
AXULAI,CUMLUT,0.7352941036224365
AXULEM,CUMLUT,0.7352941036224365
AXUVEW,DAWWAC,0.5439473390579224
AXUVEW,BUZKUE,0.5422806739807129
AXUVEW,CISLUN,0.5422806739807129
AXUZUO,AYABAD,0.9999999403953552
AXUZUO,AYABEH,0.9901461601257324
AXUZUO,DANVAQ,0.9826657772064209
AYABAD,AYABEH,0.9901461601257324
AYABAD,DANVAQ,0.9826657772064209
AYABEH,DANVEU,0.9987369775772095
AYABEH,DANVAQ,0.9987369775772095
AYAVON,BONWAD,0.9797663688659668
AYAVON,BEKMOW,0.3529176414012909
AYAVON,BEKNEN,0.3529176414012909
AYAVON,BOHXAZ,0.31045231223106384
AYIVIO,BARKOV,0.5
AYIVIO,BARJUA,0.4952431619167328
AYONOT,CUFORD,1.0
AYONOT,CUFORM,1.0
AYONOT,CUFORM03,1.0
AYOQEM,CUTKUY,0.7084445953369141
AYOREN,BOKQEZ,0.9970499873161316
AYOREN,CIFHOQ,0.9970499873161316
AYOREN,CIFHIK,0.9970499873161316
AYOSIS,CIWNIH,0.3911764621734619
AYOSIS,BOQLID,0.29350748658180237
AYOSIS,COVRUC,0.2800000011920929
AYOZIZ,CAVWII,0.999916136264801
AYOZOF,DAKZUN,1.0
AYOZOF,CAVWII,0.9995911717414856
AYOZUL,CAVWII,0.9999352693557739
AYOZUL,BICPUA,0.9998589158058167
AYUFIL,DETRAX,0.9971376657485962
AYUFIL,DIXCET,0.9679427742958069
AYUFIL,DAFYAN,0.6422206163406372
AYUFIL,BEPMOB,0.3738698959350586
AYUFIL,CAXTEC,0.6058294773101807
AYUFIL,CIFGUV,0.49713772535324097
AYUFIL,CIFHAC,0.6102277636528015
AYUFIL,COMMOH,0.5469467639923096
AYUFIL,COMMUN,0.5468592047691345
AYUFIL,CUYXOK,0.6112325191497803
AYUFIL,DAFYOB,0.6422206163406372
AYUJIP,DIHPIU,0.5459420084953308
AYUJIP,DIWFAT,0.446153849363327
AYUJIP,BUVNIR,0.44365349411964417
AYUWUM,CUSBUO,0.36590906977653503
AZADUC,AZAFEO,1.0
AZADUC,AZAFIS,1.0
AZAFEO,AZAFIS,1.0
AZAVUU,CEFNIN,0.949999988079071
AZAVUU,DERBIO,0.7996275424957275
AZAVUU,CEMBII,0.7851822972297668
AZAVUU,BUKPAZ,0.6329609155654907
AZAVUU,CAYKOF,0.6256139874458313
AZAVUU,COQJAV,0.5314354300498962
AZAVUU,COQJEZ,0.5314354300498962
AZAYAD,BEVSUR,0.6772066950798035
AZAYAD,CAJQIP,0.49411165714263916
AZAYEH,BAZBOW,0.9709078073501587
AZAYEH,DAPHOU,0.9607003927230835
AZAYEH,BEVSUR,0.6772066950798035
AZEBUE,CIYZEQ,1.0
AZEBUE,CIYZIU,0.9999855160713196
AZEBUE,CIGDUT,0.9999803900718689
AZEBUE,DETVUW,0.9946691393852234
AZIHOI,CANYIB,0.9249999523162842
AZIHOI,BAKJOO,0.9249999523162842
AZIHOI,BAKJII,0.9249999523162842
AZIHOI,BEQPEU,0.5908379554748535
AZIHOI,BOYTEQ,0.7179791927337646
AZILEA,BUGSEC,0.999613344669342
AZILEA,BUGSOM,0.9991112351417542
AZILEA,BUGSIG,0.9989266395568848
AZIMIH,CIZQOT,1.0
AZIMIH,CIZQUZ,1.0
AZIMIH,DITXOU,1.0
AZIVAI,CECHAW,1.0
AZIVAI,CAYSIE,0.9996275901794434
AZIVAI,CAYSOK,0.9950717687606812
AZIVAI,BALNAG,0.6142352223396301
AZIVAI,CAYYEG,0.9950717687606812
AZIXIR,DIXBET,0.6454545855522156
AZIXIR,DIXBET01,0.6454545855522156
AZIXUD,BEXVAD01,0.7238627076148987
AZIXUD,DAKVOC,0.7230769395828247
AZIXUD,CEPYII,0.7230769395828247
AZIXUD,CILLAL,0.5730510950088501
AZIYIR,AZIYOX02,0.9999999403953552
AZIYIR,AZIYOX,0.9999999403953552
AZIYIR,AZIYOX01,0.9999999403953552
AZIYIR,BEDJEA,0.9937262535095215
AZIYIR,CAKLOR,0.9643369913101196
AZIYIR,CETFOX,0.9999999403953552
AZIYIR,CIHFUU,0.9686119556427002
AZIYOX,AZIYOX02,0.9999999403953552
AZIYOX,AZIYOX01,0.9999999403953552
AZIYOX,CETFOX,0.9999999403953552
AZIYOX,DINNIZ,0.9756634831428528
AZIYOX01,AZIYOX02,0.9999999403953552
AZIYOX01,DEKZEA,0.9934701919555664
AZIYOX02,BEDJEA,0.9937262535095215
AZIYOX02,CETFOX,0.9999999403953552
AZIYOX02,DEKZEA,0.9934701919555664
AZOCAU,DAQRET01,0.999613344669342
AZOCAU,DAQRET,0.999613344669342
AZOCAU,DEHBEY,0.9989266395568848
AZPYCD,CUCFOX,0.1833321750164032
AZPYCD,CAJHON,0.1780536025762558
AZUCED,CIFGOP,0.584999680519104
BABCUE,CEKHIL,0.5222895741462708
BABCUE,DIWFAT,0.5218750238418579
BABCUE,CAVRUO,0.4279018044471741
BABCUE,CAVSAV,0.4306122362613678
BABREE,DALSOA,1.0
BABREE,DIHVIB,0.7749999761581421
BABRII,DIBQOW,0.9977757334709167
BABRII,DIBQEM,0.9977757334709167
BABRII,CEPBEH,0.6859611868858337
BABRII,CEPBOR,0.6884615421295166
BABRII,CUVVOG,0.6538462042808533
BABRII,DAPYAW,0.9962353706359863
BACZIR,CUYDEG,0.5477757453918457
BADHIA,BADJIC,1.0
BADHIA,BADHUM,1.0
BADHIA,BADJAU,1.0
BADHIA,CAVMUJ,1.0
BADHIA,CAVMUJ01,1.0
BADHIA,CAVMUJ02,1.0
BADHOG,BADJIC,1.0
BADHOG,BADHUM,1.0
BADHOG,BADJAU,1.0
BADHOG,BADHUM01,1.0
BADHOG,BEBFIY,0.9930317997932434
BADHUM,BADJIC,1.0
BADHUM,BADJAU,1.0
BADHUM,CAVMUJ,1.0
BADHUM,CAVMUJ01,1.0
BADHUM,CAVMUJ02,1.0
BADHUM01,BADJIC,1.0
BADHUM01,BADJAU,1.0
BADHUM01,CAVMUJ,1.0
BADHUM01,CAVMUJ01,1.0
BADHUM01,CAVMUJ02,1.0
BADJAU,BADJIC,1.0
BADJAU,BEBFIY,0.9930317997932434
BADNOM,BEFKEF01,0.5665563344955444
BADNOM,BEFKEF,0.5665563344955444
BADNOM,DAXFIU,0.48208701610565186
BADZAK,CUZBUW,0.9977757334709167
BADZAK,BUKLOJ01,0.9977757334709167
BADZAK,BUKLOJ,0.9977757334709167
BADZAK,CEJWAR,0.7352941632270813
BADZAK,DAWCIP,0.7000000476837158
BADZAK,DAWCOV,0.697499692440033
BAEDTA01,DIBZIZ,0.7882353067398071
BAEDTA01,DIBZEV,0.7873436212539673
BAEDTA01,DIBZOF,0.7873436212539673
BAFHIC,BAFHOI,1.0
BAFHIC,DIRTEG,0.9987406134605408
BAFHIC,BAVYEF,0.6836134195327759
BAFHOI,DIRTEG,0.9987406134605408
BAFHOI,BAVYEF,0.6836134195327759
BAFORM,CAFORM13,0.9958264827728271
BAFORM,CAFORM,0.9958264827728271
BAFORM,BIYLAW01,0.9701893329620361
BAFQOQ,BAFRAD,0.9983987212181091
BAFQOQ,BAFREH,0.997765302658081
BAFQOQ,BAFQUW,0.9975399971008301
BAFQOQ,BARKUD,0.9684215784072876
BAFQOQ,BEDHOJ,0.5869413018226624
BAFQOQ,BOVQUZ,0.9674572348594666
BAFQUW,BAFRAD,0.9994630217552185
BAFQUW,BAFREH,0.9989266395568848
BAFRAD,BAFREH,0.9996404051780701
BAFRAD,COTVOY,0.09999998658895493
BAFREH,BARKUD,0.9663447737693787
BAFREH,BOVQUZ,0.9665710926055908
BAHGUN,BAHGUN04,1.0
BAHGUN,BAHGUN01,1.0
BAHGUN,BAHGUN02,1.0
BAHGUN,BAHGUN03,1.0
BAHGUN01,BAHGUN04,1.0
BAHGUN02,BAHGUN04,1.0
BAHGUN03,BAHGUN04,1.0
BAHNEG,CEJSUG,0.7052640318870544
BAHNEG,CECVAI,0.3046391010284424
BAHNEG,CNSMAG,0.10000001639127731
BAHNEG,CNSMAG01,0.10000001639127731
BAHOXH13,BALMUW,1.0
BAHOXH13,BAOXAL02,1.0
BAHOXH13,BAOXAL03,1.0
BAHOXH13,BALMUW01,1.0
BAHOXH13,BAOXAL,1.0
BAKGEB,BAQXAU,0.9356977343559265
BAKGEB,COCNEP,0.8308775424957275
BAKGEB,COCMOY,0.8285395503044128
BAKGEB,BAZJET,0.7325837016105652
BAKGEB,BAZJIX,0.7325837016105652
BAKJEE,CANYIB,0.9999999403953552
BAKJEE,BAKJOO,0.9999999403953552
BAKJEE,BAKJII,0.9999999403953552
BAKJEE,BOYTEQ,0.7179791927337646
BAKJEE,CIKCOQ,0.9939473867416382
BAKJEE,DABWUA,0.5733118057250977
BAKJII,CANYIB,0.9999999403953552
BAKJII,BAKJOO,0.9999999403953552
BAKJII,BEDQUZ,0.6121292114257812
BAKJII,BEQPEU,0.5908379554748535
BAKJII,BOYTEQ,0.7179791927337646
BAKJII,CIKCOQ,0.9939473867416382
BAKJOO,CANYIB,0.9999999403953552
BAKJOO,BEQPEU,0.5908379554748535
BAKJOO,DABWUA,0.5733118057250977
BAKLIK,COHJEP,0.6023131608963013
BAKLIK,BOVQUZ,0.3224996328353882
BAKWIV,DEHBIC,0.9964936971664429
BAKWIV,CUGQUR,0.9934701919555664
BAKWIV,CUGSUT,0.9899165034294128
BAKWIV,DIPMAS,0.5136755704879761
BAKWIV,DISROP,0.45264533162117004
BALFAV01,BALFAV02,1.0
BALFAV01,BALFAV03,1.0
BALFAV01,BALFAV04,1.0
BALFAV01,CUTGAA,0.47261545062065125
BALFAV02,BALFAV03,1.0
BALFAV02,BALFAV04,1.0
BALFAV02,BEGFID,0.997696578502655
BALFAV02,BUSMUZ,0.9894323945045471
BALFAV02,DAPZAW,0.9976154565811157
BALFAV02,DIVGIA,0.4248882234096527
BALFAV03,BALFAV04,1.0
BALFAV03,BEGFID,0.997696578502655
BALFAV03,BUKYAJ,0.5215262770652771
BALFAV03,BUSMUZ,0.9894323945045471
BALFAV03,DAPZAW,0.9976154565811157
BALFAV04,BEGFID,0.997696578502655
BALFAV04,BUKYAJ,0.5215262770652771
BALFAV04,BUSMUZ,0.9894323945045471
BALFAV04,DAPZAW,0.9976154565811157
BALFAV04,DIHPIU,0.5211448669433594
BALFAV04,DIVGIA,0.4248882234096527
BALLOP,CUSYUM,1.0
BALLOP,CUSZEX,1.0
BALLOP,CUXLEO,1.0
BALMUW,BAOXAL02,1.0
BALMUW,BAOXAL03,1.0
BALMUW01,BAOXAL02,1.0
BALMUW01,BAOXAL03,1.0
BALNAG,CECHAW,0.6142352223396301
BALNAG,CAYSIE,0.6140364408493042
BALZEW,BIYHOH,0.9905507564544678
BALZEW,BIYHEX,0.9694830775260925
BALZEW,BIJGOT,0.20112550258636475
BALZEW,CEGWER,0.4517824649810791
BALZEW,CEYYIQ,0.5449813604354858
BAMMOU,BAMMUA,1.0
BAMMOU,BAMNEL,0.5846154093742371
BAMMOU,BAMNAH,0.5846154093742371
BAMMOU,DEVBIQ,0.10000000149011612
BAMMOU,DICKEH,0.10000000149011612
BAMMUA,BAMNEL,0.5846154093742371
BAMMUA,BAMNAH,0.5846154093742371
BAMNAH,BAMNEL,1.0
BAMNAH,DAWMUL,0.10000000149011612
BAMWES,DEPXAY,0.9974996447563171
BAMWES,DEJCEB,0.9974996447563171
BAMWES,DESHOZ,0.9970499873161316
BAMWES,DEJCIF,0.9950717687606812
BANLUA,DEFXEU,0.940880298614502
BANLUA,BOSJUQ,0.30000001192092896
BANLUA,DAYGUH,0.6000000238418579
BANLUA,DEKCEE,0.37372979521751404
BAOXAL,BAOXAL02,1.0
BAOXAL,BAOXAL03,1.0
BAOXAL02,BAOXAL03,1.0
BAOXAL02,DEXZIS,0.10000000149011612
BAPDAA,COKNUN01,0.9970499873161316
BAPDAA,COKNUN,0.9970499873161316
BAPDAA,COKNUN02,0.9970499873161316
BAPKAG,CITWUY,0.521558940410614
BAPKAG,CITXAF,0.48509612679481506
BAPKAG,CITWOS,0.4809574484825134
BAPKAG,CITXEJ,0.361881822347641
BAQMOW,BAQXOG02,1.0
BAQMOW,BAQXOG03,1.0
BAQMOW,BAQXOG,1.0
BAQMOW,BAQXOG01,1.0
BAQMOW,COZSIU,0.9929918050765991
BAQMUC,BAQXOG01,0.9974996447563171
BAQMUC,BAQXOG,0.9974996447563171
BAQMUC,BAQXOG03,0.9974996447563171
BAQXAU,COCNAL,0.8403184413909912
BAQXAU,COCMUE,0.8282408714294434
BAQXAU,BAZJET,0.7279477119445801
BAQXAU,BAZJIX,0.7279477119445801
BAQXOG,BAQXOG02,1.0
BAQXOG,BAQXOG03,1.0
BAQXOG,BITLUL,0.9743626117706299
BAQXOG,COZSIU,0.9929918050765991
BAQXOG01,BAQXOG02,1.0
BAQXOG01,BAQXOG03,1.0
BAQXOG02,BAQXOG03,1.0
BAQXOG02,COZSIU,0.9929918050765991
BAQXOG03,DECVIT,0.9743626117706299
BARHUY,BARKEL,0.9929474592208862
BARHUY,BARJAG,0.9891725182533264
BARHUY,BARKIP,0.9843295812606812
BARHUY,DIVFOF,0.48186251521110535
BARJAG,BARKIP,0.9993817806243896
BARJAG,BARKEL,0.9978553056716919
BARJIO,BEBFIY,0.3058965504169464
BARJIO,COKPEZ,0.30166617035865784
BARJIO,BEQJUF,0.2992699146270752
BARJUA,BARKOV,0.9952431321144104
BARJUA,BOVLII,0.4769948720932007
BARKEL,BARKIP,0.9952431321144104
BARKOV,BOVLII,0.4878189265727997
BARKOV,CICYIX,0.4451351761817932
BARKUD,BOVQUZ,0.9965804815292358
BARKUD,BEDHOJ,0.6181312799453735
BARLEO,BARMAL,1.0
BARLEO,COQMAX,0.7119222283363342
BARLEO,COQMEB,0.62795090675354
BARMAL,COQMAX,0.7119222283363342
BARMEP,COQMAX,0.6532756090164185
BARMEP,COQMEB,0.58363276720047
BARZEA,DAFHID,0.9999494552612305
BARZEA,COXFOL,0.9996275901794434
BARZEA,DAFHEZ,0.9996275901794434
BARZEA,CELZUQ,0.9978308081626892
BARZOL,CUSFAZ,0.43980395793914795
BARZOL,CETNUL,0.330192506313324
BARZOL,DINTID,0.3046391010284424
BARZOL,BUXHOS,0.22551822662353516
BASHAF,BASHIN,1.0
BASHAF,BEXRAY,1.0
BASHAF,DANZEX,1.0
BASHEJ,BEXQOL,0.9999999403953552
BASHEJ,DIBXAO,0.9999999403953552
BASHEJ,BEXQIF,0.9996292591094971
BASHEJ,BEXREC,0.9999999403953552
BASHIN,DANZEX,1.0
BASHIN,BEXRAY,1.0
BASHOT,BEXQIF,1.0
BASHOT,BEXQOL,0.9996292591094971
BASHOT,DIBXAO,0.9996292591094971
BASJUB,CEYPUT01,0.5499999523162842
BASJUB,CIJBEE,0.5499999523162842
BASJUB,CUQTAL,0.45962756872177124
BATSIB,DALTAO,0.7075779438018799
BATSIB,DALSUH,0.7071264386177063
BATSIB,BERQAS,0.6276671290397644
BAVDEH,CITXEJ,0.2853552997112274
BAVYEF,BOPHIZ,0.8137930631637573
BAVYEF,BOPHEV,0.8137930631637573
BAVYEF,BIRMUM,0.6876749992370605
BAVYEF,DIRTEG,0.6835196018218994
BAWRUO,BIVXOT,0.9904053211212158
BAWRUO,DEKPAL,0.5727487802505493
BAWRUO,DEKPEP,0.5727487802505493
BAWRUO,CEBDOD,0.478525847196579
BAXFIR,BAXGAK,1.0
BAXFIR,BAXFUD,1.0
BAXFIR,BAXFIR01,1.0
BAXFIR,BAXFIR02,1.0
BAXFIR01,BAXGAK,1.0
BAXFIR01,BAXFUD,1.0
BAXFIR01,DIXNUV,0.9985496997833252
BAXFIR01,DIXNUV01,0.9985496997833252
BAXFIR02,BAXGAK,1.0
BAXFIR02,BAXFUD,1.0
BAXFUD,BAXGAK,1.0
BAXGAK,DIXNUV,0.9985496997833252
BAXGAK,DIXNUV01,0.9985496997833252
BAXGEP,DIHVIB,0.64000004529953
BAXGEP,BODPAN,0.64000004529953
BAXGEP,CIRTAB,0.5651447772979736
BAXLOD,CAVMUJ03,0.3749237060546875
BAXLOD,BOWTAJ,0.35576653480529785
BAXLOD,BEKNEN,0.35481953620910645
BAXSIE,BOHXED,0.9821115732192993
BAXSIE,BOVLII,0.9619939923286438
BAYJEQ,BORBAM,0.4459420442581177
BAYJEQ,CDCYAC,0.5122438073158264
BAYJEQ,DIKZED,0.4748893976211548
BAYPUN,BAYQAU,0.9984074234962463
BAYPUN,BAYQAU11,0.9984074234962463
BAYPUN,BAYQAU01,0.9984074234962463
BAYQAU,BAYQAU11,1.0
BAYQAU,BAYQAU01,1.0
BAYQAU01,BAYQAU11,1.0
BAYQAU03,BAYQAU04,1.0
BAYQAU03,BAYQAU07,1.0
BAYQAU03,BAYQAU09,1.0
BAYQAU03,BAYQAU05,1.0
BAYQAU03,BAYQAU06,1.0
BAYQAU03,BAYQAU08,1.0
BAYQAU03,BAYQAU10,1.0
BAYQAU04,BAYQAU07,1.0
BAYQAU04,BAYQAU09,1.0
BAYQAU05,BAYQAU07,1.0
BAYQAU05,BAYQAU09,1.0
BAYQAU06,BAYQAU07,1.0
BAYQAU06,BAYQAU09,1.0
BAYQAU06,BAYQAU08,1.0
BAYQAU06,BAYQAU10,1.0
BAYQAU06,BETHUE,0.9922806620597839
BAYQAU07,BAYQAU09,1.0
BAYQAU07,DAYYIN,0.9939473867416382
BAYQAU08,BAYQAU09,1.0
BAYQAU08,BAYQAU10,1.0
BAYQAU09,DAYYIN,0.9939473867416382
BAYQAU10,BETHUE,0.9922806620597839
BAZBIQ,DEMNOB,0.9982883334159851
BAZBOW,DAPHOU,0.9982883334159851
BAZBOW,CIGXIA,0.7000000476837158
BAZFUF,BAZGAM,1.0
BAZFUF,BAZFUF01,1.0
BAZFUF,DIBQEM,0.9996275901794434
BAZFUF01,BAZGAM,1.0
BAZJET,BAZJIX,1.0
BAZVIK,CUQKOQ,0.6847758889198303
BAZVIK,COQMIF,0.668556272983551
BEBFIY,CAVMUJ02,0.9930317997932434
BEBFIY,BIDREO,0.26363638043403625
BEBFIY,DIQGUH,0.9907075762748718
BECDAP,DETGIT,0.3131578862667084
BECDAP,CEDYER01,0.30840104818344116
BECKOM,BEZKOI,0.6029411554336548
BECKOM,BEZKOI01,0.6029411554336548
BECKOM,CUBHOY,0.44054052233695984
BECRUX,BECRUX05,1.0
BECRUX,BECRUX02,1.0
BECRUX,BECRUX03,1.0
BECRUX01,BECRUX05,1.0
BECRUX01,BECRUX02,1.0
BECRUX01,BECRUX03,1.0
BECRUX01,BECRUX04,1.0
BECRUX01,BECRUX06,1.0
BECRUX01,BECRUX07,1.0
BECRUX02,BECRUX05,1.0
BECRUX02,BECRUX03,1.0
BECRUX02,BECRUX04,1.0
BECRUX02,BECRUX06,1.0
BECRUX02,BECRUX07,1.0
BECRUX03,BECRUX05,1.0
BECRUX04,BECRUX05,1.0
BECRUX04,BECRUX06,1.0
BECRUX04,BECRUX07,1.0
BECRUX05,CAZLEV,0.9944032430648804
BECRUX05,CAZLIZ,0.9944032430648804
BECRUX07,CISMAT,0.9927337765693665
BECRUX07,CISMAT01,0.9927337765693665
BEDHOJ,BOVQUZ,0.6146842241287231
BEDHOJ,BENXOJ,0.45231637358665466
BEDHOJ,BENXUP,0.45231637358665466
BEDJEA,CETFOX,0.9937262535095215
BEDJEA,CAKLOR,0.9678561091423035
BEDJOL,BEPYIG,0.882081925868988
BEDJOL,CARFOT,0.882081925868988
BEDJOL,CARFUZ,0.8812179565429688
BEDPAE,CUVFUW,0.9939473867416382
BEDPAE,CITZIP,0.6464285254478455
BEDPAE,DIXKOL,0.6464285254478455
BEDQUZ,DITTEH,0.6188160181045532
BEDQUZ,CIKCOQ,0.6181818246841431
BEDREK,DITTEH,0.620080292224884
BEDREK,CEXBAL,0.5821150541305542
BEFJUS,DITGUL,0.5828797817230225
BEFJUS,DITJIC,0.5828797817230225
BEFJUS,DITROQ,0.5828797817230225
BEFJUS,BUKSAD,0.4791986644268036
BEFKEF,BEFKEF01,1.0
BEFKEF,CEKWEW,0.733069896697998
BEFKEF,COLPEA,0.7149186134338379
BEFKEF,CEQPIA,0.6477757096290588
BEFKEF,DAXDUE,0.5463033318519592
BEFKEF01,CEKWEW,0.733069896697998
BEFKEF01,COLPEA,0.7149186134338379
BEFKEF01,CEQPIA,0.6477757096290588
BEFKEF01,CUQYEU,0.6969092488288879
BEGFID,BUKYAJ,0.5313277244567871
BEJKEJ,CAXZUY,1.0
BEJKEJ,DIDBAV,0.9997506737709045
BEJKEJ,DIDBEZ,0.9997506737709045
BEJKEJ,BEQJAL,0.5764706134796143
BEKMOW,BEKNEN,1.0
BEKMOW,BOWTAJ,0.9937959313392639
BEKMOW,CAVMUJ03,0.9741673469543457
BEKMOW,CAFJIF,0.3603929281234741
BEKNEN,BOWTAJ,0.9937959313392639
BEKNEN,CAVMUJ03,0.9741673469543457
BEKNEN,CAFJIF,0.3603929281234741
BEKVOD,BIFSUF,0.3863636553287506
BEKVOD,DELTAQ02,0.3863636553287506
BELHOR,BIZLUT,0.982000470161438
BELHOR,BIZMAA,0.4411466419696808
BELJIL,BEPPOD,0.4903304874897003
BELJIL,BEPNER,0.4903304874897003
BELJIL,BEPPIX,0.4903304874897003
BELQAN,CITLOJ,0.9781790375709534
BELQAN,CITMIE,0.9781520962715149
BELQAN,CITMAW,0.9778347015380859
BELQAN,DAZZUC,0.7495500445365906
BELQAN,DEBBIY,0.7499997019767761
BELTOD,BELVEV,1.0
BELTOD,BELVAR,1.0
BELTUJ,CESQUP,0.9977757334709167
BELTUJ,COGNAO,0.9977757334709167
BELVAR,BELVEV,1.0
BELXUN,BUSXAP,0.4243227541446686
BELXUN,BUSXET,0.4212201237678528
BELYIC,CABQEB,0.9963152408599854
BELYIC,CIQYUX,0.9963152408599854
BELYIC,DAYMAS,0.9959937334060669
BELYIC,COVSIP,0.2830614745616913
BENXOJ,BENXUP,1.0
BENXOJ,CAGSAG,0.45000001788139343
BENXUP,CAGSAG,0.45000001788139343
BENZOL,BENZUR,0.9991083145141602
BENZOL,BEPBAB,0.9966550469398499
BENZOL,BEPFIN,0.9965928792953491
BENZUR,BOLHAM,0.9965716600418091
BENZUR,BEPFIN,0.996257483959198
BEPBAB,BEPFIN,0.9993717670440674
BEPLUF,BEPNUH,1.0
BEPLUF,BEPNOB,1.0
BEPLUF,BEPMEQ,1.0
BEPMAM,BEPNUH,1.0
BEPMAM,BEPNOB,1.0
BEPMAM,BEPMEQ,1.0
BEPMAM,BEPMIU,1.0
BEPMAM,BEPNIV,1.0
BEPMAM,BEPPAP,1.0
BEPMEQ,BEPNUH,1.0
BEPMEQ,BEPNOB,1.0
BEPMIU,BEPNUH,1.0
BEPMIU,BEPNOB,1.0
BEPMOB,DETRAX,0.37655067443847656
BEPMOB,CANROA,0.3723548650741577
BEPNER,BEPPOD,1.0
BEPNER,BEPPIX,1.0
BEPNER,BEPNOB,0.7352941632270813
BEPNIV,BEPNUH,1.0
BEPNIV,BEPNOB,1.0
BEPNIV,BEPPAP,1.0
BEPNOB,BEPNUH,1.0
BEPNOB,BEPPAP,1.0
BEPNOC,BEPNUI,0.9966550469398499
BEPNOC,CAYKEU,0.5904660820960999
BEPNOC,BERQIA,0.5334308743476868
BEPNUI,CAYKEU,0.5878300666809082
BEPNUI,BERQIA,0.5312382578849792
BEPPAP,BEPPIX,0.7352941632270813
BEPPAP,BEPPOD,0.7352941632270813
BEPPIX,BEPPOD,1.0
BEPPIY,COMFIU,0.9998192191123962
BEPPIY,CAVYUW,0.9994840025901794
BEPPIY,COMFEQ,0.9994805455207825
BEPPIY,DAHNOQ,0.9985299110412598
BEPPIY,DAHNUW,0.9985299110412598
BEPPIY,DIVNAY,0.9976078867912292
BEPREV,BEPREV01,1.0
BEPREV,BEPROF,1.0
BEPREV,BEPREV03,1.0
BEPREV,BEPREV02,1.0
BEPREV01,BEPROF,1.0
BEPREV01,BEPREV03,1.0
BEPREV02,BEPROF,1.0
BEPREV02,BEPREV03,1.0
BEPREV02,CEZYOY,0.8030744791030884
BEPREV02,DIQHAO,0.9997506737709045
BEPREV02,DIQHAO01,0.9997506737709045
BEPREV03,BEPROF,1.0
BEPRIZ,CIKPEU,0.9999999403953552
BEPRIZ,DIBQOW,0.7374999523162842
BEPRIZ,CIFMAH,0.7374999523162842
BEPROF,CEZYOY,0.8030744791030884
BEPROF,DIQHAO,0.9997506737709045
BEPROF,DIQHAO01,0.9997506737709045
BEPYIG,CARFOT,1.0
BEPYIG,CARFUZ,0.9965804815292358
BEQHUD,BEQJAL,0.9965023994445801
BEQHUD,BOYTEQ,0.5839861035346985
BEQHUD,DIDBOJ,0.574246346950531
BEQJAL,BOYTEQ,0.5820105671882629
BEQJOZ,CAVWOO,0.5695456266403198
BEQJOZ,DIGPER,0.5694356560707092
BEQJOZ,BIXVIQ01,0.24684959650039673
BEQKAM,CADPII,1.0
BEQKAM,CEHLAD,1.0
BERQAS,CIFGUV,0.6026430130004883
BERQAS,DALSUH,0.5457138419151306
BERQAS,CEJNOU,0.35400205850601196
BERQAS,DAPYUP,0.27685919404029846
BERQAS,DETGIT,0.351417601108551
BERQEW,CUKXAJ,0.6000000238418579
BERQEW,CUKXEN,0.6000000238418579
BERQIA,CUWWOI,0.62794429063797
BERROH,BERRUN,0.9970499873161316
BERROH,BERSOI,0.6670500040054321
BERROH,BOJLOC,0.44999998807907104
BERRUN,BERSOI,0.6699999570846558
BERRUN,BOJLOC,0.447050005197525
BERSOI,BOJLOC,0.4411676526069641
BESKUI,RUBTAK02,1.0
BESKUI,SURKAT,1.0
BESXED,CODFEH,0.9520620107650757
BESXED,CIMZII,0.9339526295661926
BETDAH,BETDEL,0.9999803900718689
BETDAH,BETDOV,0.9998704195022583
BETDAH,CUWYAW,0.9994840025901794
BETDEL,BETDOV,0.999916136264801
BETDEL,BETDUB,0.9996340870857239
BETDEL,CUWYAW,0.9996340870857239
BETDIP,CUWZIF,0.9998192191123962
BETDIP,CUWXID,0.9998192191123962
BETDIP,BETFEN,0.9991112351417542
BETDIP,BETFIR,0.9847605228424072
BETDIP,BIDPAH,0.5441616177558899
BETDOV,BETFAJ,0.9996404051780701
BETDUB,CUWYAW,0.9999999403953552
BETDUB,BETFAJ,0.9996544122695923
BETDUB,BETFOX,0.9829657673835754
BETDUB,BETFUD,0.9829657673835754
BETDUB,BETGAK,0.9987545013427734
BETFAJ,CUWYAW,0.9996544122695923
BETFAJ,BETGAK,0.9983987212181091
BETFEN,CUWZIF,0.999613344669342
BETFEN,CUWXID,0.999613344669342
BETFIR,CUWZIF,0.9829657673835754
BETFIR,CUWXID,0.9829657673835754
BETFOX,BETFUD,0.9999999403953552
BETFOX,CUWYAW,0.9829657673835754
BETFUD,CUWYAW,0.9829657673835754
BETGAK,CUWYAW,0.9987545013427734
BETGEO,BETGIS,1.0
BETGEO,BOWNUY,0.9999494552612305
BETGEO,COTYIV,0.9999494552612305
BETGEO,BETGOY,0.9997506737709045
BETGEO,BETGUE,0.9997506737709045
BETGIS,BOWNUY,0.9999494552612305
BETGIS,COTYIV,0.9999494552612305
BETGOY,BETGUE,0.9999999403953552
BETGOY,DANWAS,0.9977757334709167
BETGUE,DANWAS,0.9977757334709167
BETHEP,DAGTUD,1.0
BETHEP,BETHIT,1.0
BETHEP,DANWAS,0.9962353706359863
BETHIT,DAGTUD,1.0
BETHIT,DANWAS,0.9962353706359863
BETHUE,DAYYIN,0.9996275901794434
BETHUE,CAGLIF,0.29420188069343567
BETJUI,BETRUQ,0.9819706082344055
BETJUI,BIKMAL01,0.9788232445716858
BETJUI,BIKMAL,0.9788232445716858
BETRUQ,BIKMAL,0.9972895383834839
BETRUQ,BIKMAL01,0.9972895383834839
BETRUQ,BIKMEP01,0.9955241084098816
BETRUQ,DOBGAD,0.7938241362571716
BETRUQ,DOBGAD01,0.7938241362571716
BETXIK,DEJJEK,0.6753847599029541
BETZOR,CIFJAE,0.6625000238418579
BETZOR,DAFHOJ,0.6625000238418579
BEVSUR,BOHWUS,0.9982609748840332
BEVSUR,DIGPER,0.9968496561050415
BEVSUR,CAVWOO,0.9965118765830994
BEWCUD,COKRUR,0.8736562132835388
BEWCUD,DAJVES,0.865422785282135
BEWCUD,DAJWET,0.8636407852172852
BEWCUD,BIPSUQ,0.8263102173805237
BEWSOO,BEWSUU,1.0
BEWSOO,BOWKUU,0.48144444823265076
BEWSUU,BOWKUU,0.48144444823265076
BEXFUI,BEZSIK,0.6684561371803284
BEXPAX,DIWNAA,0.995114803314209
BEXPAX,DIWMUT,0.9441367387771606
BEXPAX,DIWMON,0.9386946558952332
BEXQIF,BEXQOL,0.9996292591094971
BEXQOL,DIBXAO,0.9999999403953552
BEXQOL,BEXREC,0.9999999403953552
BEXQUR,DIBWUH,1.0
BEXQUR,BEXRIG,1.0
BEXQUR,CUSYIA,0.9999494552612305
BEXRAY,DANZEX,1.0
BEXRIG,DIBWUH,1.0
BEXRIG,CUSYIA,0.9999494552612305
BEXRUT,BEXSII,0.9999494552612305
BEXRUT,BEXSEE,0.9997506737709045
BEXRUT,BEXSAA,0.9955241084098816
BEXSAA,BEXSEE,0.9972895383834839
BEXSAA,BEXSII,0.9950717687606812
BEXSEE,BEXSII,0.9996275901794434
BEXVAD01,CELZIE,0.6833555102348328
BEYTEG,CISLUN,0.6100000143051147
BEYTEG,DEGJIK,0.6100000143051147
BEYTEG,BUZKUE,0.6100000143051147
BEZKOI,DILJOA,0.6368592381477356
BEZKOI,DAWWUV,0.5604650974273682
BEZKOI,CUBHOY,0.44285714626312256
BEZKOI,DAWWIJ,0.5575150847434998
BEZKOI,DAWWOP,0.5527458190917969
BEZKOI,DITPON,0.5341928601264954
BEZKOI,DITPUT,0.531090259552002
BEZKOI01,COWKAB,0.7222806811332703
BEZKOI01,DAWWEF,0.5334822535514832
BEZSEG,BEZSEG01,0.9999999403953552
BEZSEG,DIJWID,0.9999999403953552
BEZSEG,BUPVEP,0.9650025963783264
BEZSEG,DEHFUR,0.577775776386261
BEZSEG01,DIJWID,0.9999999403953552
BEZSEG01,BUPVEP,0.9650025963783264
BEZSEG01,COFORM10,0.26363635063171387
BEZSEG01,DEHFUR,0.577775776386261
BEZSIK,COFORM10,0.26659542322158813
BIBQEL,BUPJUS,0.9279949069023132
BIBQEL,BUPKED,0.9279949069023132
BIBQEL,CUSBUP,0.7183775901794434
BIBQEL,BOWZUK,0.47158047556877136
BIBQOV,DEDTEN,0.5420554876327515
BIBQOV,CEVBIR,0.4197664260864258
BIBXOB,BIBXUH,0.49130433797836304
BIBXUH,COJHIT,0.9997506737709045
BICDAU,BISPAU,0.48181819915771484
BICDAU,DANWAS,0.38536587357521057
BICPIP,CAVFEN,0.10000001639127731
BICPIP,CAVFEN01,0.10000001639127731
BICPIP,CAGSAG,0.10000001639127731
BIDFEB,BIFDUQ,0.2733047902584076
BIDHIG,CEJXIA,0.9987543821334839
BIDHIG,CORZOA,0.9919713735580444
BIDHIG,CORZIU,0.9919713735580444
BIDHIG,BUDDIO,0.9777316451072693
BIDPAH,CUWXID,0.542643666267395
BIDPAH,CUWZIF,0.542643666267395
BIDPOV,CEXJUN03,0.10000000149011612
BIDPOV,CEXJUN02,0.10000000149011612
BIDREO,CUWNIT,0.2629435956478119
BIFDUQ,CIJBEC,0.27549996972084045
BIFJUX,BIFKAE,1.0
BIFJUX,DICJUW,0.9978838562965393
BIFJUX,CEHQOX,0.9859470725059509
BIFKAE,DICJUW,0.9978838562965393
BIFKAE,CEHQOX,0.9859470725059509
BIFNOW,DAHPAE,0.9962677955627441
BIFNOW,DIVMUR,0.9960730671882629
BIFNOW,CAVYUW,0.9960351586341858
BIFNOW,BOMCUB,0.9955965876579285
BIFNOW,DECDUN,0.9955965876579285
BIFORM,BIYLAW01,0.9986763000488281
BIFORM,CAHMON02,0.9954773783683777
BIFORM,CAHMON01,0.9954773783683777
BIFSOB,DIXGIC,0.8652245402336121
BIFSUF,DEHHEG,1.0
BIFSUF,DELTAQ01,1.0
BIFSUF,DELTAQ,1.0
BIFSUF,DELTAQ02,1.0
BIFSUF,DELTAQ03,1.0
BIGJEJ,CUXPIV,0.9786702990531921
BIGJEJ,CUXQES,0.9781790375709534
BIGJEJ,CUXPUH,0.9780963063240051
BIHROC,CEXJUN03,0.10000000149011612
BIHROC,CEXJUN02,0.10000000149011612
BIHRUI,CEXJUN03,0.10000000149011612
BIHRUI,CEXJUN02,0.10000000149011612
BIHVEW,BIHVIA,0.9958264827728271
BIHVEW,BIHVUM,0.9958264827728271
BIHVEW,BUSTAM,0.9912782907485962
BIHVEW,CIGNAI,0.5687195062637329
BIHVEW,CIGNEM,0.5687195062637329
BIHVIA,BIHVUM,1.0
BIHVIA,BUSTAM,0.9964245557785034
BIHVIA,BUSSEP,0.9934701919555664
BIHVIA,BUSSIT,0.9934701919555664
BIHVUM,BUSTAM,0.9964245557785034
BIHVUM,CIGNAI,0.5602866411209106
BIHVUM,CIGNEM,0.5602866411209106
BIJGOT,CAFORM13,0.19729092717170715
BIJJOV,COWQUC,0.9939473867416382
BIJJOV,COWRAJ,0.9939473867416382
BIJJOV,COWREN,0.9939473867416382
BIJJOV,CAGXIU,0.9623563885688782
BIJSEV,CUSBUP,0.7170243263244629
BIJSEV,BIJZIG,0.6362354159355164
BIJSEV,BUPKED,0.5813953876495361
BIJTAS,DARFAF,1.0
BIJTAS,DARFEJ,0.9999803900718689
BIJTAS,DARFIN,0.9999352693557739
BIJTAS,DARDOR,0.999916136264801
BIJZIG,DITJOH,0.5088887214660645
BIJZIG,DITJIB,0.5047749280929565
BIKMAL,BIKMAL01,0.9999999403953552
BIKMAL,BIKMEP,0.9997506737709045
BIKMAL,BIKMEP01,0.9997506737709045
BIKMAL,DOBGAD,0.7907215356826782
BIKMAL,DOBGAD01,0.7907215356826782
BIKMAL01,BIKMEP,0.9997506737709045
BIKMAL01,BIKMEP01,0.9997506737709045
BIKMEP,BIKMEP01,1.0
BIKMEQ,BIKMUG,1.0
BIKMEQ,BIKNAN,1.0
BIKMEQ,BIKNER,1.0
BIKMEQ01,BIKMUG,1.0
BIKMEQ01,BIKNAN,1.0
BIKMEQ01,BIKNER,1.0
BIKMIT,DINTID,0.47894734144210815
BIKMIT,DINQUM,0.47894734144210815
BIKMIT,CEGFAW,0.4119468033313751
BIKMIT,CEGDUO,0.30149224400520325
BIKMOA,BIKMUG,1.0
BIKMOA,BIKNAN,1.0
BIKMOA,BIKNER,1.0
BIKMOA,BIKNIV,1.0
BIKMOA,DAWPEZ,0.9838886857032776
BIKMUG,BIKNAN,1.0
BIKMUG,BIKNER,1.0
BIKMUG,BIKNIV,1.0
BIKMUG,DAWPEZ,0.9838886857032776
BIKNAN,BIKNER,1.0
BIKNAN,BIKNIV,1.0
BIKNAN,DAWPEZ,0.9838886857032776
BIKNOB,BIKNUH,1.0
BIKNOB,CEMBII,0.7136363983154297
BIKNUH,CEMBII,0.7136363983154297
BILRIA,BUPVEP,0.4637078642845154
BIMDEF,BIMDIL,1.0
BIMDEF,DAPGUW01,0.35709235072135925
BIMDEF,COXHIH,0.35709235072135925
BIMDIL,DAPGUW01,0.35709235072135925
BIMDIL,COXHIH,0.35709235072135925
BINBIM,CUSBUP,0.5010902285575867
BINROH,BINRUN,0.9965804815292358
BINROH,BINSAU,0.9950717687606812
BINROH,CIQQIE,0.9684215784072876
BINRUN,BINSAU,0.9974996447563171
BINRUN,CIQQIE,0.9674572348594666
BINSAU,CIQQIE,0.9781790375709534
BINSAV,BINSOJ,1.0
BINSAV,BORNEC,0.4053887724876404
BINSAV,BORNIG,0.40054577589035034
BINSOJ,BORNEC,0.4053887724876404
BINSOJ,BORNIG,0.40054577589035034
BIPKIW,DERBIO,0.713263988494873
BIPKIW,CEMBII,0.6988186836242676
BIPSUQ,COKRUR,0.8051635026931763
BIPSUQ,DAJVES,0.7996275424957275
BIPSUQ,CIRTUU,0.5714285969734192
BIPXIK,CEYPUT,0.9999999403953552
BIPXIK,BOWDOI,0.9999999403953552
BIPXIK,BOWDIC,0.9999999403953552
BIPXIK,BUVNIR,0.9977757334709167
BIQNUN,BIQPAV,0.9999855160713196
BIQNUN,BIQPOJ,0.9997872710227966
BIQNUN,BIQPID,0.9997713565826416
BIQNUN,BIQPEZ,0.9996700286865234
BIQPAV,BIQPID,0.9998589158058167
BIQPAV,BIQPOJ,0.9998542070388794
BIQPAV,BIQPEZ,0.9996850490570068
BIQPEZ,BIQPOJ,0.9996788501739502
BIQPID,BIQPOJ,0.9998902082443237
BIRBIQ,BIRBOW,0.9998192191123962
BIRBIQ,BIRBUC,0.9996340870857239
BIRBIQ,BIRCAJ,0.9994805455207825
BIRBOW,BIRBUC,0.9995911717414856
BIRBOW,BIRCAJ,0.9992827773094177
BIRBOW,CAJVUG,0.6396161913871765
BIRBUC,BIRCAJ,0.999916136264801
BIRBUC,CAJVUG,0.6396250128746033
BIRCAJ,CAJVUG,0.6389298439025879
BIRGAM,CEKYIC,1.0
BIRGAM,DANWUL,0.39552146196365356
BIRGAM,DISROP,0.4510537087917328
BIRMUM,CUFKAR,0.6779347062110901
BISPAU,DAHJUR,0.28726041316986084
BISPAU,DIMBOS,0.3965805172920227
BITCUE,DEHRIR,1.0
BITLUL,DECVIT,1.0
BIVVOR,CAZLOF,0.9812976121902466
BIVVOR,CAZLEV,0.8428360819816589
BIVVOR,CAZLIZ,0.8428360819816589
BIVVOR,CABHOC,0.4008098840713501
BIVXAG,CEJFOO,0.9999999403953552
BIVXAG,CEJGAB,0.9996292591094971
BIVXAG,CURSEO,0.9996292591094971
BIVXAG,CEJFUU,0.9972895383834839
BIVXEK,BOQWEK,0.47277575731277466
BIVXOT,DEKPEP,0.5662470459938049
BIVXOT,DEKPAL,0.5662470459938049
BIVXOT,CEBDOD,0.4901745617389679
BIWSEG,DAWVUV,0.45962756872177124
BIWSEG,COTYIV,0.4068181812763214
BIWSEG,BOWNUY,0.4068181812763214
BIWSEG,BIXVIQ01,0.28837209939956665
BIXCOC,COQTEJ,0.7508606910705566
BIXCOC,CUNWEO,0.5549229383468628
BIXVEM,BIXVOW,1.0
BIXVEM,BIXVIQ,1.0
BIXVIQ,BIXVOW,1.0
BIXVIQ01,BUPFAU,0.2451612949371338
BIYHEX,BIYHOH,0.9823139905929565
BIYHEX,CEYYIQ,0.5498661994934082
BIYHOH,CEGWER,0.44484972953796387
BIYHOH,CEYYIQ,0.561833918094635
BIYLAW01,CAHMON03,0.9921848177909851
BIYSUZ,BIYVIQ,0.9985291957855225
BIYSUZ,BIYVEM,0.9983987212181091
BIYSUZ,BIYTAG,0.9826657772064209
BIYTAG,BIYVIQ,0.9847605228424072
BIYTAG,BIYVEM,0.9782870411872864
BIYTEJ,DAWWAC,0.5477757453918457
BIYTEJ,DEGJIK,0.5465804934501648
BIYTEJ,BUZKUE,0.5465804934501648
BIYTEJ,CIDKUX,0.48229479789733887
BIYTEK,BUKMUQ,0.7238627076148987
BIYTOU,BUKMUQ01,0.9974996447563171
BIYTOU,BUKMUQ,0.9974996447563171
BIYVEM,BIYVIQ,0.9990724921226501
BIYVEM,COTVOY,0.09999998658895493
BIZLUT,BIZMAA,0.45959118008613586
BIZLUT,BIZMEE,0.4209657311439514
BIZLUT,BIZMII,0.4208577573299408
BIZMAA,BIZMEE,0.414980411529541
BIZMAA,BIZMII,0.41493532061576843
BIZMEE,BIZMII,0.9999855160713196
BOBTIW,BOGXIF,1.0
BOBTIW,BOBTUI,1.0
BOBTOC,BOGXIF,1.0
BOBTOC,BOBTUI,1.0
BOBTOC,BOGXIF02,1.0
BOBTOC,BOGXOL,1.0
BOBTUI,BOGXIF,1.0
BOBTUI,BOGXIF02,1.0
BOBTUI,BOGXOL,1.0
BOBTUI,DEKGOS,0.625
BODPAN,DIHVIB01,1.0
BODPAN,DIHVIB,1.0
BODPAN,CELZOK,0.7331249713897705
BODPAN,DALSOA,0.7749999761581421
BOFJIQ,DIJCOP01,0.9974996447563171
BOFJIQ,DIJCOP,0.9974996447563171
BOHJOZ,BOHKAM,1.0
BOHJOZ,BOHJUF,1.0
BOHJOZ,BOHXIH,1.0
BOHJUF,BOHKAM,1.0
BOHJUF,BOHXIH,1.0
BOHKAM,BOHXIH,1.0
BOHWOM,COZMUA,0.9877029657363892
BOHWOM,DITJOH,0.8650000095367432
BOHWOM,DITJIB,0.8600140810012817
BOHWUS,DIGPER,0.9940944314002991
BOHWUS,CAVWOO,0.9937636852264404
BOHXAZ,BUTXOE,0.33238720893859863
BOHXAZ,BONWAD,0.3088887333869934
BOHXED,BOVLII,0.9930660724639893
BOHXED,CAYQAV,0.9781320691108704
BOHXIH,BUVQIT,0.3932110071182251
BOHYUT,BOHZAA,0.9987545013427734
BOHYUT,DIPNIB,0.6860015392303467
BOHYUT,DAHWAM,0.5701830387115479
BOHYUT,DEXZIR,0.4925044775009155
BOHZAA,DIPNIB,0.6880748867988586
BOHZAA,DAHWAM,0.5714285373687744
BOHZAA,DEXZIR,0.4937499761581421
BOJLOC,BOJLOC01,1.0
BOJLOC,BORNEC,0.6752331852912903
BOJLOC,BORNIG,0.6727516651153564
BOJLOC01,BORNEC,0.6752331852912903
BOJLOC01,DAWVUV,0.31044745445251465
BOJXEE,DAYGUH,0.3151678442955017
BOJXEE,BUPDUM,0.2925989627838135
BOJXEE,BUPFAU,0.2925989627838135
BOJXEE,BUPFEY,0.2925989627838135
BOJXEE,CEHZAR,0.28971633315086365
BOJXEE,CEHZAR01,0.28971633315086365
BOJYIK,BOJYIK01,1.0
BOKQEZ,CIFHIK,1.0
BOKQEZ,CIFHOQ,1.0
BOLGUF,BOLHAM,0.9977954626083374
BOLGUF,DALVIY,0.9968496561050415
BOLGUF,BOLHOA,0.9968496561050415
BOLHAM,BOLHOA,0.9996404051780701
BOLHAM,DALVIY,0.9996404051780701
BOLHAM,DALVEU,0.9995414018630981
BOLHEQ,DALVEU,0.9995911717414856
BOLHEQ,DALVIY,0.9992827773094177
BOLHEQ,BOLHOA,0.9992827773094177
BOLHOA,DALVIY,1.0
BOLHOA,DALVEU,0.999916136264801
BOLPAU,CANROA,0.9977757334709167
BOLPAU,CANRIU,0.9959937334060669
BOLPAU,CEMLOY,0.9927337765693665
BOLPAU,CANRUG,0.9386109709739685
BOMCUB,DECDUN,0.9999999403953552
BOMCUB,CAHMAZ,0.9973565340042114
BONKUK,BONLIZ,0.9999999403953552
BONKUK,CETPIB02,0.42690032720565796
BONKUK,CETPIB,0.42690032720565796
BONLIZ,CETPIB02,0.42690032720565796
BONLIZ,CETPIB,0.42690032720565796
BONWAD,DAGDEV,0.35464251041412354
BONWAD,DEJTIW,0.3533782958984375
BOPHEV,BOPHIZ,1.0
BOPHEV,CUFJUK,0.9939473867416382
BOPHIZ,CUFJUK,0.9939473867416382
BOPHIZ,CUFKAR,0.9939473867416382
BOPWIO,CAKFEB,0.9998704195022583
BOPWIO,CAKFEB01,0.9998704195022583
BOPWIO,CAKFIF,0.9995371103286743
BOPWIO,DAHWAM,0.9994840025901794
BOPWIO,DEKLIP,0.6999855637550354
BOQLEZ,BOQLID,0.537855327129364
BOQLEZ,CUMJEB,0.36414971947669983
BOQLID,CUMJEB,0.3806515336036682
BOQLID,BUQROV,0.35118618607521057
BOQWEK,CIDNIM,0.31763315200805664
BORNEC,BORNIG,0.9993817806243896
BOSHUN,CUPHUS,0.9999494552612305
BOSHUN,DEHHIK,0.9997506737709045
BOSJUQ,DAYGUH,0.32499998807907104
BOTCEU,CUFMOG,0.5711106061935425
BOTCEU,CEXJUN03,0.4176470637321472
BOTCEU,CEXJUN,0.4176470637321472
BOTCEU,DIGYIE,0.4081990122795105
BOVHEB,DEFTAL,0.9656329154968262
BOVHEB,DEFTAL01,0.9656329154968262
BOVHEB,CAXWOP,0.44218048453330994
BOVLII,CAYQAV,0.9826657772064209
BOWDIC,CEYPUT,0.9999999403953552
BOWDIC,BOWDOI,0.9999999403953552
BOWDIC,BOWDUO,0.9999999403953552
BOWDIC,CEYPUT01,0.9999999403953552
BOWDIC,CIJBEE,0.9999999403953552
BOWDIC,DARYIF,0.9977757334709167
BOWDOI,CEYPUT,0.9999999403953552
BOWDOI,CEBGAS,0.4535714089870453
BOWDOI,CEYPUT01,0.9999999403953552
BOWDOI,CIJBEE,0.9999999403953552
BOWDUO,CEYPUT,0.9999999403953552
BOWJAA,CAJHON,0.14500001072883606
BOWJAA,COBWEV,0.11716564744710922
BOWJAA,COBWIZ,0.11623542010784149
BOWNUY,COTYIV,1.0
BOWTAJ,CAVMUJ03,0.9870377779006958
BOWTAJ,CAFJIF,0.3651965856552124
BOWZUK,CUSBUP,0.5886848568916321
BOWZUK,CUSQOX,0.4962354302406311
BOXBEX,BOXDID,0.9843295812606812
BOXBEX,DIPMAS,0.972368061542511
BOXBEX,COZGED01,0.5235294103622437
BOXDID,DIPMAS,0.9694830775260925
BOXDID,CUGROM,0.5217404961585999
BOXFAW,BUFNOG,1.0
BOXFAW,BUFNEW,1.0
BOXFAW,BOXFIE,0.9921848177909851
BOXFAW,BOXFOK,0.9820774793624878
BOXFIE,BUFNOG,0.9921848177909851
BOXFIE,BUFNEW,0.9921848177909851
BOXFIE,BOXFOK,0.9890161752700806
BOXFOK,BUFNOG,0.9820774793624878
BOXMAE,CIWYUD,0.94106525182724
BOXMAE,CITZIP,0.94106525182724
BOXMAE,DIXKOL,0.94106525182724
BOYFUS,CEQPOG,0.5352597832679749
BOYFUS,DIVRAD,0.5234928131103516
BOYTEQ,COTXEQ,0.4862391948699951
BOYTEQ,COTXIU,0.4862391948699951
BOYTEQ,COTXOA,0.4862391948699951
BOYTEQ,DEYVUA,0.6881246566772461
BOYYOF,CEXYOU,0.5199999809265137
BOYYOF,CEKWEW,0.4401012361049652
BUCXUT,DIKBAB01,1.0
BUCXUT,CUGYUA,0.9944032430648804
BUCXUT,CUGYIO,0.5034942030906677
BUDCIN,CAJTOX,0.21739131212234497
BUDCIN,CAJTUD,0.21739131212234497
BUDDIO,CEJXIA,0.9748807549476624
BUDDIO,CORZIU,0.9505798816680908
BUFNEW,BUFNOG,1.0
BUGSAY,BUGSIG,0.999916136264801
BUGSAY,BUGSEC,0.9996340870857239
BUGSAY,BUGSOM,0.9995911717414856
BUGSEC,BUGSOM,0.9998192191123962
BUGSEC,BUGSIG,0.9994805455207825
BUGSIG,BUGSOM,0.9992827773094177
BUHFER,DITYEM02,1.0
BUHFER,CUGVUW,0.7387096881866455
BUHFER,BUSMUY,0.6902525424957275
BUHFER,BUSNAF,0.6246275901794434
BUKLOJ,CUZBUW,0.9999999403953552
BUKLOJ,BUKLOJ01,0.9999999403953552
BUKLOJ,CAXTAY,0.9963989853858948
BUKLOJ,COMDOY,0.9935371279716492
BUKLOJ,CUWNIT,0.699999988079071
BUKLOJ,SABVUN01,0.9963989853858948
BUKLOJ01,CUZBUW,0.9999999403953552
BUKLOJ01,COMDOY,0.9935371279716492
BUKLOJ01,DAZMID,0.8163989782333374
BUKLOJ01,SABVUN01,0.9963989853858948
BUKMUQ,BUKMUQ01,1.0
BUKPAZ,CEFNIN,0.6139132976531982
BUKPAZ,CEFNOT,0.5817704200744629
BUKPAZ,CUTGAA,0.5752626657485962
BUKRUW,BUKTOS,1.0
BUKRUW,BUKTIM,1.0
BUKRUW,BUKTEI,1.0
BUKSAD,DITSAD,0.434113085269928
BUKSAD,DITJIC,0.434113085269928
BUKSAD,CIJBEC,0.19083185493946075
BUKTAE,BUKTOS,1.0
BUKTAE,BUKTIM,1.0
BUKTAE,BUKTEI,1.0
BUKTEI,BUKTOS,1.0
BUKTEI,BUKTIM,1.0
BUKTIM,BUKTOS,1.0
BUNKUS,BUNLAZ,1.0
BUNKUS,CEMBII,0.8499999046325684
BUNLAZ,CEMBII,0.8499999046325684
BUPDUM,BUPFEY,1.0
BUPDUM,BUPFAU,1.0
BUPFAU,BUPFEY,1.0
BUPJUS,BUPKED,1.0
BUPJUS,CUSBUP,0.7126973867416382
BUPJUS,DECJON,0.6455602645874023
BUPKED,CUSBUP,0.7126973867416382
BUPKED,DECJON,0.6455602645874023
BUPVEP,DIJWID,0.9650025963783264
BUPVIT,BUVHEH,0.9999999403953552
BUPVIT,CELDAA,0.9999999403953552
BUQROV,CUMJEB,0.5295687317848206
BUQROV,CAXWUV,0.4267679452896118
BUQROV,CUMJAX,0.4305211305618286
BUQWER,DEGSIS,1.0
BUQWER,DEGSIS01,1.0
BUQWER,CEJFOO,0.9996275901794434
BUQWER,DIKJUD,0.6100000143051147
BUSMUY,BUVYIB01,0.9996292591094971
BUSMUY,BUVXOG,0.9996292591094971
BUSMUY,BUVXOG01,0.9996292591094971
BUSMUY,BUSNAF,0.5714285373687744
BUSMUY,CUGVUW,0.6996276378631592
BUSMUY,DITYEM02,0.6902525424957275
BUSNAF,DITYEM02,0.6246275901794434
BUSSEP,BUSSIT,0.9999999403953552
BUSSEP,BUSTAM,0.9977362751960754
BUSSEP,BUTXIY,0.7960042953491211
BUSSEP,DAXKIY,0.9919713735580444
BUSSEP,DAXKOE,0.9919713735580444
BUSSIT,BUSTAM,0.9977362751960754
BUSSIT,COTVIS,0.09999998658895493
BUSSIT,DAXKIY,0.9919713735580444
BUSSIT,DAXKOE,0.9919713735580444
BUSXAP,BUSXET,0.9972895383834839
BUSXAP,CEDTOX,0.5245499610900879
BUSXAP,CECWIT,0.5245499610900879
BUSXET,CECWIT,0.5214473605155945
BUSXET,CEDTOX,0.5214473605155945
BUSXET,CUYDEG,0.4068181812763214
BUTQUC,CUSBUO,0.5153846144676208
BUTXIY,DAXKOE,0.809266984462738
BUTXIY,DAXKIY,0.809266984462738
BUTXOE,DAGDIZ,0.33174076676368713
BUTXOE,CAPQIU,0.3119550049304962
BUVHEH,CELDAA,0.9999999403953552
BUVNIR,DARYIF,1.0
BUVNIR,DIWFAT,0.9974996447563171
BUVPUF,DEXXAF,0.9679427742958069
BUVPUF,CIFGUT,0.9679427742958069
BUVPUF,DAGGOK,0.36794281005859375
BUVQIT,DITPON,0.46562498807907104
BUVQIT,DITPUT,0.4629145562648773
BUVTOD,BUVVEV,0.999613344669342
BUVTOD,BUVVAR,0.9994630217552185
BUVTOD,BUVVIZ,0.9991112351417542
BUVTOD,BUVTUJ,0.9977362751960754
BUVTUJ,BUVVIZ,0.9987543821334839
BUVTUJ,BUVVEV,0.9985299110412598
BUVVAR,BUVVEV,0.9996544122695923
BUVVAR,BUVVOF,0.9995414018630981
BUVVEV,BUVVIZ,0.9998192191123962
BUVVEV,BUVVOF,0.9996340870857239
BUVVIZ,BUVVOF,0.9995911717414856
BUVWOF02,BUVYIB01,1.0
BUVWOF02,BUVWOF03,1.0
BUVWOF02,BUVXOG,1.0
BUVWOF02,BUVXOG01,1.0
BUVWOF02,BUVYEX,1.0
BUVWOF02,BUVYIB,1.0
BUVWOF03,BUVYIB01,1.0
BUVWOF03,BUVXOG,1.0
BUVWOF03,BUVXOG01,1.0
BUVWOF03,BUVYEX,1.0
BUVWOF03,BUVYIB,1.0
BUVXOG,BUVYIB01,1.0
BUVXOG01,BUVYIB01,1.0
BUVYEX,BUVYIB01,1.0
BUVYIB,BUVYIB01,1.0
BUXCAZ,CESYEF01,0.9813579320907593
BUXCAZ,CESYEF,0.9813579320907593
BUXHOS,CAKWUI,0.21507179737091064
BUXHOS,DITJAU,0.20583081245422363
BUXNOZ,CEKHIL,0.6450821161270142
BUXNOZ,DIMDAG,0.6216924786567688
BUXNOZ,CUFGIV,0.6137396693229675
BUXTIZ,BUXTUL,1.0
BUXTIZ,DINTID,0.48825111985206604
BUXTIZ,COBLIP,0.4857075810432434
BUXTUL,DINTID,0.48825111985206604
BUYNAL,CUMKIG03,0.47277575731277466
BUYNAL,CUMKIG,0.47277575731277466
BUZHIO,DERBIO,0.4663611650466919
BUZHIO,CEMBII,0.4634675085544586
BUZKUE,DEGJIK,1.0
BUZKUE,CISLUN,1.0
BUZKUE,DAWWAC,0.9996275901794434
BUZKUE,CIDKUX,0.4599999785423279
CABQEB,CIQYUX,0.9999999403953552
CABQEB,DAYMAS,0.9977757334709167
CABQEB,CNPRCV,0.3246275782585144
CABQEB,DIDBIE,0.9877029657363892
CABSIK,DITPUT,0.44054052233695984
CABSIK,DITPON,0.4378300905227661
CADPII,CEHLAD,1.0
CADPII,CISJAQ,0.64000004529953
CADQAB,CAQVOI,0.9991112351417542
CADQAB,CAQHEK,0.9991112351417542
CADQAB,CAQHOU,0.9991112351417542
CADQOP,CAQVOI,0.9847605228424072
CADQOP,CAQHOU,0.9847605228424072
CADQOP,CAQHEK,0.9847605228424072
CAFJIF,DIXWAJ,0.33933699131011963
CAFORM,CAFORM13,1.0
CAFORM,DADTOS10,0.9573289155960083
CAFORM13,DADTOS10,0.9573289155960083
CAFRUX,CEMMUD,0.373913049697876
CAFRUX,CORYUE,0.3738698959350586
CAFRUX,CEBGAS,0.34541356563568115
CAGLIF,CEGDUO,0.5257180333137512
CAGLIF,DAYYIN,0.29528144001960754
CAGSAG,CIFDUS,0.9974996447563171
CAGSAG,CIFDOM,0.9974996447563171
CAGSAG,DADXUE,0.9962353706359863
CAGSAG,CAXSUR,0.9927337765693665
CAGSAG,CUXFIL,0.8553943634033203
CAGSAG,DIRPOL,0.737500011920929
CAGSAG,DIRPUR,0.737500011920929
CAGXIU,COWROX,0.9499646425247192
CAGXIU,COWRAJ,0.9499646425247192
CAGXIU,DEXZIS,0.10000000149011612
CAHMAZ,DECDUN,0.9973565340042114
CAHMON,CAHMON03,1.0
CAHMON,CAHMON02,1.0
CAHMON,CAHMON01,1.0
CAHMON01,CAHMON03,1.0
CAHMON01,CAHMON02,1.0
CAHMON02,CAHMON03,1.0
CAJHON,CEJWAR,0.5875000357627869
CAJHUS,DEFNEK,1.0
CAJHUS,CAJHUS01,1.0
CAJHUS,CAJHUS03,1.0
CAJHUS,CAJHUS02,1.0
CAJHUS,CAJHUS04,1.0
CAJHUS01,DEFNEK,1.0
CAJHUS01,CAJHUS03,1.0
CAJHUS02,DEFNEK,1.0
CAJHUS02,CAJHUS03,1.0
CAJHUS02,CAJHUS04,1.0
CAJHUS03,DEFNEK,1.0
CAJHUS04,DEFNEK,1.0
CAJQIP,DEGMAG01,0.49962759017944336
CAJQIP,DEGMAG,0.49962759017944336
CAJTOX,CAJTUD,1.0
CAJTOX,DISROP,0.20806075632572174
CAJTUD,DISROP,0.20806075632572174
CAKFEB,CAKFEB01,1.0
CAKFEB,DAHWAM,0.9994805455207825
CAKFEB,CAKFIF,0.9992827773094177
CAKFEB01,DAHWAM,0.9994805455207825
CAKFEB01,DEKLIP,0.6998305320739746
CAKFIF,DAHWAM,0.9998192191123962
CAKFIF,DEKLEL,0.6985292434692383
CAKLOR,DINNIZ,0.9974996447563171
CAKWUI,CAXWUV,0.6076923608779907
CAKWUI,CAPQIU,0.2274247407913208
CALOXM13,CALOXM16,1.0
CALOXM13,CALOXM15,1.0
CALOXM13,CALOXM14,1.0
CALOXM14,CALOXM16,1.0
CALOXM14,CALOXM15,1.0
CALOXM15,CALOXM16,1.0
CANRIU,CANROA,0.9963152408599854
CANRIU,CEMLIS,0.9929812550544739
CANRIU,CANRUG,0.9445696473121643
CANRIU,CEMLOY,0.9929812550544739
CANROA,CEMLOY,0.9963989853858948
CANROA,CEMLIS,0.9963989853858948
CANROA,CANRUG,0.9463374614715576
CANYIB,CIKCOQ,0.9939473867416382
CANYIB,DABWUA,0.5733118057250977
CAPLOX,CUWWOI,0.9985299110412598
CAPQIU,CAXWUV,0.19972294569015503
CAQCAZ,CASTEW,0.9999999403953552
CAQCAZ,CEMJOV,0.9999999403953552
CAQCAZ,CEVBEN,0.49874061346054077
CAQHEK,CAQVOI,1.0
CAQHEK,CAQHOU,1.0
CAQHOU,CAQVOI,1.0
CAQJOW,CAQKAJ01,0.9999999403953552
CAQJOW,CAQKAJ,0.9999999403953552
CAQJOW,DEKYOK,0.9702855944633484
CAQJOW,CODVAU,0.6215336322784424
CAQKAJ,CAQKAJ01,0.9999999403953552
CAQKAJ,DEKYOK,0.9702855944633484
CAQKAJ,CODVAU,0.6215336322784424
CAQKAJ01,DEKYOK,0.9702855944633484
CAQKAJ01,CODVAU,0.6215336322784424
CARFOT,CARFUZ,0.9965804815292358
CARGEK,CERPOF01,0.9986763000488281
CARGEK,CERPOF,0.9986763000488281
CARGEK,CUFFUF,0.9973565340042114
CASCOR,CEXJUN03,0.10000000149011612
CASCOR,CEXJUN02,0.10000000149011612
CASPUJ,DIXKUR,0.9779111742973328
CASPUJ,DIXKUR01,0.9779111742973328
CASPUJ,CUYDEG,0.3650026321411133
CASTEW,CEMJOV,0.9999999403953552
CASTEW,CEVBEN,0.49874061346054077
CATART03,CATART04,1.0
CATART03,CUGREC,1.0
CATART03,CUGROM,1.0
CATART04,CUGREC,1.0
CATART04,CUGROM,1.0
CATART04,COZGED,0.9907075762748718
CATART04,COZGED01,0.9907075762748718
CATDEH,CAYRIE,1.0
CATDEH,CATDIL,1.0
CATDEH,CAYROK,1.0
CATDIL,CAYRIE,1.0
CATDIL,CAYROK,1.0
CATDIL,DAWNAS,0.10000001639127731
CATZIJ,DEKBON,0.9985496997833252
CATZIJ,DELGIN,0.9955214262008667
CAVCEI,DALRAK,0.6371377110481262
CAVCEI,DEKPAL,0.6335371732711792
CAVCEI,DEKPEP,0.6335371732711792
CAVFEN,CAVFEN01,1.0
CAVFEN,CAVFIR,1.0
CAVFEN,CAVGAK,0.9965804815292358
CAVFEN01,CAVFIR,1.0
CAVFEN01,CAVGAK,0.9965804815292358
CAVFEN01,DAWNAS,0.10000001639127731
CAVFIR,CAVGAK,0.9965804815292358
CAVLIW,CAVLOC,1.0
CAVLIW,DIQGUH,0.6399999856948853
CAVLOC,DIQGUH,0.6399999856948853
CAVMIW,DALSAN,1.0
CAVMIW,CAYSOL,1.0
CAVMIW,COXHON,1.0
CAVMIW,CECKIH,0.9982883334159851
CAVMIW,DALSER,1.0
CAVMIW,DAPHAD01,0.9982883334159851
CAVMIX,DAFHEZ,0.397775799036026
CAVMIX,COXFOL,0.397775799036026
CAVMIX,CIFJAE,0.3974996507167816
CAVMIX,CECVAI,0.308345228433609
CAVNOE,CAXTEC,0.3890812397003174
CAVQOH,CEBDOD,0.9455037117004395
CAVQOH,DALRAK,0.48815327882766724
CAVQOH,DEKPAL,0.4848501980304718
CAVRUO,CAVSAV,0.9972895383834839
CAVRUO,CUMFOG,0.46391329169273376
CAVSAV,CUMFOG,0.45935750007629395
CAVSOJ,CAVTAW,1.0
CAVSOJ,CAVSUP,0.6275862455368042
CAVSUP,CAVTAW,0.6275862455368042
CAVVOM,CUKJUO,0.9652349948883057
CAVVOM,CESQUP,0.7260869741439819
CAVVOM,COGNAO,0.7260869741439819
CAVVOM,CISJAQ,0.64000004529953
CAVWII,DAKZUN,0.9995911717414856
CAVWOO,DIGPER,0.999916136264801
CAVWOO,COSWEO,0.9945001602172852
CAVYUW,DIVMUR,0.9999855160713196
CAVYUW,COMFEQ,0.9998704195022583
CAVYUW,DAHPAE,0.9997713565826416
CAVYUW,COMFIU,0.9995371103286743
CAWDOU,CAWDOU02,1.0
CAWDOU,CUPHUS,0.5736842155456543
CAWDOU02,CUPHUS,0.5736842155456543
CAWLIY,DITXOU,0.64000004529953
CAWLIY,CIZQUZ,0.64000004529953
CAWVIH,CENQAP,1.0
CAWVIH,DADLOM,0.9974996447563171
CAWVIH,DADLEC,0.9974996447563171
CAWVIH,CENPUI,0.9959937334060669
CAXSUR,CIFDUS,0.9887861013412476
CAXSUR,CIFDOM,0.9887861013412476
CAXTAY,SABVUN01,1.0
CAXTAY,CUZBUW,0.9963989853858948
CAXTAY,DAZKEX,0.7000000476837158
CAXTAY,DAZMID,0.8199999928474426
CAXTEC,DETRAX,0.6106847524642944
CAXVII,CAXWIJ,1.0
CAXVII,CIGXIA,0.41499999165534973
CAXVOO,COKPID,1.0
CAXVOO,COKMEW,1.0
CAXVOO,COKNOH,1.0
CAXVOO,COKNOH01,1.0
CAXVOO,COKQIE,1.0
CAXVUU,CAXWEF,1.0
CAXVUU,DAGDEV,0.3989086151123047
CAXVUU,DAGDIZ,0.39552146196365356
CAXWAB,COKPID,1.0
CAXWAB,COKMEW,1.0
CAXWAB,COKNOH,1.0
CAXWAB,COKNOH01,1.0
CAXWAB,COKPEZ,0.9968050718307495
CAXWAB,COKQIE,1.0
CAXWEF,DAGDEV,0.3989086151123047
CAXWEF,DEJTES,0.39552146196365356
CAXWIJ,CIGXIA,0.41499999165534973
CAXWOP,DEFTAL01,0.4228214621543884
CAXWOP,DEFTAL,0.4228214621543884
CAXZOS,DIDBID,0.9999999403953552
CAXZOS,DIDBEZ,0.9999999403953552
CAXZOS,DIDBOJ,0.9999999403953552
CAXZOS,DIDBAV,0.9999999403953552
CAXZUY,DIDBAV,0.9997506737709045
CAXZUY,DIDBEZ,0.9997506737709045
CAYBAH,CAYBAH01,1.0
CAYBAH,COMVAC,0.3700000047683716
CAYBAH,DIBXIW,0.3700000047683716
CAYBAH01,COMVAC,0.3700000047683716
CAYBAH01,DIBXIW,0.3700000047683716
CAYDEN,CAYFAL,1.0
CAYDEN,CAYGIU,1.0
CAYDEN,CAYDOX05,1.0
CAYDIR,CAYFAL,1.0
CAYDIR,CAYGIU,1.0
CAYDIR,CAYDOX05,1.0
CAYDOX,CAYFAL,1.0
CAYDOX,CAYGIU,1.0
CAYDOX,CAYDOX05,1.0
CAYDOX01,CAYFAL,1.0
CAYDOX01,CAYGIU,1.0
CAYDOX01,CAYDOX05,1.0
CAYDOX02,CAYFAL,1.0
CAYDOX02,CAYGIU,1.0
CAYDOX02,CAYDOX05,1.0
CAYDOX03,CAYFAL,1.0
CAYDOX03,CAYGIU,1.0
CAYDOX03,CAYDOX05,1.0
CAYDOX04,CAYFAL,1.0
CAYDOX04,CAYGIU,1.0
CAYDOX04,CAYDOX05,1.0
CAYDOX04,CAYDOX06,1.0
CAYDOX04,CAYDUD,1.0
CAYDOX05,CAYFAL,1.0
CAYDOX05,CAYGIU,1.0
CAYDOX06,CAYFAL,1.0
CAYDOX06,CAYGIU,1.0
CAYDUD,CAYFAL,1.0
CAYDUD,CAYGIU,1.0
CAYFAL,CAYGIU,1.0
CAYFAL,CUMJEB,0.5256140232086182
CAYKOF,CEFNIN,0.6065664291381836
CAYKOF,CODVAU,0.563636302947998
CAYRIE,CAYROK,1.0
CAYSIE,CECHAW,0.9996275901794434
CAYSIE,CAYYEG,0.9972895383834839
CAYSIE,CAYSOK,0.9972895383834839
CAYSOK,CAYYEG,1.0
CAYSOL,DALSER,1.0
CAYSOL,COXHON,1.0
CAYSOL,CECKIH,0.9982883334159851
CAYSOL,DALSAN,1.0
CAYSOL,DAPHAD01,0.9982883334159851
CAYYEG,CECHAW,0.9950717687606812
CAZLEV,CAZLIZ,1.0
CAZLEV,CAZLOF,0.8615384697914124
CAZLEV,DALRAK,0.7230769395828247
CAZLIZ,CAZLOF,0.8615384697914124
CAZLIZ,DEKPAL,0.7220803499221802
CAZLIZ,DEKPEP,0.7220803499221802
CDCACD,CDCACD01,1.0
CDCACD,DALVAQ,1.0
CDCACD,DABMEB,1.0
CDCACD01,DALVAQ,1.0
CDCACD01,DABMEB,1.0
CDLGLU01,CDLGLU12,1.0
CDLGLU01,CDLGLU11,1.0
CDLGLU01,CDLGLU10,1.0
CDLGLU02,CDLGLU12,1.0
CDLGLU02,CDLGLU11,1.0
CDLGLU02,CDLGLU10,1.0
CDLGLU10,CDLGLU12,1.0
CDLGLU10,CDLGLU11,1.0
CDLGLU11,CDLGLU12,1.0
CDLGLU12,CUGLTM,0.9922806620597839
CDLGLU12,CUGLTM01,0.9922806620597839
CDLGLU12,CUGLTM02,0.9922806620597839
CEBGAS,CIJBEE,0.4535714089870453
CECKIH,DAPHAD01,1.0
CECKIH,CETKOE,0.2800000011920929
CECKON,COXHED,0.9999999403953552
CECKON,DAPGUW01,0.9997506737709045
CECKON,COXHIH,0.9997506737709045
CECVIQ,CECVOW,0.9977362751960754
CECVIQ,DIJCOP,0.9774142503738403
CECVIQ,DIJCOP01,0.9774142503738403
CECVOW,DIJCOP,0.9756634831428528
CECVOW,DIJCOP01,0.9756634831428528
CECWIT,CEDTOX,1.0
CEDFIC,CEDFOI,1.0
CEDFIC,CEDFUO,1.0
CEDFIC,CEDYER,0.9436519145965576
CEDFIC,CEDYER01,0.9436519145965576
CEDFIC,CIJLIT,0.7588788270950317
CEDFOI,CEDFUO,1.0
CEDFOI,CEDYER,0.9436519145965576
CEDFOI,CEDYER01,0.9436519145965576
CEDFOI,CIJLIT,0.7588788270950317
CEDFUO,CEDYER,0.9436519145965576
CEDFUO,CIJLIT,0.7588788270950317
CEDYER,CEDYER01,0.9999999403953552
CEDYER01,CSTNME01,0.2799999713897705
CEFDAU,CIMZII,0.5736842155456543
CEFDAU,CODFEH,0.5711838603019714
CEFDAU,DANWUL,0.398288369178772
CEFHAZ,DAHJUR,0.2906920313835144
CEFNEJ,CEFNOT,1.0
CEFNEJ,CUSXIY,0.9965804815292358
CEFNIN,DERBIO,0.8496274948120117
CEFNIN,CEMBII,0.835182249546051
CEFNOT,CUSXIY,0.9965804815292358
CEGDUO,DAYYIN,0.2846376895904541
CEGFAW,VELVOY,0.9944032430648804
CEGFAW,CIMFUB,0.49040329456329346
CEGFAW,DEBXUG,0.454403281211853
CEGFAW,CUZLAM,0.3612903356552124
CEGJOO,DEFXEU,0.3602757751941681
CEHKUW,CUMLUT,1.0
CEHKUW,DEPXIG,0.9970499873161316
CEHWIX,CEHWOD,1.0
CEHWIX,DEYNIG,0.9999494552612305
CEHWIX,CEHXIY,0.9999494552612305
CEHWOD,DEYNIG,0.9999494552612305
CEHWOD,CEHXIY,0.9999494552612305
CEHXIY,DEYNIG,1.0
CEHZAR,CEHZAR01,1.0
CEHZAR,DAGGOK,0.27685919404029846
CEHZAR01,DAGGOK,0.27685919404029846
CEJFOO,CEJGAB,0.9996292591094971
CEJFOO,CURSEO,0.9996292591094971
CEJFOO,DEGSIS,0.9996275901794434
CEJFOO,DEGSIS01,0.9996275901794434
CEJFUU,CURSEO,0.9989085793495178
CEJFUU,CEJGAB,0.9989085793495178
CEJGAB,CURSEO,1.0
CEJNOU,CSTNME01,0.39644715189933777
CEJNOU,CIFGUV,0.381348192691803
CEJSUG,CIXCOD,0.455524742603302
CEJSUG,DETGIT,0.3555247485637665
CEJXIA,CORZOA,0.9941616058349609
CEJXIA,CORZIU,0.9941616058349609
CEKHIL,CUFGIV,0.9702855944633484
CEKHIL,DIMDAG,0.9564473628997803
CEKHIL,DEXKEZ,0.7179791927337646
CEKWEW,COLPEA,0.761764645576477
CEKWEW,DAWFEO,0.7499999403953552
CEKWEW,CUQYEU,0.7405879497528076
CEKWEW,CEQPIA,0.6499999165534973
CELNUE,CIHNIR,0.2942221760749817
CELZEA,CIHNEO,0.9917930960655212
CELZEA,CIYJAW,0.5632216930389404
CELZEA,DALRAK,0.4976154863834381
CELZIE,DIHVIB,0.6378308534622192
CELZOK,DIHVIB01,0.7331249713897705
CELZUQ,DAFHID,0.9974676966667175
CELZUQ,DAFHEZ,0.9963989853858948
CEMBII,DERBIO,0.9877029657363892
CEMJOV,CEVBEN,0.49874061346054077
CEMLIS,CEMLOY,1.0
CEMMUD,CORYUE,0.3302801251411438
CENLEP,DAWMUL,0.10000000149011612
CENPUI,CENQAP,0.9959937334060669
CENPUI,DADLEC,0.9954933524131775
CENQAP,DADLOM,0.9974996447563171
CENQAP,DADLEC,0.9974996447563171
CEPBEH,CEPBOR,0.9974996447563171
CEPBEH,CIFMAH,0.6857510805130005
CEPXON,DAKVUI,0.9999494552612305
CEPXON,CEPXUT,0.9997506737709045
CEPXON,DAKVOC,0.9965023994445801
CEPXON,CILLAL,0.5499494671821594
CEPXUT,DAKVUI,0.9996275901794434
CEPXUT,CEPYII,0.9977757334709167
CEPXUT,DAKVIW,0.9939473867416382
CEPXUT,DAKVOC,0.9977757334709167
CEPXUT,DEYMOL,0.9809048175811768
CEPYII,DAKVOC,1.0
CEPYII,DAKVUI,0.9965804815292358
CEPYII,CUVTIX,0.43157896399497986
CEPYII,DAKVIW,0.9962353706359863
CEQPOG,DIVRAD,0.5927757620811462
CERMIV,DIKPOD,0.9975399971008301
CERMIV,CODQUJ,0.48517730832099915
CERMIV,CODSAR,0.4848255515098572
CERMIV,DACQOQ,0.27326762676239014
CERPOF,CERPOF01,1.0
CERPOF,CUFDOX,0.9987406134605408
CERPOF,CUFFUF,0.9987406134605408
CERPOF01,CUFDOX,0.9987406134605408
CERPOF01,CUFFUF,0.9987406134605408
CESNUM,DIWFAT,0.9970499873161316
CESPEY,CESPIC,1.0
CESPEY,DENQIZ,0.9969467520713806
CESPEY,DENQEV,0.6219467520713806
CESPIC,DENQIZ,0.9969467520713806
CESPIC,DENQEV,0.6219467520713806
CESQUP,COGNAO,1.0
CESYEF,CESYEF01,1.0
CESYEF,CEYPUT,0.9971376657485962
CESYEF,CEYPUT01,0.9971376657485962
CESYEF01,CEYPUT,0.9971376657485962
CESYEF01,CEYPUT01,0.9971376657485962
CETFOX,CIHFUU,0.9686119556427002
CETFOX,DEKZEA,0.9934701919555664
CETFOX,DINNIZ,0.9756634831428528
CETFUD,DEKZOK,0.9964245557785034
CETFUD,DEKZIE,0.9964245557785034
CETFUD,DELBED,0.9964245557785034
CETHEQ,CUNFOH,1.0
CETHEQ,CUGYEK,0.9969467520713806
CETHEQ,CUGZAH,0.9969467520713806
CETHEQ,CUNFOH01,1.0
CETHEQ,DEVBIQ,0.10000000149011612
CETHEQ,DICKEH,0.10000000149011612
CETPIB,CETPIB02,1.0
CETPIB,CUPHUS,0.47499996423721313
CETPIB02,CUPHUS,0.47499996423721313
CETVAA,CUSQOX,0.7554385662078857
CEVBIR,DEDTEN,0.4816179573535919
CEVBIR,DITVOT,0.42553192377090454
CEVKET,CUSYUM,1.0
CEVKET,CUSZEX,1.0
CEVKET,CUXLEO,1.0
CEVPID,CUSYUM,1.0
CEVPID,CUSZEX,1.0
CEVPID,CUXLEO,1.0
CEVPID01,CUSYUM,1.0
CEVPID01,CUSZEX,1.0
CEVPID01,CUXLEO,1.0
CEVVEF,CEVVIJ,1.0
CEVVEF,DENFUA,1.0
CEVVEF,DENGAH,1.0
CEVVIJ,DENFUA,1.0
CEVVIJ,DENGAH,1.0
CEWQAZ,CEWQED,1.0
CEWQAZ,COWLIK,0.9962353706359863
CEWQAZ,DIKBAB,0.36250001192092896
CEWQED,COWLIK,0.9962353706359863
CEWQED,CUKXAI,0.9962353706359863
CEXBAL,DITTEH,0.5909091234207153
CEXJUN,CEXJUN03,1.0
CEXJUN,CEXJUN02,1.0
CEXJUN,CEXJUN01,1.0
CEXJUN01,CEXJUN03,1.0
CEXJUN01,CEXJUN02,1.0
CEXJUN01,DEBZOC,0.610438346862793
CEXJUN02,CEXJUN03,1.0
CEXJUN02,DEBZOC,0.610438346862793
CEXJUN03,CIDKUX,0.4599999785423279
CEXJUN03,DEBZOC,0.610438346862793
CEXWEI,CEXWOS,0.9987369775772095
CEXWEI,CEXWIM,0.9975399971008301
CEXWIM,CEXWOS,0.9977362751960754
CEXWOS,DIVFOF,0.4731978178024292
CEXYOU,CUKXAJ,0.5950000286102295
CEXYOU,DAHMIJ,0.5950000286102295
CEXYOU,CUKXEN,0.5950000286102295
CEXYOU,COHJEP,0.33399999141693115
CEXYOU,DASLIT,0.5046966671943665
CEXYOU,DASMAM,0.504780650138855
CEYPUT,CEYPUT01,0.9999999403953552
CEYPUT,CIJBEE,0.9999999403953552
CEZYOY,DAQMAM,0.43408048152923584
CEZZEN,CEZZIR,1.0
CEZZEN,COMDOY,0.5893670320510864
CEZZIR,COMDOY,0.5893670320510864
CIBTIR,CUTKUY,0.7260869741439819
CIBTIT,DEPXOM,1.0
CIBTIT,DEPXIG,1.0
CICSOW,CICSOW01,1.0
CICSOW,CICSOW02,1.0
CICSOW01,CICSOW02,1.0
CICSOW02,CILXIE,0.4842640161514282
CICYIX,DASTEY01,0.610521137714386
CICYIX,DASTEY02,0.610521137714386
CIDCAW,CUBHOY,0.761764645576477
CIDPEM,COKFAK,0.9999999403953552
CIDPEM,CUMKIG,0.8874999284744263
CIDPEM,CUMKIG03,0.8874999284744263
CIDPEM,DEPVUQ,0.5060791969299316
CIDPEM,DEPWAX,0.5060791969299316
CIFDOM,CIFDUS,1.0
CIFDOM,DADXUE,0.9970499873161316
CIFDOM,CUXFIL,0.8578947186470032
CIFDOM,DICPUD,0.9734492301940918
CIFDOM,DIRPOL,0.7349996566772461
CIFDOM,DIRPUR,0.7349996566772461
CIFDUS,DADXUE,0.9970499873161316
CIFDUS,CUXFIL,0.8578947186470032
CIFDUS,DICPUD,0.9734492301940918
CIFGOP,DIXBOC,0.5641663074493408
CIFGUT,DEXXAF,1.0
CIFGUT,DAGGUQ,0.40000003576278687
CIFGUT,DAGGOK,0.40000003576278687
CIFGUV,DETRAX,0.5
CIFGUV,DETGIT,0.37421363592147827
CIFHAC,CUYXOK,0.9950717687606812
CIFHAC,DETRAX,0.6115753054618835
CIFHIK,CIFHOQ,1.0
CIFHIK,DAMYIC,0.4550717771053314
CIFHIK,DAMYIC01,0.4550717771053314
CIFJAE,DAFHOJ,1.0
CIFJAE,DAFHEZ,0.9972895383834839
CIFJAE,COXFOL,0.9972895383834839
CIFJAE,COXKUW,0.9707819819450378
CIFLAH,CIFSAO,0.5628571510314941
CIFLAH,CIFSES,0.5628571510314941
CIFLAH,CIFSIW,0.5628571510314941
CIFMAH,DIBQOW,0.9999999403953552
CIFMAH,DIBQEM,0.9999999403953552
CIFMAH,DIBQIQ,0.9999999403953552
CIFMIP,CIPLIX,0.9999999403953552
CIFMIP,CIGXIA,0.9996292591094971
CIFSAO,CIFSIW,0.9999999403953552
CIFSAO,CIFSES,0.9999999403953552
CIFSES,CIFSIW,0.9999999403953552
CIGDUT,CIYZAM01,1.0
CIGDUT,CIYZAM,1.0
CIGDUT,CIYZEQ,0.9999803900718689
CIGDUT,CIGFAB,0.9995911717414856
CIGDUT,CIGFEF,0.9972487688064575
CIGFAB,CIYZAM01,0.9995911717414856
CIGFAB,CIYZAM,0.9995911717414856
CIGFAB,CIGFEF,0.9987543821334839
CIGFEF,CIYZAM,0.9972487688064575
CIGNAI,CIGNEM,1.0
CIGTUK,CIGVEW,0.9977757334709167
CIGTUK,CIGVAS,0.9977757334709167
CIGTUK,COQTEJ,0.4933740496635437
CIGVAS,CIGVEW,1.0
CIGVAS,COQTEJ,0.49305254220962524
CIGVEW,COQTEJ,0.49305254220962524
CIGYEY,CUYWUP,0.45454543828964233
CIGYEY,CUTKEI,0.45112594962120056
CIHFUU,DINNIZ,0.9707819819450378
CIHNEO,CIYJAW,0.5714285969734192
CIHNEO,DALRAK,0.4969468116760254
CIJBAB,CIJBEF,0.9987545013427734
CIJBAB,CIJBIJ,0.9985291957855225
CIJBAB,DEGMAG01,0.970555305480957
CIJBAB,DEGMAG,0.970555305480957
CIJBEC,DEFXEU,0.17895588278770447
CIJBEF,CIJBIJ,0.9998192191123962
CIJBEF,DEGMAG,0.9695334434509277
CIJBIJ,DEGMAG,0.9702855944633484
CIJBIJ,DEGMAG01,0.9702855944633484
CIJLIT,DALSUH,0.6063969135284424
CIJLIT,DALTAO,0.6052350401878357
CIKPEU,DIBQOW,0.7374999523162842
CILLAL,DAKVUI,0.550000011920929
CIMFUB,VELVOY,0.4960000216960907
CIMFUB,DEBXUG,0.41034483909606934
CIMZII,CODFEH,0.9974996447563171
CIPLIX,CIGXIA,0.9996292591094971
CIPMOF,CIPMUL,0.9994805455207825
CIPMOF,DIGTEU,0.994638979434967
CIPMOF,DIGTIY,0.9913450479507446
CIPMOF,DIGTUK,0.959564745426178
CIPMUL,DIGTEU,0.9956910610198975
CIPMUL,DIGTIY,0.9925460815429688
CIPMUL,DIGTOE,0.9882460236549377
CIPMUL,DIGTUK,0.9598385691642761
CIQHES,CIQHIW,1.0
CIQHES,CIQHOC,0.9962353706359863
CIQHES,CUKBEQ,0.9921848177909851
CIQHIW,CIQHOC,0.9962353706359863
CIQHIW,CUKBEQ,0.9921848177909851
CIQHOC,CUKBEQ,0.9797663688659668
CIQYUX,DAYMAS,0.9977757334709167
CIQYUX,CNPRCV,0.3246275782585144
CIQYUX,COVSIP,0.28011369705200195
CIQYUX,DIDBIE,0.9877029657363892
CIRSII,CIRSOO,0.9965804815292358
CIRSII,COQMAX,0.710705578327179
CIRSOO,COQMAX,0.7076014280319214
CIRTUU,DITTEH,0.5602168440818787
CISLUN,DEGJIK,1.0
CISLUN,DAWWAC,0.9996275901794434
CISMAT,CISMAT01,1.0
CISMAU,CISMIC,0.9977757334709167
CISMAU,CISMEY01,0.9962353706359863
CISMAU,CISMEY,0.9962353706359863
CISMEY,CISMEY01,1.0
CISMEY,CISMIC,0.9939473867416382
CISMEY01,CISMIC,0.9939473867416382
CITLOJ,CITMEA,0.9987545013427734
CITLOJ,CITLUP,0.9987369775772095
CITLOJ,CITMAW,0.9983987212181091
CITLOJ,CITMIE,0.9983029365539551
CITLUP,CITMEA,0.9985299110412598
CITLUP,CITMIE,0.9972487688064575
CITMAW,CITMEA,0.9996544122695923
CITMAW,CITMIE,0.9995414018630981
CITMEA,CITMIE,0.9996340870857239
CITMIE,DAZZUC,0.7345775365829468
CITWOS,CITXAF,0.9978553056716919
CITWOS,CITWUY,0.621052622795105
CITWUY,CITXAF,0.6189079284667969
CITXUZ,CUVTOD,0.6283986568450928
CITZIP,DIXKOL,0.9999999403953552
CITZIP,CIWYUD,0.9999999403953552
CIWNIH,COVRUC,0.3749999701976776
CIWNIH,CSTNME01,0.2619098126888275
CIWYUD,DIXKOL,0.9999999403953552
CIWYUD,CUVFUW,0.6403759717941284
CIXNUT,DASLIT,0.5441367626190186
CIXNUT,DASMAM,0.5424090027809143
CIXNUT,DEGBUO,0.5399851202964783
CIYJAW,DALRAK,0.4969468116760254
CIYZAM,CIYZAM01,1.0
CIYZAM,CIYZEQ,0.9999803900718689
CIYZAM,CIYZIU,0.9999352693557739
CIYZAM01,CIYZEQ,0.9999803900718689
CIYZEQ,CIYZIU,0.9999855160713196
CIYZEQ,DETVUW,0.9946691393852234
CIYZIU,DETVUW,0.9949494004249573
CIYZUG,DIKJUD,0.5371428728103638
CIYZUG,CUXVEX,0.4139534533023834
CIZQOT,DITXOU,1.0
CIZQUZ,DITXOU,1.0
CIZTIP,DEPVUQ,0.2375718057155609
CIZTIP,DEPWAX,0.2375718057155609
CNSMAG,DENVOI,0.10000001639127731
CNSMAG01,DENVOI,0.10000001639127731
COBLIP,DINTID,0.5056714415550232
COBLIP,DINQUM,0.5056714415550232
COBWEV,DEFFEC,0.7268592119216919
COBWEV,COBWIZ,0.6142857074737549
COBWEV,CURZEV,0.533790111541748
COBWIZ,CYTPCD10,0.4836065471172333
COCMOY,COCMUE,1.0
COCMOY,COCNAL,0.9970499873161316
COCMOY,COCNEP,0.9950717687606812
COCMUE,COCNAL,0.9970499873161316
COCMUE,COCNEP,0.9950717687606812
COCMUE,DEVBOW,0.10000000149011612
COCNAL,COCNEP,0.9922806620597839
CODKOX,CODKOX01,1.0
CODKOX,CODQUJ,0.9996404051780701
CODKOX,CODSAR,0.9992827773094177
CODKOX,CODQOD,0.9779111742973328
CODKOX,DAYCIQ,0.7956928610801697
CODKOX01,CODQUJ,0.9996404051780701
CODKOX01,CODSAR,0.9992827773094177
CODKOX01,DAYCIQ,0.7956928610801697
CODKOX01,DIPNIB,0.7220035791397095
CODQOD,CODSAR,0.9847605228424072
CODQOD,CODQUJ,0.9782870411872864
CODQUJ,CODSAR,0.9990724921226501
CODQUJ,DAYCIQ,0.7977444529533386
CODQUJ,DIKPOD,0.48411303758621216
CODQUJ,DIPNIB,0.7225399613380432
CODSAR,DIKPOD,0.4842435121536255
CODSAR,DIPNIB,0.7221881747245789
COFORM,DEFNIO,0.9999999403953552
COFORM,DADTUY01,0.9999999403953552
COFORM,DADTUY05,0.9999999403953552
COFORM01,DEFNIO,0.9999999403953552
COFORM01,DADTUY01,0.9999999403953552
COFORM01,DADTUY05,0.9999999403953552
COFORM11,DEFNIO,0.9999999403953552
COFORM11,DADTUY01,0.9999999403953552
COFORM11,DADTUY05,0.9999999403953552
COGLOA,CUSYUM,1.0
COGLOA,CUSZEX,1.0
COGLOA,CUXLEO,1.0
COKFAK,CUMKIG,0.8874999284744263
COKJIX,DIBZEU,0.999916136264801
COKJIX,COKJOD,0.9996404051780701
COKJIX,DITKAT,0.9881620407104492
COKJIX,DITKAT01,0.9881620407104492
COKJOD,COXLAD,0.9802787899971008
COKJOD,DIBZEU,0.9995414018630981
COKMEW,COKNOH01,1.0
COKMEW,COKNOH,1.0
COKMEW,COKPEZ,0.9968050718307495
COKMEW,COKQIE,1.0
COKMIA,COKPOJ,0.9999999403953552
COKMIA,CUVTUJ,0.9999999403953552
COKMIA,COKQEA,0.9999999403953552
COKMOG,COKQAW,1.0
COKMOG,COKNIB02,1.0
COKMOG,COKNIB,1.0
COKMOG,COKNIB01,1.0
COKMUM,COKNUN02,1.0
COKMUM,COKNUN01,1.0
COKMUM,COKNUN,1.0
COKNAT,COKPUP,1.0
COKNAT,COKQOK,1.0
COKNAT,COKNOH,0.9982883334159851
COKNIB,COKQAW,1.0
COKNIB,COKNIB02,1.0
COKNIB01,COKQAW,1.0
COKNIB01,COKNIB02,1.0
COKNIB02,COKQAW,1.0
COKNOH,COKNOH01,1.0
COKNOH,COKPEZ,0.9968050718307495
COKNOH,COKPID,1.0
COKNOH01,COKPUP,0.9982883334159851
COKNOH01,COKQOK,0.9982883334159851
COKNUN,COKNUN02,1.0
COKNUN,COKNUN01,1.0
COKNUN01,COKNUN02,1.0
COKNUN02,DEVBOW,0.10000000149011612
COKPOJ,COKQEA,0.9999999403953552
COKPOJ,CUVTUJ,0.9999999403953552
COKPUP,COKQOK,1.0
COKQEA,CUVTUJ,0.9999999403953552
COKROL,DAJVES,0.9809048175811768
COKROL,COKRUR,0.9709676504135132
COKROL,DAJWET,0.9671695232391357
COKROL,DIBJEF,0.6277788281440735
COKROL,DIBJIJ,0.6277788281440735
COKRUR,DAJVES,0.9518725275993347
COKRUR,DAJWET,0.9381372332572937
COLPEA,CUQYEU,0.9788232445716858
COLPEA,DAWFEO,0.6538461446762085
COMFAM01,CURYOE01,1.0
COMFAM01,DEHHOQ,0.6595500111579895
COMFAM01,DAPZAW,0.6593592166900635
COMFAM01,DARSEV,0.45454543828964233
COMFEQ,DIVMUR,0.9998304843902588
COMFEQ,DAHPAE,0.9995509386062622
COMFEQ,DIVNAY,0.9968496561050415
COMFIU,DIVMUR,0.9994291663169861
COMFIU,DAHNOQ,0.9987543821334839
COMFIU,DAHNUW,0.9987543821334839
COMFIU,DIVNAY,0.9967017769813538
COMHOC,COMHUI,1.0
COMHOC,CUGYOU,0.9969467520713806
COMHUI,CUGYOU,0.9969467520713806
COMMOH,COMMUN,0.9922806620597839
COMMOH,DETRAX,0.5496275424957275
COMMUN,DETRAX,0.5439473390579224
COMVAC,COMVEG,0.9922806620597839
CONSAA,DINNIZ,0.848908543586731
COPTUX,DAYWOS,0.6637166738510132
COPTUX,CUQXAP,0.5346425175666809
COPTUX,DEVBOW,0.10000000149011612
COQJAV,COQJEZ,1.0
COQMAX,COQMEB,0.831250011920929
COQMIF,CUQKOQ,0.9744462370872498
COQTEJ,CUNWEO,0.549171507358551
CORZIU,CORZOA,0.9999999403953552
CORZIU,CUKBEQ,0.9987406134605408
CORZOA,CUKBEQ,0.9987406134605408
COSWEO,DIGPER,0.994638979434967
COTVOY,COYTOA,0.09999998658895493
COTVUE,COWMAD,0.10000001639127731
COTVUE,DARFAF,0.10000001639127731
COTXEQ,COTXIU,1.0
COTXEQ,COTXOA,1.0
COTXIU,COTXOA,1.0
COVRUC,CSTNME01,0.32024314999580383
COVSIP,DIDBIE,0.29766350984573364
COWKAB,DAWWEF,0.46885836124420166
COWLIK,CUKXAI,1.0
COWMAD,COWMIL,0.9999803900718689
COWMAD,COWMOR,0.9999352693557739
COWMAD,COWMEH,0.9995911717414856
COWMEH,COWMUX,0.999731719493866
COWMEH,COWMIL,0.9995371103286743
COWMIL,COWMOR,0.9999855160713196
COWMIL,COWMUX,0.9996700286865234
COWMOR,COWMUX,0.9996850490570068
COWQUC,COWREN,0.9999999403953552
COWQUC,COWROX,0.9999999403953552
COWQUC,COWRIR,0.9999999403953552
COWRAJ,COWREN,0.9999999403953552
COWRAJ,COWROX,0.9999999403953552
COWRAJ,COWRIR,0.9999999403953552
COWREN,COWROX,0.9999999403953552
COWREN,COWRIR,0.9999999403953552
COWRIR,COWROX,0.9999999403953552
COWRUC,COWSAJ,1.0
COWRUC,COWSEN,1.0
COWRUC,DEBXUG,0.43190324306488037
COWSAJ,COWSEN,1.0
COWSAJ,DEBXUG,0.43190324306488037
COWSEN,DEBXUG,0.43190324306488037
COXCOJ,COXCUP,1.0
COXCOJ,COXDAW,1.0
COXCOJ,COXDIE,1.0
COXCOJ,COXDEA,0.48918917775154114
COXCUP,COXDAW,1.0
COXCUP,COXDIE,1.0
COXCUP,COXDEA,0.48918917775154114
COXDAW,COXDIE,1.0
COXDAW,COXDEA,0.48918917775154114
COXFOL,DAFHEZ,0.9999999403953552
COXFOL,DAFHID,0.9997506737709045
COXFOL,DAFHOJ,0.9972895383834839
COXHED,DAPGUW01,0.9997506737709045
COXHED,COXHIH,0.9997506737709045
COXHIH,DAPGUW01,1.0
COXHON,DALSER,1.0
COXHON,DALSAN,1.0
COXKUW,COXLAD,0.9958965182304382
COXKUW,DAFHOJ,0.9707819819450378
COYTEQ,COYTUG01,0.9985291957855225
COYTEQ,COYTUG,0.9985291957855225
COYTEQ,COYTOA,0.9983987212181091
COYTEQ,COYTIU,0.9826657772064209
COYTEQ,CUCKIV,0.970555305480957
COYTIU,COYTUG01,0.9847605228424072
COYTIU,COYTUG,0.9847605228424072
COYTOA,COYVAO,0.9995414018630981
COYTOA,COYVAO01,0.9995414018630981
COYTOA,COYVES01,0.9993398785591125
COYTUG,COYTUG01,1.0
COYTUG,COYVAO01,0.9995911717414856
COYTUG,COYVAO,0.9995911717414856
COYTUG,CUCKIV,0.9702855944633484
COYTUG01,COYVAO01,0.9995911717414856
COYTUG01,COYVAO,0.9995911717414856
COYTUG01,CUCKIV,0.9702855944633484
COYVAO,COYVAO01,1.0
COYVAO,COYVES01,0.9999803900718689
COYVAO,COYVES,0.9999803900718689
COYVAO01,COYVES01,0.9999803900718689
COYVAO01,COYVES,0.9999803900718689
COYVES,COYVES01,1.0
COZGED,COZGED01,1.0
COZGED,CUGROM,0.9907075762748718
COZGED01,CUGROM,0.9907075762748718
COZMUA,DITJOH,0.8527029752731323
COZMUA,DITJIB,0.8453625440597534
CUBKUF,CUSDIE,0.48571428656578064
CUCFOX,DARYIF,0.4441176652908325
CUCITD,CUCITD02,1.0
CUCITD,CUCITD01,1.0
CUCITD,CUCITD03,1.0
CUCITD,DINNEV,0.9996275901794434
CUCITD01,CUCITD02,1.0
CUCITD01,CUCITD03,1.0
CUCITD01,DINNEV,0.9996275901794434
CUCITD02,CUCITD03,1.0
CUCITD03,DINNEV,0.9996275901794434
CUFDOX,CUFFUF,0.9999999403953552
CUFDOX,CUFFOZ,0.9999999403953552
CUFDOX,CUFFIT,0.9999999403953552
CUFDUD,CUFFUF,0.9999999403953552
CUFDUD,CUFFOZ,0.9999999403953552
CUFDUD,CUFFIT,0.9999999403953552
CUFFEP,CUFFUF,0.9999999403953552
CUFFEP,CUFFOZ,0.9999999403953552
CUFFEP,CUFFIT,0.9999999403953552
CUFFIT,CUFFUF,0.9999999403953552
CUFFIT,CUFFOZ,0.9999999403953552
CUFFOZ,CUFFUF,0.9999999403953552
CUFGIV,DIMDAG,0.9433584213256836
CUFGIV,DEXKEZ,0.6982008218765259
CUFJUK,CUFKAR,0.9999999403953552
CUFMOG,DIGYIE,0.4362000823020935
CUFMOG,CUGYEK,0.35527101159095764
CUFORD,CUFORD01,1.0
CUFORD,CUFORM02,1.0
CUFORD,CUFORM04,1.0
CUFORD,CUFORM,1.0
CUFORD,CUFORM03,1.0
CUFORD,CUFORM06,1.0
CUFORD01,CUFORM02,1.0
CUFORD01,CUFORM04,1.0
CUFORM,CUFORM02,1.0
CUFORM,CUFORM04,1.0
CUFORM,CUFORM03,1.0
CUFORM,CUFORM06,1.0
CUFORM02,CUFORM04,1.0
CUFORM03,CUFORM04,1.0
CUFORM03,CUFORM06,1.0
CUGLIB,CUGYIO,1.0
CUGLIB,CUGYUA,0.5090909004211426
CUGLIB,DIKBAB01,0.5034942030906677
CUGLTM,CUGLTM02,1.0
CUGLTM,CUGLTM01,1.0
CUGLTM01,CUGLTM02,1.0
CUGQUR,CUGSIH,0.9991083145141602
CUGQUR,CUGSON,0.9991083145141602
CUGQUR,CUGSUT,0.9991083145141602
CUGQUR,DEHBIC,0.994638979434967
CUGREC,CUGROM,1.0
CUGSIH,CUGSUT,1.0
CUGSIH,CUGSON,1.0
CUGSIH,DEHBIC,0.9913450479507446
CUGSON,CUGSUT,1.0
CUGVUW,DITYEM02,0.7387096881866455
CUGYEK,CUGZAH,1.0
CUGYEK,CUNFOH,0.9969467520713806
CUGYIO,CUGYUA,0.5090909004211426
CUGYIO,DIKBAB01,0.5034942030906677
CUGYUA,DIKBAB01,0.9944032430648804
CUGZAH,CUNFOH,0.9969467520713806
CUHYUB,CUJCOB,0.999916136264801
CUHYUB,CUJCIV,0.9992827773094177
CUIMDZ01,CUIMDZ03,1.0
CUIMDZ01,DIBXIW,0.3142857253551483
CUJCIV,CUJCOB,0.9995911717414856
CUKJUO,DARDIL,0.7260869145393372
CUKXAJ,CUKXEN,1.0
CUKXAJ,DAHMIJ,1.0
CUKXIR,DEJJEK,0.9929918050765991
CUMDIY,CUMDOE,0.9987369775772095
CUMFOG,CUSDIE,0.5846154093742371
CUMFOG,DEPVUQ,0.4899999797344208
CUMFOG,DAWMUL,0.10000000149011612
CUMFOG,DEVBIQ,0.10000000149011612
CUMFOG,DICKEH,0.10000000149011612
CUMJAX,CUMJEB,0.45454543828964233
CUMJAX,DAWVUV,0.31894737482070923
CUMKIG,CUMKIG03,0.9999999403953552
CUMLUT,DEPXIG,0.9970499873161316
CUNFOH,DIGYIE,0.30285337567329407
CUPHUS,DEHHIK,0.9996275901794434
CUPHUS,DIPGAK,0.4000000059604645
CUPLIJ,CUPMAC,0.9970499873161316
CUPLIJ,CUPLUV,0.9955214262008667
CUPLIJ,DIFZUP,0.9939473867416382
CUPLOP,DIFZUP,0.9999999403953552
CUPLOP,CUPMEG,0.9997506737709045
CUPLOP,CUPLUV,0.9996292591094971
CUPLOP,CUPMAC,0.9972895383834839
CUPLOP,CUXFUX,0.4000000059604645
CUPLUV,DIFZUP,0.9996292591094971
CUPLUV,CUPMAC,0.9989085793495178
CUPLUV,CUPMEG,0.9988105893135071
CUPMAC,DIFZUP,0.9972895383834839
CUPMEG,DIFZUP,0.9997506737709045
CUPMEG,CUXFUX,0.3997507095336914
CUPMEG,CUXVAT,0.39112594723701477
CUQXAP,CUQXIX,0.9962353706359863
CUQXIX,DAYWOS,0.5371428728103638
CUQYEU,DAWFEO,0.6326694488525391
CURYOE01,DEHHOQ,0.6595500111579895
CURYOE01,DAPZAW,0.6593592166900635
CURYOE01,DARSEV,0.45454543828964233
CURZEV,DEFFEC,0.7230337262153625
CUSDIE,DITYOW,0.5333333611488342
CUSDIE,DIXVUC04,0.5318830609321594
CUSFAZ,DINTID,0.5049999952316284
CUSFAZ,DINQUM,0.5049999952316284
CUSQOX,DEHHOQ,0.497050017118454
CUSYIA,CUSYUM,1.0
CUSYIA,CUSZEX,1.0
CUSYIA,CUTMAH,1.0
CUSYOG,CUSYUM,1.0
CUSYOG,CUSZEX,1.0
CUSYOG,CUTMAH,1.0
CUSYOG,CUSZAT,1.0
CUSYOG,CUSZIB,1.0
CUSYOG,CUTCYM01,1.0
CUSYOG,CUTCYM02,1.0
CUSYOG,CUXLEO,1.0
CUSYOG,CUYDIL,1.0
CUSYOG,DABMUR,1.0
CUSYOG,DALCEZ,1.0
CUSYUM,CUSZEX,1.0
CUSYUM,CUTMAH,1.0
CUSYUM,DIBWUH,0.9999494552612305
CUSZAT,CUSZEX,1.0
CUSZAT,CUTMAH,1.0
CUSZAT,CUSZIB,1.0
CUSZAT,CUTCYM01,1.0
CUSZAT,CUTCYM02,1.0
CUSZAT,CUXLEO,1.0
CUSZAT,CUYDIL,1.0
CUSZAT,DABMUR,1.0
CUSZAT,DALCEZ,1.0
CUSZEX,CUTMAH,1.0
CUSZIB,CUTMAH,1.0
CUTBEA,CUTBOK,0.9998192191123962
CUTBEA,CUTBIE,0.9987545013427734
CUTBIE,CUTBOK,0.9985291957855225
CUTCYM01,CUTMAH,1.0
CUTCYM02,CUTMAH,1.0
CUTGAA,DAPZAW,0.4749999940395355
CUTKEI,CUYWUP,0.9965804815292358
CUTMAH,CUXLEO,1.0
CUTMAH,CUYDIL,1.0
CUTMAH,DABMUR,1.0
CUVFUW,DIXKOL,0.6403759717941284
CUVHEH,CUVHIL01,0.9999999403953552
CUVHEH,CUVHIL,0.9999999403953552
CUVHEH,CUVHIL02,0.9999999403953552
CUVHIL,CUVHIL01,0.9999999403953552
CUVHIL,CUVHIL02,0.9999999403953552
CUVHIL01,CUVHIL02,0.9999999403953552
CUVTIX,CUVTOD,0.4441176652908325
CUVTIX,DAKVOC,0.43157896399497986
CUWNIT,DAZKEX,0.9963989853858948
CUWNIT,DITVOT,0.5723716616630554
CUWXID,CUWZIF,0.9999999403953552
CUXFUX,DIFZUP,0.4000000059604645
CUXLEO,DALCEZ,1.0
CUXPAN,CUXPER,0.9996544122695923
CUXPAN,CUXQAO,0.9996544122695923
CUXPAN,CUXPIV,0.9996404051780701
CUXPER,CUXQAO,0.9999999403953552
CUXPER,CUXQIW,0.9998192191123962
CUXPER,CUXQES,0.9987545013427734
CUXPIV,DAMYUO,0.9998304843902588
CUXPIV,CUXPUH,0.9998304843902588
CUXPOB,CUXQIW,1.0
CUXPOB,CUXQAO,0.9998192191123962
CUXPOB,DAMYOI,0.999731719493866
CUXPUH,DAMYUO,1.0
CUXPUH,DAMYOI,0.9996850490570068
CUXQAO,CUXQES,0.9987545013427734
CUXQAO,CUXQIW,0.9998192191123962
CUXQIW,DAMYOI,0.999731719493866
CUXVAT,CUXVEX,0.7249999642372131
CUXVAT,DIMBOS,0.5885714292526245
CUXVEX,DIMBOS,0.550000011920929
CUYDEG,DIXKUR,0.36922624707221985
CUYDEG,DIXKUR01,0.36922624707221985
CUYXOK,DETRAX,0.6139132976531982
CUZLAM,VELVOY,0.3556935787200928
CUZLAM,DATPIY,0.33850085735321045
CYTPCD10,DEFFEC,0.5231750011444092
DABMEB,DALVAQ,1.0
DACHAR,DEHRIR,1.0
DACJUO,DEDTEN,0.678196370601654
DACQOQ,DIKPOD,0.2683327794075012
DADLEC,DADLOM,1.0
DADLEC,DIXGIC,0.9776891469955444
DADLOM,DIXGIC,0.9776891469955444
DADTOS,DADTOS03,1.0
DADTOS,DADTOS07,1.0
DADTOS01,DADTOS03,1.0
DADTOS01,DADTOS07,1.0
DADTOS02,DADTOS03,1.0
DADTOS02,DADTOS07,1.0
DADTOS02,DADTOS04,1.0
DADTOS02,DADTOS05,1.0
DADTOS02,DADTOS06,1.0
DADTOS02,DADTOS08,1.0
DADTOS02,DADTOS09,1.0
DADTOS02,DADTOS10,1.0
DADTOS02,DADTOS11,1.0
DADTOS02,DADTOS12,1.0
DADTOS02,DADTOS13,1.0
DADTOS02,DADTOS14,1.0
DADTOS02,DADTOS15,1.0
DADTOS02,DADTOS16,1.0
DADTOS02,DADTOS17,1.0
DADTOS02,DADTOS18,1.0
DADTOS03,DADTOS07,1.0
DADTOS03,DIDVIW,1.0
DADTOS04,DADTOS07,1.0
DADTOS05,DADTOS07,1.0
DADTOS06,DADTOS07,1.0
DADTOS06,DADTOS08,1.0
DADTOS06,DADTOS09,1.0
DADTOS06,DADTOS10,1.0
DADTOS06,DADTOS11,1.0
DADTOS06,DADTOS12,1.0
DADTOS06,DADTOS13,1.0
DADTOS06,DADTOS14,1.0
DADTOS06,DADTOS15,1.0
DADTOS06,DADTOS16,1.0
DADTOS06,DADTOS17,1.0
DADTOS06,DADTOS18,1.0
DADTOS07,DIDVIW,1.0
DADTUY,DEFNIO,0.9999999403953552
DADTUY,DADTUY05,0.9999999403953552
DADTUY,DADTUY06,0.9999999403953552
DADTUY01,DEFNIO,0.9999999403953552
DADTUY01,DADTUY05,0.9999999403953552
DADTUY01,DADTUY06,0.9999999403953552
DADTUY01,DADTUY07,0.9999999403953552
DADTUY01,DADTUY08,0.9999999403953552
DADTUY01,DADTUY09,0.9999999403953552
DADTUY01,DADTUY10,0.9999999403953552
DADTUY01,DADTUY11,0.9999999403953552
DADTUY01,DADTUY12,0.9999999403953552
DADTUY05,DEFNIO,0.9999999403953552
DADTUY05,DADTUY06,0.9999999403953552
DADTUY05,DADTUY07,0.9999999403953552
DADTUY05,DADTUY08,0.9999999403953552
DADTUY05,DADTUY09,0.9999999403953552
DADTUY05,DADTUY10,0.9999999403953552
DADTUY05,DADTUY11,0.9999999403953552
DADTUY05,DADTUY12,0.9999999403953552
DADTUY06,DEFNIO,0.9999999403953552
DADTUY07,DEFNIO,0.9999999403953552
DADTUY08,DEFNIO,0.9999999403953552
DADTUY09,DEFNIO,0.9999999403953552
DADTUY10,DEFNIO,0.9999999403953552
DADTUY11,DEFNIO,0.9999999403953552
DADTUY12,DEFNIO,0.9999999403953552
DADVAG,DADVAG05,1.0
DADVAG,DEFNOU,1.0
DADVAG01,DADVAG05,1.0
DADVAG01,DEFNOU,1.0
DADVAG02,DADVAG05,1.0
DADVAG03,DADVAG05,1.0
DADVAG04,DADVAG05,1.0
DADVAG04,DADVAG06,1.0
DADVAG04,DADVAG07,1.0
DADVAG04,DADVAG08,1.0
DAFHEZ,DAFHID,0.9997506737709045
DAFHEZ,DAFHOJ,0.9972895383834839
DAFYAN,DAFYOB,1.0
DAFYAN,DETRAX,0.6501613855361938
DAFYOB,DETRAX,0.6501613855361938
DAFYOB,DIXCET,0.6251429319381714
DAGDEV,DEJTIW,0.9970499873161316
DAGDEV,DEJTES,0.9970499873161316
DAGDEV,DAGDIZ,0.9970499873161316
DAGDIZ,DEJTIW,1.0
DAGDIZ,DEJTES,1.0
DAGGOK,DAGGUQ,1.0
DAGGOK,DEXXAF,0.40000003576278687
DAGGUQ,DEXXAF,0.40000003576278687
DAGTUD,DANWAS,0.9962353706359863
DAHJUR,DIFYEZ,0.28776827454566956
DAHNOQ,DAHNUW,0.9999999403953552
DAHPAE,DIVMUR,0.9998589158058167
DAHWAM,DEKLEL,0.6987545490264893
DAJVES,DAJWET,0.9963152408599854
DAKVIW,DAKVOC,0.9962353706359863
DAKVIW,DEYMOL,0.9920910000801086
DAKVOC,DAKVUI,0.9965804815292358
DAKVUI,DEYMOL,0.9801634550094604
DALRAK,DEKPAL,0.9990034103393555
DALRAK,DEKPEP,0.9990034103393555
DALSOA,DIHVIB,0.7749999761581421
DALSUH,DALTAO,0.9996340870857239
DALVEU,DALVIY,0.999916136264801
DAMYIC,DAMYIC01,1.0
DAMYOI,DAMYUO,0.9996850490570068
DANVAQ,DANVEU,1.0
DANVAQ,DITWEK,0.5944356322288513
DANVEU,DITWEK,0.5944356322288513
DAPYAW,DIBQEM,0.9939473867416382
DAPYAW,DIBQIQ,0.9939473867416382
DAPZAW,DIHPIU,0.5235294103622437
DAPZAW,DIVGIA,0.427272766828537
DAQMAM,DIQHAO,0.4283880293369293
DAQMAM,DIQHAO01,0.4283880293369293
DAQRET,DAQRET01,0.9999999403953552
DAQRET,DEHBEY,0.9994805455207825
DAQRET01,DEHBEY,0.9994805455207825
DARCOQ,DARDEH,0.9977954626083374
DARCOQ,DARDIL,0.9976078867912292
DARCOQ,DARDOR,0.9968496561050415
DARCUW,DARDAD,0.9998902082443237
DARCUW,DARFIN,0.9998589158058167
DARCUW,DARFEJ,0.9997713565826416
DARDAD,DARFIN,0.9998542070388794
DARDAD,DARFEJ,0.9997872710227966
DARDEH,DARDIL,0.9996544122695923
DARDEH,DARDOR,0.9996404051780701
DARDEH,DARFAF,0.9995414018630981
DARDIL,DARDUX,0.9998192191123962
DARDOR,DARFAF,0.999916136264801
DARDOR,DARFEJ,0.9998704195022583
DARDUX,DARFOT,0.999731719493866
DARFAF,DARFEJ,0.9999803900718689
DARFAF,DARFIN,0.9999352693557739
DARFEJ,DARFIN,0.9999855160713196
DARFIN,DARFOT,0.9996850490570068
DARSEV,DEHHOQ,0.3783000111579895
DARYIF,DIWFAT,0.9974996447563171
DASLIT,DASMAM,0.9999494552612305
DASTEY01,DASTEY02,1.0
DATPIY,DEGBOI,0.495654433965683
DATPIY,DEGBUO,0.49360790848731995
DAVMIY,DIVQAB,0.9969467520713806
DAVMIY,DIVPUU,0.9969467520713806
DAWCIP,DAWCOV,0.9974996447563171
DAWWAC,DEGJIK,0.9996275901794434
DAWWEF,DIYRIO,0.5615384578704834
DAWWEF,DAXFEQ,0.482029527425766
DAWWIJ,DAWWUV,0.9970499873161316
DAWWIJ,DAWWOP,0.9950717687606812
DAWWIJ,DIYREK,0.5474996566772461
DAWWOP,DAWWUV,0.9922806620597839
DAWWOP,DIYREK,0.5465804934501648
DAWWUV,DIYREK,0.5462353825569153
DAXDUE,DAXFIU,0.7266550660133362
DAXDUE,DAXFEQ,0.6745696663856506
DAXDUE,DIYRIO,0.5328239798545837
DAXFEQ,DAXFIU,0.9344717264175415
DAXFEQ,DIYRIO,0.5353395938873291
DAXKIY,DAXKOE,0.9999999403953552
DAXKIY,DIXWAJ,0.3495385944843292
DAXKOE,DIXWAJ,0.3495385944843292
DAXNIA,DEPJIR01,1.0
DAXNIA,DAXNIA01,1.0
DAXNIA,DAXNIA02,1.0
DAXNIA,DAXNIA03,1.0
DAXNIA,DAXNIA04,1.0
DAXNIA01,DEPJIR01,1.0
DAXNIA01,DEPJIR,1.0
DAXNIA02,DEPJIR01,1.0
DAXNIA03,DEPJIR01,1.0
DAXNIA04,DEPJIR01,1.0
DAYMAS,DIDBIE,0.9838886857032776
DAZKEX,DITVOT,0.563677966594696
DAZMID,SABVUN01,0.8199999928474426
DAZZUC,DEBBIY,0.9962353706359863
DAZZUC,DEXKEZ,0.7323441505432129
DEBBIY,DEXKEZ,0.7327938079833984
DEBNUU,DEFKUU,0.9978308081626892
DEBNUU,DINDUZ,0.9701295495033264
DEBNUU,DINDUZ01,0.9701295495033264
DEBNUU,DEHYEV,0.5427337884902954
DEBXUG,VELVOY,0.46000000834465027
DECXOB,DECYUI,0.8147058486938477
DECXOB,DECYAO,0.7749999761581421
DECXOB,DECXUH,0.7230769395828247
DECXOB,DECYES,0.7075000405311584
DECXOB,DECYIW,0.6850000023841858
DECXOB,DECYOC,0.7000000476837158
DECXUH,DECYUI,0.6357142925262451
DECXUH,DECYAO,0.6113636493682861
DECYAO,DECYUI,0.7567567229270935
DECYAO,DECYES,0.7000000476837158
DECYAO,DECYOC,0.6571428775787354
DECYES,DECYUI,0.6926829814910889
DECYIW,DECYUI,0.6707317233085632
DECYIW,DECYOC,0.6522727608680725
DECYOC,DECYUI,0.7230769395828247
DECYUI,DIQHAO01,0.7406328916549683
DEFKUU,DINDUZ,0.9784445762634277
DEFKUU,DINDUZ01,0.9784445762634277
DEFKUU,DEHYEV,0.5465804934501648
DEFTAL,DEFTAL01,0.9999999403953552
DEGBOI,DEGBUO,0.9977954626083374
DEGMAG,DEGMAG01,0.9999999403953552
DEGSIS,DEGSIS01,1.0
DEGSIS,DIKJUD,0.6100000143051147
DEGSIS01,DIKJUD,0.6100000143051147
DEHBIC,DISROP,0.45409443974494934
DEHFUR,DIJWID,0.577775776386261
DEHHEG,DELTAQ02,1.0
DEHHEG,DELTAQ,1.0
DEHHEG,DELTAQ01,1.0
DEHHEG,DELTAQ03,1.0
DEHHOQ,DELTAQ02,0.9974996447563171
DEHHOQ,DELTAQ,0.9974996447563171
DEHHOQ,DELTAQ03,0.9974996447563171
DEHYEV,DINDUZ01,0.5297663807868958
DEJCEB,DEPXAY,1.0
DEJCEB,DEJCIF,0.9965804815292358
DEJCIF,DEPXAY,0.9965804815292358
DEJTES,DEJTIW,1.0
DEKCEE,DEKCII,0.9996340870857239
DEKLEL,DEKLIP,0.9978838562965393
DEKPAL,DEKPEP,1.0
DEKZIE,DELBED,1.0
DEKZIE,DEKZOK,1.0
DEKZOK,DELBED,1.0
DELTAQ,DELTAQ01,1.0
DELTAQ,DELTAQ02,1.0
DELTAQ,DELTAQ03,1.0
DENFUA,DENGAH,1.0
DENQEV,DENQIZ,0.625
DENTEW01,DENVIC,1.0
DENTEW01,DENVEY,0.9970499873161316
DENTEW01,DENVOI,0.9968591928482056
DENVEY,DENVIC,0.9970499873161316
DENVEY,DENVOI,0.9959419965744019
DENVIC,DENVOI,0.9968591928482056
DENVOI,DILJOA,0.4413793087005615
DEPJIR,DEPJIR01,1.0
DEPVUQ,DEPWAX,1.0
DEPXIG,DEPXOM,1.0
DESVIJ,DESVOP,0.9998192191123962
DESVIJ,DIXBOC,0.46687832474708557
DESVOP,DIXBOC,0.46670037508010864
DETRAX,DIXCET,0.9683489799499512
DEXKEZ,DIMDAG,0.6970500349998474
DEXZIR,DIPNIB,0.5746133923530579
DEXZIS,DIGTEU,0.10000000149011612
DEYVUA,DOBGAD01,0.7431103587150574
DEYVUA,DOBGAD,0.7431103587150574
DEZCAO,DEZCES,0.9997506737709045
DEZCAO,DEZCIW,0.9977757334709167
DEZCES,DEZCIW,0.9965023994445801
DEZKAW,DEZKEA,1.0
DIBJEF,DIBJIJ,0.9999999403953552
DIBQEM,DIBQIQ,0.9999999403953552
DIBQEM,DIBQOW,0.9999999403953552
DIBZEU,DITKAT,0.9890161752700806
DIBZEU,DITKAT01,0.9890161752700806
DIBZEV,DIBZOF,1.0
DIBZEV,DIBZIZ,0.9991083145141602
DIBZIZ,DIBZOF,0.9991083145141602
DIDBAV,DIDBEZ,0.9999999403953552
DIDBAV,DIDBID,0.9999999403953552
DIDBAV,DIDBOJ,0.9999999403953552
DIDBEZ,DIDBID,0.9999999403953552
DIDBEZ,DIDBOJ,0.9999999403953552
DIGTEU,DIGTIY,0.9991083145141602
DIGTEU,DIGTOE,0.9958264827728271
DIGTIY,DIGTOE,0.9966550469398499
DIGTOE,DIGTUK,0.9445696473121643
DIHVIB,DIHVIB01,1.0
DIJCOP,DIJCOP01,1.0
DINDUZ,DINDUZ01,1.0
DINQUM,DINTID,1.0
DINQUM,DIPGAK,0.4374999701976776
DINTID,DIPGAK,0.4374999701976776
DINYEG,DINYEG01,1.0
DINYEG,DIXBET,0.9978553056716919
DINYEG,DIXBET01,0.9978553056716919
DINYEG01,DIXBET,0.9978553056716919
DINYEG01,DIXBET01,0.9978553056716919
DIQHAO,DIQHAO01,0.9999999403953552
DIQHAO,DIRLIB,0.9972895383834839
DIQHAO01,DIRLIB,0.9972895383834839
DIRPOL,DIRPUR,1.0
DITGUL,DITRUW,1.0
DITGUL,DITRIK,1.0
DITGUL,DITJIC,1.0
DITGUL,DITJAU,0.64000004529953
DITGUL,DITROQ,1.0
DITGUL,DITSAD,1.0
DITHAS,DITJOI,1.0
DITHAS,DITHEW01,1.0
DITHAS,DITHOG,1.0
DITHEW,DITJOI,1.0
DITHEW,DITHEW01,1.0
DITHEW,DITHOG,1.0
DITHEW,DITHUM,1.0
DITHEW,DITJEY,1.0
DITHEW,DITJEY01,1.0
DITHEW01,DITJOI,1.0
DITHEW01,DITHOG,1.0
DITHEW01,DITHUM,1.0
DITHEW01,DITJEY,1.0
DITHEW01,DITJEY01,1.0
DITHOG,DITJOI,1.0
DITHUM,DITJOI,1.0
DITJAU,DITSAD,0.64000004529953
DITJAU,DITRIK,0.64000004529953
DITJAU,DITROQ01,0.5064516067504883
DITJEY,DITJOI,1.0
DITJEY01,DITJOI,1.0
DITJIB,DITJOH,0.9950140714645386
DITJIC,DITRUW,1.0
DITJIC,DITROQ,1.0
DITKAT,DITKAT01,1.0
DITPON,DITPUT,0.9972895383834839
DITRIK,DITSAD,1.0
DITRIK,DITROQ,1.0
DITRIK,DITROQ01,0.4272727370262146
DITRIK,DITRUW,1.0
DITROQ,DITSAD,1.0
DITROQ01,DITRUW,0.4272727370262146
DITRUW,DITSAD,1.0
DITYOW,DIXVUC01,0.9985496997833252
DITYOW,DIXVUC03,0.9985496997833252
DITYOW,DIXVUC04,0.9985496997833252
DIVPUU,DIVQAB,1.0
DIWMON,DIWMUT,0.9966550469398499
DIWMON,DIWNAA,0.9344717264175415
DIWMUT,DIWNAA,0.9445696473121643
DIXBET,DIXBET01,1.0
DIXKUR,DIXKUR01,1.0
DIXNUV,DIXNUV01,1.0
DIXVUC,DIXVUC01,1.0
DIXVUC,DIXVUC04,1.0
DIXVUC,DIXVUC03,1.0
DIXVUC,DIXVUC02,1.0
DIXVUC01,DIXVUC04,1.0
DIXVUC01,DIXVUC03,1.0
DIXVUC02,DIXVUC04,1.0
DIXVUC02,DIXVUC03,1.0
DIXVUC03,DIXVUC04,1.0
DOBGAD,DOBGAD01,1.0
RUBTAK02,SURKAT,1.0
