source,target,weight
ABAVIJ,ABAVOP,0.9999999403953552
ABAVIJ,BOWDIC,0.9999999403953552
ABAVIJ,CIJBEE,0.9999999403953552
ABAVIJ,CEYPUT,0.9999999403953552
ABAVIJ,CEYPUT01,0.9999999403953552
ABAVIJ,BIPXIK,0.9999999403953552
ABAVIJ,BOWDOI,0.9999999403953552
ABAVIJ,AHETAK,0.9999999403953552
ABAVIJ,BOWDUO,0.9999999403953552
ABAVIJ,ABAVUV,0.9999999403953552
ABAVIJ,ADIQEL,0.5
ABAVIJ,AFENEE,0.45070910453796387
ABAVIJ,AVAQIX,0.9939473867416382
ABAVIJ,AVAQIX01,0.9939473867416382
ABAVIJ,AYUJIP,0.4434434175491333
ABAVIJ,BASJUB,0.5499999523162842
ABAVIJ,BUVNIR,0.9977757334709167
ABAVIJ,CAXZOS,0.7545454502105713
ABAVIJ,CEBGAS,0.4535714089870453
ABAVIJ,CESYEF,0.9971376657485962
ABAVIJ,CESYEF01,0.9971376657485962
ABAVIJ,CUSBUP,0.5199999809265137
ABAVIJ,DARYIF,0.9977757334709167
ABAVIJ,DEJCEB,0.5297757387161255
ABAVIJ,DIWFAT,0.9972895383834839
ABAVOP,CEYPUT,0.9999999403953552
ABAVOP,BOWDOI,0.9999999403953552
ABAVOP,BOWDIC,0.9999999403953552
ABAVOP,AHETAK,0.9999999403953552
ABAVOP,CIJBEE,0.9999999403953552
ABAVOP,BIPXIK,0.9999999403953552
ABAVOP,CEYPUT01,0.9999999403953552
ABAVOP,BOWDUO,0.9999999403953552
ABAVOP,ABAVUV,0.9999999403953552
ABAVOP,ACICOH,0.9997506737709045
ABAVOP,ADIQEL,0.5
ABAVOP,AYUJIP,0.4434434175491333
ABAVOP,BABCUE,0.5191645622253418
ABAVOP,BAHGUN,0.9996275901794434
ABAVOP,BAHGUN01,0.9996275901794434
ABAVOP,BAHGUN02,0.9996275901794434
ABAVOP,BAHGUN03,0.9996275901794434
ABAVOP,BAHGUN04,0.9996275901794434
ABAVOP,BASJUB,0.5499999523162842
ABAVOP,BEDPAE,0.5333333015441895
ABAVOP,BUVNIR,0.9977757334709167
ABAVOP,BUXCAZ,0.9695334434509277
ABAVOP,CAXZOS,0.7545454502105713
ABAVOP,CEBGAS,0.4535714089870453
ABAVOP,CESYEF,0.9971376657485962
ABAVOP,CESYEF01,0.9971376657485962
ABAVOP,CUCFOX,0.44189342856407166
ABAVOP,DARYIF,0.9977757334709167
ABAVOP,DIDBAV,0.7545454502105713
ABAVOP,DIDBEZ,0.7545454502105713
ABAVOP,DIDBID,0.7545454502105713
ABAVOP,DIDBOJ,0.7545454502105713
ABAVOP,DIWFAT,0.9972895383834839
ABAVUV,CEYPUT,0.9999999403953552
ABAVUV,CIJBEE,0.9999999403953552
ABAVUV,BOWDIC,0.9999999403953552
ABAVUV,BOWDOI,0.9999999403953552
ABAVUV,AHETAK,0.9999999403953552
ABAVUV,BIPXIK,0.9999999403953552
ABAVUV,BOWDUO,0.9999999403953552
ABAVUV,CEYPUT01,0.9999999403953552
ABAVUV,BAHGUN,0.9996275901794434
ABAVUV,BAHGUN01,0.9996275901794434
ABAVUV,BAHGUN02,0.9996275901794434
ABAVUV,BAHGUN03,0.9996275901794434
ABAVUV,BAHGUN04,0.9996275901794434
ABAVUV,CEBGAS,0.4535714089870453
ABAVUV,CUCFOX,0.44189342856407166
ABAYIM,ABAYOS,1.0
ABAYIM,ABAYOS01,1.0
ABAYIM,DEGBUO,0.9848994612693787
ABAYIM,ASUQOV,0.9821665287017822
ABAYIM,DEGBOI,0.9794056415557861
ABAYIM,ANABAT,0.5825398564338684
ABAYIM,CEXWOS,0.5696666240692139
ABAYIM,CEXWEI,0.5692441463470459
ABAYIM,CEXWIM,0.5673478245735168
ABAYIM,CEHXIY,0.5094467997550964
ABAYIM,BIKMIT,0.366946816444397
ABAYIM,CIXNUT,0.5046010613441467
ABAYIM,DASLIT,0.4650952219963074
ABAYIM,DASMAM,0.4651286005973816
ABAYIM,DATPIY,0.47735798358917236
ABAYIO,DEPXIG,1.0
ABAYIO,DEPXOM,1.0
ABAYIO,CIBTIT,1.0
ABAYIO,CIGXIA,0.9989085793495178
ABAYIO,CEHLAD,0.9974996447563171
ABAYIO,BEQKAM,0.9974996447563171
ABAYIO,CADPII,0.9974996447563171
ABAYIO,ACIBOE,0.9974996447563171
ABAYIO,AGIREP,0.9974996447563171
ABAYIO,ABAYOU,0.9972895383834839
ABAYIO,AHIZOH,0.6499999761581421
ABAYIO,AJIJEI,0.7323441505432129
ABAYIO,AJIJEI01,0.7323441505432129
ABAYIO,AJIJEI02,0.7323441505432129
ABAYIO,ALOLIY,0.8199999928474426
ABAYIO,AVEVOO02,0.6684210300445557
ABAYIO,AVUFED,0.6418702602386475
ABAYIO,AVUFED01,0.6418702602386475
ABAYIO,AXUKUB,0.7323441505432129
ABAYIO,AXULAI,0.7323441505432129
ABAYIO,AXULEM,0.7323441505432129
ABAYIO,AZAYAD,0.6707820296287537
ABAYIO,AZAYEH,0.6707820296287537
ABAYIO,BEXVIL,0.6970500349998474
ABAYIO,BOHWUS,0.9932109713554382
ABAYIO,CEHKUW,0.9970499873161316
ABAYIO,CUMLUT,0.9970499873161316
ABAYOS,ABAYOS01,1.0
ABAYOS,DEGBUO,0.9848994612693787
ABAYOS,ASUQOV,0.9821665287017822
ABAYOS,DEGBOI,0.9794056415557861
ABAYOS,ANABAT,0.5825398564338684
ABAYOS,CEXWOS,0.5696666240692139
ABAYOS,CEXWEI,0.5692441463470459
ABAYOS,CEXWIM,0.5673478245735168
ABAYOS,CEHXIY,0.5094467997550964
ABAYOS,BIKMIT,0.366946816444397
ABAYOS,CIXNUT,0.5046010613441467
ABAYOS,DASLIT,0.4650952219963074
ABAYOS,DASMAM,0.4651286005973816
ABAYOS,DATPIY,0.47735798358917236
ABAYOS,DEBXUG,0.28726041316986084
ABAYOS01,DEGBUO,0.9848994612693787
ABAYOS01,ASUQOV,0.9821665287017822
ABAYOS01,DEGBOI,0.9794056415557861
ABAYOS01,ANABAT,0.5825398564338684
ABAYOS01,CEXWOS,0.5696666240692139
ABAYOS01,CEXWEI,0.5692441463470459
ABAYOS01,CEXWIM,0.5673478245735168
ABAYOS01,CEHXIY,0.5094467997550964
ABAYOS01,BIKMIT,0.366946816444397
ABAYOS01,CIXNUT,0.5046010613441467
ABAYOS01,DASLIT,0.4650952219963074
ABAYOS01,DASMAM,0.4651286005973816
ABAYOS01,DATPIY,0.47735798358917236
ABAYOS01,DEBXUG,0.28726041316986084
ABAYOU,CIFMIP,0.9999999403953552
ABAYOU,AVUCEA,0.9999999403953552
ABAYOU,CIPLIX,0.9999999403953552
ABAYOU,CIGXIA,0.9996292591094971
ABAYOU,DIHVIB,0.9996275901794434
ABAYOU,ABEMIF,0.9996275901794434
ABAYOU,BODPAN,0.9996275901794434
ABAYOU,DIHVIB01,0.9996275901794434
ABAYOU,CADPII,0.9977757334709167
ABAYOU,CEHLAD,0.9977757334709167
ABAYOU,ACIBOE,0.9977757334709167
ABAYOU,AGIREP,0.9977757334709167
ABAYOU,AHEBAS,0.47204136848449707
ABAYOU,ALAMUW,0.5496275424957275
ABAYOU,ALIXID,0.699999988079071
ABAYOU,ALIXOJ,0.6997507214546204
ABAYOU,ALIXUP,0.6996276378631592
ABAYOU,APUPEH,0.6496275663375854
ABAYOU,ASOSUY,0.668048620223999
ABAYOU,AZAYEH,0.6697946786880493
ABAYOU,BABREE,0.7746275663375854
ABAYOU,BAXGEP,0.6396275758743286
ABAYOU,BAZBIQ,0.8196292519569397
ABAYOU,BAZBOW,0.6996293067932129
ABAYOU,BEQKAM,0.9977757334709167
ABAYOU,BEXVAD01,0.699999988079071
ABAYOU,CELZIE,0.6363990306854248
ABAYOU,CELZOK,0.7316931486129761
ABAYOU,CIRTAB,0.5499999523162842
ABAYOU,DALSOA,0.7746275663375854
ABAYOU,DECJON,0.512499988079071
ABEFUL,DIBJEF,0.9998192191123962
ABEFUL,DIBJIJ,0.9998192191123962
ABEFUL,COKROL,0.6292967796325684
ABEFUL,COKRUR,0.6152142286300659
ABEFUL,CAYYEG,0.60692298412323
ABEFUL,CAYSOK,0.60692298412323
ABEFUL,DAJVES,0.6054207682609558
ABEFUL,CAYSIE,0.5996974110603333
ABEFUL,AZIVAI,0.5976969003677368
ABEFUL,CECHAW,0.5976969003677368
ABEFUL,BAHNEG,0.33652833104133606
ABEFUL,CEJSUG,0.3942623436450958
ABEMIF,DIHVIB01,1.0
ABEMIF,DIHVIB,1.0
ABEMIF,BODPAN,1.0
ABEMIF,AVUCEA,0.9996275901794434
ABEMIF,CIPLIX,0.9996275901794434
ABEMIF,CIFMIP,0.9996275901794434
ABEMIF,CIGXIA,0.9985496997833252
ABEMIF,ACIBOE,0.9965804815292358
ABEMIF,CADPII,0.9965804815292358
ABEMIF,AHEBAS,0.4724137783050537
ABEMIF,ALAMUW,0.550000011920929
ABEMIF,ALIXID,0.6996276378631592
ABEMIF,ALIXOJ,0.6999495029449463
ABEMIF,ALIXUP,0.7000000476837158
ABEMIF,APUPEH,0.6499999761581421
ABEMIF,ASOSUY,0.6684210300445557
ABEMIF,ATAYEB,0.4724137783050537
ABEMIF,AWEWUV,0.5
ABEMIF,BABREE,0.7749999761581421
ABEMIF,BAXGEP,0.64000004529953
ABEMIF,BEXVAD01,0.6996276378631592
ABEMIF,BIBQEL,0.5
ABEMIF,CELZIE,0.6378308534622192
ABEMIF,CELZOK,0.7331249713897705
ABEMIF,CITXUZ,0.7352941632270813
ABEMIF,DALSOA,0.7749999761581421
ABIWOX,ADONEP,0.9996275901794434
ABIWOX,BUKMUQ01,0.9977757334709167
ABIWOX,BUKMUQ,0.9977757334709167
ABIWOX,BIYTOU,0.9972895383834839
ABIWOX,DITHEW,0.9963989853858948
ABIWOX,DITJEY,0.9963989853858948
ABIWOX,DITHUM,0.9963989853858948
ABIWOX,DITHOG,0.9963989853858948
ABIWOX,DITHEW01,0.9963989853858948
ABIWOX,DITJOI,0.9963989853858948
ABIWOX,ACAJOG,0.7257145643234253
ABIWOX,ACAKEX,0.7257145643234253
ABIWOX,ADODAA,0.4803968071937561
ABIWOX,ADUROI,0.5943275094032288
ABIWOX,AMAFIE,0.6510902643203735
ABIWOX,AMAFOK,0.6567704677581787
ABIWOX,AMAFUQ,0.6567704677581787
ABIWOX,AMAGAX,0.6567704677581787
ABIWOX,ATEXII,0.390275776386261
ABIWOX,AVIPAX,0.9963152408599854
ABIWOX,AVIPOL,0.9963152408599854
ABIWOX,BARZOL,0.29713770747184753
ABIWOX,BIYSUZ,0.970555305480957
ABIWOX,BIYTEK,0.7260869145393372
ABIWOX,BIYVEM,0.9680224657058716
ABIWOX,BIYVIQ,0.9702855944633484
ABIWOX,BUKRUW,0.47854501008987427
ABIWOX,BUKTAE,0.47854501008987427
ABIWOX,BUKTEI,0.47854501008987427
ABIWOX,BUKTIM,0.47854501008987427
ABIWOX,BUKTOS,0.47854501008987427
ABIWOX,DEXKEZ,0.6306228637695312
ABIWOX,DEYVUA,0.6120615005493164
ABIWOX,DITHAS,0.9963989853858948
ABIWOX,DITJEY01,0.9963989853858948
ABUFOU,ABUFUA,0.9989085793495178
ABUFOU,CUTKUY,0.9819706082344055
ABUFOU,AYOQEM,0.7250717878341675
ABUFOU,CIBTIR,0.7080575823783875
ABUFOU,ASALEL,0.5796424746513367
ABUFOU,BIVXEK,0.5794324278831482
ABUFOU,AQAMIO02,0.5794324278831482
ABUFOU,AQALUZ,0.5776669383049011
ABUFOU,AQALUZ01,0.5776669383049011
ABUFOU,BIGJEJ,0.5695652365684509
ABUFOU,BOQWEK,0.457499623298645
ABUFOU,CUBBEI,0.3974996507167816
ABUFUA,CUTKUY,0.9800522327423096
ABUFUA,AYOQEM,0.7285497188568115
ABUFUA,CIBTIR,0.7061392068862915
ABUFUA,BIVXEK,0.5817720890045166
ABUFUA,AQAMIO02,0.5817720890045166
ABUFUA,AQALUZ01,0.5809534192085266
ABUFUA,AQALUZ,0.5809534192085266
ABUFUA,ASALEL,0.5804311633110046
ABUFUA,BIGJEJ,0.5684738159179688
ABUFUA,BOQWEK,0.458288311958313
ABUFUA,CUBBEI,0.398288369178772
ABUWOJ,BADZAK,1.0
ABUWOJ,CUZBUW,0.9977757334709167
ABUWOJ,BUKLOJ01,0.9977757334709167
ABUWOJ,BUKLOJ,0.9977757334709167
ABUWOJ,AVOFUM,0.9944032430648804
ABUWOJ,SABVUN01,0.9927337765693665
ABUWOJ,CAXTAY,0.9927337765693665
ABUWOJ,ALOVEC,0.9918119311332703
ABUWOJ,ATOTIM,0.9918119311332703
ABUWOJ,ASOHUL,0.9918119311332703
ABUWOJ,ADEGEY,0.6172879934310913
ABUWOJ,AFOWOK,0.48194971680641174
ABUWOJ,AHOBAB,0.7327938079833984
ABUWOJ,AHOSEV,0.3224996328353882
ABUWOJ,AJIQIU,0.6962354183197021
ABUWOJ,AQAJEI,0.5695652365684509
ABUWOJ,AVILAT,0.6117854118347168
ABUWOJ,AWEYAE,0.7000000476837158
ABUWOJ,AXOCEW,0.6142857670783997
ABUWOJ,BECKOM,0.5658006072044373
ABUWOJ,BEZKOI01,0.456235408782959
ABUWOJ,BIJJOV,0.664656400680542
ABUWOJ,BOLPAU,0.7000000476837158
ABUWOJ,BUZHIO,0.4629020690917969
ABUWOJ,CAJHON,0.40000003576278687
ABUWOJ,CANRIU,0.6959937810897827
ABUWOJ,CANROA,0.6977757811546326
ABUWOJ,CEFNEJ,0.7318746447563171
ABUWOJ,CEFNOT,0.7318746447563171
ABUWOJ,CEJWAR,0.7352941632270813
ABUWOJ,COWQUC,0.6661967635154724
ABUWOJ,COWRAJ,0.6661967635154724
ABUWOJ,COWREN,0.6661967635154724
ABUWOJ,COWRIR,0.6661967635154724
ABUWOJ,COWROX,0.6661967635154724
ABUWOJ,COZMUA,0.733069896697998
ABUWOJ,CUSXIY,0.7352941632270813
ABUWOJ,CUWNIT,0.6977757811546326
ABUWOJ,DARQOF,0.64000004529953
ABUWOJ,DASTEY01,0.47894737124443054
ABUWOJ,DASTEY02,0.47894737124443054
ABUWOJ,DAWCIP,0.7000000476837158
ABUWOJ,DAWCOV,0.697499692440033
ABUWOJ,DAZKEX,0.6927338242530823
ABUWOJ,DAZMID,0.8127337694168091
ACAFAO,CEZZIR,0.7749999761581421
ACAFAO,CEZZEN,0.7749999761581421
ACAFAO,CEJXEW,0.6753767728805542
ACAFAO,AFOVIB,0.6751185655593872
ACAFAO,AFOVAT,0.6742779016494751
ACAFAO,AFOTOF,0.6733690500259399
ACAFAO,AFOVOH,0.6724344491958618
ACAFAO,CEMBII,0.6724088191986084
ACAFAO,AFOTUL,0.6718590259552002
ACAFAO,CEPBEH,0.6716257929801941
ACAFAO,ADINUZ,0.4899529814720154
ACAFAO,AXIMUP,0.39766624569892883
ACAFAO,BELHOR,0.6021066308021545
ACAFAO,BIZLUT,0.5971158742904663
ACAFAO,BIZMAA,0.3890162408351898
ACAFAO,BIZMEE,0.35734128952026367
ACAFAO,BIZMII,0.35781341791152954
ACAJIY,AFADAN,0.3316216468811035
ACAJIY,CUBKUF,0.3215804994106293
ACAJIY,ARUJED,0.28840872645378113
ACAJIY,COPTUX,0.28840872645378113
ACAJIY,CABSIK,0.28239116072654724
ACAJIY,CENLEP,0.2765805125236511
ACAJIY,DIMBOS,0.2715805172920227
ACAJIY,DIXVUC02,0.25711187720298767
ACAJIY,DIXVUC01,0.25711187720298767
ACAJIY,DIXVUC,0.25711187720298767
ACAJOG,ADONEP,0.7260869741439819
ACAJOG,DITHOG,0.7239177823066711
ACAJOG,DITJOI,0.7239177823066711
ACAJOG,DITJEY01,0.7239177823066711
ACAJOG,DITJEY,0.7239177823066711
ACAJOG,DITHUM,0.7239177823066711
ACAJOG,DITHEW01,0.7239177823066711
ACAJOG,DITHEW,0.7239177823066711
ACAJOG,DITHAS,0.7239177823066711
ACAKEX,ADONEP,0.7260869741439819
ACAKEX,DITJOI,0.7239177823066711
ACAKEX,DITHUM,0.7239177823066711
ACAKEX,DITHOG,0.7239177823066711
ACAKEX,DITHEW01,0.7239177823066711
ACAKEX,DITHEW,0.7239177823066711
ACAKEX,DITHAS,0.7239177823066711
ACAKEX,DITJEY,0.7239177823066711
ACAKEX,DITJEY01,0.7239177823066711
ACAKUM,ACALAT,0.9987545013427734
ACAKUM,ACALEX,0.9985291957855225
ACAKUM,ACALIB,0.9978838562965393
ACAKUM,CUTBIE,0.8199999928474426
ACAKUM,CUTBEA,0.8187544345855713
ACAKUM,CUTBOK,0.8185291886329651
ACAKUM,BEQJUF,0.487718403339386
ACAKUM,ALOLIY,0.48463067412376404
ACAKUM,BAZBIQ,0.48001551628112793
ACAKUM,AVESUR,0.47498854994773865
ACALAT,ACALEX,0.9998192191123962
ACALAT,ACALIB,0.999313473701477
ACALAT,CUTBEA,0.8199999332427979
ACALAT,CUTBOK,0.8198192119598389
ACALAT,CUTBIE,0.8187544345855713
ACALAT,BEQJUF,0.48900842666625977
ACALAT,ALOLIY,0.4841407239437103
ACALAT,BAZBIQ,0.4791753888130188
ACALAT,AVESUR,0.4738682210445404
ACALEX,ACALIB,0.9994291663169861
ACALEX,CUTBOK,0.8199999332427979
ACALEX,CUTBEA,0.8198192119598389
ACALEX,CUTBIE,0.8185291886329651
ACALEX,BEQJUF,0.48918917775154114
ACALEX,ALOLIY,0.4839627742767334
ACALEX,BAZBIQ,0.47955405712127686
ACALEX,AVESUR,0.47460848093032837
ACALIB,CUTBOK,0.8194291591644287
ACALIB,CUTBEA,0.8193134665489197
ACALIB,CUTBIE,0.8178838491439819
ACALIB,BEQJUF,0.4886183738708496
ACALIB,ALOLIY,0.4845479130744934
ACALIB,BAZBIQ,0.4791377782821655
ACALIB,AVESUR,0.47647935152053833
ACAZEK,CAVCEI,0.33713769912719727
ACAZEK,ACRNCU01,0.29694679379463196
ACAZEK,COFORM10,0.20963770151138306
ACAZEK,AZPYCD,0.20935919880867004
ACAZEK,DENVOI,0.20588237047195435
ACAZEK,DANWUL,0.20302894711494446
ACAZEK,AHOKIR,0.20282915234565735
ACAZEK,DENVIC,0.20274154841899872
ACAZEK,DENTEW01,0.20274154841899872
ACAZEK,DENVEY,0.2018243968486786
ACENIF,AWEYUX,0.4888039529323578
ACENIF,AWEZAE,0.4888039529323578
ACENIF,AVULEJ,0.4888039529323578
ACENIF,AVULAF,0.4888039529323578
ACENIF,AVUKUY,0.4888039529323578
ACENIF,AWEZEI,0.4888039529323578
ACENIF,CEFHAZ,0.3905678987503052
ACENIF,ANABAT,0.380890429019928
ACENIF,ARUTIQ,0.3590804934501648
ACENIF,CEXWEI,0.357779860496521
ACIBIY,CNPRCV,0.9996275901794434
ACIBIY,CIQYUX,0.32499998807907104
ACIBIY,CABQEB,0.32499998807907104
ACIBIY,DAYMAS,0.32277578115463257
ACIBIY,BELYIC,0.3213152289390564
ACIBIY,DIDBIE,0.312703013420105
ACIBIY,CDCYAC,0.25758373737335205
ACIBIY,COFORM10,0.25
ACIBIY,CUYXOK,0.22819902002811432
ACIBIY,CIFHAC,0.22586101293563843
ACIBIY,ACRNCU,0.21212758123874664
ACIBIY,BIJGOT,0.19088034331798553
ACIBIY,BUXHOS,0.18962758779525757
ACIBOE,AGIREP,1.0
ACIBOE,CEHLAD,1.0
ACIBOE,CADPII,1.0
ACIBOE,BEQKAM,1.0
ACIBOE,CIGXIA,0.9982883334159851
ACIBOE,CIPLIX,0.9977757334709167
ACIBOE,CIFMIP,0.9977757334709167
ACIBOE,AVUCEA,0.9977757334709167
ACIBOE,DEPXOM,0.9974996447563171
ACIBOE,ADUVAZ,0.5695652365684509
ACIBOE,ALANAD,0.550000011920929
ACIBOE,APUPEH,0.6465804576873779
ACIBOE,AVETAY,0.6142857670783997
ACIBOE,AVEVOO02,0.6659206748008728
ACIBOE,CEHKUW,0.9962353706359863
ACIBOE,CIBTIT,0.9974996447563171
ACIBOE,CISJAQ,0.64000004529953
ACIBOE,CUMLUT,0.9962353706359863
ACIBOE,CUVTIX,0.43000003695487976
ACIBOE,CUVTOD,0.621052622795105
ACIBOE,DAPHOU,0.7000000476837158
ACIBOE,DEMNOB,0.8199999928474426
ACIBOE,DEPXIG,0.9974996447563171
ACICOH,AKOXIJ,1.0
ACICOH,BAHGUN02,0.9999494552612305
ACICOH,BAHGUN01,0.9999494552612305
ACICOH,BAHGUN03,0.9999494552612305
ACICOH,BAHGUN04,0.9999494552612305
ACICOH,BAHGUN,0.9999494552612305
ACICOH,AHEMEG,0.9999494552612305
ACICOH,BOWDOI,0.9997506737709045
ACICOH,BOWDIC,0.9997506737709045
ACICOH,AKAYIV,0.5332828164100647
ACICOH,BEJKEJ,0.7545455098152161
ACICOH,CAXZUY,0.7545455098152161
ACICOH,CUQTAL,0.43423518538475037
ACMPCD,DEFFEC,0.9968591928482056
ACMPCD,COBWEV,0.7300000190734863
ACMPCD,CURZEV,0.7183676362037659
ACMPCD,CYTPCD10,0.5263158082962036
ACMPCD,COBWIZ,0.4629032015800476
ACMPCD,BASJUB,0.2707330882549286
ACMPCD,CELZEA,0.26057496666908264
ACMPCD,CIHNEO,0.257586807012558
ACMPCD,AXICOB,0.2545757591724396
ACMPCD,CIRSOO,0.2520046532154083
ACOBEC,CAVMUJ01,1.0
ACOBEC,BADJIC,1.0
ACOBEC,BADHOG,1.0
ACOBEC,BADHUM,1.0
ACOBEC,BADHUM01,1.0
ACOBEC,BADJAU,1.0
ACOBEC,CAVMUJ,1.0
ACOBEC,BADHIA,1.0
ACOBEC,CAVMUJ02,1.0
ACOBEC,ALOVEC,0.9974375367164612
ACOBEC,ASOHUL,0.9974375367164612
ACOBEC,ATOTIM,0.9974375367164612
ACOBEC,BARJIO,0.2981854975223541
ACOBEC,BEBFIY,0.9930317997932434
ACOBEC,RUBTAK02,0.9972875118255615
ACOBEC,SURKAT,0.9972875118255615
ACODAA,ACODEE,1.0
ACODAA,AQOMAW,0.8408057689666748
ACODAA,COJHIT,0.8408057689666748
ACODAA,BIBXUH,0.8399870991706848
ACODAA,AFOYOK,0.8397262096405029
ACODAA,ADUJER,0.5654772520065308
ACODAA,BIBXOB,0.548810601234436
ACODAA,BALNAG,0.5188105702400208
ACODAA,ADODAA,0.4735496938228607
ACODAA,BUKTEI,0.47328829765319824
ACODAA,AQOLID,0.35275426506996155
ACODAA,AQOLOJ,0.30732160806655884
ACODAA,AQOMEA,0.35275426506996155
ACODAA,AQOMEA01,0.4099740982055664
ACODAA,BIXVEM,0.3516747057437897
ACODAA,BIXVIQ,0.3516747057437897
ACODAA,BIXVOW,0.3516747057437897
ACODAA,BUPDUM,0.27162665128707886
ACODAA,BUPFAU,0.27162665128707886
ACODAA,BUPFEY,0.27162665128707886
ACODAA,DIBXIW,0.3030951917171478
ACODED,BELTUJ,0.9996275901794434
ACODED,COGNAO,0.9965804815292358
ACODED,ACODIH,0.9965804815292358
ACODED,CESQUP,0.9965804815292358
ACODED,BELTOD,0.9950717687606812
ACODED,BELVAR,0.9950717687606812
ACODED,BELVEV,0.9950717687606812
ACODED,DARCOQ,0.9746922850608826
ACODED,DARFOT,0.9684330224990845
ACODED,DARDUX,0.968285083770752
ACODED,CAVVOM,0.7226674556732178
ACODEE,AQOMAW,0.8408057689666748
ACODEE,COJHIT,0.8408057689666748
ACODEE,BIBXUH,0.8399870991706848
ACODEE,AFOYOK,0.8397262096405029
ACODEE,ADUJER,0.5654772520065308
ACODEE,BIBXOB,0.548810601234436
ACODEE,BALNAG,0.5188105702400208
ACODEE,ADODAA,0.4735496938228607
ACODEE,BUKTEI,0.47328829765319824
ACODEE,AQOLID,0.35275426506996155
ACODEE,AQOLOJ,0.30732160806655884
ACODEE,AQOMEA,0.35275426506996155
ACODEE,AQOMEA01,0.4099740982055664
ACODEE,BIXVEM,0.3516747057437897
ACODEE,BIXVIQ,0.3516747057437897
ACODEE,BIXVOW,0.3516747057437897
ACODEE,BUPDUM,0.27162665128707886
ACODEE,BUPFAU,0.27162665128707886
ACODEE,BUPFEY,0.27162665128707886
ACODIH,COGNAO,1.0
ACODIH,CESQUP,1.0
ACODIH,BELTUJ,0.9977757334709167
ACODIH,BELVEV,0.9974996447563171
ACODIH,BELVAR,0.9974996447563171
ACODIH,BELTOD,0.9974996447563171
ACODIH,DARCOQ,0.9731441140174866
ACODIH,DARCUW,0.9672327637672424
ACODIH,DARDAD,0.9670689702033997
ACODIH,CAVVOM,0.7260869741439819
ACODON,DARDUX,1.0
ACODON,DARDIL,0.9998192191123962
ACODON,DARFOT,0.999731719493866
ACODON,BIJTAS,0.9995911717414856
ACODON,DARFAF,0.9995911717414856
ACODON,DARFEJ,0.9995371103286743
ACODON,DARFIN,0.9994291663169861
ACODON,DARDOR,0.9992827773094177
ACODON,DARDAD,0.9991527795791626
ACODON,DARDEH,0.9990724921226501
ACODON,CUKJUO,0.7259061932563782
ACODON,DARCOQ,0.9967017769813538
ACODON,DARCUW,0.9987759590148926
ACOFEG,ACOFIK,0.9998192191123962
ACOFEG,DANFUW,0.967766523361206
ACOFEG,ACUREY,0.967766523361206
ACOFEG,CEZYOY,0.7065842151641846
ACOFEG,AQIQAU,0.7031951546669006
ACOFEG,DIRLIB,0.7007660865783691
ACOFEG,DIQHAO01,0.6926103830337524
ACOFEG,DIQHAO,0.6926103830337524
ACOFEG,BEPREV01,0.6908434629440308
ACOFEG,BEPROF,0.6908434629440308
ACOFEG,ATUXEU,0.5090909004211426
ACOFIK,DANFUW,0.9688132405281067
ACOFIK,ACUREY,0.9688132405281067
ACOFIK,CEZYOY,0.7077587246894836
ACOFIK,AQIQAU,0.7039353847503662
ACOFIK,DIRLIB,0.7005881071090698
ACOFIK,DIQHAO01,0.6933625340461731
ACOFIK,DIQHAO,0.6933625340461731
ACOFIK,BEPROF,0.6918901801109314
ACOFIK,BEPREV03,0.6918901801109314
ACOFIK,ATUXEU,0.5089101195335388
ACOGAB,ACOGEF,1.0
ACOGAB,AVAQIX,0.4599999785423279
ACOGAB,CESNUM,0.4599999785423279
ACOGAB,AVAQIX01,0.4599999785423279
ACOGAB,DIWFAT,0.45704999566078186
ACOGAB,CESYEF01,0.45685917139053345
ACOGAB,CESYEF,0.45685917139053345
ACOGAB,BUVNIR,0.456235408782959
ACOGAB,DARYIF,0.456235408782959
ACOGAB,CEYPUT01,0.45394736528396606
ACOGAB,AMOGEP,0.22463363409042358
ACOGEF,AVAQIX,0.4599999785423279
ACOGEF,CESNUM,0.4599999785423279
ACOGEF,AVAQIX01,0.4599999785423279
ACOGEF,DIWFAT,0.45704999566078186
ACOGEF,CESYEF01,0.45685917139053345
ACOGEF,CESYEF,0.45685917139053345
ACOGEF,BUVNIR,0.456235408782959
ACOGEF,DARYIF,0.456235408782959
ACOGEF,CEYPUT01,0.45394736528396606
ACOGEF,AMOGEP,0.22463363409042358
ACOLOV,CAZNEY,0.9939473867416382
ACOLOV,ADODII,0.9812385439872742
ACOLOV,ADODUU,0.9808584451675415
ACOLOV,ADODOO,0.9801182150840759
ACOLOV,AROFET,0.8961538076400757
ACOLOV,AROFAP,0.8961538076400757
ACOLOV,CUTKEI,0.892389178276062
ACOLOV,CUYWUP,0.8884344696998596
ACOLOV,DAKVIW,0.6225806474685669
ACOLOV,CEPYII,0.6188160181045532
ACOVEU,CEKYIC,0.9939473867416382
ACOVEU,BIRGAM,0.9939473867416382
ACOVEU,AHIJOQ,0.9788232445716858
ACOVEU,AHIJOQ01,0.9788232445716858
ACOVEU,BAKWIV,0.9705662131309509
ACOVEU,DEHBIC,0.9692261815071106
ACOVEU,COZGED,0.9683489799499512
ACOVEU,COZGED01,0.9683489799499512
ACOVEU,CUGQUR,0.9499646425247192
ACOVEU,CATART04,0.9463374614715576
ACOVEU,AFOYEB,0.7230768799781799
ACOVEU,AGOXAL,0.322137713432312
ACOVEU,CIMZII,0.44777578115463257
ACOVEU,CODFEH,0.4472895562648773
ACOVEU,DANWUL,0.39962929487228394
ACOVEU,DISROP,0.4477030038833618
ACRNCU,CIZTIP,0.23905205726623535
ACRNCU,CNPRCV,0.21250000596046448
ACRNCU,DEPWAX,0.21250000596046448
ACRNCU,DEPVUQ,0.21250000596046448
ACRNCU,AYONOT,0.1818181872367859
ACRNCU,CUFORM02,0.1818181872367859
ACRNCU,CUFORD01,0.1818181872367859
ACRNCU,CUFORD,0.1818181872367859
ACRNCU,CUFORM04,0.1818181872367859
ACRNCU01,CDCYAC,0.2999730110168457
ACRNCU01,AXOFOJ01,0.2638217806816101
ACRNCU01,AXOFOJ,0.2638217806816101
ACRNCU01,AHOKIR,0.25882354378700256
ACRNCU01,DACQOQ,0.2582014203071594
ACRNCU01,ASUQOU,0.25
ACRNCU01,BOBTIW,0.23500001430511475
ACRNCU01,BOBTOC,0.23500001430511475
ACRNCU01,BOGXIF,0.23500001430511475
ACUBOP,ACUBOP01,1.0
ACUBOP,CEJFUU,0.9970499873161316
ACUBOP,CURSEO,0.9955214262008667
ACUBOP,CEJGAB,0.9955214262008667
ACUBOP,CEJFOO,0.9939473867416382
ACUBOP,BIVXAG,0.9939473867416382
ACUBOP,DEGSIS,0.9922806620597839
ACUBOP,DEGSIS01,0.9922806620597839
ACUBOP,BUQWER,0.9922806620597839
ACUBOP,DOBGAD01,0.6699999570846558
ACUBOP,AKOBAF,0.4599999785423279
ACUBOP,ASALOV,0.48571428656578064
ACUBOP,ASUCAS,0.42796090245246887
ACUBOP,BINBIM,0.4692307710647583
ACUBOP,DAZZUC,0.6454545259475708
ACUBOP,DIKJUD,0.6022806763648987
ACUBOP,DOBGAD,0.6699999570846558
ACUBOP01,CEJFUU,0.9970499873161316
ACUBOP01,CURSEO,0.9955214262008667
ACUBOP01,CEJGAB,0.9955214262008667
ACUBOP01,CEJFOO,0.9939473867416382
ACUBOP01,BIVXAG,0.9939473867416382
ACUBOP01,DEGSIS,0.9922806620597839
ACUBOP01,DEGSIS01,0.9922806620597839
ACUBOP01,BUQWER,0.9922806620597839
ACUBOP01,DOBGAD01,0.6699999570846558
ACUBOP01,AKOBAF,0.4599999785423279
ACUBOP01,ASALOV,0.48571428656578064
ACUBOP01,ASUCAS,0.42796090245246887
ACUBOP01,AVOGID,0.36590906977653503
ACUBOP01,BINBIM,0.4692307710647583
ACUBOP01,DIKJUD,0.6022806763648987
ACUGAH,AQEGUZ,0.9514781832695007
ACUGAH,AMIWID,0.42471155524253845
ACUGAH,AMIWUP,0.42219462990760803
ACUGAH,AMIWOJ,0.4220850467681885
ACUGAH,AFOJIO,0.4220850467681885
ACUGAH,AMIXAW,0.4216462969779968
ACUGAH,AMIXEA,0.4206206202507019
ACUGAH,DEJJEK,0.41616782546043396
ACUGAH,BARKOV,0.40972664952278137
ACUGAH,BARJUA,0.40820014476776123
ACUREY,DANFUW,1.0
ACUREY,CEZYOY,0.7394230961799622
ACUREY,BEPREV01,0.7230769395828247
ACUREY,BEPROF,0.7230769395828247
ACUREY,BEPREV02,0.7230769395828247
ACUREY,BEPREV03,0.7230769395828247
ACUREY,BEPREV,0.7230769395828247
ACUREY,AQIQEY,0.7230263948440552
ACUWIH,ACUWON,0.9972895383834839
ACUWIH,CUQXAP,0.6632139682769775
ACUWIH,CUQXIX,0.662764310836792
ACUWIH,CIRTAB,0.5881986618041992
ACUWIH,ALIXID,0.5472895503044128
ACUWIH,BEXVIL,0.5470499992370605
ACUWIH,ALIXOJ,0.5455241203308105
ACUWIH,ALIXUP,0.5450717806816101
ACUWIH,CAVFIR,0.5279344320297241
ACUWIH,CAVFEN,0.5279344320297241
ACUWIH,AFENOQ,0.5022895336151123
ACUWIH,AFENOQ01,0.5022895336151123
ACUWIH,CAVFEN01,0.5279344320297241
ACUWIH,CAVGAK,0.5255065560340881
ACUWIH,CIDCAW,0.50204998254776
ACUWON,CUQXAP,0.6634900569915771
ACUWON,CUQXIX,0.6596616506576538
ACUWON,CIRTAB,0.5909090638160706
ACUWON,ALIXID,0.5499999523162842
ACUWON,ALIXOJ,0.5497506856918335
ACUWON,ALIXUP,0.5496275424957275
ACUWON,BEXVIL,0.5439473390579224
ACUWON,CAVGAK,0.5300623178482056
ACUWON,CAVFIR,0.5282105207443237
ACUWON,AFENOQ,0.5049999356269836
ACUWON,AFENOQ01,0.5049999356269836
ACUWON,CAVFEN,0.5282105207443237
ACUWON,CAVFEN01,0.5282105207443237
ACUWON,CIDCAW,0.4989473521709442
ACUXAY,DIYREK,0.44161728024482727
ACUXAY,CEQPOG,0.438040167093277
ACUXAY,BOYFUS,0.4120500087738037
ACUXAY,DIVRAD,0.4046066403388977
ACUXAY,ASELIV,0.4046066403388977
ACUXAY,DAWWIJ,0.3930232524871826
ACUXAY,DAWWUV,0.3900732696056366
ACUXAY,DAWWOP,0.38809505105018616
ACUXAY,AGAYIQ,0.3743821084499359
ACUXAY,BUTXOE,0.3563830852508545
ACUXAY,BOHXAZ,0.27782636880874634
ACUXUU,ACUYAB,1.0
ACUXUU,BUNLAZ,0.8427040576934814
ACUXUU,BUNKUS,0.8427040576934814
ACUXUU,AVOFUM,0.8199999928474426
ACUXUU,COMDOY,0.8190034627914429
ACUXUU,BUKLOJ,0.8171376585960388
ACUXUU,BUKLOJ01,0.8171376585960388
ACUXUU,CUZBUW,0.8171376585960388
ACUXUU,ALOVEC,0.8159286379814148
ACUXUU,ATOTIM,0.8159286379814148
ACUYAB,BUNLAZ,0.8427040576934814
ACUYAB,BUNKUS,0.8427040576934814
ACUYAB,AVOFUM,0.8199999928474426
ACUYAB,COMDOY,0.8190034627914429
ACUYAB,BUKLOJ,0.8171376585960388
ACUYAB,BUKLOJ01,0.8171376585960388
ACUYAB,CUZBUW,0.8171376585960388
ACUYAB,ALOVEC,0.8159286379814148
ACUYAB,ATOTIM,0.8159286379814148
ADAQAA,CEMBII,0.6192307472229004
ADAQAA,AFOTOF,0.6135950684547424
ADAQAA,AFOTUL,0.6133807897567749
ADAQAA,AFOVIB,0.6133251786231995
ADAQAA,CEJXEW,0.6132037043571472
ADAQAA,AFOVAT,0.6122968196868896
ADAQAA,AFOVOH,0.6118760704994202
ADAQAA,BIKMEQ,0.6100000143051147
ADAQAA,BIKMOA,0.6100000143051147
ADAQAA,BIKNER,0.6100000143051147
ADAQAA,BOXFAW,0.44227319955825806
ADAQAA,BOXFOK,0.44498318433761597
ADAQAA,BUFNEW,0.44227319955825806
ADAQAA,BUFNOG,0.44227319955825806
ADARAA,BIPSUQ,0.748464822769165
ADARAA,DAJVES,0.6651162505149841
ADARAA,DAJWET,0.6614315509796143
ADARAA,BEWCUD,0.6577757596969604
ADARAA,COKROL,0.6460211277008057
ADARAA,COKRUR,0.6331775784492493
ADARAA,CATDEH,0.4915257692337036
ADARAA,CATDIL,0.4915257692337036
ADARAA,CAYRIE,0.4915257692337036
ADARAA,CAYROK,0.4915257692337036
ADASAB,BOVHEB,0.8559554815292358
ADASAB,DEFTAL01,0.8308775424957275
ADASAB,DEFTAL,0.8308775424957275
ADASAB,ADASEF,0.7942857146263123
ADASAB,DACZUF,0.7939132452011108
ADASAB,ASEJOZ01,0.7275748252868652
ADASAB,ASEKAM,0.7275748252868652
ADASAB,ASEJIT,0.7275748252868652
ADASAB,ASEJOZ,0.7275748252868652
ADASAB,AQOROP,0.712369978427887
ADASAB,AQORUV,0.7080701589584351
ADASAB,CAXWOP,0.4190717935562134
ADASEF,DACZUF,0.9996275901794434
ADASEF,ASEJOZ01,0.8235306739807129
ADASEF,ASEJIT,0.8235306739807129
ADASEF,ASEKAM,0.8235306739807129
ADASEF,ASEJOZ,0.8235306739807129
ADASEF,BOVHEB,0.8056713938713074
ADASEF,DEFTAL01,0.7814457416534424
ADASEF,DEFTAL,0.7814457416534424
ADASEF,CISMIC,0.745781421661377
ADASEF,ADATIK,0.7146341800689697
ADASEF,AQOROP,0.673503577709198
ADASEF,AQORUV,0.6692037582397461
ADASEF,CISMAU,0.7427343726158142
ADASEF,CISMEY,0.7384345531463623
ADASEF,CISMEY01,0.7384345531463623
ADASEF,DEFSUE,0.7077356576919556
ADASIJ,ADASUV,0.9996275901794434
ADASIJ,ADASOP,0.9965804815292358
ADASIJ,BUCWAZ,0.9562806487083435
ADASIJ,AVIMOI,0.7565805315971375
ADASIJ,AVIMIC,0.7565805315971375
ADASIJ,AVIMUO,0.7550718188285828
ADASIJ,CAJQEL,0.7428571581840515
ADASIJ,BEPYIG,0.7300000190734863
ADASIJ,CARFOT,0.7300000190734863
ADASIJ,DEGMAG,0.7296276092529297
ADASIJ,ADATAC,0.6622948050498962
ADASIJ,BEXRUT,0.6999495029449463
ADASIJ,BEXSAA,0.695071816444397
ADASIJ,BEXSEE,0.6996276378631592
ADASIJ,BEXSII,0.7000000476837158
ADASIJ,CARFUZ,0.7265805006027222
ADASIJ,CIJBAB,0.6984215974807739
ADASIJ,CIJBEF,0.6971105933189392
ADASIJ,CIJBIJ,0.6982851028442383
ADASIJ,CILLAL,0.5378378629684448
ADASIJ,DEGMAG01,0.7296276092529297
ADASOP,ADASUV,0.9977757334709167
ADASOP,BUCWAZ,0.9602353572845459
ADASOP,AVIMIC,0.7600000500679016
ADASOP,AVIMOI,0.7600000500679016
ADASOP,AVIMUO,0.7574996948242188
ADASOP,CAJQEL,0.7394376397132874
ADASOP,CARFUZ,0.7300000190734863
ADASOP,BEDJOL,0.7282623052597046
ADASOP,DEGMAG01,0.7277757525444031
ADASOP,ADATAC,0.6657143235206604
ADASOP,APETAS,0.6548560261726379
ADASOP,AZIXUD,0.7000000476837158
ADASOP,BEPYIG,0.7265805006027222
ADASOP,BEXRUT,0.6965024471282959
ADASOP,BEXSAA,0.697499692440033
ADASOP,BEXSEE,0.6977757811546326
ADASOP,BEXSII,0.6965805292129517
ADASOP,CARFOT,0.7265805006027222
ADASOP,CIJBAB,0.6974572539329529
ADASOP,CIJBEF,0.695235013961792
ADASOP,CIJBIJ,0.6957221031188965
ADASOP,DEGMAG,0.7277757525444031
ADASUV,BUCWAZ,0.9579473733901978
ADASUV,AVIMOI,0.7577757835388184
ADASUV,AVIMIC,0.7577757835388184
ADASUV,AVIMUO,0.7572895884513855
ADASUV,CAJQEL,0.7424846887588501
ADASUV,BEDJOL,0.7327232360839844
ADASUV,DEGMAG,0.7299999594688416
ADASUV,DEGMAG01,0.7299999594688416
ADASUV,ADATAC,0.6634900569915771
ADASUV,BEPYIG,0.7296276092529297
ADASUV,BEXRUT,0.6997507214546204
ADASUV,BEXSAA,0.6972895860671997
ADASUV,BEXSEE,0.699999988079071
ADASUV,BEXSII,0.6996276378631592
ADASUV,CARFOT,0.7296276092529297
ADASUV,CARFUZ,0.7277757525444031
ADASUV,CIJBAB,0.7005553245544434
ADASUV,CIJBEF,0.6995334625244141
ADASUV,CIJBIJ,0.7002856135368347
ADATAC,DEGMAG01,0.6977757811546326
ADATAC,DEGMAG,0.6977757811546326
ADATAC,CIJBAB,0.6674572825431824
ADATAC,CIJBIJ,0.665722131729126
ADATAC,CIJBEF,0.6652350425720215
ADATAC,BUCWAZ,0.6462353467941284
ADATAC,DAPHOU,0.5909091234207153
ADATIK,DACZUF,0.7142617702484131
ADATIK,DEFTAL01,0.6996276378631592
ADATIK,DEFTAL,0.6996276378631592
ADATIK,BOVHEB,0.6815804839134216
ADATIK,ASEJOZ,0.6547806859016418
ADATIK,ASEJIT,0.6547806859016418
ADATIK,ASEKAM,0.6547806859016418
ADATIK,ASEJOZ01,0.6547806859016418
ADATIK,CISMIC,0.6474536657333374
ADATIK,BUXNOZ,0.5600000023841858
ADATIK,CEKHIL,0.6443644762039185
ADATOQ,ADATUW,1.0
ADATOQ,ADAVEI,1.0
ADATOQ,ADAVIM,0.7923077344894409
ADATOQ,ADAVAE,0.5199999809265137
ADATOQ,ARINUL,0.38418084383010864
ADATOQ,AVAJUE02,0.3823126554489136
ADATOQ,AVAKAL02,0.3823126554489136
ADATOQ,DADLOM,0.3813078999519348
ADATOQ,DADLEC,0.3813078999519348
ADATOQ,CAWVIH,0.37976914644241333
ADATUW,ADAVEI,1.0
ADATUW,ADAVIM,0.7923077344894409
ADATUW,ADAVAE,0.5199999809265137
ADATUW,ARINUL,0.38418084383010864
ADATUW,AVAJUE02,0.3823126554489136
ADATUW,AVAKAL02,0.3823126554489136
ADATUW,DADLOM,0.3813078999519348
ADATUW,DADLEC,0.3813078999519348
ADATUW,CAWVIH,0.37976914644241333
ADAVAE,ADAVEI,0.5199999809265137
ADAVAE,ADAVIM,0.4176470935344696
ADAVAE,CUSQOX,0.36442676186561584
ADAVAE,CETVAA,0.3444468080997467
ADAVAE,AWEYUX,0.33918526768684387
ADAVAE,AWEZEI,0.33918526768684387
ADAVAE,AVULAF,0.33918526768684387
ADAVAE,AWEZAE,0.33918526768684387
ADAVEI,ADAVIM,0.7923077344894409
ADAVEI,ARINUL,0.38418084383010864
ADAVEI,AVAKAL02,0.3823126554489136
ADAVEI,AVAJUE02,0.3823126554489136
ADAVEI,DADLOM,0.3813078999519348
ADAVEI,DADLEC,0.3813078999519348
ADAVEI,CENQAP,0.37976914644241333
ADAVIM,ARINUL,0.366946816444397
ADAVIM,CUCFOX,0.35910916328430176
ADAVIM,AFENEE,0.3347826302051544
ADAVIM,AVULEJ,0.3209420442581177
ADAVIM,AWEYUX,0.3209420442581177
ADAVIM,AVULAF,0.3209420442581177
ADEGEY,DADXUE,0.6318181753158569
ADEGEY,CIFDUS,0.6288681626319885
ADEGEY,CIFDOM,0.6288681626319885
ADEGEY,CAGSAG,0.6280535459518433
ADEGEY,AVOFUM,0.6179118156433105
ADEGEY,BADZAK,0.6172879934310913
ADEGEY,COMDOY,0.6171192526817322
ADEGEY,CAXSUR,0.6168012619018555
ADEGEY,CUZBUW,0.6150000095367432
ADEGIA,ATIKAP,1.0
ADEGIA,ADEGIA01,1.0
ADEGIA,ALUKAU,0.999916136264801
ADEGIA,ATIKET,0.999916136264801
ADEGIA,AMIXIE,0.9998304843902588
ADEGIA,CEJXOG,0.9998304843902588
ADEGIA,AVAQET,0.9996404051780701
ADEGIA,AMIXUQ,0.9995509386062622
ADEGIA,ALEQIT,0.9992827773094177
ADEGIA,BOJYIK01,0.9992827773094177
ADEGIA,AHEQAH,0.7351645827293396
ADEGIA,ALUJUN,0.9968496561050415
ADEGIA,ALUKOI,0.6996404528617859
ADEGIA,ALULAV,0.7000000476837158
ADEGIA,ATIJUI,0.9989266395568848
ADEGIA,ATIKIX,0.9968496561050415
ADEGIA,BOJYIK,0.9992827773094177
ADEGIA,CUHYUB,0.7000000476837158
ADEGIA,CUJCOB,0.6999161839485168
ADEGIA01,ATIKAP,1.0
ADEGIA01,ALUKAU,0.999916136264801
ADEGIA01,ATIKET,0.999916136264801
ADEGIA01,AMIXIE,0.9998304843902588
ADEGIA01,CEJXOG,0.9998304843902588
ADEGIA01,AVAQET,0.9996404051780701
ADEGIA01,AMIXUQ,0.9995509386062622
ADEGIA01,ALEQIT,0.9992827773094177
ADEGIA01,BOJYIK01,0.9992827773094177
ADEGIA01,AHEQAH,0.7351645827293396
ADEGIA01,ALUJUN,0.9968496561050415
ADEGIA01,ALUKOI,0.6996404528617859
ADEGIA01,ALULAV,0.7000000476837158
ADEGIA01,ATIJUI,0.9989266395568848
ADEGIA01,ATIKIX,0.9968496561050415
ADEGIA01,BOJYIK,0.9992827773094177
ADEGIA01,CAGXIU,0.6630600094795227
ADEGIA01,CUHYUB,0.7000000476837158
ADEGIA01,CUJCOB,0.6999161839485168
ADEZUH,BUQROV,1.0
ADEZUH,CUMJEB,0.5295687317848206
ADEZUH,ARAXEX,0.5026869773864746
ADEZUH,CAYDOX02,0.5000287890434265
ADEZUH,CAYDEN,0.5000287890434265
ADEZUH,CAYDIR,0.5000287890434265
ADEZUH,CAYDOX,0.5000287890434265
ADEZUH,CAYDOX01,0.5000287890434265
ADEZUH,CAYDOX03,0.5000287890434265
ADEZUH,CAYDOX06,0.5000287890434265
ADEZUH,AVOGEZ,0.4138824939727783
ADEZUH,BERROH,0.44161728024482727
ADEZUH,BERRUN,0.44035306572914124
ADEZUH,BERSOI,0.4337354004383087
ADEZUH,BOQLEZ,0.34008193016052246
ADEZUH,BOQLID,0.35118618607521057
ADEZUH,CAXWUV,0.4267679452896118
ADEZUH,CUMJAX,0.4305211305618286
ADINCU,CUSYUM,1.0
ADINCU,CUSZIB,1.0
ADINCU,CUXLEO,1.0
ADINCU,CUTMAH,1.0
ADINCU,CUTCYM02,1.0
ADINCU,CUTCYM01,1.0
ADINCU,DALCEZ,1.0
ADINCU,CUSZEX,1.0
ADINCU,CUSZAT,1.0
ADINCU,DABMUR,1.0
ADINCU,BALLOP,1.0
ADINCU,CEVKET,1.0
ADINCU,CEVPID,1.0
ADINCU,CEVPID01,1.0
ADINCU,COGLOA,1.0
ADINCU,CUSYIA,1.0
ADINCU,CUSYOG,1.0
ADINCU,CUYDIL,1.0
ADINUZ,CUQYEU,0.6557424068450928
ADINUZ,CEKWEW,0.654339075088501
ADINUZ,BEFKEF01,0.6512410044670105
ADINUZ,BEFKEF,0.6512410044670105
ADINUZ,COLPEA,0.6389763355255127
ADINUZ,CEQPIA,0.5782476663589478
ADINUZ,DAWFEO,0.5634124279022217
ADINUZ,BADNOM,0.5444403886795044
ADINUZ,AVOQOT,0.5312385559082031
ADINUZ,BELHOR,0.40905439853668213
ADINUZ,BIZLUT,0.42580196261405945
ADINUZ,BIZMAA,0.34205299615859985
ADINUZ,BIZMEE,0.313366174697876
ADINUZ,BIZMII,0.31310129165649414
ADINUZ,DAXDUE,0.43767401576042175
ADINUZ,DAXFIU,0.41387438774108887
ADIPUA,ADIQAH,1.0
ADIPUA,AVELOD,0.4374999701976776
ADIPUA,AVELUJ,0.43744945526123047
ADIPUA,AVEMAQ,0.43744945526123047
ADIPUA,DEZCER,0.43257176876068115
ADIPUA,ADIQEL,0.42962759733200073
ADIPUA,CUPHUS,0.4272727370262146
ADIPUA,ASUKEE,0.4272727370262146
ADIPUA,ASUKEE01,0.4272727370262146
ADIPUA,BOSHUN,0.42722222208976746
ADIPUA,ARINUL,0.4000000059604645
ADIQAH,AVELOD,0.4374999701976776
ADIQAH,AVELUJ,0.43744945526123047
ADIQAH,AVEMAQ,0.43744945526123047
ADIQAH,DEZCER,0.43257176876068115
ADIQAH,ADIQEL,0.42962759733200073
ADIQAH,CUPHUS,0.4272727370262146
ADIQAH,ASUKEE,0.4272727370262146
ADIQAH,ASUKEE01,0.4272727370262146
ADIQAH,BOSHUN,0.42722222208976746
ADIQAH,ARINUL,0.4000000059604645
ADIQEL,BOWDUO,0.5
ADIQEL,CEYPUT01,0.5
ADIQEL,AHETAK,0.5
ADIQEL,BOWDOI,0.5
ADIQEL,CEYPUT,0.5
ADIQEL,CIJBEE,0.5
ADIQEL,BOWDIC,0.5
ADIQEL,BIPXIK,0.5
ADIYAO,BISPAU,0.454403281211853
ADIYAO,CUYDEG,0.4432915449142456
ADIYAO,BACZIR,0.43190324306488037
ADIYAO,CEXJUN02,0.3881232738494873
ADIYAO,CEXJUN,0.3881232738494873
ADIYAO,CEXJUN01,0.3881232738494873
ADIYAO,CEXJUN03,0.3881232738494873
ADIYAO,CEQPIA,0.36713773012161255
ADIYAO,CEFHAZ,0.3521827459335327
ADIYAO,DAWFEO,0.3425922393798828
ADIYAO,AQOLOJ,0.3153195381164551
ADIYAO,DIMBOS,0.3337889015674591
ADODAA,BUKTEI,0.9965804815292358
ADODAA,BUKTIM,0.9965804815292358
ADODAA,BUKTOS,0.9965804815292358
ADODAA,BUKRUW,0.9965804815292358
ADODAA,BUKTAE,0.9965804815292358
ADODAA,AMAFOK,0.48076921701431274
ADODAA,ADONEP,0.48076921701431274
ADODAA,AMAFUQ,0.48076921701431274
ADODAA,AMAGAX,0.48076921701431274
ADODAA,ADUJER,0.3431926965713501
ADODAA,AFOYOK,0.43333330750465393
ADODAA,AQOMAW,0.4329608976840973
ADODAA,BIBXOB,0.4461033344268799
ADODAA,BIBXUH,0.4332827925682068
ADODAA,COJHIT,0.4329608976840973
ADODII,ADODOO,0.9987545013427734
ADODII,ADODUU,0.9985291957855225
ADODII,CAZNEY,0.970555305480957
ADODII,AROFET,0.8773923516273499
ADODII,AROFAP,0.8773923516273499
ADODII,CUYWUP,0.8645753860473633
ADODII,CUTKEI,0.8636110424995422
ADODII,DEYMOL,0.6153061985969543
ADODII,DAYCIQ,0.6124550104141235
ADODOO,ADODUU,0.9998192191123962
ADODOO,CAZNEY,0.9695334434509277
ADODOO,AROFET,0.8762720227241516
ADODOO,AROFAP,0.8762720227241516
ADODOO,CUYWUP,0.8632643818855286
ADODOO,CUTKEI,0.8613888025283813
ADODOO,DEYMOL,0.615224301815033
ADODOO,DAYCIQ,0.6151267290115356
ADODUU,CAZNEY,0.9702855944633484
ADODUU,AROFAP,0.8770122528076172
ADODUU,AROFET,0.8770122528076172
ADODUU,CUYWUP,0.8644388914108276
ADODUU,CUTKEI,0.8618758916854858
ADODUU,DEYMOL,0.6167422533035278
ADODUU,DAYCIQ,0.6136128902435303
ADOGEH,CAXTEC,0.8692594170570374
ADOGEH,DETRAX,0.6139132976531982
ADOGEH,AYUFIL,0.6112325191497803
ADOGEH,DIXCET,0.5796300172805786
ADOGEH,CUVHIL01,0.5643385052680969
ADOGEH,CUVHIL,0.5643385052680969
ADOGEH,CUVHEH,0.5643385052680969
ADOGEH,CUVHIL02,0.5643385052680969
ADOGEH,DAFYOB,0.5181902050971985
ADOGEH,DAFYAN,0.5181902050971985
ADOGEH,AXUBAW,0.4965805113315582
ADOGEH,CAVNOE,0.3585122525691986
ADOGEH,CIFHAC,0.49507179856300354
ADOGEH,CUYXOK,0.5
ADONEP,DITHEW,0.9978308081626892
ADONEP,DITHAS,0.9978308081626892
ADONEP,DITJEY,0.9978308081626892
ADONEP,DITHUM,0.9978308081626892
ADONEP,DITHEW01,0.9978308081626892
ADONEP,DITJOI,0.9978308081626892
ADONEP,DITJEY01,0.9978308081626892
ADONEP,DITHOG,0.9978308081626892
ADONEP,BUKMUQ01,0.9965804815292358
ADONEP,AMAFIE,0.6494235396385193
ADONEP,AMAFOK,0.6571428775787354
ADONEP,AMAFUQ,0.6571428775787354
ADONEP,AMAGAX,0.6571428775787354
ADONEP,ATEXII,0.3890804946422577
ADONEP,AVIPAX,0.9946607351303101
ADONEP,AVIPOL,0.9946607351303101
ADONEP,BARZOL,0.29694679379463196
ADONEP,BIYSUZ,0.9684215784072876
ADONEP,BIYTAG,0.9671784043312073
ADONEP,BIYTEK,0.7257145643234253
ADONEP,BIYTOU,0.9950717687606812
ADONEP,BIYVEM,0.9649368524551392
ADONEP,BIYVIQ,0.968285083770752
ADONEP,BUKMUQ,0.9965804815292358
ADONEP,CUSFAZ,0.32499998807907104
ADONEP,DAMYIC,0.43333330750465393
ADONEP,DAMYIC01,0.43333330750465393
ADONEP,DEYVUA,0.6108662486076355
ADOXUP,CUSBUO,0.7645733952522278
ADOXUP,AWEJAO,0.49424412846565247
ADOXUP,BUTQUC,0.4512729048728943
ADOXUP,BEYKEX,0.4060707688331604
ADOXUP,CEJSUG,0.40597888827323914
ADOXUP,AQAJIM,0.40478524565696716
ADOXUP,AVUFED,0.38920390605926514
ADOXUP,AVUFED01,0.38920390605926514
ADOXUP,AXITAD,0.3610362410545349
ADOXUP,CAYKEU,0.35066497325897217
ADOXUP,CITWOS,0.2569948434829712
ADOXUP,CITWUY,0.26985201239585876
ADOXUP,CITXAF,0.26592689752578735
ADUFOX,BAXSIE,0.9954933524131775
ADUFOX,BOHXED,0.9932109713554382
ADUFOX,BOVLII,0.9781790375709534
ADUFOX,CAYQAV,0.9606602787971497
ADUFOX,BUXNOZ,0.5450717806816101
ADUFOX,DIJCOP,0.5
ADUFOX,DIJCOP01,0.5
ADUFOX,BOFJIQ,0.49749964475631714
ADUFOX,DITSIK,0.497050017118454
ADUFOX,AGUMAR,0.49507179856300354
ADUJER,AQOMAW,0.6140364408493042
ADUJER,BIBXUH,0.5199999809265137
ADUJER,AFOYOK,0.5199494361877441
ADUJER,COJHIT,0.519750714302063
ADUJER,BALNAG,0.4214285910129547
ADUJER,BIBXOB,0.37272730469703674
ADUJER,AQOMEA01,0.341214120388031
ADUROI,DEXKEZ,0.7652416229248047
ADUROI,DIMDAG,0.6587353944778442
ADUROI,CEKHIL,0.6321507692337036
ADUROI,DEBBIY,0.621052622795105
ADUROI,DAZZUC,0.6172879934310913
ADUROI,CUFGIV,0.600097119808197
ADUROI,BUKMUQ01,0.5965517163276672
ADUROI,BUKMUQ,0.5965517163276672
ADUROI,BIYTOU,0.5940513610839844
ADUROI,ALEHUW,0.5909091234207153
ADUROI,ATEXII,0.4521739184856415
ADUROI,BABCUE,0.5359612107276917
ADUVAZ,DEMNOB,0.625
ADUVAZ,BAZBIQ,0.6232883334159851
ADUVAZ,ALOLIY,0.6224996447563171
ADUVAZ,AVESOL,0.6040000319480896
ADUVAZ,AGAFAS,0.6017757654190063
ADUVAZ,AVESUR,0.6002354025840759
ADUVAZ,CADPII,0.5695652365684509
ADUVAZ,AGIREP,0.5695652365684509
ADUVAZ,BEQKAM,0.5695652365684509
ADUWIH,ADUWON,0.9965023994445801
ADUWIH,CAJQEL,0.5874896049499512
ADUWIH,COXFOL,0.579918622970581
ADUWIH,DAFHEZ,0.579918622970581
ADUWIH,DAFHOJ,0.5796424746513367
ADUWIH,CIFJAE,0.5796424746513367
ADUWIH,BARZEA,0.5787233710289001
ADUWIH,DAFHID,0.5786452293395996
ADUWIH,CELZUQ,0.5748766660690308
ADUWIH,DITKAT01,0.5619092583656311
ADUWON,CAJQEL,0.5908585786819458
ADUWON,DAFHID,0.5821428298950195
ADUWON,BARZEA,0.58209228515625
ADUWON,DAFHEZ,0.5818935632705688
ADUWON,COXFOL,0.5818935632705688
ADUWON,CELZUQ,0.5796105861663818
ADUWON,CIFJAE,0.5776669383049011
ADUWON,DAFHOJ,0.5776669383049011
ADUWON,DITKAT,0.559978723526001
AFADAN,DITPUT,0.5676292181015015
AFADAN,DITPON,0.5669085383415222
AFADAN,CABSIK,0.549629271030426
AFADAN,DILJOA,0.5005948543548584
AFADAN,BEZKOI,0.45006686449050903
AFADAN,DAWWIJ,0.40680330991744995
AFADAN,DAWWOP,0.4064444601535797
AFADAN,DAWWUV,0.40341615676879883
AFADAN,BUVQIT,0.3689085841178894
AFADAN,CUBKUF,0.3440042734146118
AFADAN,BUXHOS,0.18036791682243347
AFAFAR,ASUBIB,0.9996340870857239
AFAFAR,AZAYAD,0.9594981670379639
AFAFAR,CAVWOO,0.7000000476837158
AFAFAR,AVIHIY,0.6999804377555847
AFAFAR,DIGPER,0.6999161839485168
AFAFAR,AVIHOE,0.6995853185653687
AFAFAR,AFUPEX,0.6995853185653687
AFAFAR,BEVSUR,0.6965119242668152
AFAFAR,COSWEO,0.694500207901001
AFAFAR,CUFFOZ,0.6941704750061035
AFAFAR,ALEJEI,0.6291798949241638
AFAFAR,ALEJIM,0.628896951675415
AFAFAR,AVETUS02,0.5485397577285767
AFAFAR,AVEVAA02,0.5485397577285767
AFAFAR,AVEVEE02,0.5642203092575073
AFAFAR,AVEVII02,0.5514180064201355
AFAFAR,BETDIP,0.5495911836624146
AFAFAR,BETFEN,0.5488340854644775
AFAFAR,CAJQIP,0.4929956793785095
AFAFAR,COTVUE,0.10000001639127731
AFAFAR,CUWXID,0.5496340990066528
AFAFAR,CUWZIF,0.5496340990066528
AFENEE,ARINUL,0.508375346660614
AFENEE,CUCFOX,0.49440330266952515
AFENEE,CESYEF,0.4535714387893677
AFENEE,CESYEF01,0.4535714387893677
AFENEE,BOWDOI,0.45070910453796387
AFENEE,BOWDUO,0.45070910453796387
AFENEE,AHETAK,0.45070910453796387
AFENEE,BOWDIC,0.45070910453796387
AFENEE,CIJBEE,0.45070910453796387
AFENOQ,AFENOQ01,0.9999999403953552
AFENOQ,CIDCAW,0.5225188136100769
AFENOQ,ALIXID,0.49705880880355835
AFENOQ,ALIXOJ,0.4968095123767853
AFENOQ,ALIXUP,0.4966863989830017
AFENOQ,BEXVIL,0.49100619554519653
AFENOQ,ASUXAP,0.4888167679309845
AFENOQ,CUQXAP,0.4745199680328369
AFENOQ,BELXUN,0.4003303349018097
AFENOQ01,CIDCAW,0.5225188136100769
AFENOQ01,ALIXID,0.49705880880355835
AFENOQ01,ALIXOJ,0.4968095123767853
AFENOQ01,ALIXUP,0.4966863989830017
AFENOQ01,BEXVIL,0.49100619554519653
AFENOQ01,ASUXAP,0.4888167679309845
AFENOQ01,CUQXAP,0.4745199680328369
AFENOQ01,AVUDAX,0.28799968957901
AFENOQ01,BELXUN,0.4003303349018097
AFIPUB,BAQXOG01,0.9970499873161316
AFIPUB,BAQXOG,0.9970499873161316
AFIPUB,BAQMOW,0.9970499873161316
AFIPUB,BAQXOG02,0.9970499873161316
AFIPUB,BAQXOG03,0.9970499873161316
AFIPUB,BAQMUC,0.9962353706359863
AFIPUB,AGESIP,0.9922806620597839
AFIPUB,COZSIU,0.9856033325195312
AFIPUB,DECVIT,0.9837952852249146
AFIPUB,BITLUL,0.9837952852249146
AFIPUB,AGEGOL,0.951238214969635
AFIXAO,AFIXES,0.9999999403953552
AFIXAO,CUIMDZ03,0.9996275901794434
AFIXAO,CUIMDZ01,0.9996275901794434
AFIXAO,BAYQAU11,0.9939473867416382
AFIXAO,BAYQAU01,0.9939473867416382
AFIXAO,BAYQAU,0.9939473867416382
AFIXAO,BAYPUN,0.9881815314292908
AFIXAO,AGOGOU,0.36433517932891846
AFIXAO,DEGPEL,0.36433348059654236
AFIXAO,ALICII,0.36433348059654236
AFIXAO,CAYBAH,0.3139132857322693
AFIXAO,CAYBAH01,0.3139132857322693
AFIXAO,DIBXIW,0.3139132857322693
AFIXES,CUIMDZ03,0.9996275901794434
AFIXES,CUIMDZ01,0.9996275901794434
AFIXES,BAYQAU11,0.9939473867416382
AFIXES,BAYQAU01,0.9939473867416382
AFIXES,BAYQAU,0.9939473867416382
AFIXES,BAYPUN,0.9881815314292908
AFIXES,AGOGOU,0.36433517932891846
AFIXES,DEGPEL,0.36433348059654236
AFIXES,ALICII,0.36433348059654236
AFIXES,CAYBAH,0.3139132857322693
AFIXES,CAYBAH01,0.3139132857322693
AFIXES,DIBXIW,0.3139132857322693
AFOJIO,AMIWOJ,1.0
AFOJIO,AMIXAW,0.999916136264801
AFOJIO,AMIXEA,0.9998704195022583
AFOJIO,AMIWID,0.9994805455207825
AFOJIO,AMIWUP,0.9992827773094177
AFOJIO,CASTEW,0.9934752583503723
AFOJIO,CAQCAZ,0.9934752583503723
AFOJIO,CEMJOV,0.9934752583503723
AFOJIO,DEJJEK,0.9856320023536682
AFOJIO,DAHMIJ,0.9821406006813049
AFOJIO,AFOXAX,0.5243816375732422
AFOJIO,AVAQAP01,0.6589937210083008
AFOJIO,AWIBAL,0.6287938356399536
AFOJIO,AWIBEP,0.6287938356399536
AFOJIO,AZADUC,0.5858098864555359
AFOJIO,AZAFEO,0.5858098864555359
AFOJIO,AZAFIS,0.5858098864555359
AFOJIO,BAFQUW,0.4796958565711975
AFOJIO,BAFRAD,0.4804096519947052
AFOJIO,BAFREH,0.48076921701431274
AFOJIO,BETXIK,0.6586332321166992
AFOJIO,BIDFEB,0.6392828226089478
AFOJIO,CAPLOX,0.6259055137634277
AFOJIO,CUWWOI,0.6288923621177673
AFOJIO,DEDTEN,0.5683232545852661
AFORCD,CAHMON03,1.0
AFORCD,CAHMON01,1.0
AFORCD,CAHMON02,1.0
AFORCD,CAHMON,1.0
AFORCD,ATICAH,0.9970499873161316
AFORCD,DADTOS03,0.9970499873161316
AFORCD,ATIBOU01,0.9970499873161316
AFORCD,DADTOS04,0.9970499873161316
AFORCD,ATIBUA,0.9970499873161316
AFORCD,ATIBOU,0.9970499873161316
AFORCD,BAFORM,0.9623563885688782
AFORCD,BIFORM,0.9954773783683777
AFORCD,BIYLAW01,0.9921848177909851
AFOTOF,CEJXEW,0.9998192191123962
AFOTOF,AFOTUL,0.9996544122695923
AFOTOF,AFOVIB,0.9994805455207825
AFOTOF,AFOVAT,0.9987545013427734
AFOTOF,AFOVOH,0.9985299110412598
AFOTOF,CEMBII,0.994364321231842
AFOTOF,AFOVEX,0.9829657673835754
AFOTOF,DERBIO,0.9695334434509277
AFOTOF,DAKZUN,0.8498191833496094
AFOTOF,AYOZOF,0.8498191833496094
AFOTOF,AZAVUU,0.7671105861663818
AFOTOF,BIKNOB,0.7080007195472717
AFOTOF,BIKNUH,0.7080007195472717
AFOTOF,BIPKIW,0.6807469725608826
AFOTOF,BUNKUS,0.8443642854690552
AFOTOF,BUNLAZ,0.8443642854690552
AFOTOF,CAYKOF,0.5467848777770996
AFOTOF,CEFNIN,0.817110538482666
AFOTOF,DEKYOK,0.6476452946662903
AFOTOF,DITJIB,0.7706865668296814
AFOTOF,DITJOH,0.7693642973899841
AFOTUL,AFOVIB,0.9996404051780701
AFOTUL,CEJXEW,0.9990724921226501
AFOTUL,AFOVAT,0.9983987212181091
AFOTUL,AFOVOH,0.9970894455909729
AFOTUL,CEMBII,0.9941500425338745
AFOTUL,AFOVEX,0.9782870411872864
AFOTUL,DERBIO,0.9680224657058716
AFOTUL,AYOZIZ,0.8496403694152832
AFOTUL,ATEYOP,0.8496403694152832
AFOTUL,AZAVUU,0.7649368643760681
AFOTUL,BIKNOB,0.7077864408493042
AFOTUL,BIKNUH,0.7077864408493042
AFOTUL,BIPKIW,0.6785732507705688
AFOTUL,BUNKUS,0.8441500067710876
AFOTUL,BUNLAZ,0.8441500067710876
AFOTUL,CAYKOF,0.5465790033340454
AFOTUL,CEFNIN,0.8149368166923523
AFOTUL,DEKYOK,0.6468985676765442
AFOTUL,DITJIB,0.770338773727417
AFOTUL,DITJOH,0.7691500186920166
AFOVAT,AFOVOH,0.9987369775772095
AFOVAT,CEJXEW,0.9985291957855225
AFOVAT,AFOVIB,0.997765302658081
AFOVAT,CEMBII,0.9930660724639893
AFOVAT,AFOVEX,0.9826657772064209
AFOVAT,DERBIO,0.970555305480957
AFOVAT,DAKZUN,0.8485291600227356
AFOVAT,AYOZOF,0.8485291600227356
AFOVAT,AZAVUU,0.7684215903282166
AFOVAT,BIKNOB,0.706702470779419
AFOVAT,BIKNUH,0.706702470779419
AFOVAT,BIPKIW,0.6820579767227173
AFOVAT,BUNKUS,0.8430659770965576
AFOVAT,BUNLAZ,0.8430659770965576
AFOVAT,CAYKOF,0.5479052066802979
AFOVAT,CEFNIN,0.8184215426445007
AFOVAT,DEKYOK,0.6463552713394165
AFOVAT,DITJIB,0.7701351046562195
AFOVAT,DITJOH,0.7680660486221313
AFOVEX,AFOVOH,0.9901461601257324
AFOVEX,CEJXEW,0.9847605228424072
AFOVEX,CEMBII,0.9781320691108704
AFOVEX,AFOVIB,0.9779111742973328
AFOVEX,DERBIO,0.9650025963783264
AFOVEX,AYOZOF,0.8347604870796204
AFOVEX,DAKZUN,0.8347604870796204
AFOVEX,AZAVUU,0.7671784162521362
AFOVEX,BIPKIW,0.680814802646637
AFOVEX,CEFNIN,0.8171783685684204
AFOVIB,CEJXEW,0.9992827773094177
AFOVIB,AFOVOH,0.9964936971664429
AFOVIB,CEMBII,0.9940944314002991
AFOVIB,DERBIO,0.9692261815071106
AFOVIB,AYOZIZ,0.8499999046325684
AFOVIB,ATEYOP,0.8499999046325684
AFOVIB,AZAVUU,0.7663447856903076
AFOVIB,BIKNOB,0.7077308297157288
AFOVIB,BIKNUH,0.7077308297157288
AFOVIB,BIPKIW,0.6799811720848083
AFOVIB,BUNKUS,0.8440943956375122
AFOVIB,BUNLAZ,0.8440943956375122
AFOVIB,CAYKOF,0.5488072633743286
AFOVIB,CEFNIN,0.8163447380065918
AFOVIB,DEKYOK,0.6471088528633118
AFOVIB,DITJIB,0.7720036506652832
AFOVIB,DITJOH,0.7690944075584412
AFOVOH,CEJXEW,0.9987543821334839
AFOVOH,CEMBII,0.9926453232765198
AFOVOH,DERBIO,0.9705662131309509
AFOVOH,AYOZOF,0.848754346370697
AFOVOH,DAKZUN,0.848754346370697
AFOVOH,AZAVUU,0.7693384885787964
AFOVOH,BIKNOB,0.7062817215919495
AFOVOH,BIKNUH,0.7062817215919495
AFOVOH,BIPKIW,0.6829748749732971
AFOVOH,BUKPAZ,0.5372328758239746
AFOVOH,BUNKUS,0.8426452875137329
AFOVOH,BUNLAZ,0.8426452875137329
AFOVOH,CEFNIN,0.8193384408950806
AFOVOH,DEKYOK,0.6465804576873779
AFOVOH,DITJIB,0.7681441307067871
AFOVOH,DITJOH,0.7676452994346619
AFOWOK,BIDPAH,0.5299288630485535
AFOWOK,AJAKON,0.4937499761581421
AFOWOK,AVOFUM,0.4825734794139862
AFOWOK,BADZAK,0.48194971680641174
AFOWOK,COMDOY,0.4817809462547302
AFOWOK,CUZBUW,0.4796616733074188
AFOWOK,BUKLOJ,0.4796616733074188
AFOWOK,BUKLOJ01,0.4796616733074188
AFOWOK,BIFSOB,0.47754526138305664
AFOWOK,BAEDTA01,0.46580466628074646
AFOWOK,DINFOX,0.42656639218330383
AFOXAX,AGEHAY,0.5444459915161133
AFOXAX,AMIWID,0.5280487537384033
AFOXAX,DEJJEK,0.528017520904541
AFOXAX,AMIWUP,0.5248807668685913
AFOXAX,AMIWOJ,0.5243816375732422
AFOXAX,AMIXAW,0.5237297415733337
AFOXAX,AMIXEA,0.5223951935768127
AFOXAX,AHIYUN,0.5104455351829529
AFOXAX,AHIYOH,0.5104455351829529
AFOYAW,AFOYIE,1.0
AFOYAW,AQAJEI,0.6444065570831299
AFOYAW,CETNUL,0.5013716220855713
AFOYAW,DECJON,0.4803968071937561
AFOYAW,BOWZUK,0.41800907254219055
AFOYAW,AGUVOO,0.4176470637321472
AFOYAW,AGUVEE,0.4176470637321472
AFOYAW,CICSOW01,0.4161967933177948
AFOYAW,CICSOW,0.4161967933177948
AFOYAW,CICSOW02,0.4161967933177948
AFOYEB,BIRGAM,0.7170243263244629
AFOYEB,CEKYIC,0.7170243263244629
AFOYEB,AHIJOQ,0.7019001841545105
AFOYEB,AHIJOQ01,0.7019001841545105
AFOYEB,BAKWIV,0.6936431527137756
AFOYEB,DEHBIC,0.6923031210899353
AFOYEB,COZGED01,0.6914259195327759
AFOYEB,COZGED,0.6914259195327759
AFOYEB,CUGQUR,0.673041582107544
AFOYEB,AGOXAL,0.37406080961227417
AFOYIE,AQAJEI,0.6444065570831299
AFOYIE,CETNUL,0.5013716220855713
AFOYIE,DECJON,0.4803968071937561
AFOYIE,BOWZUK,0.41800907254219055
AFOYIE,AGUVOO,0.4176470637321472
AFOYIE,AGUVEE,0.4176470637321472
AFOYIE,CICSOW01,0.4161967933177948
AFOYIE,CICSOW,0.4161967933177948
AFOYIE,CICSOW02,0.4161967933177948
AFOYOK,BIBXUH,0.9999494552612305
AFOYOK,COJHIT,0.9996275901794434
AFOYOK,AQOMAW,0.7296276092529297
AFOYOK,BALNAG,0.6099494695663452
AFOYOK,BIBXOB,0.4912537932395935
AFOYOK,BUKTAE,0.42991381883621216
AFOYOK,BUPDUM,0.25517240166664124
AFOYOK,BUPFAU,0.25517240166664124
AFOYOK,BUPFEY,0.25517240166664124
AFUDIR,AFUDOX,0.9999803900718689
AFUDIR,AFUDUD,0.999916136264801
AFUDIR,APAYIB,0.9996340870857239
AFUDIR,DIVSUY,0.9996340870857239
AFUDIR,APAZAU,0.9996340870857239
AFUDIR,APAYOH,0.9995911717414856
AFUDIR,APAZEY,0.9995911717414856
AFUDIR,AFUFEP,0.9995414018630981
AFUDIR,AFUFAL,0.9988340735435486
AFUDIR,APAZOI,0.9983029365539551
AFUDIR,APAYUN,0.9983029365539551
AFUDIR,APAZIC,0.9983029365539551
AFUDIR,ATURIS,0.727503776550293
AFUDIR,BEDQUZ,0.6046581268310547
AFUDIR,BEDREK,0.6007327437400818
AFUDIR,BIDPAH,0.5160454511642456
AFUDIR,BIRBUC,0.6275862455368042
AFUDIR,BIRCAJ,0.6275023818016052
AFUDIR,CAJVUG,0.6041704416275024
AFUDIR,COTVUE,0.10000001639127731
AFUDIR,DALSUH,0.550000011920929
AFUDIR,DITTEH,0.9663969278335571
AFUDOX,AFUDUD,0.9998704195022583
AFUDOX,APAZEY,0.9995371103286743
AFUDOX,APAYOH,0.9995371103286743
AFUDOX,APAYIB,0.9994840025901794
AFUDOX,DIVSUY,0.9994840025901794
AFUDOX,APAZAU,0.9994840025901794
AFUDOX,AFUFEP,0.9993398785591125
AFUDOX,AFUFAL,0.9985513091087341
AFUDOX,APAZOI,0.9981487989425659
AFUDOX,APAYUN,0.9981487989425659
AFUDOX,APAZIC,0.9981487989425659
AFUDOX,ATURIS,0.7280024886131287
AFUDOX,BEDQUZ,0.6050611734390259
AFUDOX,BEDREK,0.6007258892059326
AFUDOX,BIDPAH,0.5165441632270813
AFUDOX,BIRBUC,0.6275666356086731
AFUDOX,BIRCAJ,0.6274566650390625
AFUDOX,CAJVUG,0.6046691536903381
AFUDOX,CEXBAL,0.5575595498085022
AFUDOX,DALSUH,0.5499804019927979
AFUDOX,DITTEH,0.9666504263877869
AFUDUD,AFUFEP,0.9996404051780701
AFUDUD,APAYIB,0.9994805455207825
AFUDUD,APAZAU,0.9994805455207825
AFUDUD,DIVSUY,0.9994805455207825
AFUDUD,APAYOH,0.9992827773094177
AFUDUD,APAZEY,0.9992827773094177
AFUDUD,AFUFAL,0.9989266395568848
AFUDUD,APAZIC,0.997765302658081
AFUDUD,BEDQUZ,0.6047212481498718
AFUDUD,BEDREK,0.601250946521759
AFUDUD,BIRBUC,0.6275023818016052
AFUDUD,BIRCAJ,0.6275862455368042
AFUDUD,CAJVUG,0.6034752726554871
AFUDUD,CEXBAL,0.5574802160263062
AFUDUD,DALSUH,0.54991614818573
AFUDUD,DITTEH,0.9665710926055908
AFUFAL,APAYIB,0.999613344669342
AFUFAL,APAZAU,0.999613344669342
AFUFAL,DIVSUY,0.999613344669342
AFUFAL,AFUFEP,0.9994630217552185
AFUFAL,APAZEY,0.9991112351417542
AFUFAL,APAYOH,0.9991112351417542
AFUFAL,APAYUN,0.9975399971008301
AFUFEP,APAYIB,0.9996544122695923
AFUFEP,APAZAU,0.9996544122695923
AFUFEP,DIVSUY,0.9996544122695923
AFUFEP,APAZEY,0.9990724921226501
AFUFEP,APAYOH,0.9990724921226501
AFUFEP,APAYUN,0.9983987212181091
AFUFEP,APAZIC,0.9983987212181091
AFUFEP,APAZOI,0.9983987212181091
AFUFEP,BIRCAJ,0.6272266507148743
AFUFEP,COTVOY,0.09999998658895493
AFUPEX,AVIHOE,1.0
AFUPEX,AVIHIY,0.9996700286865234
AFUPEX,CAVWOO,0.9995852708816528
AFUPEX,DIGPER,0.9992631673812866
AFUPEX,CUFDOX,0.9957316517829895
AFUPEX,CUFDUD,0.9957316517829895
AFUPEX,CUFFEP,0.9957316517829895
AFUPEX,CUFFUF,0.9957316517829895
AFUPEX,CUFFIT,0.9957316517829895
AFUPEX,CUFFOZ,0.9957316517829895
AFUPEX,AQAJIM,0.6608920693397522
AFUPEX,ASUBIB,0.6992611289024353
AFUPEX,AWOFOI,0.9833859205245972
AFUPEX,BEQJOZ,0.5692352652549744
AFUPEX,BEVSUR,0.9953123331069946
AFUPEX,BEYKEX,0.6644884943962097
AFUPEX,BIQVII,0.4641551673412323
AFUPEX,BOHWUS,0.9932013154029846
AFUPEX,CEDFIC,0.613548994064331
AFUPEX,CEDFOI,0.613548994064331
AFUPEX,CEDFUO,0.613548994064331
AFUPEX,COSWEO,0.9924710392951965
AGADUK,CAVSOJ,0.9664000272750854
AGADUK,CAVTAW,0.9664000272750854
AGADUK,CAVSUP,0.5939862728118896
AGADUK,AHOKOX,0.43597763776779175
AGADUK,CISMAT01,0.39632949233055115
AGADUK,CISMAT,0.39632949233055115
AGADUK,AHOKIR01,0.39506858587265015
AGADUK,CAZLOF,0.3912734389305115
AGADUK,CAZLIZ,0.3912734389305115
AGADUK,CAZLEV,0.3912734389305115
AGAFAS,AVESOL,0.9977757334709167
AGAFAS,AVESUR,0.9939473867416382
AGAFAS,BAZBIQ,0.943379282951355
AGAFAS,DEMNOB,0.9415257573127747
AGAFAS,ALOLIY,0.9410395622253418
AGAFAS,CEKHUY,0.7853418588638306
AGAFAS,ANUGOG,0.7853418588638306
AGAFAS,ANUGIA,0.7853418588638306
AGAFAS,ANUGUM,0.7834900617599487
AGAFAS,CIFMIP,0.7749999165534973
AGAFAS,APACAX,0.6456018090248108
AGAFAS,ATAYEB,0.5060791969299316
AGAFAS,AVEQID,0.6602757573127747
AGAFAS,AVETAY,0.6456018090248108
AGAFAS,AVETEC,0.5439473390579224
AGAFAS,AWENAT02,0.5662941932678223
AGAFAS,BEQJUF,0.574285626411438
AGAFAS,CEQPOG,0.504227340221405
AGAFAS,CIJLIT,0.6737757325172424
AGAFAS,CIRTUU,0.5351114273071289
AGAYIQ,AZAFIS,0.9424089789390564
AGAYIQ,AZADUC,0.9424089789390564
AGAYIQ,AZAFEO,0.9424089789390564
AGAYIQ,AGAYOW,0.625
AGAYIQ,AQEQES,0.5996276140213013
AGAYIQ,AHEFAU01,0.5985497236251831
AGAYIQ,AHEFAU,0.5985497236251831
AGAYIQ,BUSQIQ,0.5978308320045471
AGAYIQ,AVOGAT,0.5969467759132385
AGAYIQ,AVOGAT01,0.5969467759132385
AGAYOW,AZADUC,0.5674089789390564
AGAYOW,AZAFIS,0.5674089789390564
AGAYOW,AZAFEO,0.5674089789390564
AGAYOW,CAQJOW,0.5651447772979736
AGAYOW,CAQKAJ01,0.5651447772979736
AGAYOW,CAQKAJ,0.5651447772979736
AGAYOW,BERQIA,0.557797908782959
AGAYOW,CAXSUR,0.5478308200836182
AGAYOW,CAGSAG,0.5465804934501648
AGAYOW,BEPNOC,0.5174185633659363
AGAYOW,BEPNUI,0.5224090218544006
AGDCNM,BITCUE,1.0
AGDCNM,DACHAR,1.0
AGDCNM,AKECOK,1.0
AGDCNM,DEHRIR,1.0
AGDCNM,BASHOT,0.9971465468406677
AGDCNM,BEXQIF,0.9971465468406677
AGDCNM,AXIGAR,0.9971376657485962
AGDCNM,BEXQOL,0.9971376657485962
AGDCNM,BEXREC,0.9971376657485962
AGDCNM,BASHEJ,0.9971376657485962
AGDCNM,CDCACD,0.9968591928482056
AGDCNM,CDCACD01,0.9968591928482056
AGDCNM,DABMEB,0.9968591928482056
AGDCNM,DALVAQ,0.9968591928482056
AGEDIC,BOHXIH,0.9915627241134644
AGEDIC,BOHKAM,0.9915627241134644
AGEDIC,BOHJUF,0.9915627241134644
AGEDIC,BOHJOZ,0.9915627241134644
AGEDIC,DAQRET,0.9840624928474426
AGEDIC,DAQRET01,0.9840624928474426
AGEDIC,DEHBEY,0.9838084578514099
AGEDIC,AZOCAU,0.9816316366195679
AGEDIC,CABQEB,0.5026280283927917
AGEDIC,CIQYUX,0.5026280283927917
AGEDIC,AYOQEM,0.49375614523887634
AGEDIC,BONWAD,0.3279423117637634
AGEDIC,BUVQIT,0.39248740673065186
AGEDIC,DAYMAS,0.5001910924911499
AGEGOL,COZSIU,0.9810920357704163
AGEGOL,DECVIT,0.9686790704727173
AGEGOL,BITLUL,0.9686790704727173
AGEGOL,BAQXOG01,0.9573289155960083
AGEGOL,BAQMOW,0.9573289155960083
AGEGOL,BAQXOG02,0.9573289155960083
AGEGOL,BAQXOG03,0.9573289155960083
AGEGOL,BAQXOG,0.9573289155960083
AGEGOL,AGESIP,0.9424089789390564
AGEGOL,ALATAK,0.3700000047683716
AGEGUR,AGEHAY,0.6142857074737549
AGEGUR,AHIYUN,0.584571361541748
AGEGUR,AHIYOH,0.584571361541748
AGEGUR,CIFGOP,0.5800078511238098
AGEGUR,AVAQAP01,0.5487543940544128
AGEGUR,DEDTEN,0.5442622900009155
AGEGUR,DACJUO,0.5112535953521729
AGEGUR,AYUFIL,0.5062115788459778
AGEGUR,ASACAZ,0.5060825943946838
AGEGUR,DIXCET,0.5012054443359375
AGEGUR,BAVDEH,0.3203352987766266
AGEGUR,BIFDUQ,0.25982552766799927
AGEGUR,BOYYOF,0.45327228307724
AGEGUR,CEMMUD,0.29868215322494507
AGEGUR,CITXEJ,0.2846946716308594
AGEHAY,AHIYOH,0.9702855944633484
AGEHAY,AHIYUN,0.9702855944633484
AGEHAY,CIFGOP,0.9657220840454102
AGEHAY,AVAQAP01,0.6671754121780396
AGEHAY,AMIWUP,0.5736842155456543
AGEHAY,AMIWID,0.5735034346580505
AGEHAY,AMIXAW,0.5732754468917847
AGEHAY,AMIXEA,0.5732213854789734
AGEHAY,AMIWOJ,0.572966992855072
AGEHAY,AZUCED,0.565011203289032
AGEHAY,BAVDEH,0.3096633553504944
AGEHAY,BIFDUQ,0.2542836666107178
AGEHAY,CITXEJ,0.2775518000125885
AGEHAY,DESVIJ,0.4935692250728607
AGEHAY,DESVOP,0.4937499761581421
AGEHAY,DIXBOC,0.5441778302192688
AGESIP,BAQMUC,0.9965804815292358
AGESIP,BAQXOG03,0.9950717687606812
AGESIP,BAQXOG01,0.9950717687606812
AGESIP,BAQXOG,0.9950717687606812
AGESIP,BAQMOW,0.9950717687606812
AGESIP,BAQXOG02,0.9950717687606812
AGESIP,COZSIU,0.9857849478721619
AGESIP,DECVIT,0.9672197103500366
AGESIP,BITLUL,0.9672197103500366
AGEWOB,DADTOS05,0.2800000011920929
AGEWOB,DADTOS06,0.2800000011920929
AGEWOB,DADTOS09,0.2800000011920929
AGEWOB,DADTOS08,0.2800000011920929
AGEWOB,DADTOS,0.2800000011920929
AGEWOB,DADTOS01,0.2800000011920929
AGEWOB,DADTOS02,0.2800000011920929
AGEWOB,DADTOS03,0.2800000011920929
AGEWOB,DADTOS04,0.2800000011920929
AGEWOB,DADTOS11,0.2800000011920929
AGEWUH,DADTOS03,1.0
AGEWUH,ATIBOU,1.0
AGEWUH,DADTOS07,1.0
AGEWUH,DADTOS06,1.0
AGEWUH,DADTOS05,1.0
AGEWUH,DADTOS04,1.0
AGEWUH,DADTOS09,1.0
AGEWUH,DADTOS,1.0
AGEWUH,DADTOS01,1.0
AGEWUH,ATIBOU01,1.0
AGIMOU,CEWQED,0.9974996447563171
AGIMOU,CEWQAZ,0.9974996447563171
AGIMOU,CUKXAI,0.9970499873161316
AGIMOU,COWLIK,0.9970499873161316
AGIMOU,AQIROJ,0.4832139313220978
AGIMOU,CESPIC,0.47094202041625977
AGIMOU,CESPEY,0.47094202041625977
AGIMOU,DENQEV,0.4700717628002167
AGIMOU,DENQIZ,0.4700717628002167
AGIMOU,AWARIZ,0.4290785789489746
AGIMOU,AWAREV,0.3714126646518707
AGIMOU,AWAROF,0.4290785789489746
AGIMOU,BUCXUT,0.3599996268749237
AGIMOU,CAKWUI,0.39032256603240967
AGIMOU,COMHOC,0.36898481845855713
AGIMOU,COMHUI,0.36898481845855713
AGIMOU,CUGYOU,0.3698550760746002
AGIMOU,CUGYUA,0.3584420382976532
AGIMOU,DIKBAB,0.3599996268749237
AGIMOU,DIKBAB01,0.3599996268749237
AGIREP,BEQKAM,1.0
AGIREP,CEHLAD,1.0
AGIREP,CADPII,1.0
AGIREP,CIGXIA,0.9982883334159851
AGIREP,CIPLIX,0.9977757334709167
AGIREP,CIFMIP,0.9977757334709167
AGIREP,AVUCEA,0.9977757334709167
AGIREP,DEPXOM,0.9974996447563171
AGIREP,ALANAD,0.550000011920929
AGIREP,APACAX,0.6142857670783997
AGIREP,AVETAY,0.6142857670783997
AGIREP,AVEVOO02,0.6659206748008728
AGIREP,AXUKUB,0.7315295338630676
AGIREP,AXULAI,0.7315295338630676
AGIREP,AXULEM,0.7315295338630676
AGIREP,BEXVIL,0.6962354183197021
AGIREP,BODPAN,0.9965804815292358
AGIREP,CEHKUW,0.9962353706359863
AGIREP,CIBTIT,0.9974996447563171
AGIREP,CISJAQ,0.64000004529953
AGIREP,CUMLUT,0.9962353706359863
AGIREP,CUVTIX,0.43000003695487976
AGIREP,DAPHOU,0.7000000476837158
AGIREP,DEMNOB,0.8199999928474426
AGIREP,DEPXIG,0.9974996447563171
AGIREP,DIHVIB,0.9965804815292358
AGIREP,DIHVIB01,0.9965804815292358
AGOFEJ,COQJAV,0.9950717687606812
AGOFEJ,COQJEZ,0.9950717687606812
AGOFEJ,AZAVUU,0.5363636612892151
AGOFEJ,CEFNIN,0.5235294103622437
AGOFEJ,BUKPAZ,0.5046275854110718
AGOFEJ,CEFNEJ,0.49705880880355835
AGOFEJ,CEFNOT,0.49705880880355835
AGOFEJ,CUSXIY,0.4936393201351166
AGOFEJ,DERBIO,0.4814457595348358
AGOFEJ,CEMBII,0.46700048446655273
AGOFEJ,BOYYOF,0.41370925307273865
AGOGOU,ALICEE,0.9985496997833252
AGOGOU,DEGPEL,0.9985496997833252
AGOGOU,ALICII,0.9985496997833252
AGOGOU,AVESAW,0.9955214262008667
AGOGOU,AVESEA,0.9955214262008667
AGOGOU,AVESIE,0.9955214262008667
AGOGOU,AVEROJ,0.9955214262008667
AGOGOU,AVERUP,0.9955214262008667
AGOGOU,CAPQIU,0.1885497272014618
AGOGOU,CENLEP,0.32354971766471863
AGOGOU,COMVAC,0.3632556200027466
AGOGOU,COMVEG,0.3602273464202881
AGONAM,CUKXAJ,1.0
AGONAM,AGONEQ,1.0
AGONAM,DAHMIJ,1.0
AGONAM,CUKXEN,1.0
AGONAM,CUKXIR,0.9970499873161316
AGONAM,AVOGAT,0.9968591928482056
AGONAM,AVOGEX,0.9968591928482056
AGONAM,AVOGAT01,0.9968591928482056
AGONAM,DITXOU,0.9962353706359863
AGONAM,AZIMIH,0.9962353706359863
AGONAM,AMIWOJ,0.9821406006813049
AGONAM,AQEGUZ,0.4296848475933075
AGONAM,ATIXUX,0.6399999856948853
AGONAM,BERQEW,0.6000000238418579
AGONAM,CEVBEN,0.4921848773956299
AGONAM,CEXYOU,0.5950000286102295
AGONEQ,CUKXAJ,1.0
AGONEQ,DAHMIJ,1.0
AGONEQ,CUKXEN,1.0
AGONEQ,CUKXIR,0.9970499873161316
AGONEQ,AVOGAT,0.9968591928482056
AGONEQ,AVOGEX,0.9968591928482056
AGONEQ,AVOGAT01,0.9968591928482056
AGONEQ,DITXOU,0.9962353706359863
AGONEQ,AZIMIH,0.9962353706359863
AGONEQ,AQEGUZ,0.4296848475933075
AGONEQ,ATIXUX,0.6399999856948853
AGONEQ,BERQAS,0.5285714268684387
AGONEQ,BERQEW,0.6000000238418579
AGONEQ,CEVBEN,0.4921848773956299
AGONEQ,CEXYOU,0.5950000286102295
AGONEQ,CICYIX,0.4272727370262146
AGONEQ,CIZQOT,0.9962353706359863
AGONEQ,CIZQUZ,0.9962353706359863
AGOWOL,AGOWUR,1.0
AGOWOL,AGUWEG01,0.9929474592208862
AGOWOL,BEPBAB,0.9907075762748718
AGOWOL,BEPFIN,0.9891725182533264
AGOWOL,BOLGUF,0.9891651272773743
AGOWOL,BENZUR,0.9813843369483948
AGOWOL,BOLHAM,0.9802787899971008
AGOWOL,BENZOL,0.979142963886261
AGOWOL,BOLHEQ,0.9776759743690491
AGOWOL,BOLHOA,0.9762802720069885
AGOWUR,AGUWEG01,0.9929474592208862
AGOWUR,BEPBAB,0.9907075762748718
AGOWUR,BEPFIN,0.9891725182533264
AGOWUR,BOLGUF,0.9891651272773743
AGOWUR,BENZUR,0.9813843369483948
AGOWUR,BOLHAM,0.9802787899971008
AGOWUR,BENZOL,0.979142963886261
AGOWUR,BOLHEQ,0.9776759743690491
AGOWUR,BOLHOA,0.9762802720069885
AGOXAL,BIRGAM,0.3218591809272766
AGOXAL,CEKYIC,0.3218591809272766
AGOXAL,AHIJOQ,0.3153718411922455
AGOXAL,AHIJOQ01,0.3153718411922455
AGOXAL,BAKWIV,0.30716657638549805
AGOXAL,DEHBIC,0.30629763007164
AGOXAL,COZGED,0.29294276237487793
AGOXAL,COZGED01,0.29294276237487793
AGOXAL,AXOBIA,0.23157915472984314
AGOXAL,AXOCEX,0.2540082335472107
AGOXAL,CNPRCV,0.22551822662353516
AGOXAL02,AGOXAL04,1.0
AGOXAL02,AGOXAL03,1.0
AGOXAL02,DALSER,0.9971465468406677
AGOXAL02,COXHON,0.9971465468406677
AGOXAL02,CAVMIW,0.9971465468406677
AGOXAL02,CAYSOL,0.9971465468406677
AGOXAL02,DALSAN,0.9971465468406677
AGOXAL02,CECKON,0.9971376657485962
AGOXAL02,COXHED,0.9971376657485962
AGOXAL02,DAPGUW01,0.9969134330749512
AGOXAL02,BOMCUB,0.9922400116920471
AGOXAL02,CAHMAZ,0.9949789643287659
AGOXAL02,COXHIH,0.9969134330749512
AGOXAL02,DECDUN,0.9922400116920471
AGOXAL03,AGOXAL04,1.0
AGOXAL03,DALSER,0.9971465468406677
AGOXAL03,COXHON,0.9971465468406677
AGOXAL03,CAVMIW,0.9971465468406677
AGOXAL03,CAYSOL,0.9971465468406677
AGOXAL03,DALSAN,0.9971465468406677
AGOXAL03,CECKON,0.9971376657485962
AGOXAL03,COXHED,0.9971376657485962
AGOXAL03,DAPGUW01,0.9969134330749512
AGOXAL03,CAHMAZ,0.9949789643287659
AGOXAL03,COXHIH,0.9969134330749512
AGOXAL04,DALSER,0.9971465468406677
AGOXAL04,COXHON,0.9971465468406677
AGOXAL04,CAVMIW,0.9971465468406677
AGOXAL04,CAYSOL,0.9971465468406677
AGOXAL04,DALSAN,0.9971465468406677
AGOXAL04,CECKON,0.9971376657485962
AGOXAL04,COXHED,0.9971376657485962
AGOXAL04,DAPGUW01,0.9969134330749512
AGOXAL04,CAHMAZ,0.9949789643287659
AGSLFA,BEZSIK,0.9949789643287659
AGSLFA,AGSLFB,0.6727272868156433
AGSLFA,BEXFUI,0.6711265444755554
AGSLFA,AMORUQ,0.3948478102684021
AGSLFA,AMOROK,0.39440566301345825
AGSLFA,AXOCEX,0.2980641722679138
AGSLFA,BEZSEG,0.28999483585357666
AGSLFA,BEZSEG01,0.28999483585357666
AGSLFA,DIJWID,0.28999483585357666
AGSLFA,COFORM10,0.2771376967430115
AGSLFA,AXOBIA,0.27563509345054626
AGSLFA,AXOCAT,0.25798559188842773
AGSLFA,BUTCUQ,0.20880421996116638
AGSLFB,BEXFUI,0.9983992576599121
AGSLFB,BEZSIK,0.6677062511444092
AGSLFB,AMORUQ,0.5535320043563843
AGSLFB,AMOROK,0.5530899167060852
AGSLFB,AXOCEX,0.27037185430526733
AGSLFB,AXOBIA,0.24794277548789978
AGSLFB,CONSAA,0.2471466064453125
AGSLFB,COFORM10,0.24713771045207977
AGSLFB,DINNIZ,0.24594205617904663
AGSLFB,AXOCAT,0.23029328882694244
AGULAQ,DITGUL,0.4706043004989624
AGULAQ,DITJAU,0.4706043004989624
AGULAQ,DITSAD,0.4706043004989624
AGULAQ,DITJIC,0.4706043004989624
AGULAQ,DITROQ,0.4706043004989624
AGULAQ,DITRIK,0.4706043004989624
AGULAQ,DITRUW,0.4706043004989624
AGULAQ,BUSXAP,0.40731707215309143
AGULAQ,BUSXET,0.4046066403388977
AGULAQ,CAXWOP,0.4000000059604645
AGULAQ,DAYWOS,0.3889418840408325
AGULAQ,DITROQ01,0.35878613591194153
AGUMAR,BOFJIQ,0.9965804815292358
AGUMAR,DIJCOP,0.9950717687606812
AGUMAR,DIJCOP01,0.9950717687606812
AGUMAR,CECVOW,0.9693384766578674
AGUMAR,CECVIQ,0.9661542773246765
AGUMAR,CUCKIV,0.6996276378631592
AGUMAR,COYTEQ,0.6684216260910034
AGUMAR,COYTUG,0.6682851314544678
AGUMAR,COYTUG01,0.6682851314544678
AGUMAR,COYTIU,0.6671784520149231
AGUMAR,BAXSIE,0.49466079473495483
AGUMAR,CITZIP,0.5842429399490356
AGUMAR,CIWYUD,0.5842429399490356
AGUMAR,DIXKOL,0.5842429399490356
AGUVEE,AGUVOO,1.0
AGUVEE,CICSOW01,0.9985496997833252
AGUVEE,CICSOW02,0.9985496997833252
AGUVEE,CICSOW,0.9985496997833252
AGUVEE,CILXIE,0.48571428656578064
AGUVEE,DIXNUV01,0.4599999785423279
AGUVEE,CUBKUF,0.4599999785423279
AGUVEE,DIXNUV,0.4599999785423279
AGUVEE,BAXFIR02,0.45854970812797546
AGUVEE,BAXFIR,0.45854970812797546
AGUVEE,BAXFIR01,0.45854970812797546
AGUVEE,BAXFUD,0.45854970812797546
AGUVEE,BAXGAK,0.45854970812797546
AGUVEE,CENLEP,0.32499998807907104
AGUVEE,CETNUL,0.3494235575199127
AGUVOO,CICSOW01,0.9985496997833252
AGUVOO,CICSOW02,0.9985496997833252
AGUVOO,CICSOW,0.9985496997833252
AGUVOO,CILXIE,0.48571428656578064
AGUVOO,DIXNUV01,0.4599999785423279
AGUVOO,CUBKUF,0.4599999785423279
AGUVOO,DIXNUV,0.4599999785423279
AGUVOO,BAXFIR02,0.45854970812797546
AGUVOO,BAXFIR,0.45854970812797546
AGUVOO,CENLEP,0.32499998807907104
AGUVOO,CETNUL,0.3494235575199127
AGUWEG01,BEPFIN,0.9978553056716919
AGUWEG01,BEPBAB,0.9972909092903137
AGUWEG01,BENZOL,0.9894606471061707
AGUWEG01,BENZUR,0.9888580441474915
AGUWEG01,BOLGUF,0.9827372431755066
AGUWEG01,BOLHAM,0.9794661402702332
AGUWEG01,BOLHEQ,0.9748807549476624
AGUWEG01,DALVIY,0.9743816256523132
AHAJUP,CUMKIG,0.5814473628997803
AHAJUP,ATEYED,0.5814473628997803
AHAJUP,CUMKIG03,0.5814473628997803
AHAJUP,DEPVUQ,0.5797806978225708
AHAJUP,DEPWAX,0.5797806978225708
AHAJUP,CUMFOG,0.5602806806564331
AHAJUP,COKFAK,0.5272806882858276
AHAJUP,CIDPEM,0.5272806882858276
AHAJUP,BUYNAL,0.45078086853027344
AHAJUP,CAVSAV,0.38955000042915344
AHAKEA,AHALEB,0.9826657772064209
AHAKEA,AHALEB01,0.9826657772064209
AHAKEA,AHALEB02,0.9826657772064209
AHAKEA,DITSIK,0.9614519476890564
AHAKEA,COYTIU,0.699999988079071
AHAKEA,COYTUG01,0.684760570526123
AHAKEA,COYTUG,0.684760570526123
AHAKEA,COYTEQ,0.6826658248901367
AHAKEA,COYVAO,0.6796669960021973
AHAKEA,COYVAO01,0.6796669960021973
AHAKEA,CAYQAV,0.5
AHALEB,AHALEB02,1.0
AHALEB,AHALEB01,1.0
AHALEB,DITSIK,0.9812385439872742
AHALEB,COYTEQ,0.7000000476837158
AHALEB,COYTUG,0.6985292434692383
AHALEB,COYTUG01,0.6985292434692383
AHALEB,COYTOA,0.698398768901825
AHALEB,COYVAO,0.6983029842376709
AHALEB,COYVAO01,0.6983029842376709
AHALEB,BOHXED,0.49306607246398926
AHALEB,BOVLII,0.5
AHALEB,CAYQAV,0.4826657772064209
AHALEB01,AHALEB02,1.0
AHALEB01,DITSIK,0.9812385439872742
AHALEB01,COYTEQ,0.7000000476837158
AHALEB01,COYTUG,0.6985292434692383
AHALEB01,COYTUG01,0.6985292434692383
AHALEB01,COYTOA,0.698398768901825
AHALEB01,COYVAO,0.6983029842376709
AHALEB01,COYVAO01,0.6983029842376709
AHALEB01,BOHXED,0.49306607246398926
AHALEB01,BOVLII,0.5
AHALEB01,CAYQAV,0.4826657772064209
AHALEB02,DITSIK,0.9812385439872742
AHALEB02,COYTEQ,0.7000000476837158
AHALEB02,COYTUG,0.6985292434692383
AHALEB02,COYTUG01,0.6985292434692383
AHALEB02,COYTOA,0.698398768901825
AHALEB02,COYVAO,0.6983029842376709
AHALEB02,COYVAO01,0.6983029842376709
AHALEB02,BOVLII,0.5
AHALEB02,CAYQAV,0.4826657772064209
AHEBAS,BAXGEP,0.49705880880355835
AHEBAS,BODPAN,0.4724137783050537
AHEBAS,DIHVIB01,0.4724137783050537
AHEBAS,DIHVIB,0.4724137783050537
AHEBAS,CIPLIX,0.47204136848449707
AHEBAS,CIFMIP,0.47204136848449707
AHEBAS,AVUCEA,0.47204136848449707
AHEBAS,CIGXIA,0.4709635078907013
AHEBAS,CIHNIR,0.28409090638160706
AHEFAU,AHEFAU01,1.0
AHEFAU,AQEQES,0.9996292591094971
AHEFAU,CUKXIR,0.9989085793495178
AHEFAU,AQEQIW,0.9982883334159851
AHEFAU,AZIMIH,0.9982883334159851
AHEFAU,CIZQOT,0.9982883334159851
AHEFAU,DITXOU,0.9982883334159851
AHEFAU,CIZQUZ,0.9982883334159851
AHEFAU,ATAFIK,0.9982883334159851
AHEFAU,AVOGEX,0.9971465468406677
AHEFAU,AHIYOH,0.5733134746551514
AHEFAU,AHIYUN,0.5733134746551514
AHEFAU,AHOSEV,0.32390856742858887
AHEFAU,AKEGON,0.5274800062179565
AHEFAU,AKEGUT,0.5268597602844238
AHEFAU,ASACAZ,0.6283203959465027
AHEFAU,AVOGAT,0.9971465468406677
AHEFAU,AVOGAT01,0.9971465468406677
AHEFAU,AZUCED,0.5079994797706604
AHEFAU,BARKUD,0.4793189465999603
AHEFAU,BETXIK,0.6532038450241089
AHEFAU,BUSQIQ,0.9942253828048706
AHEFAU,CAWLIY,0.6382883787155151
AHEFAU,CAXVII,0.41499999165534973
AHEFAU,CAXWIJ,0.41499999165534973
AHEFAU,DACJUO,0.6265583634376526
AHEFAU,DEJJEK,0.9908188581466675
AHEFAU,DEYXIQ,0.5733134746551514
AHEFAU01,AQEQES,0.9996292591094971
AHEFAU01,CUKXIR,0.9989085793495178
AHEFAU01,AQEQIW,0.9982883334159851
AHEFAU01,AZIMIH,0.9982883334159851
AHEFAU01,CIZQOT,0.9982883334159851
AHEFAU01,DITXOU,0.9982883334159851
AHEFAU01,CIZQUZ,0.9982883334159851
AHEFAU01,ATAFIK,0.9982883334159851
AHEFAU01,AVOGEX,0.9971465468406677
AHEFAU01,AHIYOH,0.5733134746551514
AHEFAU01,AHIYUN,0.5733134746551514
AHEFAU01,AHOSEV,0.32390856742858887
AHEFAU01,AKEGON,0.5274800062179565
AHEFAU01,AKEGUT,0.5268597602844238
AHEFAU01,ASACAZ,0.6283203959465027
AHEFAU01,AVOGAT,0.9971465468406677
AHEFAU01,AVOGAT01,0.9971465468406677
AHEFAU01,AZUCED,0.5079994797706604
AHEFAU01,BARKUD,0.4793189465999603
AHEFAU01,BETXIK,0.6532038450241089
AHEFAU01,BUSQIQ,0.9942253828048706
AHEFAU01,CAWLIY,0.6382883787155151
AHEFAU01,CAXVII,0.41499999165534973
AHEFAU01,CAXWIJ,0.41499999165534973
AHEFAU01,DACJUO,0.6265583634376526
AHEFAU01,DEJJEK,0.9908188581466675
AHEFAU01,DEYXIQ,0.5733134746551514
AHEFAU01,DIXBOC,0.49490857124328613
AHEMEG,BAHGUN,1.0
AHEMEG,BAHGUN02,1.0
AHEMEG,BAHGUN01,1.0
AHEMEG,BAHGUN04,1.0
AHEMEG,BAHGUN03,1.0
AHEMEG,AKOXIJ,0.9999494552612305
AHEMEG,BIPXIK,0.9996275901794434
AHEMEG,BOWDIC,0.9996275901794434
AHEMEG,BOWDOI,0.9996275901794434
AHEMEG,AKAYIV,0.5333333611488342
AHEMEG,ARINUL,0.38285714387893677
AHEMEG,CUQTAL,0.4342857003211975
AHEMOQ,DICPUD,0.9958965182304382
AHEMOQ,CIFDOM,0.9707819819450378
AHEMOQ,CIFDUS,0.9707819819450378
AHEMOQ,CAXSUR,0.9690567255020142
AHEMOQ,CAGSAG,0.9607003927230835
AHEMOQ,DADXUE,0.9555470943450928
AHEMOQ,CUXFIL,0.828676700592041
AHEMOQ,BINSAU,0.7359994053840637
AHEMOQ,BINROH,0.7330132722854614
AHEMOQ,CIQQIE,0.7316174507141113
AHEMOQ,BEPNUI,0.49447304010391235
AHEMOQ,BINRUN,0.7259178161621094
AHEMOQ,DIRPOL,0.6982004046440125
AHEMOQ,DIRPUR,0.6982004046440125
AHEQAH,CEFNOT,0.9668495655059814
AHEQAH,CEFNEJ,0.9668495655059814
AHEQAH,CUSXIY,0.9666504263877869
AHEQAH,CEJXOG,0.7352796792984009
AHEQAH,AMIXIE,0.7352796792984009
AHEQAH,ALUKAU,0.7352745532989502
AHEQAH,ATIKET,0.7352745532989502
AHEQAH,ATIKAP,0.7351645827293396
AHEQAH,AJAGOI,0.3855639398097992
AHEQAH,BUKPAZ,0.5515176653862
AHEQAH,CITWUY,0.2883952260017395
AHEQAH,COQJAV,0.4752040505409241
AHEQAH,COQJEZ,0.4752040505409241
AHETAK,BIPXIK,0.9999999403953552
AHETAK,CEYPUT,0.9999999403953552
AHETAK,BOWDUO,0.9999999403953552
AHETAK,CEYPUT01,0.9999999403953552
AHETAK,BOWDIC,0.9999999403953552
AHETAK,CIJBEE,0.9999999403953552
AHETAK,BOWDOI,0.9999999403953552
AHETAK,BABCUE,0.5191645622253418
AHETAK,BAHGUN,0.9996275901794434
AHETAK,BAHGUN01,0.9996275901794434
AHETAK,BAHGUN02,0.9996275901794434
AHETAK,BAHGUN03,0.9996275901794434
AHETAK,BAHGUN04,0.9996275901794434
AHETAK,BASJUB,0.5499999523162842
AHETAK,BUXCAZ,0.9695334434509277
AHETAK,CEBGAS,0.4535714089870453
AHETAK,CESYEF,0.9971376657485962
AHETAK,CESYEF01,0.9971376657485962
AHETAK,CUCFOX,0.44189342856407166
AHETAK,DARYIF,0.9977757334709167
AHETAK,DIWFAT,0.9972895383834839
AHIJOQ,AHIJOQ01,1.0
AHIJOQ,CEKYIC,0.9921848177909851
AHIJOQ,BIRGAM,0.9921848177909851
AHIJOQ,DEHBIC,0.9881620407104492
AHIJOQ,BAKWIV,0.9854779243469238
AHIJOQ,CUGQUR,0.9701893329620361
AHIJOQ,CUGSUT,0.9632149934768677
AHIJOQ,CUGSIH,0.9632149934768677
AHIJOQ,CUGSON,0.9632149934768677
AHIJOQ,CIMZII,0.4297664165496826
AHIJOQ,CODFEH,0.43197059631347656
AHIJOQ,DANWUL,0.38005226850509644
AHIJOQ,DIPMAS,0.49597376585006714
AHIJOQ,DISROP,0.4454523026943207
AHIJOQ01,CEKYIC,0.9921848177909851
AHIJOQ01,BIRGAM,0.9921848177909851
AHIJOQ01,DEHBIC,0.9881620407104492
AHIJOQ01,BAKWIV,0.9854779243469238
AHIJOQ01,CUGQUR,0.9701893329620361
AHIJOQ01,CUGSUT,0.9632149934768677
AHIJOQ01,CUGSIH,0.9632149934768677
AHIJOQ01,CUGSON,0.9632149934768677
AHIJOQ01,CIMZII,0.4297664165496826
AHIJOQ01,CODFEH,0.43197059631347656
AHIJOQ01,DANWUL,0.38005226850509644
AHIJOQ01,DIPMAS,0.49597376585006714
AHIJOQ01,DISROP,0.4454523026943207
AHIYOH,AHIYUN,0.9999999403953552
AHIYOH,CIFGOP,0.9977757334709167
AHIYOH,AVAQAP01,0.6389872431755066
AHIYOH,AZUCED,0.5847895741462708
AHIYOH,AQEQES,0.5736842155456543
AHIYOH,DITXOU,0.5714600086212158
AHIYOH,CAFRUX,0.30483001470565796
AHIYOH,CEMMUD,0.30483001470565796
AHIYOH,DESVIJ,0.4632834196090698
AHIYOH,DESVOP,0.46403560042381287
AHIYOH,DIXBOC,0.5639562010765076
AHIYUN,CIFGOP,0.9977757334709167
AHIYUN,AVAQAP01,0.6389872431755066
AHIYUN,AZUCED,0.5847895741462708
AHIYUN,AQEQES,0.5736842155456543
AHIYUN,DITXOU,0.5714600086212158
AHIYUN,CAFRUX,0.30483001470565796
AHIYUN,CEMMUD,0.30483001470565796
AHIYUN,DESVIJ,0.4632834196090698
AHIYUN,DESVOP,0.46403560042381287
AHIYUN,DIXBOC,0.5639562010765076
AHIZOH,AHIZUN,0.9970499873161316
AHIZOH,AJIJEI01,0.8970500230789185
AHIZOH,AJIJEI02,0.8970500230789185
AHIZOH,AJIJEI,0.8970500230789185
AHIZOH,CITXUZ,0.895071804523468
AHIZOH,CEKHUY,0.6820282936096191
AHIZOH,DEPXOM,0.6499999761581421
AHIZOH,CIBTIT,0.6499999761581421
AHIZOH,DEPXIG,0.6499999761581421
AHIZOH,CUVTOD,0.6293178200721741
AHIZUN,AJIJEI02,0.8999999761581421
AHIZUN,AJIJEI01,0.8999999761581421
AHIZUN,AJIJEI,0.8999999761581421
AHIZUN,CITXUZ,0.8922806978225708
AHIZUN,CEKHUY,0.6792371869087219
AHIZUN,CUMLUT,0.6499999761581421
AHIZUN,CEHKUW,0.6499999761581421
AHIZUN,CIBTIT,0.6470499634742737
AHIZUN,DEPXIG,0.6470499634742737
AHIZUN,CUVTOD,0.6280535459518433
AHOBAB,CEJWAR,0.9974996447563171
AHOBAB,AMBZAG10,0.9959419965744019
AHOBAB,BADZAK,0.7327938079833984
AHOBAB,CUZBUW,0.7325837016105652
AHOBAB,BUKLOJ,0.7325837016105652
AHOBAB,BUKLOJ01,0.7325837016105652
AHOBAB,ASOHUL,0.7324864268302917
AHOBAB,ATOTIM,0.7324864268302917
AHOBAB,ALOVEC,0.7324864268302917
AHOBAB,BERQIA,0.5470499992370605
AHOBAB,CAJHON,0.584999680519104
AHOBAB,DENTEW01,0.4100934863090515
AHOBAB,DENVEY,0.41304346919059753
AHOBAB,DENVIC,0.4100934863090515
AHOBAB,DENVOI,0.40898552536964417
AHOKIR,DALRAK,0.6369467973709106
AHOKIR,DEKPAL,0.633756160736084
AHOKIR,DEKPEP,0.633756160736084
AHOKIR,AHOKIR01,0.5764706134796143
AHOKIR,CISMAT,0.5743014216423035
AHOKIR,CISMAT01,0.5743014216423035
AHOKIR,CAZLOF,0.5734173655509949
AHOKIR,CAZLIZ,0.5734173655509949
AHOKIR,CAZLEV,0.5734173655509949
AHOKIR,BECRUX01,0.5730510950088501
AHOKIR01,CISMAT01,0.9978308081626892
AHOKIR01,CISMAT,0.9978308081626892
AHOKIR01,CAZLEV,0.9969467520713806
AHOKIR01,CAZLIZ,0.9969467520713806
AHOKIR01,BECRUX03,0.9965804815292358
AHOKIR01,BECRUX06,0.9965804815292358
AHOKIR01,BECRUX,0.9965804815292358
AHOKIR01,BECRUX01,0.9965804815292358
AHOKIR01,BECRUX07,0.9965804815292358
AHOKIR01,BECRUX04,0.9965804815292358
AHOKIR01,AHOKOX,0.9307692646980286
AHOKIR01,AMOROK,0.6333578824996948
AHOKIR01,AMORUQ,0.6345753073692322
AHOKIR01,BECRUX02,0.9965804815292358
AHOKIR01,BECRUX05,0.9965804815292358
AHOKIR01,BIVXOT,0.4861542582511902
AHOKIR01,CAVCEI,0.5760982036590576
AHOKIR01,CAZLOF,0.858485221862793
AHOKIR01,CIHNEO,0.4000000059604645
AHOKIR01,CIYJAW,0.4000000059604645
AHOKIR01,DALRAK,0.7200236916542053
AHOKIR01,DEBNUU,0.5241466164588928
AHOKIR01,DEFKUU,0.5263158082962036
AHOKIR01,DEKPAL,0.7168330550193787
AHOKIR01,DEKPEP,0.7168330550193787
AHOKOX,CISMAT,0.9286000728607178
AHOKOX,CISMAT01,0.9286000728607178
AHOKOX,CAZLEV,0.9277160167694092
AHOKOX,CAZLIZ,0.9277160167694092
AHOKOX,BECRUX05,0.9273497462272644
AHOKOX,BECRUX06,0.9273497462272644
AHOKOX,BECRUX07,0.9273497462272644
AHOKOX,BECRUX04,0.9273497462272644
AHOKOX,BECRUX,0.9273497462272644
AHOKOX,CAVSOJ,0.4366034269332886
AHOKOX,CAVTAW,0.4366034269332886
AHONEQ,AHONIU,0.9996544122695923
AHONEQ,COKJOD,0.9996544122695923
AHONEQ,DIBZEU,0.9996340870857239
AHONEQ,COKJIX,0.9994805455207825
AHONEQ,DITKAT,0.986412525177002
AHONEQ,DITKAT01,0.986412525177002
AHONEQ,COXLAD,0.9800315499305725
AHONEQ,DAFHOJ,0.9776891469955444
AHONEQ,CIFJAE,0.9776891469955444
AHONEQ,COXFOL,0.9695334434509277
AHONEQ,AJASUA,0.6264126300811768
AHONEQ,AROQAB,0.35304874181747437
AHONEQ,AYIVIO,0.4220423400402069
AHONEQ,BAPKAG,0.313709020614624
AHONEQ,BARZEA,0.9671105742454529
AHONEQ,COXKUW,0.9648386240005493
AHONEQ,DAFHEZ,0.9695334434509277
AHONEQ,DAFHID,0.967766523361206
AHONIU,COKJOD,0.9999999403953552
AHONIU,COKJIX,0.9996404051780701
AHONIU,DIBZEU,0.9995414018630981
AHONIU,DITKAT,0.9849025011062622
AHONIU,DITKAT01,0.9849025011062622
AHONIU,COXLAD,0.9802787899971008
AHONIU,CIFJAE,0.9778347015380859
AHONIU,DAFHOJ,0.9778347015380859
AHONIU,DAFHEZ,0.9680224657058716
AHONIU,AROQAB,0.35446614027023315
AHONIU,AYIVIO,0.4233241081237793
AHONIU,BAPKAG,0.3149907886981964
AHONIU,COTVOY,0.09999998658895493
AHONIU,COXKUW,0.9646247625350952
AHOSEV,CEJSUG,0.5418924689292908
AHOSEV,BUKYAJ,0.5207819938659668
AHOSEV,BAHNEG,0.4387992024421692
AHOSEV,BABREE,0.33191388845443726
AHOSEV,DALSOA,0.33191388845443726
AHOSEV,CUKXIR,0.32499998807907104
AHOSEV,AZIMIH,0.3224996328353882
AHOSEV,BAPKAG,0.3167679011821747
AHOSEV,CECVAI,0.3200717866420746
AHOSEV,CITXEJ,0.27954357862472534
AHUBIO,AZIXIR,0.5740588307380676
AHUBIO,AWOJOM,0.44079673290252686
AHUBIO,DIXBET01,0.43719249963760376
AHUBIO,DIXBET,0.43719249963760376
AHUBIO,ANEQAM,0.4264705777168274
AHUBIO,CEDFIC,0.42566201090812683
AHUBIO,CEDFUO,0.42566201090812683
AHUBIO,CEDFOI,0.42566201090812683
AHUBIO,DINYEG,0.42339199781417847
AHUBIO,DINYEG01,0.42339199781417847
AHUBIO,CEJNOU,0.352871835231781
AHUBIO,DAPYUP,0.2540082335472107
AJABIX,BOBTIW,1.0
AJABIX,BOGXOL,1.0
AJABIX,BOGXIF02,1.0
AJABIX,BOGXIF,1.0
AJABIX,BOBTUI,1.0
AJABIX,BOBTOC,1.0
AJABIX,AJABOD,1.0
AJABIX,AJABIX01,1.0
AJABIX,DEKGOS,0.625
AJABIX,COXDIE,0.3812499940395355
AJABIX,AMEPOY,0.3769230842590332
AJABIX,ASUQOU,0.35199999809265137
AJABIX,BAMNAH,0.3571428656578064
AJABIX,BAMNEL,0.3571428656578064
AJABIX01,BOBTIW,1.0
AJABIX01,BOGXOL,1.0
AJABIX01,BOGXIF02,1.0
AJABIX01,BOGXIF,1.0
AJABIX01,BOBTUI,1.0
AJABIX01,BOBTOC,1.0
AJABIX01,AJABOD,1.0
AJABIX01,DEKGOS,0.625
AJABIX01,COXDIE,0.3812499940395355
AJABIX01,AMEPOY,0.3769230842590332
AJABIX01,ASUQOU,0.35199999809265137
AJABIX01,BAMNAH,0.3571428656578064
AJABIX01,BAMNEL,0.3571428656578064
AJABOD,BOBTIW,1.0
AJABOD,BOGXOL,1.0
AJABOD,BOGXIF02,1.0
AJABOD,BOGXIF,1.0
AJABOD,BOBTUI,1.0
AJABOD,BOBTOC,1.0
AJABOD,DEKGOS,0.625
AJABOD,COXDIE,0.3812499940395355
AJABOD,ASUQOU,0.35199999809265137
AJABOD,BAMNAH,0.3571428656578064
AJABOD,BAMNEL,0.3571428656578064
AJAGOI,AJAHID,0.5153846144676208
AJAGOI,CUSXIY,0.3871268928050995
AJAGOI,CEFNEJ,0.38668888807296753
AJAGOI,CEFNOT,0.38668888807296753
AJAGOI,DIPGAK,0.29438117146492004
AJAGOI,CEKWEW,0.2865954041481018
AJAGOI,COMMUN,0.27547740936279297
AJAGOI,CAFRUX,0.27497896552085876
AJAGOI,CUGLIB,0.26805591583251953
AJAHID,CODVAU,0.5173524022102356
AJAHID,CURYOE01,0.33547744154930115
AJAHID,COMFAM01,0.33547744154930115
AJAHID,DARSEV,0.3000228703022003
AJAHID,CAQJOW,0.28119000792503357
AJAHID,CAQKAJ,0.28119000792503357
AJAHID,CAQKAJ01,0.28119000792503357
AJAHID,DEKYOK,0.27940839529037476
AJAHID,CUVVOG,0.2717422544956207
AJAKON,BIFSOB,0.9837952852249146
AJAKON,ATEJOA,0.9821406006813049
AJAKON,DADLOM,0.8684785962104797
AJAKON,DADLEC,0.8684785962104797
AJAKON,CENQAP,0.8676639795303345
AJAKON,CAWVIH,0.8676639795303345
AJAKON,AVAKAL02,0.8637092709541321
AJAKON,AVAJUE02,0.8637092709541321
AJAKON,CENPUI,0.8590616583824158
AJAKON,DIXGIC,0.8515468239784241
AJAKON,DIRPOL,0.6500815749168396
AJAKON,DIRPUR,0.6500815749168396
AJASUA,BETZOR,0.7486372590065002
AJASUA,CUQKOQ,0.6717747449874878
AJASUA,COQMIF,0.6548388600349426
AJASUA,CISJAQ,0.6464330554008484
AJASUA,DITKAT01,0.64000004529953
AJASUA,DITKAT,0.64000004529953
AJASUA,DIBZEU,0.6290162801742554
AJASUA,COKJIX,0.6281620860099792
AJASUA,COKJOD,0.624902606010437
AJAXOY,AWUROZ,0.2693921625614166
AJAXOY,BIDREO,0.24156701564788818
AJAXOY,AKEGUT,0.24115502834320068
AJAXOY,AKEGON,0.24065467715263367
AJAXOY,BAQMUC,0.23809897899627686
AJAXOY,BAQXOG,0.23759864270687103
AJAXOY,BAQMOW,0.23759864270687103
AJAXOY,BAQXOG02,0.23759864270687103
AJAXOY,BAQXOG03,0.23759864270687103
AJAXOY,BAQXOG01,0.23759864270687103
AJIFIJ,CEFDAU,0.9962353706359863
AJIFIJ,AVAXIF,0.9921848177909851
AJIFIJ,CODFEH,0.5707342028617859
AJIFIJ,CIMZII,0.5699196457862854
AJIFIJ,BESXED,0.5228193998336792
AJIFIJ,DINNEV,0.43680453300476074
AJIFIJ,CUCITD02,0.4351378381252289
AJIFIJ,CUCITD01,0.4351378381252289
AJIFIJ,CUCITD,0.4351378381252289
AJIFIJ,CUCITD03,0.4351378381252289
AJIFIJ,DANWUL,0.39552146196365356
AJIJEI,AJIJEI01,1.0
AJIJEI,AJIJEI02,1.0
AJIJEI,CITXUZ,0.9922806620597839
AJIJEI,CEKHUY,0.746826171875
AJIJEI,CEHKUW,0.7352941036224365
AJIJEI,CUMLUT,0.7352941036224365
AJIJEI,DEPXIG,0.7323441505432129
AJIJEI,COBWIZ,0.2528301775455475
AJIJEI,CUVTOD,0.6280535459518433
AJIJEI01,AJIJEI02,1.0
AJIJEI01,CITXUZ,0.9922806620597839
AJIJEI01,CEKHUY,0.746826171875
AJIJEI01,CEHKUW,0.7352941036224365
AJIJEI01,CUMLUT,0.7352941036224365
AJIJEI01,DEPXIG,0.7323441505432129
AJIJEI01,COBWIZ,0.2528301775455475
AJIJEI01,CUVTOD,0.6280535459518433
AJIJEI02,CITXUZ,0.9922806620597839
AJIJEI02,CEKHUY,0.746826171875
AJIJEI02,CEHKUW,0.7352941036224365
AJIJEI02,CUMLUT,0.7352941036224365
AJIJEI02,DEPXIG,0.7323441505432129
AJIJEI02,CUVTOD,0.6280535459518433
AJIQIU,CUHYUB,0.9821406006813049
AJIQIU,CUJCOB,0.9820774793624878
AJIQIU,CUJCIV,0.9808584451675415
AJIQIU,AVOFUM,0.6968592405319214
AJIQIU,BADZAK,0.6962354183197021
AJIQIU,COMDOY,0.696066677570343
AJIQIU,CUZBUW,0.693947434425354
AJIQIU,BUKLOJ01,0.693947434425354
AJIQIU,BUKLOJ,0.693947434425354
AJIQIU,ALEHUW,0.6154661178588867
AJIQIU,ALEJAE,0.611321747303009
AJIQIU,BAHNEG,0.4072040021419525
AJIQIU,CAJQIP,0.4522806704044342
AJIQIU,DARQOF,0.6831918954849243
AKAPUX,BUXTIZ,0.6696740388870239
AKAPUX,BUXTUL,0.6696740388870239
AKAPUX,DINQUM,0.512499988079071
AKAPUX,DINTID,0.512499988079071
AKAPUX,COBLIP,0.4565804898738861
AKAPUX,CEHXIY,0.41034480929374695
AKAPUX,DEYNIG,0.41034480929374695
AKAPUX,CEHWIX,0.4102942943572998
AKAPUX,CEHWOD,0.4102942943572998
AKAPUX,CEVVIJ,0.4054166078567505
AKAPUX,ASUXAP,0.3181818127632141
AKAPUX,BIKMIT,0.3739130198955536
AKAYIV,CUQTAL,0.5885714292526245
AKAYIV,BASJUB,0.5496275424957275
AKAYIV,BAHGUN03,0.5333333611488342
AKAYIV,BAHGUN02,0.5333333611488342
AKAYIV,BAHGUN01,0.5333333611488342
AKAYIV,BAHGUN,0.5333333611488342
AKAYIV,BAHGUN04,0.5333333611488342
AKAYIV,AKOXIJ,0.5332828164100647
AKECOK,BITCUE,1.0
AKECOK,DACHAR,1.0
AKECOK,DEHRIR,1.0
AKECOK,BASHOT,0.9971465468406677
AKECOK,BEXQIF,0.9971465468406677
AKECOK,BASHEJ,0.9971376657485962
AKECOK,AXIGAR,0.9971376657485962
AKECOK,BEXREC,0.9971376657485962
AKECOK,BEXQOL,0.9971376657485962
AKECOK,CDCACD,0.9968591928482056
AKECOK,CDCACD01,0.9968591928482056
AKECOK,CNSMAG,0.10000001639127731
AKECOK,CNSMAG01,0.10000001639127731
AKEGON,AKEGUT,0.9974996447563171
AKEGON,CUKXIR,0.5285714268684387
AKEGON,AQEQIW,0.5260710716247559
AKEGON,ATAFIK,0.5260710716247559
AKEGON,AZIMIH,0.5260710716247559
AKEGON,DITXOU,0.5260710716247559
AKEGON,CIZQUZ,0.5260710716247559
AKEGON,CIZQOT,0.5260710716247559
AKEGON,BAFCAP,0.3760710656642914
AKEGON,BIDREO,0.26292291283607483
AKEGON,CUBBEI,0.38171014189720154
AKEGUT,AZIMIH,0.5285714268684387
AKEGUT,DITXOU,0.5285714268684387
AKEGUT,AQEQIW,0.5285714268684387
AKEGUT,ATAFIK,0.5285714268684387
AKEGUT,CIZQUZ,0.5285714268684387
AKEGUT,CIZQOT,0.5285714268684387
AKEGUT,AQEQES,0.5263472199440002
AKEGUT,BAFCAP,0.37857145071029663
AKEGUT,CUBBEI,0.3842105269432068
AKEGUT,DIYREK,0.331428587436676
AKOBAF,CIYZUG,0.5057941675186157
AKOBAF,AQAMIO01,0.47289472818374634
AKOBAF,DIKJUD,0.4712280333042145
AKOBAF,ALIRES,0.47002989053726196
AKOBAF,CEJFUU,0.45704999566078186
AKOBAF,DAZZUC,0.4558139443397522
AKOBAF,CURSEO,0.4555214047431946
AKOBAF,CEJGAB,0.4555214047431946
AKOBAF,AWEVIJ,0.3825990557670593
AKOBAF,CUXVEX,0.3412168622016907
AKOXIJ,BAHGUN04,0.9999494552612305
AKOXIJ,BAHGUN01,0.9999494552612305
AKOXIJ,BAHGUN02,0.9999494552612305
AKOXIJ,BAHGUN03,0.9999494552612305
AKOXIJ,BAHGUN,0.9999494552612305
AKOXIJ,BOWDOI,0.9997506737709045
AKOXIJ,BOWDUO,0.9997506737709045
AKOXIJ,BOWDIC,0.9997506737709045
AKOXIJ,BEJKEJ,0.7545455098152161
AKOXIJ,CAXZUY,0.7545455098152161
AKOXIJ,CUQTAL,0.43423518538475037
AKUHOD,AKUHOD01,1.0
AKUHOD,AKUHOD03,1.0
AKUHOD,ALALUU01,0.9989266395568848
AKUHOD,ALALUU,0.9989266395568848
AKUHOD,CEWNIB,0.997765302658081
AKUHOD,AQMAND,0.9964936971664429
AKUHOD,AMALND,0.9964936971664429
AKUHOD,AQMAND01,0.9964936971664429
AKUHOD,BAYJEQ,0.9812976121902466
AKUHOD,AXAWUT,0.9779111742973328
AKUHOD,AVUYAR,0.45892661809921265
AKUHOD,AZPYCD,0.1571406126022339
AKUHOD,BABTOP,0.6000956296920776
AKUHOD,BORBAM,0.42867031693458557
AKUHOD,BUDCIN,0.5543816685676575
AKUHOD,CDCYAC,0.49752524495124817
AKUHOD,CERMIV,0.45892661809921265
AKUHOD,DIKZED,0.4576176702976227
AKUHOD01,AKUHOD03,1.0
AKUHOD01,ALALUU01,0.9989266395568848
AKUHOD01,ALALUU,0.9989266395568848
AKUHOD01,CEWNIB,0.997765302658081
AKUHOD01,AQMAND,0.9964936971664429
AKUHOD01,AMALND,0.9964936971664429
AKUHOD01,AQMAND01,0.9964936971664429
AKUHOD01,BAYJEQ,0.9812976121902466
AKUHOD01,AXAWUT,0.9779111742973328
AKUHOD01,BABTOP,0.6000956296920776
AKUHOD01,BORBAM,0.42867031693458557
AKUHOD01,BUDCIN,0.5543816685676575
AKUHOD01,CDCYAC,0.49752524495124817
AKUHOD01,DIKZED,0.4576176702976227
AKUHOD01,DIXKUR,0.32499998807907104
AKUHOD01,DIXKUR01,0.32499998807907104
AKUHOD03,ALALUU01,0.9989266395568848
AKUHOD03,ALALUU,0.9989266395568848
AKUHOD03,CEWNIB,0.997765302658081
AKUHOD03,AQMAND,0.9964936971664429
AKUHOD03,AMALND,0.9964936971664429
AKUHOD03,AQMAND01,0.9964936971664429
AKUHOD03,BAYJEQ,0.9812976121902466
AKUHOD03,AXAWUT,0.9779111742973328
AKUHOD03,AZPYCD,0.1571406126022339
AKUHOD03,BABTOP,0.6000956296920776
AKUHOD03,BORBAM,0.42867031693458557
AKUHOD03,BUDCIN,0.5543816685676575
AKUHOD03,CDCYAC,0.49752524495124817
AKUHOD03,CERMIV,0.45892661809921265
AKUHOD03,DIKZED,0.4576176702976227
AKUHOD03,DIXKUR,0.32499998807907104
AKUHOD03,DIXKUR01,0.32499998807907104
ALAHUS,AMEBAX,0.6541345715522766
ALAHUS,AMOPID,0.6405950784683228
ALAHUS,CIKPEU,0.6046606302261353
ALAHUS,BEPRIZ,0.6046606302261353
ALAHUS,DIRTEG,0.5915300250053406
ALAHUS,BAFHIC,0.5857886672019958
ALAHUS,BAFHOI,0.5857886672019958
ALAHUS,DEKYOK,0.563636302947998
ALAHUS,CAQJOW,0.5339219570159912
ALAHUS,CAQKAJ,0.5339219570159912
ALALUU,ALALUU01,1.0
ALALUU,AQMAND01,0.9977362751960754
ALALUU,AQMAND,0.9977362751960754
ALALUU,AMALND,0.9977362751960754
ALALUU,CEWNIB,0.9975399971008301
ALALUU,AXAWUT,0.9823139905929565
ALALUU,BAYJEQ,0.97984778881073
ALALUU,AVUYAR,0.46000000834465027
ALALUU,BABTOP,0.6055640578269958
ALALUU,BAEDTA01,0.414071649312973
ALALUU,BORBAM,0.42741429805755615
ALALUU,BUDCIN,0.5618667602539062
ALALUU,CERMIV,0.46000000834465027
ALALUU,DIKZED,0.45636165142059326
ALALUU01,AQMAND01,0.9977362751960754
ALALUU01,AQMAND,0.9977362751960754
ALALUU01,AMALND,0.9977362751960754
ALALUU01,CEWNIB,0.9975399971008301
ALALUU01,AXAWUT,0.9823139905929565
ALALUU01,BAYJEQ,0.97984778881073
ALALUU01,AVUYAR,0.46000000834465027
ALALUU01,BABTOP,0.6055640578269958
ALALUU01,BAEDTA01,0.414071649312973
ALALUU01,BORBAM,0.42741429805755615
ALALUU01,BUDCIN,0.5618667602539062
ALALUU01,CERMIV,0.46000000834465027
ALALUU01,DIKZED,0.45636165142059326
ALAMUW,ALANAD,0.9965804815292358
ALAMUW,BAXGEP,0.565517246723175
ALAMUW,DIHVIB,0.550000011920929
ALAMUW,BODPAN,0.550000011920929
ALAMUW,DIHVIB01,0.550000011920929
ALAMUW,CIFMIP,0.5496275424957275
ALAMUW,AVUCEA,0.5496275424957275
ALAMUW,CIPLIX,0.5496275424957275
ALAMUW,AWEWUV,0.5114285945892334
ALAMUW,COQTEJ,0.5060893297195435
ALANAD,BAXGEP,0.5620977282524109
ALANAD,CADPII,0.550000011920929
ALANAD,BEQKAM,0.550000011920929
ALANAD,CEHLAD,0.550000011920929
ALANAD,CIGXIA,0.5482883453369141
ALANAD,CIFMIP,0.5477757453918457
ALANAD,AVUCEA,0.5477757453918457
ALANAD,AWEWUV,0.5080090761184692
ALANAD,COQTEJ,0.5074223279953003
ALATAK,ANAYUL,0.37854093313217163
ALATAK,BANLUA,0.37854093313217163
ALATAK,ANAZAS,0.3719576299190521
ALATAK,COZSIU,0.35109204053878784
ALATAK,DAYGUH,0.34729093313217163
ALATAK,DECVIT,0.33867910504341125
ALATAK,BITLUL,0.33867910504341125
ALATAK,DEKCII,0.3282460570335388
ALATAK,DEFXEU,0.3275874853134155
ALATAK,BOSJUQ,0.2929430902004242
ALATAK,DEKCEE,0.3251805007457733
ALEHUW,ALEJAE,0.9795385599136353
ALEHUW,DARQOF,0.8826086521148682
ALEHUW,ALEJIM,0.7230769395828247
ALEHUW,ALEJEI,0.7196574211120605
ALEHUW,DIMDAG,0.6062353849411011
ALEHUW,CUHYUB,0.5858018398284912
ALEHUW,CUJCOB,0.5856276750564575
ALEHUW,CUJCIV,0.5849528312683105
ALEJAE,DARQOF,0.8621472120285034
ALEJAE,ALEJEI,0.7032403945922852
ALEJAE,ALEJIM,0.70261549949646
ALEJAE,CUJCOB,0.6134011745452881
ALEJAE,CUJCIV,0.6133923530578613
ALEJAE,CUHYUB,0.6127060055732727
ALEJAE,DIMDAG,0.6020910143852234
ALEJAE,CUFGIV,0.5741616487503052
ALEJEI,ALEJIM,0.9965804815292358
ALEJEI,CEKHIL,0.6662942171096802
ALEJEI,DIMDAG,0.6387092471122742
ALEJEI,CUFGIV,0.6349517703056335
ALEJEI,AZAYAD,0.6302958726882935
ALEJEI,ASUBIB,0.6296105980873108
ALEJEI,DARQOF,0.6158112287521362
ALEJEI,AVETUS02,0.5320643782615662
ALEJEI,AVEVAA02,0.5320643782615662
ALEJEI,AVEVII02,0.5351114273071289
ALEJEI,BUXNOZ,0.550000011920929
ALEJIM,CEKHIL,0.6644424200057983
ALEJIM,DIMDAG,0.6426639556884766
ALEJIM,CUFGIV,0.6323887705802917
ALEJIM,ASUBIB,0.6277350187301636
ALEJIM,AZAYAD,0.6232004165649414
ALEJIM,DARQOF,0.6192307472229004
ALEJIM,AVETUS02,0.5354838371276855
ALEJIM,AVEVAA02,0.5354838371276855
ALEJIM,AVEVEE02,0.5317192673683167
ALEJIM,AVEVII02,0.5332596302032471
ALEJIM,BUXNOZ,0.5465804934501648
ALEQIT,BOJYIK01,1.0
ALEQIT,BOJYIK,1.0
ALEQIT,ATIKET,0.9995911717414856
ALEQIT,ALUKAU,0.9995911717414856
ALEQIT,AMIXIE,0.9994291663169861
ALEQIT,CEJXOG,0.9994291663169861
ALEQIT,ATIKAP,0.9992827773094177
ALEQIT,ATIJUI,0.9991112351417542
ALEQIT,ALUJEX,0.9985291957855225
ALEQIT,ALUJIB,0.9847605228424072
ALEQIT,ALUJOH,0.9987543821334839
ALEQIT,ALUJUN,0.9967017769813538
ALEQIT,ALUKUO,0.6998192667961121
ALEQIT,AMIXOK,0.9987543821334839
ALEQIT,AMIXUQ,0.9987759590148926
ALEQIT,ATIJOC,0.9985291957855225
ALEQIT,ATIKIX,0.9967017769813538
ALEQIT,AVAQAP,0.9987543821334839
ALEQIT,AVAQET,0.9990724921226501
ALEQIT,BUPVIT,0.9847605228424072
ALEQIT,BUVHEH,0.9847605228424072
ALEQIT,CELDAA,0.9847605228424072
ALEQIT,CUJCIV,0.7000000476837158
ALEQIT,DIQGUH,0.9859035015106201
ALICEE,ALICII,1.0
ALICEE,DEGPEL,1.0
ALICEE,AVEROJ,0.9922806620597839
ALICEE,AVESIE,0.9922806620597839
ALICEE,AVESEA,0.9922806620597839
ALICEE,AVESAW,0.9922806620597839
ALICEE,AVERUP,0.9922806620597839
ALICEE,CUIMDZ03,0.364705890417099
ALICEE,CUIMDZ01,0.364705890417099
ALICEE,CAPQIU,0.1899999976158142
ALICEE,CENLEP,0.32499998807907104
ALICEE,COMVAC,0.364705890417099
ALICII,DEGPEL,1.0
ALICII,AVEROJ,0.9922806620597839
ALICII,AVESIE,0.9922806620597839
ALICII,AVESEA,0.9922806620597839
ALICII,AVESAW,0.9922806620597839
ALICII,AVERUP,0.9922806620597839
ALICII,CUIMDZ03,0.364705890417099
ALICII,CUIMDZ01,0.364705890417099
ALICII,CAPQIU,0.1899999976158142
ALICII,CENLEP,0.32499998807907104
ALICII,COMVAC,0.364705890417099
ALICII,COMVEG,0.3569865822792053
ALIQUH,ALIRAO01,1.0
ALIQUH,ALIRAO,1.0
ALIQUH,CAVMIW,0.9989085793495178
ALIQUH,DALSAN,0.9989085793495178
ALIQUH,DALSER,0.9989085793495178
ALIQUH,CAYSOL,0.9989085793495178
ALIQUH,COXHON,0.9989085793495178
ALIQUH,DAPHAD01,0.9974996447563171
ALIQUH,CECKIH,0.9974996447563171
ALIQUH,COXHED,0.9972895383834839
ALIQUH,CAHMAZ,0.9873164296150208
ALIRAO,ALIRAO01,1.0
ALIRAO,CAVMIW,0.9989085793495178
ALIRAO,DALSAN,0.9989085793495178
ALIRAO,DALSER,0.9989085793495178
ALIRAO,CAYSOL,0.9989085793495178
ALIRAO,COXHON,0.9989085793495178
ALIRAO,DAPHAD01,0.9974996447563171
ALIRAO,CECKIH,0.9974996447563171
ALIRAO,COXHED,0.9972895383834839
ALIRAO,CAHMAZ,0.9873164296150208
ALIRAO01,CAVMIW,0.9989085793495178
ALIRAO01,DALSAN,0.9989085793495178
ALIRAO01,DALSER,0.9989085793495178
ALIRAO01,CAYSOL,0.9989085793495178
ALIRAO01,COXHON,0.9989085793495178
ALIRAO01,DAPHAD01,0.9974996447563171
ALIRAO01,CECKIH,0.9974996447563171
ALIRAO01,COXHED,0.9972895383834839
ALIRAO01,CAHMAZ,0.9873164296150208
ALIRES,CIYZUG,0.7242195010185242
ALIRES,DIKJUD,0.5969467759132385
ALIRES,AQAMIO01,0.5234534740447998
ALIRES,DAZZUC,0.49453359842300415
ALIRES,DEBBIY,0.49207770824432373
ALIRES,BIKMAL01,0.47963768243789673
ALIRES,BIKMAL,0.47963768243789673
ALIRES,BIKMEP01,0.4794134199619293
ALIRES,BIKMEP,0.4794134199619293
ALIRES,BETRUQ,0.4784420430660248
ALIRES,AWEVIJ,0.39440327882766724
ALIRES,CNSMAG,0.10000001639127731
ALIRES,CNSMAG01,0.10000001639127731
ALIRES,CUXVEX,0.38418084383010864
ALIXAU,CEGJOO,0.9965804815292358
ALIXAU,DEFXEU,0.3621275722980499
ALIXAU,ANAZAS,0.3278442621231079
ALIXAU,DAYGUH,0.3248446583747864
ALIXAU,DEKCII,0.3018932342529297
ALIXAU,DEKCEE,0.3014625012874603
ALIXAU,ANAYUL,0.29934465885162354
ALIXAU,BANLUA,0.29934465885162354
ALIXAU,BEKVOD,0.2765805125236511
ALIXAU,COMVAC,0.2730769217014313
ALIXAU,BOJXEE,0.24094679951667786
ALIXAU,CEHZAR,0.22085212171077728
ALIXAU,CEHZAR01,0.22085212171077728
ALIXID,ALIXOJ,0.9997506737709045
ALIXID,ALIXUP,0.9996275901794434
ALIXID,BEXVIL,0.7368044853210449
ALIXID,CIFMIP,0.699999988079071
ALIXID,AVUCEA,0.699999988079071
ALIXID,CIPLIX,0.699999988079071
ALIXID,CIGXIA,0.6996293067932129
ALIXID,DIHVIB,0.6996276378631592
ALIXID,CIDCAW,0.49100619554519653
ALIXOJ,ALIXUP,0.9999494552612305
ALIXOJ,BEXVIL,0.7350537776947021
ALIXOJ,DIHVIB01,0.6999495029449463
ALIXOJ,DIHVIB,0.6999495029449463
ALIXOJ,BODPAN,0.6999495029449463
ALIXOJ,AVUCEA,0.6997507214546204
ALIXOJ,CIPLIX,0.6997507214546204
ALIXOJ,CIDCAW,0.48925548791885376
ALIXUP,BEXVIL,0.7351378202438354
ALIXUP,DIHVIB,0.7000000476837158
ALIXUP,DIHVIB01,0.7000000476837158
ALIXUP,BODPAN,0.7000000476837158
ALIXUP,AVUCEA,0.6996276378631592
ALIXUP,CIFMIP,0.6996276378631592
ALIXUP,CIDCAW,0.4893395006656647
ALOLIY,BAZBIQ,0.9989085793495178
ALOLIY,DEMNOB,0.9974996447563171
ALOLIY,AVESOL,0.941249668598175
ALOLIY,AVESUR,0.9408000111579895
ALOLIY,DEPXOM,0.8199999928474426
ALOLIY,CIBTIT,0.8199999928474426
ALOLIY,DEPXIG,0.8199999928474426
ALOLIY,CIGXIA,0.8189085721969604
ALOLIY,APACAX,0.6702269315719604
ALOLIY,ATAYAX,0.5641663074493408
ALOLIY,ATAYEB,0.5150717496871948
ALOLIY,AVEQID,0.6844561696052551
ALOLIY,AVETAY,0.6702269315719604
ALOLIY,AVETEC,0.5637166500091553
ALOLIY,AWENAT02,0.5796871781349182
ALOLIY,BEQJUF,0.6025111675262451
ALOLIY,CEKHUY,0.7379289269447327
ALOLIY,CEQPOG,0.5174996256828308
ALOLIY,CIRTUU,0.5450717806816101
ALOLIY,DEVBOW,0.10000000149011612
ALOVEC,ATOTIM,1.0
ALOVEC,ASOHUL,1.0
ALOVEC,BADHIA,0.9974375367164612
ALOVEC,BADJIC,0.9974375367164612
ALOVEC,CAVMUJ,0.9974375367164612
ALOVEC,BADJAU,0.9974375367164612
ALOVEC,BADHUM01,0.9974375367164612
ALOVEC,BADHOG,0.9974375367164612
ALOVEC,CAVMUJ01,0.9974375367164612
ALOVEC,AMBZAG10,0.7312228083610535
ALOVEC,AVOFUM,0.9959286451339722
ALOVEC,BADHUM,0.9974375367164612
ALOVEC,BADZAK,0.9918119311332703
ALOVEC,BUKLOJ,0.9964157342910767
ALOVEC,BUKLOJ01,0.9964157342910767
ALOVEC,CAVMUJ02,0.9974375367164612
ALOVEC,CAXTAY,0.9896013140678406
ALOVEC,COMDOY,0.9925156831741333
ALOVEC,CUWNIT,0.6964157819747925
ALOVEC,CUZBUW,0.9964157342910767
ALOVEC,DAWCIP,0.6918119788169861
ALOVEC,DAWCOV,0.6971923112869263
ALOVEC,DAZMID,0.8096013069152832
ALOVEC,SABVUN01,0.9896013140678406
ALUJEX,ATIJOC,1.0
ALUJEX,AVAQAP,0.9987369775772095
ALUJEX,AMIXOK,0.9987369775772095
ALUJEX,ALUJOH,0.9987369775772095
ALUJEX,BOJYIK,0.9985291957855225
ALUJEX,BOJYIK01,0.9985291957855225
ALUJEX,AVAQET,0.9983987212181091
ALUJEX,ATIKET,0.9983029365539551
ALUJEX,ALUKAU,0.9983029365539551
ALUJIB,CELDAA,0.9999999403953552
ALUJIB,BUPVIT,0.9999999403953552
ALUJIB,BUVHEH,0.9999999403953552
ALUJIB,AVAQAP,0.9901461601257324
ALUJIB,AMIXOK,0.9901461601257324
ALUJIB,ALUJOH,0.9901461601257324
ALUJIB,BOJYIK01,0.9847605228424072
ALUJIB,BOJYIK,0.9847605228424072
ALUJIB,ATIJOC,0.9826657772064209
ALUJIB,ALUKIC,0.699999988079071
ALUJIB,ALULEZ,0.699999988079071
ALUJIB,ALULID,0.699999988079071
ALUJOH,AMIXOK,0.9999999403953552
ALUJOH,AVAQAP,0.9999999403953552
ALUJOH,BOJYIK,0.9987543821334839
ALUJOH,BOJYIK01,0.9987543821334839
ALUJOH,ATIJOC,0.9987369775772095
ALUJOH,ATIJUI,0.9977362751960754
ALUJOH,ATIKET,0.9972487688064575
ALUJOH,ALUKAU,0.9972487688064575
ALUJOH,ALUKIC,0.6901462078094482
ALUJOH,ASOVEL,0.6007442474365234
ALUJOH,BUPVIT,0.9901461601257324
ALUJOH,BUVHEH,0.9901461601257324
ALUJOH,CAVLIW,0.6264585256576538
ALUJOH,CAVLOC,0.6264585256576538
ALUJOH,CELDAA,0.9901461601257324
ALUJOH,DIQGUH,0.9864584803581238
ALUJUN,ATIKIX,1.0
ALUJUN,ATIJUI,0.9984701871871948
ALUJUN,SURKAT,0.9982609748840332
ALUJUN,BESKUI,0.9982609748840332
ALUJUN,RUBTAK02,0.9982609748840332
ALUJUN,AVAQET,0.9977954626083374
ALUJUN,ATIKAP,0.9968496561050415
ALUJUN,ASOVEL,0.604270875453949
ALUJUN,BOHWOM,0.7335551381111145
ALUJUN,CANRUG,0.6899851560592651
ALUJUN,CAVLIW,0.6299851536750793
ALUJUN,CAVLOC,0.6299851536750793
ALUJUN,DIQGUH,0.9899851083755493
ALUKAU,ATIKET,1.0
ALUKAU,AMIXIE,0.9999352693557739
ALUKAU,CEJXOG,0.9999352693557739
ALUKAU,ATIKAP,0.999916136264801
ALUKAU,AMIXUQ,0.9996391534805298
ALUKAU,BOJYIK01,0.9995911717414856
ALUKAU,BOJYIK,0.9995911717414856
ALUKAU,ALUKOI,0.699541449546814
ALUKAU,ALUKUO,0.6996341347694397
ALUKAU,ALULAV,0.6999161839485168
ALUKAU,AMIXOK,0.9972487688064575
ALUKAU,ATIJOC,0.9983029365539551
ALUKAU,ATIJUI,0.9988340735435486
ALUKAU,AVAQAP,0.9972487688064575
ALUKAU,AVAQET,0.9995414018630981
ALUKAU,CEZZEN,0.5840162038803101
ALUKAU,CEZZIR,0.5840162038803101
ALUKAU,CUHYUB,0.6999161839485168
ALUKAU,CUJCIV,0.6995912194252014
ALUKAU,CUJCOB,0.7000000476837158
ALUKIC,ALULEZ,0.9999999403953552
ALUKIC,ALULID,0.9999999403953552
ALUKIC,ALUKUO,0.9829657673835754
ALUKIC,ALUKOI,0.9782870411872864
ALUKIC,ALULAV,0.9779111742973328
ALUKIC,CELDAA,0.699999988079071
ALUKIC,BUPVIT,0.699999988079071
ALUKIC,BUVHEH,0.699999988079071
ALUKOI,ALUKUO,0.9996544122695923
ALUKOI,ALULAV,0.9996404051780701
ALUKOI,ALULID,0.9782870411872864
ALUKOI,ALULEZ,0.9782870411872864
ALUKOI,AVAQET,0.699999988079071
ALUKOI,ATIKAP,0.6996404528617859
ALUKOI,COTVOY,0.09999998658895493
ALUKUO,ALULAV,0.9994805455207825
ALUKUO,ALULEZ,0.9829657673835754
ALUKUO,ALULID,0.9829657673835754
ALUKUO,BOJYIK,0.6998192667961121
ALUKUO,BOJYIK01,0.6998192667961121
ALUKUO,AVAQET,0.6996544599533081
ALULAV,ALULID,0.9779111742973328
ALULAV,ALULEZ,0.9779111742973328
ALULAV,ATIKAP,0.7000000476837158
ALULAV,ATIKET,0.6999161839485168
ALULEZ,ALULID,0.9999999403953552
ALULEZ,BUPVIT,0.699999988079071
ALULEZ,CELDAA,0.699999988079071
ALULEZ,BUVHEH,0.699999988079071
ALULEZ,AVAQAP,0.6901462078094482
ALULID,BUPVIT,0.699999988079071
ALULID,CELDAA,0.699999988079071
ALULID,BUVHEH,0.699999988079071
ALULID,AVAQAP,0.6901462078094482
AMAFIE,AMAFOK,0.9922806620597839
AMAFIE,AMAGAX,0.9922806620597839
AMAFIE,AMAFUQ,0.9922806620597839
AMAFIE,BIYTOU,0.6541928648948669
AMAFIE,BUKMUQ01,0.6533782482147217
AMAFIE,BUKMUQ,0.6533782482147217
AMAFIE,AVIPOL,0.644775927066803
AMAFIE,AVIPAX,0.644775927066803
AMAFIE,DAVMIY,0.4522806704044342
AMAFIE,DIVPUU,0.45685917139053345
AMAFIE,DIVQAB,0.45685917139053345
AMAFOK,AMAFUQ,1.0
AMAFOK,AMAGAX,1.0
AMAFOK,DITJEY01,0.6549736857414246
AMAFOK,DITHEW01,0.6549736857414246
AMAFOK,DITJOI,0.6549736857414246
AMAFOK,DITHEW,0.6549736857414246
AMAFOK,DITHOG,0.6549736857414246
AMAFOK,DAMYIC,0.43333330750465393
AMAFOK,DAMYIC01,0.43333330750465393
AMAFOK,DAVMIY,0.4599999785423279
AMAFOK,DAWMUL,0.10000000149011612
AMAFOK,DEVBIQ,0.10000000149011612
AMAFOK,DICKEH,0.10000000149011612
AMAFOK,DIVPUU,0.45694679021835327
AMAFOK,DIVQAB,0.45694679021835327
AMAFUQ,AMAGAX,1.0
AMAFUQ,DITJEY01,0.6549736857414246
AMAFUQ,DITHEW01,0.6549736857414246
AMAFUQ,DITJOI,0.6549736857414246
AMAFUQ,DITHEW,0.6549736857414246
AMAFUQ,DITHOG,0.6549736857414246
AMAFUQ,DAMYIC,0.43333330750465393
AMAFUQ,DAMYIC01,0.43333330750465393
AMAFUQ,DAVMIY,0.4599999785423279
AMAFUQ,DAWMUL,0.10000000149011612
AMAFUQ,DEVBIQ,0.10000000149011612
AMAFUQ,DICKEH,0.10000000149011612
AMAFUQ,DIVPUU,0.45694679021835327
AMAFUQ,DIVQAB,0.45694679021835327
AMAGAX,DITJEY01,0.6549736857414246
AMAGAX,DITHEW01,0.6549736857414246
AMAGAX,DITJOI,0.6549736857414246
AMAGAX,DITHEW,0.6549736857414246
AMAGAX,DITHOG,0.6549736857414246
AMAGAX,BUKRUW,0.47734972834587097
AMAGAX,BUKTAE,0.47734972834587097
AMAGAX,BUKTEI,0.47734972834587097
AMAGAX,BUKTIM,0.47734972834587097
AMAGAX,BUKTOS,0.47734972834587097
AMAGAX,DAVMIY,0.4599999785423279
AMAGAX,DAWMUL,0.10000000149011612
AMAGAX,DEVBIQ,0.10000000149011612
AMAGAX,DICKEH,0.10000000149011612
AMAGAX,DIVPUU,0.45694679021835327
AMAGAX,DIVQAB,0.45694679021835327
AMAJUU,CEHQOX,0.9986763000488281
AMAJUU,BIFJUX,0.9902458190917969
AMAJUU,BIFKAE,0.9902458190917969
AMAJUU,DICJUW,0.9873213768005371
AMAJUU,BENBIH,0.7255181670188904
AMAJUU,CUKBEQ,0.6759999990463257
AMAJUU,CORZIU,0.6747406125068665
AMAJUU,CORZOA,0.6747406125068665
AMAJUU,CIQHES,0.6681848168373108
AMAJUU,CIQHIW,0.6681848168373108
AMAJUU,AQUKOO,0.6188232898712158
AMAJUU,AQULEF,0.6219706535339355
AMAJUU,AQULOP,0.6178358793258667
AMAJUU,BAMHIJ,0.5728797316551208
AMAJUU,BUTXIY,0.5333333611488342
AMAJUU,CIQHOC,0.6557663679122925
AMALND,AQMAND,0.9999999403953552
AMALND,AQMAND01,0.9999999403953552
AMALND,CEWNIB,0.9987369775772095
AMALND,AXAWUT,0.9901461601257324
AMALND,BAYJEQ,0.9821665287017822
AMALND,ASEMUG,0.45873698592185974
AMALND,ASEMUG01,0.45873698592185974
AMALND,BABTOP,0.6007442474365234
AMALND,BORBAM,0.4256635010242462
AMALND,BUDCIN,0.5577316880226135
AMALND,CASPUJ,0.31514617800712585
AMALND,DIKPOD,0.45873698592185974
AMALND,DIKZED,0.4546108543872833
AMBZAG10,CEJWAR,0.9944032430648804
AMBZAG10,AVOFUM,0.7352941632270813
AMBZAG10,COMDOY,0.7342976331710815
AMBZAG10,CUZBUW,0.7324318289756775
AMBZAG10,BUKLOJ,0.7324318289756775
AMBZAG10,BUKLOJ01,0.7324318289756775
AMBZAG10,ATOTIM,0.7312228083610535
AMBZAG10,ASOHUL,0.7312228083610535
AMBZAG10,CAJHON,0.5819032788276672
AMBZAG10,CNSMAG,0.10000001639127731
AMBZAG10,CNSMAG01,0.10000001639127731
AMBZAG10,DENTEW01,0.4099026620388031
AMBZAG10,DENVEY,0.40898552536964417
AMBZAG10,DENVIC,0.4099026620388031
AMBZAG10,DENVOI,0.4130434989929199
AMEBAX,AMOPID,0.9376776814460754
AMEBAX,CUKBEQ,0.6700000166893005
AMEBAX,CORZIU,0.6687406301498413
AMEBAX,CORZOA,0.6687406301498413
AMEBAX,CIQHIW,0.6621848344802856
AMEBAX,CIQHES,0.6621848344802856
AMEBAX,CEJXIA,0.6584202647209167
AMEBAX,BIDHIG,0.6554779410362244
AMEBAX,CIQHOC,0.6497663855552673
AMEBAX,BAKLIK,0.3302464783191681
AMEBAX,COHJEP,0.3448164463043213
AMEPOY,ASUQOU,0.7157894968986511
AMEPOY,ASUQIO,0.4000000059604645
AMEPOY,DEKGOS,0.3793103098869324
AMEPOY,BOBTOC,0.3769230842590332
AMEPOY,BOBTUI,0.3769230842590332
AMEPOY,BOGXIF,0.3769230842590332
AMEPOY,BOGXIF02,0.3769230842590332
AMEPOY,BOGXOL,0.3769230842590332
AMEPOY,COWRUC,0.27002373337745667
AMEPOY,COWSAJ,0.27002373337745667
AMEPOY,COWSEN,0.27002373337745667
AMEPOY,DEVBIQ,0.10000000149011612
AMEPOY,DICKEH,0.10000000149011612
AMIKOX,DEHHOQ,0.5205793976783752
AMIKOX,DAPZAW,0.5203886032104492
AMIKOX,DELTAQ03,0.5197648406028748
AMIKOX,DELTAQ,0.5197648406028748
AMIKOX,DELTAQ01,0.5197648406028748
AMIKOX,BIFSUF,0.5197648406028748
AMIKOX,DELTAQ02,0.5197648406028748
AMIKOX,DEHHEG,0.5197648406028748
AMIKOX,BALFAV04,0.5187982320785522
AMIKOX,BALFAV02,0.5187982320785522
AMIKOX,CUSQOX,0.5049999952316284
AMIWID,AMIWUP,0.9998192191123962
AMIWID,AMIXAW,0.9996340870857239
AMIWID,AMIXEA,0.9994840025901794
AMIWID,AMIWOJ,0.9994805455207825
AMIWID,CASTEW,0.9926436543464661
AMIWID,CAQCAZ,0.9926436543464661
AMIWID,CEMJOV,0.9926436543464661
AMIWID,DEJJEK,0.9870377779006958
AMIWID,AVOGAT01,0.9813579320907593
AMIWID,ATUXEU,0.5
AMIWID,AVAQAP01,0.6610299348831177
AMIWID,AWIBAL,0.6281967163085938
AMIWID,AWIBEP,0.6281967163085938
AMIWID,AZADUC,0.5882460474967957
AMIWID,AZAFEO,0.5882460474967957
AMIWID,AZAFIS,0.5882460474967957
AMIWID,BAFQOQ,0.4795237183570862
AMIWID,BAFQUW,0.48038262128829956
AMIWID,BAFRAD,0.4804236590862274
AMIWID,BETXIK,0.6623845100402832
AMIWID,BIDFEB,0.6398192644119263
AMIWID,CAPLOX,0.6279417276382446
AMIWID,CUWWOI,0.6294117569923401
AMIWID,DEDTEN,0.5693752765655518
AMIWID,DESVIJ,0.4300000071525574
AMIWOJ,AMIXAW,0.999916136264801
AMIWOJ,AMIXEA,0.9998704195022583
AMIWOJ,AMIWUP,0.9992827773094177
AMIWOJ,CEMJOV,0.9934752583503723
AMIWOJ,CAQCAZ,0.9934752583503723
AMIWOJ,CASTEW,0.9934752583503723
AMIWOJ,DEJJEK,0.9856320023536682
AMIWOJ,AVAQAP01,0.6589937210083008
AMIWOJ,AWIBAL,0.6287938356399536
AMIWOJ,AWIBEP,0.6287938356399536
AMIWOJ,AZADUC,0.5858098864555359
AMIWOJ,AZAFEO,0.5858098864555359
AMIWOJ,AZAFIS,0.5858098864555359
AMIWOJ,BAFQUW,0.4796958565711975
AMIWOJ,BAFRAD,0.4804096519947052
AMIWOJ,BAFREH,0.48076921701431274
AMIWOJ,BETXIK,0.6586332321166992
AMIWOJ,BIDFEB,0.6392828226089478
AMIWOJ,CAPLOX,0.6259055137634277
AMIWOJ,CUWWOI,0.6288923621177673
AMIWOJ,DEDTEN,0.5683232545852661
AMIWUP,AMIXAW,0.9995911717414856
AMIWUP,AMIXEA,0.9995371103286743
AMIWUP,CASTEW,0.9941616058349609
AMIWUP,CEMJOV,0.9941616058349609
AMIWUP,CAQCAZ,0.9941616058349609
AMIWUP,DEJJEK,0.9858130216598511
AMIWUP,AVOGEX,0.9826821088790894
AMIWUP,ATUXEU,0.49981924891471863
AMIWUP,AVAQAP01,0.6612544059753418
AMIWUP,AWIBAL,0.6285645961761475
AMIWUP,AWIBEP,0.6285645961761475
AMIWUP,AZADUC,0.585903525352478
AMIWUP,AZAFEO,0.585903525352478
AMIWUP,AZAFIS,0.585903525352478
AMIWUP,BAFQOQ,0.4792984426021576
AMIWUP,BAFQUW,0.4798804819583893
AMIWUP,BETXIK,0.6600289344787598
AMIWUP,BIDFEB,0.6399999856948853
AMIWUP,CAPLOX,0.6281661987304688
AMIWUP,CUWWOI,0.6292310357093811
AMIWUP,DEDTEN,0.5679465532302856
AMIWUP,DESVOP,0.4300000071525574
AMIXAW,AMIXEA,0.9999803900718689
AMIXAW,CASTEW,0.9941704273223877
AMIXAW,CEMJOV,0.9941704273223877
AMIXAW,CAQCAZ,0.9941704273223877
AMIXAW,DEJJEK,0.9850555658340454
AMIXAW,DAHMIJ,0.9820774793624878
AMIXAW,ATUXEU,0.49963411688804626
AMIXAW,AVAQAP01,0.6597487926483154
AMIXAW,AWIBAL,0.6290578246116638
AMIXAW,AWIBEP,0.6290578246116638
AMIXAW,AZADUC,0.5851804614067078
AMIXAW,AZAFEO,0.5851804614067078
AMIXAW,AZAFIS,0.5851804614067078
AMIXAW,BAFQOQ,0.4790722131729126
AMIXAW,BAFRAD,0.4803106486797333
AMIXAW,BAFREH,0.48068541288375854
AMIXAW,BETXIK,0.6579923629760742
AMIXAW,BIDFEB,0.6395912170410156
AMIXAW,CAPLOX,0.6266605854034424
AMIXAW,COTVUE,0.10000001639127731
AMIXAW,CUWWOI,0.6290459036827087
AMIXAW,DEDTEN,0.5681843757629395
AMIXEA,CAQCAZ,0.9946691393852234
AMIXEA,CASTEW,0.9946691393852234
AMIXEA,CEMJOV,0.9946691393852234
AMIXEA,DEJJEK,0.9844666123390198
AMIXEA,CUKXAJ,0.982480525970459
AMIXEA,AVAQAP01,0.6595688462257385
AMIXEA,AWIBAL,0.6291990876197815
AMIXEA,AWIBEP,0.6291990876197815
AMIXEA,AZADUC,0.5841888189315796
AMIXEA,AZAFEO,0.5841888189315796
AMIXEA,AZAFIS,0.5841888189315796
AMIXEA,BAFQOQ,0.47891801595687866
AMIXEA,BAFREH,0.48063963651657104
AMIXEA,BETXIK,0.6568186283111572
AMIXEA,BIDFEB,0.6395371556282043
AMIXEA,CAPLOX,0.6264806389808655
AMIXEA,CUWWOI,0.6288958191871643
AMIXIE,CEJXOG,1.0
AMIXIE,ATIKET,0.9999352693557739
AMIXIE,AMIXUQ,0.9998589158058167
AMIXIE,ATIKAP,0.9998304843902588
AMIXIE,BOJYIK,0.9994291663169861
AMIXIE,BOJYIK01,0.9994291663169861
AMIXIE,AVAQET,0.999160885810852
AMIXIE,CEZZEN,0.5852458477020264
AMIXIE,CEZZIR,0.5852458477020264
AMIXIE,CUHYUB,0.6998305320739746
AMIXIE,CUJCIV,0.6994292140007019
AMIXIE,CUJCOB,0.6999353170394897
AMIXIE,DITVOT,0.45024582743644714
AMIXOK,AVAQAP,0.9999999403953552
AMIXOK,BOJYIK,0.9987543821334839
AMIXOK,BOJYIK01,0.9987543821334839
AMIXOK,ATIJOC,0.9987369775772095
AMIXOK,ATIJUI,0.9977362751960754
AMIXOK,ATIKET,0.9972487688064575
AMIXOK,ASOVEL,0.6007442474365234
AMIXOK,BUPVIT,0.9901461601257324
AMIXOK,BUVHEH,0.9901461601257324
AMIXOK,CAVLIW,0.6264585256576538
AMIXOK,CAVLOC,0.6264585256576538
AMIXOK,CELDAA,0.9901461601257324
AMIXOK,DIQGUH,0.9864584803581238
AMIXUQ,CEJXOG,0.9998589158058167
AMIXUQ,ATIKET,0.9996391534805298
AMIXUQ,ATIKAP,0.9995509386062622
AMIXUQ,BOJYIK,0.9987759590148926
AMIXUQ,BOJYIK01,0.9987759590148926
AMIXUQ,CEZZEN,0.586521327495575
AMIXUQ,CEZZIR,0.586521327495575
AMIXUQ,DITVOT,0.4515213370323181
AMIYIG,AMOMUM,1.0
AMIYIG,CAJHUS01,1.0
AMIYIG,CAJHUS02,1.0
AMIYIG,CAJHUS03,1.0
AMIYIG,CAJHUS04,1.0
AMIYIG,CAJHUS,1.0
AMIYIG,APOGOD,1.0
AMIYIG,DEFNEK,1.0
AMIYIG,AMONAT,1.0
AMIYIG,COFORM,0.9996292591094971
AMIYOM,DADTUY,0.9999999403953552
AMIYOM,DADTUY08,0.9999999403953552
AMIYOM,COFORM,0.9999999403953552
AMIYOM,COFORM01,0.9999999403953552
AMIYOM,COFORM11,0.9999999403953552
AMIYOM,DADTUY11,0.9999999403953552
AMIYOM,DEFNIO,0.9999999403953552
AMIYOM,DADTUY09,0.9999999403953552
AMIYOM,DADTUY01,0.9999999403953552
AMIYOM,DADTUY06,0.9999999403953552
AMIZAZ,AMIZAZ01,1.0
AMIZAZ,DADVAG04,1.0
AMIZAZ,DADVAG,1.0
AMIZAZ,DADVAG01,1.0
AMIZAZ,DADVAG02,1.0
AMIZAZ,DADVAG03,1.0
AMIZAZ,AMIZAZ02,1.0
AMIZAZ,DEFNOU,1.0
AMIZAZ,DADVAG06,1.0
AMIZAZ,DADVAG05,1.0
AMIZAZ,DADVAG07,1.0
AMIZAZ,DADVAG08,1.0
AMIZAZ01,DADVAG04,1.0
AMIZAZ01,DADVAG,1.0
AMIZAZ01,DADVAG01,1.0
AMIZAZ01,DADVAG02,1.0
AMIZAZ01,DADVAG03,1.0
AMIZAZ01,AMIZAZ02,1.0
AMIZAZ01,DEFNOU,1.0
AMIZAZ01,DADVAG06,1.0
AMIZAZ01,DADVAG05,1.0
AMIZAZ01,DADVAG07,1.0
AMIZAZ01,DADVAG08,1.0
AMIZAZ02,DADVAG04,1.0
AMIZAZ02,DADVAG,1.0
AMIZAZ02,DADVAG01,1.0
AMIZAZ02,DADVAG02,1.0
AMIZAZ02,DADVAG03,1.0
AMIZAZ02,DEFNOU,1.0
AMIZAZ02,DADVAG06,1.0
AMIZAZ02,DADVAG05,1.0
AMIZAZ02,AMIZON,0.9999494552612305
AMIZAZ02,AMIZON01,0.9999494552612305
AMIZAZ02,DADVAG07,1.0
AMIZAZ02,DADVAG08,1.0
AMIZON,AYONOT,1.0
AMIZON,CUFORD01,1.0
AMIZON,CUFORM,1.0
AMIZON,CUFORM02,1.0
AMIZON,CUFORM03,1.0
AMIZON,CUFORM04,1.0
AMIZON,CUFORM06,1.0
AMIZON,CUFORD,1.0
AMIZON,AMIZON01,1.0
AMIZON01,AYONOT,1.0
AMIZON01,CUFORD01,1.0
AMIZON01,CUFORM,1.0
AMIZON01,CUFORM02,1.0
AMIZON01,CUFORM03,1.0
AMIZON01,CUFORM04,1.0
AMIZON01,CUFORM06,1.0
AMIZON01,CUFORD,1.0
AMOBEL,DEPJIR,1.0
AMOBEL,AMOBEL02,1.0
AMOBEL,DAXNIA04,1.0
AMOBEL,DEPJIR01,1.0
AMOBEL,DAXNIA03,1.0
AMOBEL,AMOBEL01,1.0
AMOBEL,DAXNIA01,1.0
AMOBEL,DAXNIA02,1.0
AMOBEL,DAXNIA,1.0
AMOBEL,AMONAT,0.9982883334159851
AMOBEL,CETKOE,0.2800000011920929
AMOBEL01,DEPJIR,1.0
AMOBEL01,AMOBEL02,1.0
AMOBEL01,DAXNIA04,1.0
AMOBEL01,DEPJIR01,1.0
AMOBEL01,DAXNIA03,1.0
AMOBEL01,DAXNIA01,1.0
AMOBEL01,DAXNIA02,1.0
AMOBEL01,DAXNIA,1.0
AMOBEL01,AMONAT,0.9982883334159851
AMOBEL01,CETKOE,0.2800000011920929
AMOBEL02,DEPJIR,1.0
AMOBEL02,DAXNIA04,1.0
AMOBEL02,DEPJIR01,1.0
AMOBEL02,DAXNIA03,1.0
AMOBEL02,DAXNIA01,1.0
AMOBEL02,DAXNIA02,1.0
AMOBEL02,DAXNIA,1.0
AMOBEL02,AMONAT,0.9982883334159851
AMOBEL02,CETKOE,0.2800000011920929
AMODUC,CUXPOB,1.0
AMODUC,CUXQIW,1.0
AMODUC,AMOFAK,0.9998192191123962
AMODUC,CUXPER,0.9998192191123962
AMODUC,CUXQAO,0.9998192191123962
AMODUC,DAMYOI,0.999731719493866
AMODUC,DAMYUO,0.9994291663169861
AMODUC,CUXPUH,0.9994291663169861
AMODUC,CUXPIV,0.9992827773094177
AMODUC,CUXPAN,0.9990724921226501
AMODUC,BETFOX,0.5347605347633362
AMODUC,BETFUD,0.5347605347633362
AMODUC,CUXQES,0.9985291957855225
AMOFAK,CUXPER,0.9999999403953552
AMOFAK,CUXQAO,0.9999999403953552
AMOFAK,CUXPOB,0.9998192191123962
AMOFAK,CUXQIW,0.9998192191123962
AMOFAK,CUXPAN,0.9996544122695923
AMOFAK,CUXPIV,0.9994805455207825
AMOFAK,CUXPUH,0.999313473701477
AMOFAK,DAMYUO,0.999313473701477
AMOFAK,DAMYOI,0.9992610812187195
AMOFAK,BETDUB,0.5499999523162842
AMOFAK,BIGJEJ,0.9776891469955444
AMOFAK,CUWYAW,0.5499999523162842
AMOFAK,CUXQES,0.9987545013427734
AMOGEP,CIHNIR,0.26874998211860657
AMOGEP,DAGGUQ,0.25577032566070557
AMOGEP,DAGGOK,0.25577032566070557
AMOGEP,ATIJUJ,0.24962759017944336
AMOGEP,CELNUE,0.24962759017944336
AMOGEP,AVUPIR,0.22364386916160583
AMOGEP,AVUPOX,0.22364386916160583
AMOGEP,BAXGEP,0.2199999988079071
AMOGEP,BUXHOS,0.1899999976158142
AMOGEP,CIFGUT,0.19694679975509644
AMOGEP,DEXXAF,0.19694679975509644
AMOMUM,APOGOD,1.0
AMOMUM,CAJHUS01,1.0
AMOMUM,CAJHUS02,1.0
AMOMUM,CAJHUS03,1.0
AMOMUM,CAJHUS04,1.0
AMOMUM,CAJHUS,1.0
AMOMUM,DEFNEK,1.0
AMOMUM,AMONAT,1.0
AMOMUM,DADTUY05,0.9996292591094971
AMONAT,CAJHUS04,1.0
AMONAT,CAJHUS01,1.0
AMONAT,CAJHUS02,1.0
AMONAT,CAJHUS03,1.0
AMONAT,CAJHUS,1.0
AMONAT,APOGOD,1.0
AMONAT,DEFNEK,1.0
AMONAT,DADTUY06,0.9996292591094971
AMOPID,BUDDIO,0.6700000166893005
AMOPID,BIDHIG,0.6477316617965698
AMOPID,CEJXIA,0.6448807716369629
AMOPID,CORZOA,0.6205798983573914
AMOPID,CORZIU,0.6205798983573914
AMOPID,CIQHES,0.6110727787017822
AMOPID,CIQHIW,0.6110727787017822
AMOPID,CUKBEQ,0.607677698135376
AMOROK,AMORUQ,0.9994630217552185
AMOROK,CAZLIZ,0.6478266716003418
AMOROK,CAZLEV,0.6478266716003418
AMOROK,BECRUX04,0.6333423852920532
AMOROK,BECRUX05,0.6333423852920532
AMOROK,BECRUX06,0.6333423852920532
AMOROK,BECRUX07,0.6333423852920532
AMOROK,BECRUX02,0.6333423852920532
AMOROK,BECRUX03,0.6333423852920532
AMOROK,BEXFUI,0.5448927879333496
AMOROK,BEZSIK,0.395886093378067
AMORUQ,CAZLEV,0.6482688188552856
AMORUQ,CAZLIZ,0.6482688188552856
AMORUQ,BECRUX04,0.632178544998169
AMORUQ,BECRUX05,0.632178544998169
AMORUQ,BECRUX06,0.632178544998169
AMORUQ,BECRUX01,0.632178544998169
AMORUQ,BECRUX02,0.632178544998169
AMORUQ,BECRUX,0.632178544998169
AMORUQ,BEXFUI,0.5442598462104797
AMORUQ,BEZSIK,0.39402565360069275
AMUCOB,AROVAE,0.9855000972747803
AMUCOB,CONSAA,0.9506864547729492
AMUCOB,DEKZEA,0.8458263874053955
AMUCOB,AZIYOX,0.8364584445953369
AMUCOB,CETFOX,0.8364584445953369
AMUCOB,AZIYOX02,0.8364584445953369
AMUCOB,AZIYOX01,0.8364584445953369
AMUCOB,AZIYIR,0.8364584445953369
AMUCOB,CIHFUU,0.8266158699989319
AMUCOB,BEDJEA,0.8186790347099304
AMUCOB,CABHOC,0.43157893419265747
AMURUX,AMURUX01,1.0
AMURUX,AMURUX11,1.0
AMURUX,AMURUX10,1.0
AMURUX,AMURUX09,1.0
AMURUX,AMURUX08,1.0
AMURUX,AMURUX07,1.0
AMURUX,AMURUX06,1.0
AMURUX,AMURUX02,1.0
AMURUX,APOGOD,0.9968050718307495
AMURUX,CAJHUS04,0.9968050718307495
AMURUX01,AMURUX11,1.0
AMURUX01,AMURUX10,1.0
AMURUX01,AMURUX09,1.0
AMURUX01,AMURUX08,1.0
AMURUX01,AMURUX07,1.0
AMURUX01,AMURUX06,1.0
AMURUX01,AMURUX02,1.0
AMURUX01,APOGOD,0.9968050718307495
AMURUX01,CAJHUS04,0.9968050718307495
AMURUX02,AMURUX11,1.0
AMURUX02,AMURUX10,1.0
AMURUX02,AMURUX09,1.0
AMURUX02,AMURUX08,1.0
AMURUX02,AMURUX07,1.0
AMURUX02,AMURUX06,1.0
AMURUX02,APOGOD,0.9968050718307495
AMURUX02,CAJHUS04,0.9968050718307495
AMURUX06,AMURUX11,1.0
AMURUX06,AMURUX10,1.0
AMURUX06,AMURUX09,1.0
AMURUX06,AMURUX08,1.0
AMURUX06,AMURUX07,1.0
AMURUX06,APOGOD,0.9968050718307495
AMURUX06,CAJHUS04,0.9968050718307495
AMURUX07,AMURUX11,1.0
AMURUX07,AMURUX10,1.0
AMURUX07,AMURUX09,1.0
AMURUX07,AMURUX08,1.0
AMURUX07,APOGOD,0.9968050718307495
AMURUX07,CAJHUS04,0.9968050718307495
AMURUX08,AMURUX11,1.0
AMURUX08,AMURUX10,1.0
AMURUX08,AMURUX09,1.0
AMURUX08,APOGOD,0.9968050718307495
AMURUX08,CAJHUS04,0.9968050718307495
AMURUX09,AMURUX11,1.0
AMURUX09,AMURUX10,1.0
AMURUX09,APOGOD,0.9968050718307495
AMURUX09,CAJHUS04,0.9968050718307495
AMURUX10,AMURUX11,1.0
AMURUX10,APOGOD,0.9968050718307495
AMURUX10,CAJHUS04,0.9968050718307495
AMURUX11,APOGOD,0.9968050718307495
AMURUX11,CAJHUS04,0.9968050718307495
ANABAT,CEXWEI,0.984165370464325
ANABAT,CEXWOS,0.9810264110565186
ANABAT,CEXWIM,0.9802009463310242
ANABAT,BARHUY,0.643027126789093
ANABAT,BARKIP,0.6392968893051147
ANABAT,BARJAG,0.6374613642692566
ANABAT,BARKEL,0.6263520121574402
ANABAT,ARAKAH,0.5841162800788879
ANABAT,ARAJEK,0.5805034041404724
ANABAT,ARAJIO,0.5817299485206604
ANABAT,ARAJOU,0.5801515579223633
ANABAT,ASUQOV,0.5685264468193054
ANABAT,AXITAD,0.3285193145275116
ANABAT,DEGBOI,0.5700957179069519
ANABAT,DEGBUO,0.5700773000717163
ANABAT,DIVFOF,0.49081310629844666
ANAWAP,ANAWOD,0.9999999403953552
ANAWAP,ANAWIX,0.9999999403953552
ANAWAP,BUBVUR,0.9987406134605408
ANAWAP,AYUFIL,0.6065257787704468
ANAWAP,DETRAX,0.5951905846595764
ANAWAP,DIXCET,0.5756376385688782
ANAWAP,COMMUN,0.5184068083763123
ANAWAP,COMMOH,0.5064792633056641
ANAWAP,BIQPOJ,0.4960513412952423
ANAWAP,BIQPEZ,0.4957317113876343
ANAWAP,BEPMOB,0.3594737946987152
ANAWAP,BIQNUN,0.4946691393852234
ANAWAP,BIQPAV,0.49494946002960205
ANAWAP,BIQPID,0.49549221992492676
ANAWIX,ANAWOD,0.9999999403953552
ANAWIX,BUBVUR,0.9987406134605408
ANAWIX,AYUFIL,0.6065257787704468
ANAWIX,DETRAX,0.5951905846595764
ANAWIX,DIXCET,0.5756376385688782
ANAWIX,COMMUN,0.5184068083763123
ANAWIX,COMMOH,0.5064792633056641
ANAWIX,BIQPOJ,0.4960513412952423
ANAWIX,BIQPEZ,0.4957317113876343
ANAWIX,BEPMOB,0.3594737946987152
ANAWIX,BIQNUN,0.4946691393852234
ANAWIX,BIQPAV,0.49494946002960205
ANAWIX,BIQPID,0.49549221992492676
ANAWOD,BUBVUR,0.9987406134605408
ANAWOD,AYUFIL,0.6065257787704468
ANAWOD,DETRAX,0.5951905846595764
ANAWOD,DIXCET,0.5756376385688782
ANAWOD,COMMUN,0.5184068083763123
ANAWOD,COMMOH,0.5064792633056641
ANAWOD,BIQPOJ,0.4960513412952423
ANAWOD,BIQPEZ,0.4957317113876343
ANAWOD,BEPMOB,0.3594737946987152
ANAWOD,BIQNUN,0.4946691393852234
ANAWOD,BIQPAV,0.49494946002960205
ANAWOD,BIQPID,0.49549221992492676
ANAWOD,DAFYAN,0.4906989634037018
ANAWOD,DAFYOB,0.4906989634037018
ANAYUL,BANLUA,1.0
ANAYUL,ANAZAS,0.9929474592208862
ANAYUL,DEFXEU,0.940880298614502
ANAYUL,DAYGUH,0.6000000238418579
ANAYUL,DEKCII,0.37804877758026123
ANAYUL,DEKCEE,0.37372979521751404
ANAYUL,BOSJUQ,0.30000001192092896
ANAYUL,CEGJOO,0.2952648401260376
ANAYUL,APUZIV,0.20714285969734192
ANAZAS,BANLUA,0.9929474592208862
ANAZAS,DEFXEU,0.9683489799499512
ANAZAS,DAYGUH,0.5929474830627441
ANAZAS,DEKCII,0.3800315856933594
ANAZAS,DEKCEE,0.3756394386291504
ANAZAS,CEGJOO,0.321746289730072
ANAZAS,BOSJUQ,0.2929475009441376
ANAZAS,APUZIV,0.20009036362171173
ANEQAM,BATSIB,0.7112385630607605
ANEQAM,AXOVIT,0.5770500302314758
ANEQAM,BEWSOO,0.5770500302314758
ANEQAM,BEWSUU,0.5770500302314758
ANEQAM,BEXPAX,0.5577138662338257
ANEQAM,DIWNAA,0.5531502962112427
ANEQAM,AXOVAL,0.5423564314842224
ANEQAM,BERQAS,0.5199999809265137
ANEQAM,DIWMON,0.5189480781555176
ANEQAM,CEDFUO,0.5176244378089905
ANEQAM,CEJNOU,0.2968592047691345
ANEQAM,DAPYUP,0.27685919404029846
ANUGEW,DEKBON,1.0
ANUGEW,CATZIJ,0.9985496997833252
ANUGEW,AWEJES,0.9965804815292358
ANUGEW,AWEJIW,0.9922806620597839
ANUGEW,DELGIN,0.9922806620597839
ANUGEW,ANUGOG,0.9571428894996643
ANUGEW,ANUGIA,0.9571428894996643
ANUGEW,ANUGUM,0.9537233710289001
ANUGEW,DITTEH,0.9108662009239197
ANUGEW,BAZFUF01,0.9099999666213989
ANUGEW,ASIVAB,0.6142857670783997
ANUGEW,BIDPOV,0.10000000149011612
ANUGEW,BIHROC,0.10000000149011612
ANUGEW,BIHRUI,0.10000000149011612
ANUGEW,CASCOR,0.10000000149011612
ANUGIA,ANUGOG,1.0
ANUGIA,ANUGUM,0.9965804815292358
ANUGIA,DEKBON,0.9571428894996643
ANUGIA,CATZIJ,0.9556925892829895
ANUGIA,AWEJES,0.9537233710289001
ANUGIA,DITTEH,0.9537233710289001
ANUGIA,DELGIN,0.9494235515594482
ANUGIA,AWEJIW,0.9494235515594482
ANUGIA,APAZIC,0.9255644679069519
ANUGIA,AVESOL,0.7822948098182678
ANUGIA,AVESUR,0.7779949903488159
ANUGIA,BEDREK,0.6013217568397522
ANUGIA,CEXBAL,0.5730510950088501
ANUGIA,CIRTUU,0.550000011920929
ANUGOG,ANUGUM,0.9965804815292358
ANUGOG,DEKBON,0.9571428894996643
ANUGOG,CATZIJ,0.9556925892829895
ANUGOG,AWEJES,0.9537233710289001
ANUGOG,DITTEH,0.9537233710289001
ANUGOG,DELGIN,0.9494235515594482
ANUGOG,AWEJIW,0.9494235515594482
ANUGOG,APAZIC,0.9255644679069519
ANUGOG,AVESOL,0.7822948098182678
ANUGOG,AVESUR,0.7779949903488159
ANUGOG,BEDREK,0.6013217568397522
ANUGOG,CEXBAL,0.5730510950088501
ANUGOG,CIRTUU,0.550000011920929
ANUGUM,DITTEH,0.9571428894996643
ANUGUM,AWEJES,0.9571428894996643
ANUGUM,CATZIJ,0.9554312229156494
ANUGUM,DEKBON,0.9537233710289001
ANUGUM,AWEJIW,0.9533782601356506
ANUGUM,DELGIN,0.9533782601356506
ANUGUM,APAZOI,0.9246001243591309
ANUGUM,AVESOL,0.785714328289032
ANUGUM,AVESUR,0.7819496989250183
ANUGUM,BEDREK,0.6037496328353882
ANUGUM,BOWJAA,0.10000001639127731
ANUGUM,CEXBAL,0.5764706134796143
ANUGUM,CIRTUU,0.5465804934501648
ANUGUM,DAWNAS,0.10000001639127731
APACAX,AVETAY,1.0
APACAX,DEMNOB,0.6727272868156433
APACAX,BAZBIQ,0.6710156202316284
APACAX,AVESOL,0.647826075553894
APACAX,AVESUR,0.6440614461898804
APACAX,CEHLAD,0.6142857670783997
APACAX,BEQKAM,0.6142857670783997
APACAX,ATAYAX,0.5645161271095276
APACAX,AVETEC,0.6062353849411011
APACAX,BICPIP,0.10000001639127731
APANAI,BALZEW,0.9843295812606812
APANAI,BIYHOH,0.9837939143180847
APANAI,BIYHEX,0.972368061542511
APANAI,DINNEV,0.9683489799499512
APANAI,CUCITD03,0.965344250202179
APANAI,CUCITD,0.965344250202179
APANAI,CUCITD01,0.965344250202179
APANAI,CUCITD02,0.965344250202179
APANAI,CEYYIQ,0.5302963852882385
APANAI,CEGWER,0.4442790448665619
APANAI,BIJGOT,0.19882985949516296
APARAM,DIDBOJ,0.5881986618041992
APARAM,CAXZOS,0.5881986618041992
APARAM,DIDBID,0.5881986618041992
APARAM,DIDBEZ,0.5881986618041992
APARAM,DIDBAV,0.5881986618041992
APARAM,BEJKEJ,0.5864332318305969
APARAM,CAXZUY,0.5864332318305969
APARAM,DIRLIB,0.5274999737739563
APARAM,DIQHAO01,0.524789571762085
APARAM,DIQHAO,0.524789571762085
APARAM,DEVBOW,0.10000000149011612
APAYIB,APAZAU,0.9999999403953552
APAYIB,DIVSUY,0.9999999403953552
APAYIB,APAYOH,0.9998192191123962
APAYIB,APAZEY,0.9998192191123962
APAYIB,APAZIC,0.9987545013427734
APAYIB,APAYUN,0.9987545013427734
APAYIB,APAZOI,0.9987545013427734
APAYIB,BIRBIQ,0.6275861859321594
APAYIB,BIRBUC,0.6272203326225281
APAYIB,CUTBEA,0.5249999761581421
APAYIB,DALTAO,0.5499999523162842
APAYIB,DITTEH,0.9652349948883057
APAYOH,APAZEY,1.0
APAYOH,APAZAU,0.9998192191123962
APAYOH,DIVSUY,0.9998192191123962
APAYOH,APAYUN,0.9985291957855225
APAYOH,APAZIC,0.9985291957855225
APAYOH,APAZOI,0.9985291957855225
APAYOH,ATURIS,0.7274949550628662
APAYOH,BIRBIQ,0.6274054646492004
APAYOH,BIRBOW,0.6275862455368042
APAYOH,CAJVUG,0.6041616201400757
APAYOH,CUTBOK,0.5249999761581421
APAYOH,DITTEH,0.9657220840454102
APAYUN,APAZIC,1.0
APAYUN,APAZOI,1.0
APAYUN,DIVSUY,0.9987545013427734
APAYUN,APAZAU,0.9987545013427734
APAYUN,APAZEY,0.9985291957855225
APAYUN,BEDREK,0.6007596850395203
APAYUN,CEXBAL,0.5583663582801819
APAYUN,CUTBIE,0.5249999761581421
APAYUN,DITTEH,0.9674572348594666
APAZAU,DIVSUY,0.9999999403953552
APAZAU,APAZEY,0.9998192191123962
APAZAU,APAZIC,0.9987545013427734
APAZAU,APAZOI,0.9987545013427734
APAZAU,BIRBIQ,0.6275861859321594
APAZAU,BIRBOW,0.6274054646492004
APAZAU,CUTBEA,0.5249999761581421
APAZAU,CUTBOK,0.5248191952705383
APAZAU,DALSUH,0.5496340990066528
APAZAU,DALTAO,0.5499999523162842
APAZAU,DITTEH,0.9652349948883057
APAZEY,DIVSUY,0.9998192191123962
APAZEY,APAZIC,0.9985291957855225
APAZEY,APAZOI,0.9985291957855225
APAZEY,ATURIS,0.7274949550628662
APAZEY,BIRBOW,0.6275862455368042
APAZEY,CAJVUG,0.6041616201400757
APAZEY,CUTBOK,0.5249999761581421
APAZEY,DALTAO,0.5498192310333252
APAZEY,DITTEH,0.9657220840454102
APAZIC,APAZOI,1.0
APAZIC,DIVSUY,0.9987545013427734
APAZIC,BEDQUZ,0.6038191914558411
APAZIC,BEDREK,0.6007596850395203
APAZIC,CEXBAL,0.5583663582801819
APAZIC,CUTBIE,0.5249999761581421
APAZIC,DITTEH,0.9674572348594666
APAZOI,DIVSUY,0.9987545013427734
APAZOI,BEDREK,0.6007596850395203
APAZOI,CAJVUG,0.6027255654335022
APAZOI,CEXBAL,0.5583663582801819
APAZOI,CUTBIE,0.5249999761581421
APAZOI,DITTEH,0.9674572348594666
APEBED,BOKQEZ,0.9974996447563171
APEBED,CIFHIK,0.9974996447563171
APEBED,CIFHOQ,0.9974996447563171
APEBED,AYOREN,0.9962353706359863
APEBED,DETVUW,0.9795385599136353
APEBED,CIYZIU,0.9667468070983887
APEBED,AZEBUE,0.9666504263877869
APEBED,CIYZEQ,0.9666504263877869
APEBED,CIYZAM,0.9663969278335571
APEBED,CIGDUT,0.9663969278335571
APEBED,BUKSAD,0.36666667461395264
APEBED,DAMYIC,0.4565804898738861
APEBED,DAMYIC01,0.4565804898738861
APETAS,AZIXUD,0.719312310218811
APETAS,DAKVIW,0.678571343421936
APETAS,CEPYII,0.6748067736625671
APETAS,DAKVOC,0.6748067736625671
APETAS,CEPXUT,0.6725187301635742
APETAS,DAKVUI,0.6708520650863647
APETAS,CEPXON,0.6707680225372314
APETAS,DEYMOL,0.6706624031066895
APETAS,BEXVAD01,0.6699473857879639
APETAS,AYUWUM,0.34238147735595703
APETAS,BAFCAP,0.3762354254722595
APETAS,CAJQIP,0.4690248668193817
APETAS,CILLAL,0.5422806739807129
APETAS,CODKOX,0.6013713479042053
APETAS,CODKOX01,0.6013713479042053
APETAS,CODQOD,0.5806826949119568
APETAS,CODQUJ,0.5991430878639221
APETAS,CODSAR,0.6000891923904419
APETAS,DAYCIQ,0.6320022344589233
APETAS,DEXZIR,0.4116971790790558
APETAS,DIPNIB,0.47507280111312866
APOGOD,CAJHUS04,1.0
APOGOD,CAJHUS01,1.0
APOGOD,CAJHUS02,1.0
APOGOD,CAJHUS03,1.0
APOGOD,CAJHUS,1.0
APOGOD,DEFNEK,1.0
APOGOD,DADTUY01,0.9996292591094971
APUPEH,BODPAN,0.6499999761581421
APUPEH,DIHVIB01,0.6499999761581421
APUPEH,DIHVIB,0.6499999761581421
APUPEH,CIPLIX,0.6496275663375854
APUPEH,CIFMIP,0.6496275663375854
APUPEH,AVUCEA,0.6496275663375854
APUPEH,CIGXIA,0.6485496759414673
APUPEH,BEXPAX,0.6086450815200806
APUPEH,DIWNAA,0.6033563613891602
APUVIS,DEZCIW,0.7157894968986511
APUVIS,DEZCAO,0.7135652303695679
APUVIS,DEZCES,0.7122918963432312
APUVIS,BEPMEQ,0.7000000476837158
APUVIS,BEPMAM,0.7000000476837158
APUVIS,BEPNUH,0.7000000476837158
APUVIS,BEPNIV,0.7000000476837158
APUVIS,BEPMIU,0.7000000476837158
APUVIS,BEPPAP,0.7000000476837158
APUVIS,BEPLUF,0.7000000476837158
APUVIS,CIDNIM,0.31086623668670654
APUZIV,BUTQUC,0.24613898992538452
APUZIV,BETXIK,0.23945912718772888
APUZIV,BARJUA,0.21739131212234497
APUZIV,BARKOV,0.21263445913791656
APUZIV,BANLUA,0.20714285969734192
APUZIV,BEPNUI,0.20113708078861237
APUZIV,CITWOS,0.20000000298023224
APUZIV,CITXAF,0.19785532355308533
AQAJEI,DECJON,0.6763471364974976
AQAJEI,CUSBUP,0.6493886709213257
AQAJEI,BADZAK,0.5695652365684509
AQAJEI,CUZBUW,0.5673409700393677
AQAJEI,BUKLOJ,0.5673409700393677
AQAJEI,BUKLOJ01,0.5673409700393677
AQAJEI,AVOFUM,0.5639684796333313
AQAJEI,BIJSEV,0.4939098358154297
AQAJEI,BINBIM,0.47873541712760925
AQAJEI,CETNUL,0.38655799627304077
AQAJIM,BEYKEX,0.9847758412361145
AQAJIM,AVUFED,0.9813843369483948
AQAJIM,AVUFED01,0.9813843369483948
AQAJIM,COSWEO,0.6684210300445557
AQAJIM,DIGPER,0.6630600094795227
AQAJIM,CAVWOO,0.6629211902618408
AQAJIM,AVIHIY,0.6623871326446533
AQAJIM,BEVSUR,0.6613516807556152
AQAJIM,AVIHOE,0.6608920693397522
AQAJIM,AQOXEK,0.25446128845214844
AQAJIM,AYUWUM,0.3613843619823456
AQAJIM,BUTQUC,0.4227636456489563
AQAJIM,CAYKEU,0.5810399651527405
AQAJIM,CIXCOD,0.40821292996406555
AQAJIM,CUSBUO,0.4275382161140442
AQALUZ,AQALUZ01,1.0
AQALUZ,AQAMIO02,0.9997506737709045
AQALUZ,BIVXEK,0.9997506737709045
AQALUZ,ASALEL,0.9965023994445801
AQALUZ,CIBTIR,0.6178358793258667
AQALUZ,CUTKUY,0.559978723526001
AQALUZ,AYOQEM,0.5344322323799133
AQALUZ,BUQWER,0.5218244791030884
AQALUZ,BOQWEK,0.4715023934841156
AQALUZ01,AQAMIO02,0.9997506737709045
AQALUZ01,BIVXEK,0.9997506737709045
AQALUZ01,ASALEL,0.9965023994445801
AQALUZ01,CIBTIR,0.6178358793258667
AQALUZ01,CUTKUY,0.559978723526001
AQALUZ01,AYOQEM,0.5344322323799133
AQALUZ01,BUQWER,0.5218244791030884
AQALUZ01,BOQWEK,0.4715023934841156
AQAMIO01,CIYZUG,0.5760982036590576
AQAMIO01,BOHYUT,0.5526981353759766
AQAMIO01,BOHZAA,0.5516762733459473
AQAMIO01,DAXFEQ,0.5248866677284241
AQAMIO01,BIVXAG,0.5218749642372131
AQAMIO01,CEJFOO,0.5218749642372131
AQAMIO01,CURSEO,0.521504282951355
AQAMIO01,CEJGAB,0.521504282951355
AQAMIO01,DEGSIS,0.5215026140213013
AQAMIO01,ASALAH,0.500407338142395
AQAMIO01,ASALOV,0.4965789318084717
AQAMIO01,AWEVIJ,0.4577757716178894
AQAMIO01,BACZIR,0.38413941860198975
AQAMIO01,CORYUE,0.2942221760749817
AQAMIO01,CUXVEX,0.4135810434818268
AQAMIO01,DAXFIU,0.4696367084980011
AQAMIO02,BIVXEK,0.9999999403953552
AQAMIO02,ASALEL,0.9977757334709167
AQAMIO02,CIBTIR,0.6188232898712158
AQAMIO02,CUTKUY,0.5609661340713501
AQAMIO02,AYOQEM,0.5341103076934814
AQAMIO02,CEJFOO,0.5218749642372131
AQAMIO02,BOQWEK,0.47277575731277466
AQEGUZ,CAQCAZ,0.4362405836582184
AQEGUZ,CEMJOV,0.4362405836582184
AQEGUZ,CASTEW,0.4362405836582184
AQEGUZ,CUKXEN,0.4296848475933075
AQEGUZ,DAHMIJ,0.4296848475933075
AQEGUZ,CUKXAJ,0.4296848475933075
AQEGUZ,AVOGAT,0.42787182331085205
AQEQES,DITXOU,0.9977757334709167
AQEQES,CIZQOT,0.9977757334709167
AQEQES,AZIMIH,0.9977757334709167
AQEQES,AQEQIW,0.9977757334709167
AQEQES,CIZQUZ,0.9977757334709167
AQEQES,ATAFIK,0.9977757334709167
AQEQES,CUKXIR,0.9972895383834839
AQEQES,AVOGAT01,0.9971376657485962
AQEQES,AVOGAT,0.9971376657485962
AQEQES,AVOGEX,0.9971376657485962
AQEQES,BARKUD,0.4803968071937561
AQEQES,BUSQIQ,0.9963989853858948
AQEQES,CAWLIY,0.6377757787704468
AQEQES,CAXVII,0.4146292805671692
AQEQES,CAXWIJ,0.4146292805671692
AQEQES,DACJUO,0.626549482345581
AQEQES,DEJJEK,0.9885473847389221
AQEQES,DEYXIQ,0.5736842155456543
AQEQIW,AZIMIH,1.0
AQEQIW,DITXOU,1.0
AQEQIW,CIZQUZ,1.0
AQEQIW,CIZQOT,1.0
AQEQIW,ATAFIK,1.0
AQEQIW,CUKXIR,0.9974996447563171
AQEQIW,DAHMIJ,0.9962353706359863
AQEQIW,ASACIH,0.6294118165969849
AQEQIW,ASACON,0.6294118165969849
AQEQIW,BOVQUZ,0.48076924681663513
AQEQIW,BUSQIQ,0.9927337765693665
AQEQIW,CAWLIY,0.64000004529953
AQEQIW,CEXYOU,0.5912353992462158
AQEQIW,CIFGOP,0.5736842155456543
AQEQIW,CUKXAJ,0.9962353706359863
AQEQIW,CUKXEN,0.9962353706359863
AQEQIW,DASTEY01,0.47894737124443054
AQEQIW,DASTEY02,0.47894737124443054
AQEQIW,DEYXIQ,0.5714600086212158
AQESUK,BORNIG,0.9978995323181152
AQESUK,BORNEC,0.996257483959198
AQESUK,BOJLOC,0.6825820803642273
AQESUK,BOJLOC01,0.6825820803642273
AQESUK,BERRUN,0.4028969407081604
AQESUK,BERROH,0.40243300795555115
AQESUK,BINSAV,0.39760056138038635
AQESUK,BINSOJ,0.39760056138038635
AQESUK,BERSOI,0.39664211869239807
AQESUK,BAQXAU,0.3820487856864929
AQIQAU,DIRLIB,0.9970499873161316
AQIQAU,DIQHAO,0.9939473867416382
AQIQAU,DIQHAO01,0.9939473867416382
AQIQAU,AQIQEY,0.9922806620597839
AQIQAU,BEPREV02,0.9921966195106506
AQIQAU,BEPROF,0.9921966195106506
AQIQAU,BEPREV,0.9921966195106506
AQIQAU,BEPREV03,0.9921966195106506
AQIQAU,BEPREV01,0.9921966195106506
AQIQAU,CEZYOY,0.7954056859016418
AQIQAU,ATURIS,0.7389659881591797
AQIQEY,BEPROF,0.9999494552612305
AQIQEY,BEPREV,0.9999494552612305
AQIQEY,BEPREV01,0.9999494552612305
AQIQEY,BEPREV02,0.9999494552612305
AQIQEY,BEPREV03,0.9999494552612305
AQIQEY,DIQHAO,0.9996275901794434
AQIQEY,DIQHAO01,0.9996275901794434
AQIQEY,DIRLIB,0.9950717687606812
AQIQEY,CEZYOY,0.8031250238418579
AQIQEY,ATURIS,0.7270384430885315
AQIQEY,DANFUW,0.7230263948440552
AQIQEY,DAQMAM,0.427192747592926
AQIQEY,DECXOB,0.5939489006996155
AQIQEY,DECYAO,0.5915805101394653
AQIQEY,DECYES,0.5465804934501648
AQIQEY,DECYIW,0.4965805113315582
AQIQEY,DECYOC,0.5361154079437256
AQIQEY,DECYUI,0.7394376397132874
AQIROJ,CEWQED,0.485714316368103
AQIROJ,CEWQAZ,0.485714316368103
AQIROJ,COWLIK,0.48194971680641174
AQIROJ,CUKXAI,0.48194971680641174
AQIROJ,DENQIZ,0.47158047556877136
AQIROJ,CESPEY,0.4694032669067383
AQIROJ,CESPIC,0.4694032669067383
AQIROJ,DAWWAC,0.43110910058021545
AQIROJ,BUZKUE,0.42991381883621216
AQIROJ,ASUQIO,0.4281594455242157
AQIROJ,BERSOI,0.4176639914512634
AQIROJ,CAKWUI,0.4274996519088745
AQIROJ,DALXEW,0.3145490288734436
AQIROJ,DENQEV,0.42058050632476807
AQIVIF,DANVEU,1.0
AQIVIF,DANVAQ,1.0
AQIVIF,AYABEH,0.9987369775772095
AQIVIF,AQIVOL,0.9983987212181091
AQIVIF,AXUZUO,0.9826657772064209
AQIVIF,AYABAD,0.9826657772064209
AQIVIF,DITWEK,0.5944356322288513
AQIVIF,COYTEQ,0.5909091234207153
AQIVIF,COYTUG,0.5894383192062378
AQIVIF,COYTUG01,0.5894383192062378
AQIVIF,BUVTOD,0.5210694074630737
AQIVIF,BUVTUJ,0.5222663879394531
AQIVIF,BUVVAR,0.5219281315803528
AQIVIF,BUVVEV,0.5222839117050171
AQIVIF,BUVVIZ,0.5220586061477661
AQIVIF,BUVVOF,0.5218324065208435
AQIVOL,DANVAQ,0.9983987212181091
AQIVOL,DANVEU,0.9983987212181091
AQIVOL,AYABEH,0.9970894455909729
AQIVOL,AYABAD,0.9782870411872864
AQIVOL,AXUZUO,0.9782870411872864
AQIVOL,DITWEK,0.5957126617431641
AQIVOL,COYTOA,0.5909090638160706
AQIVOL,COYVAO,0.5904505252838135
AQIVOL,COYVAO01,0.5904505252838135
AQIVOL,AYIVIO,0.4114193618297577
AQIVOL,BUVTOD,0.5229924321174622
AQIVOL,BUVTUJ,0.5206189155578613
AQIVOL,BUVVAR,0.5235294103622437
AQIVOL,BUVVEV,0.5231838226318359
AQIVOL,BUVVIZ,0.5226019620895386
AQIVOL,BUVVOF,0.5230708718299866
AQMAND,AQMAND01,0.9999999403953552
AQMAND,CEWNIB,0.9987369775772095
AQMAND,AXAWUT,0.9901461601257324
AQMAND,BAYJEQ,0.9821665287017822
AQMAND,BABTOP,0.6007442474365234
AQMAND,BORBAM,0.4256635010242462
AQMAND,BUDCIN,0.5577316880226135
AQMAND,CASPUJ,0.31514617800712585
AQMAND,COTVIS,0.09999998658895493
AQMAND,DIKPOD,0.45873698592185974
AQMAND,DIKZED,0.4546108543872833
AQMAND01,CEWNIB,0.9987369775772095
AQMAND01,AXAWUT,0.9901461601257324
AQMAND01,BAYJEQ,0.9821665287017822
AQMAND01,ASEMUG,0.45873698592185974
AQMAND01,ASEMUG01,0.45873698592185974
AQMAND01,BABTOP,0.6007442474365234
AQMAND01,BORBAM,0.4256635010242462
AQMAND01,BUDCIN,0.5577316880226135
AQMAND01,CASPUJ,0.31514617800712585
AQMAND01,COTVIS,0.09999998658895493
AQMAND01,DIKPOD,0.45873698592185974
AQMAND01,DIKZED,0.4546108543872833
AQOJUL,AQOJUL01,1.0
AQOJUL,DESHOZ,1.0
AQOJUL,BAMWES,0.9970499873161316
AQOJUL,DEJCEB,0.9962353706359863
AQOJUL,DEPXAY,0.9962353706359863
AQOJUL,DEJCIF,0.9922806620597839
AQOJUL,CESNUM,0.531999945640564
AQOJUL,AVAQIX01,0.531999945640564
AQOJUL,AVAQIX,0.531999945640564
AQOJUL,DIWFAT,0.5290499925613403
AQOJUL01,DESHOZ,1.0
AQOJUL01,BAMWES,0.9970499873161316
AQOJUL01,DEJCEB,0.9962353706359863
AQOJUL01,DEPXAY,0.9962353706359863
AQOJUL01,DEJCIF,0.9922806620597839
AQOJUL01,CESNUM,0.531999945640564
AQOJUL01,AVAQIX01,0.531999945640564
AQOJUL01,AVAQIX,0.531999945640564
AQOJUL01,DIWFAT,0.5290499925613403
AQOLEZ,BETGOY,0.9999999403953552
AQOLEZ,BETGUE,0.9999999403953552
AQOLEZ,BETGIS,0.9997506737709045
AQOLEZ,BETGEO,0.9997506737709045
AQOLEZ,BOWNUY,0.9996275901794434
AQOLEZ,COTYIV,0.9996275901794434
AQOLEZ,DANWAS,0.9977757334709167
AQOLEZ,BETHEP,0.9939473867416382
AQOLEZ,BETHIT,0.9939473867416382
AQOLEZ,DAGTUD,0.9939473867416382
AQOLEZ,AQOLUP,0.34893614053726196
AQOLEZ,BAKGEB,0.7387096285820007
AQOLEZ,BAZJET,0.7061130404472351
AQOLEZ,BAZJIX,0.7061130404472351
AQOLEZ,BICDAU,0.3831416368484497
AQOLEZ,BINSAV,0.3762437403202057
AQOLEZ,BINSOJ,0.3762437403202057
AQOLEZ,BIWSEG,0.40644577145576477
AQOLEZ,BOJLOC,0.41350576281547546
AQOLEZ,BOJLOC01,0.41350576281547546
AQOLEZ,DAWVUV,0.3024999797344208
AQOLID,AQOMEA,0.9999999403953552
AQOLID,BIXVIQ,0.9996275901794434
AQOLID,BIXVOW,0.9996275901794434
AQOLID,BIXVEM,0.9996275901794434
AQOLID,AQOLUP,0.8147057890892029
AQOLID,AQOMEA01,0.5764705538749695
AQOLID,AQOMAW,0.4000000059604645
AQOLID,BETGOY,0.33571428060531616
AQOLID,AQOLOJ,0.29459458589553833
AQOLOJ,CEXBAL,0.5341393947601318
AQOLOJ,AQOMAW,0.36666664481163025
AQOLOJ,AQOMEA01,0.30571427941322327
AQOLOJ,AQOMEA,0.29459458589553833
AQOLOJ,BIXVOW,0.2942221760749817
AQOLOJ,BIXVIQ,0.2942221760749817
AQOLOJ,BIXVIQ01,0.24025258421897888
AQOLUP,AQOMEA,0.8147057890892029
AQOLUP,BIXVOW,0.814333438873291
AQOLUP,BIXVIQ,0.814333438873291
AQOLUP,BIXVEM,0.814333438873291
AQOLUP,AQOMEA01,0.761764645576477
AQOLUP,AQOMAW,0.3769230842590332
AQOLUP,BETGOY,0.34893614053726196
AQOLUP,BETGUE,0.34893614053726196
AQOMAW,COJHIT,0.7299999594688416
AQOMAW,BIBXUH,0.7297506928443909
AQOMAW,BIBXOB,0.4910550117492676
AQOMAW,BALNAG,0.4815688729286194
AQOMAW,AQOMEA01,0.4599999785423279
AQOMAW,AQOMEA,0.4000000059604645
AQOMAW,BIXVEM,0.39962759613990784
AQOMAW,BIXVIQ,0.39962759613990784
AQOMAW,BIXVOW,0.39962759613990784
AQOMAW,BUPDUM,0.2547999918460846
AQOMAW,BUPFAU,0.2547999918460846
AQOMAW,BUPFEY,0.2547999918460846
AQOMEA,BIXVIQ,0.9996275901794434
AQOMEA,BIXVOW,0.9996275901794434
AQOMEA,BIXVEM,0.9996275901794434
AQOMEA,AQOMEA01,0.5764705538749695
AQOMEA,BETGOY,0.33571428060531616
AQOMEA01,BIXVEM,0.5760982036590576
AQOMEA01,BIXVOW,0.5760982036590576
AQOMEA01,BIXVIQ,0.5760982036590576
AQOMEA01,COJHIT,0.3812499940395355
AQOROP,AQORUV,0.9962353706359863
AQOROP,DEFTAL01,0.7406328916549683
AQOROP,DEFTAL,0.7406328916549683
AQOROP,BOVHEB,0.7249999642372131
AQOROP,DEFSUE,0.7135652303695679
AQOROP,DACZUF,0.6746988296508789
AQOROP,ASEJOZ,0.655694842338562
AQOROP,ASEJIT,0.655694842338562
AQOROP,BENXOJ,0.4375
AQOROP,BENXUP,0.4375
AQORUV,DEFTAL01,0.7368044853210449
AQORUV,DEFTAL,0.7368044853210449
AQORUV,BOVHEB,0.7212353348731995
AQORUV,DEFSUE,0.7097368240356445
AQORUV,DACZUF,0.6708704233169556
AQORUV,ASEJOZ,0.6594594717025757
AQORUV,ASEKAM,0.6594594717025757
AQOXEK,DETGIT,0.3449475169181824
AQOXEK,CUSBUO,0.2874999940395355
AQOXEK,CEJSUG,0.285929799079895
AQOXEK,AVUFED01,0.2730769217014313
AQOXEK,AVUFED,0.2730769217014313
AQOXEK,AWEJAO,0.27248823642730713
AQOXEK,ASUCAS,0.26256322860717773
AQOXEK,BUTQUC,0.2607142925262451
AQOXEK,AXOBIA,0.25882354378700256
AQOXEK,AXOCAT,0.24315312504768372
AQUCOG,AQUDIB,1.0
AQUCOG,AQUCUM,1.0
AQUCOG,COKNIB,0.9999494552612305
AQUCOG,COKMOG,0.9999494552612305
AQUCOG,COKNIB01,0.9999494552612305
AQUCOG,COKQAW,0.9999494552612305
AQUCOG,COKNIB02,0.9999494552612305
AQUCOG,COKQEA,0.9997506737709045
AQUCOG,COKMIA,0.9997506737709045
AQUCOG,CUVTUJ,0.9997506737709045
AQUCOG,CADQOP,0.9672331809997559
AQUCOG,COKPOJ,0.9997506737709045
AQUCUM,AQUDIB,1.0
AQUCUM,COKNIB02,0.9999494552612305
AQUCUM,COKNIB,0.9999494552612305
AQUCUM,COKMOG,0.9999494552612305
AQUCUM,COKNIB01,0.9999494552612305
AQUCUM,COKQAW,0.9999494552612305
AQUCUM,COKQEA,0.9997506737709045
AQUCUM,COKMIA,0.9997506737709045
AQUCUM,CUVTUJ,0.9997506737709045
AQUCUM,CADQOP,0.9672331809997559
AQUCUM,COKPOJ,0.9997506737709045
AQUDIB,COKNIB02,0.9999494552612305
AQUDIB,COKNIB,0.9999494552612305
AQUDIB,COKMOG,0.9999494552612305
AQUDIB,COKNIB01,0.9999494552612305
AQUDIB,COKQAW,0.9999494552612305
AQUDIB,COKQEA,0.9997506737709045
AQUDIB,COKMIA,0.9997506737709045
AQUDIB,CUVTUJ,0.9997506737709045
AQUDIB,CADQOP,0.9672331809997559
AQUDIB,COKPOJ,0.9997506737709045
AQUKOO,AQULOP,0.9997506737709045
AQUKOO,AQULEF,0.9972895383834839
AQUKOO,BENBIH,0.753947377204895
AQUKOO,BAMHIJ,0.7518350481987
AQUKOO,CEHQOX,0.6265954375267029
AQUKOO,DICJUW,0.6105552911758423
AQUKOO,BIFKAE,0.6093229055404663
AQUKOO,BIFJUX,0.6093229055404663
AQUKOO,DITTEH,0.6077757477760315
AQULEF,AQULOP,0.9955241084098816
AQULEF,BENBIH,0.7570500373840332
AQULEF,BAMHIJ,0.7545455098152161
AQULEF,CEHQOX,0.6273164749145508
AQULEF,DICJUW,0.6181790828704834
AQULEF,BIFJUX,0.6180963516235352
AQULEF,BIFKAE,0.6180963516235352
AQULEF,DITTEH,0.6074996590614319
AQULOP,BENBIH,0.7521966695785522
AQULOP,BAMHIJ,0.7500696182250977
AQULOP,CEHQOX,0.626008927822113
AQULOP,DICJUW,0.6087595224380493
AQULOP,BIFJUX,0.6073098182678223
AQULOP,BIFKAE,0.6073098182678223
AQULOP,DITTEH,0.6065024137496948
ARAJEK,ARAJOU,0.9999494552612305
ARAJEK,ARAJIO,0.9996275901794434
ARAJEK,ARAKAH,0.9965804815292358
ARAJEK,BARHUY,0.5753442645072937
ARAJEK,CEXWOS,0.5628868937492371
ARAJEK,CEXWEI,0.5619699954986572
ARAJEK,CEXWIM,0.5597026944160461
ARAJEK,DIXBOC,0.558708131313324
ARAJEK,BARJAG,0.5489952564239502
ARAJEK,AXITAD,0.3650718033313751
ARAJEK,CEFHAZ,0.3972998261451721
ARAJEK,DIVFOF,0.46391329169273376
ARAJIO,ARAJOU,0.9997506737709045
ARAJIO,ARAKAH,0.9977757334709167
ARAJIO,BARHUY,0.5783489942550659
ARAJIO,CEXWOS,0.5641146302223206
ARAJIO,CEXWEI,0.5641037225723267
ARAJIO,CEXWIM,0.5624478459358215
ARAJIO,DIXBOC,0.5609259009361267
ARAJIO,BARJAG,0.5529752969741821
ARAJIO,AXITAD,0.36728957295417786
ARAJIO,BARKEL,0.5508803129196167
ARAJIO,BARKIP,0.5497103333473206
ARAJIO,CEFHAZ,0.3985263705253601
ARAJIO,DIVFOF,0.4642857015132904
ARAJOU,ARAKAH,0.9965023994445801
ARAJOU,BARHUY,0.5770339965820312
ARAJOU,CEXWOS,0.5632836818695068
ARAJOU,CEXWEI,0.5623078942298889
ARAJOU,CEXWIM,0.5606129765510559
ARAJOU,DIXBOC,0.5591604709625244
ARAJOU,BARJAG,0.5505487322807312
ARAJOU,AXITAD,0.36552414298057556
ARAJOU,BARKEL,0.5486755967140198
ARAJOU,BARKIP,0.5471454858779907
ARAJOU,CEFHAZ,0.3969480097293854
ARAJOU,DIVFOF,0.46403640508651733
ARAKAH,BARHUY,0.5692462921142578
ARAKAH,DIXBOC,0.56113600730896
ARAKAH,CEXWEI,0.5610056519508362
ARAKAH,CEXWOS,0.5578854084014893
ARAKAH,CEXWIM,0.5573059320449829
ARAKAH,BARJAG,0.5461862087249756
ARAKAH,AXITAD,0.3674996495246887
ARAKAH,CEFHAZ,0.40091270208358765
ARAKAH,DIFYEZ,0.3437354266643524
ARAKAH,DIVFOF,0.46206149458885193
ARATIY,COQMAX,0.6633371114730835
ARATIY,AWEMUL,0.6337652802467346
ARATIY,COQMIF,0.6267342567443848
ARATIY,CUQKOQ,0.5990378856658936
ARATIY,COQMEB,0.5858252048492432
ARATIY,BAZVIK,0.5413677096366882
ARATIY,CIRSII,0.5320000052452087
ARATIY,CIRSOO,0.5285804867744446
ARATIY,BARLEO,0.5171822905540466
ARATIY,BARMAL,0.5171822905540466
ARATIY,AWOSIQ,0.42399999499320984
ARATIY,AXICOB,0.4342857003211975
ARATIY,BARMEP,0.48518234491348267
ARATIY,DEFFEC,0.25577032566070557
ARAVAR,CUPHUS,0.550000011920929
ARAVAR,ASUKEE01,0.550000011920929
ARAVAR,ASUKEE,0.550000011920929
ARAVAR,BOSHUN,0.5499494671821594
ARAVAR,DEHHIK,0.5496275424957275
ARAVAR,DAPZAW,0.5469467639923096
ARAVAR,DELTAQ03,0.5465804934501648
ARAVAR,DELTAQ,0.5465804934501648
ARAVAR,BIFSUF,0.5465804934501648
ARAVAR,DELTAQ01,0.5465804934501648
ARAVAR,BEKVOD,0.40962398052215576
ARAXEX,BUQROV,0.5026869773864746
ARAXEX,CUMJEB,0.4899999797344208
ARAXEX,CAYGIU,0.45790567994117737
ARAXEX,CAYFAL,0.45790567994117737
ARAXEX,CAYDUD,0.45790567994117737
ARAXEX,CAYDOX06,0.45790567994117737
ARAXEX,CAYDOX05,0.45790567994117737
ARAXEX,CAYDOX04,0.45790567994117737
ARAXEX,CAYDEN,0.45790567994117737
ARAXEX,BISPAU,0.40561041235923767
ARAXEX,CORYUE,0.33051598072052
ARIDIQ,DEGMAG,0.6271875500679016
ARIDIQ,DEGMAG01,0.6271875500679016
ARIDIQ,CUTKEI,0.606249988079071
ARIDIQ,CUYWUP,0.6028304696083069
ARIDIQ,AROFET,0.6024853587150574
ARIDIQ,AROFAP,0.6024853587150574
ARIDIQ,CIJBAB,0.5968690514564514
ARIDIQ,CIJBIJ,0.595133900642395
ARIDIQ,CIJBEF,0.5946468114852905
ARIDIQ,CAZNEY,0.5606329441070557
ARINOF,CUPMEG,0.5499494671821594
ARINOF,CUPLOP,0.5496275424957275
ARINOF,DIFZUP,0.5496275424957275
ARINOF,CUPLUV,0.5485497117042542
ARINOF,CUPMAC,0.5450717806816101
ARINOF,CUPLIJ,0.5422806739807129
ARINOF,BEPNUH,0.5030320882797241
ARINOF,BEPLUF,0.5030320882797241
ARINOF,BEPMAM,0.5030320882797241
ARINOF,BEPPAP,0.5030320882797241
ARINOF,CUXVAT,0.38285714387893677
ARINUL,CUCFOX,0.5240805149078369
ARINUL,BAHGUN03,0.38285714387893677
ARINUL,BAHGUN,0.38285714387893677
ARINUL,CECVAI,0.27234041690826416
AROFAP,AROFET,1.0
AROFAP,CUTKEI,0.9962353706359863
AROFAP,CUYWUP,0.9922806620597839
AROFAP,CAZNEY,0.8901011943817139
AROFAP,DAKVIW,0.678571343421936
AROFAP,CEPYII,0.6748067736625671
AROFAP,CIGYEY,0.44682613015174866
AROFAP,CODKOX,0.49999773502349854
AROFAP,CODKOX01,0.49999773502349854
AROFAP,CODQOD,0.47930908203125
AROFAP,CODQUJ,0.49776947498321533
AROFAP,CODSAR,0.4987156093120575
AROFAP,DAYCIQ,0.6320022344589233
AROFAP,DEYMOL,0.6706624031066895
AROFET,CUTKEI,0.9962353706359863
AROFET,CUYWUP,0.9922806620597839
AROFET,CAZNEY,0.8901011943817139
AROFET,DAKVIW,0.678571343421936
AROFET,CEPYII,0.6748067736625671
AROFET,CIGYEY,0.44682613015174866
AROFET,CODKOX,0.49999773502349854
AROFET,CODKOX01,0.49999773502349854
AROFET,CODQOD,0.47930908203125
AROFET,CODQUJ,0.49776947498321533
AROFET,CODSAR,0.4987156093120575
AROFET,DAYCIQ,0.6320022344589233
AROFET,DEYMOL,0.6706624031066895
AROQAB,COXLAD,0.3679474890232086
AROQAB,COXKUW,0.35888075828552246
AROQAB,COKJOD,0.35446614027023315
AROQAB,BAPKAG,0.3523860275745392
AROQAB,COKJIX,0.3493816554546356
AROQAB,DIBZEU,0.3487297594547272
AROQAB,BIRMUM,0.3441542387008667
AROQAB,ASOVEL,0.3387543559074402
AROQAB,CAJTOX,0.19230769574642181
AROQAB,CAJTUD,0.19230769574642181
AROVAE,CONSAA,0.9735639095306396
AROVAE,AZIYOX,0.8487369418144226
AROVAE,CETFOX,0.8487369418144226
AROVAE,AZIYOX02,0.8487369418144226
AROVAE,AZIYOX01,0.8487369418144226
AROVAE,AZIYIR,0.8487369418144226
AROVAE,BEDJEA,0.8457258939743042
AROVAE,DEKZEA,0.8444403409957886
AROVAE,DINNIZ,0.8281790018081665
AROVAE,ASAHEJ,0.438583105802536
AROVAE,ASAMUE,0.4397430717945099
AROVAE,ATERIB,0.4765481948852539
AROVAE,AXOFOJ,0.5281790494918823
AROVAE,AXOFOJ01,0.5281790494918823
AROVAE,BUPVEP,0.6826658248901367
AROVAE,CABHOC,0.41707906126976013
AROVAE,DEHFUR,0.490986704826355
ARUJED,COPTUX,1.0
ARUJED,DAYWOS,0.6637166738510132
ARUJED,CUQXAP,0.5346425175666809
ARUJED,CUQXIX,0.5341928601264954
ARUJED,CAXWUV,0.3930232524871826
ARUJED,CAVFIR,0.3092643618583679
ARUJED,CAVFEN,0.3092643618583679
ARUJED,CAVFEN01,0.3092643618583679
ARUJED,CAVGAK,0.30683648586273193
ARUJED,BAXGEP,0.30683648586273193
ARUJED,BOHXAZ,0.27782636880874634
ARUTIQ,AWEZEI,0.426650732755661
ARUTIQ,AVUKUY,0.426650732755661
ARUTIQ,AVULEJ,0.426650732755661
ARUTIQ,AWEYUX,0.426650732755661
ARUTIQ,AWEZAE,0.426650732755661
ARUTIQ,AVULAF,0.426650732755661
ARUTIQ,COBLIP,0.3965805172920227
ARUTIQ,CEFHAZ,0.37116551399230957
ARUTIQ,BIKMIT,0.3499999940395355
ASACAZ,ASACON,0.9974996447563171
ASACAZ,ASACIH,0.9974996447563171
ASACAZ,DACJUO,0.9959419965744019
ASACAZ,DEDTEN,0.6776819229125977
ASACAZ,CUKXIR,0.6294118165969849
ASACAZ,AZIMIH,0.626911461353302
ASACAZ,CIZQUZ,0.626911461353302
ASACAZ,ATAFIK,0.626911461353302
ASACAZ,BIBQOV,0.531982421875
ASACAZ,CAVNOE,0.3501346707344055
ASACAZ,CEVBIR,0.4069706201553345
ASACIH,ASACON,1.0
ASACIH,DACJUO,0.9944032430648804
ASACIH,DEDTEN,0.6612932085990906
ASACIH,ATAFIK,0.6294118165969849
ASACIH,CIZQOT,0.6294118165969849
ASACIH,AZIMIH,0.6294118165969849
ASACIH,DITXOU,0.6294118165969849
ASACIH,CIZQUZ,0.6294118165969849
ASACIH,BIBQOV,0.5344827771186829
ASACIH,CAVNOE,0.34072422981262207
ASACIH,CEVBIR,0.40476641058921814
ASACON,DACJUO,0.9944032430648804
ASACON,DEDTEN,0.6612932085990906
ASACON,CIZQUZ,0.6294118165969849
ASACON,AZIMIH,0.6294118165969849
ASACON,CIZQOT,0.6294118165969849
ASACON,ATAFIK,0.6294118165969849
ASACON,DITXOU,0.6294118165969849
ASACON,BIBQOV,0.5344827771186829
ASACON,CAVNOE,0.34072422981262207
ASACON,CEVBIR,0.40476641058921814
ASAHEJ,ASAMUE,0.9995650053024292
ASAHEJ,BILRIA,0.9949279427528381
ASAHEJ,BUPVEP,0.45738500356674194
ASAHEJ,BEZSEG01,0.44719821214675903
ASAHEJ,BEZSEG,0.44719821214675903
ASAHEJ,DIJWID,0.44719821214675903
ASAHEJ,BEDJEA,0.44285714626312256
ASAHEJ,AZIYOX01,0.4365834593772888
ASAHEJ,CETFOX,0.4365834593772888
ASAHEJ,DIGTIY,0.3684643805027008
ASAHEJ,DIXKUR,0.3264719247817993
ASAHEJ,DIXKUR01,0.3264719247817993
ASALAH,ASALOV,0.9962353706359863
ASALAH,CURSEO,0.48400264978408813
ASALAH,CEJGAB,0.48400264978408813
ASALAH,BIVXAG,0.48349007964134216
ASALAH,CEJFOO,0.48349007964134216
ASALAH,CEJFUU,0.4832139313220978
ASALAH,BUQWER,0.48229479789733887
ASALAH,DEGSIS,0.48229479789733887
ASALAH,DEGSIS01,0.48229479789733887
ASALAH,AWEVIJ,0.354347825050354
ASALAH,CIDNIM,0.303137868642807
ASALEL,BIVXEK,0.9977757334709167
ASALEL,CIBTIR,0.6197664141654968
ASALEL,CUTKUY,0.5619092583656311
ASALEL,AYOQEM,0.5310632586479187
ASALEL,CEJGAB,0.520163357257843
ASALEL,BOQWEK,0.4749999940395355
ASALOV,CEJFUU,0.4827643036842346
ASALOV,CURSEO,0.4812357425689697
ASALOV,CEJGAB,0.4812357425689697
ASALOV,BIVXAG,0.4796616733074188
ASALOV,CEJFOO,0.4796616733074188
ASALOV,DEGSIS,0.47799497842788696
ASALOV,AWEVIJ,0.3505832254886627
ASALOV,CIDNIM,0.2988380491733551
ASAMUE,BILRIA,0.9959901571273804
ASAMUE,BUPVEP,0.4612484574317932
ASAMUE,BEZSEG01,0.44465672969818115
ASAMUE,DIJWID,0.44465672969818115
ASAMUE,BEZSEG,0.44465672969818115
ASAMUE,BEDJEA,0.44242221117019653
ASAMUE,AZIYOX,0.4386172890663147
ASAMUE,AZIYIR,0.4386172890663147
ASAMUE,CASPUJ,0.3145591616630554
ASAMUE,CIPMOF,0.3838682472705841
ASAMUE,CIPMUL,0.3842475414276123
ASAMUE,DIGTEU,0.3768312931060791
ASAMUE,DIGTIY,0.37189000844955444
ASAMUE,DIGTOE,0.36208435893058777
ASAMUE,DIXKUR,0.3268406093120575
ASAMUE,DIXKUR01,0.3268406093120575
ASEJIT,ASEKAM,1.0
ASEJIT,ASEJOZ01,1.0
ASEJIT,ASEJOZ,1.0
ASEJIT,DACZUF,0.8251973390579224
ASEJIT,DEFSUE,0.7292414903640747
ASEJIT,DEFTAL01,0.7126973867416382
ASEJIT,DEFTAL,0.7126973867416382
ASEJIT,BOVHEB,0.6962354183197021
ASEJIT,BEQJUF,0.6324713826179504
ASEJIT,BERSOI,0.4162161946296692
ASEJIT,CAXWOP,0.42258191108703613
ASEJIT,CISMAU,0.6883406639099121
ASEJIT,CISMEY,0.6921052932739258
ASEJIT,CISMEY01,0.6921052932739258
ASEJIT,CISMIC,0.686052680015564
ASEJOZ,ASEKAM,1.0
ASEJOZ,ASEJOZ01,1.0
ASEJOZ,DACZUF,0.8251973390579224
ASEJOZ,DEFSUE,0.7292414903640747
ASEJOZ,DEFTAL01,0.7126973867416382
ASEJOZ,DEFTAL,0.7126973867416382
ASEJOZ,BOVHEB,0.6962354183197021
ASEJOZ,BEQJUF,0.6324713826179504
ASEJOZ,BERSOI,0.4162161946296692
ASEJOZ,CAXWOP,0.42258191108703613
ASEJOZ,CEQPIA,0.5202631950378418
ASEJOZ,CISMEY,0.6921052932739258
ASEJOZ,CISMEY01,0.6921052932739258
ASEJOZ,CISMIC,0.686052680015564
ASEJOZ01,ASEKAM,1.0
ASEJOZ01,DACZUF,0.8251973390579224
ASEJOZ01,DEFSUE,0.7292414903640747
ASEJOZ01,DEFTAL01,0.7126973867416382
ASEJOZ01,DEFTAL,0.7126973867416382
ASEJOZ01,BOVHEB,0.6962354183197021
ASEJOZ01,BEQJUF,0.6324713826179504
ASEJOZ01,BERSOI,0.4162161946296692
ASEJOZ01,CAXWOP,0.42258191108703613
ASEJOZ01,CISMAU,0.6883406639099121
ASEJOZ01,CISMEY,0.6921052932739258
ASEJOZ01,CISMEY01,0.6921052932739258
ASEJOZ01,CISMIC,0.686052680015564
ASEKAM,DACZUF,0.8251973390579224
ASEKAM,DEFSUE,0.7292414903640747
ASEKAM,DEFTAL01,0.7126973867416382
ASEKAM,DEFTAL,0.7126973867416382
ASEKAM,BOVHEB,0.6962354183197021
ASEKAM,BEQJUF,0.6324713826179504
ASEKAM,CAXWOP,0.42258191108703613
ASEKAM,CISMAU,0.6883406639099121
ASEKAM,CISMEY,0.6921052932739258
ASEKAM,CISMEY01,0.6921052932739258
ASELIV,CEQPOG,0.6285449862480164
ASELIV,DIVRAD,0.6142857074737549
ASELIV,BOYFUS,0.5544124841690063
ASELIV,DIYREK,0.4406329393386841
ASELIV,DAWPEZ,0.41277578473091125
ASELIV,BIKNER,0.40270301699638367
ASELIV,BIKMOA,0.40270301699638367
ASELIV,BIKNIV,0.40270301699638367
ASELIV,BIKNAN,0.40270301699638367
ASEMUG,ASEMUG01,1.0
ASEMUG,AVUYAR,0.9975399971008301
ASEMUG,BAEDTA01,0.754440426826477
ASEMUG,DIBZIZ,0.6767933368682861
ASEMUG,DIBZOF,0.6722273230552673
ASEMUG,DIBZEV,0.6722273230552673
ASEMUG,DINFOX,0.5398501753807068
ASEMUG,CEWNIB,0.4599999785423279
ASEMUG01,AVUYAR,0.9975399971008301
ASEMUG01,BAEDTA01,0.754440426826477
ASEMUG01,DIBZIZ,0.6767933368682861
ASEMUG01,DIBZOF,0.6722273230552673
ASEMUG01,DIBZEV,0.6722273230552673
ASEMUG01,DINFOX,0.5398501753807068
ASEMUG01,CEWNIB,0.4599999785423279
ASIRAX,CAVWII,1.0
ASIRAX,ATEYUV,0.9999803900718689
ASIRAX,AYOZUL,0.9999352693557739
ASIRAX,ATEZAC,0.9999352693557739
ASIRAX,AYOZIZ,0.999916136264801
ASIRAX,ATEYOP,0.999916136264801
ASIRAX,ATEZIK,0.999646008014679
ASIRAX,BICPUA,0.9996391534805298
ASIRAX,ATEZEG,0.9996391534805298
ASIRAX,AYOZOF,0.9995911717414856
ASIRAX,CIFLAH,0.5570275783538818
ASIRAX,CIFSAO,0.9941704273223877
ASIRAX,CIFSES,0.9941704273223877
ASIRAX,CIFSIW,0.9941704273223877
ASIRAX,DAKZUN,0.9995911717414856
ASIRUR,CUFJUK,0.9972895383834839
ASIRUR,CUFKAR,0.9972895383834839
ASIRUR,BOPHEV,0.9970499873161316
ASIRUR,BOPHIZ,0.9970499873161316
ASIRUR,BAVYEF,0.8108431100845337
ASIRUR,BIRMUM,0.6806451678276062
ASIRUR,CAQKAJ01,0.6559101939201355
ASIRUR,CAQJOW,0.6559101939201355
ASIRUR,CAQKAJ,0.6559101939201355
ASIRUR,DEKYOK,0.6361318230628967
ASIRUR,BIBQOV,0.5224996209144592
ASIVAB,CUVVOG,0.8581189513206482
ASIVAB,AVEQID,0.6552011370658875
ASIVAB,CAQKAJ,0.6272138357162476
ASIVAB,CAQJOW,0.6272138357162476
ASIVAB,CAQKAJ01,0.6272138357162476
ASIVAB,DEKBON,0.6142857670783997
ASIVAB,CATZIJ,0.6128354668617249
ASIVAB,DITTEH,0.6108662486076355
ASIVAB,AWEJES,0.6108662486076355
ASIVAB,ATAYAX,0.6028304696083069
ASOHUL,ATOTIM,1.0
ASOHUL,BADJAU,0.9974375367164612
ASOHUL,BADHUM,0.9974375367164612
ASOHUL,BADJIC,0.9974375367164612
ASOHUL,BADHOG,0.9974375367164612
ASOHUL,BADHIA,0.9974375367164612
ASOHUL,BADHUM01,0.9974375367164612
ASOHUL,CAVMUJ01,0.9974375367164612
ASOHUL,AVILAT,0.6114780306816101
ASOHUL,AVOFUM,0.9959286451339722
ASOHUL,BADZAK,0.9918119311332703
ASOHUL,BECKOM,0.561381459236145
ASOHUL,BUKLOJ,0.9964157342910767
ASOHUL,BUKLOJ01,0.9964157342910767
ASOHUL,CAXTAY,0.9896013140678406
ASOHUL,COMDOY,0.9925156831741333
ASOHUL,CUWNIT,0.6964157819747925
ASOHUL,CUZBUW,0.9964157342910767
ASOHUL,DAWCOV,0.6971923112869263
ASOHUL,DAZMID,0.8096013069152832
ASOHUL,SABVUN01,0.9896013140678406
ASOSUY,DIHVIB01,0.6684210300445557
ASOSUY,DIHVIB,0.6684210300445557
ASOSUY,BODPAN,0.6684210300445557
ASOSUY,AVUCEA,0.668048620223999
ASOSUY,CIPLIX,0.668048620223999
ASOSUY,CIFMIP,0.668048620223999
ASOSUY,CIGXIA,0.6669707298278809
ASOSUY,CEHLAD,0.6650015115737915
ASOVEL,DIQGUH,0.6142857074737549
ASOVEL,ATIJUI,0.6055640578269958
ASOVEL,BEBFIY,0.6049933433532715
ASOVEL,ATIKIX,0.604270875453949
ASOVEL,AVAQET,0.6035512089729309
ASOVEL,AVAQAP,0.6007442474365234
ASOVEL,BOJYIK,0.6001892685890198
ASOVEL,BAVDEH,0.2972909212112427
ASUBIB,AZAYAD,0.9648386240005493
ASUBIB,CAVWOO,0.6996341347694397
ASUBIB,AVIHIY,0.6994840502738953
ASUBIB,DIGPER,0.6994805932044983
ASUBIB,AVIHOE,0.6992611289024353
ASUBIB,BEVSUR,0.6976079344749451
ASUBIB,COSWEO,0.6956911087036133
ASUBIB,BOHWUS,0.6943643689155579
ASUBIB,AVETUS02,0.54737788438797
ASUBIB,AVEVAA02,0.54737788438797
ASUBIB,AVEVEE02,0.5622610449790955
ASUBIB,AVEVII02,0.5516762733459473
ASUBIB,BETDIP,0.5498192310333252
ASUBIB,BETFEN,0.549613356590271
ASUBIB,BETFIR,0.5329657793045044
ASUBIB,CAJQIP,0.4934263825416565
ASUBIB,CUWXID,0.5499999523162842
ASUBIB,CUWZIF,0.5499999523162842
ASUCAS,CEJGAB,0.4433216452598572
ASUCAS,CURSEO,0.4433216452598572
ASUCAS,CEJFUU,0.44319576025009155
ASUCAS,BIVXAG,0.4422084391117096
ASUCAS,CEJFOO,0.4422084391117096
ASUCAS,BUQWER,0.44020962715148926
ASUCAS,DEGSIS01,0.44020962715148926
ASUCAS,DEGSIS,0.44020962715148926
ASUCAS,AXITAD,0.3536391258239746
ASUCAS,CUSBUO,0.38518226146698
ASUKEE,ASUKEE01,1.0
ASUKEE,CUPHUS,1.0
ASUKEE,BOSHUN,0.9999494552612305
ASUKEE,DEHHIK,0.9996275901794434
ASUKEE,DAPZAW,0.9969467520713806
ASUKEE,DELTAQ03,0.9965804815292358
ASUKEE,BIFSUF,0.9965804815292358
ASUKEE,DEHHEG,0.9965804815292358
ASUKEE,DELTAQ02,0.9965804815292358
ASUKEE,DELTAQ01,0.9965804815292358
ASUKEE,AVELOD,0.5235294103622437
ASUKEE,AVELUJ,0.5234788656234741
ASUKEE,AVEMAQ,0.5234788656234741
ASUKEE,AVITUU,0.550000011920929
ASUKEE,BALFAV01,0.9917930960655212
ASUKEE,BALFAV02,0.9917930960655212
ASUKEE,BALFAV03,0.9917930960655212
ASUKEE,BALFAV04,0.9917930960655212
ASUKEE,BUSMUZ,0.9684215784072876
ASUKEE,CAWDOU,0.5736842155456543
ASUKEE,CAWDOU02,0.5736842155456543
ASUKEE,CETPIB,0.47499996423721313
ASUKEE,CETPIB02,0.47499996423721313
ASUKEE,CETVAA,0.6499999761581421
ASUKEE,CUPLOP,0.4785749316215515
ASUKEE,CUPMEG,0.478896826505661
ASUKEE,CUTGAA,0.4719467759132385
ASUKEE,DAVMIY,0.364705890417099
ASUKEE,DELTAQ,0.9965804815292358
ASUKEE,DIHPIU,0.520476222038269
ASUKEE,DIPGAK,0.4000000059604645
ASUKEE,DIVGIA,0.42421954870224
ASUKEE01,CUPHUS,1.0
ASUKEE01,BOSHUN,0.9999494552612305
ASUKEE01,DEHHIK,0.9996275901794434
ASUKEE01,DAPZAW,0.9969467520713806
ASUKEE01,DELTAQ03,0.9965804815292358
ASUKEE01,BIFSUF,0.9965804815292358
ASUKEE01,DEHHEG,0.9965804815292358
ASUKEE01,DELTAQ02,0.9965804815292358
ASUKEE01,DELTAQ01,0.9965804815292358
ASUKEE01,AVELOD,0.5235294103622437
ASUKEE01,AVELUJ,0.5234788656234741
ASUKEE01,AVEMAQ,0.5234788656234741
ASUKEE01,AVITUU,0.550000011920929
ASUKEE01,BALFAV01,0.9917930960655212
ASUKEE01,BALFAV02,0.9917930960655212
ASUKEE01,BALFAV03,0.9917930960655212
ASUKEE01,BALFAV04,0.9917930960655212
ASUKEE01,BEGFID,0.9949160814285278
ASUKEE01,BUKYAJ,0.5177958607673645
ASUKEE01,CAWDOU,0.5736842155456543
ASUKEE01,CAWDOU02,0.5736842155456543
ASUKEE01,CETPIB,0.47499996423721313
ASUKEE01,CETPIB02,0.47499996423721313
ASUKEE01,CETVAA,0.6499999761581421
ASUKEE01,CUPMEG,0.478896826505661
ASUKEE01,CUTGAA,0.4719467759132385
ASUKEE01,DELTAQ,0.9965804815292358
ASUKEE01,DIFZUP,0.4785749316215515
ASUKEE01,DIHPIU,0.520476222038269
ASUKEE01,DIPGAK,0.4000000059604645
ASUKEE01,DIVGIA,0.42421954870224
ASUQIO,COXCUP,0.446153849363327
ASUQIO,COXDIE,0.446153849363327
ASUQIO,COXCOJ,0.446153849363327
ASUQIO,COXDAW,0.446153849363327
ASUQIO,ASUQOU,0.43157893419265747
ASUQIO,COXDEA,0.41034480929374695
ASUQIO,CUNFOH01,0.3700000047683716
ASUQIO,CETHEQ,0.3700000047683716
ASUQIO,BOJXEE,0.23905205726623535
ASUQIO,CEGFAW,0.3540896773338318
ASUQIO,COWRUC,0.32194679975509644
ASUQIO,COWSAJ,0.32194679975509644
ASUQIO,COWSEN,0.32194679975509644
ASUQIO,DALXEW,0.3034445643424988
ASUQIO,VELVOY,0.3537233769893646
ASUQIO03,ASUQIO04,1.0
ASUQIO03,CUNFOH,1.0
ASUQIO03,CETHEQ,1.0
ASUQIO03,CUNFOH01,1.0
ASUQIO03,CUGYEK,0.9969467520713806
ASUQIO03,CUGZAH,0.9969467520713806
ASUQIO03,COXDIE,0.48571428656578064
ASUQIO03,COXCUP,0.48571428656578064
ASUQIO03,COXCOJ,0.48571428656578064
ASUQIO03,COXDAW,0.48571428656578064
ASUQIO03,BAMMOU,0.317241370677948
ASUQIO03,BAMMUA,0.317241370677948
ASUQIO03,COXDEA,0.4483870565891266
ASUQIO03,CUFMOG,0.34102362394332886
ASUQIO03,CUGLIB,0.35944679379463196
ASUQIO03,CUGYIO,0.35944679379463196
ASUQIO03,DIGYIE,0.30285337567329407
ASUQIO04,CUNFOH,1.0
ASUQIO04,CETHEQ,1.0
ASUQIO04,CUNFOH01,1.0
ASUQIO04,CUGYEK,0.9969467520713806
ASUQIO04,CUGZAH,0.9969467520713806
ASUQIO04,COXDIE,0.48571428656578064
ASUQIO04,COXCUP,0.48571428656578064
ASUQIO04,COXCOJ,0.48571428656578064
ASUQIO04,COXDAW,0.48571428656578064
ASUQIO04,COXDEA,0.4483870565891266
ASUQIO04,CUFMOG,0.34102362394332886
ASUQIO04,DIGYIE,0.30285337567329407
ASUQOU,DEKGOS,0.4959999918937683
ASUQOU,BOBTOC,0.35199999809265137
ASUQOU,BOGXIF,0.35199999809265137
ASUQOU,BOBTIW,0.35199999809265137
ASUQOU,BOGXOL,0.35199999809265137
ASUQOU,COWRUC,0.2844467759132385
ASUQOU,COWSAJ,0.2844467759132385
ASUQOU,COWSEN,0.2844467759132385
ASUQOV,DEGBOI,0.9970894455909729
ASUQOV,DEGBUO,0.9957407712936401
ASUQOV,CEXWOS,0.5874999761581421
ASUQOV,CEXWEI,0.5862370133399963
ASUQOV,CEXWIM,0.5852363109588623
ASUQOV,CIXNUT,0.5364584922790527
ASUQOV,COTVIS,0.09999998658895493
ASUQOV,DASLIT,0.4379171133041382
ASUQOV,DASMAM,0.4375203251838684
ASUQOV,DATPIY,0.49452996253967285
ASUXAP,BELXUN,0.3494235575199127
ASUXAP,BIKMIT,0.3423076868057251
ASUXAP,DEPVUQ,0.30571427941322327
ASUXAP,DEPWAX,0.30571427941322327
ASUXAP,DINQUM,0.3032257854938507
ASUXAP,DINTID,0.3032257854938507
ASUXAP,CUGYIO,0.3001725971698761
ATAFIK,AZIMIH,1.0
ATAFIK,CIZQUZ,1.0
ATAFIK,DITXOU,1.0
ATAFIK,CIZQOT,1.0
ATAFIK,CUKXIR,0.9974996447563171
ATAFIK,CUKXEN,0.9962353706359863
ATAFIK,AZUCED,0.5065905451774597
ATAFIK,BUSQIQ,0.9927337765693665
ATAFIK,CAWLIY,0.64000004529953
ATAFIK,DASTEY01,0.47894737124443054
ATAFIK,DASTEY02,0.47894737124443054
ATAFIK,DEYXIQ,0.5714600086212158
ATAYAX,AVEQID,0.7749999761581421
ATAYAX,DEMNOB,0.5666666626930237
ATAYAX,BAZBIQ,0.5649549961090088
ATAYAX,AVETAY,0.5645161271095276
ATAYAX,CUVVOG,0.5636363625526428
ATAYAX,CEKHUY,0.5610966086387634
ATAYAX,AVESOL,0.550000011920929
ATAYAX,AVETEC,0.5333782434463501
ATAYEB,BAZBIQ,0.5185497403144836
ATAYEB,DEMNOB,0.5165805220603943
ATAYEB,AVESOL,0.5030320882797241
ATAYEB,AVESUR,0.4987322688102722
ATAYEB,CEKHUY,0.48571428656578064
ATAYEB,DIHVIB,0.4724137783050537
ATAYEB,BODPAN,0.4724137783050537
ATEJOA,BIFSOB,0.9942138195037842
ATEJOA,DIXGIC,0.8709091544151306
ATEJOA,DADLOM,0.8500989079475403
ATEJOA,DADLEC,0.8500989079475403
ATEJOA,CAWVIH,0.837999701499939
ATEJOA,CENQAP,0.837999701499939
ATEJOA,AVAJUE02,0.8377733826637268
ATEJOA,AVAKAL02,0.8377733826637268
ATEJOA,CENPUI,0.8309933543205261
ATERIB,CAKLOR,0.5090909004211426
ATERIB,CONSAA,0.5073792338371277
ATERIB,DINNIZ,0.5065905451774597
ATERIB,BEDJEA,0.47694703936576843
ATERIB,AZIYOX,0.4734278917312622
ATERIB,CETFOX,0.4734278917312622
ATERIB,AZIYOX02,0.4734278917312622
ATERIB,AZIYOX01,0.4734278917312622
ATERIB,AZIYIR,0.4734278917312622
ATEXII,DEXKEZ,0.4105431139469147
ATEXII,DEBBIY,0.40000003576278687
ATEXII,DAZZUC,0.3962354362010956
ATEXII,BUKMUQ01,0.39250001311302185
ATEXII,BUKMUQ,0.39250001311302185
ATEXII,BIYTOU,0.3899996280670166
ATEXII,AVIPOL,0.38849371671676636
ATEXII,CECVAI,0.28696513175964355
ATEYED,CUMKIG,0.9999999403953552
ATEYED,CUMKIG03,0.9999999403953552
ATEYED,COKFAK,0.8874999284744263
ATEYED,CIDPEM,0.8874999284744263
ATEYED,DEPWAX,0.5030758380889893
ATEYED,DEPVUQ,0.5030758380889893
ATEYED,CUMFOG,0.48962756991386414
ATEYED,BUYNAL,0.47277575731277466
ATEYED,CAVRUO,0.4139534533023834
ATEYED,AVUDAX,0.31139230728149414
ATEYED,CAVSAV,0.4112430214881897
ATEYED,COWKAB,0.3808775842189789
ATEYED,CUXVAT,0.3534737527370453
ATEYOP,AYOZIZ,1.0
ATEYOP,CAVWII,0.999916136264801
ATEYOP,ATEYUV,0.9998704195022583
ATEYOP,AYOZUL,0.9998304843902588
ATEYOP,ATEZAC,0.9998304843902588
ATEYOP,ATEZEG,0.9995509386062622
ATEYOP,BICPUA,0.9995509386062622
ATEYOP,ATEZIK,0.9993820190429688
ATEYOP,AYOZOF,0.9992827773094177
ATEYOP,BIKMEQ,0.789548933506012
ATEYOP,BIKMEQ01,0.789548933506012
ATEYOP,BIKMOA,0.789548933506012
ATEYOP,BIKMUG,0.789548933506012
ATEYOP,BIKNAN,0.789548933506012
ATEYOP,BIKNER,0.789548933506012
ATEYOP,BIKNIV,0.789548933506012
ATEYOP,DAKZUN,0.9992827773094177
ATEYUV,ATEZAC,0.9999855160713196
ATEYUV,AYOZUL,0.9999855160713196
ATEYUV,CAVWII,0.9999803900718689
ATEYUV,AYOZIZ,0.9998704195022583
ATEYUV,ATEZIK,0.9997872710227966
ATEYUV,BICPUA,0.9997713565826416
ATEYUV,ATEZEG,0.9997713565826416
ATEYUV,DAKZUN,0.9995371103286743
ATEYUV,AYOZOF,0.9995371103286743
ATEYUV,CIFLAH,0.5575262904167175
ATEYUV,CIFSAO,0.9946691393852234
ATEYUV,CIFSES,0.9946691393852234
ATEYUV,CIFSIW,0.9946691393852234
ATEZAC,AYOZUL,1.0
ATEZAC,CAVWII,0.9999352693557739
ATEZAC,ATEZEG,0.9998589158058167
ATEZAC,BICPUA,0.9998589158058167
ATEZAC,ATEZIK,0.9998542070388794
ATEZAC,AYOZIZ,0.9998304843902588
ATEZAC,DAKZUN,0.9994291663169861
ATEZAC,AYOZOF,0.9994291663169861
ATEZAC,CIFLAH,0.5578066110610962
ATEZAC,CIFSAO,0.9949494004249573
ATEZAC,CIFSES,0.9949494004249573
ATEZAC,CIFSIW,0.9949494004249573
ATEZEG,BICPUA,1.0
ATEZEG,ATEZIK,0.9998902082443237
ATEZEG,AYOZUL,0.9998589158058167
ATEZEG,CAVWII,0.9996391534805298
ATEZEG,AYOZIZ,0.9995509386062622
ATEZEG,DAKZUN,0.9987759590148926
ATEZEG,CIFLAH,0.5583493709564209
ATEZEG,CIFSAO,0.995492160320282
ATEZEG,CIFSES,0.995492160320282
ATEZEG,CIFSIW,0.995492160320282
ATEZIK,BICPUA,0.9998902082443237
ATEZIK,AYOZUL,0.9998542070388794
ATEZIK,CAVWII,0.999646008014679
ATEZIK,AYOZIZ,0.9993820190429688
ATEZIK,DAKZUN,0.9991527795791626
ATEZIK,AYOZOF,0.9991527795791626
ATEZIK,CIFLAH,0.5589085221290588
ATEZIK,CIFSAO,0.9960513114929199
ATEZIK,CIFSES,0.9960513114929199
ATEZIK,CIFSIW,0.9960513114929199
ATIBAG,DADTOS03,1.0
ATIBAG,ATIBOU,1.0
ATIBAG,DADTOS07,1.0
ATIBAG,DADTOS06,1.0
ATIBAG,DADTOS05,1.0
ATIBAG,DADTOS04,1.0
ATIBAG,DADTOS09,1.0
ATIBAG,DADTOS,1.0
ATIBAG,DADTOS01,1.0
ATIBAG,ATIBOU01,1.0
ATIBAG,ATIBIO,1.0
ATIBAG,ATIBOU02,1.0
ATIBAG,ATIBUA,1.0
ATIBAG,BIYLAW01,0.9819706082344055
ATIBAG,DADTOS02,1.0
ATIBAG,DADTOS08,1.0
ATIBAG,DADTOS10,1.0
ATIBAG,DADTOS11,1.0
ATIBAG,DADTOS12,1.0
ATIBAG,DADTOS13,1.0
ATIBAG,DADTOS14,1.0
ATIBAG,DADTOS15,1.0
ATIBAG,DADTOS16,1.0
ATIBAG,DADTOS17,1.0
ATIBAG,DADTOS18,1.0
ATIBIO,DADTOS03,1.0
ATIBIO,ATIBOU,1.0
ATIBIO,DADTOS07,1.0
ATIBIO,DADTOS06,1.0
ATIBIO,DADTOS05,1.0
ATIBIO,DADTOS04,1.0
ATIBIO,DADTOS09,1.0
ATIBIO,DADTOS01,1.0
ATIBIO,ATIBOU01,1.0
ATIBIO,ATIBOU02,1.0
ATIBIO,ATIBUA,1.0
ATIBIO,BIFORM,0.9873164296150208
ATIBIO,DADTOS,1.0
ATIBIO,DADTOS02,1.0
ATIBIO,DADTOS08,1.0
ATIBIO,DADTOS10,1.0
ATIBIO,DADTOS11,1.0
ATIBIO,DADTOS12,1.0
ATIBIO,DADTOS13,1.0
ATIBIO,DADTOS14,1.0
ATIBIO,DADTOS15,1.0
ATIBIO,DADTOS16,1.0
ATIBIO,DADTOS17,1.0
ATIBIO,DADTOS18,1.0
ATIBIO,DIDVIW,1.0
ATIBOU,DADTOS03,1.0
ATIBOU,DADTOS02,1.0
ATIBOU,DADTOS07,1.0
ATIBOU,DADTOS06,1.0
ATIBOU,DADTOS05,1.0
ATIBOU,DADTOS04,1.0
ATIBOU,DADTOS09,1.0
ATIBOU,ATIBOU01,1.0
ATIBOU,ATIBOU02,1.0
ATIBOU,ATIBUA,1.0
ATIBOU,DADTOS,1.0
ATIBOU,DADTOS01,1.0
ATIBOU,DADTOS08,1.0
ATIBOU,DADTOS10,1.0
ATIBOU,DADTOS11,1.0
ATIBOU,DADTOS12,1.0
ATIBOU,DADTOS13,1.0
ATIBOU,DADTOS14,1.0
ATIBOU,DADTOS15,1.0
ATIBOU,DADTOS16,1.0
ATIBOU,DADTOS17,1.0
ATIBOU,DADTOS18,1.0
ATIBOU,DIDVIW,1.0
ATIBOU01,DADTOS02,1.0
ATIBOU01,DADTOS06,1.0
ATIBOU01,DADTOS05,1.0
ATIBOU01,DADTOS04,1.0
ATIBOU01,DADTOS03,1.0
ATIBOU01,DADTOS08,1.0
ATIBOU01,DADTOS09,1.0
ATIBOU01,ATICAH,1.0
ATIBOU01,ATICEL,1.0
ATIBOU01,BIYLAW01,0.9819706082344055
ATIBOU02,DADTOS02,1.0
ATIBOU02,DADTOS06,1.0
ATIBOU02,DADTOS05,1.0
ATIBOU02,DADTOS04,1.0
ATIBOU02,DADTOS03,1.0
ATIBOU02,DADTOS08,1.0
ATIBOU02,DADTOS09,1.0
ATIBOU02,ATICAH,1.0
ATIBOU02,ATICEL,1.0
ATIBOU02,CAFORM,0.9573289155960083
ATIBOU02,CAFORM13,0.9573289155960083
ATIBUA,DADTOS02,1.0
ATIBUA,DADTOS06,1.0
ATIBUA,DADTOS05,1.0
ATIBUA,DADTOS04,1.0
ATIBUA,DADTOS03,1.0
ATIBUA,DADTOS08,1.0
ATIBUA,DADTOS09,1.0
ATICAH,DADTOS05,1.0
ATICAH,DADTOS03,1.0
ATICAH,DADTOS11,1.0
ATICAH,DADTOS09,1.0
ATICAH,DADTOS08,1.0
ATICAH,DADTOS07,1.0
ATICAH,ATICEL,1.0
ATICAH,DADTOS04,1.0
ATICAH,CAFORM,0.9573289155960083
ATICAH,CAFORM13,0.9573289155960083
ATICAH,CAHMON,0.9970499873161316
ATICAH,CAHMON01,0.9970499873161316
ATICAH,CAHMON02,0.9970499873161316
ATICAH,CAHMON03,0.9970499873161316
ATICEL,DADTOS05,1.0
ATICEL,DADTOS03,1.0
ATICEL,DADTOS11,1.0
ATICEL,DADTOS09,1.0
ATICEL,DADTOS08,1.0
ATICEL,DADTOS07,1.0
ATICEL,DADTOS04,1.0
ATIJOC,AVAQAP,0.9987369775772095
ATIJOC,BOJYIK,0.9985291957855225
ATIJOC,BOJYIK01,0.9985291957855225
ATIJOC,AVAQET,0.9983987212181091
ATIJOC,ATIKET,0.9983029365539551
ATIJOC,BUPVIT,0.9826657772064209
ATIJOC,BUVHEH,0.9826657772064209
ATIJOC,CELDAA,0.9826657772064209
ATIJUI,AVAQET,0.9994630217552185
ATIJUI,BOJYIK01,0.9991112351417542
ATIJUI,BOJYIK,0.9991112351417542
ATIJUI,ATIKAP,0.9989266395568848
ATIJUI,ATIKET,0.9988340735435486
ATIJUI,ATIKIX,0.9984701871871948
ATIJUI,AVAQAP,0.9977362751960754
ATIJUI,BEPNOC,0.4899143576622009
ATIJUI,BEPNUI,0.4872783422470093
ATIJUI,CAGXIU,0.6648455858230591
ATIJUI,CANRUG,0.691278338432312
ATIJUI,CAVLIW,0.6312783360481262
ATIJUI,CAVLOC,0.6312783360481262
ATIJUI,DIQGUH,0.9912782907485962
ATIJUI,DIWMON,0.5889143347740173
ATIJUI,DIWMUT,0.5862783193588257
ATIJUJ,CELNUE,0.9999999403953552
ATIJUJ,AVUPOX,0.7013393640518188
ATIJUJ,AVUPIR,0.7013393640518188
ATIJUJ,CUMDOE,0.6842026114463806
ATIJUJ,CUMDIY,0.6841917037963867
ATIJUJ,BUGSOM,0.6488569974899292
ATIJUJ,BUGSEC,0.6481048464775085
ATIJUJ,BUGSAY,0.647846519947052
ATIJUJ,BUGSIG,0.6477975845336914
ATIJUJ,AZILEA,0.6474708318710327
ATIJUJ,CIHNIR,0.2942221760749817
ATIJUJ,COBWIZ,0.2546616792678833
ATIJUJ,CYTPCD10,0.26375871896743774
ATIKAP,ATIKET,0.999916136264801
ATIKAP,CEJXOG,0.9998304843902588
ATIKAP,AVAQET,0.9996404051780701
ATIKAP,BOJYIK,0.9992827773094177
ATIKAP,ATIKIX,0.9968496561050415
ATIKAP,BOJYIK01,0.9992827773094177
ATIKAP,CUHYUB,0.7000000476837158
ATIKAP,CUJCOB,0.6999161839485168
ATIKET,CEJXOG,0.9999352693557739
ATIKET,BOJYIK,0.9995911717414856
ATIKET,BOJYIK01,0.9995911717414856
ATIKET,AVAQAP,0.9972487688064575
ATIKET,AVAQET,0.9995414018630981
ATIKET,CEZZEN,0.5840162038803101
ATIKET,CEZZIR,0.5840162038803101
ATIKET,CUHYUB,0.6999161839485168
ATIKET,CUJCIV,0.6995912194252014
ATIKET,CUJCOB,0.7000000476837158
ATIKIX,SURKAT,0.9982609748840332
ATIKIX,BESKUI,0.9982609748840332
ATIKIX,RUBTAK02,0.9982609748840332
ATIKIX,AVAQET,0.9977954626083374
ATIKIX,BOHWOM,0.7335551381111145
ATIKIX,CANRUG,0.6899851560592651
ATIKIX,CAVLIW,0.6299851536750793
ATIKIX,CAVLOC,0.6299851536750793
ATIKIX,DIQGUH,0.9899851083755493
ATIXUX,CUKXAJ,0.6399999856948853
ATIXUX,DAHMIJ,0.6399999856948853
ATIXUX,CUKXEN,0.6399999856948853
ATIXUX,CUKXIR,0.6370500326156616
ATIXUX,AVOGAT,0.6368592381477356
ATIXUX,AVOGAT01,0.6368592381477356
ATIXUX,AVOGEX,0.6368592381477356
ATIXUX,CIZQOT,0.6362354159355164
ATIXUX,ATUXEU,0.5019932389259338
ATIXUX,BERQIA,0.5499999523162842
ATOTIM,BADJIC,0.9974375367164612
ATOTIM,CAVMUJ01,0.9974375367164612
ATOTIM,BADHOG,0.9974375367164612
ATOTIM,BADHIA,0.9974375367164612
ATOTIM,BADHUM01,0.9974375367164612
ATOTIM,CAVMUJ02,0.9974375367164612
ATOTIM,CAVMUJ,0.9974375367164612
ATOTIM,AVILAT,0.6114780306816101
ATOTIM,AVOFUM,0.9959286451339722
ATOTIM,BADZAK,0.9918119311332703
ATOTIM,BUKLOJ,0.9964157342910767
ATOTIM,BUKLOJ01,0.9964157342910767
ATOTIM,CAXTAY,0.9896013140678406
ATOTIM,COMDOY,0.9925156831741333
ATOTIM,COZMUA,0.731709897518158
ATOTIM,CUZBUW,0.9964157342910767
ATOTIM,DAWCOV,0.6971923112869263
ATOTIM,SABVUN01,0.9896013140678406
ATULIM,CIWYUD,0.6077757477760315
ATULIM,DIXKOL,0.6077757477760315
ATULIM,CITZIP,0.6077757477760315
ATULIM,BEDPAE,0.5913241505622864
ATULIM,CUVFUW,0.589783787727356
ATULIM,ATULOS,0.578125
ATULIM,BOXMAE,0.5453364253044128
ATULIM,DARYIF,0.5034482479095459
ATULIM,BUVNIR,0.5034482479095459
ATULIM,DECXOB,0.5026315450668335
ATULOS,CIQHOC,0.6142857670783997
ATULOS,CIQHES,0.610521137714386
ATULOS,CIQHIW,0.610521137714386
ATULOS,CUKBEQ,0.5940521359443665
ATULOS,CORZOA,0.5938243269920349
ATULOS,CORZIU,0.5938243269920349
ATULOS,CEHQOX,0.5836786031723022
ATULOS,CEJXIA,0.5800078511238098
ATULOS,BIDHIG,0.5786227583885193
ATURIS,CEZYOY,0.747905433177948
ATURIS,DIRLIB,0.7314839363098145
ATURIS,DIQHAO,0.7277798056602478
ATURIS,DIQHAO01,0.7277798056602478
ATURIS,AWENAT02,0.5710725784301758
ATURIS,CUTBEA,0.5541821122169495
ATURIS,CUTBIE,0.5542640089988708
ATURIS,CUTBOK,0.5557000637054443
ATUXEU,CUWNIT,0.5195334553718567
ATUXEU,BEXVAD01,0.5195334553718567
ATUXEU,AWEYAE,0.5152350068092346
ATUXEU,DAZKEX,0.5074664354324341
AVAGIP,AVAGUB,1.0
AVAGIP,COTXIU,0.4758065342903137
AVAGIP,COTXEQ,0.4758065342903137
AVAGIP,COTXOA,0.4758065342903137
AVAGIP,DABWUA,0.4369468092918396
AVAGIP,DAPZAW,0.4214285910129547
AVAGIP,BALFAV04,0.41904404759407043
AVAGIP,BALFAV02,0.41904404759407043
AVAGIP,BALFAV03,0.41904404759407043
AVAGIP,BALFAV01,0.41904404759407043
AVAGUB,COTXIU,0.4758065342903137
AVAGUB,COTXEQ,0.4758065342903137
AVAGUB,COTXOA,0.4758065342903137
AVAGUB,DABWUA,0.4369468092918396
AVAGUB,DAPZAW,0.4214285910129547
AVAGUB,BALFAV04,0.41904404759407043
AVAGUB,BALFAV02,0.41904404759407043
AVAGUB,BALFAV03,0.41904404759407043
AVAGUB,BALFAV01,0.41904404759407043
AVAJUE02,AVAKAL02,1.0
AVAJUE02,CENQAP,0.9965804815292358
AVAJUE02,CAWVIH,0.9965804815292358
AVAJUE02,DADLOM,0.9950717687606812
AVAJUE02,DADLEC,0.9950717687606812
AVAJUE02,CENPUI,0.9946607351303101
AVAJUE02,DIXGIC,0.9671105742454529
AVAJUE02,BIFSOB,0.8386483192443848
AVAKAL02,CENQAP,0.9965804815292358
AVAKAL02,CAWVIH,0.9965804815292358
AVAKAL02,DADLOM,0.9950717687606812
AVAKAL02,DADLEC,0.9950717687606812
AVAKAL02,CENPUI,0.9946607351303101
AVAKAL02,DIXGIC,0.9671105742454529
AVAKAL02,BIFSOB,0.8386483192443848
AVAKEP02,BAZFUF,0.5935484170913696
AVAKEP02,BAZFUF01,0.5935484170913696
AVAKEP02,BAZGAM,0.5935484170913696
AVAKEP02,AXINAX01,0.593176007270813
AVAKEP02,DIBQIQ,0.593176007270813
AVAKEP02,AXINIF,0.593176007270813
AVAKEP02,DIBQOW,0.593176007270813
AVAKEP02,DIBQEM,0.593176007270813
AVAKEP02,CIFMAH,0.593176007270813
AVAKEP02,BABRII,0.5901288986206055
AVAQAP,BOJYIK,0.9987543821334839
AVAQAP,BOJYIK01,0.9987543821334839
AVAQAP,BUPVIT,0.9901461601257324
AVAQAP,BUVHEH,0.9901461601257324
AVAQAP,CAVLIW,0.6264585256576538
AVAQAP,CAVLOC,0.6264585256576538
AVAQAP,CELDAA,0.9901461601257324
AVAQAP,COTVIS,0.09999998658895493
AVAQAP,DIQGUH,0.9864584803581238
AVAQAP01,DEDTEN,0.6618912220001221
AVAQAP01,CEMJOV,0.6544713973999023
AVAQAP01,CAQCAZ,0.6544713973999023
AVAQAP01,AZUCED,0.6328063607215881
AVAQAP01,BARJAG,0.5555418729782104
AVAQAP01,BARKEL,0.5472968816757202
AVAQAP01,BARKIP,0.5568227171897888
AVAQAP01,BAVDEH,0.34773167967796326
AVAQAP01,BIFDUQ,0.31373628973960876
AVAQAP01,CAFRUX,0.31694918870925903
AVAQAP01,CEMMUD,0.31694918870925903
AVAQAP01,CEVBIR,0.4197636842727661
AVAQAP01,CIFGOP,0.6327580213546753
AVAQAP01,CITXEJ,0.30197662115097046
AVAQAP01,CORYUE,0.3116462230682373
AVAQAP01,COTVIS,0.09999998658895493
AVAQAP01,DESVIJ,0.44691699743270874
AVAQAP01,DESVOP,0.44714146852493286
AVAQET,CEJXOG,0.999160885810852
AVAQET,BOJYIK,0.9990724921226501
AVAQET,BEPNOC,0.48939669132232666
AVAQET,CAGXIU,0.6649926900863647
AVAQET,CAVLIW,0.6292654871940613
AVAQET,CAVLOC,0.6292654871940613
AVAQET,DIQGUH,0.9892654418945312
AVAQET,DIWMON,0.5883966684341431
AVAQIX,AVAQIX01,1.0
AVAQIX,CESNUM,1.0
AVAQIX,DIWFAT,0.9970499873161316
AVAQIX,CESYEF,0.9968591928482056
AVAQIX,CESYEF01,0.9968591928482056
AVAQIX,BUVNIR,0.9962353706359863
AVAQIX,DARYIF,0.9962353706359863
AVAQIX,BOWDOI,0.9939473867416382
AVAQIX,BOWDUO,0.9939473867416382
AVAQIX,BUXCAZ,0.9801182150840759
AVAQIX,CUVFUW,0.5333333015441895
AVAQIX,DESHOZ,0.531999945640564
AVAQIX01,CESNUM,1.0
AVAQIX01,DIWFAT,0.9970499873161316
AVAQIX01,CESYEF,0.9968591928482056
AVAQIX01,CESYEF01,0.9968591928482056
AVAQIX01,BUVNIR,0.9962353706359863
AVAQIX01,DARYIF,0.9962353706359863
AVAQIX01,BOWDOI,0.9939473867416382
AVAQIX01,BOWDUO,0.9939473867416382
AVAQIX01,BUXCAZ,0.9801182150840759
AVAQIX01,CUVFUW,0.5333333015441895
AVAQIX01,DESHOZ,0.531999945640564
AVAXIF,CEFDAU,0.9797663688659668
AVAXIF,CODFEH,0.5556548237800598
AVAXIF,CIMZII,0.5534506440162659
AVAXIF,BESXED,0.5287666916847229
AVAXIF,BIYHOH,0.4254288971424103
AVAXIF,DINNEV,0.4216804504394531
AVAXIF,CUCITD03,0.4213017225265503
AVAXIF,CUCITD,0.4213017225265503
AVAXIF,CUCITD01,0.4213017225265503
AVAXIF,DANWUL,0.38005226850509644
AVELOD,AVEMAQ,0.9999494552612305
AVELOD,AVELUJ,0.9999494552612305
AVELOD,DEZCER,0.9950717687606812
AVELOD,CIBTIR,0.5871402025222778
AVELOD,CUPHUS,0.5235294103622437
AVELOD,BOSHUN,0.5234788656234741
AVELOD,DEHHIK,0.523157000541687
AVELOD,DAPZAW,0.520476222038269
AVELUJ,AVEMAQ,1.0
AVELUJ,DEZCER,0.9955241084098816
AVELUJ,CIBTIR,0.5865314602851868
AVELUJ,BOSHUN,0.5235294103622437
AVELUJ,CUPHUS,0.5234788656234741
AVELUJ,DEHHIK,0.523280143737793
AVELUJ,DAPZAW,0.5204428434371948
AVEMAQ,DEZCER,0.9955241084098816
AVEMAQ,CIBTIR,0.5865314602851868
AVEMAQ,BOSHUN,0.5235294103622437
AVEMAQ,CUPHUS,0.5234788656234741
AVEMAQ,DEHHIK,0.523280143737793
AVEMAQ,DAPZAW,0.5204428434371948
AVEQID,CUVVOG,0.7107142806053162
AVEQID,DEMNOB,0.686956524848938
AVEQID,BAZBIQ,0.6852448582649231
AVEQID,CEKHUY,0.6632471680641174
AVEQID,AVESOL,0.6625000238418579
AVEQID,AVESUR,0.6587353944778442
AVEQID,AVETEC,0.5743603706359863
AVEROJ,AVESIE,1.0
AVEROJ,AVESAW,1.0
AVEROJ,AVESEA,1.0
AVEROJ,AVERUP,1.0
AVEROJ,DEGPEL,0.9922806620597839
AVEROJ,BAYQAU01,0.364705890417099
AVEROJ,BAYQAU11,0.364705890417099
AVEROJ,COMVAC,0.3569865822792053
AVEROJ,COMVEG,0.364705890417099
AVERUP,AVESIE,1.0
AVERUP,AVESAW,1.0
AVERUP,AVESEA,1.0
AVERUP,DEGPEL,0.9922806620597839
AVERUP,BAYQAU01,0.364705890417099
AVERUP,BAYQAU11,0.364705890417099
AVERUP,COMVEG,0.364705890417099
AVESAW,AVESIE,1.0
AVESAW,AVESEA,1.0
AVESAW,DEGPEL,0.9922806620597839
AVESAW,BAYQAU01,0.364705890417099
AVESAW,BAYQAU11,0.364705890417099
AVESAW,BAYPUN,0.3631133437156677
AVESAW,BAYQAU,0.364705890417099
AVESAW,COMVEG,0.364705890417099
AVESEA,AVESIE,1.0
AVESEA,DEGPEL,0.9922806620597839
AVESEA,BAYQAU01,0.364705890417099
AVESEA,BAYQAU11,0.364705890417099
AVESEA,BAYPUN,0.3631133437156677
AVESEA,BAYQAU,0.364705890417099
AVESEA,COMVAC,0.3569865822792053
AVESEA,COMVEG,0.364705890417099
AVESIE,DEGPEL,0.9922806620597839
AVESIE,BAYQAU01,0.364705890417099
AVESIE,BAYQAU11,0.364705890417099
AVESIE,BAYPUN,0.3631133437156677
AVESIE,BAYQAU,0.364705890417099
AVESIE,COMVAC,0.3569865822792053
AVESIE,COMVEG,0.364705890417099
AVESOL,AVESUR,0.9962353706359863
AVESOL,DEMNOB,0.9437500238418579
AVESOL,BAZBIQ,0.942038357257843
AVESOL,CEKHUY,0.7822948098182678
AVESOL,CEHLAD,0.7749999761581421
AVESOL,AVETAY,0.647826075553894
AVESOL,AVETEC,0.5462353825569153
AVESOL,AWENAT02,0.5632471442222595
AVESOL,CEQPOG,0.5064516067504883
AVESOL,CIJLIT,0.6759999990463257
AVESOL,CIRTUU,0.5320643782615662
AVESUR,DEMNOB,0.9399853944778442
AVESUR,BAZBIQ,0.9392714500427246
AVESUR,CEKHUY,0.7779949903488159
AVESUR,CUMLUT,0.7749999761581421
AVESUR,AVETAY,0.6440614461898804
AVESUR,AVETEC,0.5499999523162842
AVESUR,AWENAT02,0.5589473247528076
AVESUR,BEQJUF,0.5848584771156311
AVESUR,CEQPOG,0.5026869773864746
AVESUR,CIJLIT,0.672235369682312
AVETAY,DEMNOB,0.6727272868156433
AVETAY,BAZBIQ,0.6710156202316284
AVETAY,BEQKAM,0.6142857670783997
AVETAY,AVETEC,0.6062353849411011
AVETEC,DEMNOB,0.56290203332901
AVETEC,BAZBIQ,0.5621880888938904
AVETUS02,AVEVAA02,1.0
AVETUS02,AVEVII02,0.9977757334709167
AVETUS02,AVEVEE02,0.9962353706359863
AVETUS02,AVEVOO02,0.6117854118347168
AVETUS02,AZAYAD,0.542843222618103
AVETUS02,CADPII,0.5320000052452087
AVEVAA02,AVEVII02,0.9977757334709167
AVEVAA02,AVEVEE02,0.9962353706359863
AVEVAA02,AVEVOO02,0.6117854118347168
AVEVAA02,AZAYAD,0.542843222618103
AVEVAA02,CADPII,0.5320000052452087
AVEVEE02,AVEVII02,0.9939473867416382
AVEVEE02,AVEVOO02,0.6113357543945312
AVEVEE02,AZAYAD,0.5376899838447571
AVEVEE02,CEHKUW,0.531999945640564
AVEVEE02,CUMLUT,0.531999945640564
AVEVII02,AVEVOO02,0.6115753054618835
AVEVII02,AZAYAD,0.551937460899353
AVEVII02,CIPLIX,0.531999945640564
AVEVOO02,CIBTIT,0.6684210300445557
AVEVOO02,DEPXIG,0.6684210300445557
AVEVOO02,DEPXOM,0.6684210300445557
AVEVOO02,CIGXIA,0.6673296093940735
AVEVOO02,CADPII,0.6659206748008728
AVEVOO02,BEQKAM,0.6659206748008728
AVEVOO02,CEHLAD,0.6659206748008728
AVEVOO02,BIDPAH,0.5200928449630737
AVIHIY,CAVWOO,0.9999803900718689
AVIHIY,DIGPER,0.9998704195022583
AVIHIY,AVIHOE,0.9996700286865234
AVIHIY,BEVSUR,0.9961051344871521
AVIHIY,CUFDOX,0.9946691393852234
AVIHIY,CUFDUD,0.9946691393852234
AVIHIY,CUFFIT,0.9946691393852234
AVIHIY,CUFFUF,0.9946691393852234
AVIHIY,CUFFEP,0.9946691393852234
AVIHIY,AVUFED,0.6428866982460022
AVIHIY,AVUFED01,0.6428866982460022
AVIHIY,BARKOV,0.47108009457588196
AVIHIY,BEQJOZ,0.5695652365684509
AVIHIY,BOHWUS,0.9935397505760193
AVIHIY,CAYKEU,0.5485513210296631
AVIHIY,CEDFIC,0.614156186580658
AVIHIY,CEDFOI,0.614156186580658
AVIHIY,CEDFUO,0.614156186580658
AVIHIY,CEDYER,0.5567943453788757
AVIHIY,CEDYER01,0.5567943453788757
AVIHIY,COSWEO,0.9939661026000977
AVIHOE,CAVWOO,0.9995852708816528
AVIHOE,DIGPER,0.9992631673812866
AVIHOE,CUFFIT,0.9957316517829895
AVIHOE,CUFFOZ,0.9957316517829895
AVIHOE,CUFDOX,0.9957316517829895
AVIHOE,CUFFUF,0.9957316517829895
AVIHOE,CUFFEP,0.9957316517829895
AVIHOE,CUFDUD,0.9957316517829895
AVIHOE,AWOFOI,0.9833859205245972
AVIHOE,BEQJOZ,0.5692352652549744
AVIHOE,BEVSUR,0.9953123331069946
AVIHOE,BIQVII,0.4641551673412323
AVIHOE,BOHWUS,0.9932013154029846
AVIHOE,CEDFIC,0.613548994064331
AVIHOE,CEDFOI,0.613548994064331
AVIHOE,CEDFUO,0.613548994064331
AVIHOE,COSWEO,0.9924710392951965
AVILAT,AXOCEW,0.9974996447563171
AVILAT,COZMUA,0.6222895383834839
AVILAT,BOHWOM,0.6182109713554382
AVILAT,BADZAK,0.6117854118347168
AVILAT,BUKLOJ,0.6115753054618835
AVILAT,BUKLOJ01,0.6115753054618835
AVILAT,CUZBUW,0.6115753054618835
AVIMIC,AVIMOI,1.0
AVIMIC,AVIMUO,0.9974996447563171
AVIMIC,CARFUZ,0.79677414894104
AVIMIC,BEDJOL,0.7955036759376526
AVIMIC,BEPYIG,0.7933546304702759
AVIMIC,CARFOT,0.7933546304702759
AVIMIC,BUCWAZ,0.7349450588226318
AVIMIC,CAJQEL,0.6590805053710938
AVIMOI,AVIMUO,0.9974996447563171
AVIMOI,CARFUZ,0.79677414894104
AVIMOI,BEDJOL,0.7955036759376526
AVIMOI,BEPYIG,0.7933546304702759
AVIMOI,CARFOT,0.7933546304702759
AVIMOI,BUCWAZ,0.7349450588226318
AVIMOI,CAJQEL,0.6590805053710938
AVIMUO,BEDJOL,0.8118923902511597
AVIMUO,CARFUZ,0.7942737936973572
AVIMUO,BEPYIG,0.7918459177017212
AVIMUO,CARFOT,0.7918459177017212
AVIMUO,BUCWAZ,0.7357596755027771
AVIPAX,AVIPOL,1.0
AVIPAX,BUKMUQ01,0.9959937334060669
AVIPAX,BUKMUQ,0.9959937334060669
AVIPAX,BIYTOU,0.9954933524131775
AVIPAX,DITHEW,0.9929812550544739
AVIPAX,DITJOI,0.9929812550544739
AVIPAX,DITHUM,0.9929812550544739
AVIPAX,DITJEY01,0.9929812550544739
AVIPAX,BIYSUZ,0.9619939923286438
AVIPAX,BIYVEM,0.9598793387413025
AVIPAX,BIYVIQ,0.9592116475105286
AVIPAX,DEYVUA,0.6102795004844666
AVIPOL,BUKMUQ01,0.9959937334060669
AVIPOL,BUKMUQ,0.9959937334060669
AVIPOL,BIYTOU,0.9954933524131775
AVIPOL,DITHEW,0.9929812550544739
AVIPOL,DITJOI,0.9929812550544739
AVIPOL,DITHUM,0.9929812550544739
AVIPOL,DITJEY01,0.9929812550544739
AVIPOL,BIYSUZ,0.9619939923286438
AVIPOL,BIYVEM,0.9598793387413025
AVIPOL,BIYVIQ,0.9592116475105286
AVIPOL,DITHAS,0.9929812550544739
AVIPOL,DITHEW01,0.9929812550544739
AVIPOL,DITHOG,0.9929812550544739
AVIPOL,DITJEY,0.9929812550544739
AVITUU,AVIVEG,0.9969467520713806
AVITUU,AVIVUW,0.9969467520713806
AVITUU,AVIVOQ,0.9969467520713806
AVITUU,AVIVAC,0.9969467520713806
AVITUU,CUPHUS,0.550000011920929
AVITUU,BOSHUN,0.5499494671821594
AVITUU,DEHHIK,0.5496275424957275
AVITUU,DAPZAW,0.5469467639923096
AVIVAC,AVIVUW,1.0
AVIVAC,AVIVEG,1.0
AVIVAC,AVIVOQ,1.0
AVIVAC,DAPZAW,0.550000011920929
AVIVAC,BALFAV02,0.5476154685020447
AVIVAC,BALFAV04,0.5476154685020447
AVIVAC,BALFAV03,0.5476154685020447
AVIVAC,BALFAV01,0.5476154685020447
AVIVAC,DEHHIK,0.5471376776695251
AVIVEG,AVIVUW,1.0
AVIVEG,AVIVOQ,1.0
AVIVEG,DAPZAW,0.550000011920929
AVIVEG,BALFAV02,0.5476154685020447
AVIVEG,BALFAV04,0.5476154685020447
AVIVEG,BALFAV03,0.5476154685020447
AVIVEG,BALFAV01,0.5476154685020447
AVIVEG,DEHHIK,0.5471376776695251
AVIVOQ,AVIVUW,1.0
AVIVOQ,DAPZAW,0.550000011920929
AVIVOQ,BALFAV02,0.5476154685020447
AVIVOQ,BALFAV04,0.5476154685020447
AVIVOQ,BALFAV03,0.5476154685020447
AVIVOQ,BALFAV01,0.5476154685020447
AVIVOQ,DEHHIK,0.5471376776695251
AVIVUW,DAPZAW,0.550000011920929
AVIVUW,BALFAV02,0.5476154685020447
AVIVUW,BALFAV04,0.5476154685020447
AVIVUW,BALFAV03,0.5476154685020447
AVIVUW,BALFAV01,0.5476154685020447
AVIVUW,DEHHIK,0.5471376776695251
AVOFUM,COMDOY,0.9990034103393555
AVOFUM,BUKLOJ,0.9971376657485962
AVOFUM,BUKLOJ01,0.9971376657485962
AVOFUM,CUZBUW,0.9971376657485962
AVOFUM,BADZAK,0.9944032430648804
AVOFUM,RUBTAK02,0.9927040934562683
AVOFUM,AWEYAE,0.6944032907485962
AVOFUM,AXOCEW,0.60868901014328
AVOFUM,BECKOM,0.5664244294166565
AVOFUM,BEZKOI,0.45685917139053345
AVOFUM,BEZKOI01,0.45685917139053345
AVOFUM,BIJJOV,0.6652802228927612
AVOFUM,BUZHIO,0.46352583169937134
AVOFUM,CAXTAY,0.991543710231781
AVOFUM,CEFNEJ,0.7322409152984619
AVOFUM,CEFNOT,0.7322409152984619
AVOFUM,CEJWAR,0.7296974062919617
AVOFUM,CEZZEN,0.5853718519210815
AVOFUM,CEZZIR,0.5853718519210815
AVOFUM,COZMUA,0.7324318289756775
AVOFUM,CUSXIY,0.7296974062919617
AVOFUM,CUWNIT,0.697137713432312
AVOFUM,DAWCIP,0.6944032907485962
AVOFUM,DAWCOV,0.6959420442581177
AVOFUM,DAZKEX,0.6915437579154968
AVOFUM,DAZMID,0.8115437030792236
AVOFUM,DITVOT,0.4503718316555023
AVOFUM,SABVUN01,0.991543710231781
AVOGAT,AVOGAT01,1.0
AVOGAT,AVOGEX,1.0
AVOGAT,CUKXAJ,0.9968591928482056
AVOGAT,CUKXEN,0.9968591928482056
AVOGAT,DAHMIJ,0.9968591928482056
AVOGAT,BERQEW,0.5968592166900635
AVOGAT,BUSQIQ,0.991543710231781
AVOGAT,CAQCAZ,0.9922400116920471
AVOGAT,CASTEW,0.9922400116920471
AVOGAT,CEMJOV,0.9922400116920471
AVOGAT,CEVBEN,0.49037185311317444
AVOGAT,CEXYOU,0.5918592214584351
AVOGAT,DACJUO,0.6294118165969849
AVOGAT,DEJJEK,0.9887474179267883
AVOGAT01,AVOGEX,1.0
AVOGAT01,CUKXAJ,0.9968591928482056
AVOGAT01,CUKXEN,0.9968591928482056
AVOGAT01,DAHMIJ,0.9968591928482056
AVOGAT01,BERQEW,0.5968592166900635
AVOGAT01,CAQCAZ,0.9922400116920471
AVOGAT01,CASTEW,0.9922400116920471
AVOGAT01,CEMJOV,0.9922400116920471
AVOGAT01,CEVBEN,0.49037185311317444
AVOGAT01,CEXYOU,0.5918592214584351
AVOGAT01,DACJUO,0.6294118165969849
AVOGAT01,DEJJEK,0.9887474179267883
AVOGEX,CUKXAJ,0.9968591928482056
AVOGEX,CUKXEN,0.9968591928482056
AVOGEX,DAHMIJ,0.9968591928482056
AVOGEX,BERQEW,0.5968592166900635
AVOGEX,CEXYOU,0.5918592214584351
AVOGEX,DACJUO,0.6294118165969849
AVOGEX,DEJJEK,0.9887474179267883
AVOGEZ,BUQROV,0.4138824939727783
AVOGEZ,DIXVUC04,0.40409284830093384
AVOGEZ,DIXVUC01,0.40409284830093384
AVOGEZ,DIXVUC,0.40409284830093384
AVOGEZ,DIXVUC02,0.40409284830093384
AVOGEZ,DIXVUC03,0.40409284830093384
AVOGEZ,DITYOW,0.40085211396217346
AVOGEZ,DIGTUK,0.3876330852508545
AVOGEZ,CIPMOF,0.3821406364440918
AVOGEZ,DALXEW,0.32444292306900024
AVOGEZ,DIXKUR,0.33214062452316284
AVOGEZ,DIXKUR01,0.33214062452316284
AVOGID,BINBIM,0.48571428656578064
AVOGID,DENFUA,0.39705002307891846
AVOGID,CEVVEF,0.39705002307891846
AVOGID,CEVVIJ,0.39705002307891846
AVOGID,DENGAH,0.39705002307891846
AVOGID,DEYNIG,0.3922806978225708
AVOGID,CEHXIY,0.3922806978225708
AVOGID,CEHWIX,0.3921966850757599
AVOGID,CEHWOD,0.3921966850757599
AVOQOT,BADNOM,0.9623563885688782
AVOQOT,BEFKEF01,0.6172879934310913
AVOQOT,BEFKEF,0.6172879934310913
AVOQOT,CEKWEW,0.5785627365112305
AVOQOT,COLPEA,0.566447377204895
AVOQOT,CUQYEU,0.5646848082542419
AVOQOT,CEQPIA,0.5439473390579224
AVOQOT,DAWFEO,0.5334822535514832
AVOQOT,DAXFEQ,0.4706117808818817
AVOQOT,BOYFUS,0.4599999785423279
AVOQOT,DAXDUE,0.4398745894432068
AVOQOT,DAXFIU,0.436409592628479
AVOQOT,DEZKAW,0.444777250289917
AVOQOT,DEZKEA,0.444777250289917
AVUCEA,CIPLIX,0.9999999403953552
AVUCEA,CIFMIP,0.9999999403953552
AVUCEA,CIGXIA,0.9996292591094971
AVUCEA,BODPAN,0.9996275901794434
AVUCEA,DIHVIB,0.9996275901794434
AVUCEA,DIHVIB01,0.9996275901794434
AVUCEA,BABREE,0.7746275663375854
AVUCEA,BAXGEP,0.6396275758743286
AVUCEA,BAZBIQ,0.8196292519569397
AVUCEA,BAZBOW,0.6996293067932129
AVUCEA,BEQKAM,0.9977757334709167
AVUCEA,BEXVAD01,0.699999988079071
AVUCEA,CADPII,0.9977757334709167
AVUCEA,CAXVII,0.4146292805671692
AVUCEA,CAXWIJ,0.4146292805671692
AVUCEA,CEHLAD,0.9977757334709167
AVUCEA,CELZIE,0.6363990306854248
AVUCEA,CELZOK,0.7316931486129761
AVUCEA,CIRTAB,0.5499999523162842
AVUCEA,CISJAQ,0.6377757787704468
AVUCEA,COQTEJ,0.49631524085998535
AVUCEA,DALSOA,0.7746275663375854
AVUCEA,DAPHOU,0.6977757811546326
AVUCEA,DECJON,0.512499988079071
AVUDAX,COWKAB,0.7749999761581421
AVUDAX,BEZKOI01,0.5831897854804993
AVUDAX,DAWWEF,0.46885836124420166
AVUDAX,CABSIK,0.41584378480911255
AVUDAX,CUMKIG,0.31139230728149414
AVUDAX,CUMKIG03,0.31139230728149414
AVUDAX,CIDPEM,0.2942221760749817
AVUDAX,COKFAK,0.2942221760749817
AVUDAX,BIXVIQ01,0.22857144474983215
AVUFED,AVUFED01,1.0
AVUFED,BEYKEX,0.9588677883148193
AVUFED,BEVSUR,0.6575861573219299
AVUFED,BOHWUS,0.6543198227882385
AVUFED,COSWEO,0.6498053669929504
AVUFED,DIGPER,0.6447013020515442
AVUFED,CAVWOO,0.6440604329109192
AVUFED,AYUWUM,0.3799999952316284
AVUFED,BUTQUC,0.44137927889823914
AVUFED,CAYKEU,0.5684093236923218
AVUFED,CIXCOD,0.4123023450374603
AVUFED,CUSBUO,0.446153849363327
AVUFED01,BEYKEX,0.9588677883148193
AVUFED01,BEVSUR,0.6575861573219299
AVUFED01,BOHWUS,0.6543198227882385
AVUFED01,COSWEO,0.6498053669929504
AVUFED01,DIGPER,0.6447013020515442
AVUFED01,CAVWOO,0.6440604329109192
AVUFED01,AYUWUM,0.3799999952316284
AVUFED01,BUTQUC,0.44137927889823914
AVUFED01,CAYKEU,0.5684093236923218
AVUFED01,CIXCOD,0.4123023450374603
AVUFED01,CUSBUO,0.446153849363327
AVUKUY,AWEYUX,1.0
AVUKUY,AWEZEI,1.0
AVUKUY,AWEZAE,1.0
AVUKUY,AVULEJ,1.0
AVUKUY,AVULAF,1.0
AVUKUY,DEZKEA,0.47741931676864624
AVUKUY,DEZKAW,0.47741931676864624
AVUKUY,BUVXOG,0.47632789611816406
AVUKUY,BUVYEX,0.47632789611816406
AVUKUY,BOYFUS,0.4515954554080963
AVUKUY,CEFHAZ,0.47062456607818604
AVUKUY,DAHJUR,0.28344202041625977
AVUKUY,DIFYEZ,0.36705002188682556
AVULAF,AWEYUX,1.0
AVULAF,AWEZEI,1.0
AVULAF,AWEZAE,1.0
AVULAF,AVULEJ,1.0
AVULAF,DEZKEA,0.47741931676864624
AVULAF,DEZKAW,0.47741931676864624
AVULAF,BUVXOG,0.47632789611816406
AVULAF,BUVYEX,0.47632789611816406
AVULAF,BOYFUS,0.4515954554080963
AVULAF,CEFHAZ,0.47062456607818604
AVULAF,DAHJUR,0.28344202041625977
AVULAF,DAPYUP,0.24188798666000366
AVULAF,DIFYEZ,0.36705002188682556
AVULEJ,AWEYUX,1.0
AVULEJ,AWEZEI,1.0
AVULEJ,AWEZAE,1.0
AVULEJ,DEZKEA,0.47741931676864624
AVULEJ,DEZKAW,0.47741931676864624
AVULEJ,BUVXOG,0.47632789611816406
AVULEJ,BUVYEX,0.47632789611816406
AVULEJ,BOYFUS,0.4515954554080963
AVULEJ,CEFHAZ,0.47062456607818604
AVULEJ,DAHJUR,0.28344202041625977
AVULEJ,DAPYUP,0.24188798666000366
AVULEJ,DIFYEZ,0.36705002188682556
AVUPIR,AVUPOX,1.0
AVUPIR,CUMDIY,0.9930660724639893
AVUPIR,CUMDOE,0.9926453232765198
AVUPIR,CELNUE,0.7013393640518188
AVUPIR,AZILEA,0.6140393614768982
AVUPIR,BUGSEC,0.6135950684547424
AVUPIR,BUGSIG,0.6133251786231995
AVUPIR,BUGSOM,0.6132037043571472
AVUPIR,BUGSAY,0.6129944324493408
AVUPIR,BUVPUF,0.17589879035949707
AVUPIR,CIFGUT,0.1827041357755661
AVUPIR,CYTPCD10,0.25635984539985657
AVUPIR,DEXXAF,0.1827041357755661
AVUPOX,CUMDIY,0.9930660724639893
AVUPOX,CUMDOE,0.9926453232765198
AVUPOX,CELNUE,0.7013393640518188
AVUPOX,AZILEA,0.6140393614768982
AVUPOX,BUGSEC,0.6135950684547424
AVUPOX,BUGSIG,0.6133251786231995
AVUPOX,BUGSOM,0.6132037043571472
AVUPOX,BUGSAY,0.6129944324493408
AVUPOX,BUVPUF,0.17589879035949707
AVUPOX,CIFGUT,0.1827041357755661
AVUPOX,CYTPCD10,0.25635984539985657
AVUPOX,DEXXAF,0.1827041357755661
AVUYAR,BAEDTA01,0.756424605846405
AVUYAR,DIBZIZ,0.6787775158882141
AVUYAR,DIBZOF,0.6762672662734985
AVUYAR,DIBZEV,0.6762672662734985
AVUYAR,DINFOX,0.5375828742980957
AWAREV,COMHUI,0.9965804815292358
AWAREV,COMHOC,0.9965804815292358
AWAREV,CUGYOU,0.9944032430648804
AWAREV,CEWQAZ,0.373913049697876
AWAREV,CEWQED,0.373913049697876
AWAREV,CUKXAI,0.3701484501361847
AWAREV,COWLIK,0.3701484501361847
AWAREV,AWARIZ,0.37000003457069397
AWAREV,AWAROF,0.37000003457069397
AWAREV,BUCXUT,0.36250001192092896
AWAREV,DIKBAB01,0.36250001192092896
AWARIZ,AWAROF,1.0
AWARIZ,CEWQED,0.43157896399497986
AWARIZ,CEWQAZ,0.43157896399497986
AWARIZ,CUKXAI,0.4278143644332886
AWARIZ,COWLIK,0.4278143644332886
AWARIZ,DIKBAB,0.4150000214576721
AWARIZ,AWEZOS,0.3704935312271118
AWARIZ,AWEZOS01,0.3704935312271118
AWARIZ,AWIBAK,0.3704935312271118
AWARIZ,AZPYCD,0.16052113473415375
AWARIZ,COMHOC,0.3665805160999298
AWARIZ,COMHUI,0.3665805160999298
AWARIZ,COWRUC,0.3194032907485962
AWARIZ,COWSAJ,0.3194032907485962
AWARIZ,COWSEN,0.3194032907485962
AWAROF,CEWQED,0.43157896399497986
AWAROF,CEWQAZ,0.43157896399497986
AWAROF,CUKXAI,0.4278143644332886
AWAROF,COWLIK,0.4278143644332886
AWAROF,DIKBAB,0.4150000214576721
AWAROF,AWEZOS,0.3704935312271118
AWAROF,AWEZOS01,0.3704935312271118
AWAROF,AWIBAK,0.3704935312271118
AWAROF,AZPYCD,0.16052113473415375
AWAROF,COMHOC,0.3665805160999298
AWAROF,COMHUI,0.3665805160999298
AWAROF,COWRUC,0.3194032907485962
AWAROF,COWSAJ,0.3194032907485962
AWAROF,COWSEN,0.3194032907485962
AWEJAO,CUSBUO,0.47703367471694946
AWEJAO,AXITAD,0.3862646222114563
AWEJAO,CAYKEU,0.37984782457351685
AWEJAO,CEJSUG,0.3363198935985565
AWEJAO,BUTQUC,0.3250856399536133
AWEJAO,BEPNUI,0.32460111379623413
AWEJAO,BEPNOC,0.32444214820861816
AWEJAO,COKNOH01,0.32214659452438354
AWEJAO,COKMEW,0.32214659452438354
AWEJAO,AXOCEX,0.225371852517128
AWEJES,CATZIJ,0.9982883334159851
AWEJES,DEKBON,0.9965804815292358
AWEJES,AWEJIW,0.9962353706359863
AWEJES,DELGIN,0.9962353706359863
AWEJES,DITTEH,0.9142857193946838
AWEJES,BABRII,0.9099999666213989
AWEJIW,DELGIN,1.0
AWEJIW,CATZIJ,0.9955214262008667
AWEJIW,DEKBON,0.9922806620597839
AWEJIW,DITTEH,0.9105210900306702
AWEJIW,DAPYAW,0.9099999666213989
AWELAP,BECDAP,0.5
AWELAP,DAPYUP,0.36016786098480225
AWELAP,AZIXIR,0.29071247577667236
AWELAP,CEDYER01,0.2898377478122711
AWELAP,CEDYER,0.2898377478122711
AWELAP,DETGIT,0.2657894790172577
AWELAP,CEDFIC,0.26385533809661865
AWELAP,CEDFUO,0.26385533809661865
AWELAP,CEDFOI,0.26385533809661865
AWELAP,DINYEG,0.26363638043403625
AWELAP,AYOSIS,0.2536585330963135
AWELAP,CIWNIH,0.2574999928474426
AWELAP,COVRUC,0.24651163816452026
AWEMUL,COQMAX,0.9841392636299133
AWEMUL,COQMEB,0.8153892755508423
AWEMUL,BARMAL,0.701688289642334
AWEMUL,BARLEO,0.701688289642334
AWEMUL,CIRSII,0.6811337471008301
AWEMUL,CIRSOO,0.6750357747077942
AWEMUL,CUKJUO,0.6650315523147583
AWEMUL,CAVVOM,0.6442462801933289
AWEMUL,BAZVIK,0.6438843607902527
AWEMUL,BARMEP,0.6430416703224182
AWEMUL,AWOSIQ,0.4703442454338074
AWEMUL,AXICOB,0.4553442597389221
AWEMUL,CELZEA,0.42199450731277466
AWEMUL,CIHNEO,0.4082014262676239
AWEMUL,COQMIF,0.6051918864250183
AWEMUL,CUQKOQ,0.5799204111099243
AWENAT02,BAZBIQ,0.5831651091575623
AWENAT02,DEMNOB,0.5811958909034729
AWENAT02,CEZYOY,0.5628571510314941
AWENAT02,BODPAN,0.5320000052452087
AWENAT02,DIHVIB,0.5320000052452087
AWEVIJ,CIYZUG,0.4258488118648529
AWEVIJ,CIGYEY,0.419657438993454
AWEVIJ,CUXVEX,0.3838145434856415
AWEVIJ,DAXFEQ,0.3606996238231659
AWEVIJ,CEJGAB,0.3457883596420288
AWEWUV,COQTEJ,0.7624027132987976
AWEWUV,BIXCOC,0.6246275901794434
AWEWUV,CUNWEO,0.5538191795349121
AWEWUV,BAXGEP,0.5218750238418579
AWEWUV,DIHVIB01,0.5
AWEWUV,BODPAN,0.5
AWEWUV,DIHVIB,0.5
AWEWUV,CECWIT,0.49728065729141235
AWEWUV,CEDTOX,0.49728065729141235
AWEWUV,DAPYUP,0.26928722858428955
AWEYAE,CUWNIT,0.9977757334709167
AWEYAE,DAZKEX,0.9927337765693665
AWEYAE,BADZAK,0.7000000476837158
AWEYAE,BUKLOJ01,0.6977757811546326
AWEYAE,CUZBUW,0.6977757811546326
AWEYAE,BUKLOJ,0.6977757811546326
AWEYAE,CAXTAY,0.6927338242530823
AWEYAE,SABVUN01,0.6927338242530823
AWEYAE,DITVOT,0.5733147859573364
AWEYUX,AWEZEI,1.0
AWEYUX,AWEZAE,1.0
AWEYUX,DEZKEA,0.47741931676864624
AWEYUX,DEZKAW,0.47741931676864624
AWEYUX,BUVXOG,0.47632789611816406
AWEYUX,BUVYEX,0.47632789611816406
AWEYUX,BOYFUS,0.4515954554080963
AWEYUX,CEFHAZ,0.47062456607818604
AWEYUX,CITXEJ,0.27054357528686523
AWEYUX,DAHJUR,0.28344202041625977
AWEYUX,DIFYEZ,0.36705002188682556
AWEZAE,AWEZEI,1.0
AWEZAE,DEZKEA,0.47741931676864624
AWEZAE,DEZKAW,0.47741931676864624
AWEZAE,BUVXOG,0.47632789611816406
AWEZAE,BUVYEX,0.47632789611816406
AWEZAE,BIFDUQ,0.2504912316799164
AWEZAE,BOYFUS,0.4515954554080963
AWEZAE,CEFHAZ,0.47062456607818604
AWEZAE,DAHJUR,0.28344202041625977
AWEZAE,DIFYEZ,0.36705002188682556
AWEZEI,DEZKEA,0.47741931676864624
AWEZEI,DEZKAW,0.47741931676864624
AWEZEI,BUVXOG,0.47632789611816406
AWEZEI,BUVYEX,0.47632789611816406
AWEZEI,BIFDUQ,0.2504912316799164
AWEZEI,BOYFUS,0.4515954554080963
AWEZEI,CEFHAZ,0.47062456607818604
AWEZEI,DAHJUR,0.28344202041625977
AWEZEI,DIFYEZ,0.36705002188682556
AWEZOS,AWEZOS01,1.0
AWEZOS,AWIBAK,1.0
AWEZOS,AWIBEO,0.5344827771186829
AWEZOS,AWIBIS,0.5344827771186829
AWEZOS,BEQJUF,0.38763993978500366
AWEZOS,DENVOI,0.3849467933177948
AWEZOS,DENVEY,0.38307178020477295
AWEZOS,DENVIC,0.38028067350387573
AWEZOS,DENTEW01,0.38028067350387573
AWEZOS01,AWIBAK,1.0
AWEZOS01,AWIBEO,0.5344827771186829
AWEZOS01,AWIBIS,0.5344827771186829
AWEZOS01,BEQJUF,0.38763993978500366
AWEZOS01,DENVOI,0.3849467933177948
AWEZOS01,DENVEY,0.38307178020477295
AWEZOS01,DENVIC,0.38028067350387573
AWEZOS01,DENTEW01,0.38028067350387573
AWIBAK,AWIBEO,0.5344827771186829
AWIBAK,AWIBIS,0.5344827771186829
AWIBAK,BEQJUF,0.38763993978500366
AWIBAK,DENVOI,0.3849467933177948
AWIBAK,DENVEY,0.38307178020477295
AWIBAK,DENVIC,0.38028067350387573
AWIBAK,DENTEW01,0.38028067350387573
AWIBAK,COWRUC,0.2576610743999481
AWIBAK,COWSAJ,0.2576610743999481
AWIBAK,COWSEN,0.2576610743999481
AWIBAL,AWIBEP,1.0
AWIBAL,CUWWOI,0.9987848997116089
AWIBAL,CAPLOX,0.9965474605560303
AWIBAL,BERQIA,0.6311748027801514
AWIBAL,AWOJOM,0.5325826406478882
AWIBAL,CAVNOE,0.33929505944252014
AWIBAL,DIXBET,0.5298112630844116
AWIBAL,DIXBET01,0.5298112630844116
AWIBEO,AWIBIS,1.0
AWIBEO,DITYEM02,0.6586206555366516
AWIBEO,BUHFER,0.6586206555366516
AWIBEO,CUGVUW,0.5135135054588318
AWIBEO,BUSMUY,0.4785749316215515
AWIBEO,BUVYIB01,0.47749707102775574
AWIBEO,BUVWOF03,0.47749707102775574
AWIBEO,COMHOC,0.3700000047683716
AWIBEO,COMHUI,0.3700000047683716
AWIBEO,CUGYOU,0.366946816444397
AWIBEP,CUWWOI,0.9987848997116089
AWIBEP,CAPLOX,0.9965474605560303
AWIBEP,BERQIA,0.6311748027801514
AWIBEP,AWOJOM,0.5325826406478882
AWIBEP,CAVNOE,0.33929505944252014
AWIBEP,DINYEG,0.5181189179420471
AWIBEP,DINYEG01,0.5181189179420471
AWIBEP,DIXBET,0.5298112630844116
AWIBEP,DIXBET01,0.5298112630844116
AWIBIS,DITYEM02,0.6586206555366516
AWIBIS,BUHFER,0.6586206555366516
AWIBIS,CUGVUW,0.5135135054588318
AWIBIS,BUSMUY,0.4785749316215515
AWIBIS,BUVYIB01,0.47749707102775574
AWIBIS,BUVWOF03,0.47749707102775574
AWIBIS,COMHOC,0.3700000047683716
AWIBIS,COMHUI,0.3700000047683716
AWIBIS,CUGYOU,0.366946816444397
AWOFOI,CAVWOO,0.9796669483184814
AWOFOI,CUFFOZ,0.9796112775802612
AWOFOI,CUFFUF,0.9796112775802612
AWOFOI,CUFFIT,0.9796112775802612
AWOFOI,CUFDUD,0.9796112775802612
AWOFOI,CUFDOX,0.9796112775802612
AWOFOI,CUFFEP,0.9796112775802612
AWOFOI,BEVSUR,0.9795703887939453
AWOFOI,BIQVII,0.48076921701431274
AWOJOM,DIXBET01,0.9993817806243896
AWOJOM,DIXBET,0.9993817806243896
AWOJOM,DINYEG,0.9952431321144104
AWOJOM,DINYEG01,0.9952431321144104
AWOJOM,AZIXIR,0.6448363661766052
AWOJOM,CUWWOI,0.5387089848518372
AWOJOM,CAPLOX,0.5372574925422668
AWOJOM,BERQAS,0.5291351675987244
AWOSIQ,COQMAX,0.49991607666015625
AWOSIQ,COQMEB,0.4470899701118469
AWOSIQ,COQMIF,0.43241608142852783
AWOSIQ,CIRSII,0.4115384519100189
AWOSIQ,CIRSOO,0.40811896324157715
AWOSIQ,CUQKOQ,0.404719740152359
AWOSIQ,CIHNEO,0.4000000059604645
AWOSIQ,BARLEO,0.3967207670211792
AWUROZ,DEKCII,0.35374394059181213
AWUROZ,DEKCEE,0.35348567366600037
AWUROZ,CAXVUU,0.3246292769908905
AWUROZ,CAXWEF,0.3246292769908905
AWUROZ,DAGDEV,0.3115752935409546
AWUROZ,DAGDIZ,0.3082330822944641
AWUROZ,DEJTIW,0.3082330822944641
AWUROZ,DEJTES,0.3082330822944641
AWUROZ,DEFXEU,0.30454543232917786
AWUROZ,BUKSAD,0.2906329333782196
AWUROZ,CIFGUT,0.197137713432312
AWUROZ,DEXXAF,0.197137713432312
AXAWUT,CEWNIB,0.9826657772064209
AXAWUT,BAYJEQ,0.9755967855453491
AXAWUT,BABTOP,0.5857244729995728
AXAWUT,BUDCIN,0.5441298484802246
AXAWUT,CASPUJ,0.32499998807907104
AXICOB,COQMEB,0.5749161243438721
AXICOB,COQMAX,0.484916090965271
AXICOB,CIRSII,0.42499998211860657
AXICOB,CIRSOO,0.4215804934501648
AXICOB,CAVVOM,0.4127967059612274
AXICOB,BARLEO,0.41018229722976685
AXICOB,BARMAL,0.41018229722976685
AXICOB,COQMIF,0.40348750352859497
AXICOB,COBWEV,0.26932984590530396
AXICOB,DEFFEC,0.25924187898635864
AXIGAR,BEXREC,0.9999999403953552
AXIGAR,BEXQOL,0.9999999403953552
AXIGAR,DIBXAO,0.9999999403953552
AXIGAR,BASHEJ,0.9999999403953552
AXIGAR,DIBWUH,0.9997506737709045
AXIGAR,BEXRIG,0.9997506737709045
AXIGAR,BEXQUR,0.9997506737709045
AXIGAR,BASHOT,0.9996292591094971
AXIGAR,BEXQIF,0.9996292591094971
AXIGAR,CUTCYM02,0.9996275901794434
AXIGAR,BASHAF,0.9972895383834839
AXIGAR,BASHIN,0.9972895383834839
AXIGAR,BEXRAY,0.9972895383834839
AXIGAR,BITCUE,0.9971376657485962
AXIGAR,DACHAR,0.9971376657485962
AXIGAR,DANZEX,0.9972895383834839
AXIMUP,BIZLUT,0.5722134113311768
AXIMUP,BELHOR,0.5554658770561218
AXIMUP,CEZZIR,0.44732141494750977
AXIMUP,CEZZEN,0.44732141494750977
AXIMUP,BIZMEE,0.3884713649749756
AXIMUP,BIZMII,0.38820648193359375
AXIMUP,BEYTEG,0.35874420404434204
AXIMUP,BIZMAA,0.35544586181640625
AXIMUP,BOHYUT,0.3423076868057251
AXINAX01,DIBQEM,0.9999999403953552
AXINAX01,AXINIF,0.9999999403953552
AXINAX01,CIFMAH,0.9999999403953552
AXINAX01,DIBQIQ,0.9999999403953552
AXINAX01,DIBQOW,0.9999999403953552
AXINAX01,BAZFUF,0.9996275901794434
AXINAX01,BAZFUF01,0.9996275901794434
AXINAX01,BAZGAM,0.9996275901794434
AXINAX01,BABRII,0.9977757334709167
AXINAX01,DAPYAW,0.9939473867416382
AXINAX01,BEPRIZ,0.7374999523162842
AXINAX01,CEPBEH,0.6857510805130005
AXINAX01,CEPBOR,0.6862372756004333
AXINAX01,CIKPEU,0.7374999523162842
AXINAX01,CODVAU,0.5939474105834961
AXINAX01,CUVVOG,0.65162193775177
AXINIF,DIBQEM,0.9999999403953552
AXINIF,CIFMAH,0.9999999403953552
AXINIF,DIBQIQ,0.9999999403953552
AXINIF,DIBQOW,0.9999999403953552
AXINIF,BAZFUF,0.9996275901794434
AXINIF,BAZFUF01,0.9996275901794434
AXINIF,BAZGAM,0.9996275901794434
AXINIF,BABRII,0.9977757334709167
AXINIF,DAPYAW,0.9939473867416382
AXINIF,BEPRIZ,0.7374999523162842
AXINIF,BIJZIG,0.47277575731277466
AXINIF,CEPBEH,0.6857510805130005
AXINIF,CEPBOR,0.6862372756004333
AXINIF,CIKPEU,0.7374999523162842
AXINIF,CUVVOG,0.65162193775177
AXITAD,DIFYEZ,0.4049447476863861
AXITAD,CUSBUO,0.34617653489112854
AXOBIA,AXOCAT,0.9843295812606812
AXOBIA,AXOCEX,0.9493358731269836
AXOBIA,BUTCUQ,0.30723321437835693
AXOBIA,BEZSIK,0.2595355808734894
AXOBIA,BEXFUI,0.23707826435565948
AXOBIA,CUSBUO,0.22272726893424988
AXOBIA,CAJTOX,0.19294750690460205
AXOBIA,CAJTUD,0.19294750690460205
AXOCAT,AXOCEX,0.9550824165344238
AXOCAT,BUTCUQ,0.3095288872718811
AXOCAT,BEZSIK,0.25694626569747925
AXOCAT,CEJSUG,0.23289954662322998
AXOCAT,BOWKUU,0.2266862690448761
AXOCAT,BEXFUI,0.21876704692840576
AXOCAT,CAJTOX,0.19524314999580383
AXOCAT,CAJTUD,0.19524314999580383
AXOCEW,COZMUA,0.6227757334709167
AXOCEW,BADZAK,0.6142857670783997
AXOCEW,BUKLOJ,0.6120615005493164
AXOCEW,BUKLOJ01,0.6120615005493164
AXOCEW,CUZBUW,0.6120615005493164
AXOCEW,BOHWOM,0.6088886857032776
AXOCEW,SABVUN01,0.6070195436477661
AXOCEX,BEZSIK,0.3063686192035675
AXOCEX,BEXFUI,0.2699710726737976
AXOCEX,BUTCUQ,0.25196340680122375
AXOCEX,BOWKUU,0.2355213314294815
AXOFOJ,AXOFOJ01,1.0
AXOFOJ,BEZSEG,0.6115753054618835
AXOFOJ,DIJWID,0.6115753054618835
AXOFOJ,BEZSEG01,0.6115753054618835
AXOFOJ,CDCYAC,0.5770500302314758
AXOFOJ,BUPVEP,0.5749460458755493
AXOFOJ,DINNIZ,0.550000011920929
AXOFOJ,CONSAA,0.5489085912704468
AXOFOJ,CAKLOR,0.5474996566772461
AXOFOJ01,BEZSEG,0.6115753054618835
AXOFOJ01,DIJWID,0.6115753054618835
AXOFOJ01,BEZSEG01,0.6115753054618835
AXOFOJ01,CDCYAC,0.5770500302314758
AXOFOJ01,BUPVEP,0.5749460458755493
AXOFOJ01,DINNIZ,0.550000011920929
AXOFOJ01,CONSAA,0.5489085912704468
AXOFOJ01,CAKLOR,0.5474996566772461
AXOVAL,AXOVIT,0.9618924260139465
AXOVAL,BEWSUU,0.8800742626190186
AXOVAL,BEWSOO,0.8800742626190186
AXOVAL,BIRBIQ,0.6543116569519043
AXOVAL,BIRCAJ,0.6532596349716187
AXOVAL,BIRBUC,0.653120756149292
AXOVAL,BIRBOW,0.6528829336166382
AXOVAL,DIWMON,0.6391083598136902
AXOVAL,DIWMUT,0.6358264684677124
AXOVAL,BEXPAX,0.5874262452125549
AXOVAL,BOWKUU,0.45230215787887573
AXOVAL,BOXFOK,0.45936501026153564
AXOVIT,BEWSOO,0.918181836605072
AXOVIT,BEWSUU,0.918181836605072
AXOVIT,BIRCAJ,0.6372909545898438
AXOVIT,BIRBUC,0.6367727518081665
AXOVIT,BIRBIQ,0.6363097429275513
AXOVIT,BIRBOW,0.6361318230628967
AXOVIT,BEXPAX,0.6355241537094116
AXOVIT,DIWNAA,0.6354933977127075
AXOVIT,DIWMUT,0.5973289012908936
AXOVIT,BOWKUU,0.43799617886543274
AXOVIT,BOXFAW,0.46191486716270447
AXOVIT,BOXFIE,0.446835458278656
AXOVIT,BUFNEW,0.46191486716270447
AXOVIT,BUFNOG,0.46191486716270447
AXOVIT,CUNWEO,0.5220499634742737
AXOVIT,DIWMON,0.5934019088745117
AXUBAW,DETRAX,0.6120615005493164
AXUBAW,AYUFIL,0.60868901014328
AXUBAW,DIXCET,0.5735320448875427
AXUBAW,DAFYOB,0.5195231437683105
AXUBAW,DAFYAN,0.5195231437683105
AXUBAW,CIFHAC,0.49749964475631714
AXUBAW,CUYXOK,0.4965805113315582
AXUBAW,CAXTEC,0.49273380637168884
AXUBAW,BUBVUR,0.4797664284706116
AXUKUB,AXULAI,1.0
AXUKUB,AXULEM,1.0
AXUKUB,CUMLUT,0.7352941036224365
AXUKUB,CEHKUW,0.7352941036224365
AXUKUB,CIBTIT,0.7323441505432129
AXUKUB,DEPXOM,0.7323441505432129
AXUKUB,DEPXIG,0.7323441505432129
AXUKUB,CADPII,0.7315295338630676
AXULAI,AXULEM,1.0
AXULAI,CUMLUT,0.7352941036224365
AXULAI,CEHKUW,0.7352941036224365
AXULAI,CIBTIT,0.7323441505432129
AXULAI,DEPXOM,0.7323441505432129
AXULAI,DEPXIG,0.7323441505432129
AXULAI,CADPII,0.7315295338630676
AXULEM,CUMLUT,0.7352941036224365
AXULEM,CEHKUW,0.7352941036224365
AXULEM,CIBTIT,0.7323441505432129
AXULEM,DEPXOM,0.7323441505432129
AXULEM,DEPXIG,0.7323441505432129
AXULEM,CADPII,0.7315295338630676
AXUVEW,DAWWAC,0.5439473390579224
AXUVEW,BUZKUE,0.5422806739807129
AXUVEW,CISLUN,0.5422806739807129
AXUVEW,DEGJIK,0.5422806739807129
AXUVEW,BAQXAU,0.49047979712486267
AXUVEW,BAKGEB,0.4890693128108978
AXUVEW,DEFTAL01,0.4890693128108978
AXUVEW,DEFTAL,0.4890693128108978
AXUVEW,BOVHEB,0.48194971680641174
AXUVEW,BEYTEG,0.4747806787490845
AXUVEW,DEBZOC,0.4689473509788513
AXUZUO,AYABAD,0.9999999403953552
AXUZUO,AYABEH,0.9901461601257324
AXUZUO,DANVAQ,0.9826657772064209
AXUZUO,DANVEU,0.9826657772064209
AXUZUO,COYTIU,0.5909090638160706
AXUZUO,DITWEK,0.575715184211731
AXUZUO,COYTUG,0.5756696462631226
AXUZUO,COYTUG01,0.5756696462631226
AYABAD,AYABEH,0.9901461601257324
AYABAD,DANVAQ,0.9826657772064209
AYABAD,DANVEU,0.9826657772064209
AYABAD,COYTIU,0.5909090638160706
AYABAD,DITWEK,0.575715184211731
AYABAD,COYTUG,0.5756696462631226
AYABAD,COYTUG01,0.5756696462631226
AYABEH,DANVEU,0.9987369775772095
AYABEH,DANVAQ,0.9987369775772095
AYABEH,DITWEK,0.5933184027671814
AYABEH,COYTUG,0.5896635055541992
AYABEH,COYTUG01,0.5896635055541992
AYABEH,COYTEQ,0.5896461009979248
AYABEH,BUVTOD,0.5212657451629639
AYABEH,BUVTUJ,0.5235294103622437
AYABEH,BUVVAR,0.5206189155578613
AYABEH,BUVVEV,0.5220593810081482
AYABEH,BUVVIZ,0.5222837924957275
AYABEH,BUVVOF,0.520778238773346
AYAVON,BONWAD,0.9797663688659668
AYAVON,BEKMOW,0.3529176414012909
AYAVON,BEKNEN,0.3529176414012909
AYAVON,DAGDIZ,0.3493277430534363
AYAVON,DEJTES,0.3493277430534363
AYAVON,DEJTIW,0.3493277430534363
AYAVON,COWMUX,0.3480457067489624
AYAVON,COWMOR,0.34738871455192566
AYAVON,COWMIL,0.3469166159629822
AYAVON,COWMAD,0.34615910053253174
AYAVON,BOHXAZ,0.31045231223106384
AYAVON,CIJBEC,0.1653718501329422
AYIVIO,BARKOV,0.5
AYIVIO,BARJUA,0.4952431619167328
AYIVIO,COKJOD,0.4233241081237793
AYIVIO,COKJIX,0.41984236240386963
AYIVIO,DIBZEU,0.41958457231521606
AYIVIO,DEDTEN,0.41932809352874756
AYIVIO,COXLAD,0.4176628887653351
AYONOT,CUFORD,1.0
AYONOT,CUFORM,1.0
AYONOT,CUFORM03,1.0
AYONOT,CUFORM02,1.0
AYONOT,CUFORD01,1.0
AYONOT,CUFORM06,1.0
AYONOT,CUFORM04,1.0
AYONOT,DADVAG04,0.9999494552612305
AYOQEM,CUTKUY,0.7084445953369141
AYOQEM,CIBTIR,0.5824446082115173
AYOQEM,BIVXEK,0.5341103076934814
AYOQEM,BOQWEK,0.4565804898738861
AYOQEM,CUBBEI,0.3641480803489685
AYOREN,BOKQEZ,0.9970499873161316
AYOREN,CIFHOQ,0.9970499873161316
AYOREN,CIFHIK,0.9970499873161316
AYOREN,DETVUW,0.9920910000801086
AYOREN,CIYZIU,0.9827293157577515
AYOREN,CIYZEQ,0.982480525970459
AYOREN,AZEBUE,0.982480525970459
AYOREN,CIYZAM01,0.9820774793624878
AYOREN,CIGDUT,0.9820774793624878
AYOREN,CIGFAB,0.9808584451675415
AYOREN,CIGFEF,0.9778481721878052
AYOREN,CIYZAM,0.9820774793624878
AYOREN,DAMYIC,0.4522806704044342
AYOREN,DAMYIC01,0.4522806704044342
AYOSIS,CIWNIH,0.3911764621734619
AYOSIS,BOQLID,0.29350748658180237
AYOSIS,COVRUC,0.2800000011920929
AYOSIS,DETGIT,0.2750000059604645
AYOSIS,CEDYER01,0.27024316787719727
AYOSIS,CEDYER,0.27024316787719727
AYOSIS,BOQLEZ,0.26874998211860657
AYOSIS,CSTNME01,0.2559574246406555
AYOSIS,AZIXIR,0.24785533547401428
AYOZIZ,CAVWII,0.999916136264801
AYOZIZ,AYOZUL,0.9998304843902588
AYOZIZ,BICPUA,0.9995509386062622
AYOZIZ,DAKZUN,0.9992827773094177
AYOZIZ,AYOZOF,0.9992827773094177
AYOZIZ,BIKMEQ,0.789548933506012
AYOZIZ,BIKMEQ01,0.789548933506012
AYOZIZ,BIKMOA,0.789548933506012
AYOZIZ,BIKMUG,0.789548933506012
AYOZIZ,BIKNAN,0.789548933506012
AYOZIZ,BIKNER,0.789548933506012
AYOZIZ,BIKNIV,0.789548933506012
AYOZIZ,BIKNOB,0.6940944790840149
AYOZIZ,BIKNUH,0.6940944790840149
AYOZOF,DAKZUN,1.0
AYOZOF,CAVWII,0.9995911717414856
AYOZOF,AYOZUL,0.9994291663169861
AYOZOF,BICPUA,0.9987759590148926
AYOZOF,CEJXEW,0.8499999046325684
AYOZUL,CAVWII,0.9999352693557739
AYOZUL,BICPUA,0.9998589158058167
AYOZUL,DAKZUN,0.9994291663169861
AYOZUL,CIFLAH,0.5578066110610962
AYOZUL,CIFSAO,0.9949494004249573
AYOZUL,CIFSES,0.9949494004249573
AYOZUL,CIFSIW,0.9949494004249573
AYUFIL,DETRAX,0.9971376657485962
AYUFIL,DIXCET,0.9679427742958069
AYUFIL,DAFYAN,0.6422206163406372
AYUFIL,DAFYOB,0.6422206163406372
AYUFIL,CUYXOK,0.6112325191497803
AYUFIL,CIFHAC,0.6102277636528015
AYUFIL,BEPMOB,0.3738698959350586
AYUFIL,BIQNUN,0.5962717533111572
AYUFIL,BIQPAV,0.5963702201843262
AYUFIL,BIQPEZ,0.59769606590271
AYUFIL,BIQPID,0.5962044596672058
AYUFIL,BIQPOJ,0.5968477725982666
AYUFIL,BUBVUR,0.6046575903892517
AYUFIL,CAXTEC,0.6058294773101807
AYUFIL,CIFGUV,0.49713772535324097
AYUFIL,COMMOH,0.5469467639923096
AYUFIL,COMMUN,0.5468592047691345
AYUFIL,CUVHEH,0.46111392974853516
AYUFIL,CUVHIL,0.46111392974853516
AYUFIL,CUVHIL01,0.46111392974853516
AYUFIL,CUVHIL02,0.46111392974853516
AYUJIP,DIHPIU,0.5459420084953308
AYUJIP,DIWFAT,0.446153849363327
AYUJIP,BUVNIR,0.44365349411964417
AYUJIP,DARYIF,0.44365349411964417
AYUJIP,BIPXIK,0.4434434175491333
AYUJIP,BOWDOI,0.4434434175491333
AYUJIP,BOWDIC,0.4434434175491333
AYUJIP,BOWDUO,0.4434434175491333
AYUWUM,CUSBUO,0.36590906977653503
AYUWUM,DEXZIR,0.35172969102859497
AYUWUM,BUTQUC,0.34375
AYUWUM,CODQUJ,0.3402788043022156
AYUWUM,BEYKEX,0.33886781334877014
AYUWUM,CODSAR,0.3376759886741638
AZADUC,AZAFEO,1.0
AZADUC,AZAFIS,1.0
AZADUC,DEJJEK,0.5810920596122742
AZAFEO,AZAFIS,1.0
AZAFEO,DEJJEK,0.5810920596122742
AZAFIS,DEJJEK,0.5810920596122742
AZAVUU,CEFNIN,0.949999988079071
AZAVUU,DERBIO,0.7996275424957275
AZAVUU,CEMBII,0.7851822972297668
AZAVUU,CEJXEW,0.7682850956916809
AZAVUU,BUKPAZ,0.6329609155654907
AZAVUU,CAYKOF,0.6256139874458313
AZAVUU,COQJAV,0.5314354300498962
AZAVUU,COQJEZ,0.5314354300498962
AZAYAD,BEVSUR,0.6772066950798035
AZAYAD,BOHWUS,0.6763501167297363
AZAYAD,CIGXIA,0.6709078550338745
AZAYAD,CIBTIT,0.6707820296287537
AZAYAD,DEPXIG,0.6707820296287537
AZAYAD,DEPXOM,0.6707820296287537
AZAYAD,CIFMIP,0.6697946786880493
AZAYAD,BIDREO,0.2616860270500183
AZAYAD,CAJQIP,0.49411165714263916
AZAYEH,BAZBOW,0.9709078073501587
AZAYEH,DAPHOU,0.9607003927230835
AZAYEH,BEVSUR,0.6772066950798035
AZAYEH,BOHWUS,0.6763501167297363
AZAYEH,CIGXIA,0.6709078550338745
AZAYEH,CIBTIT,0.6707820296287537
AZAYEH,DEPXIG,0.6707820296287537
AZAYEH,DEPXOM,0.6707820296287537
AZEBUE,CIYZEQ,1.0
AZEBUE,CIYZIU,0.9999855160713196
AZEBUE,CIGDUT,0.9999803900718689
AZEBUE,CIYZAM,0.9999803900718689
AZEBUE,CIYZAM01,0.9999803900718689
AZEBUE,CIGFAB,0.9995371103286743
AZEBUE,CIGFEF,0.9970688223838806
AZEBUE,DETVUW,0.9946691393852234
AZEBUE,CIFHOQ,0.9781452417373657
AZEBUE,BEFJUS,0.3840351700782776
AZEBUE,BOKQEZ,0.9781452417373657
AZEBUE,CIFHIK,0.9781452417373657
AZIHOI,CANYIB,0.9249999523162842
AZIHOI,BAKJOO,0.9249999523162842
AZIHOI,BAKJII,0.9249999523162842
AZIHOI,BAKJEE,0.9249999523162842
AZIHOI,CIKCOQ,0.9189473390579224
AZIHOI,CEZYOY,0.7296276092529297
AZIHOI,DIDBEZ,0.7230768799781799
AZIHOI,DIDBID,0.7230768799781799
AZIHOI,DIDBOJ,0.7230768799781799
AZIHOI,CAXZOS,0.7230768799781799
AZIHOI,BEQPEU,0.5908379554748535
AZIHOI,BOYTEQ,0.7179791927337646
AZIHOI,DABWUA,0.5380891561508179
AZILEA,BUGSEC,0.999613344669342
AZILEA,BUGSOM,0.9991112351417542
AZILEA,BUGSIG,0.9989266395568848
AZILEA,BUGSAY,0.9988340735435486
AZILEA,CELNUE,0.6474708318710327
AZILEA,CUMDOE,0.6169670224189758
AZILEA,CUMDIY,0.6167707443237305
AZILEA,CIHNIR,0.2686542570590973
AZIMIH,CIZQOT,1.0
AZIMIH,DITXOU,1.0
AZIMIH,CIZQUZ,1.0
AZIMIH,CUKXIR,0.9974996447563171
AZIMIH,AZUCED,0.5065905451774597
AZIMIH,BERQEW,0.5962353944778442
AZIMIH,BUSQIQ,0.9927337765693665
AZIMIH,CAWLIY,0.64000004529953
AZIMIH,CIFGOP,0.5736842155456543
AZIMIH,DAHMIJ,0.9962353706359863
AZIMIH,DASTEY01,0.47894737124443054
AZIMIH,DASTEY02,0.47894737124443054
AZIMIH,DEYXIQ,0.5714600086212158
AZIVAI,CECHAW,1.0
AZIVAI,CAYSIE,0.9996275901794434
AZIVAI,CAYSOK,0.9950717687606812
AZIVAI,CAYYEG,0.9950717687606812
AZIVAI,CATDIL,0.8724425435066223
AZIVAI,CAYRIE,0.8724425435066223
AZIVAI,CAYROK,0.8724425435066223
AZIVAI,CATDEH,0.8724425435066223
AZIVAI,BALNAG,0.6142352223396301
AZIVAI,DAJVES,0.6139132976531982
AZIVAI,BIPSUQ,0.5615384578704834
AZIVAI,DIBJEF,0.5965223908424377
AZIVAI,DIBJIJ,0.5965223908424377
AZIXIR,DIXBET,0.6454545855522156
AZIXIR,DIXBET01,0.6454545855522156
AZIXIR,DINYEG01,0.6433098912239075
AZIXIR,DINYEG,0.6433098912239075
AZIXIR,CEDYER01,0.53486567735672
AZIXIR,CEDYER,0.53486567735672
AZIXIR,CADQAB,0.5076586008071899
AZIXIR,CEDFOI,0.5064600706100464
AZIXIR,BECDAP,0.30715763568878174
AZIXIR,DETGIT,0.31677424907684326
AZIXUD,BEXVAD01,0.7238627076148987
AZIXUD,DAKVOC,0.7230769395828247
AZIXUD,CEPYII,0.7230769395828247
AZIXUD,CEPXUT,0.7208526730537415
AZIXUD,DAKVUI,0.7196574211120605
AZIXUD,CEPXON,0.7195793390274048
AZIXUD,DAKVIW,0.719312310218811
AZIXUD,DEYMOL,0.70261549949646
AZIXUD,CAJQEL,0.6965805292129517
AZIXUD,CILLAL,0.5730510950088501
AZIYIR,AZIYOX02,0.9999999403953552
AZIYIR,AZIYOX,0.9999999403953552
AZIYIR,AZIYOX01,0.9999999403953552
AZIYIR,CETFOX,0.9999999403953552
AZIYIR,BEDJEA,0.9937262535095215
AZIYIR,DEKZEA,0.9934701919555664
AZIYIR,DINNIZ,0.9756634831428528
AZIYIR,CIHFUU,0.9686119556427002
AZIYIR,CAKLOR,0.9643369913101196
AZIYIR,CETFUD,0.9227362871170044
AZIYIR,BEZSEG,0.6705662608146667
AZIYIR,BEZSEG01,0.6705662608146667
AZIYIR,BILRIA,0.44161155819892883
AZIYIR,BUPVEP,0.6901462078094482
AZIYIR,CONSAA,0.8226292133331299
AZIYIR,COTVIS,0.09999998658895493
AZIYIR,DEKZIE,0.9184702038764954
AZIYIR,DEKZOK,0.9184702038764954
AZIYIR,DELBED,0.9184702038764954
AZIYIR,DIJWID,0.6705662608146667
AZIYOX,AZIYOX02,0.9999999403953552
AZIYOX,AZIYOX01,0.9999999403953552
AZIYOX,CETFOX,0.9999999403953552
AZIYOX,BEDJEA,0.9937262535095215
AZIYOX,DEKZEA,0.9934701919555664
AZIYOX,DINNIZ,0.9756634831428528
AZIYOX,CIHFUU,0.9686119556427002
AZIYOX,CAKLOR,0.9643369913101196
AZIYOX,CETFUD,0.9227362871170044
AZIYOX,BEZSEG,0.6705662608146667
AZIYOX,BEZSEG01,0.6705662608146667
AZIYOX,BILRIA,0.44161155819892883
AZIYOX,BUPVEP,0.6901462078094482
AZIYOX,CONSAA,0.8226292133331299
AZIYOX,DEKZIE,0.9184702038764954
AZIYOX,DEKZOK,0.9184702038764954
AZIYOX,DELBED,0.9184702038764954
AZIYOX,DIJWID,0.6705662608146667
AZIYOX01,AZIYOX02,0.9999999403953552
AZIYOX01,CETFOX,0.9999999403953552
AZIYOX01,BEDJEA,0.9937262535095215
AZIYOX01,DEKZEA,0.9934701919555664
AZIYOX01,DINNIZ,0.9756634831428528
AZIYOX01,CIHFUU,0.9686119556427002
AZIYOX01,CAKLOR,0.9643369913101196
AZIYOX01,CETFUD,0.9227362871170044
AZIYOX01,BEZSEG,0.6705662608146667
AZIYOX01,BEZSEG01,0.6705662608146667
AZIYOX01,BUPVEP,0.6901462078094482
AZIYOX01,CONSAA,0.8226292133331299
AZIYOX01,DEHFUR,0.4878664016723633
AZIYOX01,DEKZIE,0.9184702038764954
AZIYOX01,DEKZOK,0.9184702038764954
AZIYOX01,DELBED,0.9184702038764954
AZIYOX02,CETFOX,0.9999999403953552
AZIYOX02,BEDJEA,0.9937262535095215
AZIYOX02,DEKZEA,0.9934701919555664
AZIYOX02,DINNIZ,0.9756634831428528
AZIYOX02,CIHFUU,0.9686119556427002
AZIYOX02,CAKLOR,0.9643369913101196
AZIYOX02,CETFUD,0.9227362871170044
AZIYOX02,BEZSEG,0.6705662608146667
AZIYOX02,BEZSEG01,0.6705662608146667
AZIYOX02,BILRIA,0.44161155819892883
AZIYOX02,BUPVEP,0.6901462078094482
AZIYOX02,CONSAA,0.8226292133331299
AZIYOX02,DEKZIE,0.9184702038764954
AZIYOX02,DEKZOK,0.9184702038764954
AZIYOX02,DELBED,0.9184702038764954
AZIYOX02,DIJWID,0.6705662608146667
AZOCAU,DAQRET01,0.999613344669342
AZOCAU,DAQRET,0.999613344669342
AZOCAU,DEHBEY,0.9989266395568848
AZOCAU,BOHJOZ,0.9948086142539978
AZOCAU,BOHXIH,0.9948086142539978
AZOCAU,BOHKAM,0.9948086142539978
AZOCAU,BOHJUF,0.9948086142539978
AZOCAU,DIDBIE,0.5038995146751404
AZOCAU,CUTKUY,0.4825717508792877
AZPYCD,CUCFOX,0.1833321750164032
AZPYCD,CAJHON,0.1780536025762558
AZPYCD,BAYJEQ,0.17185920476913452
AZPYCD,BABTOP,0.1712382435798645
AZPYCD,DILJOA,0.1611449122428894
AZUCED,CIFGOP,0.584999680519104
AZUCED,CUKXIR,0.5090909004211426
AZUCED,BAKLIK,0.30377358198165894
AZUCED,CAFRUX,0.3209420442581177
AZUCED,COHJEP,0.30474230647087097
AZUCED,CORYUE,0.29194676876068115
AZUCED,DESVIJ,0.4376891255378723
AZUCED,DESVOP,0.4375111758708954
BABCUE,CEKHIL,0.5222895741462708
BABCUE,DIWFAT,0.5218750238418579
BABCUE,DARYIF,0.519374668598175
BABCUE,BUVNIR,0.519374668598175
BABCUE,CEYPUT01,0.5191645622253418
BABCUE,BIPXIK,0.5191645622253418
BABCUE,CEYPUT,0.5191645622253418
BABCUE,CAVRUO,0.4279018044471741
BABCUE,CAVSAV,0.4306122362613678
BABREE,DALSOA,1.0
BABREE,DIHVIB,0.7749999761581421
BABREE,BODPAN,0.7749999761581421
BABREE,DIHVIB01,0.7749999761581421
BABREE,CIPLIX,0.7746275663375854
BABREE,CIFMIP,0.7746275663375854
BABREE,CIGXIA,0.7735496759414673
BABRII,DIBQOW,0.9977757334709167
BABRII,DIBQEM,0.9977757334709167
BABRII,DIBQIQ,0.9977757334709167
BABRII,CIFMAH,0.9977757334709167
BABRII,BAZFUF,0.9965804815292358
BABRII,BAZFUF01,0.9965804815292358
BABRII,BAZGAM,0.9965804815292358
BABRII,DAPYAW,0.9962353706359863
BABRII,BEWCUD,0.5909091234207153
BABRII,BIJZIG,0.4749999940395355
BABRII,CEPBEH,0.6859611868858337
BABRII,CEPBOR,0.6884615421295166
BABRII,CODVAU,0.5962353944778442
BABRII,CUVVOG,0.6538462042808533
BABRII,DAWPEZ,0.7954545021057129
BABTOP,CEWNIB,0.5997858643531799
BACZIR,CUYDEG,0.5477757453918457
BACZIR,CAKLOR,0.37272730469703674
BACZIR,BUSXET,0.3716888129711151
BACZIR,BUSXAP,0.3714126646518707
BACZIR,CONSAA,0.37101560831069946
BACZIR,DINNIZ,0.3702269196510315
BACZIR,DIXBOC,0.3695926368236542
BACZIR,CETFUD,0.36375752091407776
BACZIR,DIMBOS,0.36248958110809326
BADHIA,BADJIC,1.0
BADHIA,BADHUM,1.0
BADHIA,BADJAU,1.0
BADHIA,BADHOG,1.0
BADHIA,CAVMUJ01,1.0
BADHIA,CAVMUJ02,1.0
BADHIA,BADHUM01,1.0
BADHIA,CAVMUJ,1.0
BADHIA,BEBFIY,0.9930317997932434
BADHIA,BESKUI,0.9972875118255615
BADHIA,BIDREO,0.25666821002960205
BADHIA,BOHWOM,0.7325816750526428
BADHIA,COVSIP,0.25666821002960205
BADHOG,BADJIC,1.0
BADHOG,BADHUM,1.0
BADHOG,BADJAU,1.0
BADHOG,CAVMUJ01,1.0
BADHOG,CAVMUJ02,1.0
BADHOG,BADHUM01,1.0
BADHOG,CAVMUJ,1.0
BADHOG,BEBFIY,0.9930317997932434
BADHOG,BESKUI,0.9972875118255615
BADHOG,BIDREO,0.25666821002960205
BADHOG,COVSIP,0.25666821002960205
BADHOG,RUBTAK02,0.9972875118255615
BADHOG,SURKAT,0.9972875118255615
BADHUM,BADJIC,1.0
BADHUM,BADJAU,1.0
BADHUM,CAVMUJ01,1.0
BADHUM,CAVMUJ02,1.0
BADHUM,BADHUM01,1.0
BADHUM,CAVMUJ,1.0
BADHUM,BEBFIY,0.9930317997932434
BADHUM,BIDREO,0.25666821002960205
BADHUM,COVSIP,0.25666821002960205
BADHUM,RUBTAK02,0.9972875118255615
BADHUM,SURKAT,0.9972875118255615
BADHUM01,BADJIC,1.0
BADHUM01,BADJAU,1.0
BADHUM01,CAVMUJ01,1.0
BADHUM01,CAVMUJ02,1.0
BADHUM01,CAVMUJ,1.0
BADHUM01,BEBFIY,0.9930317997932434
BADHUM01,BIDREO,0.25666821002960205
BADJAU,BADJIC,1.0
BADJAU,CAVMUJ01,1.0
BADJAU,CAVMUJ02,1.0
BADJAU,CAVMUJ,1.0
BADJAU,BARJIO,0.2981854975223541
BADJAU,BEBFIY,0.9930317997932434
BADJAU,BESKUI,0.9972875118255615
BADJAU,BOHWOM,0.7325816750526428
BADJAU,RUBTAK02,0.9972875118255615
BADJAU,SURKAT,0.9972875118255615
BADJIC,CAVMUJ01,1.0
BADJIC,CAVMUJ02,1.0
BADJIC,CAVMUJ,1.0
BADJIC,BARJIO,0.2981854975223541
BADJIC,BEBFIY,0.9930317997932434
BADJIC,BESKUI,0.9972875118255615
BADNOM,BEFKEF01,0.5665563344955444
BADNOM,BEFKEF,0.5665563344955444
BADNOM,CUQYEU,0.542689323425293
BADNOM,CEKWEW,0.5345800518989563
BADNOM,COLPEA,0.5224646329879761
BADNOM,CEQPIA,0.4999646544456482
BADNOM,DAWFEO,0.4894995391368866
BADNOM,DAXDUE,0.48446282744407654
BADNOM,DAXFIU,0.48208701610565186
BADNOM,DEZKAW,0.4096197187900543
BADNOM,DEZKEA,0.4096197187900543
BADZAK,CUZBUW,0.9977757334709167
BADZAK,BUKLOJ01,0.9977757334709167
BADZAK,BUKLOJ,0.9977757334709167
BADZAK,SABVUN01,0.9927337765693665
BADZAK,CAXTAY,0.9927337765693665
BADZAK,BECKOM,0.5658006072044373
BADZAK,BEZKOI,0.456235408782959
BADZAK,BEZKOI01,0.456235408782959
BADZAK,BIJJOV,0.664656400680542
BADZAK,BOLPAU,0.7000000476837158
BADZAK,BUZHIO,0.4629020690917969
BADZAK,CAJHON,0.40000003576278687
BADZAK,CANRIU,0.6959937810897827
BADZAK,CANROA,0.6977757811546326
BADZAK,CEJWAR,0.7352941632270813
BADZAK,COZMUA,0.733069896697998
BADZAK,CUSXIY,0.7352941632270813
BADZAK,CUWNIT,0.6977757811546326
BADZAK,DARQOF,0.64000004529953
BADZAK,DASTEY01,0.47894737124443054
BADZAK,DASTEY02,0.47894737124443054
BADZAK,DAWCIP,0.7000000476837158
BADZAK,DAWCOV,0.697499692440033
BADZAK,DAZKEX,0.6927338242530823
BADZAK,DAZMID,0.8127337694168091
BAEDTA01,DIBZIZ,0.7882353067398071
BAEDTA01,DIBZEV,0.7873436212539673
BAEDTA01,DIBZOF,0.7873436212539673
BAEDTA01,DINFOX,0.47680243849754333
BAFCAP,CODKOX,0.3519369661808014
BAFCAP,CODKOX01,0.3519369661808014
BAFCAP,CODSAR,0.3510879874229431
BAFCAP,CODQUJ,0.35028719902038574
BAFCAP,CODQOD,0.3373350203037262
BAFCAP,CUBBEI,0.31666669249534607
BAFCAP,DEXZIR,0.3122938573360443
BAFHIC,BAFHOI,1.0
BAFHIC,DIRTEG,0.9987406134605408
BAFHIC,BAVYEF,0.6836134195327759
BAFHIC,DOBGAD,0.6671848297119141
BAFHIC,DOBGAD01,0.6671848297119141
BAFHIC,BETJUI,0.6499999761581421
BAFHIC,BETRUQ,0.6319705843925476
BAFHIC,BIKMAL01,0.6288232207298279
BAFHIC,BIKMAL,0.6288232207298279
BAFHIC,BIKMEP01,0.6278358101844788
BAFHOI,DIRTEG,0.9987406134605408
BAFHOI,BAVYEF,0.6836134195327759
BAFHOI,DOBGAD,0.6671848297119141
BAFHOI,DOBGAD01,0.6671848297119141
BAFHOI,BETJUI,0.6499999761581421
BAFHOI,BETRUQ,0.6319705843925476
BAFHOI,BIKMAL01,0.6288232207298279
BAFHOI,BIKMAL,0.6288232207298279
BAFHOI,BIKMEP01,0.6278358101844788
BAFORM,CAFORM13,0.9958264827728271
BAFORM,CAFORM,0.9958264827728271
BAFORM,BIYLAW01,0.9701893329620361
BAFORM,BIFORM,0.9641532897949219
BAFORM,CAHMON02,0.9623563885688782
BAFORM,CAHMON,0.9623563885688782
BAFORM,CAHMON01,0.9623563885688782
BAFORM,CAHMON03,0.9623563885688782
BAFORM,DADTOS07,0.9618924260139465
BAFORM,BIJGOT,0.18885809183120728
BAFQOQ,BAFRAD,0.9983987212181091
BAFQOQ,BAFREH,0.997765302658081
BAFQOQ,BAFQUW,0.9975399971008301
BAFQOQ,BARKUD,0.9684215784072876
BAFQOQ,BOVQUZ,0.9674572348594666
BAFQOQ,BEDHOJ,0.5869413018226624
BAFQOQ,BAKLIK,0.3031790852546692
BAFQOQ,CUZLAM,0.3125133812427521
BAFQOQ,DATPIY,0.45329993963241577
BAFQUW,BAFRAD,0.9994630217552185
BAFQUW,BAFREH,0.9989266395568848
BAFQUW,BARKUD,0.9661542773246765
BAFQUW,BOVQUZ,0.9637575149536133
BAFQUW,BEDHOJ,0.5852463841438293
BAFQUW,DATPIY,0.45415884256362915
BAFRAD,BAFREH,0.9996404051780701
BAFRAD,BARKUD,0.9649368524551392
BAFRAD,BOVQUZ,0.9649213552474976
BAFRAD,BEDHOJ,0.5838840007781982
BAFRAD,BAKLIK,0.30283471941947937
BAFRAD,COTVOY,0.09999998658895493
BAFRAD,DATPIY,0.454199880361557
BAFREH,BOVQUZ,0.9665710926055908
BAFREH,BARKUD,0.9663447737693787
BAFREH,BEDHOJ,0.5851821303367615
BAFREH,BAKLIK,0.30367031693458557
BAFREH,CUZLAM,0.31206685304641724
BAFREH,DATPIY,0.4540260136127472
BAHGUN,BAHGUN04,1.0
BAHGUN,BAHGUN01,1.0
BAHGUN,BAHGUN03,1.0
BAHGUN,BAHGUN02,1.0
BAHGUN,BEJKEJ,0.7544949650764465
BAHGUN,CAXZUY,0.7544949650764465
BAHGUN,CUQTAL,0.4342857003211975
BAHGUN01,BAHGUN04,1.0
BAHGUN01,BAHGUN03,1.0
BAHGUN01,BAHGUN02,1.0
BAHGUN01,CUQTAL,0.4342857003211975
BAHGUN01,DEJCIF,0.5320000052452087
BAHGUN02,BAHGUN04,1.0
BAHGUN02,BAHGUN03,1.0
BAHGUN02,CUQTAL,0.4342857003211975
BAHGUN02,DEJCIF,0.5320000052452087
BAHGUN03,BAHGUN04,1.0
BAHGUN03,BEJKEJ,0.7544949650764465
BAHGUN03,CAXZUY,0.7544949650764465
BAHGUN03,CUQTAL,0.4342857003211975
BAHGUN03,DEJCIF,0.5320000052452087
BAHGUN04,CUQTAL,0.4342857003211975
BAHGUN04,DEJCIF,0.5320000052452087
BAHNEG,CEJSUG,0.7052640318870544
BAHNEG,CUJCIV,0.3930269777774811
BAHNEG,CUJCOB,0.3920353651046753
BAHNEG,CUHYUB,0.3916424512863159
BAHNEG,BOWKUU,0.36316871643066406
BAHNEG,CUSBUO,0.34725308418273926
BAHNEG,CIXCOD,0.345167875289917
BAHNEG,CECVAI,0.3046391010284424
BAHNEG,CNSMAG,0.10000001639127731
BAHNEG,CNSMAG01,0.10000001639127731
BAHOXH13,BALMUW,1.0
BAHOXH13,BAOXAL02,1.0
BAHOXH13,BAOXAL03,1.0
BAHOXH13,BALMUW01,1.0
BAHOXH13,BAOXAL,1.0
BAHOXH13,CALOXM16,0.9958264827728271
BAHOXH13,CALOXM13,0.9958264827728271
BAHOXH13,CALOXM15,0.9958264827728271
BAHOXH13,CALOXM14,0.9958264827728271
BAHOXH13,BEPPIY,0.9956910610198975
BAHOXH13,COMFIU,0.9942622780799866
BAHOXH13,DIVNAY,0.9929306507110596
BAKGEB,BAQXAU,0.9356977343559265
BAKGEB,COCNEP,0.8308775424957275
BAKGEB,COCMOY,0.8285395503044128
BAKGEB,COCMUE,0.8285395503044128
BAKGEB,COCNAL,0.8251973390579224
BAKGEB,BETGOY,0.7387096285820007
BAKGEB,BETGUE,0.7387096285820007
BAKGEB,BETGEO,0.73846036195755
BAKGEB,BETGIS,0.73846036195755
BAKGEB,BAZJET,0.7325837016105652
BAKGEB,BAZJIX,0.7325837016105652
BAKGEB,BEYTEG,0.5367704629898071
BAKGEB,BUZKUE,0.5777525901794434
BAKGEB,CISLUN,0.5777525901794434
BAKGEB,DAWWAC,0.5781249403953552
BAKJEE,CANYIB,0.9999999403953552
BAKJEE,BAKJOO,0.9999999403953552
BAKJEE,BAKJII,0.9999999403953552
BAKJEE,CIKCOQ,0.9939473867416382
BAKJEE,CEZYOY,0.7823861837387085
BAKJEE,DIDBOJ,0.7230768799781799
BAKJEE,DIDBID,0.7230768799781799
BAKJEE,DIDBEZ,0.7230768799781799
BAKJEE,DIDBAV,0.7230768799781799
BAKJEE,BEDQUZ,0.6121292114257812
BAKJEE,BEQPEU,0.5908379554748535
BAKJEE,BIKMAL,0.6516128778457642
BAKJEE,BIKMAL01,0.6516128778457642
BAKJEE,BIKMEP,0.6513636112213135
BAKJEE,BIKMEP01,0.6513636112213135
BAKJEE,BOYTEQ,0.7179791927337646
BAKJEE,CAVFEN,0.47777578234672546
BAKJEE,CAVFEN01,0.47777578234672546
BAKJEE,CAVFIR,0.47777578234672546
BAKJEE,CAVGAK,0.4796275794506073
BAKJEE,DABWUA,0.5733118057250977
BAKJII,CANYIB,0.9999999403953552
BAKJII,BAKJOO,0.9999999403953552
BAKJII,CIKCOQ,0.9939473867416382
BAKJII,CEZYOY,0.7823861837387085
BAKJII,DIDBOJ,0.7230768799781799
BAKJII,DIDBID,0.7230768799781799
BAKJII,DIDBEZ,0.7230768799781799
BAKJII,DIDBAV,0.7230768799781799
BAKJII,BEDQUZ,0.6121292114257812
BAKJII,BEQPEU,0.5908379554748535
BAKJII,BIKMAL,0.6516128778457642
BAKJII,BIKMAL01,0.6516128778457642
BAKJII,BOYTEQ,0.7179791927337646
BAKJII,CAVGAK,0.4796275794506073
BAKJII,DABWUA,0.5733118057250977
BAKJOO,CANYIB,0.9999999403953552
BAKJOO,CIKCOQ,0.9939473867416382
BAKJOO,CEZYOY,0.7823861837387085
BAKJOO,DIDBOJ,0.7230768799781799
BAKJOO,DIDBID,0.7230768799781799
BAKJOO,DIDBEZ,0.7230768799781799
BAKJOO,DIDBAV,0.7230768799781799
BAKJOO,BEDQUZ,0.6121292114257812
BAKJOO,BEQPEU,0.5908379554748535
BAKJOO,BOYTEQ,0.7179791927337646
BAKJOO,CAVFEN,0.47777578234672546
BAKJOO,CAVFEN01,0.47777578234672546
BAKJOO,CAVFIR,0.47777578234672546
BAKJOO,DABWUA,0.5733118057250977
BAKLIK,COHJEP,0.6023131608963013
BAKLIK,BOVQUZ,0.3224996328353882
BAKLIK,BARKUD,0.3200717866420746
BAKLIK,CEXYOU,0.30474230647087097
BAKLIK,DIYREK,0.30276280641555786
BAKWIV,DEHBIC,0.9964936971664429
BAKWIV,CUGQUR,0.9934701919555664
BAKWIV,CUGSUT,0.9899165034294128
BAKWIV,CUGSON,0.9899165034294128
BAKWIV,CUGSIH,0.9899165034294128
BAKWIV,CUGROM,0.9864584803581238
BAKWIV,CATART03,0.9864584803581238
BAKWIV,CUGREC,0.9864584803581238
BAKWIV,CATART04,0.9864584803581238
BAKWIV,BIRGAM,0.9778481721878052
BAKWIV,BOXBEX,0.5044253468513489
BAKWIV,CEKYIC,0.9778481721878052
BAKWIV,COZGED,0.9808959364891052
BAKWIV,COZGED01,0.9808959364891052
BAKWIV,DIPMAS,0.5136755704879761
BAKWIV,DISROP,0.45264533162117004
BALFAV01,BALFAV02,1.0
BALFAV01,BALFAV03,1.0
BALFAV01,BALFAV04,1.0
BALFAV01,BEGFID,0.997696578502655
BALFAV01,DAPZAW,0.9976154565811157
BALFAV01,DEHHOQ,0.9960362911224365
BALFAV01,DEHHIK,0.9933488965034485
BALFAV01,BOSHUN,0.9922807216644287
BALFAV01,BUKYAJ,0.5215262770652771
BALFAV01,BUSMUZ,0.9894323945045471
BALFAV01,COMFAM01,0.6577688455581665
BALFAV01,CURYOE01,0.6577688455581665
BALFAV01,CUTGAA,0.47261545062065125
BALFAV01,DIHPIU,0.5211448669433594
BALFAV01,DIVGIA,0.4248882234096527
BALFAV02,BALFAV03,1.0
BALFAV02,BALFAV04,1.0
BALFAV02,BEGFID,0.997696578502655
BALFAV02,DAPZAW,0.9976154565811157
BALFAV02,DEHHOQ,0.9960362911224365
BALFAV02,DEHHIK,0.9933488965034485
BALFAV02,BOSHUN,0.9922807216644287
BALFAV02,BUKYAJ,0.5215262770652771
BALFAV02,BUSMUZ,0.9894323945045471
BALFAV02,CUTGAA,0.47261545062065125
BALFAV02,DIHPIU,0.5211448669433594
BALFAV02,DIVGIA,0.4248882234096527
BALFAV03,BALFAV04,1.0
BALFAV03,BEGFID,0.997696578502655
BALFAV03,DAPZAW,0.9976154565811157
BALFAV03,DEHHOQ,0.9960362911224365
BALFAV03,DEHHIK,0.9933488965034485
BALFAV03,BOSHUN,0.9922807216644287
BALFAV03,BUKYAJ,0.5215262770652771
BALFAV03,BUSMUZ,0.9894323945045471
BALFAV03,CUTGAA,0.47261545062065125
BALFAV03,DIHPIU,0.5211448669433594
BALFAV03,DIVGIA,0.4248882234096527
BALFAV03,DIVPUU,0.3623213768005371
BALFAV03,DIVQAB,0.3623213768005371
BALFAV04,BEGFID,0.997696578502655
BALFAV04,DAPZAW,0.9976154565811157
BALFAV04,DEHHOQ,0.9960362911224365
BALFAV04,DEHHIK,0.9933488965034485
BALFAV04,BOSHUN,0.9922807216644287
BALFAV04,BUKYAJ,0.5215262770652771
BALFAV04,BUSMUZ,0.9894323945045471
BALFAV04,CUTGAA,0.47261545062065125
BALFAV04,DIHPIU,0.5211448669433594
BALFAV04,DIVGIA,0.4248882234096527
BALLOP,CUSYUM,1.0
BALLOP,CUSZEX,1.0
BALLOP,CUXLEO,1.0
BALLOP,CUTMAH,1.0
BALLOP,DALCEZ,1.0
BALLOP,CUTCYM02,1.0
BALLOP,CUTCYM01,1.0
BALLOP,CUSZIB,1.0
BALLOP,CUSZAT,1.0
BALMUW,BAOXAL02,1.0
BALMUW,BAOXAL03,1.0
BALMUW,BALMUW01,1.0
BALMUW,BAOXAL,1.0
BALMUW,CALOXM16,0.9958264827728271
BALMUW,CALOXM13,0.9958264827728271
BALMUW,CALOXM15,0.9958264827728271
BALMUW,CALOXM14,0.9958264827728271
BALMUW,BEPPIY,0.9956910610198975
BALMUW,DEXZIS,0.10000000149011612
BALMUW01,BAOXAL02,1.0
BALMUW01,BAOXAL03,1.0
BALMUW01,BAOXAL,1.0
BALMUW01,CALOXM16,0.9958264827728271
BALMUW01,CALOXM13,0.9958264827728271
BALMUW01,CALOXM15,0.9958264827728271
BALMUW01,CALOXM14,0.9958264827728271
BALMUW01,BEPPIY,0.9956910610198975
BALMUW01,DAHNOQ,0.9934701919555664
BALMUW01,DAHNUW,0.9934701919555664
BALMUW01,DEXZIS,0.10000000149011612
BALNAG,CECHAW,0.6142352223396301
BALNAG,CAYSIE,0.6140364408493042
BALNAG,BIBXUH,0.6100000143051147
BALNAG,CAYYEG,0.6098098754882812
BALNAG,CAYSOK,0.6098098754882812
BALNAG,COJHIT,0.6097506880760193
BALNAG,COKRUR,0.5876471400260925
BALNAG,DAJVES,0.5843660831451416
BALNAG,BIPSUQ,0.5713780522346497
BALZEW,BIYHOH,0.9905507564544678
BALZEW,BIYHEX,0.9694830775260925
BALZEW,DINNEV,0.9397103190422058
BALZEW,CUCITD03,0.9357975125312805
BALZEW,CUCITD,0.9357975125312805
BALZEW,CUCITD01,0.9357975125312805
BALZEW,CUCITD02,0.9357975125312805
BALZEW,CEYYIQ,0.5449813604354858
BALZEW,CEGWER,0.4517824649810791
BALZEW,BIJGOT,0.20112550258636475
BAMHIJ,BENBIH,0.6970500349998474
BAMHIJ,DOBGAD01,0.6470499634742737
BAMHIJ,DOBGAD,0.6470499634742737
BAMHIJ,DEYVUA,0.6224996447563171
BAMHIJ,BOYTEQ,0.6000000238418579
BAMHIJ,CEHQOX,0.5782255530357361
BAMMOU,BAMMUA,1.0
BAMMOU,BAMNEL,0.5846154093742371
BAMMOU,BAMNAH,0.5846154093742371
BAMMOU,BENXUP,0.3537233769893646
BAMMOU,BENXOJ,0.3537233769893646
BAMMOU,DENQIZ,0.32499998807907104
BAMMOU,CESPEY,0.32194679975509644
BAMMOU,CESPIC,0.32194679975509644
BAMMOU,CETHEQ,0.317241370677948
BAMMOU,DAWMUL,0.10000000149011612
BAMMOU,DEVBIQ,0.10000000149011612
BAMMOU,DICKEH,0.10000000149011612
BAMMUA,BAMNEL,0.5846154093742371
BAMMUA,BAMNAH,0.5846154093742371
BAMMUA,BENXUP,0.3537233769893646
BAMMUA,BENXOJ,0.3537233769893646
BAMMUA,DENQIZ,0.32499998807907104
BAMMUA,CESPEY,0.32194679975509644
BAMMUA,CESPIC,0.32194679975509644
BAMMUA,CETHEQ,0.317241370677948
BAMMUA,DEVBIQ,0.10000000149011612
BAMMUA,DICKEH,0.10000000149011612
BAMNAH,BAMNEL,1.0
BAMNAH,BOBTOC,0.3571428656578064
BAMNAH,BOBTIW,0.3571428656578064
BAMNAH,BOGXIF,0.3571428656578064
BAMNAH,BOGXIF02,0.3571428656578064
BAMNAH,DAWMUL,0.10000000149011612
BAMNAH,DEVBIQ,0.10000000149011612
BAMNAH,DICKEH,0.10000000149011612
BAMNEL,BOBTOC,0.3571428656578064
BAMNEL,BOBTIW,0.3571428656578064
BAMNEL,BOGXIF,0.3571428656578064
BAMNEL,BOGXIF02,0.3571428656578064
BAMNEL,DAWMUL,0.10000000149011612
BAMNEL,DEVBIQ,0.10000000149011612
BAMNEL,DICKEH,0.10000000149011612
BAMWES,DEPXAY,0.9974996447563171
BAMWES,DEJCEB,0.9974996447563171
BAMWES,DESHOZ,0.9970499873161316
BAMWES,DEJCIF,0.9950717687606812
BAMWES,DIWFAT,0.5320000052452087
BAMWES,BUVNIR,0.5294996500015259
BAMWES,DARYIF,0.5294996500015259
BAMWES,BOWDIC,0.5292895436286926
BANLUA,DEFXEU,0.940880298614502
BANLUA,DAYGUH,0.6000000238418579
BANLUA,DEKCII,0.37804877758026123
BANLUA,DEKCEE,0.37372979521751404
BANLUA,BOSJUQ,0.30000001192092896
BANLUA,CEGJOO,0.2952648401260376
BAOXAL,BAOXAL02,1.0
BAOXAL,BAOXAL03,1.0
BAOXAL,CALOXM16,0.9958264827728271
BAOXAL,CALOXM13,0.9958264827728271
BAOXAL,CALOXM15,0.9958264827728271
BAOXAL,CALOXM14,0.9958264827728271
BAOXAL,BEPPIY,0.9956910610198975
BAOXAL,COMFEQ,0.994638979434967
BAOXAL02,BAOXAL03,1.0
BAOXAL02,CALOXM16,0.9958264827728271
BAOXAL02,CALOXM13,0.9958264827728271
BAOXAL02,CALOXM15,0.9958264827728271
BAOXAL02,CALOXM14,0.9958264827728271
BAOXAL02,BEPPIY,0.9956910610198975
BAOXAL02,COMFEQ,0.994638979434967
BAOXAL02,DEXZIS,0.10000000149011612
BAOXAL02,DIVNAY,0.9929306507110596
BAOXAL03,CALOXM16,0.9958264827728271
BAOXAL03,CALOXM13,0.9958264827728271
BAOXAL03,CALOXM15,0.9958264827728271
BAOXAL03,CALOXM14,0.9958264827728271
BAOXAL03,BEPPIY,0.9956910610198975
BAPDAA,COKNUN01,0.9970499873161316
BAPDAA,COKNUN,0.9970499873161316
BAPDAA,COKNUN02,0.9970499873161316
BAPDAA,COKMUM,0.9970499873161316
BAPDAA,COKPUP,0.9962353706359863
BAPDAA,COKQOK,0.9962353706359863
BAPDAA,COKNAT,0.9962353706359863
BAPDAA,CAXWAB,0.9955214262008667
BAPDAA,COKNOH,0.9955214262008667
BAPDAA,COKQIE,0.9955214262008667
BAPDAA,CADQAB,0.9780139327049255
BAPDAA,CAQHEK,0.9808584451675415
BAPDAA,CAQHOU,0.9808584451675415
BAPDAA,CAQVOI,0.9808584451675415
BAPKAG,CITWUY,0.521558940410614
BAPKAG,CITXAF,0.48509612679481506
BAPKAG,CITWOS,0.4809574484825134
BAPKAG,CITXEJ,0.361881822347641
BAPKAG,COKJOD,0.3149907886981964
BAPKAG,DEDTEN,0.31389951705932617
BAQMOW,BAQXOG02,1.0
BAQMOW,BAQXOG03,1.0
BAQMOW,BAQXOG,1.0
BAQMOW,BAQXOG01,1.0
BAQMOW,BAQMUC,0.9974996447563171
BAQMOW,COZSIU,0.9929918050765991
BAQMOW,BITLUL,0.9743626117706299
BAQMOW,DECVIT,0.9743626117706299
BAQMUC,BAQXOG01,0.9974996447563171
BAQMUC,BAQXOG,0.9974996447563171
BAQMUC,BAQXOG03,0.9974996447563171
BAQMUC,BAQXOG02,0.9974996447563171
BAQMUC,COZSIU,0.9835813641548157
BAQMUC,DECVIT,0.9678561091423035
BAQMUC,BITLUL,0.9678561091423035
BAQXAU,COCNAL,0.8403184413909912
BAQXAU,COCMUE,0.8282408714294434
BAQXAU,COCMOY,0.8282408714294434
BAQXAU,COCNEP,0.8235023021697998
BAQXAU,DAGTUD,0.7454798221588135
BAQXAU,BETHEP,0.7454798221588135
BAQXAU,BETHIT,0.7454798221588135
BAQXAU,DANWAS,0.7294514179229736
BAQXAU,BETGOY,0.7290310859680176
BAQXAU,BAZJET,0.7279477119445801
BAQXAU,BAZJIX,0.7279477119445801
BAQXAU,BORNEC,0.36256900429725647
BAQXAU,BORNIG,0.36732640862464905
BAQXOG,BAQXOG02,1.0
BAQXOG,BAQXOG03,1.0
BAQXOG,BAQXOG01,1.0
BAQXOG,COZSIU,0.9929918050765991
BAQXOG,BITLUL,0.9743626117706299
BAQXOG,DECVIT,0.9743626117706299
BAQXOG01,BAQXOG02,1.0
BAQXOG01,BAQXOG03,1.0
BAQXOG01,COZSIU,0.9929918050765991
BAQXOG01,BITLUL,0.9743626117706299
BAQXOG01,DECVIT,0.9743626117706299
BAQXOG02,BAQXOG03,1.0
BAQXOG02,COZSIU,0.9929918050765991
BAQXOG02,BITLUL,0.9743626117706299
BAQXOG02,DECVIT,0.9743626117706299
BAQXOG03,COZSIU,0.9929918050765991
BAQXOG03,BITLUL,0.9743626117706299
BAQXOG03,DECVIT,0.9743626117706299
BARHUY,BARKEL,0.9929474592208862
BARHUY,BARJAG,0.9891725182533264
BARHUY,BARKIP,0.9843295812606812
BARHUY,CEXWIM,0.6722554564476013
BARHUY,CEXWOS,0.6693574786186218
BARHUY,CEXWEI,0.6673206090927124
BARHUY,DIVFOF,0.48186251521110535
BARJAG,BARKIP,0.9993817806243896
BARJAG,BARKEL,0.9978553056716919
BARJAG,CEXWIM,0.6782630085945129
BARJAG,CEXWOS,0.6744381785392761
BARJAG,CEXWEI,0.6743884086608887
BARJAG,DIVFOF,0.45648881793022156
BARJIO,BEBFIY,0.3058965504169464
BARJIO,COKPEZ,0.30166617035865784
BARJIO,BEQJUF,0.2992699146270752
BARJIO,CAVMUJ01,0.2981854975223541
BARJIO,CAVMUJ02,0.2981854975223541
BARJIO,DEJJEK,0.2981854975223541
BARJIO,CAVMUJ03,0.2981854975223541
BARJUA,BARKOV,0.9952431321144104
BARJUA,BOVLII,0.4769948720932007
BARJUA,COSWEO,0.47457239031791687
BARJUA,BOHXED,0.4730607569217682
BARJUA,BEVSUR,0.4684515595436096
BARJUA,CAYQAV,0.46412980556488037
BARJUA,DIGPER,0.46009597182273865
BARJUA,CAVWOO,0.4594440758228302
BARJUA,BOHWUS,0.45877504348754883
BARJUA,CICYIX,0.4370727837085724
BARKEL,BARKIP,0.9952431321144104
BARKEL,CEXWIM,0.6703282594680786
BARKEL,CEXWOS,0.6661931872367859
BARKEL,CEXWEI,0.6654564142227173
BARKIP,CEXWIM,0.6790122985839844
BARKIP,CEXWEI,0.6762804388999939
BARKIP,CEXWOS,0.6757190227508545
BARKOV,BOVLII,0.4878189265727997
BARKOV,COSWEO,0.4836138188838959
BARKOV,BOHXED,0.4771241545677185
BARKOV,BEVSUR,0.47325626015663147
BARKOV,DIGPER,0.47222334146499634
BARKOV,CAVWOO,0.4719655513763428
BARKOV,CAYQAV,0.46948307752609253
BARKOV,CICYIX,0.4451351761817932
BARKUD,BOVQUZ,0.9965804815292358
BARKUD,BEDHOJ,0.6181312799453735
BARKUD,BUSQIQ,0.47860002517700195
BARKUD,COHJEP,0.3012092411518097
BARKUD,CUZLAM,0.32771602272987366
BARLEO,BARMAL,1.0
BARLEO,COQMAX,0.7119222283363342
BARLEO,COQMEB,0.62795090675354
BARLEO,CUKJUO,0.5983643531799316
BARLEO,CAVVOM,0.5878887176513672
BARLEO,CIRSII,0.5531823039054871
BARLEO,CIRSOO,0.5518887042999268
BARLEO,BARMEP,0.5333333015441895
BARLEO,BAZVIK,0.4938722550868988
BARLEO,COQMIF,0.4921327531337738
BARLEO,CUQKOQ,0.4820995330810547
BARMAL,COQMAX,0.7119222283363342
BARMAL,COQMEB,0.62795090675354
BARMAL,CUKJUO,0.5983643531799316
BARMAL,CAVVOM,0.5878887176513672
BARMAL,CIRSII,0.5531823039054871
BARMAL,CIRSOO,0.5518887042999268
BARMAL,BARMEP,0.5333333015441895
BARMAL,BAZVIK,0.4938722550868988
BARMAL,COQMIF,0.4921327531337738
BARMAL,CUQKOQ,0.4820995330810547
BARMEP,COQMAX,0.6532756090164185
BARMEP,COQMEB,0.58363276720047
BARMEP,CIRSII,0.5185156464576721
BARMEP,CIRSOO,0.5172220468521118
BARMEP,CUKJUO,0.5122214555740356
BARMEP,CAVVOM,0.5017458200454712
BARZEA,DAFHID,0.9999494552612305
BARZEA,COXFOL,0.9996275901794434
BARZEA,DAFHEZ,0.9996275901794434
BARZEA,CELZUQ,0.9978308081626892
BARZEA,CIFJAE,0.9950717687606812
BARZEA,DAFHOJ,0.9950717687606812
BARZEA,DITKAT01,0.9784445762634277
BARZEA,DITKAT,0.9784445762634277
BARZEA,COXKUW,0.9677958488464355
BARZEA,BEDHOJ,0.5344322323799133
BARZEA,BETZOR,0.6575717926025391
BARZEA,BIXCOC,0.5351114273071289
BARZEA,CAVMIX,0.3965805172920227
BARZOL,CUSFAZ,0.43980395793914795
BARZOL,CETNUL,0.330192506313324
BARZOL,DINTID,0.3046391010284424
BARZOL,DINQUM,0.3046391010284424
BARZOL,DIVQAB,0.30454546213150024
BARZOL,DIVPUU,0.30454546213150024
BARZOL,DAVMIY,0.30149224400520325
BARZOL,BIYTOU,0.2959420382976532
BARZOL,BUXHOS,0.22551822662353516
BASHAF,BASHIN,1.0
BASHAF,BEXRAY,1.0
BASHAF,DANZEX,1.0
BASHAF,BASHOT,0.9989085793495178
BASHAF,BEXQIF,0.9989085793495178
BASHAF,BEXREC,0.9972895383834839
BASHAF,BEXQOL,0.9972895383834839
BASHAF,DIBXAO,0.9972895383834839
BASHAF,BASHEJ,0.9972895383834839
BASHAF,CDCACD,0.9970499873161316
BASHAF,CDCACD01,0.9970499873161316
BASHAF,DABMEB,0.9970499873161316
BASHAF,DALVAQ,0.9970499873161316
BASHEJ,BEXQOL,0.9999999403953552
BASHEJ,DIBXAO,0.9999999403953552
BASHEJ,BEXREC,0.9999999403953552
BASHEJ,BEXQUR,0.9997506737709045
BASHEJ,BEXRIG,0.9997506737709045
BASHEJ,DIBWUH,0.9997506737709045
BASHEJ,BASHOT,0.9996292591094971
BASHEJ,BEXQIF,0.9996292591094971
BASHEJ,CUYDIL,0.9996275901794434
BASHEJ,BASHIN,0.9972895383834839
BASHEJ,BEXRAY,0.9972895383834839
BASHEJ,DANZEX,0.9972895383834839
BASHEJ,DEHRIR,0.9971376657485962
BASHIN,DANZEX,1.0
BASHIN,BEXRAY,1.0
BASHIN,BASHOT,0.9989085793495178
BASHIN,BEXQIF,0.9989085793495178
BASHIN,BEXREC,0.9972895383834839
BASHIN,BEXQOL,0.9972895383834839
BASHIN,DIBXAO,0.9972895383834839
BASHIN,CDCACD,0.9970499873161316
BASHIN,CDCACD01,0.9970499873161316
BASHIN,DABMEB,0.9970499873161316
BASHIN,DALVAQ,0.9970499873161316
BASHOT,BEXQIF,1.0
BASHOT,BEXQOL,0.9996292591094971
BASHOT,DIBXAO,0.9996292591094971
BASHOT,BEXREC,0.9996292591094971
BASHOT,DANZEX,0.9989085793495178
BASHOT,BEXRAY,0.9989085793495178
BASHOT,BITCUE,0.9971465468406677
BASHOT,DACHAR,0.9971465468406677
BASHOT,DEHRIR,0.9971465468406677
BASJUB,CEYPUT01,0.5499999523162842
BASJUB,CIJBEE,0.5499999523162842
BASJUB,BOWDIC,0.5499999523162842
BASJUB,CEYPUT,0.5499999523162842
BASJUB,BOWDOI,0.5499999523162842
BASJUB,BOWDUO,0.5499999523162842
BASJUB,BIPXIK,0.5499999523162842
BASJUB,COBWEV,0.2676315903663635
BASJUB,CUQTAL,0.45962756872177124
BASJUB,CURZEV,0.27609819173812866
BASJUB,DEFFEC,0.273923397064209
BATSIB,DALTAO,0.7075779438018799
BATSIB,DALSUH,0.7071264386177063
BATSIB,BERQAS,0.6276671290397644
BATSIB,BERQIA,0.5312385559082031
BATSIB,CEDYER01,0.5233027935028076
BATSIB,CEDYER,0.5233027935028076
BATSIB,CEDFUO,0.519640326499939
BATSIB,CEDFIC,0.519640326499939
BATSIB,CEDFOI,0.519640326499939
BATSIB,BEPNOC,0.5134037733078003
BATSIB,BEPNUI,0.5090295076370239
BAVDEH,CAFRUX,0.3023107051849365
BAVDEH,CEMMUD,0.3023107051849365
BAVDEH,COXLAD,0.2885996699333191
BAVDEH,CITXEJ,0.2853552997112274
BAVDEH,BIDFEB,0.28257307410240173
BAVDEH,COXKUW,0.2795329689979553
BAVDEH,BIFDUQ,0.2693667411804199
BAVYEF,BOPHIZ,0.8137930631637573
BAVYEF,BOPHEV,0.8137930631637573
BAVYEF,CUFJUK,0.8077404499053955
BAVYEF,CUFKAR,0.8077404499053955
BAVYEF,BIRMUM,0.6876749992370605
BAVYEF,DIRTEG,0.6835196018218994
BAVYEF,CIFJAE,0.5791928172111511
BAVYEF,BIBQOV,0.5340732336044312
BAWRUO,BIVXOT,0.9904053211212158
BAWRUO,DEKPAL,0.5727487802505493
BAWRUO,DEKPEP,0.5727487802505493
BAWRUO,DALRAK,0.5669397711753845
BAWRUO,BIVVOR,0.5142138600349426
BAWRUO,CAZLIZ,0.5023243427276611
BAWRUO,CAZLOF,0.5023243427276611
BAWRUO,CAZLEV,0.5023243427276611
BAWRUO,BECRUX02,0.4878561198711395
BAWRUO,BECRUX,0.4878561198711395
BAWRUO,CAVQOH,0.46160611510276794
BAWRUO,CEBDOD,0.478525847196579
BAWRUO,CELZEA,0.4173879027366638
BAWRUO,CIHNEO,0.39879870414733887
BAWRUO,CIYJAW,0.39879870414733887
BAWRUO,DEHYEV,0.4384443759918213
BAXFIR,BAXGAK,1.0
BAXFIR,BAXFUD,1.0
BAXFIR,BAXFIR01,1.0
BAXFIR,BAXFIR02,1.0
BAXFIR,DIXNUV,0.9985496997833252
BAXFIR,DIXNUV01,0.9985496997833252
BAXFIR,CICSOW02,0.4599999785423279
BAXFIR,CICSOW,0.4599999785423279
BAXFIR,CICSOW01,0.4599999785423279
BAXFIR,CILXIE,0.4161967933177948
BAXFIR01,BAXGAK,1.0
BAXFIR01,BAXFUD,1.0
BAXFIR01,BAXFIR02,1.0
BAXFIR01,DIXNUV,0.9985496997833252
BAXFIR01,DIXNUV01,0.9985496997833252
BAXFIR01,CICSOW02,0.4599999785423279
BAXFIR01,CICSOW,0.4599999785423279
BAXFIR01,CICSOW01,0.4599999785423279
BAXFIR01,CILXIE,0.4161967933177948
BAXFIR02,BAXGAK,1.0
BAXFIR02,BAXFUD,1.0
BAXFIR02,DIXNUV,0.9985496997833252
BAXFIR02,DIXNUV01,0.9985496997833252
BAXFIR02,CICSOW02,0.4599999785423279
BAXFIR02,CICSOW,0.4599999785423279
BAXFIR02,CICSOW01,0.4599999785423279
BAXFUD,BAXGAK,1.0
BAXFUD,DIXNUV,0.9985496997833252
BAXFUD,DIXNUV01,0.9985496997833252
BAXFUD,CICSOW02,0.4599999785423279
BAXFUD,CICSOW,0.4599999785423279
BAXFUD,CICSOW01,0.4599999785423279
BAXFUD,CUBKUF,0.39854973554611206
BAXGAK,DIXNUV,0.9985496997833252
BAXGAK,DIXNUV01,0.9985496997833252
BAXGAK,CICSOW02,0.4599999785423279
BAXGAK,CICSOW,0.4599999785423279
BAXGAK,CICSOW01,0.4599999785423279
BAXGEP,DIHVIB,0.64000004529953
BAXGEP,BODPAN,0.64000004529953
BAXGEP,DIHVIB01,0.64000004529953
BAXGEP,CIFMIP,0.6396275758743286
BAXGEP,CIPLIX,0.6396275758743286
BAXGEP,CIGXIA,0.6385497450828552
BAXGEP,CADPII,0.6365805268287659
BAXGEP,BIBQEL,0.5218750238418579
BAXGEP,BUPJUS,0.4740988612174988
BAXGEP,BUPKED,0.4740988612174988
BAXGEP,CECWIT,0.46728065609931946
BAXGEP,CEDTOX,0.46728065609931946
BAXGEP,CIRTAB,0.5651447772979736
BAXGEP,COPTUX,0.30683648586273193
BAXGEP,COQTEJ,0.516535758972168
BAXGEP,DECJON,0.5341103076934814
BAXGEP,DITROQ01,0.3549736738204956
BAXLOD,CAVMUJ03,0.3749237060546875
BAXLOD,BOWTAJ,0.35576653480529785
BAXLOD,BEKNEN,0.35481953620910645
BAXLOD,BEKMOW,0.35481953620910645
BAXLOD,DAGDEV,0.3378318250179291
BAXLOD,DEJTIW,0.3345043659210205
BAXLOD,DAGDIZ,0.3345043659210205
BAXLOD,DEJTES,0.3345043659210205
BAXLOD,COWMUX,0.3111583888530731
BAXLOD,COWMEH,0.3111209571361542
BAXLOD,CIJBEC,0.15691342949867249
BAXSIE,BOHXED,0.9821115732192993
BAXSIE,BOVLII,0.9619939923286438
BAXSIE,CAYQAV,0.9499404430389404
BAXSIE,BUXNOZ,0.544660747051239
BAXSIE,BOFJIQ,0.4959937334060669
BAXSIE,DIJCOP,0.49549341201782227
BAXSIE,DIJCOP01,0.49549341201782227
BAXSIE,DITSIK,0.48763307929039
BAYJEQ,CEWNIB,0.981744110584259
BAYJEQ,BORBAM,0.4459420442581177
BAYJEQ,CDCYAC,0.5122438073158264
BAYJEQ,CIZTIP,0.1782608926296234
BAYJEQ,COFORM10,0.26077407598495483
BAYJEQ,DIKZED,0.4748893976211548
BAYPUN,BAYQAU,0.9984074234962463
BAYPUN,BAYQAU11,0.9984074234962463
BAYPUN,BAYQAU01,0.9984074234962463
BAYPUN,CUIMDZ01,0.9869549870491028
BAYPUN,CUIMDZ03,0.9869549870491028
BAYQAU,BAYQAU11,1.0
BAYQAU,BAYQAU01,1.0
BAYQAU,CUIMDZ01,0.9922806620597839
BAYQAU,CUIMDZ03,0.9922806620597839
BAYQAU,CAYBAH,0.30656641721725464
BAYQAU,CAYBAH01,0.30656641721725464
BAYQAU,DIBXIW,0.30656641721725464
BAYQAU01,BAYQAU11,1.0
BAYQAU01,CUIMDZ01,0.9922806620597839
BAYQAU01,CUIMDZ03,0.9922806620597839
BAYQAU01,CAYBAH,0.30656641721725464
BAYQAU01,CAYBAH01,0.30656641721725464
BAYQAU01,DIBXIW,0.30656641721725464
BAYQAU03,BAYQAU04,1.0
BAYQAU03,BAYQAU07,1.0
BAYQAU03,BAYQAU09,1.0
BAYQAU03,BAYQAU08,1.0
BAYQAU03,BAYQAU10,1.0
BAYQAU03,BAYQAU06,1.0
BAYQAU03,BAYQAU05,1.0
BAYQAU03,DAYYIN,0.9939473867416382
BAYQAU03,BETHUE,0.9922806620597839
BAYQAU03,CAGLIF,0.2911735773086548
BAYQAU03,CEGDUO,0.2843591868877411
BAYQAU04,BAYQAU07,1.0
BAYQAU04,BAYQAU09,1.0
BAYQAU04,BAYQAU08,1.0
BAYQAU04,BAYQAU10,1.0
BAYQAU04,BAYQAU06,1.0
BAYQAU04,BAYQAU05,1.0
BAYQAU04,DAYYIN,0.9939473867416382
BAYQAU04,BETHUE,0.9922806620597839
BAYQAU04,CAGLIF,0.2911735773086548
BAYQAU05,BAYQAU07,1.0
BAYQAU05,BAYQAU09,1.0
BAYQAU05,BAYQAU08,1.0
BAYQAU05,BAYQAU10,1.0
BAYQAU05,BAYQAU06,1.0
BAYQAU05,DAYYIN,0.9939473867416382
BAYQAU05,BETHUE,0.9922806620597839
BAYQAU05,CAGLIF,0.2911735773086548
BAYQAU05,CEGDUO,0.2843591868877411
BAYQAU06,BAYQAU07,1.0
BAYQAU06,BAYQAU09,1.0
BAYQAU06,BAYQAU08,1.0
BAYQAU06,BAYQAU10,1.0
BAYQAU06,DAYYIN,0.9939473867416382
BAYQAU06,BETHUE,0.9922806620597839
BAYQAU06,CAGLIF,0.2911735773086548
BAYQAU06,CEGDUO,0.2843591868877411
BAYQAU07,BAYQAU09,1.0
BAYQAU07,BAYQAU08,1.0
BAYQAU07,BAYQAU10,1.0
BAYQAU07,DAYYIN,0.9939473867416382
BAYQAU07,BETHUE,0.9922806620597839
BAYQAU07,CAGLIF,0.2911735773086548
BAYQAU07,CEGDUO,0.2843591868877411
BAYQAU08,BAYQAU09,1.0
BAYQAU08,BAYQAU10,1.0
BAYQAU08,DAYYIN,0.9939473867416382
BAYQAU08,BETHUE,0.9922806620597839
BAYQAU08,CAGLIF,0.2911735773086548
BAYQAU09,BAYQAU10,1.0
BAYQAU09,DAYYIN,0.9939473867416382
BAYQAU09,BETHUE,0.9922806620597839
BAYQAU09,CAGLIF,0.2911735773086548
BAYQAU10,DAYYIN,0.9939473867416382
BAYQAU10,BETHUE,0.9922806620597839
BAYQAU10,CAGLIF,0.2911735773086548
BAYQAU10,CEGDUO,0.2843591868877411
BAYQAU11,CUIMDZ01,0.9922806620597839
BAYQAU11,CUIMDZ03,0.9922806620597839
BAYQAU11,DIBXIW,0.30656641721725464
BAZBIQ,DEMNOB,0.9982883334159851
BAZBIQ,CIGXIA,0.8199999928474426
BAZBIQ,CIPLIX,0.8196292519569397
BAZBIQ,CIFMIP,0.8196292519569397
BAZBIQ,BEQJUF,0.5981024503707886
BAZBIQ,CEKHUY,0.7414068579673767
BAZBIQ,CEQPOG,0.5182883143424988
BAZBIQ,CIJLIT,0.6382883787155151
BAZBIQ,CIRTUU,0.5485497117042542
BAZBOW,DAPHOU,0.9982883334159851
BAZBOW,CIGXIA,0.7000000476837158
BAZBOW,CIFMIP,0.6996293067932129
BAZBOW,CIPLIX,0.6996293067932129
BAZBOW,DEPXIG,0.6989086270332336
BAZBOW,DEPXOM,0.6989086270332336
BAZBOW,CIBTIT,0.6989086270332336
BAZFUF,BAZGAM,1.0
BAZFUF,BAZFUF01,1.0
BAZFUF,DIBQEM,0.9996275901794434
BAZFUF,CIFMAH,0.9996275901794434
BAZFUF,DIBQIQ,0.9996275901794434
BAZFUF,DIBQOW,0.9996275901794434
BAZFUF,DAPYAW,0.9922806620597839
BAZFUF,BEPRIZ,0.7371275424957275
BAZFUF,CEPBOR,0.6850420236587524
BAZFUF,CIKPEU,0.7371275424957275
BAZFUF,CUVVOG,0.6504266858100891
BAZFUF01,BAZGAM,1.0
BAZFUF01,DIBQIQ,0.9996275901794434
BAZFUF01,DIBQEM,0.9996275901794434
BAZFUF01,DIBQOW,0.9996275901794434
BAZFUF01,CIFMAH,0.9996275901794434
BAZFUF01,DAPYAW,0.9922806620597839
BAZFUF01,BEPRIZ,0.7371275424957275
BAZFUF01,CEPBEH,0.6835333108901978
BAZFUF01,CIKPEU,0.7371275424957275
BAZFUF01,DEKBON,0.9099999666213989
BAZGAM,DIBQIQ,0.9996275901794434
BAZGAM,DIBQEM,0.9996275901794434
BAZGAM,DIBQOW,0.9996275901794434
BAZGAM,CIFMAH,0.9996275901794434
BAZGAM,DAPYAW,0.9922806620597839
BAZGAM,BEPRIZ,0.7371275424957275
BAZGAM,BIPKIW,0.64000004529953
BAZGAM,CEPBOR,0.6850420236587524
BAZGAM,CIKPEU,0.7371275424957275
BAZJET,BAZJIX,1.0
BAZJET,DANWAS,0.7063231468200684
BAZJET,BETGUE,0.7061130404472351
BAZJET,BETGOY,0.7061130404472351
BAZJET,BETHIT,0.7058734893798828
BAZJET,DAGTUD,0.7058734893798828
BAZJET,BETHEP,0.7058734893798828
BAZJET,COCMOY,0.6684210300445557
BAZJET,COCMUE,0.6684210300445557
BAZJET,COCNAL,0.6654710173606873
BAZJIX,DANWAS,0.7063231468200684
BAZJIX,BETGUE,0.7061130404472351
BAZJIX,BETGOY,0.7061130404472351
BAZJIX,BETHIT,0.7058734893798828
BAZJIX,DAGTUD,0.7058734893798828
BAZJIX,BETHEP,0.7058734893798828
BAZJIX,COCMOY,0.6684210300445557
BAZJIX,COCMUE,0.6684210300445557
BAZJIX,COCNAL,0.6654710173606873
BAZVIK,CUQKOQ,0.6847758889198303
BAZVIK,COQMIF,0.668556272983551
BAZVIK,COQMAX,0.6310562491416931
BAZVIK,CISJAQ,0.5597894787788391
BAZVIK,COQMEB,0.5422404408454895
BAZVIK,CUKJUO,0.4869953691959381
BEBFIY,CAVMUJ02,0.9930317997932434
BEBFIY,CAVMUJ01,0.9930317997932434
BEBFIY,CAVMUJ,0.9930317997932434
BEBFIY,BIDREO,0.26363638043403625
BEBFIY,CANRUG,0.6907076239585876
BEBFIY,CAVLIW,0.6307076215744019
BEBFIY,CAVLOC,0.6307076215744019
BEBFIY,COVSIP,0.26363638043403625
BEBFIY,DIQGUH,0.9907075762748718
BECDAP,DETGIT,0.3131578862667084
BECDAP,CEDYER01,0.30840104818344116
BECDAP,CEDYER,0.30840104818344116
BECDAP,CEDFOI,0.282073974609375
BECDAP,CEDFIC,0.282073974609375
BECDAP,CEDFUO,0.282073974609375
BECDAP,DINYEG01,0.2800000011920929
BECDAP,DINYEG,0.2800000011920929
BECDAP,CIWNIH,0.25
BECDAP,COVRUC,0.24000000953674316
BECKOM,BEZKOI,0.6029411554336548
BECKOM,BEZKOI01,0.6029411554336548
BECKOM,COMDOY,0.5656318664550781
BECKOM,BUKLOJ01,0.5635125637054443
BECKOM,CUZBUW,0.5635125637054443
BECKOM,BUKLOJ,0.5635125637054443
BECKOM,BUZHIO,0.4599999785423279
BECKOM,COWKAB,0.3569865822792053
BECKOM,CUBHOY,0.44054052233695984
BECRUX,BECRUX05,1.0
BECRUX,BECRUX02,1.0
BECRUX,BECRUX03,1.0
BECRUX,BECRUX04,1.0
BECRUX,BECRUX06,1.0
BECRUX,BECRUX07,1.0
BECRUX,BECRUX01,1.0
BECRUX,CAZLEV,0.9944032430648804
BECRUX,CAZLIZ,0.9944032430648804
BECRUX,BIVVOR,0.8281095623970032
BECRUX,CAVCEI,0.574246346950531
BECRUX,CAZLOF,0.8559417128562927
BECRUX,CISMAT,0.9927337765693665
BECRUX,CISMAT01,0.9927337765693665
BECRUX,DALRAK,0.7174801826477051
BECRUX,DEKPAL,0.714177131652832
BECRUX,DEKPEP,0.714177131652832
BECRUX01,BECRUX05,1.0
BECRUX01,BECRUX02,1.0
BECRUX01,BECRUX03,1.0
BECRUX01,BECRUX04,1.0
BECRUX01,BECRUX06,1.0
BECRUX01,BECRUX07,1.0
BECRUX01,CAZLEV,0.9944032430648804
BECRUX01,CAZLIZ,0.9944032430648804
BECRUX01,BIVVOR,0.8281095623970032
BECRUX01,CAVCEI,0.574246346950531
BECRUX01,CISMAT,0.9927337765693665
BECRUX01,CISMAT01,0.9927337765693665
BECRUX02,BECRUX05,1.0
BECRUX02,BECRUX03,1.0
BECRUX02,BECRUX04,1.0
BECRUX02,BECRUX06,1.0
BECRUX02,BECRUX07,1.0
BECRUX02,CAZLEV,0.9944032430648804
BECRUX02,CAZLIZ,0.9944032430648804
BECRUX02,BIVVOR,0.8281095623970032
BECRUX02,CAVCEI,0.574246346950531
BECRUX02,CAVQOH,0.45000001788139343
BECRUX02,CISMAT,0.9927337765693665
BECRUX02,CISMAT01,0.9927337765693665
BECRUX03,BECRUX05,1.0
BECRUX03,BECRUX04,1.0
BECRUX03,BECRUX06,1.0
BECRUX03,BECRUX07,1.0
BECRUX03,CAZLEV,0.9944032430648804
BECRUX03,CAZLIZ,0.9944032430648804
BECRUX03,BIVVOR,0.8281095623970032
BECRUX03,CAVCEI,0.574246346950531
BECRUX03,CAVQOH,0.45000001788139343
BECRUX03,CAZLOF,0.8559417128562927
BECRUX03,CISMAT,0.9927337765693665
BECRUX03,CISMAT01,0.9927337765693665
BECRUX03,DEHYEV,0.43157896399497986
BECRUX03,DEKPAL,0.714177131652832
BECRUX03,DEKPEP,0.714177131652832
BECRUX04,BECRUX05,1.0
BECRUX04,BECRUX06,1.0
BECRUX04,BECRUX07,1.0
BECRUX04,CAZLEV,0.9944032430648804
BECRUX04,CAZLIZ,0.9944032430648804
BECRUX04,BIVVOR,0.8281095623970032
BECRUX04,CAZLOF,0.8559417128562927
BECRUX04,CISMAT,0.9927337765693665
BECRUX04,CISMAT01,0.9927337765693665
BECRUX04,DEKPAL,0.714177131652832
BECRUX04,DEKPEP,0.714177131652832
BECRUX05,BECRUX06,1.0
BECRUX05,BECRUX07,1.0
BECRUX05,CAZLEV,0.9944032430648804
BECRUX05,CAZLIZ,0.9944032430648804
BECRUX05,BIVVOR,0.8281095623970032
BECRUX05,CAVQOH,0.45000001788139343
BECRUX05,CAZLOF,0.8559417128562927
BECRUX05,CISMAT,0.9927337765693665
BECRUX05,CISMAT01,0.9927337765693665
BECRUX05,DALRAK,0.7174801826477051
BECRUX05,DEKPAL,0.714177131652832
BECRUX05,DEKPEP,0.714177131652832
BECRUX06,BECRUX07,1.0
BECRUX06,CAZLEV,0.9944032430648804
BECRUX06,CAZLIZ,0.9944032430648804
BECRUX06,BIVVOR,0.8281095623970032
BECRUX06,CAVCEI,0.574246346950531
BECRUX06,CAVQOH,0.45000001788139343
BECRUX06,CAZLOF,0.8559417128562927
BECRUX06,CISMAT,0.9927337765693665
BECRUX06,CISMAT01,0.9927337765693665
BECRUX06,DALRAK,0.7174801826477051
BECRUX07,CAZLEV,0.9944032430648804
BECRUX07,CAZLIZ,0.9944032430648804
BECRUX07,CAVCEI,0.574246346950531
BECRUX07,CAZLOF,0.8559417128562927
BECRUX07,CISMAT,0.9927337765693665
BECRUX07,CISMAT01,0.9927337765693665
BECRUX07,DALRAK,0.7174801826477051
BEDHOJ,BOVQUZ,0.6146842241287231
BEDHOJ,DAFHID,0.5344827771186829
BEDHOJ,COXFOL,0.5342334508895874
BEDHOJ,DAFHEZ,0.5342334508895874
BEDHOJ,BENXOJ,0.45231637358665466
BEDHOJ,BENXUP,0.45231637358665466
BEDHOJ,BUSXAP,0.4028412103652954
BEDHOJ,BUSXET,0.40706777572631836
BEDHOJ,CUYDEG,0.38611432909965515
BEDHOJ,CUZLAM,0.316425621509552
BEDJEA,CETFOX,0.9937262535095215
BEDJEA,DEKZEA,0.9847758412361145
BEDJEA,DINNIZ,0.9743626117706299
BEDJEA,CAKLOR,0.9678561091423035
BEDJEA,CIHFUU,0.9453355669975281
BEDJEA,CETFUD,0.9154053330421448
BEDJEA,BUPVEP,0.6784376502037048
BEDJEA,CEYYIQ,0.4599999785423279
BEDJEA,DEHFUR,0.4913855493068695
BEDJEA,DEKZIE,0.9097758531570435
BEDJEA,DEKZOK,0.9097758531570435
BEDJEA,DELBED,0.9097758531570435
BEDJOL,BEPYIG,0.882081925868988
BEDJOL,CARFOT,0.882081925868988
BEDJOL,CARFUZ,0.8812179565429688
BEDJOL,CIJBEF,0.7634329795837402
BEDJOL,CIJBAB,0.762182354927063
BEDJOL,CIJBIJ,0.7620042562484741
BEDJOL,BIDPAH,0.5285741090774536
BEDJOL,DEXZIS,0.10000000149011612
BEDPAE,CUVFUW,0.9939473867416382
BEDPAE,CITZIP,0.6464285254478455
BEDPAE,DIXKOL,0.6464285254478455
BEDPAE,CIWYUD,0.6464285254478455
BEDPAE,BOXMAE,0.5874938368797302
BEDPAE,CIJBEE,0.5333333015441895
BEDPAE,BIPXIK,0.5333333015441895
BEDPAE,BOWDOI,0.5333333015441895
BEDPAE,CURZEV,0.26162758469581604
BEDQUZ,DITTEH,0.6188160181045532
BEDQUZ,CIKCOQ,0.6181818246841431
BEDQUZ,CANYIB,0.6121292114257812
BEDREK,DITTEH,0.620080292224884
BEDREK,CEXBAL,0.5821150541305542
BEFJUS,DITGUL,0.5828797817230225
BEFJUS,DITJIC,0.5828797817230225
BEFJUS,DITROQ,0.5828797817230225
BEFJUS,DITRIK,0.5828797817230225
BEFJUS,DITRUW,0.5828797817230225
BEFJUS,DITSAD,0.5828797817230225
BEFJUS,BUKSAD,0.4791986644268036
BEFJUS,DITJAU,0.4732644259929657
BEFJUS,CIYZIU,0.38407307863235474
BEFKEF,BEFKEF01,1.0
BEFKEF,CEKWEW,0.733069896697998
BEFKEF,COLPEA,0.7149186134338379
BEFKEF,CUQYEU,0.6969092488288879
BEFKEF,CEQPIA,0.6477757096290588
BEFKEF,DAWFEO,0.6285449862480164
BEFKEF,DAXDUE,0.5463033318519592
BEFKEF,DAWWEF,0.43038448691368103
BEFKEF,DAXFEQ,0.4959937334060669
BEFKEF,DAXFIU,0.4353364408016205
BEFKEF,DIYRIO,0.4767231345176697
BEFKEF01,CEKWEW,0.733069896697998
BEFKEF01,COLPEA,0.7149186134338379
BEFKEF01,CUQYEU,0.6969092488288879
BEFKEF01,CEQPIA,0.6477757096290588
BEFKEF01,DAWFEO,0.6285449862480164
BEFKEF01,DAXDUE,0.5463033318519592
BEFKEF01,DAWWEF,0.43038448691368103
BEFKEF01,DAXFEQ,0.4959937334060669
BEFKEF01,DAXFIU,0.4353364408016205
BEFKEF01,DIYRIO,0.4767231345176697
BEGFID,DEHHOQ,0.9971922636032104
BEGFID,DEHHIK,0.9964157342910767
BEGFID,DAPZAW,0.9959286451339722
BEGFID,BOSHUN,0.9956179261207581
BEGFID,CUPHUS,0.9949160814285278
BEGFID,BUKYAJ,0.5313277244567871
BEGFID,BUSMUZ,0.982013463973999
BEJKEJ,CAXZUY,1.0
BEJKEJ,DIDBAV,0.9997506737709045
BEJKEJ,DIDBEZ,0.9997506737709045
BEJKEJ,DIDBOJ,0.9997506737709045
BEJKEJ,DIDBID,0.9997506737709045
BEJKEJ,CAXZOS,0.9997506737709045
BEJKEJ,BEQHUD,0.5729730129241943
BEJKEJ,BEQJAL,0.5764706134796143
BEJKEJ,DABWUA,0.49225717782974243
BEKMOW,BEKNEN,1.0
BEKMOW,BOWTAJ,0.9937959313392639
BEKMOW,CAVMUJ03,0.9741673469543457
BEKMOW,COWMUX,0.6360675096511841
BEKMOW,COWMOR,0.6358129382133484
BEKMOW,COWMIL,0.6356611847877502
BEKMOW,COWMAD,0.6352522969245911
BEKMOW,COWMEH,0.6349279880523682
BEKMOW,DEJTIW,0.6237953305244446
BEKMOW,DEJTES,0.6237953305244446
BEKMOW,BONWAD,0.32499900460243225
BEKMOW,BUTXOE,0.3234710097312927
BEKMOW,CAFJIF,0.3603929281234741
BEKMOW,DAGDIZ,0.6237953305244446
BEKNEN,BOWTAJ,0.9937959313392639
BEKNEN,CAVMUJ03,0.9741673469543457
BEKNEN,COWMUX,0.6360675096511841
BEKNEN,COWMOR,0.6358129382133484
BEKNEN,COWMIL,0.6356611847877502
BEKNEN,COWMAD,0.6352522969245911
BEKNEN,COWMEH,0.6349279880523682
BEKNEN,DEJTIW,0.6237953305244446
BEKNEN,DEJTES,0.6237953305244446
BEKNEN,BONWAD,0.32499900460243225
BEKNEN,BUTXOE,0.3234710097312927
BEKNEN,CAFJIF,0.3603929281234741
BEKVOD,BIFSUF,0.3863636553287506
BEKVOD,DELTAQ02,0.3863636553287506
BEKVOD,DEHHEG,0.3863636553287506
BEKVOD,DELTAQ,0.3863636553287506
BEKVOD,DELTAQ01,0.3863636553287506
BEKVOD,DELTAQ03,0.3863636553287506
BEKVOD,CURYOE01,0.3842354118824005
BEKVOD,COMFAM01,0.3842354118824005
BEKVOD,DEHHIK,0.38413941860198975
BEKVOD,CEGJOO,0.2800000011920929
BELHOR,BIZLUT,0.982000470161438
BELHOR,BEYTEG,0.5107045769691467
BELHOR,CEZZIR,0.5025019645690918
BELHOR,CEZZEN,0.5025019645690918
BELHOR,BIZMAA,0.4411466419696808
BELHOR,BIZMII,0.4032250940799713
BELHOR,BIZMEE,0.4030384123325348
BELJIL,BEPPOD,0.4903304874897003
BELJIL,BEPNER,0.4903304874897003
BELJIL,BEPPIX,0.4903304874897003
BELJIL,BEPNOB,0.37893345952033997
BELJIL,BEPNIV,0.37893345952033997
BELJIL,BEPPAP,0.37893345952033997
BELJIL,BEPMIU,0.37893345952033997
BELJIL,BEPMEQ,0.37893345952033997
BELJIL,BEPMAM,0.37893345952033997
BELJIL,BEPLUF,0.37893345952033997
BELQAN,CITLOJ,0.9781790375709534
BELQAN,CITMIE,0.9781520962715149
BELQAN,CITMAW,0.9778347015380859
BELQAN,CITMEA,0.9776891469955444
BELQAN,CITLUP,0.9756634831428528
BELQAN,DEBBIY,0.7499997019767761
BELQAN,DAZZUC,0.7495500445365906
BELQAN,BETRUQ,0.6769230961799622
BELQAN,BIKMAL01,0.674212634563446
BELQAN,BIKMAL,0.674212634563446
BELQAN,BIKMEP,0.6724472045898438
BELQAN,BIKMEP01,0.6724472045898438
BELQAN,CEKHIL,0.6567490100860596
BELQAN,CUFGIV,0.6369706392288208
BELQAN,DIMDAG,0.6417868733406067
BELTOD,BELVEV,1.0
BELTOD,BELVAR,1.0
BELTOD,COGNAO,0.9974996447563171
BELTOD,CESQUP,0.9974996447563171
BELTOD,BELTUJ,0.9972895383834839
BELTOD,DARCOQ,0.9855749607086182
BELTOD,DARDOR,0.9786702990531921
BELTOD,DARFAF,0.9781520962715149
BELTOD,CAVVOM,0.7235866189002991
BELTUJ,CESQUP,0.9977757334709167
BELTUJ,COGNAO,0.9977757334709167
BELTUJ,BELVAR,0.9972895383834839
BELTUJ,BELVEV,0.9972895383834839
BELTUJ,DARCOQ,0.977738082408905
BELTUJ,DARFOT,0.9703232049942017
BELTUJ,DARDUX,0.9702855944633484
BELTUJ,CAVVOM,0.7238627076148987
BELVAR,BELVEV,1.0
BELVAR,COGNAO,0.9974996447563171
BELVAR,CESQUP,0.9974996447563171
BELVAR,DARCOQ,0.9855749607086182
BELVAR,DARDOR,0.9786702990531921
BELVAR,DARFAF,0.9781520962715149
BELVAR,CAVVOM,0.7235866189002991
BELVEV,COGNAO,0.9974996447563171
BELVEV,CESQUP,0.9974996447563171
BELVEV,DARCOQ,0.9855749607086182
BELVEV,DARDOR,0.9786702990531921
BELVEV,DARFAF,0.9781520962715149
BELVEV,CAVVOM,0.7235866189002991
BELXUN,BUSXAP,0.4243227541446686
BELXUN,BUSXET,0.4212201237678528
BELXUN,BUZHIO,0.3863636255264282
BELXUN,CUMFOG,0.3776465356349945
BELXUN,CEGFAW,0.36442676186561584
BELXUN,VELVOY,0.3638029992580414
BELXUN,DITPON,0.3541928827762604
BELXUN,CIGVEW,0.3533782958984375
BELXUN,CIMFUB,0.3376988470554352
BELXUN,CIZTIP,0.17867738008499146
BELXUN,CUZLAM,0.3168591856956482
BELXUN,DEBXUG,0.31574761867523193
BELYIC,CABQEB,0.9963152408599854
BELYIC,CIQYUX,0.9963152408599854
BELYIC,DAYMAS,0.9959937334060669
BELYIC,DIDBIE,0.9821115732192993
BELYIC,DALSER,0.4968051016330719
BELYIC,CAYSOL,0.4968051016330719
BELYIC,COXHON,0.4968051016330719
BELYIC,DALSAN,0.4968051016330719
BELYIC,CAVMIW,0.4968051016330719
BELYIC,COXHED,0.49631524085998535
BELYIC,CNPRCV,0.3196607828140259
BELYIC,COVSIP,0.2830614745616913
BENBIH,CEHQOX,0.728810727596283
BENBIH,BIFJUX,0.7160626649856567
BENBIH,BIFKAE,0.7160626649856567
BENBIH,DICJUW,0.7145718932151794
BENBIH,DERBIO,0.6339473724365234
BENXOJ,BENXUP,1.0
BENXOJ,CAGSAG,0.45000001788139343
BENXOJ,CIFDUS,0.4474996328353882
BENXOJ,CIFDOM,0.4474996328353882
BENXOJ,DADXUE,0.44623541831970215
BENXOJ,CAXSUR,0.4427337944507599
BENXOJ,CUXFIL,0.438040167093277
BENXOJ,BEWCUD,0.4375
BENXUP,CAGSAG,0.45000001788139343
BENXUP,CIFDUS,0.4474996328353882
BENXUP,CIFDOM,0.4474996328353882
BENXUP,DADXUE,0.44623541831970215
BENXUP,CAXSUR,0.4427337944507599
BENXUP,CUXFIL,0.438040167093277
BENXUP,BEWCUD,0.4375
BENXUP,COHJEP,0.29623541235923767
BENZOL,BENZUR,0.9991083145141602
BENZOL,BEPBAB,0.9966550469398499
BENZOL,BEPFIN,0.9965928792953491
BENZOL,BOLHAM,0.9933966398239136
BENZOL,BOLHOA,0.9913450479507446
BENZOL,DALVIY,0.9913450479507446
BENZOL,DALVEU,0.9910680055618286
BENZOL,BOLHEQ,0.9910322427749634
BENZOL,BOLGUF,0.9891154766082764
BENZUR,BOLHAM,0.9965716600418091
BENZUR,BEPFIN,0.996257483959198
BENZUR,BEPBAB,0.9958264827728271
BENZUR,BOLHOA,0.994638979434967
BENZUR,DALVIY,0.994638979434967
BENZUR,DALVEU,0.9945001602172852
BENZUR,BOLHEQ,0.9942622780799866
BENZUR,BOLGUF,0.9929306507110596
BEPBAB,BEPFIN,0.9993717670440674
BEPBAB,BOLGUF,0.9899851083755493
BEPBAB,BOLHAM,0.9892654418945312
BEPBAB,BOLHEQ,0.9859035015106201
BEPBAB,BOLHOA,0.985809862613678
BEPBAB,DALVEU,0.9851804375648499
BEPBAB,DALVIY,0.985809862613678
BEPFIN,BOLHAM,0.9884728193283081
BEPFIN,BOLGUF,0.9882705807685852
BEPFIN,BOLHEQ,0.9846946597099304
BEPFIN,DALVIY,0.9845850467681885
BEPFIN,BOLHOA,0.9845850467681885
BEPFIN,DALVEU,0.9841462969779968
BEPLUF,BEPNUH,1.0
BEPLUF,BEPNOB,1.0
BEPLUF,BEPMEQ,1.0
BEPLUF,BEPMIU,1.0
BEPLUF,BEPNIV,1.0
BEPLUF,BEPMAM,1.0
BEPLUF,BEPPAP,1.0
BEPLUF,BEPNER,0.7352941632270813
BEPLUF,BEPPOD,0.7352941632270813
BEPLUF,BEPPIX,0.7352941632270813
BEPLUF,DEZCES,0.4822167158126831
BEPLUF,DEZCIW,0.485714316368103
BEPMAM,BEPNUH,1.0
BEPMAM,BEPNOB,1.0
BEPMAM,BEPMEQ,1.0
BEPMAM,BEPMIU,1.0
BEPMAM,BEPNIV,1.0
BEPMAM,BEPPAP,1.0
BEPMAM,BEPNER,0.7352941632270813
BEPMAM,BEPPOD,0.7352941632270813
BEPMAM,BEPPIX,0.7352941632270813
BEPMAM,DEZCES,0.4822167158126831
BEPMAM,DEZCIW,0.485714316368103
BEPMEQ,BEPNUH,1.0
BEPMEQ,BEPNOB,1.0
BEPMEQ,BEPMIU,1.0
BEPMEQ,BEPNIV,1.0
BEPMEQ,BEPPAP,1.0
BEPMEQ,BEPNER,0.7352941632270813
BEPMEQ,BEPPOD,0.7352941632270813
BEPMEQ,BEPPIX,0.7352941632270813
BEPMEQ,DEZCAO,0.48349007964134216
BEPMIU,BEPNUH,1.0
BEPMIU,BEPNOB,1.0
BEPMIU,BEPNIV,1.0
BEPMIU,BEPPAP,1.0
BEPMIU,BEPNER,0.7352941632270813
BEPMIU,BEPPOD,0.7352941632270813
BEPMIU,BEPPIX,0.7352941632270813
BEPMIU,DEZCAO,0.48349007964134216
BEPMOB,DETRAX,0.37655067443847656
BEPMOB,CANROA,0.3723548650741577
BEPMOB,CEMLOY,0.37055808305740356
BEPMOB,CEMLIS,0.37055808305740356
BEPMOB,BOLPAU,0.3693077862262726
BEPMOB,CANRIU,0.3673880696296692
BEPMOB,COWRUC,0.293821781873703
BEPMOB,COWSAJ,0.293821781873703
BEPMOB,COWSEN,0.293821781873703
BEPMOB,DEBXUG,0.2965805232524872
BEPNER,BEPPOD,1.0
BEPNER,BEPPIX,1.0
BEPNER,BEPNOB,0.7352941632270813
BEPNER,BEPNUH,0.7352941632270813
BEPNER,BEPNIV,0.7352941632270813
BEPNER,BEPPAP,0.7352941632270813
BEPNER,CIDNIM,0.29980629682540894
BEPNER,DEZCAO,0.4954501986503601
BEPNER,DEZCES,0.49417683482170105
BEPNER,DEZCIW,0.49767443537712097
BEPNIV,BEPNUH,1.0
BEPNIV,BEPNOB,1.0
BEPNIV,BEPPAP,1.0
BEPNIV,BEPPIX,0.7352941632270813
BEPNIV,BEPPOD,0.7352941632270813
BEPNIV,DEZCAO,0.48349007964134216
BEPNOB,BEPNUH,1.0
BEPNOB,BEPPAP,1.0
BEPNOB,BEPPIX,0.7352941632270813
BEPNOB,BEPPOD,0.7352941632270813
BEPNOB,CIDNIM,0.2883837819099426
BEPNOB,DEZCES,0.4822167158126831
BEPNOB,DEZCIW,0.485714316368103
BEPNOC,BEPNUI,0.9966550469398499
BEPNOC,CAYKEU,0.5904660820960999
BEPNOC,BERQIA,0.5334308743476868
BEPNOC,DICPUD,0.497000128030777
BEPNOC,DIQGUH,0.49265509843826294
BEPNOC,DIWMON,0.4899999797344208
BEPNOC,CIXCOD,0.36446064710617065
BEPNUH,BEPPAP,1.0
BEPNUH,BEPPIX,0.7352941632270813
BEPNUH,BEPPOD,0.7352941632270813
BEPNUH,CIDNIM,0.2883837819099426
BEPNUH,DEZCAO,0.48349007964134216
BEPNUI,CAYKEU,0.5878300666809082
BEPNUI,BERQIA,0.5312382578849792
BEPNUI,DICPUD,0.5085647106170654
BEPNUI,DIQGUH,0.4959999918937683
BEPNUI,DIWMUT,0.4899999797344208
BEPNUI,CIXCOD,0.3722909092903137
BEPPAP,BEPPIX,0.7352941632270813
BEPPAP,BEPPOD,0.7352941632270813
BEPPAP,CIDNIM,0.2883837819099426
BEPPAP,DEZCES,0.4822167158126831
BEPPAP,DEZCIW,0.485714316368103
BEPPIX,BEPPOD,1.0
BEPPIX,CIDNIM,0.29980629682540894
BEPPIX,DEZCAO,0.4954501986503601
BEPPIX,DEZCES,0.49417683482170105
BEPPIX,DEZCIW,0.49767443537712097
BEPPIY,COMFIU,0.9998192191123962
BEPPIY,CAVYUW,0.9994840025901794
BEPPIY,COMFEQ,0.9994805455207825
BEPPIY,DIVMUR,0.999313473701477
BEPPIY,DAHPAE,0.9985729455947876
BEPPIY,DAHNUW,0.9985299110412598
BEPPIY,DAHNOQ,0.9985299110412598
BEPPIY,DIVNAY,0.9976078867912292
BEPPIY,BIFNOW,0.9949617981910706
BEPPIY,BOMCUB,0.9926436543464661
BEPPIY,DECDUN,0.9926436543464661
BEPPOD,CIDNIM,0.29980629682540894
BEPPOD,DEZCAO,0.4954501986503601
BEPPOD,DEZCES,0.49417683482170105
BEPPOD,DEZCIW,0.49767443537712097
BEPREV,BEPREV01,1.0
BEPREV,BEPROF,1.0
BEPREV,BEPREV03,1.0
BEPREV,BEPREV02,1.0
BEPREV,DIQHAO,0.9997506737709045
BEPREV,DIQHAO01,0.9997506737709045
BEPREV,DIRLIB,0.9955241084098816
BEPREV,CEZYOY,0.8030744791030884
BEPREV,DANFUW,0.7230769395828247
BEPREV,DAQMAM,0.42711466550827026
BEPREV01,BEPROF,1.0
BEPREV01,BEPREV03,1.0
BEPREV01,BEPREV02,1.0
BEPREV01,DIQHAO,0.9997506737709045
BEPREV01,DIQHAO01,0.9997506737709045
BEPREV01,DIRLIB,0.9955241084098816
BEPREV01,CEZYOY,0.8030744791030884
BEPREV01,DANFUW,0.7230769395828247
BEPREV01,DAQMAM,0.42711466550827026
BEPREV01,DECYUI,0.7393595576286316
BEPREV02,BEPROF,1.0
BEPREV02,BEPREV03,1.0
BEPREV02,DIQHAO,0.9997506737709045
BEPREV02,DIQHAO01,0.9997506737709045
BEPREV02,DIRLIB,0.9955241084098816
BEPREV02,CEZYOY,0.8030744791030884
BEPREV02,DANFUW,0.7230769395828247
BEPREV02,DAQMAM,0.42711466550827026
BEPREV02,DECYUI,0.7393595576286316
BEPREV03,BEPROF,1.0
BEPREV03,DIQHAO,0.9997506737709045
BEPREV03,DIQHAO01,0.9997506737709045
BEPREV03,DIRLIB,0.9955241084098816
BEPREV03,CEZYOY,0.8030744791030884
BEPREV03,DANFUW,0.7230769395828247
BEPREV03,DAQMAM,0.42711466550827026
BEPREV03,DECYUI,0.7393595576286316
BEPRIZ,CIKPEU,0.9999999403953552
BEPRIZ,DIBQOW,0.7374999523162842
BEPRIZ,CIFMAH,0.7374999523162842
BEPRIZ,DIBQIQ,0.7374999523162842
BEPRIZ,DIBQEM,0.7374999523162842
BEPROF,DIQHAO,0.9997506737709045
BEPROF,DIQHAO01,0.9997506737709045
BEPROF,DIRLIB,0.9955241084098816
BEPROF,CEZYOY,0.8030744791030884
BEPROF,DANFUW,0.7230769395828247
BEPROF,DAQMAM,0.42711466550827026
BEPROF,DECYUI,0.7393595576286316
BEPYIG,CARFOT,1.0
BEPYIG,CARFUZ,0.9965804815292358
BEPYIG,DEGMAG,0.7183775901794434
BEPYIG,CIJBEF,0.6858605742454529
BEPYIG,DEGMAG01,0.7183775901794434
BEQHUD,BEQJAL,0.9965023994445801
BEQHUD,BOYTEQ,0.5839861035346985
BEQHUD,DIDBOJ,0.574246346950531
BEQHUD,CAXZOS,0.574246346950531
BEQHUD,DIDBAV,0.574246346950531
BEQHUD,DIDBEZ,0.574246346950531
BEQHUD,DIDBID,0.574246346950531
BEQHUD,CAXZUY,0.5729730129241943
BEQHUD,DECYUI,0.5609756112098694
BEQJAL,BOYTEQ,0.5820105671882629
BEQJAL,CAXZUY,0.5764706134796143
BEQJAL,DIDBID,0.5762212872505188
BEQJAL,DIDBEZ,0.5762212872505188
BEQJAL,DIDBAV,0.5762212872505188
BEQJAL,DIDBOJ,0.5762212872505188
BEQJAL,CAXZOS,0.5762212872505188
BEQJAL,DECYUI,0.5574780106544495
BEQJOZ,CAVWOO,0.5695456266403198
BEQJOZ,DIGPER,0.5694356560707092
BEQJOZ,BEVSUR,0.565670371055603
BEQJOZ,CUFFIT,0.5642343759536743
BEQJOZ,CUFFOZ,0.5642343759536743
BEQJOZ,CUFDOX,0.5642343759536743
BEQJOZ,CUFFEP,0.5642343759536743
BEQJOZ,BIXVIQ01,0.24684959650039673
BEQJUF,DEMNOB,0.5907220840454102
BEQJUF,CEQPIA,0.5884674191474915
BEQKAM,CADPII,1.0
BEQKAM,CEHLAD,1.0
BEQKAM,CIGXIA,0.9982883334159851
BEQKAM,CIPLIX,0.9977757334709167
BEQKAM,CIFMIP,0.9977757334709167
BEQKAM,DEPXOM,0.9974996447563171
BEQKAM,BODPAN,0.9965804815292358
BEQKAM,CEHKUW,0.9962353706359863
BEQKAM,CIBTIT,0.9974996447563171
BEQKAM,CISJAQ,0.64000004529953
BEQKAM,CUMLUT,0.9962353706359863
BEQKAM,CUVTIX,0.43000003695487976
BEQKAM,CUVTOD,0.621052622795105
BEQKAM,DAPHOU,0.7000000476837158
BEQKAM,DEMNOB,0.8199999928474426
BEQKAM,DEPXIG,0.9974996447563171
BEQKAM,DIHVIB,0.9965804815292358
BEQKAM,DIHVIB01,0.9965804815292358
BEQPEU,CANYIB,0.5908379554748535
BEQPEU,CIKCOQ,0.5905984044075012
BEQPEU,DIDBID,0.5772895812988281
BEQPEU,DIDBEZ,0.5772895812988281
BEQPEU,DIDBOJ,0.5772895812988281
BEQPEU,CAXZOS,0.5772895812988281
BERQAS,CIFGUV,0.6026430130004883
BERQAS,DALSUH,0.5457138419151306
BERQAS,DALTAO,0.5437545776367188
BERQAS,DIXBET01,0.5290725827217102
BERQAS,DIXBET,0.5290725827217102
BERQAS,DAHMIJ,0.5285714268684387
BERQAS,CUKXEN,0.5285714268684387
BERQAS,CEJNOU,0.35400205850601196
BERQAS,CIMFUB,0.32849347591400146
BERQAS,DAPYUP,0.27685919404029846
BERQAS,DETGIT,0.351417601108551
BERQAS,DINYEG,0.5210728049278259
BERQAS,DINYEG01,0.5210728049278259
BERQEW,CUKXAJ,0.6000000238418579
BERQEW,CUKXEN,0.6000000238418579
BERQEW,DAHMIJ,0.6000000238418579
BERQEW,CUKXIR,0.5970500111579895
BERQIA,CUWWOI,0.62794429063797
BERQIA,CAPLOX,0.6256742477416992
BERQIA,CUVTOD,0.5808507800102234
BERQIA,DADXUE,0.5499999523162842
BERQIA,CIFDOM,0.5470499992370605
BERQIA,DINYEG,0.5191977620124817
BERQIA,DINYEG01,0.5191977620124817
BERROH,BERRUN,0.9970499873161316
BERROH,BERSOI,0.6670500040054321
BERROH,BOJLOC,0.44999998807907104
BERROH,BOJLOC01,0.44999998807907104
BERROH,BUQROV,0.44161728024482727
BERROH,BORNEC,0.39508411288261414
BERROH,BORNIG,0.3926025331020355
BERROH,CUMJEB,0.3882264792919159
BERROH,CAXWUV,0.3680850863456726
BERRUN,BERSOI,0.6699999570846558
BERRUN,BOJLOC,0.447050005197525
BERRUN,BOJLOC01,0.447050005197525
BERRUN,BUQROV,0.44035306572914124
BERRUN,CUMJEB,0.3911764621734619
BERRUN,BORNIG,0.38967570662498474
BERRUN,BORNEC,0.3896130919456482
BERRUN,CAXWUV,0.3651351034641266
BERRUN,CESPEY,0.3880356550216675
BERRUN,CESPIC,0.3880356550216675
BERSOI,BOJLOC,0.4411676526069641
BERSOI,BOJLOC01,0.4411676526069641
BERSOI,BUQROV,0.4337354004383087
BERSOI,BORNEC,0.38335829973220825
BERSOI,BORNIG,0.3834208846092224
BERSOI,CAXWUV,0.3834136426448822
BERSOI,DALXEW,0.26637840270996094
BESKUI,RUBTAK02,1.0
BESKUI,SURKAT,1.0
BESKUI,CAVMUJ,0.9972875118255615
BESKUI,CAVMUJ01,0.9972875118255615
BESKUI,BOHWOM,0.7352941036224365
BESKUI,COMDOY,0.9915627241134644
BESXED,CODFEH,0.9520620107650757
BESXED,CIMZII,0.9339526295661926
BESXED,CEFDAU,0.5076369047164917
BESXED,CATART04,0.44821104407310486
BESXED,CUGREC,0.44821104407310486
BESXED,CUGROM,0.44821104407310486
BESXED,CATART03,0.44821104407310486
BESXED,CUGSON,0.4481986463069916
BESXED,BUTCUQ,0.21938109397888184
BETDAH,BETDEL,0.9999803900718689
BETDAH,BETDOV,0.9998704195022583
BETDAH,CUWYAW,0.9994840025901794
BETDAH,BETDUB,0.9994840025901794
BETDAH,BETFAJ,0.9993398785591125
BETDAH,BETGAK,0.9981487989425659
BETDAH,BETFOX,0.9795458912849426
BETDAH,BETFUD,0.9795458912849426
BETDAH,CUXPUH,0.5499855279922485
BETDAH,DAMYUO,0.5499855279922485
BETDEL,BETDOV,0.999916136264801
BETDEL,BETDUB,0.9996340870857239
BETDEL,CUWYAW,0.9996340870857239
BETDEL,BETFAJ,0.9995414018630981
BETDEL,BETGAK,0.9983029365539551
BETDEL,BETFUD,0.9796669483184814
BETDEL,BETFOX,0.9796669483184814
BETDEL,CUXPUH,0.5499353408813477
BETDEL,DAMYUO,0.5499353408813477
BETDIP,CUWZIF,0.9998192191123962
BETDIP,CUWXID,0.9998192191123962
BETDIP,BETFEN,0.9991112351417542
BETDIP,BETFIR,0.9847605228424072
BETDIP,DIMDAG,0.5717675685882568
BETDIP,CUFGIV,0.563636302947998
BETDIP,CIJBIJ,0.5499999523162842
BETDIP,CIJBEF,0.5498192310333252
BETDIP,BIDPAH,0.5441616177558899
BETDOV,BETFAJ,0.9996404051780701
BETDOV,BETDUB,0.9994805455207825
BETDOV,CUWYAW,0.9994805455207825
BETDOV,BETGAK,0.997765302658081
BETDOV,BETFOX,0.9779111742973328
BETDOV,BETFUD,0.9779111742973328
BETDOV,CUXPIV,0.5499999523162842
BETDOV,DAMYUO,0.5498304963111877
BETDUB,CUWYAW,0.9999999403953552
BETDUB,BETFAJ,0.9996544122695923
BETDUB,BETGAK,0.9987545013427734
BETDUB,BETFOX,0.9829657673835754
BETDUB,BETFUD,0.9829657673835754
BETDUB,CUXQAO,0.5499999523162842
BETFAJ,CUWYAW,0.9996544122695923
BETFAJ,BETGAK,0.9983987212181091
BETFAJ,BETFOX,0.9782870411872864
BETFAJ,BETFUD,0.9782870411872864
BETFAJ,CUXPAN,0.5499999523162842
BETFAJ,CUXPER,0.5496544241905212
BETFAJ,COTVOY,0.09999998658895493
BETFEN,CUWZIF,0.999613344669342
BETFEN,CUWXID,0.999613344669342
BETFEN,BETFIR,0.9823139905929565
BETFEN,DIMDAG,0.5689230561256409
BETFEN,CUFGIV,0.562747597694397
BETFEN,CIJBEF,0.549613356590271
BETFEN,CIJBIJ,0.5491112470626831
BETFEN,BIDPAH,0.5398862361907959
BETFIR,CUWZIF,0.9829657673835754
BETFIR,CUWXID,0.9829657673835754
BETFIR,DIMDAG,0.5523610711097717
BETFIR,CUFGIV,0.54839688539505
BETFIR,CIJBIJ,0.5347605347633362
BETFIR,CIJBEF,0.5329657793045044
BETFIR,CIJBAB,0.5326657891273499
BETFIR,BIDPAH,0.5296112895011902
BETFOX,BETFUD,0.9999999403953552
BETFOX,CUWYAW,0.9829657673835754
BETFOX,BETGAK,0.9826657772064209
BETFOX,CUXQIW,0.5347605347633362
BETFUD,CUWYAW,0.9829657673835754
BETFUD,BETGAK,0.9826657772064209
BETFUD,CUXQIW,0.5347605347633362
BETGAK,CUWYAW,0.9987545013427734
BETGAK,CUXQES,0.550000011920929
BETGAK,CUXQAO,0.5487544536590576
BETGAK,CAVMIX,0.37384024262428284
BETGEO,BETGIS,1.0
BETGEO,BOWNUY,0.9999494552612305
BETGEO,COTYIV,0.9999494552612305
BETGEO,BETGUE,0.9997506737709045
BETGEO,BETGOY,0.9997506737709045
BETGEO,DANWAS,0.9965023994445801
BETGEO,BETHEP,0.9921966195106506
BETGEO,DAGTUD,0.9921966195106506
BETGEO,BETHIT,0.9921966195106506
BETGEO,BICDAU,0.38186827301979065
BETGEO,BIWSEG,0.40676766633987427
BETGEO,COCNEP,0.6656637787818909
BETGEO,DAWVUV,0.3022506833076477
BETGIS,BOWNUY,0.9999494552612305
BETGIS,COTYIV,0.9999494552612305
BETGIS,BETGUE,0.9997506737709045
BETGIS,BETGOY,0.9997506737709045
BETGIS,DANWAS,0.9965023994445801
BETGIS,BETHEP,0.9921966195106506
BETGIS,DAGTUD,0.9921966195106506
BETGIS,BETHIT,0.9921966195106506
BETGIS,BICDAU,0.38186827301979065
BETGIS,BIWSEG,0.40676766633987427
BETGIS,COCNEP,0.6656637787818909
BETGIS,DAWVUV,0.3022506833076477
BETGOY,BETGUE,0.9999999403953552
BETGOY,COTYIV,0.9996275901794434
BETGOY,BOWNUY,0.9996275901794434
BETGOY,DANWAS,0.9977757334709167
BETGOY,BETHIT,0.9939473867416382
BETGOY,DAGTUD,0.9939473867416382
BETGOY,BETHEP,0.9939473867416382
BETGOY,BICDAU,0.3831416368484497
BETGOY,BINSAV,0.3762437403202057
BETGOY,BINSOJ,0.3762437403202057
BETGOY,BIWSEG,0.40644577145576477
BETGOY,COCMOY,0.6630038619041443
BETGOY,COCMUE,0.6630038619041443
BETGOY,DAWVUV,0.3024999797344208
BETGUE,COTYIV,0.9996275901794434
BETGUE,BOWNUY,0.9996275901794434
BETGUE,DANWAS,0.9977757334709167
BETGUE,BETHIT,0.9939473867416382
BETGUE,DAGTUD,0.9939473867416382
BETGUE,BETHEP,0.9939473867416382
BETGUE,BICDAU,0.3831416368484497
BETGUE,BINSAV,0.3762437403202057
BETGUE,BINSOJ,0.3762437403202057
BETGUE,BIWSEG,0.40644577145576477
BETGUE,BOJLOC,0.41350576281547546
BETGUE,BOJLOC01,0.41350576281547546
BETGUE,COCMOY,0.6630038619041443
BETGUE,COCMUE,0.6630038619041443
BETGUE,COCNEP,0.665341854095459
BETGUE,DAWVUV,0.3024999797344208
BETHEP,DAGTUD,1.0
BETHEP,BETHIT,1.0
BETHEP,DANWAS,0.9962353706359863
BETHEP,COTYIV,0.9922806620597839
BETHEP,BOWNUY,0.9922806620597839
BETHEP,BICDAU,0.3816012740135193
BETHEP,COCNAL,0.6657142639160156
BETHIT,DAGTUD,1.0
BETHIT,DANWAS,0.9962353706359863
BETHIT,COTYIV,0.9922806620597839
BETHIT,BOWNUY,0.9922806620597839
BETHIT,BIWSEG,0.39909887313842773
BETHIT,COCNAL,0.6657142639160156
BETHUE,DAYYIN,0.9996275901794434
BETHUE,CAGLIF,0.29420188069343567
BETHUE,CEGDUO,0.2844467759132385
BETJUI,BETRUQ,0.9819706082344055
BETJUI,BIKMAL01,0.9788232445716858
BETJUI,BIKMAL,0.9788232445716858
BETJUI,BIKMEP,0.9778358340263367
BETJUI,BIKMEP01,0.9778358340263367
BETJUI,DOBGAD01,0.7889589667320251
BETJUI,DOBGAD,0.7889589667320251
BETJUI,CITMIE,0.6659393310546875
BETJUI,CITLOJ,0.6642444729804993
BETJUI,CITMEA,0.6633356809616089
BETJUI,CITLUP,0.662401020526886
BETJUI,CITMAW,0.6618256568908691
BETJUI,DIRTEG,0.6487405896186829
BETRUQ,BIKMAL,0.9972895383834839
BETRUQ,BIKMAL01,0.9972895383834839
BETRUQ,BIKMEP01,0.9955241084098816
BETRUQ,BIKMEP,0.9955241084098816
BETRUQ,DOBGAD,0.7938241362571716
BETRUQ,DOBGAD01,0.7938241362571716
BETRUQ,CITLOJ,0.6551021337509155
BETRUQ,CITMIE,0.655075192451477
BETRUQ,CITLUP,0.6525865793228149
BETRUQ,CITMAW,0.6547577977180481
BETRUQ,CITMEA,0.6546121835708618
BETRUQ,DIRTEG,0.6346089243888855
BETXIK,DEJJEK,0.6753847599029541
BETXIK,CUKXIR,0.6558021903038025
BETXIK,CITWOS,0.300639808177948
BETXIK,CITXAF,0.2968648672103882
BETZOR,CIFJAE,0.6625000238418579
BETZOR,DAFHOJ,0.6625000238418579
BETZOR,COXFOL,0.6597895622253418
BETZOR,DAFHEZ,0.6597895622253418
BETZOR,DAFHID,0.6580241322517395
BETZOR,CELZUQ,0.6512861251831055
BETZOR,DITKAT01,0.6444706320762634
BETZOR,DITKAT,0.6444706320762634
BEVSUR,BOHWUS,0.9982609748840332
BEVSUR,DIGPER,0.9968496561050415
BEVSUR,CAVWOO,0.9965118765830994
BEVSUR,COSWEO,0.9929306507110596
BEVSUR,CUFFIT,0.988788366317749
BEVSUR,CUFDUD,0.988788366317749
BEVSUR,CUFFEP,0.988788366317749
BEVSUR,CAYKEU,0.5484701991081238
BEVSUR,CEDYER,0.55897057056427
BEVSUR,CEDYER01,0.55897057056427
BEWCUD,COKRUR,0.8736562132835388
BEWCUD,DAJVES,0.865422785282135
BEWCUD,DAJWET,0.8636407852172852
BEWCUD,COKROL,0.8471856117248535
BEWCUD,BIPSUQ,0.8263102173805237
BEWCUD,DIBQIQ,0.5886848568916321
BEWCUD,DIBQEM,0.5886848568916321
BEWCUD,CIFMAH,0.5886848568916321
BEWSOO,BEWSUU,1.0
BEWSOO,BEXPAX,0.6355241537094116
BEWSOO,DIWNAA,0.6354933977127075
BEWSOO,DIWMUT,0.5973289012908936
BEWSOO,DIWMON,0.5934019088745117
BEWSOO,BIRCAJ,0.5886703133583069
BEWSOO,BIRBUC,0.5881521105766296
BEWSOO,BIRBIQ,0.5876891613006592
BEWSOO,BOWKUU,0.48144444823265076
BEWSOO,BOXFAW,0.46191486716270447
BEWSOO,BOXFIE,0.446835458278656
BEWSOO,BUFNEW,0.46191486716270447
BEWSOO,BUFNOG,0.46191486716270447
BEWSOO,CUNWEO,0.5220499634742737
BEWSUU,BEXPAX,0.6355241537094116
BEWSUU,DIWNAA,0.6354933977127075
BEWSUU,DIWMUT,0.5973289012908936
BEWSUU,DIWMON,0.5934019088745117
BEWSUU,BIRCAJ,0.5886703133583069
BEWSUU,BIRBUC,0.5881521105766296
BEWSUU,BIRBIQ,0.5876891613006592
BEWSUU,BOWKUU,0.48144444823265076
BEWSUU,BOXFAW,0.46191486716270447
BEWSUU,BOXFIE,0.446835458278656
BEWSUU,BUFNEW,0.46191486716270447
BEWSUU,BUFNOG,0.46191486716270447
BEWSUU,CUNWEO,0.5220499634742737
BEXFUI,BEZSIK,0.6684561371803284
BEXFUI,COFORM10,0.24654966592788696
BEXFUI,CAKLOR,0.24607136845588684
BEXFUI,CONSAA,0.2459876835346222
BEXFUI,DINNIZ,0.24387040734291077
BEXPAX,DIWNAA,0.995114803314209
BEXPAX,DIWMUT,0.9441367387771606
BEXPAX,DIWMON,0.9386946558952332
BEXPAX,CAXSUR,0.6061633229255676
BEXPAX,CAGSAG,0.6051980257034302
BEXPAX,CIFDUS,0.6042197346687317
BEXPAX,BOXFAW,0.47791096568107605
BEXPAX,BOXFIE,0.4635501503944397
BEXPAX,BOXFOK,0.4529500901699066
BEXPAX,BUFNEW,0.47791096568107605
BEXPAX,BUFNOG,0.47791096568107605
BEXPAX,CECVAI,0.2614879310131073
BEXQIF,BEXQOL,0.9996292591094971
BEXQIF,BEXREC,0.9996292591094971
BEXQIF,DIBXAO,0.9996292591094971
BEXQIF,DANZEX,0.9989085793495178
BEXQIF,BEXRAY,0.9989085793495178
BEXQIF,BITCUE,0.9971465468406677
BEXQIF,DACHAR,0.9971465468406677
BEXQIF,DEHRIR,0.9971465468406677
BEXQOL,DIBXAO,0.9999999403953552
BEXQOL,BEXREC,0.9999999403953552
BEXQOL,DIBWUH,0.9997506737709045
BEXQOL,BEXRIG,0.9997506737709045
BEXQOL,BEXQUR,0.9997506737709045
BEXQOL,CUYDIL,0.9996275901794434
BEXQOL,BEXRAY,0.9972895383834839
BEXQOL,BITCUE,0.9971376657485962
BEXQOL,DACHAR,0.9971376657485962
BEXQOL,DANZEX,0.9972895383834839
BEXQOL,DEHRIR,0.9971376657485962
BEXQUR,DIBWUH,1.0
BEXQUR,BEXRIG,1.0
BEXQUR,CUSYIA,0.9999494552612305
BEXQUR,CUSYOG,0.9999494552612305
BEXQUR,CUSYUM,0.9999494552612305
BEXQUR,CUSZAT,0.9999494552612305
BEXQUR,DABMUR,0.9999494552612305
BEXQUR,CUSZEX,0.9999494552612305
BEXQUR,CUXLEO,0.9999494552612305
BEXQUR,CUTCYM01,0.9999494552612305
BEXQUR,BEXREC,0.9997506737709045
BEXQUR,DIBXAO,0.9997506737709045
BEXRAY,DANZEX,1.0
BEXRAY,BEXREC,0.9972895383834839
BEXRAY,DIBXAO,0.9972895383834839
BEXRAY,CDCACD,0.9970499873161316
BEXRAY,CDCACD01,0.9970499873161316
BEXRAY,DABMEB,0.9970499873161316
BEXRAY,DALVAQ,0.9970499873161316
BEXREC,DIBXAO,0.9999999403953552
BEXREC,DIBWUH,0.9997506737709045
BEXREC,BEXRIG,0.9997506737709045
BEXREC,CUYDIL,0.9996275901794434
BEXREC,BITCUE,0.9971376657485962
BEXREC,DACHAR,0.9971376657485962
BEXREC,DANZEX,0.9972895383834839
BEXREC,DEHRIR,0.9971376657485962
BEXRIG,DIBWUH,1.0
BEXRIG,CUSYIA,0.9999494552612305
BEXRIG,CUSYOG,0.9999494552612305
BEXRIG,CUSYUM,0.9999494552612305
BEXRIG,CUSZAT,0.9999494552612305
BEXRIG,DABMUR,0.9999494552612305
BEXRIG,CUSZEX,0.9999494552612305
BEXRIG,CUXLEO,0.9999494552612305
BEXRIG,CUTCYM01,0.9999494552612305
BEXRIG,DIBXAO,0.9997506737709045
BEXRUT,BEXSII,0.9999494552612305
BEXRUT,BEXSEE,0.9997506737709045
BEXRUT,BEXSAA,0.9955241084098816
BEXRUT,BUCWAZ,0.7194693684577942
BEXRUT,DEGMAG,0.6497506499290466
BEXRUT,DEGMAG01,0.6497506499290466
BEXRUT,CIJBIJ,0.6188132166862488
BEXSAA,BEXSEE,0.9972895383834839
BEXSAA,BEXSII,0.9950717687606812
BEXSAA,BUCWAZ,0.7243227362632751
BEXSAA,DEGMAG,0.647289514541626
BEXSAA,DEGMAG01,0.647289514541626
BEXSAA,CIJBAB,0.6281790137290955
BEXSEE,BEXSII,0.9996275901794434
BEXSEE,BUCWAZ,0.7212201356887817
BEXSEE,DEGMAG,0.6499999165534973
BEXSEE,DEGMAG01,0.6499999165534973
BEXSEE,CIJBAB,0.6205552816390991
BEXSII,BUCWAZ,0.7195534110069275
BEXSII,DEGMAG,0.6496275663375854
BEXSII,DEGMAG01,0.6496275663375854
BEXSII,CIJBAB,0.6184215545654297
BEXVAD01,CIFMIP,0.699999988079071
BEXVAD01,CIPLIX,0.699999988079071
BEXVAD01,CIGXIA,0.6996293067932129
BEXVAD01,BODPAN,0.6996276378631592
BEXVAD01,DIHVIB,0.6996276378631592
BEXVAD01,DIHVIB01,0.6996276378631592
BEXVAD01,CELZIE,0.6833555102348328
BEXVAD01,CEPXON,0.6757506728172302
BEXVAD01,CEPXUT,0.6759999394416809
BEXVAD01,DAKVUI,0.675627589225769
BEXVIL,CEHKUW,0.7000000476837158
BEXVIL,CUMLUT,0.7000000476837158
BEXVIL,CIBTIT,0.6970500349998474
BEXVIL,DEPXOM,0.6970500349998474
BEXVIL,DEPXIG,0.6970500349998474
BEXVIL,CIDCAW,0.49705880880355835
BEYKEX,CUFFEP,0.6654370427131653
BEYKEX,CUFDUD,0.6654370427131653
BEYKEX,CUFFUF,0.6654370427131653
BEYKEX,CUFDOX,0.6654370427131653
BEYKEX,CUFFOZ,0.6654370427131653
BEYKEX,CUFFIT,0.6654370427131653
BEYKEX,BOWKUU,0.39642134308815
BEYKEX,BUTQUC,0.40024709701538086
BEYKEX,CAYKEU,0.5750207304954529
BEYKEX,CIXCOD,0.3752988278865814
BEYKEX,CUSBUO,0.40502166748046875
BEYTEG,CISLUN,0.6100000143051147
BEYTEG,DEGJIK,0.6100000143051147
BEYTEG,BUZKUE,0.6100000143051147
BEYTEG,DAWWAC,0.6096276044845581
BEYTEG,CEXJUN02,0.5645161271095276
BEYTEG,CEXJUN,0.5645161271095276
BEYTEG,CEXJUN01,0.5645161271095276
BEYTEG,CEXJUN03,0.5645161271095276
BEYTEG,DEFTAL01,0.5367704629898071
BEYTEG,BIYTEJ,0.4622054994106293
BEYTEG,BIZLUT,0.4836696982383728
BEYTEG,BIZMAA,0.3238227665424347
BEYTEG,BIZMEE,0.2918495833873749
BEYTEG,BIZMII,0.29181480407714844
BEYTEG,CIDKUX,0.4272727370262146
BEZKOI,DILJOA,0.6368592381477356
BEZKOI,DAWWUV,0.5604650974273682
BEZKOI,DAWWIJ,0.5575150847434998
BEZKOI,DAWWOP,0.5527458190917969
BEZKOI,DITPON,0.5341928601264954
BEZKOI,DITPUT,0.531090259552002
BEZKOI,BEZKOI01,0.5170731544494629
BEZKOI,BUVQIT,0.38955000042915344
BEZKOI,CABSIK,0.3739473819732666
BEZKOI,CUBHOY,0.44285714626312256
BEZKOI01,COWKAB,0.7222806811332703
BEZKOI01,DAWWEF,0.5334822535514832
BEZKOI01,COMDOY,0.45606666803359985
BEZKOI01,BUKLOJ,0.45394736528396606
BEZKOI01,CABSIK,0.3739473819732666
BEZKOI01,CUBHOY,0.4139534533023834
BEZSEG,BEZSEG01,0.9999999403953552
BEZSEG,DIJWID,0.9999999403953552
BEZSEG,BUPVEP,0.9650025963783264
BEZSEG,CONSAA,0.6996293067932129
BEZSEG,CAKLOR,0.6977757811546326
BEZSEG,DINNIZ,0.6972895860671997
BEZSEG,BEZSIK,0.2794525623321533
BEZSEG,BILRIA,0.44923296570777893
BEZSEG,CDCYAC,0.509332001209259
BEZSEG,CDLGLU01,0.47289472818374634
BEZSEG,CDLGLU02,0.47289472818374634
BEZSEG,CDLGLU10,0.47289472818374634
BEZSEG,CDLGLU11,0.47289472818374634
BEZSEG,CDLGLU12,0.47289472818374634
BEZSEG,COFORM10,0.26363635063171387
BEZSEG,CUGLTM,0.4785749316215515
BEZSEG,CUGLTM01,0.4785749316215515
BEZSEG,CUGLTM02,0.4785749316215515
BEZSEG,DEHFUR,0.577775776386261
BEZSEG01,DIJWID,0.9999999403953552
BEZSEG01,BUPVEP,0.9650025963783264
BEZSEG01,CONSAA,0.6996293067932129
BEZSEG01,CAKLOR,0.6977757811546326
BEZSEG01,DINNIZ,0.6972895860671997
BEZSEG01,BEZSIK,0.2794525623321533
BEZSEG01,BILRIA,0.44923296570777893
BEZSEG01,CDCYAC,0.509332001209259
BEZSEG01,CDLGLU01,0.47289472818374634
BEZSEG01,CDLGLU02,0.47289472818374634
BEZSEG01,CDLGLU10,0.47289472818374634
BEZSEG01,CDLGLU11,0.47289472818374634
BEZSEG01,CDLGLU12,0.47289472818374634
BEZSEG01,COFORM10,0.26363635063171387
BEZSEG01,CUGLTM,0.4785749316215515
BEZSEG01,CUGLTM01,0.4785749316215515
BEZSEG01,CUGLTM02,0.4785749316215515
BEZSEG01,DEHFUR,0.577775776386261
BEZSIK,DIJWID,0.2794525623321533
BEZSIK,COFORM10,0.26659542322158813
BIBQEL,BUPJUS,0.9279949069023132
BIBQEL,BUPKED,0.9279949069023132
BIBQEL,CUSBUP,0.7183775901794434
BIBQEL,DECJON,0.6058775186538696
BIBQEL,BIJSEV,0.5736760497093201
BIBQEL,DIHVIB,0.5
BIBQEL,DIHVIB01,0.5
BIBQEL,BODPAN,0.5
BIBQEL,BOWZUK,0.47158047556877136
BIBQEL,CAVRUO,0.39962759613990784
BIBQEL,CECWIT,0.4654513895511627
BIBQEL,CEDTOX,0.4654513895511627
BIBQOV,DEDTEN,0.5420554876327515
BIBQOV,DACJUO,0.5288860201835632
BIBQOV,CUFJUK,0.5227757692337036
BIBQOV,CUFKAR,0.5227757692337036
BIBQOV,BOPHIZ,0.5212354063987732
BIBQOV,CEVBIR,0.4197664260864258
BIBXOB,BIBXUH,0.49130433797836304
BIBXOB,COJHIT,0.4910550117492676
BIBXOB,BUKRUW,0.4426562786102295
BIBXOB,BUKTOS,0.4426562786102295
BIBXOB,BUKTIM,0.4426562786102295
BIBXOB,CUSFAZ,0.3347320854663849
BIBXOB,DALXEW,0.25783586502075195
BIBXUH,COJHIT,0.9997506737709045
BIBXUH,BUKRUW,0.4298357367515564
BIBXUH,BUPDUM,0.2551218867301941
BIBXUH,BUPFAU,0.2551218867301941
BIBXUH,BUPFEY,0.2551218867301941
BICDAU,BISPAU,0.48181819915771484
BICDAU,DANWAS,0.38536587357521057
BICDAU,COTYIV,0.3819463551044464
BICDAU,BOWNUY,0.3819463551044464
BICPIP,CAVFEN,0.10000001639127731
BICPIP,CAVFEN01,0.10000001639127731
BICPIP,CAGSAG,0.10000001639127731
BICPIP,CAJHON,0.10000001639127731
BICPIP,CAKLOR,0.10000001639127731
BICPIP,CARFUZ,0.10000001639127731
BICPIP,CATDEH,0.10000001639127731
BICPIP,CATDIL,0.10000001639127731
BICPIP,CAVQOH,0.10000001639127731
BICPUA,CAVWII,0.9996391534805298
BICPUA,CIFLAH,0.5583493709564209
BICPUA,CIFSAO,0.995492160320282
BICPUA,CIFSES,0.995492160320282
BICPUA,CIFSIW,0.995492160320282
BIDFEB,CASTEW,0.634161651134491
BIDFEB,CAQCAZ,0.634161651134491
BIDFEB,CEMJOV,0.634161651134491
BIDFEB,DEJJEK,0.6258130669593811
BIDFEB,BIFDUQ,0.2733047902584076
BIDFEB,DESVIJ,0.4598192274570465
BIDFEB,DESVOP,0.4599999785423279
BIDHIG,CEJXIA,0.9987543821334839
BIDHIG,CORZOA,0.9919713735580444
BIDHIG,CORZIU,0.9919713735580444
BIDHIG,CUKBEQ,0.9854779243469238
BIDHIG,CIQHIW,0.9778481721878052
BIDHIG,CIQHES,0.9778481721878052
BIDHIG,BUDDIO,0.9777316451072693
BIDHIG,CIQHOC,0.9643369913101196
BIDHIG,DICJUW,0.6747369766235352
BIDHIG,BIFKAE,0.6727666854858398
BIDHIG,BIFJUX,0.6727666854858398
BIDPAH,CUWXID,0.542643666267395
BIDPAH,CUWZIF,0.542643666267395
BIDPOV,CEXJUN03,0.10000000149011612
BIDPOV,CEXJUN02,0.10000000149011612
BIDPOV,DALCEZ,0.10000000149011612
BIDPOV,CIDNIM,0.10000000149011612
BIDPOV,DALSOA,0.10000000149011612
BIDPOV,DAMYIC,0.10000000149011612
BIDPOV,DAMYIC01,0.10000000149011612
BIDPOV,CIDKUX,0.10000000149011612
BIDPOV,CEZYOY,0.10000000149011612
BIDREO,CUWNIT,0.2629435956478119
BIDREO,CAVMUJ02,0.25666821002960205
BIDREO,CAVMUJ01,0.25666821002960205
BIFDUQ,CIJBEC,0.27549996972084045
BIFDUQ,DAPYUP,0.269321471452713
BIFDUQ,CEFHAZ,0.26020097732543945
BIFJUX,BIFKAE,1.0
BIFJUX,DICJUW,0.9978838562965393
BIFJUX,CEHQOX,0.9859470725059509
BIFJUX,CEJXIA,0.6754291653633118
BIFJUX,CORZOA,0.670949399471283
BIFJUX,CORZIU,0.670949399471283
BIFJUX,CUKBEQ,0.6662458181381226
BIFJUX,BIHVEW,0.5921337008476257
BIFKAE,DICJUW,0.9978838562965393
BIFKAE,CEHQOX,0.9859470725059509
BIFKAE,CEJXIA,0.6754291653633118
BIFKAE,CORZOA,0.670949399471283
BIFKAE,CORZIU,0.670949399471283
BIFKAE,CUKBEQ,0.6662458181381226
BIFKAE,BIHVIA,0.6022248864173889
BIFKAE,BIHVUM,0.6022248864173889
BIFNOW,DAHPAE,0.9962677955627441
BIFNOW,DIVMUR,0.9960730671882629
BIFNOW,CAVYUW,0.9960351586341858
BIFNOW,COMFIU,0.9959901571273804
BIFNOW,DAHNOQ,0.9957600831985474
BIFNOW,DAHNUW,0.9957600831985474
BIFNOW,BOMCUB,0.9955965876579285
BIFNOW,DECDUN,0.9955965876579285
BIFNOW,COMFEQ,0.9945825338363647
BIFNOW,CAHMAZ,0.989421546459198
BIFORM,BIYLAW01,0.9986763000488281
BIFORM,CAHMON02,0.9954773783683777
BIFORM,CAHMON01,0.9954773783683777
BIFORM,CAHMON,0.9954773783683777
BIFORM,CAHMON03,0.9954773783683777
BIFORM,DADTOS17,0.9873164296150208
BIFORM,DADTOS16,0.9873164296150208
BIFORM,DADTOS18,0.9873164296150208
BIFSOB,DIXGIC,0.8652245402336121
BIFSOB,DADLEC,0.845791220664978
BIFSOB,DADLOM,0.845791220664978
BIFSOB,CENQAP,0.8392847180366516
BIFSOB,CAWVIH,0.8392847180366516
BIFSOB,CENPUI,0.8263213634490967
BIFSUF,DEHHEG,1.0
BIFSUF,DELTAQ01,1.0
BIFSUF,DELTAQ,1.0
BIFSUF,DELTAQ03,1.0
BIFSUF,DELTAQ02,1.0
BIFSUF,DEHHIK,0.9977757334709167
BIFSUF,DEHHOQ,0.9974996447563171
BIFSUF,CUPHUS,0.9965804815292358
BIFSUF,BOSHUN,0.9965023994445801
BIFSUF,CAWDOU,0.5702647566795349
BIFSUF,CAWDOU02,0.5702647566795349
BIFSUF,COMFAM01,0.6587353944778442
BIFSUF,COTXEQ,0.4629020690917969
BIFSUF,COTXIU,0.4629020690917969
BIFSUF,COTXOA,0.4629020690917969
BIFSUF,CUPMAC,0.4764469861984253
BIFSUF,CURYOE01,0.6587353944778442
BIFSUF,CUSQOX,0.4962354302406311
BIFSUF,DARSEV,0.3774854242801666
BIGJEJ,CUXPIV,0.9786702990531921
BIGJEJ,CUXQES,0.9781790375709534
BIGJEJ,CUXPUH,0.9780963063240051
BIGJEJ,DAMYUO,0.9780963063240051
BIGJEJ,CUXPAN,0.9778347015380859
BIGJEJ,CUXPER,0.9776891469955444
BIGJEJ,CUXQAO,0.9776891469955444
BIGJEJ,CUXPOB,0.9775111675262451
BIGJEJ,CUXQIW,0.9775111675262451
BIGJEJ,CUBBEI,0.3282688856124878
BIHROC,CEXJUN03,0.10000000149011612
BIHROC,CEXJUN02,0.10000000149011612
BIHROC,DALCEZ,0.10000000149011612
BIHROC,CIDNIM,0.10000000149011612
BIHROC,DALSOA,0.10000000149011612
BIHROC,DAMYIC,0.10000000149011612
BIHROC,DAMYIC01,0.10000000149011612
BIHROC,CIDKUX,0.10000000149011612
BIHROC,CEZYOY,0.10000000149011612
BIHRUI,CEXJUN03,0.10000000149011612
BIHRUI,CEXJUN02,0.10000000149011612
BIHRUI,DALCEZ,0.10000000149011612
BIHRUI,CIDNIM,0.10000000149011612
BIHRUI,DALSOA,0.10000000149011612
BIHRUI,DAMYIC,0.10000000149011612
BIHRUI,DAMYIC01,0.10000000149011612
BIHRUI,CIDKUX,0.10000000149011612
BIHRUI,CEZYOY,0.10000000149011612
BIHVEW,BIHVIA,0.9958264827728271
BIHVEW,BIHVUM,0.9958264827728271
BIHVEW,BUSTAM,0.9912782907485962
BIHVEW,BUSSIT,0.9864584803581238
BIHVEW,BUSSEP,0.9864584803581238
BIHVEW,DAXKIY,0.964512288570404
BIHVEW,DAXKOE,0.964512288570404
BIHVEW,BUTXIY,0.7632619142532349
BIHVEW,DICJUW,0.5941957235336304
BIHVEW,CIGNAI,0.5687195062637329
BIHVEW,CIGNEM,0.5687195062637329
BIHVIA,BIHVUM,1.0
BIHVIA,BUSTAM,0.9964245557785034
BIHVIA,BUSSEP,0.9934701919555664
BIHVIA,BUSSIT,0.9934701919555664
BIHVIA,DAXKIY,0.9785740375518799
BIHVIA,DAXKOE,0.9785740375518799
BIHVIA,BUTXIY,0.7807157039642334
BIHVIA,DICJUW,0.6031360030174255
BIHVIA,CIGNAI,0.5602866411209106
BIHVIA,CIGNEM,0.5602866411209106
BIHVUM,BUSTAM,0.9964245557785034
BIHVUM,BUSSEP,0.9934701919555664
BIHVUM,BUSSIT,0.9934701919555664
BIHVUM,DAXKIY,0.9785740375518799
BIHVUM,DAXKOE,0.9785740375518799
BIHVUM,BUTXIY,0.7807157039642334
BIHVUM,DICJUW,0.6031360030174255
BIHVUM,CIGNAI,0.5602866411209106
BIHVUM,CIGNEM,0.5602866411209106
BIJGOT,CAFORM13,0.19729092717170715
BIJGOT,CAFORM,0.19729092717170715
BIJGOT,CALOXM16,0.19729092717170715
BIJGOT,CALOXM15,0.19729092717170715
BIJGOT,CALOXM14,0.19729092717170715
BIJGOT,CALOXM13,0.19729092717170715
BIJJOV,COWQUC,0.9939473867416382
BIJJOV,COWRAJ,0.9939473867416382
BIJJOV,COWREN,0.9939473867416382
BIJJOV,COWRIR,0.9939473867416382
BIJJOV,COWROX,0.9939473867416382
BIJJOV,CAGXIU,0.9623563885688782
BIJJOV,COMDOY,0.6644876599311829
BIJSEV,CUSBUP,0.7170243263244629
BIJSEV,BIJZIG,0.6362354159355164
BIJSEV,BUPKED,0.5813953876495361
BIJSEV,BUPJUS,0.5813953876495361
BIJSEV,BOWZUK,0.456235408782959
BIJSEV,DIDBOJ,0.4497613310813904
BIJSEV,DIDBEZ,0.4497613310813904
BIJSEV,DIDBID,0.4497613310813904
BIJTAS,DARFAF,1.0
BIJTAS,DARFEJ,0.9999803900718689
BIJTAS,DARFIN,0.9999352693557739
BIJTAS,DARDOR,0.999916136264801
BIJTAS,DARDAD,0.999646008014679
BIJTAS,DARCUW,0.9996391534805298
BIJTAS,DARDIL,0.9996340870857239
BIJTAS,DARDUX,0.9995911717414856
BIJTAS,DARFOT,0.9995852708816528
BIJTAS,CUKJUO,0.7257210612297058
BIJTAS,DARCOQ,0.9965118765830994
BIJTAS,DARDEH,0.9995414018630981
BIJZIG,DITJOH,0.5088887214660645
BIJZIG,DITJIB,0.5047749280929565
BIJZIG,COZMUA,0.48349007964134216
BIJZIG,CIFMAH,0.47277575731277466
BIJZIG,DIBQEM,0.47277575731277466
BIJZIG,DIBQOW,0.47277575731277466
BIJZIG,DIBQIQ,0.47277575731277466
BIKMAL,BIKMAL01,0.9999999403953552
BIKMAL,BIKMEP,0.9997506737709045
BIKMAL,BIKMEP01,0.9997506737709045
BIKMAL,DOBGAD01,0.7907215356826782
BIKMAL,DOBGAD,0.7907215356826782
BIKMAL,DIRTEG,0.6309047937393188
BIKMAL01,BIKMEP,0.9997506737709045
BIKMAL01,BIKMEP01,0.9997506737709045
BIKMAL01,DOBGAD01,0.7907215356826782
BIKMAL01,DOBGAD,0.7907215356826782
BIKMAL01,DIRTEG,0.6309047937393188
BIKMEP,BIKMEP01,1.0
BIKMEP,DOBGAD,0.7889707684516907
BIKMEP,DOBGAD01,0.7889707684516907
BIKMEP,CANYIB,0.6513636112213135
BIKMEP,DIRTEG,0.6299547553062439
BIKMEP01,DOBGAD,0.7889707684516907
BIKMEP01,DOBGAD01,0.7889707684516907
BIKMEP01,CANYIB,0.6513636112213135
BIKMEQ,BIKMUG,1.0
BIKMEQ,BIKNAN,1.0
BIKMEQ,BIKNER,1.0
BIKMEQ,BIKNIV,1.0
BIKMEQ,BIKMOA,1.0
BIKMEQ,BIKMEQ01,1.0
BIKMEQ,DAWPEZ,0.9838886857032776
BIKMEQ,DAKZUN,0.7894274592399597
BIKMEQ01,BIKMUG,1.0
BIKMEQ01,BIKNAN,1.0
BIKMEQ01,BIKNER,1.0
BIKMEQ01,BIKNIV,1.0
BIKMEQ01,BIKMOA,1.0
BIKMEQ01,DAWPEZ,0.9838886857032776
BIKMEQ01,DAKZUN,0.7894274592399597
BIKMIT,DINTID,0.47894734144210815
BIKMIT,DINQUM,0.47894734144210815
BIKMIT,CEGFAW,0.4119468033313751
BIKMIT,VELVOY,0.41158050298690796
BIKMIT,DIPGAK,0.4000000059604645
BIKMIT,CEFHAZ,0.38695502281188965
BIKMIT,CEGDUO,0.30149224400520325
BIKMIT,CUSFAZ,0.3368421196937561
BIKMIT,CUZLAM,0.32194679975509644
BIKMOA,BIKMUG,1.0
BIKMOA,BIKNAN,1.0
BIKMOA,BIKNER,1.0
BIKMOA,BIKNIV,1.0
BIKMOA,DAWPEZ,0.9838886857032776
BIKMOA,DAKZUN,0.7894274592399597
BIKMUG,BIKNAN,1.0
BIKMUG,BIKNER,1.0
BIKMUG,BIKNIV,1.0
BIKMUG,DAWPEZ,0.9838886857032776
BIKMUG,DAKZUN,0.7894274592399597
BIKNAN,BIKNER,1.0
BIKNAN,BIKNIV,1.0
BIKNAN,DAWPEZ,0.9838886857032776
BIKNAN,DAKZUN,0.7894274592399597
BIKNER,BIKNIV,1.0
BIKNER,DAWPEZ,0.9838886857032776
BIKNER,DAKZUN,0.7894274592399597
BIKNIV,DAWPEZ,0.9838886857032776
BIKNIV,DAKZUN,0.7894274592399597
BIKNOB,BIKNUH,1.0
BIKNOB,CEMBII,0.7136363983154297
BIKNOB,CEJXEW,0.7076093554496765
BIKNOB,DERBIO,0.7013393640518188
BIKNOB,CUXFIL,0.693211019039154
BIKNUH,CEMBII,0.7136363983154297
BIKNUH,CEJXEW,0.7076093554496765
BIKNUH,DERBIO,0.7013393640518188
BIKNUH,CUXFIL,0.693211019039154
BILRIA,BUPVEP,0.4637078642845154
BILRIA,DIJWID,0.44923296570777893
BILRIA,CETFOX,0.44161155819892883
BILRIA,BOSJUQ,0.27810654044151306
BILRIA,CASPUJ,0.3170185685157776
BILRIA,CIPMOF,0.3885684907436371
BILRIA,CIPMUL,0.3891049325466156
BILRIA,DIGTEU,0.3835480213165283
BILRIA,DIGTIY,0.38031795620918274
BILRIA,DIGTOE,0.37518924474716187
BILRIA,DIXKUR,0.3315408527851105
BILRIA,DIXKUR01,0.3315408527851105
BIMDEF,BIMDIL,1.0
BIMDEF,DAPGUW01,0.35709235072135925
BIMDEF,COXHIH,0.35709235072135925
BIMDEF,CECKON,0.35677045583724976
BIMDEF,COXHED,0.35677045583724976
BIMDEF,CAYSOL,0.355692595243454
BIMDEF,DALSAN,0.355692595243454
BIMDEF,DALSER,0.355692595243454
BIMDEF,CAVMIW,0.355692595243454
BIMDEF,COXHON,0.355692595243454
BIMDEF,CEHZAR,0.2047806829214096
BIMDEF,CEHZAR01,0.2047806829214096
BIMDIL,DAPGUW01,0.35709235072135925
BIMDIL,COXHIH,0.35709235072135925
BIMDIL,CECKON,0.35677045583724976
BIMDIL,COXHED,0.35677045583724976
BIMDIL,CAYSOL,0.355692595243454
BIMDIL,DALSAN,0.355692595243454
BIMDIL,DALSER,0.355692595243454
BIMDIL,CAVMIW,0.355692595243454
BIMDIL,COXHON,0.355692595243454
BIMDIL,CEHZAR,0.2047806829214096
BIMDIL,CEHZAR01,0.2047806829214096
BINBIM,CUSBUP,0.5010902285575867
BINBIM,CEJFUU,0.4662807881832123
BINBIM,CEJGAB,0.464752197265625
BINBIM,CURSEO,0.464752197265625
BINBIM,CEJFOO,0.4631781578063965
BINBIM,BIVXAG,0.4631781578063965
BINROH,BINRUN,0.9965804815292358
BINROH,BINSAU,0.9950717687606812
BINROH,CIQQIE,0.9684215784072876
BINROH,CAXSUR,0.7630482316017151
BINROH,CAGSAG,0.7617979049682617
BINROH,CIFDUS,0.760289192199707
BINROH,CIFDOM,0.760289192199707
BINROH,DADXUE,0.7574980854988098
BINROH,DICPUD,0.7305616736412048
BINRUN,BINSAU,0.9974996447563171
BINRUN,CIQQIE,0.9674572348594666
BINRUN,CAGSAG,0.7652174234390259
BINRUN,CIFDUS,0.762717068195343
BINRUN,CIFDOM,0.762717068195343
BINRUN,DADXUE,0.7614527940750122
BINRUN,CAXSUR,0.7579512000083923
BINRUN,DICPUD,0.724463701248169
BINSAU,CIQQIE,0.9781790375709534
BINSAU,CIFDUS,0.7652174234390259
BINSAU,CIFDOM,0.7652174234390259
BINSAU,CAGSAG,0.762717068195343
BINSAU,DADXUE,0.7622674107551575
BINSAU,CAXSUR,0.7540035247802734
BINSAU,DICPUD,0.7386666536331177
BINSAU,CUXFIL,0.6759999990463257
BINSAV,BINSOJ,1.0
BINSAV,BORNEC,0.4053887724876404
BINSAV,BORNIG,0.40054577589035034
BINSAV,BOJLOC01,0.39844924211502075
BINSAV,BOJLOC,0.39844924211502075
BINSAV,CUMJAX,0.392710417509079
BINSOJ,BORNEC,0.4053887724876404
BINSOJ,BORNIG,0.40054577589035034
BINSOJ,BOJLOC01,0.39844924211502075
BINSOJ,BOJLOC,0.39844924211502075
BINSOJ,CUMJAX,0.392710417509079
BIPKIW,DERBIO,0.713263988494873
BIPKIW,CEMBII,0.6988186836242676
BIPKIW,CEJXEW,0.6819214820861816
BIPSUQ,COKRUR,0.8051635026931763
BIPSUQ,DAJVES,0.7996275424957275
BIPSUQ,DAJWET,0.794660747051239
BIPSUQ,COKROL,0.7801634669303894
BIPSUQ,CIRTUU,0.5714285969734192
BIPSUQ,CECHAW,0.5615384578704834
BIPXIK,CEYPUT,0.9999999403953552
BIPXIK,BOWDOI,0.9999999403953552
BIPXIK,BOWDIC,0.9999999403953552
BIPXIK,CIJBEE,0.9999999403953552
BIPXIK,CEYPUT01,0.9999999403953552
BIPXIK,BOWDUO,0.9999999403953552
BIPXIK,BUVNIR,0.9977757334709167
BIPXIK,CEBGAS,0.4535714089870453
BIPXIK,CESYEF,0.9971376657485962
BIPXIK,CESYEF01,0.9971376657485962
BIPXIK,DARYIF,0.9977757334709167
BIPXIK,DEPXAY,0.5297757387161255
BIPXIK,DIDBAV,0.7545454502105713
BIPXIK,DIDBEZ,0.7545454502105713
BIPXIK,DIDBID,0.7545454502105713
BIPXIK,DIDBOJ,0.7545454502105713
BIQNUN,BIQPAV,0.9999855160713196
BIQNUN,BIQPOJ,0.9997872710227966
BIQNUN,BIQPID,0.9997713565826416
BIQNUN,BIQPEZ,0.9996700286865234
BIQNUN,DIXCET,0.5887514352798462
BIQNUN,DETRAX,0.5836606025695801
BIQNUN,CUVHEH,0.41011232137680054
BIQNUN,CUVHIL,0.41011232137680054
BIQNUN,CUVHIL01,0.41011232137680054
BIQNUN,CUVHIL02,0.41011232137680054
BIQPAV,BIQPID,0.9998589158058167
BIQPAV,BIQPOJ,0.9998542070388794
BIQPAV,BIQPEZ,0.9996850490570068
BIQPAV,DIXCET,0.5877718925476074
BIQPAV,DETRAX,0.5836086273193359
BIQPEZ,BIQPOJ,0.9996788501739502
BIQPEZ,BIQPID,0.9993627667427063
BIQPEZ,DIXCET,0.5876676440238953
BIQPEZ,DETRAX,0.5846089720726013
BIQPEZ,CUVHEH,0.4107806384563446
BIQPEZ,CUVHIL,0.4107806384563446
BIQPEZ,CUVHIL01,0.4107806384563446
BIQPEZ,CUVHIL02,0.4107806384563446
BIQPID,BIQPOJ,0.9998902082443237
BIQPID,DIXCET,0.5845946669578552
BIQPID,DETRAX,0.5831411480903625
BIQPID,BUBVUR,0.49152135848999023
BIQPOJ,DIXCET,0.5847558975219727
BIQPOJ,DETRAX,0.583566427230835
BIQPOJ,BUBVUR,0.492035448551178
BIQVII,CAVWOO,0.4604361951351166
BIQVII,CUFFOZ,0.46038055419921875
BIQVII,CUFFIT,0.46038055419921875
BIQVII,CUFDUD,0.46038055419921875
BIQVII,CUFDOX,0.46038055419921875
BIQVII,CUFFEP,0.46038055419921875
BIQVII,CUFFUF,0.46038055419921875
BIRBIQ,BIRBOW,0.9998192191123962
BIRBIQ,BIRBUC,0.9996340870857239
BIRBIQ,BIRCAJ,0.9994805455207825
BIRBIQ,CAJVUG,0.6380982398986816
BIRBIQ,DIVSUY,0.6275861859321594
BIRBIQ,BOWKUU,0.4071443974971771
BIRBOW,BIRBUC,0.9995911717414856
BIRBOW,BIRCAJ,0.9992827773094177
BIRBOW,CAJVUG,0.6396161913871765
BIRBOW,DIVSUY,0.6274054646492004
BIRBOW,BOWKUU,0.4073474109172821
BIRBUC,BIRCAJ,0.999916136264801
BIRBUC,CAJVUG,0.6396250128746033
BIRBUC,BOWKUU,0.4082106053829193
BIRCAJ,CAJVUG,0.6389298439025879
BIRCAJ,BOWKUU,0.40812239050865173
BIRGAM,CEKYIC,1.0
BIRGAM,DEHBIC,0.9821406006813049
BIRGAM,CUGQUR,0.9623563885688782
BIRGAM,COZGED,0.9611314535140991
BIRGAM,COZGED01,0.9611314535140991
BIRGAM,CUGSUT,0.9534308314323425
BIRGAM,CIMZII,0.44623541831970215
BIRGAM,CODFEH,0.447050005197525
BIRGAM,DANWUL,0.39552146196365356
BIRGAM,DISROP,0.4510537087917328
BIRMUM,CUFKAR,0.6779347062110901
BIRMUM,CUFJUK,0.6779347062110901
BIRMUM,BOPHIZ,0.6776951551437378
BIRMUM,BOPHEV,0.6776951551437378
BIRMUM,DAFHOJ,0.6000000238418579
BIRMUM,CIFJAE,0.6000000238418579
BIRMUM,DAFHEZ,0.5972895622253418
BIRMUM,COXFOL,0.5972895622253418
BIRMUM,DECXUH,0.4951740503311157
BISPAU,DIMBOS,0.3965805172920227
BISPAU,CEFHAZ,0.3905678987503052
BISPAU,CEXJUN02,0.3869030773639679
BISPAU,CEXJUN03,0.3869030773639679
BISPAU,CEXJUN01,0.3869030773639679
BISPAU,CEXJUN,0.3869030773639679
BISPAU,CUYDEG,0.35162195563316345
BISPAU,DAHJUR,0.28726041316986084
BITCUE,DEHRIR,1.0
BITCUE,DACHAR,1.0
BITCUE,DIBXAO,0.9971376657485962
BITCUE,BOLHEQ,0.9826821088790894
BITCUE,CDCACD,0.9968591928482056
BITCUE,CDCACD01,0.9968591928482056
BITCUE,CNSMAG,0.10000001639127731
BITCUE,CNSMAG01,0.10000001639127731
BITLUL,DECVIT,1.0
BITLUL,COZSIU,0.9741673469543457
BITLUL,DEKCEE,0.3029446005821228
BITLUL,DEKCII,0.3014882504940033
BIVVOR,CAZLOF,0.9812976121902466
BIVVOR,CAZLEV,0.8428360819816589
BIVVOR,CAZLIZ,0.8428360819816589
BIVVOR,BIVXOT,0.5189266204833984
BIVVOR,CABHOC,0.4008098840713501
BIVVOR,CAVSOJ,0.42503806948661804
BIVVOR,CAVSUP,0.3227653205394745
BIVVOR,CAVTAW,0.42503806948661804
BIVVOR,CEBDOD,0.44463902711868286
BIVXAG,CEJFOO,0.9999999403953552
BIVXAG,CEJGAB,0.9996292591094971
BIVXAG,CURSEO,0.9996292591094971
BIVXAG,BUQWER,0.9996275901794434
BIVXAG,DEGSIS,0.9996275901794434
BIVXAG,DEGSIS01,0.9996275901794434
BIVXAG,CEJFUU,0.9972895383834839
BIVXAG,DOBGAD,0.663947343826294
BIVXAG,BIVXEK,0.5218749642372131
BIVXAG,BONKUK,0.32499998807907104
BIVXAG,BONLIZ,0.32499998807907104
BIVXAG,CIGYEY,0.43712756037712097
BIVXAG,CIYZUG,0.4814457595348358
BIVXAG,DIKJUD,0.6096276044845581
BIVXEK,CIBTIR,0.6188232898712158
BIVXEK,CUTKUY,0.5609661340713501
BIVXEK,BOQWEK,0.47277575731277466
BIVXOT,DEKPEP,0.5662470459938049
BIVXOT,DEKPAL,0.5662470459938049
BIVXOT,DALRAK,0.564463198184967
BIVXOT,CAZLIZ,0.49984779953956604
BIVXOT,CAZLOF,0.49984779953956604
BIVXOT,CAZLEV,0.49984779953956604
BIVXOT,CEBDOD,0.4901745617389679
BIVXOT,CABHOC,0.375488817691803
BIVXOT,CAVQOH,0.45750749111175537
BIVXOT,CELZEA,0.4215368628501892
BIVXOT,DEHYEV,0.4343457520008087
BIWSEG,DAWVUV,0.45962756872177124
BIWSEG,COTYIV,0.4068181812763214
BIWSEG,BOWNUY,0.4068181812763214
BIWSEG,DANWAS,0.40339869260787964
BIWSEG,BIXVIQ01,0.28837209939956665
BIWSEG,CAPQIU,0.18571428954601288
BIXCOC,COQTEJ,0.7508606910705566
BIXCOC,CUNWEO,0.5549229383468628
BIXCOC,COXFOL,0.5354838371276855
BIXCOC,DAFHEZ,0.5354838371276855
BIXCOC,DAFHID,0.5352345705032349
BIXCOC,CIFJAE,0.5327734351158142
BIXCOC,DAFHOJ,0.5327734351158142
BIXCOC,CELZUQ,0.5318828821182251
BIXCOC,CIGTUK,0.4648648500442505
BIXCOC,CIGVAS,0.462640643119812
BIXCOC,CIGVEW,0.462640643119812
BIXVEM,BIXVOW,1.0
BIXVEM,BIXVIQ,1.0
BIXVEM,BOWNUY,0.33571428060531616
BIXVIQ,BIXVOW,1.0
BIXVIQ,BOWNUY,0.33571428060531616
BIXVIQ01,BUPFAU,0.2451612949371338
BIXVIQ01,BUPFEY,0.2451612949371338
BIXVIQ01,BUPDUM,0.2451612949371338
BIXVIQ01,BUKSAD,0.2289334535598755
BIXVIQ01,DEFXEU,0.22819902002811432
BIXVIQ01,CEXJUN01,0.22499999403953552
BIXVIQ01,CAPQIU,0.19310344755649567
BIXVOW,BOWNUY,0.33571428060531616
BIYHEX,BIYHOH,0.9823139905929565
BIYHEX,CUCITD03,0.9671784043312073
BIYHEX,CUCITD01,0.9671784043312073
BIYHEX,CUCITD,0.9671784043312073
BIYHEX,CUCITD02,0.9671784043312073
BIYHEX,DINNEV,0.9650025963783264
BIYHEX,CEYYIQ,0.5498661994934082
BIYHEX,BUPVEP,0.47058823704719543
BIYHEX,CEGWER,0.42501014471054077
BIYHOH,DINNEV,0.9688994288444519
BIYHOH,CUCITD03,0.9661542773246765
BIYHOH,CUCITD,0.9661542773246765
BIYHOH,CUCITD01,0.9661542773246765
BIYHOH,CUCITD02,0.9661542773246765
BIYHOH,CEYYIQ,0.561833918094635
BIYHOH,BUPVEP,0.452902227640152
BIYHOH,CEGWER,0.44484972953796387
BIYLAW01,CAHMON03,0.9921848177909851
BIYLAW01,CAHMON,0.9921848177909851
BIYLAW01,CAHMON01,0.9921848177909851
BIYLAW01,CAHMON02,0.9921848177909851
BIYLAW01,DADTOS,0.9819706082344055
BIYLAW01,DADTOS02,0.9819706082344055
BIYSUZ,BIYVIQ,0.9985291957855225
BIYSUZ,BIYVEM,0.9983987212181091
BIYSUZ,BIYTAG,0.9826657772064209
BIYSUZ,BIYTOU,0.9781790375709534
BIYSUZ,BUKMUQ01,0.9674572348594666
BIYSUZ,BUKMUQ,0.9674572348594666
BIYTAG,BIYVIQ,0.9847605228424072
BIYTAG,BIYVEM,0.9782870411872864
BIYTAG,DITHUM,0.9654589891433716
BIYTAG,DITJEY01,0.9654589891433716
BIYTAG,DITHEW01,0.9654589891433716
BIYTAG,DITHOG,0.9654589891433716
BIYTAG,DITHAS,0.9654589891433716
BIYTAG,DITJOI,0.9654589891433716
BIYTEJ,DAWWAC,0.5477757453918457
BIYTEJ,DEGJIK,0.5465804934501648
BIYTEJ,BUZKUE,0.5465804934501648
BIYTEJ,CISLUN,0.5465804934501648
BIYTEJ,CEXJUN01,0.5000287890434265
BIYTEJ,CEXJUN02,0.5000287890434265
BIYTEJ,CEXJUN03,0.5000287890434265
BIYTEJ,CEXJUN,0.5000287890434265
BIYTEJ,CIDKUX,0.48229479789733887
BIYTEK,BUKMUQ,0.7238627076148987
BIYTEK,BUKMUQ01,0.7238627076148987
BIYTEK,BIYTOU,0.7233765125274658
BIYTEK,DITJEY,0.7224859595298767
BIYTEK,DITHUM,0.7224859595298767
BIYTEK,DITHOG,0.7224859595298767
BIYTEK,DITHEW01,0.7224859595298767
BIYTEK,DITHEW,0.7224859595298767
BIYTOU,BUKMUQ01,0.9974996447563171
BIYTOU,BUKMUQ,0.9974996447563171
BIYTOU,DITHEW01,0.9887861013412476
BIYTOU,DITHAS,0.9887861013412476
BIYTOU,DITJEY01,0.9887861013412476
BIYTOU,DITHOG,0.9887861013412476
BIYTOU,BIYVEM,0.9778347015380859
BIYTOU,BIYVIQ,0.9775111675262451
BIYTOU,BUKRUW,0.4782688617706299
BIYTOU,BUKTAE,0.4782688617706299
BIYTOU,BUKTEI,0.4782688617706299
BIYTOU,BUKTIM,0.4782688617706299
BIYTOU,BUKTOS,0.4782688617706299
BIYTOU,DEXKEZ,0.6333333253860474
BIYTOU,DEYVUA,0.6117854118347168
BIYVEM,BIYVIQ,0.9990724921226501
BIYVEM,BUKMUQ01,0.9649213552474976
BIYVEM,BUKMUQ,0.9649213552474976
BIYVEM,COTVOY,0.09999998658895493
BIYVIQ,BUKMUQ01,0.9657220840454102
BIYVIQ,BUKMUQ,0.9657220840454102
BIZLUT,CEZZEN,0.49751120805740356
BIZLUT,CEZZIR,0.49751120805740356
BIZLUT,BIZMAA,0.45959118008613586
BIZLUT,BIZMEE,0.4209657311439514
BIZLUT,BIZMII,0.4208577573299408
BIZMAA,BIZMEE,0.414980411529541
BIZMAA,BIZMII,0.41493532061576843
BIZMAA,CEZZIR,0.3565838038921356
BIZMAA,CEZZEN,0.3565838038921356
BIZMEE,BIZMII,0.9999855160713196
BIZMEE,CEZZIR,0.38977372646331787
BIZMEE,CEZZEN,0.38977372646331787
BIZMII,CEZZIR,0.39024585485458374
BIZMII,CEZZEN,0.39024585485458374
BOBTIW,BOGXIF,1.0
BOBTIW,BOBTUI,1.0
BOBTIW,BOGXOL,1.0
BOBTIW,BOGXIF02,1.0
BOBTIW,BOBTOC,1.0
BOBTIW,DEKGOS,0.625
BOBTIW,COXDAW,0.3812499940395355
BOBTOC,BOGXIF,1.0
BOBTOC,BOBTUI,1.0
BOBTOC,BOGXOL,1.0
BOBTOC,BOGXIF02,1.0
BOBTOC,DEKGOS,0.625
BOBTOC,COXDAW,0.3812499940395355
BOBTUI,BOGXIF,1.0
BOBTUI,BOGXOL,1.0
BOBTUI,BOGXIF02,1.0
BOBTUI,DEKGOS,0.625
BOBTUI,COXDAW,0.3812499940395355
BODPAN,DIHVIB01,1.0
BODPAN,DIHVIB,1.0
BODPAN,CIFMIP,0.9996275901794434
BODPAN,CIPLIX,0.9996275901794434
BODPAN,CIGXIA,0.9985496997833252
BODPAN,CELZIE,0.6378308534622192
BODPAN,CELZOK,0.7331249713897705
BODPAN,CIRTAB,0.5496275424957275
BODPAN,CITXUZ,0.7352941632270813
BODPAN,DALSOA,0.7749999761581421
BOFJIQ,DIJCOP01,0.9974996447563171
BOFJIQ,DIJCOP,0.9974996447563171
BOFJIQ,CECVOW,0.9643369913101196
BOFJIQ,CECVIQ,0.9637575149536133
BOFJIQ,CUCKIV,0.6977757811546326
BOFJIQ,DITSIK,0.6689626574516296
BOFJIQ,COYTEQ,0.6674572825431824
BOFJIQ,COYVES01,0.6666504740715027
BOFJIQ,COYVES,0.6666504740715027
BOFJIQ,CITZIP,0.5823911428451538
BOFJIQ,CIWYUD,0.5823911428451538
BOFJIQ,DIXKOL,0.5823911428451538
BOGXIF,BOGXOL,1.0
BOGXIF,BOGXIF02,1.0
BOGXIF,DEKGOS,0.625
BOGXIF,COXDAW,0.3812499940395355
BOGXIF02,BOGXOL,1.0
BOGXIF02,DEKGOS,0.625
BOGXIF02,COXDAW,0.3812499940395355
BOGXOL,DEKGOS,0.625
BOGXOL,COXDAW,0.3812499940395355
BOHJOZ,BOHKAM,1.0
BOHJOZ,BOHJUF,1.0
BOHJOZ,BOHXIH,1.0
BOHJOZ,DAQRET01,0.994364321231842
BOHJOZ,DAQRET,0.994364321231842
BOHJOZ,DEHBEY,0.9940944314002991
BOHJOZ,DIDBIE,0.5090909004211426
BOHJOZ,CIQYUX,0.4967939257621765
BOHJOZ,BUVQIT,0.3932110071182251
BOHJUF,BOHKAM,1.0
BOHJUF,BOHXIH,1.0
BOHJUF,DAQRET01,0.994364321231842
BOHJUF,DAQRET,0.994364321231842
BOHJUF,DEHBEY,0.9940944314002991
BOHJUF,DIDBIE,0.5090909004211426
BOHJUF,CIQYUX,0.4967939257621765
BOHJUF,BUVQIT,0.3932110071182251
BOHKAM,BOHXIH,1.0
BOHKAM,DAQRET01,0.994364321231842
BOHKAM,DAQRET,0.994364321231842
BOHKAM,DEHBEY,0.9940944314002991
BOHKAM,DIDBIE,0.5090909004211426
BOHKAM,CIQYUX,0.4967939257621765
BOHKAM,BUVQIT,0.3932110071182251
BOHWOM,COZMUA,0.9877029657363892
BOHWOM,DITJOH,0.8650000095367432
BOHWOM,DITJIB,0.8600140810012817
BOHWOM,SURKAT,0.7352941036224365
BOHWOM,RUBTAK02,0.7352941036224365
BOHWUS,DIGPER,0.9940944314002991
BOHWUS,CAVWOO,0.9937636852264404
BOHWUS,CIBTIT,0.9932109713554382
BOHWUS,DEPXOM,0.9932109713554382
BOHWUS,DEPXIG,0.9932109713554382
BOHWUS,COSWEO,0.9847813248634338
BOHXAZ,BUTXOE,0.33238720893859863
BOHXAZ,BONWAD,0.3088887333869934
BOHXAZ,CICYIX,0.2967680096626282
BOHXAZ,COPTUX,0.27782636880874634
BOHXAZ,DAYWOS,0.2756690979003906
BOHXAZ,CAXVUU,0.27548643946647644
BOHXAZ,CAXWEF,0.27548643946647644
BOHXAZ,CAPQIU,0.19106468558311462
BOHXED,BOVLII,0.9930660724639893
BOHXED,CAYQAV,0.9781320691108704
BOHXED,BUXNOZ,0.5351822972297668
BOHXED,CECVIQ,0.4948086440563202
BOHXED,DIJCOP01,0.4932110011577606
BOHXED,DIJCOP,0.4932110011577606
BOHXIH,DAQRET01,0.994364321231842
BOHXIH,DAQRET,0.994364321231842
BOHXIH,DEHBEY,0.9940944314002991
BOHXIH,DIDBIE,0.5090909004211426
BOHXIH,CIQYUX,0.4967939257621765
BOHXIH,BUVQIT,0.3932110071182251
BOHYUT,BOHZAA,0.9987545013427734
BOHYUT,DIPNIB,0.6860015392303467
BOHYUT,DAHWAM,0.5701830387115479
BOHYUT,CAKFIF,0.5699577927589417
BOHYUT,BOPWIO,0.5695773959159851
BOHYUT,CAKFEB,0.5691938996315002
BOHYUT,CAKFEB01,0.5691938996315002
BOHYUT,DEXZIR,0.4925044775009155
BOHYUT,BUPVEP,0.4826657772064209
BOHYUT,DEKLEL,0.4521738886833191
BOHYUT,DEKLIP,0.4500578045845032
BOHZAA,DIPNIB,0.6880748867988586
BOHZAA,DAHWAM,0.5714285373687744
BOHZAA,CAKFIF,0.5712478160858154
BOHZAA,BOPWIO,0.5709125995635986
BOHZAA,CAKFEB,0.5709091424942017
BOHZAA,CAKFEB01,0.5709091424942017
BOHZAA,DEXZIR,0.4937499761581421
BOHZAA,BUPVEP,0.4829657971858978
BOHZAA,DEKLEL,0.45092839002609253
BOHZAA,DEKLIP,0.4514874219894409
BOJLOC,BOJLOC01,1.0
BOJLOC,BORNEC,0.6752331852912903
BOJLOC,BORNIG,0.6727516651153564
BOJLOC,DANWAS,0.41371583938598633
BOJLOC,DAWVUV,0.31044745445251465
BOJLOC01,BORNEC,0.6752331852912903
BOJLOC01,BORNIG,0.6727516651153564
BOJLOC01,DANWAS,0.41371583938598633
BOJLOC01,DAWVUV,0.31044745445251465
BOJXEE,DAYGUH,0.3151678442955017
BOJXEE,BUPDUM,0.2925989627838135
BOJXEE,BUPFAU,0.2925989627838135
BOJXEE,BUPFEY,0.2925989627838135
BOJXEE,CEHZAR01,0.28971633315086365
BOJXEE,CEHZAR,0.28971633315086365
BOJXEE,DAHJUR,0.26363638043403625
BOJXEE,CEGJOO,0.23840327560901642
BOJYIK,BOJYIK01,1.0
BOJYIK,CEJXOG,0.9994291663169861
BOJYIK,BUPVIT,0.9847605228424072
BOJYIK,BUVHEH,0.9847605228424072
BOJYIK,CELDAA,0.9847605228424072
BOJYIK,CUJCIV,0.7000000476837158
BOJYIK01,CEJXOG,0.9994291663169861
BOJYIK01,BUPVIT,0.9847605228424072
BOJYIK01,BUVHEH,0.9847605228424072
BOJYIK01,CELDAA,0.9847605228424072
BOJYIK01,CEZZEN,0.5834202766418457
BOJYIK01,CEZZIR,0.5834202766418457
BOJYIK01,CUJCIV,0.7000000476837158
BOJYIK01,DIQGUH,0.9859035015106201
BOKQEZ,CIFHIK,1.0
BOKQEZ,CIFHOQ,1.0
BOKQEZ,DETVUW,0.9846089482307434
BOKQEZ,CIGDUT,0.9781520962715149
BOKQEZ,CIYZAM01,0.9781520962715149
BOKQEZ,CIYZAM,0.9781520962715149
BOKQEZ,CIYZEQ,0.9781452417373657
BOKQEZ,CIYZIU,0.9780963063240051
BOKQEZ,DAMYIC,0.4550717771053314
BOKQEZ,DAMYIC01,0.4550717771053314
BOLGUF,BOLHAM,0.9977954626083374
BOLGUF,DALVIY,0.9968496561050415
BOLGUF,BOLHOA,0.9968496561050415
BOLGUF,BOLHEQ,0.9967017769813538
BOLGUF,DALVEU,0.9965118765830994
BOLHAM,BOLHOA,0.9996404051780701
BOLHAM,DALVIY,0.9996404051780701
BOLHAM,DALVEU,0.9995414018630981
BOLHAM,BOLHEQ,0.9990724921226501
BOLHEQ,DALVEU,0.9995911717414856
BOLHEQ,DALVIY,0.9992827773094177
BOLHEQ,BOLHOA,0.9992827773094177
BOLHOA,DALVIY,1.0
BOLHOA,DALVEU,0.999916136264801
BOLHOA,DALVAQ,0.9821406006813049
BOLPAU,CANROA,0.9977757334709167
BOLPAU,CANRIU,0.9959937334060669
BOLPAU,CEMLOY,0.9927337765693665
BOLPAU,CEMLIS,0.9927337765693665
BOLPAU,CANRUG,0.9386109709739685
BOLPAU,BUKLOJ,0.6977757811546326
BOLPAU,CUZBUW,0.6977757811546326
BOLPAU,BUKLOJ01,0.6977757811546326
BOMCUB,DECDUN,0.9999999403953552
BOMCUB,CAHMAZ,0.9973565340042114
BOMCUB,DAHPAE,0.995492160320282
BOMCUB,DIVMUR,0.9949494004249573
BOMCUB,CAVYUW,0.9946691393852234
BOMCUB,COMFIU,0.9941616058349609
BOMCUB,COMFEQ,0.9934752583503723
BONKUK,BONLIZ,0.9999999403953552
BONKUK,CETPIB02,0.42690032720565796
BONKUK,CETPIB,0.42690032720565796
BONKUK,DAVMIY,0.39962759613990784
BONKUK,DIVQAB,0.39713770151138306
BONKUK,DIVPUU,0.39713770151138306
BONKUK,DIPGAK,0.36962759494781494
BONKUK,CEJFOO,0.32499998807907104
BONKUK,DEHHIK,0.32499998807907104
BONKUK,CENLEP,0.3246275782585144
BONLIZ,CETPIB02,0.42690032720565796
BONLIZ,CETPIB,0.42690032720565796
BONLIZ,DAVMIY,0.39962759613990784
BONLIZ,DIVQAB,0.39713770151138306
BONLIZ,DIVPUU,0.39713770151138306
BONLIZ,DIPGAK,0.36962759494781494
BONLIZ,CEJFOO,0.32499998807907104
BONLIZ,DEHHIK,0.32499998807907104
BONLIZ,CENLEP,0.3246275782585144
BONWAD,DAGDEV,0.35464251041412354
BONWAD,DEJTIW,0.3533782958984375
BONWAD,DEJTES,0.3533782958984375
BONWAD,DAGDIZ,0.3533782958984375
BONWAD,CAVMUJ03,0.34072422981262207
BONWAD,COWMOR,0.32388973236083984
BONWAD,CIJBEC,0.1694032847881317
BOPHEV,BOPHIZ,1.0
BOPHEV,CUFJUK,0.9939473867416382
BOPHEV,CUFKAR,0.9939473867416382
BOPHEV,CAQJOW,0.652567982673645
BOPHEV,CAQKAJ01,0.652567982673645
BOPHEV,CAQKAJ,0.652567982673645
BOPHEV,DEKYOK,0.6394791007041931
BOPHIZ,CUFJUK,0.9939473867416382
BOPHIZ,CUFKAR,0.9939473867416382
BOPHIZ,CAQJOW,0.652567982673645
BOPHIZ,CAQKAJ01,0.652567982673645
BOPHIZ,CAQKAJ,0.652567982673645
BOPHIZ,DEKYOK,0.6394791007041931
BOPWIO,CAKFEB,0.9998704195022583
BOPWIO,CAKFEB01,0.9998704195022583
BOPWIO,CAKFIF,0.9995371103286743
BOPWIO,DAHWAM,0.9994840025901794
BOPWIO,DEKLIP,0.6999855637550354
BOPWIO,DEKLEL,0.6981488466262817
BOPWIO,DASTEY01,0.4523647725582123
BOPWIO,DASTEY02,0.4523647725582123
BOQLEZ,BOQLID,0.537855327129364
BOQLEZ,CUMJEB,0.36414971947669983
BOQLEZ,BUQROV,0.34008193016052246
BOQLEZ,CAYDUD,0.3154160976409912
BOQLEZ,CAYDOX05,0.3154160976409912
BOQLEZ,CAYDOX,0.3154160976409912
BOQLEZ,CAYDIR,0.3154160976409912
BOQLEZ,CAYDOX03,0.3154160976409912
BOQLEZ,CAYFAL,0.3154160976409912
BOQLEZ,CIWNIH,0.25
BOQLEZ,COVRUC,0.24117648601531982
BOQLID,CUMJEB,0.3806515336036682
BOQLID,BUQROV,0.35118618607521057
BOQLID,CAYDIR,0.324361115694046
BOQLID,CAYDOX03,0.324361115694046
BOQLID,CAYGIU,0.324361115694046
BOQLID,CAYDOX04,0.324361115694046
BOQLID,CAYDEN,0.324361115694046
BOQLID,CAYDUD,0.324361115694046
BOQLID,CIWNIH,0.22910532355308533
BOQLID,COVRUC,0.24185532331466675
BOQWEK,CIBTIR,0.46158459782600403
BOQWEK,CUTKUY,0.43976640701293945
BOQWEK,CIDNIM,0.31763315200805664
BORBAM,CEWNIB,0.4281790852546692
BORBAM,BUXHOS,0.17688997089862823
BORNEC,BORNIG,0.9993817806243896
BOSHUN,CUPHUS,0.9999494552612305
BOSHUN,DEHHIK,0.9997506737709045
BOSHUN,DAPZAW,0.9969134330749512
BOSHUN,DELTAQ02,0.9965023994445801
BOSHUN,DEHHEG,0.9965023994445801
BOSHUN,DELTAQ03,0.9965023994445801
BOSHUN,DELTAQ,0.9965023994445801
BOSHUN,BUKYAJ,0.5191864967346191
BOSHUN,BUSMUZ,0.9687594771385193
BOSHUN,CAWDOU,0.5736336708068848
BOSHUN,CAWDOU02,0.5736336708068848
BOSHUN,CETPIB,0.474949449300766
BOSHUN,CETPIB02,0.474949449300766
BOSHUN,CETVAA,0.6499494314193726
BOSHUN,CUPLOP,0.4786980450153351
BOSHUN,CUPLUV,0.47775793075561523
BOSHUN,CUPMEG,0.47894737124443054
BOSHUN,CUXFUX,0.3664173483848572
BOSHUN,DIFZUP,0.4786980450153351
BOSHUN,DIPGAK,0.39994949102401733
BOSHUN,DIVGIA,0.42418617010116577
BOSJUQ,DAYGUH,0.32499998807907104
BOSJUQ,DIGTOE,0.2941659092903137
BOSJUQ,DIGTIY,0.28633564710617065
BOSJUQ,DIGTEU,0.28573307394981384
BOSJUQ,CIPMUL,0.27492377161979675
BOTCEU,CUFMOG,0.5711106061935425
BOTCEU,CEXJUN03,0.4176470637321472
BOTCEU,CEXJUN,0.4176470637321472
BOTCEU,CEXJUN01,0.4176470637321472
BOTCEU,CEXJUN02,0.4176470637321472
BOTCEU,DIGYIE,0.4081990122795105
BOTCEU,BOYYOF,0.3528069853782654
BOTCEU,COTXOA,0.33978068828582764
BOTCEU,COTXEQ,0.33978068828582764
BOTCEU,COTXIU,0.33978068828582764
BOVHEB,DEFTAL,0.9656329154968262
BOVHEB,DEFTAL01,0.9656329154968262
BOVHEB,DACZUF,0.8068666458129883
BOVHEB,CAXWOP,0.44218048453330994
BOVHEB,CAXWUV,0.37874963879585266
BOVLII,CAYQAV,0.9826657772064209
BOVLII,BUXNOZ,0.5184215903282166
BOVLII,CECVOW,0.49873700737953186
BOVLII,CECVIQ,0.4975399971008301
BOVQUZ,DITXOU,0.48076924681663513
BOVQUZ,CIZQUZ,0.48076924681663513
BOVQUZ,CIZQOT,0.48076924681663513
BOVQUZ,COHJEP,0.3051639795303345
BOVQUZ,CUZLAM,0.3251725137233734
BOWDIC,CEYPUT,0.9999999403953552
BOWDIC,BOWDOI,0.9999999403953552
BOWDIC,CIJBEE,0.9999999403953552
BOWDIC,CEYPUT01,0.9999999403953552
BOWDIC,BOWDUO,0.9999999403953552
BOWDIC,BUVNIR,0.9977757334709167
BOWDIC,BUXCAZ,0.9695334434509277
BOWDIC,CESNUM,0.9939473867416382
BOWDIC,CESYEF,0.9971376657485962
BOWDIC,CESYEF01,0.9971376657485962
BOWDIC,CUCFOX,0.44189342856407166
BOWDIC,CUSBUP,0.5199999809265137
BOWDIC,DARYIF,0.9977757334709167
BOWDIC,DEJCEB,0.5297757387161255
BOWDIC,DIDBAV,0.7545454502105713
BOWDIC,DIDBEZ,0.7545454502105713
BOWDIC,DIDBID,0.7545454502105713
BOWDIC,DIDBOJ,0.7545454502105713
BOWDIC,DIWFAT,0.9972895383834839
BOWDOI,CEYPUT,0.9999999403953552
BOWDOI,CIJBEE,0.9999999403953552
BOWDOI,CEYPUT01,0.9999999403953552
BOWDOI,BOWDUO,0.9999999403953552
BOWDOI,BUVNIR,0.9977757334709167
BOWDOI,CEBGAS,0.4535714089870453
BOWDOI,CESNUM,0.9939473867416382
BOWDOI,CESYEF,0.9971376657485962
BOWDOI,CESYEF01,0.9971376657485962
BOWDOI,DARYIF,0.9977757334709167
BOWDOI,DIWFAT,0.9972895383834839
BOWDUO,CEYPUT,0.9999999403953552
BOWDUO,CIJBEE,0.9999999403953552
BOWDUO,CEYPUT01,0.9999999403953552
BOWDUO,BUVNIR,0.9977757334709167
BOWDUO,BUXCAZ,0.9695334434509277
BOWDUO,CEBGAS,0.4535714089870453
BOWDUO,CESNUM,0.9939473867416382
BOWDUO,CUCFOX,0.44189342856407166
BOWDUO,DARYIF,0.9977757334709167
BOWDUO,DEPXAY,0.5297757387161255
BOWDUO,DIWFAT,0.9972895383834839
BOWJAA,CAJHON,0.14500001072883606
BOWJAA,COBWEV,0.11716564744710922
BOWJAA,COBWIZ,0.11623542010784149
BOWJAA,DITVOT,0.1097664162516594
BOWJAA,CEVBIR,0.1062370017170906
BOWJAA,CARFUZ,0.10000001639127731
BOWJAA,CATDEH,0.10000001639127731
BOWJAA,CAVFEN,0.10000001639127731
BOWJAA,CAKLOR,0.10000001639127731
BOWKUU,CEJSUG,0.4384560286998749
BOWKUU,BUTQUC,0.3515589237213135
BOWKUU,CIXCOD,0.36823445558547974
BOWNUY,COTYIV,1.0
BOWNUY,DANWAS,0.9965804815292358
BOWNUY,DAGTUD,0.9922806620597839
BOWNUY,COCNEP,0.6657143235206604
BOWTAJ,CAVMUJ03,0.9870377779006958
BOWTAJ,COWMEH,0.6398192644119263
BOWTAJ,COWMAD,0.6396341323852539
BOWTAJ,COWMIL,0.6394840478897095
BOWTAJ,COWMOR,0.6393135190010071
BOWTAJ,COWMUX,0.6392611265182495
BOWTAJ,DEJTES,0.620118260383606
BOWTAJ,DAGDIZ,0.620118260383606
BOWTAJ,CAFJIF,0.3651965856552124
BOWTAJ,CAXVUU,0.3727238178253174
BOWTAJ,CAXWEF,0.3727238178253174
BOWTAJ,DAGDEV,0.6176891326904297
BOWZUK,CUSBUP,0.5886848568916321
BOWZUK,CUSQOX,0.4962354302406311
BOWZUK,BUPKED,0.47123539447784424
BOWZUK,BUPJUS,0.47123539447784424
BOWZUK,CETVAA,0.4565804898738861
BOWZUK,DEBZOC,0.4250485301017761
BOXBEX,BOXDID,0.9843295812606812
BOXBEX,DIPMAS,0.972368061542511
BOXBEX,COZGED01,0.5235294103622437
BOXBEX,COZGED,0.5235294103622437
BOXBEX,CATART04,0.5142370462417603
BOXBEX,CUGROM,0.5142370462417603
BOXBEX,CUGREC,0.5142370462417603
BOXBEX,CATART03,0.5142370462417603
BOXBEX,CUGQUR,0.5049137473106384
BOXDID,DIPMAS,0.9694830775260925
BOXDID,CUGROM,0.5217404961585999
BOXDID,CUGREC,0.5217404961585999
BOXDID,CATART03,0.5217404961585999
BOXDID,CATART04,0.5217404961585999
BOXDID,CUGSON,0.5217280387878418
BOXDID,CUGSUT,0.5217280387878418
BOXDID,CUGSIH,0.5217280387878418
BOXDID,CUGQUR,0.5214289426803589
BOXFAW,BUFNOG,1.0
BOXFAW,BUFNEW,1.0
BOXFAW,BOXFIE,0.9921848177909851
BOXFAW,BOXFOK,0.9820774793624878
BOXFAW,DIWNAA,0.47334736585617065
BOXFIE,BUFNOG,0.9921848177909851
BOXFIE,BUFNEW,0.9921848177909851
BOXFIE,BOXFOK,0.9890161752700806
BOXFIE,DIWNAA,0.44993460178375244
BOXFIE,DIWMON,0.4489293098449707
BOXFOK,BUFNOG,0.9820774793624878
BOXFOK,BUFNEW,0.9820774793624878
BOXFOK,DIWMON,0.47678232192993164
BOXFOK,DIWMUT,0.47089478373527527
BOXFOK,DIWNAA,0.4447523057460785
BOXMAE,CIWYUD,0.94106525182724
BOXMAE,CITZIP,0.94106525182724
BOXMAE,DIXKOL,0.94106525182724
BOXMAE,CUVFUW,0.5998594164848328
BOXMAE,CECVIQ,0.5785297155380249
BOXMAE,CECVOW,0.5745319128036499
BOXMAE,BUXCAZ,0.5425460934638977
BOXMAE,CIGNEM,0.5394606590270996
BOXMAE,CIGNAI,0.5394606590270996
BOYFUS,CEQPOG,0.5352597832679749
BOYFUS,DIVRAD,0.5234928131103516
BOYFUS,DAWWIJ,0.4030500054359436
BOYFUS,DAWWUV,0.4059999883174896
BOYFUS,DIYREK,0.44745489954948425
BOYTEQ,CANYIB,0.7179791927337646
BOYTEQ,CIKCOQ,0.7177396416664124
BOYTEQ,DOBGAD01,0.7157999873161316
BOYTEQ,DOBGAD,0.7157999873161316
BOYTEQ,DEYVUA,0.6881246566772461
BOYTEQ,DIDBEZ,0.6559101939201355
BOYTEQ,COTXEQ,0.4862391948699951
BOYTEQ,COTXIU,0.4862391948699951
BOYTEQ,COTXOA,0.4862391948699951
BOYYOF,CEXYOU,0.5199999809265137
BOYYOF,CEKWEW,0.4401012361049652
BOYYOF,DASMAM,0.4222806990146637
BOYYOF,DASLIT,0.4221966862678528
BOYYOF,COQJEZ,0.4184785783290863
BOYYOF,CIFHAC,0.4184785783290863
BOYYOF,COQJAV,0.4184785783290863
BOYYOF,CUYXOK,0.41370925307273865
BUBVUR,DETRAX,0.5931090116500854
BUBVUR,DIXCET,0.5636216402053833
BUBVUR,COMMUN,0.5185006260871887
BUBVUR,COMMOH,0.5047603845596313
BUCWAZ,DEGMAG,0.753947377204895
BUCWAZ,DEGMAG01,0.753947377204895
BUCWAZ,CIJBAB,0.7412385940551758
BUCWAZ,CIJBIJ,0.7408584952354431
BUCWAZ,CIJBEF,0.7401182651519775
BUCWAZ,CAJQEL,0.7129703164100647
BUCXUT,DIKBAB01,1.0
BUCXUT,CUGYUA,0.9944032430648804
BUCXUT,CUGYIO,0.5034942030906677
BUCXUT,CUGLIB,0.5034942030906677
BUCXUT,CEWQAZ,0.36250001192092896
BUCXUT,CEWQED,0.36250001192092896
BUCXUT,COMHUI,0.3590804934501648
BUCXUT,COMHOC,0.3590804934501648
BUCXUT,DIKBAB,0.35200002789497375
BUDCIN,CEWNIB,0.5569949150085449
BUDCIN,CAJTOX,0.21739131212234497
BUDCIN,CAJTUD,0.21739131212234497
BUDDIO,CEJXIA,0.9748807549476624
BUDDIO,CORZIU,0.9505798816680908
BUDDIO,CORZOA,0.9505798816680908
BUDDIO,CIQHIW,0.9410727620124817
BUDDIO,CIQHES,0.9410727620124817
BUDDIO,CUKBEQ,0.9376776814460754
BUDDIO,CIQHOC,0.9327648282051086
BUDDIO,DICJUW,0.6529948711395264
BUFNEW,BUFNOG,1.0
BUFNEW,DIWNAA,0.47334736585617065
BUFNOG,DIWNAA,0.47334736585617065
BUGSAY,BUGSIG,0.999916136264801
BUGSAY,BUGSEC,0.9996340870857239
BUGSAY,BUGSOM,0.9995911717414856
BUGSAY,CELNUE,0.647846519947052
BUGSAY,CUMDIY,0.6175336837768555
BUGSAY,CUMDOE,0.6164795160293579
BUGSAY,CIHNIR,0.2691798806190491
BUGSEC,BUGSOM,0.9998192191123962
BUGSEC,BUGSIG,0.9994805455207825
BUGSEC,CELNUE,0.6481048464775085
BUGSEC,CUMDIY,0.6179852485656738
BUGSEC,CUMDOE,0.6177606582641602
BUGSEC,CIHNIR,0.26961058378219604
BUGSIG,BUGSOM,0.9992827773094177
BUGSIG,CELNUE,0.6477975845336914
BUGSIG,CUMDIY,0.6169960498809814
BUGSIG,CUMDOE,0.6157244443893433
BUGSIG,CIHNIR,0.2688447833061218
BUGSOM,CELNUE,0.6488569974899292
BUGSOM,CUMDOE,0.6179851293563843
BUGSOM,CUMDIY,0.6177599430084229
BUGSOM,CIHNIR,0.2707850933074951
BUHFER,DITYEM02,1.0
BUHFER,CUGVUW,0.7387096881866455
BUHFER,BUSMUY,0.6902525424957275
BUHFER,BUVXOG,0.6891747117042542
BUHFER,BUVWOF02,0.6891747117042542
BUHFER,BUVWOF03,0.6891747117042542
BUHFER,BUVXOG01,0.6891747117042542
BUHFER,BUVYIB01,0.6891747117042542
BUHFER,BUVYEX,0.6891747117042542
BUHFER,BUVYIB,0.6891747117042542
BUHFER,BUSNAF,0.6246275901794434
BUKLOJ,CUZBUW,0.9999999403953552
BUKLOJ,BUKLOJ01,0.9999999403953552
BUKLOJ,CAXTAY,0.9963989853858948
BUKLOJ,SABVUN01,0.9963989853858948
BUKLOJ,BUZHIO,0.46061402559280396
BUKLOJ,CAJHON,0.397775799036026
BUKLOJ,CANRIU,0.6963152885437012
BUKLOJ,CANROA,0.699999988079071
BUKLOJ,CAXVII,0.4146292805671692
BUKLOJ,CAXWIJ,0.4146292805671692
BUKLOJ,CEFNEJ,0.7349216938018799
BUKLOJ,CEFNOT,0.7349216938018799
BUKLOJ,CEJWAR,0.733069896697998
BUKLOJ,CEMLIS,0.6963990330696106
BUKLOJ,CEMLOY,0.6963990330696106
BUKLOJ,COMDOY,0.9935371279716492
BUKLOJ,COWQUC,0.6684209704399109
BUKLOJ,COWRAJ,0.6684209704399109
BUKLOJ,COWREN,0.6684209704399109
BUKLOJ,COWRIR,0.6684209704399109
BUKLOJ,COWROX,0.6684209704399109
BUKLOJ,COZMUA,0.7352941036224365
BUKLOJ,CUSXIY,0.733069896697998
BUKLOJ,CUWNIT,0.699999988079071
BUKLOJ,DAWCIP,0.6977757811546326
BUKLOJ,DAWCOV,0.6972895860671997
BUKLOJ,DAZKEX,0.6963990330696106
BUKLOJ,DAZMID,0.8163989782333374
BUKLOJ01,CUZBUW,0.9999999403953552
BUKLOJ01,CAXTAY,0.9963989853858948
BUKLOJ01,SABVUN01,0.9963989853858948
BUKLOJ01,BUZHIO,0.46061402559280396
BUKLOJ01,CAJHON,0.397775799036026
BUKLOJ01,CANRIU,0.6963152885437012
BUKLOJ01,CANROA,0.699999988079071
BUKLOJ01,CAXVII,0.4146292805671692
BUKLOJ01,CAXWIJ,0.4146292805671692
BUKLOJ01,CEFNEJ,0.7349216938018799
BUKLOJ01,CEFNOT,0.7349216938018799
BUKLOJ01,CEJWAR,0.733069896697998
BUKLOJ01,CEMLIS,0.6963990330696106
BUKLOJ01,CEMLOY,0.6963990330696106
BUKLOJ01,COMDOY,0.9935371279716492
BUKLOJ01,COWQUC,0.6684209704399109
BUKLOJ01,COWRAJ,0.6684209704399109
BUKLOJ01,COWREN,0.6684209704399109
BUKLOJ01,COWRIR,0.6684209704399109
BUKLOJ01,COWROX,0.6684209704399109
BUKLOJ01,COZMUA,0.7352941036224365
BUKLOJ01,CUSXIY,0.733069896697998
BUKLOJ01,CUWNIT,0.699999988079071
BUKLOJ01,DARQOF,0.6377757787704468
BUKLOJ01,DAWCIP,0.6977757811546326
BUKLOJ01,DAWCOV,0.6972895860671997
BUKLOJ01,DAZKEX,0.6963990330696106
BUKLOJ01,DAZMID,0.8163989782333374
BUKMUQ,BUKMUQ01,1.0
BUKMUQ,DITHOG,0.9927337765693665
BUKMUQ,DITJEY,0.9927337765693665
BUKMUQ,DITHUM,0.9927337765693665
BUKMUQ,DITHEW,0.9927337765693665
BUKMUQ,BUKRUW,0.48076924681663513
BUKMUQ,BUKTAE,0.48076924681663513
BUKMUQ,BUKTEI,0.48076924681663513
BUKMUQ,BUKTIM,0.48076924681663513
BUKMUQ,BUKTOS,0.48076924681663513
BUKMUQ,DEXKEZ,0.6308329701423645
BUKMUQ,DEYVUA,0.6142857670783997
BUKMUQ01,DITHOG,0.9927337765693665
BUKMUQ01,DITJEY,0.9927337765693665
BUKMUQ01,DITHUM,0.9927337765693665
BUKMUQ01,DITHEW,0.9927337765693665
BUKMUQ01,BUKRUW,0.48076924681663513
BUKMUQ01,BUKTAE,0.48076924681663513
BUKMUQ01,BUKTEI,0.48076924681663513
BUKMUQ01,BUKTIM,0.48076924681663513
BUKMUQ01,BUKTOS,0.48076924681663513
BUKMUQ01,DEXKEZ,0.6308329701423645
BUKMUQ01,DEYVUA,0.6142857670783997
BUKPAZ,CEFNIN,0.6139132976531982
BUKPAZ,CEFNOT,0.5817704200744629
BUKPAZ,CEFNEJ,0.5817704200744629
BUKPAZ,CUSXIY,0.579918622970581
BUKPAZ,CUTGAA,0.5752626657485962
BUKPAZ,DERBIO,0.5666666030883789
BUKPAZ,CEMBII,0.5543696284294128
BUKPAZ,COQJAV,0.5022895336151123
BUKPAZ,COQJEZ,0.5022895336151123
BUKRUW,BUKTOS,1.0
BUKRUW,BUKTIM,1.0
BUKRUW,BUKTEI,1.0
BUKRUW,BUKTAE,1.0
BUKSAD,DITSAD,0.434113085269928
BUKSAD,DITJIC,0.434113085269928
BUKSAD,DITJAU,0.434113085269928
BUKSAD,DITROQ,0.434113085269928
BUKSAD,DITGUL,0.434113085269928
BUKSAD,DITRUW,0.434113085269928
BUKSAD,DITRIK,0.434113085269928
BUKSAD,CIFHOQ,0.3641662895679474
BUKSAD,CIJBEC,0.19083185493946075
BUKSAD,DITROQ01,0.34987667202949524
BUKTAE,BUKTOS,1.0
BUKTAE,BUKTIM,1.0
BUKTAE,BUKTEI,1.0
BUKTEI,BUKTOS,1.0
BUKTEI,BUKTIM,1.0
BUKTIM,BUKTOS,1.0
BUKTIM,COJHIT,0.43110910058021545
BUKYAJ,DEHHOQ,0.5207819938659668
BUKYAJ,DEHHIK,0.5197946429252625
BUKYAJ,CITWOS,0.27138078212738037
BUKYAJ,CITXAF,0.263505220413208
BUNKUS,BUNLAZ,1.0
BUNKUS,CEMBII,0.8499999046325684
BUNKUS,CEJXEW,0.84397292137146
BUNLAZ,CEMBII,0.8499999046325684
BUNLAZ,CEJXEW,0.84397292137146
BUPDUM,BUPFEY,1.0
BUPDUM,BUPFAU,1.0
BUPDUM,COJHIT,0.2547999918460846
BUPDUM,CIZTIP,0.1869467943906784
BUPFAU,BUPFEY,1.0
BUPFAU,COJHIT,0.2547999918460846
BUPFAU,CIZTIP,0.1869467943906784
BUPFEY,COJHIT,0.2547999918460846
BUPFEY,CIZTIP,0.1869467943906784
BUPJUS,BUPKED,1.0
BUPJUS,CUSBUP,0.7126973867416382
BUPJUS,DECJON,0.6455602645874023
BUPJUS,CECWIT,0.4731706976890564
BUPJUS,CEDTOX,0.4731706976890564
BUPJUS,CUMLUT,0.4535714089870453
BUPJUS,CAVSAV,0.39705002307891846
BUPKED,CUSBUP,0.7126973867416382
BUPKED,DECJON,0.6455602645874023
BUPKED,CECWIT,0.4731706976890564
BUPKED,CEDTOX,0.4731706976890564
BUPKED,CUMLUT,0.4535714089870453
BUPKED,CAVRUO,0.39394739270210266
BUPKED,CAVSAV,0.39705002307891846
BUPVEP,DIJWID,0.9650025963783264
BUPVEP,CETFOX,0.6901462078094482
BUPVEP,CASPUJ,0.32499998807907104
BUPVEP,DEHFUR,0.5319691896438599
BUPVIT,BUVHEH,0.9999999403953552
BUPVIT,CELDAA,0.9999999403953552
BUQROV,CUMJEB,0.5295687317848206
BUQROV,CAYGIU,0.5000287890434265
BUQROV,CAYDUD,0.5000287890434265
BUQROV,CAYFAL,0.5000287890434265
BUQROV,CAYDIR,0.5000287890434265
BUQROV,CAYDEN,0.5000287890434265
BUQROV,CAYDOX01,0.5000287890434265
BUQROV,CAYDOX06,0.5000287890434265
BUQROV,CAXWUV,0.4267679452896118
BUQROV,CUMJAX,0.4305211305618286
BUQWER,DEGSIS,1.0
BUQWER,DEGSIS01,1.0
BUQWER,CEJFOO,0.9996275901794434
BUQWER,CURSEO,0.9985496997833252
BUQWER,CEJGAB,0.9985496997833252
BUQWER,CEJFUU,0.9950717687606812
BUQWER,DOBGAD,0.6622806787490845
BUQWER,CIGYEY,0.4374999701976776
BUQWER,CIYZUG,0.48181816935539246
BUQWER,DIKJUD,0.6100000143051147
BUSMUY,BUVYIB01,0.9996292591094971
BUSMUY,BUVXOG,0.9996292591094971
BUSMUY,BUVXOG01,0.9996292591094971
BUSMUY,BUVYEX,0.9996292591094971
BUSMUY,BUVWOF02,0.9996292591094971
BUSMUY,BUVYIB,0.9996292591094971
BUSMUY,BUVWOF03,0.9996292591094971
BUSMUY,CUGVUW,0.6996276378631592
BUSMUY,DITYEM02,0.6902525424957275
BUSMUY,BUSNAF,0.5714285373687744
BUSMUZ,DAPZAW,0.981744110584259
BUSMUZ,DEHHOQ,0.9781790375709534
BUSMUZ,DEHHIK,0.970555305480957
BUSNAF,DITYEM02,0.6246275901794434
BUSNAF,BUVYIB01,0.5710578560829163
BUSNAF,BUVYEX,0.5710578560829163
BUSNAF,BUVXOG01,0.5710578560829163
BUSNAF,BUVWOF03,0.5710578560829163
BUSNAF,BUVWOF02,0.5710578560829163
BUSNAF,BUVYIB,0.5710578560829163
BUSNAF,BUVXOG,0.5710578560829163
BUSQIQ,CIZQOT,0.9927337765693665
BUSQIQ,DITXOU,0.9927337765693665
BUSQIQ,CIZQUZ,0.9927337765693665
BUSSEP,BUSSIT,0.9999999403953552
BUSSEP,BUSTAM,0.9977362751960754
BUSSEP,DAXKIY,0.9919713735580444
BUSSEP,DAXKOE,0.9919713735580444
BUSSEP,BUTXIY,0.7960042953491211
BUSSEP,DENFUA,0.6074816584587097
BUSSEP,DENGAH,0.6074816584587097
BUSSEP,CEHWIX,0.6015534400939941
BUSSEP,CEHWOD,0.6015534400939941
BUSSEP,CIGNAI,0.5491602420806885
BUSSEP,CIGNEM,0.5491602420806885
BUSSEP,COTVIS,0.09999998658895493
BUSSEP,DIXWAJ,0.3343369960784912
BUSSIT,BUSTAM,0.9977362751960754
BUSSIT,DAXKIY,0.9919713735580444
BUSSIT,DAXKOE,0.9919713735580444
BUSSIT,BUTXIY,0.7960042953491211
BUSSIT,DENFUA,0.6074816584587097
BUSSIT,DENGAH,0.6074816584587097
BUSSIT,CEHXIY,0.6011566519737244
BUSSIT,CIGNAI,0.5491602420806885
BUSSIT,CIGNEM,0.5491602420806885
BUSSIT,COTVIS,0.09999998658895493
BUSSIT,DEYNIG,0.6011566519737244
BUSSIT,DIXWAJ,0.3343369960784912
BUSTAM,DAXKOE,0.9898862242698669
BUSTAM,DAXKIY,0.9898862242698669
BUSTAM,BUTXIY,0.7930980920791626
BUSTAM,DENGAH,0.6092324256896973
BUSTAM,DENFUA,0.6092324256896973
BUSTAM,CEVVEF,0.6092324256896973
BUSTAM,CEVVIJ,0.6092324256896973
BUSTAM,CIGNAI,0.5532953143119812
BUSTAM,CIGNEM,0.5532953143119812
BUSTAM,CUBHOY,0.3873889744281769
BUSTAM,DIXWAJ,0.33375751972198486
BUSXAP,BUSXET,0.9972895383834839
BUSXAP,CEDTOX,0.5245499610900879
BUSXAP,CECWIT,0.5245499610900879
BUSXAP,CUSDIE,0.41271886229515076
BUSXAP,BUZHIO,0.4120500087738037
BUSXAP,CUYDEG,0.4041077494621277
BUSXAP,DIMBOS,0.387571781873703
BUSXAP,CEMMUD,0.3016563355922699
BUSXET,CECWIT,0.5214473605155945
BUSXET,CEDTOX,0.5214473605155945
BUSXET,CUSDIE,0.4172746539115906
BUSXET,BUZHIO,0.4089473783969879
BUSXET,CUYDEG,0.4068181812763214
BUSXET,DIMBOS,0.3921275734901428
BUSXET,CEMMUD,0.30285197496414185
BUSXET,CIGTUK,0.3842104971408844
BUSXET,CIGVAS,0.3819862902164459
BUSXET,CIGVEW,0.3819862902164459
BUTCUQ,CUGREC,0.20529091358184814
BUTCUQ,CATART03,0.20529091358184814
BUTCUQ,CUGROM,0.20529091358184814
BUTCUQ,CATART04,0.20529091358184814
BUTCUQ,COZGED01,0.20094749331474304
BUTQUC,CUSBUO,0.5153846144676208
BUTQUC,CEJSUG,0.38138437271118164
BUTQUC,CITWOS,0.26714104413986206
BUTQUC,CITWUY,0.27915439009666443
BUTQUC,CITXAF,0.26336610317230225
BUTQUC,DETGIT,0.3111293315887451
BUTXIY,DAXKOE,0.809266984462738
BUTXIY,DAXKIY,0.809266984462738
BUTXIY,CEHQOX,0.5320096611976624
BUTXOE,DAGDIZ,0.33174076676368713
BUTXOE,DEJTES,0.33174076676368713
BUTXOE,DEJTIW,0.33174076676368713
BUTXOE,DAGDEV,0.3250105381011963
BUTXOE,COWMOR,0.3201916813850403
BUTXOE,COWMUX,0.3200571537017822
BUTXOE,CAPQIU,0.3119550049304962
BUVHEH,CELDAA,0.9999999403953552
BUVNIR,DARYIF,1.0
BUVNIR,CEYPUT,0.9977757334709167
BUVNIR,CIJBEE,0.9977757334709167
BUVNIR,CEYPUT01,0.9977757334709167
BUVNIR,CESNUM,0.9962353706359863
BUVNIR,CUCFOX,0.4441176652908325
BUVNIR,DEJCEB,0.5320000052452087
BUVNIR,DEPXAY,0.5320000052452087
BUVNIR,DIWFAT,0.9974996447563171
BUVPUF,DEXXAF,0.9679427742958069
BUVPUF,CIFGUT,0.9679427742958069
BUVPUF,DAGGOK,0.36794281005859375
BUVPUF,DAGGUQ,0.36794281005859375
BUVPUF,DIGYIE,0.17219515144824982
BUVPUF,CUMDOE,0.17089594900608063
BUVPUF,DIGTOE,0.16896849870681763
BUVPUF,CUMDIY,0.1688590943813324
BUVQIT,DITPON,0.46562498807907104
BUVQIT,DITPUT,0.4629145562648773
BUVQIT,DEHBEY,0.378670334815979
BUVQIT,DAQRET01,0.3776891529560089
BUVTOD,BUVVEV,0.999613344669342
BUVTOD,BUVVAR,0.9994630217552185
BUVTOD,BUVVIZ,0.9991112351417542
BUVTOD,BUVVOF,0.9988340735435486
BUVTOD,BUVTUJ,0.9977362751960754
BUVTOD,DANVAQ,0.5210694074630737
BUVTOD,DANVEU,0.5210694074630737
BUVTUJ,BUVVIZ,0.9987543821334839
BUVTUJ,BUVVEV,0.9985299110412598
BUVTUJ,BUVVOF,0.9972487688064575
BUVTUJ,BUVVAR,0.9970894455909729
BUVTUJ,DANVEU,0.5222663879394531
BUVTUJ,DANVAQ,0.5222663879394531
BUVTUJ,COTVIS,0.09999998658895493
BUVVAR,BUVVEV,0.9996544122695923
BUVVAR,BUVVOF,0.9995414018630981
BUVVAR,BUVVIZ,0.9990724921226501
BUVVAR,DANVEU,0.5219281315803528
BUVVAR,DANVAQ,0.5219281315803528
BUVVAR,COTVOY,0.09999998658895493
BUVVEV,BUVVIZ,0.9998192191123962
BUVVEV,BUVVOF,0.9996340870857239
BUVVEV,DANVAQ,0.5222839117050171
BUVVEV,DANVEU,0.5222839117050171
BUVVEV,DITWEK,0.5064563751220703
BUVVIZ,BUVVOF,0.9995911717414856
BUVVIZ,DANVEU,0.5220586061477661
BUVVIZ,DANVAQ,0.5220586061477661
BUVVIZ,DITWEK,0.5065720677375793
BUVVOF,DANVEU,0.5218324065208435
BUVVOF,DANVAQ,0.5218324065208435
BUVVOF,DITWEK,0.5070781707763672
BUVWOF02,BUVYIB01,1.0
BUVWOF02,BUVWOF03,1.0
BUVWOF02,BUVXOG,1.0
BUVWOF02,BUVXOG01,1.0
BUVWOF02,BUVYEX,1.0
BUVWOF02,BUVYIB,1.0
BUVWOF02,CUGVUW,0.698549747467041
BUVWOF02,DITYEM02,0.6891747117042542
BUVWOF03,BUVYIB01,1.0
BUVWOF03,BUVXOG,1.0
BUVWOF03,BUVXOG01,1.0
BUVWOF03,BUVYEX,1.0
BUVWOF03,BUVYIB,1.0
BUVWOF03,CUGVUW,0.698549747467041
BUVWOF03,DITYEM02,0.6891747117042542
BUVXOG,BUVYIB01,1.0
BUVXOG,BUVXOG01,1.0
BUVXOG,BUVYEX,1.0
BUVXOG,BUVYIB,1.0
BUVXOG,CUGVUW,0.698549747467041
BUVXOG,DITYEM02,0.6891747117042542
BUVXOG01,BUVYIB01,1.0
BUVXOG01,BUVYEX,1.0
BUVXOG01,BUVYIB,1.0
BUVXOG01,CUGVUW,0.698549747467041
BUVXOG01,DITYEM02,0.6891747117042542
BUVYEX,BUVYIB01,1.0
BUVYEX,BUVYIB,1.0
BUVYEX,CUGVUW,0.698549747467041
BUVYEX,DITYEM02,0.6891747117042542
BUVYIB,BUVYIB01,1.0
BUVYIB,CUGVUW,0.698549747467041
BUVYIB,DITYEM02,0.6891747117042542
BUVYIB01,CUGVUW,0.698549747467041
BUVYIB01,DITYEM02,0.6891747117042542
BUVYIB01,DEZKAW,0.3989086151123047
BUVYIB01,DEZKEA,0.3989086151123047
BUXCAZ,CESYEF01,0.9813579320907593
BUXCAZ,CESYEF,0.9813579320907593
BUXCAZ,CESNUM,0.9801182150840759
BUXCAZ,DIWFAT,0.9776891469955444
BUXHOS,CAKWUI,0.21507179737091064
BUXHOS,DITJAU,0.20583081245422363
BUXHOS,CUBKUF,0.20000000298023224
BUXHOS,CNPRCV,0.1899999976158142
BUXHOS,DITROQ01,0.18783080577850342
BUXNOZ,CEKHIL,0.6450821161270142
BUXNOZ,DIMDAG,0.6216924786567688
BUXNOZ,CUFGIV,0.6137396693229675
BUXNOZ,DEXKEZ,0.5950717926025391
BUXNOZ,CAYQAV,0.5171784162521362
BUXTIZ,BUXTUL,1.0
BUXTIZ,DINTID,0.48825111985206604
BUXTIZ,DINQUM,0.48825111985206604
BUXTIZ,COBLIP,0.4857075810432434
BUXTIZ,DEYNIG,0.4302801191806793
BUXTIZ,CEHXIY,0.4302801191806793
BUXTIZ,CEHWOD,0.4302467405796051
BUXTIZ,CEHWIX,0.4302467405796051
BUXTIZ,DENFUA,0.42927536368370056
BUXTUL,DINTID,0.48825111985206604
BUXTUL,DINQUM,0.48825111985206604
BUXTUL,COBLIP,0.4857075810432434
BUXTUL,DEYNIG,0.4302801191806793
BUXTUL,CEHXIY,0.4302801191806793
BUXTUL,CEHWOD,0.4302467405796051
BUXTUL,CEHWIX,0.4302467405796051
BUXTUL,DENFUA,0.42927536368370056
BUYNAL,CUMKIG03,0.47277575731277466
BUYNAL,CUMKIG,0.47277575731277466
BUYNAL,CIDPEM,0.44392964243888855
BUYNAL,COKFAK,0.44392964243888855
BUYNAL,DEPWAX,0.40447524189949036
BUYNAL,DEPVUQ,0.40447524189949036
BUYNAL,CAVRUO,0.40377578139305115
BUYNAL,CAVSAV,0.40349963307380676
BUZHIO,DERBIO,0.4663611650466919
BUZHIO,CEMBII,0.4634675085544586
BUZHIO,COMDOY,0.46273332834243774
BUZHIO,CUZBUW,0.46061402559280396
BUZHIO,CIGTUK,0.4282330870628357
BUZHIO,CIGVAS,0.4305211305618286
BUZHIO,CIGVEW,0.4305211305618286
BUZHIO,DAYWOS,0.3675675690174103
BUZKUE,DEGJIK,1.0
BUZKUE,CISLUN,1.0
BUZKUE,DAWWAC,0.9996275901794434
BUZKUE,CEXJUN03,0.6142857670783997
BUZKUE,CEXJUN,0.6142857670783997
BUZKUE,CEXJUN01,0.6142857670783997
BUZKUE,CEXJUN02,0.6142857670783997
BUZKUE,DEFTAL01,0.5777525901794434
BUZKUE,CIDKUX,0.4599999785423279
BUZKUE,DEBZOC,0.5046275854110718
CABHOC,CONSAA,0.3822653889656067
CABHOC,CAZLIZ,0.3696011006832123
CABHOC,CAZLOF,0.3696011006832123
CABHOC,CAZLEV,0.3696011006832123
CABHOC,DEKZEA,0.36582648754119873
CABHOC,DINDUZ,0.36577901244163513
CABQEB,CIQYUX,0.9999999403953552
CABQEB,DAYMAS,0.9977757334709167
CABQEB,DIDBIE,0.9877029657363892
CABQEB,CECKON,0.5
CABQEB,COXHED,0.5
CABQEB,DAPGUW01,0.49975070357322693
CABQEB,COXHIH,0.49975070357322693
CABQEB,DALSAN,0.49962928891181946
CABQEB,CNPRCV,0.3246275782585144
CABQEB,COVSIP,0.28011369705200195
CABSIK,DITPUT,0.44054052233695984
CABSIK,DITPON,0.4378300905227661
CABSIK,COWKAB,0.41584378480911255
CABSIK,DAWWEF,0.3812499940395355
CABSIK,DILJOA,0.3757091164588928
CABSIK,DAWWOP,0.3516275882720947
CADPII,CEHLAD,1.0
CADPII,CIGXIA,0.9982883334159851
CADPII,CIFMIP,0.9977757334709167
CADPII,CIPLIX,0.9977757334709167
CADPII,CIBTIT,0.9974996447563171
CADPII,CEHKUW,0.9962353706359863
CADPII,CELZOK,0.7280279397964478
CADPII,CISJAQ,0.64000004529953
CADPII,CUMLUT,0.9962353706359863
CADPII,CUVTIX,0.43000003695487976
CADPII,CUVTOD,0.621052622795105
CADPII,DAPHOU,0.7000000476837158
CADPII,DAWNAS,0.10000001639127731
CADPII,DEMNOB,0.8199999928474426
CADPII,DEPXIG,0.9974996447563171
CADPII,DEPXOM,0.9974996447563171
CADQAB,CAQVOI,0.9991112351417542
CADQAB,CAQHEK,0.9991112351417542
CADQAB,CAQHOU,0.9991112351417542
CADQAB,CADQOP,0.9823139905929565
CADQAB,COKNUN,0.9774142503738403
CADQAB,COKMUM,0.9774142503738403
CADQAB,COKNUN01,0.9774142503738403
CADQAB,COKNUN02,0.9774142503738403
CADQAB,COKNOH,0.9722643494606018
CADQAB,CITWUY,0.2693667411804199
CADQAB,CITXAF,0.26287841796875
CADQOP,CAQVOI,0.9847605228424072
CADQOP,CAQHOU,0.9847605228424072
CADQOP,CAQHEK,0.9847605228424072
CADQOP,COKMOG,0.9671784043312073
CADQOP,COKNIB01,0.9671784043312073
CADQOP,COKNIB02,0.9671784043312073
CAFJIF,CAVMUJ03,0.3529580235481262
CAFJIF,DIXWAJ,0.33933699131011963
CAFJIF,COWMEH,0.3237544000148773
CAFJIF,COWMUX,0.3227371573448181
CAFJIF,COWMAD,0.32224878668785095
CAFJIF,COWMIL,0.32206884026527405
CAFJIF,COWMOR,0.3217666745185852
CAFORM,CAFORM13,1.0
CAFORM,DADTOS10,0.9573289155960083
CAFORM,DADTOS08,0.9573289155960083
CAFORM,DADTOS17,0.9573289155960083
CAFORM,DADTOS18,0.9573289155960083
CAFORM,DADTOS09,0.9573289155960083
CAFORM,DADTOS07,0.9573289155960083
CAFORM13,DADTOS10,0.9573289155960083
CAFORM13,DADTOS08,0.9573289155960083
CAFORM13,DADTOS17,0.9573289155960083
CAFORM13,DADTOS18,0.9573289155960083
CAFORM13,DADTOS09,0.9573289155960083
CAFORM13,DADTOS07,0.9573289155960083
CAFRUX,CEMMUD,0.373913049697876
CAFRUX,CORYUE,0.3738698959350586
CAFRUX,CEBGAS,0.34541356563568115
CAFRUX,CUYDEG,0.31605660915374756
CAFRUX,CIFGOP,0.30209559202194214
CAGLIF,CEGDUO,0.5257180333137512
CAGLIF,DAYYIN,0.29528144001960754
CAGSAG,CIFDUS,0.9974996447563171
CAGSAG,CIFDOM,0.9974996447563171
CAGSAG,DADXUE,0.9962353706359863
CAGSAG,CAXSUR,0.9927337765693665
CAGSAG,DICPUD,0.9592462778091431
CAGSAG,CUXFIL,0.8553943634033203
CAGSAG,CIQQIE,0.7326746582984924
CAGSAG,DAWNAS,0.10000001639127731
CAGSAG,DIRPOL,0.737500011920929
CAGSAG,DIRPUR,0.737500011920929
CAGSAG,DIWNAA,0.604689359664917
CAGXIU,COWROX,0.9499646425247192
CAGXIU,COWRAJ,0.9499646425247192
CAGXIU,COWREN,0.9499646425247192
CAGXIU,COWRIR,0.9499646425247192
CAGXIU,COWQUC,0.9499646425247192
CAGXIU,DIQGUH,0.6642475128173828
CAGXIU,CIXCOD,0.40821292996406555
CAGXIU,DEXZIS,0.10000000149011612
CAHMAZ,DECDUN,0.9973565340042114
CAHMAZ,DAPHAD01,0.9871268272399902
CAHMON,CAHMON03,1.0
CAHMON,CAHMON02,1.0
CAHMON,CAHMON01,1.0
CAHMON,DADTOS01,0.9970499873161316
CAHMON,DADTOS06,0.9970499873161316
CAHMON,DADTOS04,0.9970499873161316
CAHMON,DADTOS03,0.9970499873161316
CAHMON,DADTOS02,0.9970499873161316
CAHMON01,CAHMON03,1.0
CAHMON01,CAHMON02,1.0
CAHMON01,DADTOS01,0.9970499873161316
CAHMON01,DADTOS06,0.9970499873161316
CAHMON01,DADTOS04,0.9970499873161316
CAHMON01,DADTOS03,0.9970499873161316
CAHMON01,DADTOS02,0.9970499873161316
CAHMON02,CAHMON03,1.0
CAHMON02,DADTOS01,0.9970499873161316
CAHMON02,DADTOS06,0.9970499873161316
CAHMON02,DADTOS04,0.9970499873161316
CAHMON02,DADTOS03,0.9970499873161316
CAHMON02,DADTOS02,0.9970499873161316
CAHMON03,DADTOS01,0.9970499873161316
CAHMON03,DADTOS06,0.9970499873161316
CAHMON03,DADTOS04,0.9970499873161316
CAHMON03,DADTOS03,0.9970499873161316
CAHMON03,DADTOS02,0.9970499873161316
CAJHON,CEJWAR,0.5875000357627869
CAJHON,CEKHIL,0.4071507751941681
CAJHON,CAWLIY,0.40000003576278687
CAJHON,CUZBUW,0.397775799036026
CAJHON,DAWNAS,0.10000001639127731
CAJHUS,DEFNEK,1.0
CAJHUS,CAJHUS01,1.0
CAJHUS,CAJHUS03,1.0
CAJHUS,CAJHUS04,1.0
CAJHUS,CAJHUS02,1.0
CAJHUS,COFORM11,0.9996292591094971
CAJHUS01,DEFNEK,1.0
CAJHUS01,CAJHUS03,1.0
CAJHUS01,CAJHUS04,1.0
CAJHUS01,CAJHUS02,1.0
CAJHUS01,COFORM11,0.9996292591094971
CAJHUS02,DEFNEK,1.0
CAJHUS02,CAJHUS03,1.0
CAJHUS02,CAJHUS04,1.0
CAJHUS02,COFORM11,0.9996292591094971
CAJHUS02,DEPJIR,0.9982883334159851
CAJHUS02,DEPJIR01,0.9982883334159851
CAJHUS03,DEFNEK,1.0
CAJHUS03,CAJHUS04,1.0
CAJHUS03,COFORM11,0.9996292591094971
CAJHUS03,DAXNIA,0.9982883334159851
CAJHUS03,DAXNIA01,0.9982883334159851
CAJHUS03,DAXNIA02,0.9982883334159851
CAJHUS03,DAXNIA03,0.9982883334159851
CAJHUS03,DAXNIA04,0.9982883334159851
CAJHUS04,DEFNEK,1.0
CAJHUS04,COFORM11,0.9996292591094971
CAJQEL,DAKVUI,0.6586206555366516
CAJQEL,CEPXON,0.6585701107978821
CAJQEL,CEPXUT,0.6582481861114502
CAJQEL,CILLAL,0.5378378629684448
CAJQIP,DEGMAG01,0.49962759017944336
CAJQIP,DEGMAG,0.49962759017944336
CAJQIP,CIJBAB,0.4684216380119324
CAJQIP,CIJBIJ,0.46828508377075195
CAJQIP,CIJBEF,0.46711063385009766
CAJTOX,CAJTUD,1.0
CAJTOX,DISROP,0.20806075632572174
CAJTOX,CUGREC,0.18729092180728912
CAJTOX,CUGROM,0.18729092180728912
CAJTOX,CATART04,0.18729092180728912
CAJTOX,CATART03,0.18729092180728912
CAJTUD,DISROP,0.20806075632572174
CAJTUD,CUGREC,0.18729092180728912
CAJTUD,CUGROM,0.18729092180728912
CAJTUD,CATART04,0.18729092180728912
CAJTUD,CATART03,0.18729092180728912
CAKFEB,CAKFEB01,1.0
CAKFEB,DAHWAM,0.9994805455207825
CAKFEB,CAKFIF,0.9992827773094177
CAKFEB,DEKLIP,0.6998305320739746
CAKFEB,DEKLEL,0.6977653503417969
CAKFEB,DASTEY02,0.45228540897369385
CAKFEB,DASTEY01,0.45228540897369385
CAKFEB01,DAHWAM,0.9994805455207825
CAKFEB01,CAKFIF,0.9992827773094177
CAKFEB01,DEKLIP,0.6998305320739746
CAKFEB01,DEKLEL,0.6977653503417969
CAKFEB01,DASTEY02,0.45228540897369385
CAKFEB01,DASTEY01,0.45228540897369385
CAKFIF,DAHWAM,0.9998192191123962
CAKFIF,DEKLIP,0.6994292140007019
CAKFIF,DEKLEL,0.6985292434692383
CAKFIF,DASTEY01,0.45143643021583557
CAKFIF,DASTEY02,0.45143643021583557
CAKFIF,CELZEA,0.40375569462776184
CAKLOR,DINNIZ,0.9974996447563171
CAKLOR,CETFOX,0.9643369913101196
CAKLOR,CIHFUU,0.9607003927230835
CAKLOR,DEKZEA,0.9455037117004395
CAKLOR,CETFUD,0.8887574672698975
CAKLOR,CONSAA,0.8482882976531982
CAKLOR,DAWNAS,0.10000001639127731
CAKLOR,DEHFUR,0.5235294103622437
CAKLOR,DIJWID,0.6977757811546326
CAKWUI,CAXWUV,0.6076923608779907
CAKWUI,CUMJEB,0.3882264792919159
CAKWUI,CEWQED,0.3878222107887268
CAKWUI,CEWQAZ,0.3878222107887268
CAKWUI,CUKXAI,0.38737258315086365
CAKWUI,COWLIK,0.38737258315086365
CAKWUI,CESPEY,0.38711851835250854
CAKWUI,CESPIC,0.38711851835250854
CAKWUI,CAPQIU,0.2274247407913208
CAKWUI,DENQIZ,0.38624826073646545
CALOXM13,CALOXM16,1.0
CALOXM13,CALOXM15,1.0
CALOXM13,CALOXM14,1.0
CALOXM13,DIVNAY,0.9899851083755493
CALOXM14,CALOXM16,1.0
CALOXM14,CALOXM15,1.0
CALOXM14,DIVNAY,0.9899851083755493
CALOXM15,CALOXM16,1.0
CALOXM15,DIVNAY,0.9899851083755493
CALOXM16,DIVNAY,0.9899851083755493
CANRIU,CANROA,0.9963152408599854
CANRIU,CEMLIS,0.9929812550544739
CANRIU,CEMLOY,0.9929812550544739
CANRIU,CANRUG,0.9445696473121643
CANRIU,CUZBUW,0.6963152885437012
CANROA,CEMLOY,0.9963989853858948
CANROA,CEMLIS,0.9963989853858948
CANROA,CANRUG,0.9463374614715576
CANROA,CUZBUW,0.699999988079071
CANRUG,CEMLOY,0.934018075466156
CANRUG,CEMLIS,0.934018075466156
CANRUG,DIQGUH,0.7000000476837158
CANYIB,CIKCOQ,0.9939473867416382
CANYIB,CEZYOY,0.7823861837387085
CANYIB,DIDBOJ,0.7230768799781799
CANYIB,CAXZOS,0.7230768799781799
CANYIB,DIDBEZ,0.7230768799781799
CANYIB,DIDBAV,0.7230768799781799
CANYIB,CAVFEN,0.47777578234672546
CANYIB,CAVFEN01,0.47777578234672546
CANYIB,CAVFIR,0.47777578234672546
CANYIB,CAVGAK,0.4796275794506073
CANYIB,DABWUA,0.5733118057250977
CAPLOX,CUWWOI,0.9985299110412598
CAPLOX,CAVNOE,0.34343424439430237
CAPLOX,DINYEG,0.5277316570281982
CAPLOX,DINYEG01,0.5277316570281982
CAPLOX,DIXBET,0.5359766483306885
CAPLOX,DIXBET01,0.5359766483306885
CAPQIU,CAXWUV,0.19972294569015503
CAPQIU,DEGPEL,0.1899999976158142
CAQCAZ,CASTEW,0.9999999403953552
CAQCAZ,CEMJOV,0.9999999403953552
CAQCAZ,CEVBEN,0.49874061346054077
CAQHEK,CAQVOI,1.0
CAQHEK,CAQHOU,1.0
CAQHEK,COKMUM,0.9775111675262451
CAQHEK,COKNUN02,0.9775111675262451
CAQHEK,COKNUN01,0.9775111675262451
CAQHEK,COKNUN,0.9775111675262451
CAQHEK,COKPID,0.9731024503707886
CAQHEK,CITWUY,0.2623807489871979
CAQHOU,CAQVOI,1.0
CAQHOU,COKMUM,0.9775111675262451
CAQHOU,COKNUN02,0.9775111675262451
CAQHOU,COKNUN01,0.9775111675262451
CAQHOU,COKNUN,0.9775111675262451
CAQHOU,COKPID,0.9731024503707886
CAQJOW,CAQKAJ01,0.9999999403953552
CAQJOW,CAQKAJ,0.9999999403953552
CAQJOW,DEKYOK,0.9702855944633484
CAQJOW,CUFKAR,0.6586205959320068
CAQJOW,CUFJUK,0.6586205959320068
CAQJOW,DERBIO,0.6478260159492493
CAQJOW,DIBQEM,0.6399999856948853
CAQJOW,CODVAU,0.6215336322784424
CAQKAJ,CAQKAJ01,0.9999999403953552
CAQKAJ,DEKYOK,0.9702855944633484
CAQKAJ,CUFKAR,0.6586205959320068
CAQKAJ,CUFJUK,0.6586205959320068
CAQKAJ,DERBIO,0.6478260159492493
CAQKAJ,DIBQEM,0.6399999856948853
CAQKAJ,CODVAU,0.6215336322784424
CAQKAJ01,DEKYOK,0.9702855944633484
CAQKAJ01,CUFKAR,0.6586205959320068
CAQKAJ01,CUFJUK,0.6586205959320068
CAQKAJ01,DERBIO,0.6478260159492493
CAQKAJ01,DIBQEM,0.6399999856948853
CAQKAJ01,CODVAU,0.6215336322784424
CAQVOI,COKMUM,0.9775111675262451
CAQVOI,COKNUN02,0.9775111675262451
CAQVOI,COKNUN01,0.9775111675262451
CAQVOI,COKNUN,0.9775111675262451
CAQVOI,COKPID,0.9731024503707886
CARFOT,CARFUZ,0.9965804815292358
CARFOT,DEGMAG01,0.7183775901794434
CARFOT,CIJBAB,0.6871715784072876
CARFOT,CIJBIJ,0.687035083770752
CARFOT,DEGMAG,0.7183775901794434
CARFUZ,DEGMAG,0.7165257334709167
CARFUZ,DAWNAS,0.10000001639127731
CARGEK,CERPOF01,0.9986763000488281
CARGEK,CERPOF,0.9986763000488281
CARGEK,CUFFUF,0.9973565340042114
CARGEK,CUFDOX,0.9973565340042114
CARGEK,CUFFOZ,0.9973565340042114
CARGEK,CUFFIT,0.9973565340042114
CARGEK,CUFFEP,0.9973565340042114
CARGEK,CUFDUD,0.9973565340042114
CARGEK,CUMLUT,0.9954773783683777
CARGEK,CEHKUW,0.9954773783683777
CASCOR,CEXJUN03,0.10000000149011612
CASCOR,CEXJUN02,0.10000000149011612
CASCOR,DALCEZ,0.10000000149011612
CASCOR,CIDNIM,0.10000000149011612
CASCOR,DALSOA,0.10000000149011612
CASCOR,DAMYIC,0.10000000149011612
CASCOR,DAMYIC01,0.10000000149011612
CASCOR,CIDKUX,0.10000000149011612
CASCOR,CEZYOY,0.10000000149011612
CASPUJ,DIXKUR,0.9779111742973328
CASPUJ,DIXKUR01,0.9779111742973328
CASPUJ,CUYDEG,0.3650026321411133
CASTEW,CEMJOV,0.9999999403953552
CASTEW,CEVBEN,0.49874061346054077
CASTEW,CEVBIR,0.3487406075000763
CATART03,CATART04,1.0
CATART03,CUGREC,1.0
CATART03,CUGROM,1.0
CATART03,CUGSIH,0.9966550469398499
CATART03,CUGSUT,0.9966550469398499
CATART03,CUGSON,0.9966550469398499
CATART03,CUGQUR,0.9958264827728271
CATART03,COZGED,0.9907075762748718
CATART03,COZGED01,0.9907075762748718
CATART04,CUGREC,1.0
CATART04,CUGROM,1.0
CATART04,CUGSIH,0.9966550469398499
CATART04,CUGSUT,0.9966550469398499
CATART04,CUGSON,0.9966550469398499
CATART04,CUGQUR,0.9958264827728271
CATART04,COZGED,0.9907075762748718
CATART04,COZGED01,0.9907075762748718
CATART04,DEHBIC,0.985809862613678
CATDEH,CAYRIE,1.0
CATDEH,CATDIL,1.0
CATDEH,CAYROK,1.0
CATDEH,CAYSIE,0.8736377954483032
CATDEH,CAYYEG,0.8733617067337036
CATDEH,CAYSOK,0.8733617067337036
CATDEH,CECHAW,0.8724425435066223
CATDEH,DAJVES,0.5951441526412964
CATDEH,DAJWET,0.5933621525764465
CATDEH,DAWNAS,0.10000001639127731
CATDIL,CAYRIE,1.0
CATDIL,CAYROK,1.0
CATDIL,CAYSIE,0.8736377954483032
CATDIL,CAYYEG,0.8733617067337036
CATDIL,CAYSOK,0.8733617067337036
CATDIL,CECHAW,0.8724425435066223
CATDIL,DAJVES,0.5951441526412964
CATDIL,DAJWET,0.5933621525764465
CATDIL,DAWNAS,0.10000001639127731
CATZIJ,DEKBON,0.9985496997833252
CATZIJ,DELGIN,0.9955214262008667
CATZIJ,DITTEH,0.912574052810669
CATZIJ,DIBQEM,0.909629225730896
CAVCEI,DALRAK,0.6371377110481262
CAVCEI,DEKPAL,0.6335371732711792
CAVCEI,DEKPEP,0.6335371732711792
CAVFEN,CAVFEN01,1.0
CAVFEN,CAVFIR,1.0
CAVFEN,CAVGAK,0.9965804815292358
CAVFEN,CUQXAP,0.5891304016113281
CAVFEN,CUQXIX,0.5853658318519592
CAVFEN,COPTUX,0.3092643618583679
CAVFEN,DAWNAS,0.10000001639127731
CAVFEN01,CAVFIR,1.0
CAVFEN01,CAVGAK,0.9965804815292358
CAVFEN01,CUQXAP,0.5891304016113281
CAVFEN01,CUQXIX,0.5853658318519592
CAVFEN01,COPTUX,0.3092643618583679
CAVFEN01,DAWNAS,0.10000001639127731
CAVFIR,CAVGAK,0.9965804815292358
CAVFIR,CUQXAP,0.5891304016113281
CAVFIR,CUQXIX,0.5853658318519592
CAVFIR,COPTUX,0.3092643618583679
CAVGAK,CUQXAP,0.5857109427452087
CAVGAK,CUQXIX,0.5814111232757568
CAVGAK,COPTUX,0.30683648586273193
CAVLIW,CAVLOC,1.0
CAVLIW,DIQGUH,0.6399999856948853
CAVLOC,DIQGUH,0.6399999856948853
CAVMIW,DALSAN,1.0
CAVMIW,CAYSOL,1.0
CAVMIW,COXHON,1.0
CAVMIW,DALSER,1.0
CAVMIW,COXHED,0.9996292591094971
CAVMIW,CECKON,0.9996292591094971
CAVMIW,DAPGUW01,0.9988105893135071
CAVMIW,CECKIH,0.9982883334159851
CAVMIW,CIQYUX,0.49962928891181946
CAVMIW,COXHIH,0.9988105893135071
CAVMIW,DAPHAD01,0.9982883334159851
CAVMIW,DAYMAS,0.4982883334159851
CAVMIX,DAFHEZ,0.397775799036026
CAVMIX,COXFOL,0.397775799036026
CAVMIX,CIFJAE,0.3974996507167816
CAVMIX,DAFHOJ,0.3974996507167816
CAVMIX,DAFHID,0.39650243520736694
CAVMIX,CELZUQ,0.3927338123321533
CAVMIX,DITKAT01,0.37976643443107605
CAVMIX,DITKAT,0.37976643443107605
CAVMIX,CECVAI,0.308345228433609
CAVMUJ,CAVMUJ01,1.0
CAVMUJ,CAVMUJ02,1.0
CAVMUJ,RUBTAK02,0.9972875118255615
CAVMUJ,SURKAT,0.9972875118255615
CAVMUJ01,CAVMUJ02,1.0
CAVMUJ01,RUBTAK02,0.9972875118255615
CAVMUJ01,SURKAT,0.9972875118255615
CAVMUJ03,DAGDEV,0.6329918503761292
CAVMUJ03,COWMEH,0.6258130669593811
CAVMUJ03,DEJTIW,0.6256033778190613
CAVMUJ03,DAGDIZ,0.6256033778190613
CAVMUJ03,DEJTES,0.6256033778190613
CAVMUJ03,COWMAD,0.6250556111335754
CAVMUJ03,COWMIL,0.6244666576385498
CAVMUJ03,CAXVUU,0.39081889390945435
CAVMUJ03,CAXWEF,0.39081889390945435
CAVNOE,CAXTEC,0.3890812397003174
CAVNOE,DACJUO,0.3458902835845947
CAVNOE,CUWWOI,0.344180703163147
CAVQOH,CEBDOD,0.9455037117004395
CAVQOH,DALRAK,0.48815327882766724
CAVQOH,DEKPAL,0.4848501980304718
CAVQOH,DEKPEP,0.4848501980304718
CAVRUO,CAVSAV,0.9972895383834839
CAVRUO,CUMFOG,0.46391329169273376
CAVRUO,CUMKIG,0.4139534533023834
CAVRUO,CUMKIG03,0.4139534533023834
CAVRUO,CUSBUP,0.4000000059604645
CAVRUO,CIDPEM,0.39347824454307556
CAVRUO,COKFAK,0.39347824454307556
CAVRUO,DEPVUQ,0.3596275746822357
CAVRUO,DEPWAX,0.3596275746822357
CAVSAV,CUMFOG,0.45935750007629395
CAVSAV,CUMKIG,0.4112430214881897
CAVSAV,CUMKIG03,0.4112430214881897
CAVSAV,CUSBUP,0.39728957414627075
CAVSOJ,CAVTAW,1.0
CAVSOJ,CAVSUP,0.6275862455368042
CAVSOJ,DIBZIZ,0.41844043135643005
CAVSOJ,DIBZOF,0.41387438774108887
CAVSOJ,DIBZEV,0.41387438774108887
CAVSOJ,CAZLIZ,0.409016877412796
CAVSOJ,CAZLEV,0.409016877412796
CAVSUP,CAVTAW,0.6275862455368042
CAVSUP,DIBZIZ,0.32586899399757385
CAVSUP,DIBZOF,0.32130295038223267
CAVSUP,DIBZEV,0.32130295038223267
CAVSUP,CAZLEV,0.30674412846565247
CAVSUP,CAZLIZ,0.30674412846565247
CAVSUP,CAZLOF,0.30674412846565247
CAVTAW,DIBZIZ,0.41844043135643005
CAVTAW,DIBZOF,0.41387438774108887
CAVTAW,DIBZEV,0.41387438774108887
CAVTAW,CAZLIZ,0.409016877412796
CAVTAW,CAZLEV,0.409016877412796
CAVVOM,CUKJUO,0.9652349948883057
CAVVOM,CESQUP,0.7260869741439819
CAVVOM,COGNAO,0.7260869741439819
CAVVOM,DARCOQ,0.6992310881614685
CAVVOM,CIRSII,0.5465804934501648
CAVVOM,CIRSOO,0.550000011920929
CAVVOM,CISJAQ,0.64000004529953
CAVVOM,COQMAX,0.676811933517456
CAVVOM,COQMEB,0.6005075573921204
CAVWII,DAKZUN,0.9995911717414856
CAVWII,CIFSAO,0.9941704273223877
CAVWII,CIFSES,0.9941704273223877
CAVWII,CIFSIW,0.9941704273223877
CAVWII,COTVUE,0.10000001639127731
CAVWOO,DIGPER,0.999916136264801
CAVWOO,COSWEO,0.9945001602172852
CAVWOO,CUFFEP,0.9941704273223877
CAVWOO,CUFFUF,0.9941704273223877
CAVWOO,CUFFIT,0.9941704273223877
CAVWOO,CUFFOZ,0.9941704273223877
CAVWOO,CAYKEU,0.5488340854644775
CAVWOO,CEDFIC,0.6142019033432007
CAVWOO,CEDFOI,0.6142019033432007
CAVWOO,CEDFUO,0.6142019033432007
CAVWOO,CEDYER,0.5576798319816589
CAVWOO,CEDYER01,0.5576798319816589
CAVWOO,COTVUE,0.10000001639127731
CAVYUW,DIVMUR,0.9999855160713196
CAVYUW,COMFEQ,0.9998704195022583
CAVYUW,DAHPAE,0.9997713565826416
CAVYUW,COMFIU,0.9995371103286743
CAVYUW,DAHNOQ,0.9970688223838806
CAVYUW,DAHNUW,0.9970688223838806
CAVYUW,DIVNAY,0.9961051344871521
CAVYUW,DECDUN,0.9946691393852234
CAWDOU,CAWDOU02,1.0
CAWDOU,CUPHUS,0.5736842155456543
CAWDOU,DEHHIK,0.5733118057250977
CAWDOU,DAPZAW,0.5706310272216797
CAWDOU,DELTAQ,0.5702647566795349
CAWDOU,DELTAQ02,0.5702647566795349
CAWDOU,CUXFUX,0.3808775842189789
CAWDOU02,CUPHUS,0.5736842155456543
CAWDOU02,DEHHIK,0.5733118057250977
CAWDOU02,DAPZAW,0.5706310272216797
CAWDOU02,DELTAQ,0.5702647566795349
CAWDOU02,DELTAQ02,0.5702647566795349
CAWDOU02,CUXFUX,0.3808775842189789
CAWLIY,DITXOU,0.64000004529953
CAWLIY,CIZQUZ,0.64000004529953
CAWLIY,CIZQOT,0.64000004529953
CAWLIY,CUKXIR,0.6374996900558472
CAWVIH,CENQAP,1.0
CAWVIH,DADLOM,0.9974996447563171
CAWVIH,DADLEC,0.9974996447563171
CAWVIH,CENPUI,0.9959937334060669
CAWVIH,DIXGIC,0.9652349948883057
CAXSUR,CIFDUS,0.9887861013412476
CAXSUR,CIFDOM,0.9887861013412476
CAXSUR,DADXUE,0.9849830865859985
CAXSUR,DICPUD,0.9613878726959229
CAXSUR,CUXFIL,0.8466808199882507
CAXSUR,CIQQIE,0.7264219522476196
CAXSUR,DIRPOL,0.7302337884902954
CAXSUR,DIRPUR,0.7302337884902954
CAXTAY,SABVUN01,1.0
CAXTAY,CUZBUW,0.9963989853858948
CAXTAY,CEFNEJ,0.7331249713897705
CAXTAY,CEFNOT,0.7331249713897705
CAXTAY,CEJWAR,0.7280279397964478
CAXTAY,CEMLIS,0.7000000476837158
CAXTAY,CEMLOY,0.7000000476837158
CAXTAY,DAWCIP,0.6927338242530823
CAXTAY,DAZKEX,0.7000000476837158
CAXTAY,DAZMID,0.8199999928474426
CAXTEC,DETRAX,0.6106847524642944
CAXTEC,DIXCET,0.5756736397743225
CAXTEC,CUVHIL02,0.5576767325401306
CAXTEC,CUVHIL,0.5576767325401306
CAXTEC,CUVHIL01,0.5576767325401306
CAXTEC,CUVHEH,0.5576767325401306
CAXTEC,DAFYAN,0.5165107250213623
CAXTEC,DAFYOB,0.5165107250213623
CAXTEC,CUYXOK,0.4978308081626892
CAXVII,CAXWIJ,1.0
CAXVII,CIGXIA,0.41499999165534973
CAXVII,CIPLIX,0.4146292805671692
CAXVII,CIFMIP,0.4146292805671692
CAXVOO,COKPID,1.0
CAXVOO,COKMEW,1.0
CAXVOO,COKNOH,1.0
CAXVOO,COKNOH01,1.0
CAXVOO,COKQIE,1.0
CAXVOO,CAXWAB,1.0
CAXVOO,COKQEA,0.9996292591094971
CAXVOO,CUVTUJ,0.9996292591094971
CAXVOO,COKMIA,0.9996292591094971
CAXVOO,COKPOJ,0.9996292591094971
CAXVOO,COKMUM,0.9989085793495178
CAXVOO,COKNAT,0.9982883334159851
CAXVOO,COKNUN,0.9989085793495178
CAXVOO,COKNUN01,0.9989085793495178
CAXVOO,COKNUN02,0.9989085793495178
CAXVOO,COKPEZ,0.9968050718307495
CAXVOO,COKPUP,0.9982883334159851
CAXVOO,COKQOK,0.9982883334159851
CAXVUU,CAXWEF,1.0
CAXVUU,DAGDEV,0.3989086151123047
CAXVUU,DAGDIZ,0.39552146196365356
CAXVUU,DEJTES,0.39552146196365356
CAXVUU,DEJTIW,0.39552146196365356
CAXVUU,COWMEH,0.37310248613357544
CAXVUU,COWMUX,0.3730863034725189
CAXVUU,COWMIL,0.3727455139160156
CAXWAB,COKPID,1.0
CAXWAB,COKMEW,1.0
CAXWAB,COKNOH,1.0
CAXWAB,COKNOH01,1.0
CAXWAB,COKQIE,1.0
CAXWAB,COKQEA,0.9996292591094971
CAXWAB,CUVTUJ,0.9996292591094971
CAXWAB,COKMIA,0.9996292591094971
CAXWAB,COKPOJ,0.9996292591094971
CAXWAB,COKMUM,0.9989085793495178
CAXWAB,COKNAT,0.9982883334159851
CAXWAB,COKNUN,0.9989085793495178
CAXWAB,COKNUN01,0.9989085793495178
CAXWAB,COKNUN02,0.9989085793495178
CAXWAB,COKPEZ,0.9968050718307495
CAXWAB,COKPUP,0.9982883334159851
CAXWAB,COKQOK,0.9982883334159851
CAXWEF,DAGDEV,0.3989086151123047
CAXWEF,DEJTES,0.39552146196365356
CAXWEF,DAGDIZ,0.39552146196365356
CAXWEF,DEJTIW,0.39552146196365356
CAXWEF,COWMEH,0.37310248613357544
CAXWEF,COWMUX,0.3730863034725189
CAXWEF,COWMIL,0.3727455139160156
CAXWIJ,CIGXIA,0.41499999165534973
CAXWIJ,CIPLIX,0.4146292805671692
CAXWIJ,CIFMIP,0.4146292805671692
CAXWOP,DEFTAL01,0.4228214621543884
CAXWOP,DEFTAL,0.4228214621543884
CAXWOP,CAXWUV,0.42264148592948914
CAXWOP,DACZUF,0.4212895631790161
CAXWUV,COPTUX,0.3930232524871826
CAXWUV,DAYWOS,0.362959086894989
CAXZOS,DIDBID,0.9999999403953552
CAXZOS,DIDBEZ,0.9999999403953552
CAXZOS,DIDBOJ,0.9999999403953552
CAXZOS,DIDBAV,0.9999999403953552
CAXZOS,CAXZUY,0.9997506737709045
CAXZOS,CIJBEE,0.7545454502105713
CAXZOS,CEYPUT,0.7545454502105713
CAXZOS,DABWUA,0.49193528294563293
CAXZUY,DIDBAV,0.9997506737709045
CAXZUY,DIDBEZ,0.9997506737709045
CAXZUY,DIDBOJ,0.9997506737709045
CAXZUY,DIDBID,0.9997506737709045
CAXZUY,DABWUA,0.49225717782974243
CAYBAH,CAYBAH01,1.0
CAYBAH,COMVAC,0.3700000047683716
CAYBAH,DIBXIW,0.3700000047683716
CAYBAH,COMVEG,0.3622806966304779
CAYBAH,CUIMDZ01,0.3142857253551483
CAYBAH,CUIMDZ03,0.3142857253551483
CAYBAH01,COMVAC,0.3700000047683716
CAYBAH01,DIBXIW,0.3700000047683716
CAYBAH01,COMVEG,0.3622806966304779
CAYBAH01,CUIMDZ01,0.3142857253551483
CAYBAH01,CUIMDZ03,0.3142857253551483
CAYDEN,CAYFAL,1.0
CAYDEN,CAYGIU,1.0
CAYDEN,CAYDOX05,1.0
CAYDEN,CAYDOX04,1.0
CAYDEN,CAYDOX03,1.0
CAYDEN,CAYDOX02,1.0
CAYDEN,CAYDIR,1.0
CAYDEN,CAYDUD,1.0
CAYDEN,CAYDOX06,1.0
CAYDEN,CAYDOX01,1.0
CAYDEN,CAYDOX,1.0
CAYDEN,CUMJAX,0.42656639218330383
CAYDEN,CUMJEB,0.5256140232086182
CAYDIR,CAYFAL,1.0
CAYDIR,CAYGIU,1.0
CAYDIR,CAYDOX05,1.0
CAYDIR,CAYDOX04,1.0
CAYDIR,CAYDOX03,1.0
CAYDIR,CAYDOX02,1.0
CAYDIR,CAYDUD,1.0
CAYDIR,CAYDOX06,1.0
CAYDIR,CAYDOX01,1.0
CAYDIR,CUMJEB,0.5256140232086182
CAYDIR,DACQOQ,0.23201093077659607
CAYDOX,CAYFAL,1.0
CAYDOX,CAYGIU,1.0
CAYDOX,CAYDOX05,1.0
CAYDOX,CAYDOX04,1.0
CAYDOX,CAYDOX03,1.0
CAYDOX,CAYDOX02,1.0
CAYDOX,CAYDUD,1.0
CAYDOX,CAYDOX06,1.0
CAYDOX,CAYDOX01,1.0
CAYDOX,CUMJEB,0.5256140232086182
CAYDOX,DACQOQ,0.23201093077659607
CAYDOX01,CAYFAL,1.0
CAYDOX01,CAYGIU,1.0
CAYDOX01,CAYDOX05,1.0
CAYDOX01,CAYDOX04,1.0
CAYDOX01,CAYDOX03,1.0
CAYDOX01,CAYDOX02,1.0
CAYDOX01,CAYDUD,1.0
CAYDOX01,CAYDOX06,1.0
CAYDOX01,CUMJAX,0.42656639218330383
CAYDOX02,CAYFAL,1.0
CAYDOX02,CAYGIU,1.0
CAYDOX02,CAYDOX05,1.0
CAYDOX02,CAYDOX04,1.0
CAYDOX02,CAYDOX03,1.0
CAYDOX02,CAYDUD,1.0
CAYDOX02,CAYDOX06,1.0
CAYDOX02,CUMJAX,0.42656639218330383
CAYDOX03,CAYFAL,1.0
CAYDOX03,CAYGIU,1.0
CAYDOX03,CAYDOX05,1.0
CAYDOX03,CAYDOX04,1.0
CAYDOX03,CAYDUD,1.0
CAYDOX03,CAYDOX06,1.0
CAYDOX03,CUMJAX,0.42656639218330383
CAYDOX03,DACQOQ,0.23201093077659607
CAYDOX04,CAYFAL,1.0
CAYDOX04,CAYGIU,1.0
CAYDOX04,CAYDOX05,1.0
CAYDOX04,CAYDUD,1.0
CAYDOX04,CAYDOX06,1.0
CAYDOX04,CUMJAX,0.42656639218330383
CAYDOX04,CUMJEB,0.5256140232086182
CAYDOX04,DACQOQ,0.23201093077659607
CAYDOX05,CAYFAL,1.0
CAYDOX05,CAYGIU,1.0
CAYDOX05,CAYDUD,1.0
CAYDOX05,CAYDOX06,1.0
CAYDOX05,CUMJAX,0.42656639218330383
CAYDOX05,CUMJEB,0.5256140232086182
CAYDOX05,DACQOQ,0.23201093077659607
CAYDOX05,DENQEV,0.4000000059604645
CAYDOX06,CAYFAL,1.0
CAYDOX06,CAYGIU,1.0
CAYDOX06,CAYDUD,1.0
CAYDOX06,CUMJEB,0.5256140232086182
CAYDOX06,DACQOQ,0.23201093077659607
CAYDUD,CAYFAL,1.0
CAYDUD,CAYGIU,1.0
CAYDUD,CUMJEB,0.5256140232086182
CAYFAL,CAYGIU,1.0
CAYFAL,CUMJAX,0.42656639218330383
CAYFAL,CUMJEB,0.5256140232086182
CAYFAL,DACQOQ,0.23201093077659607
CAYKEU,DIGPER,0.548926591873169
CAYKOF,CEFNIN,0.6065664291381836
CAYKOF,CODVAU,0.563636302947998
CAYKOF,DERBIO,0.5606139898300171
CAYKOF,CEMBII,0.5577203631401062
CAYKOF,CEJXEW,0.5475251078605652
CAYQAV,CECVOW,0.4901461899280548
CAYRIE,CAYROK,1.0
CAYRIE,CAYSIE,0.8736377954483032
CAYRIE,CAYYEG,0.8733617067337036
CAYRIE,CAYSOK,0.8733617067337036
CAYRIE,CECHAW,0.8724425435066223
CAYRIE,DAJVES,0.5951441526412964
CAYRIE,DAJWET,0.5933621525764465
CAYROK,CAYSIE,0.8736377954483032
CAYROK,CAYYEG,0.8733617067337036
CAYROK,CAYSOK,0.8733617067337036
CAYROK,CECHAW,0.8724425435066223
CAYROK,DAJVES,0.5951441526412964
CAYROK,DAJWET,0.5933621525764465
CAYSIE,CECHAW,0.9996275901794434
CAYSIE,CAYYEG,0.9972895383834839
CAYSIE,CAYSOK,0.9972895383834839
CAYSIE,DAJVES,0.6142857074737549
CAYSIE,DAJWET,0.6106009483337402
CAYSIE,DIBJEF,0.5989452600479126
CAYSIE,DIBJIJ,0.5989452600479126
CAYSOK,CAYYEG,1.0
CAYSOK,CECHAW,0.9950717687606812
CAYSOK,DAJVES,0.6115753054618835
CAYSOK,COKROL,0.5988947153091431
CAYSOK,DAJWET,0.6097791194915771
CAYSOK,DIBJEF,0.6071009635925293
CAYSOK,DIBJIJ,0.6071009635925293
CAYSOL,DALSER,1.0
CAYSOL,COXHON,1.0
CAYSOL,DALSAN,1.0
CAYSOL,COXHED,0.9996292591094971
CAYSOL,CECKON,0.9996292591094971
CAYSOL,COXHIH,0.9988105893135071
CAYSOL,CECKIH,0.9982883334159851
CAYSOL,DAPGUW01,0.9988105893135071
CAYSOL,DAPHAD01,0.9982883334159851
CAYSOL,DAYMAS,0.4982883334159851
CAYYEG,CECHAW,0.9950717687606812
CAYYEG,DAJVES,0.6115753054618835
CAYYEG,DAJWET,0.6097791194915771
CAYYEG,DIBJEF,0.6071009635925293
CAYYEG,DIBJIJ,0.6071009635925293
CAZLEV,CAZLIZ,1.0
CAZLEV,CAZLOF,0.8615384697914124
CAZLEV,CEBDOD,0.412406861782074
CAZLEV,DALRAK,0.7230769395828247
CAZLEV,DEKPAL,0.7220803499221802
CAZLEV,DEKPEP,0.7220803499221802
CAZLEV,DINDUZ,0.5166876316070557
CAZLEV,DINDUZ01,0.5166876316070557
CAZLIZ,CAZLOF,0.8615384697914124
CAZLIZ,CEBDOD,0.412406861782074
CAZLIZ,DALRAK,0.7230769395828247
CAZLIZ,DEKPAL,0.7220803499221802
CAZLIZ,DEKPEP,0.7220803499221802
CAZLIZ,DINDUZ,0.5166876316070557
CAZLIZ,DINDUZ01,0.5166876316070557
CAZLOF,CEBDOD,0.412406861782074
CAZLOF,DALRAK,0.7230769395828247
CAZLOF,DEKPAL,0.7220803499221802
CAZLOF,DEKPEP,0.7220803499221802
CAZLOF,DINDUZ,0.5166876316070557
CAZLOF,DINDUZ01,0.5166876316070557
CAZNEY,CUYWUP,0.895781397819519
CAZNEY,CUTKEI,0.8939295411109924
CAZNEY,CEPXUT,0.6225805878639221
CAZNEY,CEPXON,0.6223313212394714
CDCACD,CDCACD01,1.0
CDCACD,DALVAQ,1.0
CDCACD,DABMEB,1.0
CDCACD,DANZEX,0.9970499873161316
CDCACD,DALVEU,0.9820774793624878
CDCACD,DALVIY,0.9821406006813049
CDCACD01,DALVAQ,1.0
CDCACD01,DABMEB,1.0
CDCACD01,DANZEX,0.9970499873161316
CDCYAC,DIJWID,0.509332001209259
CDCYAC,CEWNIB,0.4966231882572174
CDCYAC,CNPRCV,0.2559170722961426
CDLGLU01,CDLGLU12,1.0
CDLGLU01,CDLGLU11,1.0
CDLGLU01,CDLGLU10,1.0
CDLGLU01,CDLGLU02,1.0
CDLGLU01,CUGLTM,0.9922806620597839
CDLGLU01,CUGLTM02,0.9922806620597839
CDLGLU01,CUGLTM01,0.9922806620597839
CDLGLU01,DIJWID,0.47289472818374634
CDLGLU02,CDLGLU12,1.0
CDLGLU02,CDLGLU11,1.0
CDLGLU02,CDLGLU10,1.0
CDLGLU02,CUGLTM,0.9922806620597839
CDLGLU02,CUGLTM02,0.9922806620597839
CDLGLU02,CUGLTM01,0.9922806620597839
CDLGLU02,DIJWID,0.47289472818374634
CDLGLU10,CDLGLU12,1.0
CDLGLU10,CDLGLU11,1.0
CDLGLU10,CUGLTM,0.9922806620597839
CDLGLU10,CUGLTM02,0.9922806620597839
CDLGLU10,CUGLTM01,0.9922806620597839
CDLGLU10,DIJWID,0.47289472818374634
CDLGLU11,CDLGLU12,1.0
CDLGLU11,CUGLTM,0.9922806620597839
CDLGLU11,CUGLTM02,0.9922806620597839
CDLGLU11,CUGLTM01,0.9922806620597839
CDLGLU11,DIJWID,0.47289472818374634
CDLGLU12,CUGLTM,0.9922806620597839
CDLGLU12,CUGLTM02,0.9922806620597839
CDLGLU12,CUGLTM01,0.9922806620597839
CDLGLU12,DIJWID,0.47289472818374634
CEBDOD,DEKPAL,0.4593624174594879
CEBDOD,DEKPEP,0.4593624174594879
CEBDOD,DALRAK,0.456156849861145
CEBDOD,DEXZIS,0.10000000149011612
CEBGAS,CIJBEE,0.4535714089870453
CEBGAS,CEYPUT01,0.4535714089870453
CEBGAS,CEYPUT,0.4535714089870453
CECHAW,DAJVES,0.6139132976531982
CECHAW,DAJWET,0.6089465022087097
CECHAW,DIBJEF,0.5965223908424377
CECHAW,DIBJIJ,0.5965223908424377
CECKIH,DAPHAD01,1.0
CECKIH,DALSAN,0.9982883334159851
CECKIH,COXHON,0.9982883334159851
CECKIH,DALSER,0.9982883334159851
CECKIH,CECKON,0.9977757334709167
CECKIH,COXHED,0.9977757334709167
CECKIH,CETKOE,0.2800000011920929
CECKIH,DAYMAS,0.5
CECKON,COXHED,0.9999999403953552
CECKON,DAPGUW01,0.9997506737709045
CECKON,COXHIH,0.9997506737709045
CECKON,DALSAN,0.9996292591094971
CECKON,DALSER,0.9996292591094971
CECKON,COXHON,0.9996292591094971
CECKON,DAPHAD01,0.9977757334709167
CECKON,CIQYUX,0.5
CECVAI,CUBBEI,0.28408050537109375
CECVAI,DIWNAA,0.2561992406845093
CECVAI,COKNIB01,0.25
CECVAI,COKNIB02,0.25
CECVIQ,CECVOW,0.9977362751960754
CECVIQ,DIJCOP,0.9774142503738403
CECVIQ,DIJCOP01,0.9774142503738403
CECVIQ,COYTOA,0.6994630694389343
CECVIQ,COYTUG01,0.69911128282547
CECVIQ,COYTUG,0.69911128282547
CECVIQ,COYVAO01,0.6988341212272644
CECVIQ,COYVAO,0.6988341212272644
CECVIQ,COYVES,0.69855135679245
CECVIQ,COYVES01,0.69855135679245
CECVOW,DIJCOP,0.9756634831428528
CECVOW,DIJCOP01,0.9756634831428528
CECVOW,COYTUG01,0.6987544298171997
CECVOW,COYTUG,0.6987544298171997
CECVOW,COYTEQ,0.6987370252609253
CECVOW,COYVAO,0.6972488164901733
CECVOW,COYVAO01,0.6972488164901733
CECWIT,CEDTOX,1.0
CECWIT,DECJON,0.50746089220047
CECWIT,CEHKUW,0.4483870565891266
CECWIT,DIMBOS,0.33773523569107056
CEDFIC,CEDFOI,1.0
CEDFIC,CEDFUO,1.0
CEDFIC,CEDYER,0.9436519145965576
CEDFIC,CEDYER01,0.9436519145965576
CEDFIC,CIJLIT,0.7588788270950317
CEDFIC,DIGPER,0.6142857074737549
CEDFIC,CEJNOU,0.316080242395401
CEDFIC,CIFGUV,0.43589287996292114
CEDFIC,CIMFUB,0.3196960985660553
CEDFIC,CSTNME01,0.259585976600647
CEDFIC,DALSUH,0.5763867497444153
CEDFIC,DALTAO,0.5759511590003967
CEDFOI,CEDFUO,1.0
CEDFOI,CEDYER,0.9436519145965576
CEDFOI,CEDYER01,0.9436519145965576
CEDFOI,CIJLIT,0.7588788270950317
CEDFOI,DIGPER,0.6142857074737549
CEDFOI,CEJNOU,0.316080242395401
CEDFOI,CIFGUV,0.43589287996292114
CEDFOI,CIMFUB,0.3196960985660553
CEDFOI,CSTNME01,0.259585976600647
CEDFOI,DALSUH,0.5763867497444153
CEDFOI,DALTAO,0.5759511590003967
CEDFUO,CEDYER,0.9436519145965576
CEDFUO,CEDYER01,0.9436519145965576
CEDFUO,CIJLIT,0.7588788270950317
CEDFUO,DIGPER,0.6142857074737549
CEDFUO,CEJNOU,0.316080242395401
CEDFUO,CIFGUV,0.43589287996292114
CEDFUO,CIMFUB,0.3196960985660553
CEDFUO,CSTNME01,0.259585976600647
CEDFUO,DALSUH,0.5763867497444153
CEDFUO,DALTAO,0.5759511590003967
CEDTOX,DECJON,0.50746089220047
CEDTOX,CEHKUW,0.4483870565891266
CEDTOX,DIMBOS,0.33773523569107056
CEDYER,CEDYER01,0.9999999403953552
CEDYER,CIJLIT,0.6916449069976807
CEDYER,COSWEO,0.5693281292915344
CEDYER,DIGPER,0.5579376220703125
CEDYER,CEJNOU,0.295747846364975
CEDYER,CIWNIH,0.2452431619167328
CEDYER,COVRUC,0.23370470106601715
CEDYER,CSTNME01,0.2799999713897705
CEDYER,DETGIT,0.32024314999580383
CEDYER01,CIJLIT,0.6916449069976807
CEDYER01,COSWEO,0.5693281292915344
CEDYER01,DIGPER,0.5579376220703125
CEDYER01,CIWNIH,0.2452431619167328
CEDYER01,COVRUC,0.23370470106601715
CEDYER01,CSTNME01,0.2799999713897705
CEDYER01,DETGIT,0.32024314999580383
CEFDAU,CIMZII,0.5736842155456543
CEFDAU,CODFEH,0.5711838603019714
CEFDAU,DINNEV,0.4406329393386841
CEFDAU,CUCITD02,0.4394376575946808
CEFDAU,CUCITD,0.4394376575946808
CEFDAU,CUCITD01,0.4394376575946808
CEFDAU,CUCITD03,0.4394376575946808
CEFDAU,DANWUL,0.398288369178772
CEFHAZ,DAHJUR,0.2906920313835144
CEFNEJ,CEFNOT,1.0
CEFNEJ,CUSXIY,0.9965804815292358
CEFNEJ,CUZBUW,0.7349216938018799
CEFNEJ,SABVUN01,0.7331249713897705
CEFNEJ,COQJAV,0.4921306073665619
CEFNEJ,COQJEZ,0.4921306073665619
CEFNIN,DERBIO,0.8496274948120117
CEFNIN,CEMBII,0.835182249546051
CEFNIN,CEJXEW,0.8182850480079651
CEFNIN,COKRUR,0.6027441024780273
CEFNIN,COQJAV,0.5186011791229248
CEFNIN,COQJEZ,0.5186011791229248
CEFNOT,CUSXIY,0.9965804815292358
CEFNOT,CUZBUW,0.7349216938018799
CEFNOT,SABVUN01,0.7331249713897705
CEFNOT,COQJAV,0.4921306073665619
CEFNOT,COQJEZ,0.4921306073665619
CEGDUO,DAYYIN,0.2846376895904541
CEGDUO,CUSFAZ,0.2844467759132385
CEGDUO,CIJBEC,0.17200002074241638
CEGFAW,VELVOY,0.9944032430648804
CEGFAW,CIMFUB,0.49040329456329346
CEGFAW,DEBXUG,0.454403281211853
CEGFAW,CUGLIB,0.40000003576278687
CEGFAW,CUGYIO,0.40000003576278687
CEGFAW,CUZLAM,0.3612903356552124
CEGFAW,DINTID,0.34894680976867676
CEGJOO,DEFXEU,0.3602757751941681
CEGJOO,DAYGUH,0.32076483964920044
CEGJOO,DEKCEE,0.30117952823638916
CEGJOO,DEKCII,0.30001765489578247
CEGJOO,COMVAC,0.2696574330329895
CEGJOO,CEHZAR,0.22480684518814087
CEGJOO,CEHZAR01,0.22480684518814087
CEGWER,DINNEV,0.3999089002609253
CEGWER,CUCITD01,0.3959804177284241
CEGWER,CUCITD02,0.3959804177284241
CEGWER,CUCITD03,0.3959804177284241
CEGWER,CUCITD,0.3959804177284241
CEGWER,DINDUZ01,0.39411482214927673
CEHKUW,CUMLUT,1.0
CEHKUW,DEPXIG,0.9970499873161316
CEHKUW,CIBTIT,0.9970499873161316
CEHKUW,DEPXOM,0.9970499873161316
CEHKUW,CEHLAD,0.9962353706359863
CEHKUW,CERPOF,0.9921848177909851
CEHKUW,CERPOF01,0.9921848177909851
CEHKUW,CICYIX,0.4272727370262146
CEHLAD,CIGXIA,0.9982883334159851
CEHLAD,CIPLIX,0.9977757334709167
CEHLAD,CIFMIP,0.9977757334709167
CEHLAD,DEPXOM,0.9974996447563171
CEHLAD,CIBTIT,0.9974996447563171
CEHLAD,CISJAQ,0.64000004529953
CEHLAD,CUMLUT,0.9962353706359863
CEHLAD,CUVTIX,0.43000003695487976
CEHLAD,CUVTOD,0.621052622795105
CEHLAD,DAPHOU,0.7000000476837158
CEHLAD,DEMNOB,0.8199999928474426
CEHLAD,DEPXIG,0.9974996447563171
CEHQOX,DICJUW,0.9845980405807495
CEHQOX,CUKBEQ,0.6746762990951538
CEHQOX,CORZOA,0.6733565330505371
CEHQOX,CORZIU,0.6733565330505371
CEHQOX,CIQHIW,0.6714773774147034
CEHQOX,CIQHES,0.6714773774147034
CEHQOX,CIQHOC,0.6631268262863159
CEHWIX,CEHWOD,1.0
CEHWIX,DEYNIG,0.9999494552612305
CEHWIX,CEHXIY,0.9999494552612305
CEHWIX,DENGAH,0.9955241084098816
CEHWIX,CEVVIJ,0.9955241084098816
CEHWIX,CEVVEF,0.9955241084098816
CEHWIX,DENFUA,0.9955241084098816
CEHWIX,DAXKOE,0.6117729544639587
CEHWIX,DAXKIY,0.6117729544639587
CEHWIX,DINQUM,0.4461033344268799
CEHWIX,DINTID,0.4461033344268799
CEHWOD,DEYNIG,0.9999494552612305
CEHWOD,CEHXIY,0.9999494552612305
CEHWOD,DENGAH,0.9955241084098816
CEHWOD,CEVVIJ,0.9955241084098816
CEHWOD,CEVVEF,0.9955241084098816
CEHWOD,DENFUA,0.9955241084098816
CEHWOD,DAXKOE,0.6117729544639587
CEHWOD,DAXKIY,0.6117729544639587
CEHXIY,DEYNIG,1.0
CEHXIY,DENGAH,0.9950717687606812
CEHXIY,CEVVEF,0.9950717687606812
CEHXIY,CEVVIJ,0.9950717687606812
CEHXIY,DENFUA,0.9950717687606812
CEHXIY,DAXKIY,0.6119816303253174
CEHXIY,DAXKOE,0.6119816303253174
CEHXIY,DINQUM,0.446153849363327
CEHXIY,DINTID,0.446153849363327
CEHZAR,CEHZAR01,1.0
CEHZAR,DAGGOK,0.27685919404029846
CEHZAR,DAGGUQ,0.27685919404029846
CEHZAR,DEKCEE,0.20207750797271729
CEHZAR,DEKCII,0.20011824369430542
CEHZAR01,DAGGOK,0.27685919404029846
CEHZAR01,DAGGUQ,0.27685919404029846
CEHZAR01,DEKCEE,0.20207750797271729
CEHZAR01,DEKCII,0.20011824369430542
CEHZAR01,CIFGUT,0.17867738008499146
CEHZAR01,DEXXAF,0.17867738008499146
CEJFOO,CEJGAB,0.9996292591094971
CEJFOO,CURSEO,0.9996292591094971
CEJFOO,DEGSIS,0.9996275901794434
CEJFOO,DEGSIS01,0.9996275901794434
CEJFOO,CEJFUU,0.9972895383834839
CEJFOO,DOBGAD,0.663947343826294
CEJFOO,CIGYEY,0.43712756037712097
CEJFOO,CIYZUG,0.4814457595348358
CEJFOO,DIKJUD,0.6096276044845581
CEJFUU,CURSEO,0.9989085793495178
CEJFUU,CEJGAB,0.9989085793495178
CEJFUU,DEGSIS,0.9950717687606812
CEJFUU,DEGSIS01,0.9950717687606812
CEJFUU,DOBGAD,0.6670500040054321
CEJFUU,DIKJUD,0.6050717830657959
CEJGAB,CURSEO,1.0
CEJGAB,DEGSIS01,0.9985496997833252
CEJGAB,DEGSIS,0.9985496997833252
CEJGAB,DOBGAD01,0.6655214428901672
CEJGAB,CIYZUG,0.48036789894104004
CEJGAB,DEBBIY,0.6437429189682007
CEJGAB,DIKJUD,0.6085497140884399
CEJNOU,CSTNME01,0.39644715189933777
CEJNOU,CIFGUV,0.381348192691803
CEJNOU,DETGIT,0.345167875289917
CEJSUG,CIXCOD,0.455524742603302
CEJSUG,CUSBUO,0.43355825543403625
CEJSUG,DIBJEF,0.39569106698036194
CEJSUG,DIBJIJ,0.39569106698036194
CEJSUG,DETGIT,0.3555247485637665
CEJSUG,DEXZIS,0.10000000149011612
CEJWAR,CUZBUW,0.733069896697998
CEJWAR,SABVUN01,0.7280279397964478
CEJWAR,DENTEW01,0.40927889943122864
CEJWAR,DENVEY,0.4105431139469147
CEJWAR,DENVIC,0.40927889943122864
CEJWAR,DENVOI,0.4074467420578003
CEJXEW,CEMBII,0.9939729571342468
CEJXEW,DERBIO,0.9702855944633484
CEJXEW,DAKZUN,0.8499999046325684
CEJXEW,DEKYOK,0.647826075553894
CEJXEW,DITJIB,0.771311342716217
CEJXEW,DITJOH,0.7689729332923889
CEJXIA,CORZOA,0.9941616058349609
CEJXIA,CORZIU,0.9941616058349609
CEJXIA,CUKBEQ,0.9884202480316162
CEJXIA,CIQHIW,0.9808584451675415
CEJXIA,CIQHES,0.9808584451675415
CEJXIA,CIQHOC,0.9657220840454102
CEJXIA,DICJUW,0.6745291948318481
CEJXOG,CEZZEN,0.5852458477020264
CEJXOG,CEZZIR,0.5852458477020264
CEJXOG,CUHYUB,0.6998305320739746
CEJXOG,CUJCIV,0.6994292140007019
CEJXOG,CUJCOB,0.6999353170394897
CEJXOG,DITVOT,0.45024582743644714
CEKHIL,CUFGIV,0.9702855944633484
CEKHIL,DIMDAG,0.9564473628997803
CEKHIL,DEXKEZ,0.7179791927337646
CEKHIL,DEBBIY,0.6536580920219421
CEKHIL,DAZZUC,0.6498297452926636
CEKHUY,CITXUZ,0.7545455098152161
CEKHUY,DEMNOB,0.7394376397132874
CEKWEW,COLPEA,0.761764645576477
CEKWEW,DAWFEO,0.7499999403953552
CEKWEW,CUQYEU,0.7405879497528076
CEKWEW,CEQPIA,0.6499999165534973
CEKWEW,DIYRIO,0.5135135054588318
CEKWEW,DAWWEF,0.4326086938381195
CEKWEW,DAXDUE,0.4534803330898285
CEKWEW,DAXFEQ,0.4680543541908264
CEKYIC,DEHBIC,0.9821406006813049
CEKYIC,CUGQUR,0.9623563885688782
CEKYIC,COZGED,0.9611314535140991
CEKYIC,COZGED01,0.9611314535140991
CEKYIC,CUGSUT,0.9534308314323425
CEKYIC,CIMZII,0.44623541831970215
CEKYIC,CODFEH,0.447050005197525
CEKYIC,DANWUL,0.39552146196365356
CEKYIC,DISROP,0.4510537087917328
CELNUE,CUMDOE,0.6842026114463806
CELNUE,CUMDIY,0.6841917037963867
CELNUE,CIHNIR,0.2942221760749817
CELNUE,COBWIZ,0.2546616792678833
CELNUE,CYTPCD10,0.26375871896743774
CELZEA,CIHNEO,0.9917930960655212
CELZEA,CIYJAW,0.5632216930389404
CELZEA,DALRAK,0.4976154863834381
CELZEA,DEKPEP,0.4964221119880676
CELZEA,DEKPAL,0.4964221119880676
CELZEA,COQMAX,0.4405537247657776
CELZEA,COBWEV,0.25726884603500366
CELZEA,DEFFEC,0.26292160153388977
CELZIE,DIHVIB,0.6378308534622192
CELZIE,DIHVIB01,0.6378308534622192
CELZIE,CIFMIP,0.6363990306854248
CELZIE,CIPLIX,0.6363990306854248
CELZIE,CIGXIA,0.6342254281044006
CELZOK,DIHVIB01,0.7331249713897705
CELZOK,DIHVIB,0.7331249713897705
CELZOK,CIPLIX,0.7316931486129761
CELZOK,CIFMIP,0.7316931486129761
CELZOK,CIGXIA,0.7295195460319519
CELZUQ,DAFHID,0.9974676966667175
CELZUQ,DAFHEZ,0.9963989853858948
CELZUQ,COXFOL,0.9963989853858948
CELZUQ,DAFHOJ,0.9887861013412476
CELZUQ,CIFJAE,0.9887861013412476
CELZUQ,DITKAT01,0.9701295495033264
CELZUQ,DITKAT,0.9701295495033264
CELZUQ,COXKUW,0.9690567255020142
CELZUQ,COXLAD,0.9613878726959229
CEMBII,DERBIO,0.9877029657363892
CEMBII,CODVAU,0.5950537323951721
CEMBII,DEKYOK,0.6417990326881409
CEMBII,DITJIB,0.7700140476226807
CEMBII,DITJOH,0.7749999761581421
CEMJOV,CEVBEN,0.49874061346054077
CEMJOV,CEVBIR,0.3487406075000763
CEMLIS,CEMLOY,1.0
CEMLIS,SABVUN01,0.7000000476837158
CEMLIS,CUZBUW,0.6963990330696106
CEMLOY,SABVUN01,0.7000000476837158
CEMLOY,CUZBUW,0.6963990330696106
CEMMUD,CORYUE,0.3302801251411438
CEMMUD,CIFGOP,0.30209559202194214
CEMMUD,CNSMAG,0.10000001639127731
CEMMUD,CNSMAG01,0.10000001639127731
CENLEP,DEGPEL,0.32499998807907104
CENLEP,CICSOW01,0.32354971766471863
CENLEP,CICSOW,0.32354971766471863
CENLEP,DAWMUL,0.10000000149011612
CENPUI,CENQAP,0.9959937334060669
CENPUI,DADLEC,0.9954933524131775
CENPUI,DADLOM,0.9954933524131775
CENPUI,DIXGIC,0.9598385691642761
CENQAP,DADLOM,0.9974996447563171
CENQAP,DADLEC,0.9974996447563171
CENQAP,DIXGIC,0.9652349948883057
CEPBEH,CEPBOR,0.9974996447563171
CEPBEH,CIFMAH,0.6857510805130005
CEPBEH,DIBQEM,0.6857510805130005
CEPBEH,DIBQOW,0.6857510805130005
CEPBEH,DIBQIQ,0.6857510805130005
CEPBEH,DAPYAW,0.6855115294456482
CEPBOR,DIBQEM,0.6862372756004333
CEPBOR,DIBQOW,0.6862372756004333
CEPBOR,CIFMAH,0.6862372756004333
CEPBOR,DIBQIQ,0.6862372756004333
CEPXON,DAKVUI,0.9999494552612305
CEPXON,CEPXUT,0.9997506737709045
CEPXON,DAKVOC,0.9965023994445801
CEPXON,CEPYII,0.9965023994445801
CEPXON,DAKVIW,0.9921966195106506
CEPXON,DEYMOL,0.9799547791481018
CEPXON,CUYWUP,0.6785208582878113
CEPXON,CUTKEI,0.6750738024711609
CEPXON,CILLAL,0.5499494671821594
CEPXUT,DAKVUI,0.9996275901794434
CEPXUT,CEPYII,0.9977757334709167
CEPXUT,DAKVOC,0.9977757334709167
CEPXUT,DAKVIW,0.9939473867416382
CEPXUT,DEYMOL,0.9809048175811768
CEPXUT,CUYWUP,0.6781989336013794
CEPXUT,CUTKEI,0.6763471364974976
CEPXUT,CILLAL,0.5496275424957275
CEPXUT,CUVTIX,0.429354727268219
CEPYII,DAKVOC,1.0
CEPYII,DAKVUI,0.9965804815292358
CEPYII,DAKVIW,0.9962353706359863
CEPYII,DEYMOL,0.9795385599136353
CEPYII,CUTKEI,0.6785714030265808
CEPYII,CUYWUP,0.6751518845558167
CEPYII,CILLAL,0.5465804934501648
CEPYII,CUVTIX,0.43157896399497986
CEQPIA,COLPEA,0.6351351141929626
CEQPIA,DAWFEO,0.6307691931724548
CEQPIA,CUQYEU,0.6139584183692932
CEQPIA,DAWWEF,0.4326086938381195
CEQPIA,DIYRIO,0.47894734144210815
CEQPOG,DIVRAD,0.5927757620811462
CEQPOG,DEMNOB,0.5199999809265137
CEQPOG,DITTEH,0.49705883860588074
CEQPOG,DAWWIJ,0.4230315387248993
CEQPOG,DAWWOP,0.4221124053001404
CEQPOG,DAWWUV,0.42176732420921326
CEQPOG,DIYREK,0.47894737124443054
CERMIV,DIKPOD,0.9975399971008301
CERMIV,CODQUJ,0.48517730832099915
CERMIV,CODSAR,0.4848255515098572
CERMIV,CODKOX,0.4846409261226654
CERMIV,CODKOX01,0.4846409261226654
CERMIV,CODQOD,0.4680282771587372
CERMIV,DACQOQ,0.27326762676239014
CERPOF,CERPOF01,1.0
CERPOF,CUFDOX,0.9987406134605408
CERPOF,CUFFUF,0.9987406134605408
CERPOF,CUFFOZ,0.9987406134605408
CERPOF,CUFFIT,0.9987406134605408
CERPOF,CUFFEP,0.9987406134605408
CERPOF,CUFDUD,0.9987406134605408
CERPOF,CUMLUT,0.9921848177909851
CERPOF01,CUFDOX,0.9987406134605408
CERPOF01,CUFFUF,0.9987406134605408
CERPOF01,CUFFOZ,0.9987406134605408
CERPOF01,CUFFIT,0.9987406134605408
CERPOF01,CUFFEP,0.9987406134605408
CERPOF01,CUFDUD,0.9987406134605408
CERPOF01,CUMLUT,0.9921848177909851
CESNUM,DIWFAT,0.9970499873161316
CESNUM,CESYEF,0.9968591928482056
CESNUM,CESYEF01,0.9968591928482056
CESNUM,DARYIF,0.9962353706359863
CESNUM,CUVFUW,0.5333333015441895
CESNUM,DESHOZ,0.531999945640564
CESPEY,CESPIC,1.0
CESPEY,DENQIZ,0.9969467520713806
CESPEY,DENQEV,0.6219467520713806
CESPEY,CUKXAI,0.4718591570854187
CESPEY,COWLIK,0.4718591570854187
CESPEY,CEWQED,0.4694032669067383
CESPEY,CEWQAZ,0.4694032669067383
CESPEY,DALXEW,0.25108611583709717
CESPIC,DENQIZ,0.9969467520713806
CESPIC,DENQEV,0.6219467520713806
CESPIC,CUKXAI,0.4718591570854187
CESPIC,COWLIK,0.4718591570854187
CESPIC,CEWQED,0.4694032669067383
CESPIC,CEWQAZ,0.4694032669067383
CESPIC,DALXEW,0.25108611583709717
CESQUP,COGNAO,1.0
CESQUP,DARCOQ,0.9731441140174866
CESQUP,DARCUW,0.9672327637672424
CESQUP,DARDAD,0.9670689702033997
CESYEF,CESYEF01,1.0
CESYEF,CEYPUT,0.9971376657485962
CESYEF,CEYPUT01,0.9971376657485962
CESYEF,CIJBEE,0.9971376657485962
CESYEF01,CEYPUT,0.9971376657485962
CESYEF01,CEYPUT01,0.9971376657485962
CESYEF01,CIJBEE,0.9971376657485962
CETFOX,DEKZEA,0.9934701919555664
CETFOX,DINNIZ,0.9756634831428528
CETFOX,CIHFUU,0.9686119556427002
CETFOX,CETFUD,0.9227362871170044
CETFOX,CONSAA,0.8226292133331299
CETFOX,DEKZIE,0.9184702038764954
CETFOX,DEKZOK,0.9184702038764954
CETFOX,DELBED,0.9184702038764954
CETFOX,DIJWID,0.6705662608146667
CETFUD,DEKZOK,0.9964245557785034
CETFUD,DEKZIE,0.9964245557785034
CETFUD,DELBED,0.9964245557785034
CETFUD,DEKZEA,0.9214245676994324
CETFUD,CIHFUU,0.8934818506240845
CETFUD,DINNIZ,0.9024142622947693
CETHEQ,CUNFOH,1.0
CETHEQ,CUNFOH01,1.0
CETHEQ,CUGYEK,0.9969467520713806
CETHEQ,CUGZAH,0.9969467520713806
CETHEQ,COXDAW,0.48571428656578064
CETHEQ,COXDIE,0.48571428656578064
CETHEQ,COXCOJ,0.48571428656578064
CETHEQ,COXCUP,0.48571428656578064
CETHEQ,COXDEA,0.4483870565891266
CETHEQ,CUFMOG,0.34102362394332886
CETHEQ,CUGLIB,0.35944679379463196
CETHEQ,CUGYIO,0.35944679379463196
CETHEQ,DAWMUL,0.10000000149011612
CETHEQ,DEVBIQ,0.10000000149011612
CETHEQ,DICKEH,0.10000000149011612
CETHEQ,DIGYIE,0.30285337567329407
CETKOE,DAXNIA,0.2800000011920929
CETKOE,DAXNIA01,0.2800000011920929
CETKOE,DAXNIA02,0.2800000011920929
CETKOE,DAXNIA03,0.2800000011920929
CETKOE,DAXNIA04,0.2800000011920929
CETKOE,DAPHAD01,0.2800000011920929
CETNUL,CICSOW02,0.3526642918586731
CETNUL,CICSOW,0.3526642918586731
CETNUL,CICSOW01,0.3526642918586731
CETNUL,DECJON,0.3470723628997803
CETPIB,CETPIB02,1.0
CETPIB,CUPHUS,0.47499996423721313
CETPIB,DEHHIK,0.4746275544166565
CETPIB,DAPZAW,0.4719467759132385
CETPIB,DELTAQ02,0.47158047556877136
CETPIB,DELTAQ01,0.47158047556877136
CETPIB,DELTAQ,0.47158047556877136
CETPIB02,CUPHUS,0.47499996423721313
CETPIB02,DEHHIK,0.4746275544166565
CETPIB02,DAPZAW,0.4719467759132385
CETPIB02,DELTAQ02,0.47158047556877136
CETPIB02,DELTAQ01,0.47158047556877136
CETPIB02,DELTAQ,0.47158047556877136
CETVAA,CUSQOX,0.7554385662078857
CETVAA,CUPHUS,0.6499999761581421
CETVAA,DEHHIK,0.6496275663375854
CETVAA,DAPZAW,0.6469467282295227
CETVAA,DELTAQ03,0.6465804576873779
CETVAA,DELTAQ,0.6465804576873779
CETVAA,DEHHEG,0.6465804576873779
CEVBEN,DAHMIJ,0.4921848773956299
CEVBEN,CUKXAJ,0.4921848773956299
CEVBEN,CUKXEN,0.4921848773956299
CEVBIR,DEDTEN,0.4816179573535919
CEVBIR,DITVOT,0.42553192377090454
CEVBIR,DACJUO,0.415371835231781
CEVKET,CUSYUM,1.0
CEVKET,CUSZEX,1.0
CEVKET,CUXLEO,1.0
CEVKET,CUTMAH,1.0
CEVKET,DALCEZ,1.0
CEVKET,CUTCYM02,1.0
CEVKET,CUTCYM01,1.0
CEVKET,CUSZIB,1.0
CEVKET,CUSZAT,1.0
CEVPID,CUSYUM,1.0
CEVPID,CUSZEX,1.0
CEVPID,CUXLEO,1.0
CEVPID,CUTMAH,1.0
CEVPID,DALCEZ,1.0
CEVPID,CUTCYM02,1.0
CEVPID,CUTCYM01,1.0
CEVPID,CUSZIB,1.0
CEVPID,CUSZAT,1.0
CEVPID01,CUSYUM,1.0
CEVPID01,CUSZEX,1.0
CEVPID01,CUXLEO,1.0
CEVPID01,CUTMAH,1.0
CEVPID01,DALCEZ,1.0
CEVPID01,CUTCYM02,1.0
CEVPID01,CUTCYM01,1.0
CEVPID01,CUSZIB,1.0
CEVPID01,CUSZAT,1.0
CEVVEF,CEVVIJ,1.0
CEVVEF,DENFUA,1.0
CEVVEF,DENGAH,1.0
CEVVEF,DEYNIG,0.9950717687606812
CEVVEF,DAXKIY,0.6164271235466003
CEVVEF,DAXKOE,0.6164271235466003
CEVVEF,COBLIP,0.44365349411964417
CEVVIJ,DENFUA,1.0
CEVVIJ,DENGAH,1.0
CEVVIJ,DEYNIG,0.9950717687606812
CEVVIJ,DAXKIY,0.6164271235466003
CEVVIJ,DAXKOE,0.6164271235466003
CEVVIJ,COBLIP,0.44365349411964417
CEWNIB,DIKPOD,0.4599999785423279
CEWNIB,DIKZED,0.4571264386177063
CEWQAZ,CEWQED,1.0
CEWQAZ,COWLIK,0.9962353706359863
CEWQAZ,CUKXAI,0.9962353706359863
CEWQAZ,DENQIZ,0.47158047556877136
CEWQAZ,DENQEV,0.47158047556877136
CEWQAZ,COMHOC,0.3704935312271118
CEWQAZ,COMHUI,0.3704935312271118
CEWQAZ,CUGYOU,0.36831629276275635
CEWQAZ,DIKBAB,0.36250001192092896
CEWQAZ,DIKBAB01,0.36250001192092896
CEWQED,COWLIK,0.9962353706359863
CEWQED,CUKXAI,0.9962353706359863
CEWQED,DENQIZ,0.47158047556877136
CEWQED,DENQEV,0.47158047556877136
CEWQED,COMHOC,0.3704935312271118
CEWQED,COMHUI,0.3704935312271118
CEWQED,CUGYOU,0.36831629276275635
CEWQED,DIKBAB,0.36250001192092896
CEWQED,DIKBAB01,0.36250001192092896
CEXBAL,DITTEH,0.5909091234207153
CEXJUN,CEXJUN03,1.0
CEXJUN,CEXJUN02,1.0
CEXJUN,CEXJUN01,1.0
CEXJUN,DEFSUE,0.6902525424957275
CEXJUN,DEGJIK,0.6142857670783997
CEXJUN,CISLUN,0.6142857670783997
CEXJUN,DAWWAC,0.6139132976531982
CEXJUN,DEBZOC,0.610438346862793
CEXJUN,COTYIV,0.5935484170913696
CEXJUN,CIDKUX,0.4599999785423279
CEXJUN01,CEXJUN03,1.0
CEXJUN01,CEXJUN02,1.0
CEXJUN01,DEFSUE,0.6902525424957275
CEXJUN01,DEGJIK,0.6142857670783997
CEXJUN01,CISLUN,0.6142857670783997
CEXJUN01,DAWWAC,0.6139132976531982
CEXJUN01,DEBZOC,0.610438346862793
CEXJUN01,COTYIV,0.5935484170913696
CEXJUN01,CIDKUX,0.4599999785423279
CEXJUN02,CEXJUN03,1.0
CEXJUN02,DEFSUE,0.6902525424957275
CEXJUN02,DEGJIK,0.6142857670783997
CEXJUN02,CISLUN,0.6142857670783997
CEXJUN02,DAWWAC,0.6139132976531982
CEXJUN02,DEBZOC,0.610438346862793
CEXJUN02,COTYIV,0.5935484170913696
CEXJUN02,CIDKUX,0.4599999785423279
CEXJUN03,DEFSUE,0.6902525424957275
CEXJUN03,DEGJIK,0.6142857670783997
CEXJUN03,CISLUN,0.6142857670783997
CEXJUN03,DAWWAC,0.6139132976531982
CEXJUN03,DEBZOC,0.610438346862793
CEXJUN03,COTYIV,0.5935484170913696
CEXJUN03,CIDKUX,0.4599999785423279
CEXWEI,CEXWOS,0.9987369775772095
CEXWEI,CEXWIM,0.9975399971008301
CEXWEI,DEGBOI,0.585898756980896
CEXWEI,DEGBUO,0.5836524963378906
CEXWEI,DIVFOF,0.4731868505477905
CEXWIM,CEXWOS,0.9977362751960754
CEXWIM,DEGBOI,0.5869630575180054
CEXWIM,DEGBUO,0.5859702229499817
CEXWIM,DIVFOF,0.4715310037136078
CEXWOS,DEGBOI,0.5845894813537598
CEXWOS,DEGBUO,0.583240807056427
CEXWOS,DIVFOF,0.4731978178024292
CEXYOU,CUKXAJ,0.5950000286102295
CEXYOU,DAHMIJ,0.5950000286102295
CEXYOU,CUKXEN,0.5950000286102295
CEXYOU,CUKXIR,0.5920500159263611
CEXYOU,COHJEP,0.33399999141693115
CEXYOU,DALXEW,0.2528991401195526
CEXYOU,DASLIT,0.5046966671943665
CEXYOU,DASMAM,0.504780650138855
CEYPUT,CEYPUT01,0.9999999403953552
CEYPUT,CIJBEE,0.9999999403953552
CEYPUT,CUCFOX,0.44189342856407166
CEYPUT,DARYIF,0.9977757334709167
CEYPUT,DIDBAV,0.7545454502105713
CEYPUT,DIDBEZ,0.7545454502105713
CEYPUT,DIDBID,0.7545454502105713
CEYPUT,DIDBOJ,0.7545454502105713
CEYPUT,DIWFAT,0.9972895383834839
CEYPUT01,CIJBEE,0.9999999403953552
CEYPUT01,CUSBUP,0.5199999809265137
CEYPUT01,DARYIF,0.9977757334709167
CEYPUT01,DIWFAT,0.9972895383834839
CEYYIQ,DINNEV,0.5396794080734253
CEYYIQ,CUCITD,0.5386483669281006
CEYYIQ,CUCITD02,0.5386483669281006
CEYYIQ,CUCITD01,0.5386483669281006
CEYYIQ,CUCITD03,0.5386483669281006
CEYYIQ,COVSIP,0.27486780285835266
CEZYOY,DIQHAO,0.8027526140213013
CEZYOY,DIQHAO01,0.8027526140213013
CEZYOY,DIRLIB,0.7981967926025391
CEZYOY,CIKCOQ,0.7750392556190491
CEZYOY,DABWUA,0.5186046361923218
CEZYOY,DANFUW,0.7394230961799622
CEZYOY,DAQMAM,0.43408048152923584
CEZZEN,CEZZIR,1.0
CEZZEN,COMDOY,0.5893670320510864
CEZZIR,COMDOY,0.5893670320510864
CIBTIR,CUTKUY,0.7260869741439819
CIBTIR,DEZCER,0.5906662344932556
CIBTIR,CUBBEI,0.31548070907592773
CIBTIT,DEPXOM,1.0
CIBTIT,DEPXIG,1.0
CIBTIT,CIGXIA,0.9989085793495178
CIBTIT,CIFMIP,0.9972895383834839
CIBTIT,CUMLUT,0.9970499873161316
CICSOW,CICSOW01,1.0
CICSOW,CICSOW02,1.0
CICSOW,CILXIE,0.4842640161514282
CICSOW,CUBKUF,0.45854970812797546
CICSOW,DIXNUV,0.45854970812797546
CICSOW,DIXNUV01,0.45854970812797546
CICSOW01,CICSOW02,1.0
CICSOW01,CILXIE,0.4842640161514282
CICSOW01,CUBKUF,0.45854970812797546
CICSOW01,DIXNUV,0.45854970812797546
CICSOW01,DIXNUV01,0.45854970812797546
CICSOW02,CILXIE,0.4842640161514282
CICSOW02,CUBKUF,0.45854970812797546
CICYIX,DASTEY01,0.610521137714386
CICYIX,DASTEY02,0.610521137714386
CICYIX,CUKXAJ,0.4272727370262146
CICYIX,DAHMIJ,0.4272727370262146
CICYIX,CUKXEN,0.4272727370262146
CICYIX,CUMLUT,0.4272727370262146
CIDCAW,CUBHOY,0.761764645576477
CIDCAW,CUQXIX,0.4767441749572754
CIDKUX,CISLUN,0.4599999785423279
CIDKUX,DEGJIK,0.4599999785423279
CIDKUX,DAWWAC,0.45962756872177124
CIDPEM,COKFAK,0.9999999403953552
CIDPEM,CUMKIG,0.8874999284744263
CIDPEM,CUMKIG03,0.8874999284744263
CIDPEM,DEPWAX,0.5060791969299316
CIDPEM,DEPVUQ,0.5060791969299316
CIDPEM,CUMFOG,0.4541730284690857
CIDPEM,COWKAB,0.35677045583724976
CIFDOM,CIFDUS,1.0
CIFDOM,DADXUE,0.9970499873161316
CIFDOM,DICPUD,0.9734492301940918
CIFDOM,CUXFIL,0.8578947186470032
CIFDOM,CIQQIE,0.7433964610099792
CIFDOM,DIRPOL,0.7349996566772461
CIFDOM,DIRPUR,0.7349996566772461
CIFDOM,DIWNAA,0.6041889786720276
CIFDUS,DADXUE,0.9970499873161316
CIFDUS,DICPUD,0.9734492301940918
CIFDUS,CUXFIL,0.8578947186470032
CIFDUS,CIQQIE,0.7433964610099792
CIFDUS,DIRPOL,0.7349996566772461
CIFDUS,DIRPUR,0.7349996566772461
CIFDUS,DIWNAA,0.6041889786720276
CIFGOP,DITXOU,0.5736842155456543
CIFGOP,CIZQOT,0.5736842155456543
CIFGOP,DESVIJ,0.45898503065109253
CIFGOP,DESVOP,0.459472119808197
CIFGOP,DIXBOC,0.5641663074493408
CIFGUT,DEXXAF,1.0
CIFGUT,DAGGUQ,0.40000003576278687
CIFGUT,DAGGOK,0.40000003576278687
CIFGUT,DIGYIE,0.20098385214805603
CIFGUT,CIJBEC,0.1562500149011612
CIFGUV,DETRAX,0.5
CIFGUV,DIXCET,0.46834900975227356
CIFGUV,DAFYOB,0.4391723871231079
CIFGUV,DAFYAN,0.4391723871231079
CIFGUV,CUYXOK,0.42690032720565796
CIFGUV,DETGIT,0.37421363592147827
CIFHAC,CUYXOK,0.9950717687606812
CIFHAC,DETRAX,0.6115753054618835
CIFHAC,DIXCET,0.5877349972724915
CIFHAC,COMMUN,0.5233657956123352
CIFHAC,COMMOH,0.5213875770568848
CIFHAC,DAFYAN,0.5190228223800659
CIFHAC,DAFYOB,0.5190228223800659
CIFHAC,DASLIT,0.43838128447532654
CIFHAC,DASMAM,0.4379289448261261
CIFHAC,DINFOX,0.38307178020477295
CIFHIK,CIFHOQ,1.0
CIFHIK,DETVUW,0.9846089482307434
CIFHIK,CIYZAM01,0.9781520962715149
CIFHIK,CIYZAM,0.9781520962715149
CIFHIK,CIGDUT,0.9781520962715149
CIFHIK,CIYZEQ,0.9781452417373657
CIFHIK,CIGFAB,0.9775111675262451
CIFHIK,CIGFEF,0.9756634831428528
CIFHIK,DAMYIC,0.4550717771053314
CIFHIK,DAMYIC01,0.4550717771053314
CIFHOQ,DETVUW,0.9846089482307434
CIFHOQ,CIYZAM01,0.9781520962715149
CIFHOQ,CIYZAM,0.9781520962715149
CIFHOQ,CIGDUT,0.9781520962715149
CIFHOQ,CIYZEQ,0.9781452417373657
CIFHOQ,DAMYIC,0.4550717771053314
CIFHOQ,DAMYIC01,0.4550717771053314
CIFJAE,DAFHOJ,1.0
CIFJAE,DAFHEZ,0.9972895383834839
CIFJAE,COXFOL,0.9972895383834839
CIFJAE,DAFHID,0.9955241084098816
CIFJAE,DITKAT01,0.9819706082344055
CIFJAE,DITKAT,0.9819706082344055
CIFJAE,COKJIX,0.9786702990531921
CIFJAE,DIBZEU,0.9781520962715149
CIFJAE,COKJOD,0.9778347015380859
CIFJAE,COXKUW,0.9707819819450378
CIFJAE,COXLAD,0.9734492301940918
CIFLAH,CIFSAO,0.5628571510314941
CIFLAH,CIFSES,0.5628571510314941
CIFLAH,CIFSIW,0.5628571510314941
CIFMAH,DIBQOW,0.9999999403953552
CIFMAH,DIBQEM,0.9999999403953552
CIFMAH,DIBQIQ,0.9999999403953552
CIFMAH,DAPYAW,0.9939473867416382
CIFMAH,CIKPEU,0.7374999523162842
CIFMAH,CUVVOG,0.65162193775177
CIFMAH,DERBIO,0.8499999046325684
CIFMIP,CIPLIX,0.9999999403953552
CIFMIP,CIGXIA,0.9996292591094971
CIFMIP,DIHVIB01,0.9996275901794434
CIFMIP,DIHVIB,0.9996275901794434
CIFMIP,CIRTAB,0.5499999523162842
CIFMIP,CISJAQ,0.6377757787704468
CIFMIP,COQTEJ,0.49631524085998535
CIFMIP,DALSOA,0.7746275663375854
CIFMIP,DAPHOU,0.6977757811546326
CIFMIP,DECJON,0.512499988079071
CIFMIP,DEPXIG,0.9972895383834839
CIFMIP,DEPXOM,0.9972895383834839
CIFSAO,CIFSIW,0.9999999403953552
CIFSAO,CIFSES,0.9999999403953552
CIFSES,CIFSIW,0.9999999403953552
CIGDUT,CIYZAM01,1.0
CIGDUT,CIYZAM,1.0
CIGDUT,CIYZEQ,0.9999803900718689
CIGDUT,CIYZIU,0.9999352693557739
CIGDUT,CIGFAB,0.9995911717414856
CIGDUT,CIGFEF,0.9972487688064575
CIGDUT,DETVUW,0.9941704273223877
CIGFAB,CIYZAM01,0.9995911717414856
CIGFAB,CIYZAM,0.9995911717414856
CIGFAB,CIYZEQ,0.9995371103286743
CIGFAB,CIYZIU,0.9994291663169861
CIGFAB,CIGFEF,0.9987543821334839
CIGFAB,DETVUW,0.9941616058349609
CIGFEF,CIYZAM,0.9972487688064575
CIGFEF,CIYZAM01,0.9972487688064575
CIGFEF,CIYZEQ,0.9970688223838806
CIGFEF,CIYZIU,0.9967666864395142
CIGFEF,DETVUW,0.9919713735580444
CIGNAI,CIGNEM,1.0
CIGNAI,DAXKIY,0.52200847864151
CIGNAI,DAXKOE,0.52200847864151
CIGNEM,DAXKIY,0.52200847864151
CIGNEM,DAXKOE,0.52200847864151
CIGTUK,CIGVEW,0.9977757334709167
CIGTUK,CIGVAS,0.9977757334709167
CIGTUK,COQTEJ,0.4933740496635437
CIGTUK,DIGTUK,0.4263152480125427
CIGTUK,CUSDIE,0.39962759613990784
CIGTUK,CIPMUL,0.3995334506034851
CIGTUK,CIPMOF,0.39922624826431274
CIGTUK,DIGTEU,0.379964679479599
CIGTUK,DIGTIY,0.37106528878211975
CIGTUK,DIGTOE,0.3763374984264374
CIGVAS,CIGVEW,1.0
CIGVAS,COQTEJ,0.49305254220962524
CIGVAS,DIGTUK,0.42599374055862427
CIGVAS,CUSDIE,0.3965805172920227
CIGVAS,CIPMOF,0.3965711295604706
CIGVAS,CIPMUL,0.3952350616455078
CIGVAS,DIGTEU,0.3755037784576416
CIGVAS,DIGTOE,0.36861100792884827
CIGVEW,COQTEJ,0.49305254220962524
CIGVEW,DIGTUK,0.42599374055862427
CIGVEW,CUSDIE,0.3965805172920227
CIGVEW,CIPMOF,0.3965711295604706
CIGVEW,CIPMUL,0.3952350616455078
CIGVEW,DIGTEU,0.3755037784576416
CIGVEW,DIGTIY,0.36533644795417786
CIGVEW,DIGTOE,0.36861100792884827
CIGYEY,CUYWUP,0.45454543828964233
CIGYEY,CUTKEI,0.45112594962120056
CIGYEY,DEGSIS01,0.4374999701976776
CIGYEY,DEGSIS,0.4374999701976776
CIGYEY,CURSEO,0.4360496997833252
CIGYEY,CUXVEX,0.35116279125213623
CIHFUU,DINNIZ,0.9707819819450378
CIHFUU,DEKZEA,0.9646862745285034
CIHFUU,CONSAA,0.8209077715873718
CIHNEO,CIYJAW,0.5714285969734192
CIHNEO,DALRAK,0.4969468116760254
CIHNEO,DEKPEP,0.49375614523887634
CIHNEO,DEKPAL,0.49375614523887634
CIHNEO,COQMAX,0.4377732276916504
CIHNEO,COBWEV,0.254280686378479
CIHNEO,DEFFEC,0.26225292682647705
CIHNIR,CILLAL,0.2760869562625885
CIJBAB,CIJBEF,0.9987545013427734
CIJBAB,CIJBIJ,0.9985291957855225
CIJBAB,DEGMAG01,0.970555305480957
CIJBAB,DEGMAG,0.970555305480957
CIJBEC,DEFXEU,0.17895588278770447
CIJBEC,CUSDIE,0.1636134684085846
CIJBEC,DAGGOK,0.1562500149011612
CIJBEE,CUSBUP,0.5199999809265137
CIJBEF,CIJBIJ,0.9998192191123962
CIJBEF,DEGMAG,0.9695334434509277
CIJBEF,DEGMAG01,0.9695334434509277
CIJBEF,CUWXID,0.5499999523162842
CIJBEF,CUWZIF,0.5499999523162842
CIJBIJ,DEGMAG,0.9702855944633484
CIJBIJ,DEGMAG01,0.9702855944633484
CIJBIJ,CUWXID,0.5498192310333252
CIJBIJ,CUWZIF,0.5498192310333252
CIJLIT,DEMNOB,0.64000004529953
CIJLIT,CIMFUB,0.32500001788139343
CIJLIT,DALSUH,0.6063969135284424
CIJLIT,DALTAO,0.6052350401878357
CIKCOQ,DIDBAV,0.7170243263244629
CIKCOQ,DIDBEZ,0.7170243263244629
CIKCOQ,DIDBID,0.7170243263244629
CIKCOQ,DABWUA,0.565964937210083
CIKPEU,DIBQOW,0.7374999523162842
CIKPEU,DIBQIQ,0.7374999523162842
CIKPEU,DIBQEM,0.7374999523162842
CILLAL,DAKVUI,0.550000011920929
CILLAL,DAKVOC,0.5465804934501648
CILLAL,DAKVIW,0.5422806739807129
CILLAL,COBWIZ,0.29550647735595703
CILXIE,DIXNUV01,0.4176470637321472
CILXIE,CUBKUF,0.4176470637321472
CILXIE,DIXNUV,0.4176470637321472
CIMFUB,VELVOY,0.4960000216960907
CIMFUB,DEBXUG,0.41034483909606934
CIMFUB,DECYES,0.31521740555763245
CIMFUB,CSTNME01,0.25895264744758606
CIMFUB,DAHJUR,0.28061017394065857
CIMFUB,DAPYUP,0.24440328776836395
CIMZII,CODFEH,0.9974996447563171
CIMZII,DANWUL,0.38465195894241333
CIPLIX,CIGXIA,0.9996292591094971
CIPLIX,DIHVIB01,0.9996275901794434
CIPLIX,DIHVIB,0.9996275901794434
CIPLIX,CIRTAB,0.5499999523162842
CIPLIX,COQTEJ,0.49631524085998535
CIPLIX,DALSOA,0.7746275663375854
CIPLIX,DECJON,0.512499988079071
CIPMOF,CIPMUL,0.9994805455207825
CIPMOF,DIGTEU,0.994638979434967
CIPMOF,DIGTIY,0.9913450479507446
CIPMOF,DIGTOE,0.985809862613678
CIPMOF,DIGTUK,0.959564745426178
CIPMOF,DIXKUR,0.32499998807907104
CIPMOF,DIXKUR01,0.32499998807907104
CIPMUL,DIGTEU,0.9956910610198975
CIPMUL,DIGTIY,0.9925460815429688
CIPMUL,DIGTOE,0.9882460236549377
CIPMUL,DIGTUK,0.9598385691642761
CIQHES,CIQHIW,1.0
CIQHES,CIQHOC,0.9962353706359863
CIQHES,CUKBEQ,0.9921848177909851
CIQHES,CORZIU,0.9920910000801086
CIQHES,CORZOA,0.9920910000801086
CIQHIW,CIQHOC,0.9962353706359863
CIQHIW,CUKBEQ,0.9921848177909851
CIQHIW,CORZIU,0.9920910000801086
CIQHIW,CORZOA,0.9920910000801086
CIQHOC,CUKBEQ,0.9797663688659668
CIQHOC,CORZIU,0.9795385599136353
CIQHOC,CORZOA,0.9795385599136353
CIQQIE,DADXUE,0.7464559674263
CIQQIE,DICPUD,0.7440764904022217
CIQYUX,DAYMAS,0.9977757334709167
CIQYUX,DIDBIE,0.9877029657363892
CIQYUX,COXHED,0.5
CIQYUX,DAPGUW01,0.49975070357322693
CIQYUX,COXHIH,0.49975070357322693
CIQYUX,CNPRCV,0.3246275782585144
CIQYUX,COVSIP,0.28011369705200195
CIRSII,CIRSOO,0.9965804815292358
CIRSII,COQMAX,0.710705578327179
CIRSII,COQMEB,0.6267342567443848
CIRSII,CUKJUO,0.5171105861663818
CIRSII,COQMIF,0.49091607332229614
CIRSOO,COQMAX,0.7076014280319214
CIRSOO,COQMEB,0.6236301064491272
CIRSOO,CUKJUO,0.5152350068092346
CIRTAB,CIGXIA,0.549629271030426
CIRTAB,DIHVIB,0.5496275424957275
CIRTUU,DITTEH,0.5602168440818787
CIRTUU,DEMNOB,0.5465804934501648
CISJAQ,CIGXIA,0.6382883787155151
CISLUN,DEGJIK,1.0
CISLUN,DAWWAC,0.9996275901794434
CISLUN,DEFTAL01,0.5777525901794434
CISLUN,DEBZOC,0.5046275854110718
CISMAT,CISMAT01,1.0
CISMAT,CIYJAW,0.3978308439254761
CISMAT,DEBNUU,0.5263158082962036
CISMAT,DEFKUU,0.5241466164588928
CISMAT01,DEBNUU,0.5263158082962036
CISMAT01,DEFKUU,0.5241466164588928
CISMAU,CISMIC,0.9977757334709167
CISMAU,CISMEY01,0.9962353706359863
CISMAU,CISMEY,0.9962353706359863
CISMAU,DACZUF,0.7439296245574951
CISMAU,DEFTAL01,0.6898810267448425
CISMAU,DEFTAL,0.6898810267448425
CISMEY,CISMEY01,1.0
CISMEY,CISMIC,0.9939473867416382
CISMEY,DACZUF,0.7401012182235718
CISMEY,DEFTAL01,0.686052680015564
CISMEY01,CISMIC,0.9939473867416382
CISMEY01,DACZUF,0.7401012182235718
CISMEY01,DEFTAL01,0.686052680015564
CISMIC,DACZUF,0.7461538314819336
CISMIC,DEFTAL,0.692105233669281
CISMIC,DEFTAL01,0.692105233669281
CITLOJ,CITMEA,0.9987545013427734
CITLOJ,CITLUP,0.9987369775772095
CITLOJ,CITMAW,0.9983987212181091
CITLOJ,CITMIE,0.9983029365539551
CITLOJ,DAZZUC,0.7337386012077332
CITLOJ,DEBBIY,0.7199572920799255
CITLOJ,CUFGIV,0.6579886674880981
CITLUP,CITMEA,0.9985299110412598
CITLUP,CITMIE,0.9972487688064575
CITLUP,CITMAW,0.9970894455909729
CITLUP,DAZZUC,0.7303482294082642
CITLUP,DEBBIY,0.7168370485305786
CITLUP,CUFGIV,0.6582138538360596
CITMAW,CITMEA,0.9996544122695923
CITMAW,CITMIE,0.9995414018630981
CITMAW,DAZZUC,0.7324123978614807
CITMAW,DEBBIY,0.7174214124679565
CITMAW,CUFGIV,0.6585319638252258
CITMEA,CITMIE,0.9996340870857239
CITMEA,DAZZUC,0.7326182723045349
CITMEA,DEBBIY,0.7177350521087646
CITMEA,CUFGIV,0.6592786908149719
CITMIE,DAZZUC,0.7345775365829468
CITMIE,DEBBIY,0.7188969850540161
CITMIE,CUFGIV,0.6590506434440613
CITMIE,COTVUE,0.10000001639127731
CITMIE,DIMDAG,0.6268143653869629
CITWOS,CITXAF,0.9978553056716919
CITWOS,CITWUY,0.621052622795105
CITWOS,CUSBUO,0.2929475009441376
CITWOS,DARSEV,0.2843160331249237
CITWOS,CITXEJ,0.258569598197937
CITWUY,CITXAF,0.6189079284667969
CITWUY,CUSBUO,0.30894750356674194
CITWUY,CITXEJ,0.27093225717544556
CITXAF,DARSEV,0.292315810918808
CITXAF,CUSBUO,0.28917255997657776
CITXEJ,DIWMUT,0.2793717682361603
CITXEJ,DIWMON,0.2765929102897644
CITXUZ,DIHVIB01,0.7352941632270813
CITXUZ,DIHVIB,0.7352941632270813
CITXUZ,CUVTOD,0.6283986568450928
CITZIP,DIXKOL,0.9999999403953552
CITZIP,CIWYUD,0.9999999403953552
CITZIP,CUVFUW,0.6403759717941284
CITZIP,DIJCOP,0.581904947757721
CITZIP,DIJCOP01,0.581904947757721
CITZIP,CUBHOY,0.4101635813713074
CITZIP,DECXUH,0.4709464907646179
CIWNIH,COVRUC,0.3749999701976776
CIWNIH,CSTNME01,0.2619098126888275
CIWNIH,DETGIT,0.25
CIWYUD,DIXKOL,0.9999999403953552
CIWYUD,CUVFUW,0.6403759717941284
CIWYUD,DIJCOP,0.581904947757721
CIWYUD,DIJCOP01,0.581904947757721
CIWYUD,CUBHOY,0.4101635813713074
CIWYUD,DECXUH,0.4709464907646179
CIXCOD,DIQGUH,0.36395758390426636
CIXNUT,DASLIT,0.5441367626190186
CIXNUT,DASMAM,0.5424090027809143
CIXNUT,DEGBUO,0.5399851202964783
CIXNUT,DEGBOI,0.5392654538154602
CIXNUT,DIXCET,0.4507076144218445
CIXNUT,COYTOA,0.4321226477622986
CIYJAW,DALRAK,0.4969468116760254
CIYJAW,DEKPEP,0.49375614523887634
CIYJAW,DEKPAL,0.49375614523887634
CIYJAW,COQMIF,0.43241608142852783
CIYJAW,CUQKOQ,0.404719740152359
CIYZAM,CIYZAM01,1.0
CIYZAM,CIYZEQ,0.9999803900718689
CIYZAM,CIYZIU,0.9999352693557739
CIYZAM,DETVUW,0.9941704273223877
CIYZAM,COTVUE,0.10000001639127731
CIYZAM01,CIYZEQ,0.9999803900718689
CIYZAM01,CIYZIU,0.9999352693557739
CIYZAM01,DETVUW,0.9941704273223877
CIYZAM01,COTVUE,0.10000001639127731
CIYZEQ,CIYZIU,0.9999855160713196
CIYZEQ,DETVUW,0.9946691393852234
CIYZIU,DETVUW,0.9949494004249573
CIYZUG,DIKJUD,0.5371428728103638
CIYZUG,DEGSIS,0.48181816935539246
CIYZUG,DEGSIS01,0.48181816935539246
CIYZUG,CUXVEX,0.4139534533023834
CIYZUG,DAXFEQ,0.46284258365631104
CIZQOT,DITXOU,1.0
CIZQOT,CIZQUZ,1.0
CIZQOT,CUKXIR,0.9974996447563171
CIZQOT,DASTEY01,0.47894737124443054
CIZQOT,DASTEY02,0.47894737124443054
CIZQOT,DEYXIQ,0.5714600086212158
CIZQUZ,DITXOU,1.0
CIZQUZ,CUKXIR,0.9974996447563171
CIZQUZ,CUKXAJ,0.9962353706359863
CIZQUZ,CUKXEN,0.9962353706359863
CIZQUZ,DASTEY01,0.47894737124443054
CIZQUZ,DASTEY02,0.47894737124443054
CIZQUZ,DEYXIQ,0.5714600086212158
CIZTIP,DEPVUQ,0.2375718057155609
CIZTIP,DEPWAX,0.2375718057155609
CIZTIP,DIKZED,0.18303880095481873
CIZTIP,CUMJEB,0.1812341809272766
CNPRCV,DAYMAS,0.3215804994106293
CNPRCV,DIDBIE,0.3101823329925537
CNPRCV,COFORM10,0.24962759017944336
CNPRCV,CUYXOK,0.22857144474983215
CNSMAG,DENVOI,0.10000001639127731
CNSMAG,DEXXAF,0.10000001639127731
CNSMAG,CUZLAM,0.10000001639127731
CNSMAG,DACHAR,0.10000001639127731
CNSMAG01,DENVOI,0.10000001639127731
CNSMAG01,DEXXAF,0.10000001639127731
CNSMAG01,CUZLAM,0.10000001639127731
CNSMAG01,DACHAR,0.10000001639127731
COBLIP,DINTID,0.5056714415550232
COBLIP,DINQUM,0.5056714415550232
COBLIP,DENFUA,0.44365349411964417
COBLIP,DENGAH,0.44365349411964417
COBLIP,DEYNIG,0.44273436069488525
COBWEV,DEFFEC,0.7268592119216919
COBWEV,COBWIZ,0.6142857074737549
COBWEV,CURZEV,0.533790111541748
COBWEV,CYTPCD10,0.41428571939468384
COBWEV,COQMEB,0.25381624698638916
COBWIZ,CYTPCD10,0.4836065471172333
COBWIZ,DEFFEC,0.4597623944282532
COBWIZ,CURZEV,0.31381914019584656
COCMOY,COCMUE,1.0
COCMOY,COCNAL,0.9970499873161316
COCMOY,COCNEP,0.9950717687606812
COCMOY,DANWAS,0.6632139682769775
COCMUE,COCNAL,0.9970499873161316
COCMUE,COCNEP,0.9950717687606812
COCMUE,DANWAS,0.6632139682769775
COCMUE,DEVBOW,0.10000000149011612
COCNAL,COCNEP,0.9922806620597839
COCNAL,DAGTUD,0.6657142639160156
COCNEP,COTYIV,0.6657143235206604
CODFEH,DANWUL,0.38527220487594604
CODFEH,DEVBOW,0.10000000149011612
CODKOX,CODKOX01,1.0
CODKOX,CODQUJ,0.9996404051780701
CODKOX,CODSAR,0.9992827773094177
CODKOX,CODQOD,0.9779111742973328
CODKOX,DAYCIQ,0.7956928610801697
CODKOX,DIPNIB,0.7220035791397095
CODKOX,DEKLIP,0.4373304545879364
CODKOX,DEXZIR,0.443598210811615
CODKOX,DIKPOD,0.4834796190261841
CODKOX01,CODQUJ,0.9996404051780701
CODKOX01,CODSAR,0.9992827773094177
CODKOX01,CODQOD,0.9779111742973328
CODKOX01,DAYCIQ,0.7956928610801697
CODKOX01,DIPNIB,0.7220035791397095
CODKOX01,DEKLIP,0.4373304545879364
CODKOX01,DEXZIR,0.443598210811615
CODKOX01,DIKPOD,0.4834796190261841
CODQOD,CODSAR,0.9847605228424072
CODQOD,CODQUJ,0.9782870411872864
CODQOD,DAYCIQ,0.7768137454986572
CODQOD,DIPNIB,0.7053909301757812
CODQOD,CUYWUP,0.4850355386734009
CODQOD,DEXZIR,0.42708343267440796
CODQOD,DIKPOD,0.4683800935745239
CODQUJ,CODSAR,0.9990724921226501
CODQUJ,DAYCIQ,0.7977444529533386
CODQUJ,DIPNIB,0.7225399613380432
CODQUJ,COTVOY,0.09999998658895493
CODQUJ,DEKLEL,0.43589872121810913
CODQUJ,DEXZIR,0.4437720775604248
CODQUJ,DIKPOD,0.48411303758621216
CODSAR,DAYCIQ,0.7953800559043884
CODSAR,DIPNIB,0.7221881747245789
CODSAR,CUYWUP,0.48614221811294556
CODSAR,DEKLEL,0.43602919578552246
CODSAR,DEXZIR,0.44393688440322876
CODSAR,DIKPOD,0.4842435121536255
CODVAU,DEKYOK,0.6084446907043457
CODVAU,DAPYAW,0.6000000238418579
CODVAU,DERBIO,0.597947359085083
CODVAU,DIBQIQ,0.5939474105834961
COFORM,DEFNIO,0.9999999403953552
COFORM,DADTUY01,0.9999999403953552
COFORM,DADTUY05,0.9999999403953552
COFORM,DADTUY06,0.9999999403953552
COFORM,DADTUY07,0.9999999403953552
COFORM,DADTUY08,0.9999999403953552
COFORM,DADTUY09,0.9999999403953552
COFORM,DADTUY10,0.9999999403953552
COFORM,DADTUY11,0.9999999403953552
COFORM,DADTUY12,0.9999999403953552
COFORM01,DEFNIO,0.9999999403953552
COFORM01,DADTUY01,0.9999999403953552
COFORM01,DADTUY05,0.9999999403953552
COFORM01,DADTUY06,0.9999999403953552
COFORM01,DADTUY07,0.9999999403953552
COFORM01,DADTUY08,0.9999999403953552
COFORM01,DADTUY09,0.9999999403953552
COFORM01,DADTUY10,0.9999999403953552
COFORM01,DADTUY11,0.9999999403953552
COFORM01,DADTUY12,0.9999999403953552
COFORM10,DIJWID,0.26363635063171387
COFORM10,DALRAK,0.24713771045207977
COFORM11,DEFNIO,0.9999999403953552
COFORM11,DADTUY01,0.9999999403953552
COFORM11,DADTUY05,0.9999999403953552
COFORM11,DADTUY06,0.9999999403953552
COFORM11,DADTUY07,0.9999999403953552
COFORM11,DADTUY08,0.9999999403953552
COFORM11,DADTUY09,0.9999999403953552
COFORM11,DADTUY10,0.9999999403953552
COFORM11,DADTUY11,0.9999999403953552
COFORM11,DADTUY12,0.9999999403953552
COGLOA,CUSYUM,1.0
COGLOA,CUSZEX,1.0
COGLOA,CUXLEO,1.0
COGLOA,CUTMAH,1.0
COGLOA,DALCEZ,1.0
COGLOA,CUTCYM02,1.0
COGLOA,CUTCYM01,1.0
COGLOA,CUSZIB,1.0
COGLOA,CUSZAT,1.0
COGNAO,DARCOQ,0.9731441140174866
COGNAO,DARCUW,0.9672327637672424
COGNAO,DARDAD,0.9670689702033997
COHJEP,DIYREK,0.3051639795303345
COHJEP,DAXKIY,0.2983410358428955
COHJEP,DAXKOE,0.2983410358428955
COKFAK,CUMKIG,0.8874999284744263
COKFAK,CUMKIG03,0.8874999284744263
COKFAK,DEPWAX,0.5060791969299316
COKFAK,DEPVUQ,0.5060791969299316
COKFAK,CUMFOG,0.4541730284690857
COKFAK,COWKAB,0.35677045583724976
COKJIX,DIBZEU,0.999916136264801
COKJIX,COKJOD,0.9996404051780701
COKJIX,DITKAT,0.9881620407104492
COKJIX,DITKAT01,0.9881620407104492
COKJIX,DAFHOJ,0.9786702990531921
COKJIX,COXLAD,0.9762802720069885
COKJIX,DAFHEZ,0.9692261815071106
COKJOD,DIBZEU,0.9995414018630981
COKJOD,DITKAT01,0.9849025011062622
COKJOD,DITKAT,0.9849025011062622
COKJOD,COXLAD,0.9802787899971008
COKJOD,DAFHOJ,0.9778347015380859
COKJOD,DAFHEZ,0.9680224657058716
COKMEW,COKNOH01,1.0
COKMEW,COKNOH,1.0
COKMEW,COKPID,1.0
COKMEW,COKQIE,1.0
COKMEW,COKMIA,0.9996292591094971
COKMEW,COKPOJ,0.9996292591094971
COKMEW,COKQEA,0.9996292591094971
COKMEW,CUVTUJ,0.9996292591094971
COKMEW,COKMUM,0.9989085793495178
COKMEW,COKNAT,0.9982883334159851
COKMEW,COKNUN,0.9989085793495178
COKMEW,COKNUN01,0.9989085793495178
COKMEW,COKNUN02,0.9989085793495178
COKMEW,COKPEZ,0.9968050718307495
COKMEW,COKPUP,0.9982883334159851
COKMEW,COKQOK,0.9982883334159851
COKMEW,DIXWAJ,0.33054637908935547
COKMIA,COKPOJ,0.9999999403953552
COKMIA,CUVTUJ,0.9999999403953552
COKMIA,COKQEA,0.9999999403953552
COKMIA,COKQIE,0.9996292591094971
COKMIA,COKNOH01,0.9996292591094971
COKMIA,COKPID,0.9996292591094971
COKMIA,COKNOH,0.9996292591094971
COKMIA,COKMOG,0.9996275901794434
COKMIA,COKNIB,0.9996275901794434
COKMIA,COKNIB01,0.9996275901794434
COKMIA,COKNIB02,0.9996275901794434
COKMIA,COKPEZ,0.9963152408599854
COKMIA,COKPUP,0.9977757334709167
COKMIA,COKQOK,0.9977757334709167
COKMOG,COKQAW,1.0
COKMOG,COKNIB02,1.0
COKMOG,COKNIB,1.0
COKMOG,COKNIB01,1.0
COKMOG,CUVTUJ,0.9996275901794434
COKMOG,COKQEA,0.9996275901794434
COKMUM,COKNUN02,1.0
COKMUM,COKNUN01,1.0
COKMUM,COKNUN,1.0
COKMUM,COKNOH,0.9989085793495178
COKMUM,COKQIE,0.9989085793495178
COKMUM,COKPID,0.9989085793495178
COKMUM,COKNOH01,0.9989085793495178
COKMUM,DEVBOW,0.10000000149011612
COKNAT,COKPUP,1.0
COKNAT,COKQOK,1.0
COKNAT,COKNOH,0.9982883334159851
COKNAT,COKNOH01,0.9982883334159851
COKNAT,COKQIE,0.9982883334159851
COKNAT,COKPID,0.9982883334159851
COKNAT,COKQEA,0.9977757334709167
COKNAT,DIXWAJ,0.33225807547569275
COKNIB,COKQAW,1.0
COKNIB,COKNIB02,1.0
COKNIB,COKNIB01,1.0
COKNIB,CUVTUJ,0.9996275901794434
COKNIB,COKQEA,0.9996275901794434
COKNIB01,COKQAW,1.0
COKNIB01,COKNIB02,1.0
COKNIB01,CUVTUJ,0.9996275901794434
COKNIB01,COKQEA,0.9996275901794434
COKNIB01,DAWMUL,0.10000000149011612
COKNIB02,COKQAW,1.0
COKNIB02,CUVTUJ,0.9996275901794434
COKNIB02,COKQEA,0.9996275901794434
COKNOH,COKNOH01,1.0
COKNOH,COKPID,1.0
COKNOH,COKQIE,1.0
COKNOH,CUVTUJ,0.9996292591094971
COKNOH,COKPOJ,0.9996292591094971
COKNOH,COKQEA,0.9996292591094971
COKNOH,COKNUN,0.9989085793495178
COKNOH,COKNUN01,0.9989085793495178
COKNOH,COKNUN02,0.9989085793495178
COKNOH,COKPEZ,0.9968050718307495
COKNOH,COKPUP,0.9982883334159851
COKNOH,COKQOK,0.9982883334159851
COKNOH01,COKPID,1.0
COKNOH01,COKQIE,1.0
COKNOH01,CUVTUJ,0.9996292591094971
COKNOH01,COKPOJ,0.9996292591094971
COKNOH01,COKQEA,0.9996292591094971
COKNOH01,COKNUN,0.9989085793495178
COKNOH01,COKNUN01,0.9989085793495178
COKNOH01,COKNUN02,0.9989085793495178
COKNOH01,COKPEZ,0.9968050718307495
COKNOH01,COKPUP,0.9982883334159851
COKNOH01,COKQOK,0.9982883334159851
COKNUN,COKNUN02,1.0
COKNUN,COKNUN01,1.0
COKNUN,COKQIE,0.9989085793495178
COKNUN,COKPID,0.9989085793495178
COKNUN,DEVBOW,0.10000000149011612
COKNUN01,COKNUN02,1.0
COKNUN01,COKQIE,0.9989085793495178
COKNUN01,COKPID,0.9989085793495178
COKNUN01,DEVBOW,0.10000000149011612
COKNUN02,COKQIE,0.9989085793495178
COKNUN02,COKPID,0.9989085793495178
COKNUN02,DEVBOW,0.10000000149011612
COKPEZ,COKQIE,0.9968050718307495
COKPEZ,COKPID,0.9968050718307495
COKPEZ,COKQEA,0.9963152408599854
COKPEZ,COKPOJ,0.9963152408599854
COKPID,COKQIE,1.0
COKPID,CUVTUJ,0.9996292591094971
COKPID,COKPOJ,0.9996292591094971
COKPID,COKQEA,0.9996292591094971
COKPID,COKPUP,0.9982883334159851
COKPID,COKQOK,0.9982883334159851
COKPOJ,COKQEA,0.9999999403953552
COKPOJ,CUVTUJ,0.9999999403953552
COKPOJ,COKQIE,0.9996292591094971
COKPOJ,COKQAW,0.9996275901794434
COKPUP,COKQOK,1.0
COKPUP,COKQIE,0.9982883334159851
COKPUP,DIXWAJ,0.33225807547569275
COKQAW,CUVTUJ,0.9996275901794434
COKQAW,COKQEA,0.9996275901794434
COKQEA,CUVTUJ,0.9999999403953552
COKQEA,COKQIE,0.9996292591094971
COKQIE,CUVTUJ,0.9996292591094971
COKQIE,COKQOK,0.9982883334159851
COKQOK,DIXWAJ,0.33225807547569275
COKROL,DAJVES,0.9809048175811768
COKROL,COKRUR,0.9709676504135132
COKROL,DAJWET,0.9671695232391357
COKROL,DIBJEF,0.6277788281440735
COKROL,DIBJIJ,0.6277788281440735
COKRUR,DAJVES,0.9518725275993347
COKRUR,DAJWET,0.9381372332572937
COKRUR,DIBJEF,0.613696277141571
COKRUR,DIBJIJ,0.613696277141571
COLPEA,CUQYEU,0.9788232445716858
COLPEA,DAWFEO,0.6538461446762085
COLPEA,DIYRIO,0.4692307710647583
COMDOY,CUZBUW,0.9935371279716492
COMDOY,RUBTAK02,0.9915627241134644
COMDOY,SURKAT,0.9915627241134644
COMDOY,DITVOT,0.4543669819831848
COMFAM01,CURYOE01,1.0
COMFAM01,DEHHOQ,0.6595500111579895
COMFAM01,DAPZAW,0.6593592166900635
COMFAM01,DELTAQ03,0.6587353944778442
COMFAM01,DELTAQ,0.6587353944778442
COMFAM01,DEHHEG,0.6587353944778442
COMFAM01,DELTAQ01,0.6587353944778442
COMFAM01,DELTAQ02,0.6587353944778442
COMFAM01,DARSEV,0.45454543828964233
COMFEQ,DIVMUR,0.9998304843902588
COMFEQ,DAHPAE,0.9995509386062622
COMFEQ,COMFIU,0.9992827773094177
COMFEQ,DIVNAY,0.9968496561050415
COMFEQ,DAHNOQ,0.9964936971664429
COMFEQ,DAHNUW,0.9964936971664429
COMFEQ,DECDUN,0.9934752583503723
COMFIU,DIVMUR,0.9994291663169861
COMFIU,DAHPAE,0.9987759590148926
COMFIU,DAHNUW,0.9987543821334839
COMFIU,DAHNOQ,0.9987543821334839
COMFIU,DIVNAY,0.9967017769813538
COMFIU,DECDUN,0.9941616058349609
COMHOC,COMHUI,1.0
COMHOC,CUGYOU,0.9969467520713806
COMHOC,CUGYUA,0.35944679379463196
COMHOC,DIKBAB01,0.3590804934501648
COMHUI,CUGYOU,0.9969467520713806
COMHUI,CUGYUA,0.35944679379463196
COMHUI,DIKBAB01,0.3590804934501648
COMMOH,COMMUN,0.9922806620597839
COMMOH,DETRAX,0.5496275424957275
COMMOH,CUYXOK,0.5263158082962036
COMMOH,DIXCET,0.5153442621231079
COMMUN,DETRAX,0.5439473390579224
COMMUN,CUYXOK,0.5185964703559875
COMMUN,DIXCET,0.5111314654350281
COMVAC,COMVEG,0.9922806620597839
COMVAC,DEGPEL,0.364705890417099
CONSAA,DINNIZ,0.848908543586731
CONSAA,DEHFUR,0.5218177437782288
CONSAA,DIJWID,0.6996293067932129
COPTUX,DAYWOS,0.6637166738510132
COPTUX,CUQXAP,0.5346425175666809
COPTUX,CUQXIX,0.5341928601264954
COPTUX,DEVBOW,0.10000000149011612
COQJAV,COQJEZ,1.0
COQJAV,CUSXIY,0.4945584535598755
COQJAV,DERBIO,0.47910773754119873
COQJEZ,CUSXIY,0.4945584535598755
COQJEZ,DERBIO,0.47910773754119873
COQMAX,COQMEB,0.831250011920929
COQMAX,CUKJUO,0.667474627494812
COQMAX,COQMIF,0.621052622795105
COQMAX,CUQKOQ,0.5954988598823547
COQMEB,CUKJUO,0.5911702513694763
COQMEB,COQMIF,0.550000011920929
COQMEB,CUQKOQ,0.5244462490081787
COQMIF,CUQKOQ,0.9744462370872498
COQTEJ,CUNWEO,0.549171507358551
COQTEJ,CIGXIA,0.4968051016330719
CORYUE,DIVFOF,0.3139132857322693
CORYUE,DIMBOS,0.30000001192092896
CORYUE,CUXVEX,0.2928571403026581
CORYUE,DAQMAM,0.28806987404823303
CORZIU,CORZOA,0.9999999403953552
CORZIU,CUKBEQ,0.9987406134605408
CORZIU,DICJUW,0.6687255501747131
CORZOA,CUKBEQ,0.9987406134605408
CORZOA,DICJUW,0.6687255501747131
COSWEO,DIGPER,0.994638979434967
COSWEO,CUFFEP,0.9785740375518799
COSWEO,CUFFOZ,0.9785740375518799
COSWEO,CUFDOX,0.9785740375518799
COTVIS,DAHNOQ,0.09999998658895493
COTVOY,COYTOA,0.09999998658895493
COTVOY,CUXPAN,0.09999998658895493
COTVUE,COWMAD,0.10000001639127731
COTVUE,DARFAF,0.10000001639127731
COTXEQ,COTXIU,1.0
COTXEQ,COTXOA,1.0
COTXEQ,DEHHOQ,0.46371665596961975
COTXEQ,DAPZAW,0.46352583169937134
COTXEQ,DELTAQ,0.4629020690917969
COTXEQ,DELTAQ01,0.4629020690917969
COTXIU,COTXOA,1.0
COTXIU,DEHHOQ,0.46371665596961975
COTXIU,DAPZAW,0.46352583169937134
COTXIU,DELTAQ,0.4629020690917969
COTXIU,DELTAQ01,0.4629020690917969
COTXOA,DEHHOQ,0.46371665596961975
COTXOA,DAPZAW,0.46352583169937134
COTXOA,DELTAQ,0.4629020690917969
COTXOA,DELTAQ01,0.4629020690917969
COTYIV,DANWAS,0.9965804815292358
COTYIV,DAGTUD,0.9922806620597839
COTYIV,DAWVUV,0.30212756991386414
COVRUC,CSTNME01,0.32024314999580383
COVRUC,DETGIT,0.23846155405044556
COVSIP,DIDBIE,0.29766350984573364
COVSIP,DAYMAS,0.27101102471351624
COWKAB,DAWWEF,0.46885836124420166
COWKAB,CUMKIG,0.3808775842189789
COWKAB,CUMKIG03,0.3808775842189789
COWLIK,CUKXAI,1.0
COWLIK,DENQEV,0.46728065609931946
COWLIK,DENQIZ,0.46728065609931946
COWLIK,CUGYOU,0.37077221274375916
COWLIK,CUGYUA,0.35935917496681213
COWLIK,DIKBAB,0.35873541235923767
COWMAD,COWMIL,0.9999803900718689
COWMAD,COWMOR,0.9999352693557739
COWMAD,COWMEH,0.9995911717414856
COWMAD,COWMUX,0.9995852708816528
COWMAD,DEJTES,0.9820774793624878
COWMAD,DAGDIZ,0.9820774793624878
COWMAD,DEJTIW,0.9820774793624878
COWMAD,DAGDEV,0.9781520962715149
COWMEH,COWMUX,0.999731719493866
COWMEH,COWMIL,0.9995371103286743
COWMEH,COWMOR,0.9994291663169861
COWMEH,DAGDIZ,0.9808584451675415
COWMEH,DEJTES,0.9808584451675415
COWMEH,DEJTIW,0.9808584451675415
COWMEH,DAGDEV,0.9775111675262451
COWMIL,COWMOR,0.9999855160713196
COWMIL,COWMUX,0.9996700286865234
COWMIL,DEJTES,0.982480525970459
COWMIL,DAGDIZ,0.982480525970459
COWMIL,DEJTIW,0.982480525970459
COWMIL,DAGDEV,0.9781452417373657
COWMOR,COWMUX,0.9996850490570068
COWMOR,DEJTES,0.9827293157577515
COWMOR,DAGDIZ,0.9827293157577515
COWMOR,DEJTIW,0.9827293157577515
COWMOR,DAGDEV,0.9780963063240051
COWMUX,DEJTES,0.9822689890861511
COWMUX,DAGDIZ,0.9822689890861511
COWMUX,DEJTIW,0.9822689890861511
COWMUX,DAGDEV,0.9775062203407288
COWQUC,COWREN,0.9999999403953552
COWQUC,COWROX,0.9999999403953552
COWQUC,COWRIR,0.9999999403953552
COWQUC,COWRAJ,0.9999999403953552
COWQUC,CUZBUW,0.6684209704399109
COWRAJ,COWREN,0.9999999403953552
COWRAJ,COWROX,0.9999999403953552
COWRAJ,COWRIR,0.9999999403953552
COWRAJ,CUZBUW,0.6684209704399109
COWREN,COWROX,0.9999999403953552
COWREN,COWRIR,0.9999999403953552
COWREN,CUZBUW,0.6684209704399109
COWRIR,COWROX,0.9999999403953552
COWRIR,CUZBUW,0.6684209704399109
COWROX,CUZBUW,0.6684209704399109
COWRUC,COWSAJ,1.0
COWRUC,COWSEN,1.0
COWRUC,DEBXUG,0.43190324306488037
COWSAJ,COWSEN,1.0
COWSAJ,DEBXUG,0.43190324306488037
COWSEN,DEBXUG,0.43190324306488037
COXCOJ,COXCUP,1.0
COXCOJ,COXDAW,1.0
COXCOJ,COXDIE,1.0
COXCOJ,COXDEA,0.48918917775154114
COXCOJ,CUNFOH01,0.48571428656578064
COXCOJ,CUNFOH,0.48571428656578064
COXCOJ,CUGYEK,0.48266109824180603
COXCOJ,CUGZAH,0.48266109824180603
COXCUP,COXDAW,1.0
COXCUP,COXDIE,1.0
COXCUP,COXDEA,0.48918917775154114
COXCUP,CUNFOH01,0.48571428656578064
COXCUP,CUNFOH,0.48571428656578064
COXCUP,CUGYEK,0.48266109824180603
COXCUP,CUGZAH,0.48266109824180603
COXDAW,COXDIE,1.0
COXDAW,COXDEA,0.48918917775154114
COXDAW,CUNFOH01,0.48571428656578064
COXDAW,CUNFOH,0.48571428656578064
COXDAW,CUGYEK,0.48266109824180603
COXDAW,CUGZAH,0.48266109824180603
COXDEA,COXDIE,0.48918917775154114
COXDEA,CUNFOH,0.4483870565891266
COXDEA,CUNFOH01,0.4483870565891266
COXDEA,CUGYEK,0.445333868265152
COXDIE,CUNFOH01,0.48571428656578064
COXDIE,CUNFOH,0.48571428656578064
COXDIE,CUGYEK,0.48266109824180603
COXDIE,CUGZAH,0.48266109824180603
COXFOL,DAFHEZ,0.9999999403953552
COXFOL,DAFHID,0.9997506737709045
COXFOL,DAFHOJ,0.9972895383834839
COXFOL,DITKAT01,0.9788232445716858
COXFOL,DITKAT,0.9788232445716858
COXFOL,COXKUW,0.9697946310043335
COXFOL,COXLAD,0.9683489799499512
COXHED,DAPGUW01,0.9997506737709045
COXHED,COXHIH,0.9997506737709045
COXHED,DALSAN,0.9996292591094971
COXHED,DALSER,0.9996292591094971
COXHED,COXHON,0.9996292591094971
COXHED,DAPHAD01,0.9977757334709167
COXHIH,DAPGUW01,1.0
COXHIH,DALSER,0.9988105893135071
COXHIH,DALSAN,0.9988105893135071
COXHIH,COXHON,0.9988105893135071
COXHON,DALSER,1.0
COXHON,DALSAN,1.0
COXHON,DAPGUW01,0.9988105893135071
COXHON,DAPHAD01,0.9982883334159851
COXKUW,COXLAD,0.9958965182304382
COXKUW,DAFHOJ,0.9707819819450378
COXKUW,DAFHEZ,0.9697946310043335
COXKUW,DAFHID,0.9691864848136902
COXLAD,DIBZEU,0.9756394028663635
COXLAD,DAFHOJ,0.9734492301940918
COXLAD,DAFHEZ,0.9683489799499512
COYTEQ,COYTUG01,0.9985291957855225
COYTEQ,COYTUG,0.9985291957855225
COYTEQ,COYTOA,0.9983987212181091
COYTEQ,COYVAO,0.9983029365539551
COYTEQ,COYVAO01,0.9983029365539551
COYTEQ,COYVES,0.9981487989425659
COYTEQ,COYVES01,0.9981487989425659
COYTEQ,COYTIU,0.9826657772064209
COYTEQ,CUCKIV,0.970555305480957
COYTEQ,DANVAQ,0.5909091234207153
COYTEQ,DANVEU,0.5909091234207153
COYTEQ,DIJCOP,0.6781790852546692
COYTEQ,DIJCOP01,0.6781790852546692
COYTEQ,DITSIK,0.68123859167099
COYTIU,COYTUG01,0.9847605228424072
COYTIU,COYTUG,0.9847605228424072
COYTIU,COYVAO01,0.9796669483184814
COYTIU,COYVAO,0.9796669483184814
COYTIU,COYVES01,0.9795458912849426
COYTIU,COYVES,0.9795458912849426
COYTIU,COYTOA,0.9782870411872864
COYTIU,CUCKIV,0.9650025963783264
COYTOA,COYVAO,0.9995414018630981
COYTOA,COYVAO01,0.9995414018630981
COYTOA,COYVES01,0.9993398785591125
COYTOA,COYVES,0.9993398785591125
COYTOA,COYTUG,0.9990724921226501
COYTOA,COYTUG01,0.9990724921226501
COYTOA,CUCKIV,0.9680224657058716
COYTUG,COYTUG01,1.0
COYTUG,COYVAO01,0.9995911717414856
COYTUG,COYVAO,0.9995911717414856
COYTUG,COYVES01,0.9995371103286743
COYTUG,COYVES,0.9995371103286743
COYTUG,CUCKIV,0.9702855944633484
COYTUG,DANVAQ,0.5894383192062378
COYTUG,DANVEU,0.5894383192062378
COYTUG01,COYVAO01,0.9995911717414856
COYTUG01,COYVAO,0.9995911717414856
COYTUG01,COYVES01,0.9995371103286743
COYTUG01,COYVES,0.9995371103286743
COYTUG01,CUCKIV,0.9702855944633484
COYTUG01,DANVAQ,0.5894383192062378
COYTUG01,DANVEU,0.5894383192062378
COYVAO,COYVAO01,1.0
COYVAO,COYVES01,0.9999803900718689
COYVAO,COYVES,0.9999803900718689
COYVAO,CUCKIV,0.9692751169204712
COYVAO,DIJCOP,0.6781521439552307
COYVAO,DIJCOP01,0.6781521439552307
COYVAO,DITSIK,0.6820775270462036
COYVAO01,COYVES01,0.9999803900718689
COYVAO01,COYVES,0.9999803900718689
COYVAO01,CUCKIV,0.9692751169204712
COYVAO01,DIJCOP,0.6781521439552307
COYVAO01,DIJCOP01,0.6781521439552307
COYVAO01,DITSIK,0.6820775270462036
COYVES,COYVES01,1.0
COYVES,CUCKIV,0.9693748354911804
COYVES,DIJCOP,0.6781452894210815
COYVES,DIJCOP01,0.6781452894210815
COYVES,DITSIK,0.6824805736541748
COYVES01,CUCKIV,0.9693748354911804
COYVES01,DITSIK,0.6824805736541748
COZGED,COZGED01,1.0
COZGED,CUGROM,0.9907075762748718
COZGED,CUGREC,0.9907075762748718
COZGED,CUGQUR,0.9813843369483948
COZGED,CUGSIH,0.979142963886261
COZGED,CUGSUT,0.979142963886261
COZGED,CUGSON,0.979142963886261
COZGED,DISROP,0.44589877128601074
COZGED01,CUGROM,0.9907075762748718
COZGED01,CUGREC,0.9907075762748718
COZGED01,CUGQUR,0.9813843369483948
COZGED01,CUGSIH,0.979142963886261
COZGED01,CUGSUT,0.979142963886261
COZGED01,CUGSON,0.979142963886261
COZGED01,DISROP,0.44589877128601074
COZMUA,DITJOH,0.8527029752731323
COZMUA,DITJIB,0.8453625440597534
COZMUA,CUZBUW,0.7352941036224365
COZSIU,DECVIT,0.9741673469543457
CSTNME01,DETGIT,0.2752431631088257
CUBBEI,CUTKUY,0.37976643443107605
CUBBEI,CUQTAL,0.3353559970855713
CUBHOY,DIXKOL,0.4101635813713074
CUBHOY,DAXKOE,0.4014660120010376
CUBHOY,DAXKIY,0.4014660120010376
CUBKUF,CUSDIE,0.48571428656578064
CUBKUF,DIXNUV,0.4000000059604645
CUBKUF,DIXNUV01,0.4000000059604645
CUCFOX,DARYIF,0.4441176652908325
CUCITD,CUCITD02,1.0
CUCITD,CUCITD01,1.0
CUCITD,CUCITD03,1.0
CUCITD,DINNEV,0.9996275901794434
CUCITD,DIJWID,0.4702158272266388
CUCITD01,CUCITD02,1.0
CUCITD01,CUCITD03,1.0
CUCITD01,DINNEV,0.9996275901794434
CUCITD01,DIJWID,0.4702158272266388
CUCITD02,CUCITD03,1.0
CUCITD02,DINNEV,0.9996275901794434
CUCITD02,DIJWID,0.4702158272266388
CUCITD03,DINNEV,0.9996275901794434
CUCITD03,DIJWID,0.4702158272266388
CUCKIV,DIJCOP,0.6972895860671997
CUCKIV,DIJCOP01,0.6972895860671997
CUCKIV,DITSIK,0.693947434425354
CUFDOX,CUFFUF,0.9999999403953552
CUFDOX,CUFFOZ,0.9999999403953552
CUFDOX,CUFFIT,0.9999999403953552
CUFDOX,CUFFEP,0.9999999403953552
CUFDOX,CUFDUD,0.9999999403953552
CUFDOX,DIGPER,0.9934752583503723
CUFDUD,CUFFUF,0.9999999403953552
CUFDUD,CUFFOZ,0.9999999403953552
CUFDUD,CUFFIT,0.9999999403953552
CUFDUD,CUFFEP,0.9999999403953552
CUFDUD,DIGPER,0.9934752583503723
CUFFEP,CUFFUF,0.9999999403953552
CUFFEP,CUFFOZ,0.9999999403953552
CUFFEP,CUFFIT,0.9999999403953552
CUFFEP,DIGPER,0.9934752583503723
CUFFIT,CUFFUF,0.9999999403953552
CUFFIT,CUFFOZ,0.9999999403953552
CUFFOZ,CUFFUF,0.9999999403953552
CUFGIV,DIMDAG,0.9433584213256836
CUFGIV,DEXKEZ,0.6982008218765259
CUFGIV,DAZZUC,0.6367408037185669
CUFGIV,CUWXID,0.5634555816650391
CUFGIV,CUWZIF,0.5634555816650391
CUFJUK,CUFKAR,0.9999999403953552
CUFJUK,DEKYOK,0.62890625
CUFKAR,DEKYOK,0.62890625
CUFMOG,DIGYIE,0.4362000823020935
CUFMOG,CUGYEK,0.35527101159095764
CUFMOG,CUGZAH,0.35527101159095764
CUFMOG,CUNFOH,0.34102362394332886
CUFMOG,CUNFOH01,0.34102362394332886
CUFMOG,CUGYIO,0.297357976436615
CUFORD,CUFORD01,1.0
CUFORD,CUFORM02,1.0
CUFORD,CUFORM04,1.0
CUFORD,CUFORM03,1.0
CUFORD,CUFORM,1.0
CUFORD,CUFORM06,1.0
CUFORD,DADVAG04,0.9999494552612305
CUFORD01,CUFORM02,1.0
CUFORD01,CUFORM04,1.0
CUFORD01,CUFORM03,1.0
CUFORD01,CUFORM,1.0
CUFORD01,CUFORM06,1.0
CUFORD01,DADVAG04,0.9999494552612305
CUFORM,CUFORM02,1.0
CUFORM,CUFORM04,1.0
CUFORM,CUFORM03,1.0
CUFORM,CUFORM06,1.0
CUFORM,DADVAG04,0.9999494552612305
CUFORM02,CUFORM04,1.0
CUFORM02,CUFORM03,1.0
CUFORM02,CUFORM06,1.0
CUFORM02,DADVAG04,0.9999494552612305
CUFORM03,CUFORM04,1.0
CUFORM03,CUFORM06,1.0
CUFORM03,DADVAG04,0.9999494552612305
CUFORM04,CUFORM06,1.0
CUFORM04,DADVAG04,0.9999494552612305
CUFORM06,DADVAG04,0.9999494552612305
CUGLIB,CUGYIO,1.0
CUGLIB,CUGYUA,0.5090909004211426
CUGLIB,DIKBAB01,0.5034942030906677
CUGLIB,VELVOY,0.39440327882766724
CUGLIB,CUGYEK,0.36250001192092896
CUGLIB,CUGZAH,0.36250001192092896
CUGLIB,DIGYIE,0.2940126955509186
CUGLTM,CUGLTM02,1.0
CUGLTM,CUGLTM01,1.0
CUGLTM,DIJWID,0.4785749316215515
CUGLTM01,CUGLTM02,1.0
CUGLTM01,DIJWID,0.4785749316215515
CUGLTM02,DIJWID,0.4785749316215515
CUGQUR,CUGSIH,0.9991083145141602
CUGQUR,CUGSON,0.9991083145141602
CUGQUR,CUGSUT,0.9991083145141602
CUGQUR,CUGREC,0.9958264827728271
CUGQUR,CUGROM,0.9958264827728271
CUGQUR,DEHBIC,0.994638979434967
CUGQUR,DIPMAS,0.4980347156524658
CUGQUR,DISROP,0.4447813332080841
CUGREC,CUGROM,1.0
CUGREC,CUGSUT,0.9966550469398499
CUGREC,CUGSIH,0.9966550469398499
CUGREC,CUGSON,0.9966550469398499
CUGREC,DEHBIC,0.985809862613678
CUGROM,CUGSUT,0.9966550469398499
CUGROM,CUGSIH,0.9966550469398499
CUGROM,CUGSON,0.9966550469398499
CUGROM,DEHBIC,0.985809862613678
CUGSIH,CUGSUT,1.0
CUGSIH,CUGSON,1.0
CUGSIH,DEHBIC,0.9913450479507446
CUGSIH,DIPMAS,0.4959954023361206
CUGSON,CUGSUT,1.0
CUGSON,DEHBIC,0.9913450479507446
CUGSON,DIPMAS,0.4959954023361206
CUGSUT,DEHBIC,0.9913450479507446
CUGSUT,DIPMAS,0.4959954023361206
CUGVUW,DITYEM02,0.7387096881866455
CUGYEK,CUGZAH,1.0
CUGYEK,CUNFOH,0.9969467520713806
CUGYEK,CUNFOH01,0.9969467520713806
CUGYEK,CUGYIO,0.36250001192092896
CUGYEK,DIGYIE,0.3003634810447693
CUGYIO,CUGYUA,0.5090909004211426
CUGYIO,DIKBAB01,0.5034942030906677
CUGYIO,VELVOY,0.39440327882766724
CUGYIO,CUGZAH,0.36250001192092896
CUGYOU,CUKXAI,0.37077221274375916
CUGYOU,CUGYUA,0.36250001192092896
CUGYUA,DIKBAB01,0.9944032430648804
CUGYUA,CUKXAI,0.35935917496681213
CUGZAH,CUNFOH,0.9969467520713806
CUGZAH,CUNFOH01,0.9969467520713806
CUGZAH,DIGYIE,0.3003634810447693
CUHYUB,CUJCOB,0.999916136264801
CUHYUB,CUJCIV,0.9992827773094177
CUHYUB,DARQOF,0.6535276174545288
CUIMDZ01,CUIMDZ03,1.0
CUIMDZ01,DEGPEL,0.364705890417099
CUIMDZ01,DIBXIW,0.3142857253551483
CUIMDZ03,DEGPEL,0.364705890417099
CUIMDZ03,DIBXIW,0.3142857253551483
CUJCIV,CUJCOB,0.9995911717414856
CUJCIV,DARQOF,0.6526786088943481
CUJCOB,DARQOF,0.6533534526824951
CUKBEQ,DICJUW,0.6633213758468628
CUKJUO,DARDIL,0.7260869145393372
CUKJUO,DARDUX,0.7259061932563782
CUKJUO,DARDEH,0.7257413864135742
CUKJUO,DARFAF,0.7257210612297058
CUKJUO,DARFEJ,0.7255709767341614
CUKJUO,DARDOR,0.7255675196647644
CUKJUO,DARFIN,0.725400447845459
CUKJUO,CUQKOQ,0.47456517815589905
CUKXAI,DENQEV,0.46728065609931946
CUKXAI,DENQIZ,0.46728065609931946
CUKXAI,DIKBAB,0.35873541235923767
CUKXAJ,CUKXEN,1.0
CUKXAJ,DAHMIJ,1.0
CUKXAJ,CUKXIR,0.9970499873161316
CUKXEN,DAHMIJ,1.0
CUKXEN,CUKXIR,0.9970499873161316
CUKXIR,DITXOU,0.9974996447563171
CUKXIR,DAHMIJ,0.9970499873161316
CUKXIR,DEJJEK,0.9929918050765991
CUKXIR,DEVBOW,0.10000000149011612
CUKXIR,DEYXIQ,0.570973813533783
CUKXIR,DIXBOC,0.4959999918937683
CUMDIY,CUMDOE,0.9987369775772095
CUMDIY,CYTPCD10,0.24654468894004822
CUMFOG,CUSDIE,0.5846154093742371
CUMFOG,DEPVUQ,0.4899999797344208
CUMFOG,DEPWAX,0.4899999797344208
CUMFOG,CUMKIG03,0.48962756991386414
CUMFOG,CUMKIG,0.48962756991386414
CUMFOG,DITPUT,0.4770469069480896
CUMFOG,DITPON,0.4724911153316498
CUMFOG,DAWMUL,0.10000000149011612
CUMFOG,DAYWOS,0.3922806978225708
CUMFOG,DEVBIQ,0.10000000149011612
CUMFOG,DICKEH,0.10000000149011612
CUMFOG,DITYOW,0.4374999701976776
CUMFOG,DIXVUC,0.4360496997833252
CUMFOG,DIXVUC01,0.4360496997833252
CUMFOG,DIXVUC02,0.4360496997833252
CUMFOG,DIXVUC03,0.4360496997833252
CUMFOG,DIXVUC04,0.4360496997833252
CUMJAX,CUMJEB,0.45454543828964233
CUMJAX,DAWVUV,0.31894737482070923
CUMKIG,CUMKIG03,0.9999999403953552
CUMKIG,DEPWAX,0.5030758380889893
CUMKIG,DEPVUQ,0.5030758380889893
CUMKIG03,DEPWAX,0.5030758380889893
CUMKIG03,DEPVUQ,0.5030758380889893
CUMLUT,DEPXIG,0.9970499873161316
CUMLUT,DEPXOM,0.9970499873161316
CUNFOH,CUNFOH01,1.0
CUNFOH,DIGYIE,0.30285337567329407
CUNFOH01,DIGYIE,0.30285337567329407
CUNWEO,DIDBEZ,0.5189473628997803
CUNWEO,DIDBOJ,0.5189473628997803
CUNWEO,DIDBID,0.5189473628997803
CUNWEO,DIDBAV,0.5189473628997803
CUPHUS,DEHHIK,0.9996275901794434
CUPHUS,DAPZAW,0.9969467520713806
CUPHUS,DELTAQ,0.9965804815292358
CUPHUS,DEHHEG,0.9965804815292358
CUPHUS,DELTAQ03,0.9965804815292358
CUPHUS,DELTAQ02,0.9965804815292358
CUPHUS,CUPLOP,0.4785749316215515
CUPHUS,CUPLUV,0.47749707102775574
CUPHUS,CUPMEG,0.478896826505661
CUPHUS,CUTGAA,0.4719467759132385
CUPHUS,DAVMIY,0.364705890417099
CUPHUS,DELTAQ01,0.9965804815292358
CUPHUS,DIFZUP,0.4785749316215515
CUPHUS,DIHPIU,0.520476222038269
CUPHUS,DIPGAK,0.4000000059604645
CUPHUS,DIVGIA,0.42421954870224
CUPLIJ,CUPMAC,0.9970499873161316
CUPLIJ,CUPLUV,0.9955214262008667
CUPLIJ,DIFZUP,0.9939473867416382
CUPLIJ,CUPLOP,0.9939473867416382
CUPLIJ,CUPMEG,0.9921966195106506
CUPLIJ,DEHHOQ,0.47599735856056213
CUPLIJ,DAPZAW,0.4758065342903137
CUPLIJ,DELTAQ02,0.47518277168273926
CUPLIJ,DELTAQ,0.47518277168273926
CUPLIJ,CUXFUX,0.39394739270210266
CUPLIJ,CUXVAT,0.38345715403556824
CUPLOP,DIFZUP,0.9999999403953552
CUPLOP,CUPMEG,0.9997506737709045
CUPLOP,CUPLUV,0.9996292591094971
CUPLOP,CUPMAC,0.9972895383834839
CUPLOP,DEHHIK,0.47894734144210815
CUPLOP,CUXFUX,0.4000000059604645
CUPLOP,CUXVAT,0.3908040523529053
CUPLUV,DIFZUP,0.9996292591094971
CUPLUV,CUPMAC,0.9989085793495178
CUPLUV,CUPMEG,0.9988105893135071
CUPLUV,DEHHIK,0.4785766303539276
CUPLUV,DEHHOQ,0.477855920791626
CUPLUV,CUXFUX,0.39962929487228394
CUPLUV,CUXVAT,0.3897261917591095
CUPMAC,DIFZUP,0.9972895383834839
CUPMAC,CUPMEG,0.9955241084098816
CUPMAC,DEHHOQ,0.47894734144210815
CUPMAC,DEHHEG,0.4764469861984253
CUPMAC,DELTAQ03,0.4764469861984253
CUPMAC,CUXFUX,0.39728957414627075
CUPMAC,CUXVAT,0.38624826073646545
CUPMEG,DIFZUP,0.9997506737709045
CUPMEG,CUXFUX,0.3997507095336914
CUPMEG,CUXVAT,0.39112594723701477
CUQXAP,CUQXIX,0.9962353706359863
CUQXAP,DAYWOS,0.5333782434463501
CUQXIX,DAYWOS,0.5371428728103638
CUQYEU,DAWFEO,0.6326694488525391
CUQYEU,DIYRIO,0.44805407524108887
CURSEO,DEGSIS01,0.9985496997833252
CURSEO,DEGSIS,0.9985496997833252
CURSEO,DOBGAD01,0.6655214428901672
CURSEO,DIKJUD,0.6085497140884399
CURYOE01,DEHHOQ,0.6595500111579895
CURYOE01,DAPZAW,0.6593592166900635
CURYOE01,DELTAQ,0.6587353944778442
CURYOE01,DELTAQ01,0.6587353944778442
CURYOE01,DELTAQ03,0.6587353944778442
CURYOE01,DELTAQ02,0.6587353944778442
CURYOE01,DEHHEG,0.6587353944778442
CURYOE01,DARSEV,0.45454543828964233
CURZEV,DEFFEC,0.7230337262153625
CURZEV,CYTPCD10,0.34310033917427063
CURZEV,CUYDEG,0.257522314786911
CURZEV,CUVFUW,0.254280686378479
CURZEV,CUSBUP,0.24962759017944336
CUSDIE,DITYOW,0.5333333611488342
CUSDIE,DIXVUC04,0.5318830609321594
CUSDIE,DIXVUC,0.5318830609321594
CUSDIE,DIXVUC01,0.5318830609321594
CUSDIE,DIXVUC02,0.5318830609321594
CUSDIE,DIXVUC03,0.5318830609321594
CUSDIE,DITPUT,0.485341876745224
CUSDIE,DITPON,0.4807860851287842
CUSDIE,DAYWOS,0.3922806978225708
CUSDIE,DIGTUK,0.3839464783668518
CUSFAZ,DINTID,0.5049999952316284
CUSFAZ,DINQUM,0.5049999952316284
CUSFAZ,DIPGAK,0.3739130198955536
CUSFAZ,DAVMIY,0.3368421196937561
CUSFAZ,DIVQAB,0.3337889015674591
CUSFAZ,DIVPUU,0.3337889015674591
CUSQOX,DEHHOQ,0.497050017118454
CUSQOX,DAPZAW,0.49685919284820557
CUSQOX,DEHHEG,0.4962354302406311
CUSQOX,DELTAQ03,0.4962354302406311
CUSQOX,DELTAQ01,0.4962354302406311
CUSQOX,DELTAQ02,0.4962354302406311
CUSXIY,CUZBUW,0.733069896697998
CUSXIY,SABVUN01,0.7280279397964478
CUSYIA,CUSYUM,1.0
CUSYIA,CUSZEX,1.0
CUSYIA,CUTMAH,1.0
CUSYIA,DALCEZ,1.0
CUSYIA,CUTCYM02,1.0
CUSYIA,CUTCYM01,1.0
CUSYIA,CUSZIB,1.0
CUSYIA,CUXLEO,1.0
CUSYIA,CUSZAT,1.0
CUSYIA,DIBWUH,0.9999494552612305
CUSYOG,CUSYUM,1.0
CUSYOG,CUSZEX,1.0
CUSYOG,CUTMAH,1.0
CUSYOG,DALCEZ,1.0
CUSYOG,CUTCYM02,1.0
CUSYOG,CUTCYM01,1.0
CUSYOG,CUSZIB,1.0
CUSYOG,CUXLEO,1.0
CUSYOG,CUSZAT,1.0
CUSYOG,CUYDIL,1.0
CUSYOG,DABMUR,1.0
CUSYOG,DIBWUH,0.9999494552612305
CUSYUM,CUSZEX,1.0
CUSYUM,CUTMAH,1.0
CUSYUM,DALCEZ,1.0
CUSYUM,CUTCYM02,1.0
CUSYUM,CUTCYM01,1.0
CUSYUM,CUSZIB,1.0
CUSYUM,CUXLEO,1.0
CUSYUM,CUSZAT,1.0
CUSYUM,CUYDIL,1.0
CUSYUM,DABMUR,1.0
CUSYUM,DIBWUH,0.9999494552612305
CUSZAT,CUSZEX,1.0
CUSZAT,CUTMAH,1.0
CUSZAT,DALCEZ,1.0
CUSZAT,CUTCYM02,1.0
CUSZAT,CUTCYM01,1.0
CUSZAT,CUSZIB,1.0
CUSZAT,CUXLEO,1.0
CUSZAT,CUYDIL,1.0
CUSZAT,DABMUR,1.0
CUSZAT,DIBWUH,0.9999494552612305
CUSZEX,CUTMAH,1.0
CUSZEX,DALCEZ,1.0
CUSZEX,CUTCYM02,1.0
CUSZEX,CUTCYM01,1.0
CUSZEX,CUSZIB,1.0
CUSZEX,CUXLEO,1.0
CUSZEX,CUYDIL,1.0
CUSZEX,DABMUR,1.0
CUSZIB,CUTMAH,1.0
CUSZIB,DALCEZ,1.0
CUSZIB,CUTCYM02,1.0
CUSZIB,CUTCYM01,1.0
CUSZIB,CUXLEO,1.0
CUSZIB,CUYDIL,1.0
CUSZIB,DABMUR,1.0
CUTBEA,CUTBOK,0.9998192191123962
CUTBEA,CUTBIE,0.9987545013427734
CUTBEA,DIVSUY,0.5249999761581421
CUTBIE,CUTBOK,0.9985291957855225
CUTCYM01,CUTMAH,1.0
CUTCYM01,DALCEZ,1.0
CUTCYM01,CUTCYM02,1.0
CUTCYM01,CUXLEO,1.0
CUTCYM01,CUYDIL,1.0
CUTCYM01,DABMUR,1.0
CUTCYM01,DIBWUH,0.9999494552612305
CUTCYM02,CUTMAH,1.0
CUTCYM02,DALCEZ,1.0
CUTCYM02,CUXLEO,1.0
CUTCYM02,CUYDIL,1.0
CUTCYM02,DABMUR,1.0
CUTCYM02,DIBXAO,0.9996275901794434
CUTGAA,DAPZAW,0.4749999940395355
CUTGAA,DEHHIK,0.4721376895904541
CUTKEI,CUYWUP,0.9965804815292358
CUTKEI,DAKVOC,0.6785714030265808
CUTKEI,DAKVUI,0.6751518845558167
CUTKUY,DAMYOI,0.5604680776596069
CUTKUY,DAQRET,0.48641258478164673
CUTKUY,DAQRET01,0.48641258478164673
CUTKUY,DEHBEY,0.4881620407104492
CUTMAH,DALCEZ,1.0
CUTMAH,CUXLEO,1.0
CUTMAH,CUYDIL,1.0
CUTMAH,DABMUR,1.0
CUVFUW,DIXKOL,0.6403759717941284
CUVFUW,DIWFAT,0.5303833484649658
CUVHEH,CUVHIL01,0.9999999403953552
CUVHEH,CUVHIL,0.9999999403953552
CUVHEH,CUVHIL02,0.9999999403953552
CUVHEH,DIXCET,0.45984330773353577
CUVHEH,DETRAX,0.44951361417770386
CUVHIL,CUVHIL01,0.9999999403953552
CUVHIL,CUVHIL02,0.9999999403953552
CUVHIL,DIXCET,0.45984330773353577
CUVHIL,DETRAX,0.44951361417770386
CUVHIL01,CUVHIL02,0.9999999403953552
CUVHIL01,DIXCET,0.45984330773353577
CUVHIL01,DETRAX,0.44951361417770386
CUVHIL02,DIXCET,0.45984330773353577
CUVHIL02,DETRAX,0.44951361417770386
CUVTIX,CUVTOD,0.4441176652908325
CUVTIX,DAKVOC,0.43157896399497986
CUVTIX,CIGXIA,0.4282883405685425
CUVVOG,DIBQOW,0.65162193775177
CUVVOG,DIBQIQ,0.65162193775177
CUVVOG,DIBQEM,0.65162193775177
CUWNIT,DAZKEX,0.9963989853858948
CUWNIT,CUZBUW,0.699999988079071
CUWNIT,DITVOT,0.5723716616630554
CUWWOI,DINYEG,0.5280487537384033
CUWWOI,DINYEG01,0.5280487537384033
CUWWOI,DIXBET,0.5372115969657898
CUWWOI,DIXBET01,0.5372115969657898
CUWXID,CUWZIF,0.9999999403953552
CUWXID,DIMDAG,0.5710273385047913
CUWYAW,CUXPER,0.5499999523162842
CUWZIF,DIMDAG,0.5710273385047913
CUXFIL,DADXUE,0.8549447059631348
CUXFIL,DICPUD,0.831343948841095
CUXFIL,DIRPOL,0.6513458490371704
CUXFIL,DIRPUR,0.6513458490371704
CUXFUX,DIFZUP,0.4000000059604645
CUXFUX,DEHHIK,0.36666664481163025
CUXLEO,DALCEZ,1.0
CUXLEO,DIBWUH,0.9999494552612305
CUXPAN,CUXPER,0.9996544122695923
CUXPAN,CUXQAO,0.9996544122695923
CUXPAN,CUXPIV,0.9996404051780701
CUXPAN,DAMYUO,0.999160885810852
CUXPAN,CUXPUH,0.999160885810852
CUXPAN,CUXPOB,0.9990724921226501
CUXPAN,CUXQIW,0.9990724921226501
CUXPAN,DAMYOI,0.998455822467804
CUXPAN,CUXQES,0.9983987212181091
CUXPER,CUXQAO,0.9999999403953552
CUXPER,CUXQIW,0.9998192191123962
CUXPER,CUXPOB,0.9998192191123962
CUXPER,CUXPIV,0.9994805455207825
CUXPER,DAMYUO,0.999313473701477
CUXPER,CUXPUH,0.999313473701477
CUXPER,DAMYOI,0.9992610812187195
CUXPER,CUXQES,0.9987545013427734
CUXPIV,DAMYUO,0.9998304843902588
CUXPIV,CUXPUH,0.9998304843902588
CUXPIV,CUXQAO,0.9994805455207825
CUXPIV,CUXQIW,0.9992827773094177
CUXPIV,CUXPOB,0.9992827773094177
CUXPIV,DAMYOI,0.9992631673812866
CUXPIV,CUXQES,0.997765302658081
CUXPOB,CUXQIW,1.0
CUXPOB,CUXQAO,0.9998192191123962
CUXPOB,DAMYOI,0.999731719493866
CUXPOB,DAMYUO,0.9994291663169861
CUXPOB,CUXPUH,0.9994291663169861
CUXPOB,CUXQES,0.9985291957855225
CUXPUH,DAMYUO,1.0
CUXPUH,DAMYOI,0.9996850490570068
CUXPUH,CUXQIW,0.9994291663169861
CUXPUH,CUXQAO,0.999313473701477
CUXPUH,CUXQES,0.9978838562965393
CUXQAO,CUXQIW,0.9998192191123962
CUXQAO,DAMYUO,0.999313473701477
CUXQAO,DAMYOI,0.9992610812187195
CUXQAO,CUXQES,0.9987545013427734
CUXQES,CUXQIW,0.9985291957855225
CUXQES,DAMYUO,0.9978838562965393
CUXQIW,DAMYOI,0.999731719493866
CUXQIW,DAMYUO,0.9994291663169861
CUXVAT,CUXVEX,0.7249999642372131
CUXVAT,DIMBOS,0.5885714292526245
CUXVAT,DIFZUP,0.3908040523529053
CUXVEX,DIMBOS,0.550000011920929
CUXVEX,DAXFEQ,0.34937775135040283
CUXVEX,DEGSIS01,0.33571428060531616
CUYDEG,DIXBOC,0.3758609890937805
CUYDEG,DIMBOS,0.3717205822467804
CUYDEG,DIXKUR01,0.36922624707221985
CUYDEG,DIXKUR,0.36922624707221985
CUYDIL,DALCEZ,1.0
CUYWUP,DAKVUI,0.6785714030265808
CUYWUP,DAKVOC,0.6751518845558167
CUYWUP,DAYCIQ,0.6159899234771729
CUYXOK,DETRAX,0.6139132976531982
CUYXOK,DIXCET,0.5796300172805786
CUYXOK,DAFYAN,0.5181902050971985
CUYXOK,DAFYOB,0.5181902050971985
CUYXOK,DASLIT,0.4428066313266754
CUYXOK,DASMAM,0.44285714626312256
CUYXOK,DINFOX,0.3879999816417694
CUZBUW,SABVUN01,0.9963989853858948
CUZBUW,DARQOF,0.6377757787704468
CUZBUW,DAWCIP,0.6977757811546326
CUZBUW,DAWCOV,0.6972895860671997
CUZBUW,DAZKEX,0.6963990330696106
CUZBUW,DAZMID,0.8163989782333374
CUZLAM,VELVOY,0.3556935787200928
CUZLAM,DATPIY,0.33850085735321045
CYTPCD10,DEFFEC,0.5231750011444092
DABMEB,DALVAQ,1.0
DABMEB,DANZEX,0.9970499873161316
DABMEB,DACHAR,0.9968591928482056
DABMEB,DEHRIR,0.9968591928482056
DABMUR,DALCEZ,1.0
DABMUR,DIBWUH,0.9999494552612305
DACHAR,DEHRIR,1.0
DACHAR,DIBXAO,0.9971376657485962
DACHAR,DALVAQ,0.9968591928482056
DACJUO,DEDTEN,0.678196370601654
DACJUO,DITVOT,0.4559968411922455
DACQOQ,DIKPOD,0.2683327794075012
DACZUF,DEFTAL01,0.7818180918693542
DACZUF,DEFTAL,0.7818180918693542
DACZUF,DEFSUE,0.7081080675125122
DADLEC,DADLOM,1.0
DADLEC,DIXGIC,0.9776891469955444
DADLOM,DIXGIC,0.9776891469955444
DADTOS,DADTOS03,1.0
DADTOS,DADTOS07,1.0
DADTOS,DADTOS06,1.0
DADTOS,DADTOS05,1.0
DADTOS,DADTOS04,1.0
DADTOS,DADTOS09,1.0
DADTOS,DADTOS10,1.0
DADTOS,DIDVIW,1.0
DADTOS01,DADTOS03,1.0
DADTOS01,DADTOS07,1.0
DADTOS01,DADTOS06,1.0
DADTOS01,DADTOS05,1.0
DADTOS01,DADTOS04,1.0
DADTOS01,DADTOS09,1.0
DADTOS01,DADTOS10,1.0
DADTOS01,DIDVIW,1.0
DADTOS02,DADTOS03,1.0
DADTOS02,DADTOS07,1.0
DADTOS02,DADTOS06,1.0
DADTOS02,DADTOS05,1.0
DADTOS02,DADTOS04,1.0
DADTOS02,DADTOS09,1.0
DADTOS02,DADTOS10,1.0
DADTOS02,DADTOS08,1.0
DADTOS02,DADTOS11,1.0
DADTOS02,DADTOS12,1.0
DADTOS02,DADTOS13,1.0
DADTOS02,DADTOS14,1.0
DADTOS02,DADTOS15,1.0
DADTOS02,DADTOS16,1.0
DADTOS02,DADTOS17,1.0
DADTOS02,DADTOS18,1.0
DADTOS03,DADTOS07,1.0
DADTOS03,DADTOS06,1.0
DADTOS03,DADTOS05,1.0
DADTOS03,DADTOS04,1.0
DADTOS03,DADTOS09,1.0
DADTOS03,DADTOS10,1.0
DADTOS03,DADTOS08,1.0
DADTOS03,DADTOS11,1.0
DADTOS03,DADTOS12,1.0
DADTOS03,DADTOS13,1.0
DADTOS03,DADTOS14,1.0
DADTOS03,DADTOS15,1.0
DADTOS03,DADTOS16,1.0
DADTOS03,DADTOS17,1.0
DADTOS03,DADTOS18,1.0
DADTOS03,DIDVIW,1.0
DADTOS04,DADTOS07,1.0
DADTOS04,DADTOS06,1.0
DADTOS04,DADTOS05,1.0
DADTOS04,DADTOS09,1.0
DADTOS04,DADTOS10,1.0
DADTOS04,DADTOS08,1.0
DADTOS04,DADTOS11,1.0
DADTOS04,DADTOS12,1.0
DADTOS04,DADTOS13,1.0
DADTOS04,DADTOS14,1.0
DADTOS04,DADTOS15,1.0
DADTOS04,DADTOS16,1.0
DADTOS04,DADTOS17,1.0
DADTOS04,DADTOS18,1.0
DADTOS04,DIDVIW,1.0
DADTOS05,DADTOS07,1.0
DADTOS05,DADTOS06,1.0
DADTOS05,DADTOS09,1.0
DADTOS05,DADTOS10,1.0
DADTOS05,DADTOS08,1.0
DADTOS05,DADTOS11,1.0
DADTOS05,DADTOS12,1.0
DADTOS05,DADTOS13,1.0
DADTOS05,DADTOS14,1.0
DADTOS05,DADTOS15,1.0
DADTOS05,DADTOS16,1.0
DADTOS05,DADTOS17,1.0
DADTOS05,DADTOS18,1.0
DADTOS05,DIDVIW,1.0
DADTOS06,DADTOS07,1.0
DADTOS06,DADTOS09,1.0
DADTOS06,DADTOS10,1.0
DADTOS06,DADTOS08,1.0
DADTOS06,DADTOS11,1.0
DADTOS06,DADTOS12,1.0
DADTOS06,DADTOS13,1.0
DADTOS06,DADTOS14,1.0
DADTOS06,DADTOS15,1.0
DADTOS06,DADTOS16,1.0
DADTOS06,DADTOS17,1.0
DADTOS06,DADTOS18,1.0
DADTOS06,DIDVIW,1.0
DADTOS07,DADTOS09,1.0
DADTOS07,DADTOS10,1.0
DADTOS07,DIDVIW,1.0
DADTOS08,DADTOS09,1.0
DADTOS08,DADTOS10,1.0
DADTOS08,DADTOS11,1.0
DADTOS08,DADTOS12,1.0
DADTOS08,DADTOS13,1.0
DADTOS08,DADTOS14,1.0
DADTOS08,DADTOS15,1.0
DADTOS08,DADTOS16,1.0
DADTOS08,DADTOS17,1.0
DADTOS08,DADTOS18,1.0
DADTOS09,DADTOS10,1.0
DADTOS09,DADTOS11,1.0
DADTOS09,DADTOS12,1.0
DADTOS09,DADTOS13,1.0
DADTOS09,DADTOS14,1.0
DADTOS09,DADTOS15,1.0
DADTOS09,DADTOS16,1.0
DADTOS09,DADTOS17,1.0
DADTOS09,DADTOS18,1.0
DADTOS09,DIDVIW,1.0
DADTUY,DEFNIO,0.9999999403953552
DADTUY,DADTUY05,0.9999999403953552
DADTUY,DADTUY06,0.9999999403953552
DADTUY,DADTUY07,0.9999999403953552
DADTUY,DADTUY08,0.9999999403953552
DADTUY,DADTUY09,0.9999999403953552
DADTUY,DADTUY10,0.9999999403953552
DADTUY,DADTUY11,0.9999999403953552
DADTUY,DADTUY12,0.9999999403953552
DADTUY,DADTUY01,0.9999999403953552
DADTUY01,DEFNIO,0.9999999403953552
DADTUY01,DADTUY05,0.9999999403953552
DADTUY01,DADTUY06,0.9999999403953552
DADTUY01,DADTUY07,0.9999999403953552
DADTUY01,DADTUY08,0.9999999403953552
DADTUY01,DADTUY09,0.9999999403953552
DADTUY01,DADTUY10,0.9999999403953552
DADTUY01,DADTUY11,0.9999999403953552
DADTUY01,DADTUY12,0.9999999403953552
DADTUY01,DEFNEK,0.9996292591094971
DADTUY05,DEFNIO,0.9999999403953552
DADTUY05,DADTUY06,0.9999999403953552
DADTUY05,DADTUY07,0.9999999403953552
DADTUY05,DADTUY08,0.9999999403953552
DADTUY05,DADTUY09,0.9999999403953552
DADTUY05,DADTUY10,0.9999999403953552
DADTUY05,DADTUY11,0.9999999403953552
DADTUY05,DADTUY12,0.9999999403953552
DADTUY06,DEFNIO,0.9999999403953552
DADTUY06,DADTUY07,0.9999999403953552
DADTUY06,DADTUY08,0.9999999403953552
DADTUY06,DADTUY09,0.9999999403953552
DADTUY06,DADTUY10,0.9999999403953552
DADTUY06,DADTUY11,0.9999999403953552
DADTUY06,DADTUY12,0.9999999403953552
DADTUY07,DEFNIO,0.9999999403953552
DADTUY07,DADTUY08,0.9999999403953552
DADTUY07,DADTUY09,0.9999999403953552
DADTUY07,DADTUY10,0.9999999403953552
DADTUY07,DADTUY11,0.9999999403953552
DADTUY07,DADTUY12,0.9999999403953552
DADTUY08,DEFNIO,0.9999999403953552
DADTUY08,DADTUY09,0.9999999403953552
DADTUY08,DADTUY10,0.9999999403953552
DADTUY08,DADTUY11,0.9999999403953552
DADTUY08,DADTUY12,0.9999999403953552
DADTUY09,DEFNIO,0.9999999403953552
DADTUY09,DADTUY10,0.9999999403953552
DADTUY09,DADTUY11,0.9999999403953552
DADTUY09,DADTUY12,0.9999999403953552
DADTUY10,DEFNIO,0.9999999403953552
DADTUY10,DADTUY11,0.9999999403953552
DADTUY10,DADTUY12,0.9999999403953552
DADTUY11,DEFNIO,0.9999999403953552
DADTUY11,DADTUY12,0.9999999403953552
DADTUY12,DEFNIO,0.9999999403953552
DADVAG,DADVAG05,1.0
DADVAG,DADVAG01,1.0
DADVAG,DADVAG02,1.0
DADVAG,DADVAG03,1.0
DADVAG,DADVAG04,1.0
DADVAG,DEFNOU,1.0
DADVAG,DADVAG07,1.0
DADVAG,DADVAG06,1.0
DADVAG,DADVAG08,1.0
DADVAG01,DADVAG05,1.0
DADVAG01,DADVAG02,1.0
DADVAG01,DADVAG03,1.0
DADVAG01,DADVAG04,1.0
DADVAG01,DEFNOU,1.0
DADVAG01,DADVAG07,1.0
DADVAG01,DADVAG06,1.0
DADVAG01,DADVAG08,1.0
DADVAG02,DADVAG05,1.0
DADVAG02,DADVAG03,1.0
DADVAG02,DADVAG04,1.0
DADVAG02,DEFNOU,1.0
DADVAG02,DADVAG07,1.0
DADVAG02,DADVAG06,1.0
DADVAG02,DADVAG08,1.0
DADVAG03,DADVAG05,1.0
DADVAG03,DADVAG04,1.0
DADVAG03,DEFNOU,1.0
DADVAG03,DADVAG07,1.0
DADVAG03,DADVAG06,1.0
DADVAG03,DADVAG08,1.0
DADVAG04,DADVAG05,1.0
DADVAG04,DEFNOU,1.0
DADVAG04,DADVAG07,1.0
DADVAG04,DADVAG06,1.0
DADVAG04,DADVAG08,1.0
DADVAG05,DEFNOU,1.0
DADVAG05,DADVAG07,1.0
DADVAG06,DEFNOU,1.0
DADVAG06,DADVAG07,1.0
DADVAG06,DADVAG08,1.0
DADVAG07,DEFNOU,1.0
DADVAG08,DEFNOU,1.0
DADXUE,DICPUD,0.9611314535140991
DADXUE,DIRPOL,0.7337353825569153
DADXUE,DIRPUR,0.7337353825569153
DAFHEZ,DAFHID,0.9997506737709045
DAFHEZ,DAFHOJ,0.9972895383834839
DAFHEZ,DITKAT01,0.9788232445716858
DAFHEZ,DITKAT,0.9788232445716858
DAFHEZ,DIBZEU,0.9692751169204712
DAFHID,DAFHOJ,0.9955241084098816
DAFHID,DITKAT01,0.9778358340263367
DAFHID,DITKAT,0.9778358340263367
DAFHOJ,DITKAT01,0.9819706082344055
DAFHOJ,DITKAT,0.9819706082344055
DAFHOJ,DIBZEU,0.9781520962715149
DAFYAN,DAFYOB,1.0
DAFYAN,DETRAX,0.6501613855361938
DAFYAN,DIXCET,0.6251429319381714
DAFYOB,DETRAX,0.6501613855361938
DAFYOB,DIXCET,0.6251429319381714
DAGDEV,DEJTIW,0.9970499873161316
DAGDEV,DEJTES,0.9970499873161316
DAGDEV,DAGDIZ,0.9970499873161316
DAGDIZ,DEJTIW,1.0
DAGDIZ,DEJTES,1.0
DAGGOK,DAGGUQ,1.0
DAGGOK,DEXXAF,0.40000003576278687
DAGGOK,DITSAD,0.25518009066581726
DAGGOK,DITROQ,0.25518009066581726
DAGGOK,DITRIK,0.25518009066581726
DAGGUQ,DEXXAF,0.40000003576278687
DAGGUQ,DITSAD,0.25518009066581726
DAGGUQ,DITROQ,0.25518009066581726
DAGGUQ,DITRIK,0.25518009066581726
DAGTUD,DANWAS,0.9962353706359863
DAHJUR,DIFYEZ,0.28776827454566956
DAHJUR,DAPYUP,0.24210527539253235
DAHMIJ,DITXOU,0.9962353706359863
DAHNOQ,DAHNUW,0.9999999403953552
DAHNOQ,DIVMUR,0.9967666864395142
DAHNOQ,DIVNAY,0.9957407712936401
DAHNOQ,DAHPAE,0.9955672025680542
DAHNUW,DIVMUR,0.9967666864395142
DAHNUW,DIVNAY,0.9957407712936401
DAHNUW,DAHPAE,0.9955672025680542
DAHPAE,DIVMUR,0.9998589158058167
DAHPAE,DECDUN,0.995492160320282
DAHPAE,DIVNAY,0.9945439100265503
DAHWAM,DEKLIP,0.6993135213851929
DAHWAM,DEKLEL,0.6987545490264893
DAHWAM,DASTEY02,0.4509493112564087
DAHWAM,DASTEY01,0.4509493112564087
DAJVES,DAJWET,0.9963152408599854
DAJVES,DIBJEF,0.6046686172485352
DAJVES,DIBJIJ,0.6046686172485352
DAKVIW,DAKVOC,0.9962353706359863
DAKVIW,DAKVUI,0.9922806620597839
DAKVIW,DEYMOL,0.9920910000801086
DAKVOC,DAKVUI,0.9965804815292358
DAKVOC,DEYMOL,0.9795385599136353
DAKVUI,DEYMOL,0.9801634550094604
DALCEZ,DIBWUH,0.9999494552612305
DALRAK,DEKPAL,0.9990034103393555
DALRAK,DEKPEP,0.9990034103393555
DALRAK,DEBNUU,0.5680143237113953
DALRAK,DEFKUU,0.5734173655509949
DALRAK,DEHYEV,0.4649915099143982
DALRAK,DINDUZ,0.5668424367904663
DALRAK,DINDUZ01,0.5668424367904663
DALSAN,DALSER,1.0
DALSAN,DAPGUW01,0.9988105893135071
DALSAN,DAPHAD01,0.9982883334159851
DALSER,DAPGUW01,0.9988105893135071
DALSER,DAPHAD01,0.9982883334159851
DALSER,DAYMAS,0.4982883334159851
DALSOA,DIHVIB,0.7749999761581421
DALSOA,DIHVIB01,0.7749999761581421
DALSOA,CIGXIA,0.7735496759414673
DALSUH,DALTAO,0.9996340870857239
DALTAO,DIVSUY,0.5499999523162842
DALVAQ,DANZEX,0.9970499873161316
DALVAQ,DEHRIR,0.9968591928482056
DALVEU,DALVIY,0.999916136264801
DALXEW,DASMAM,0.25844457745552063
DALXEW,DASLIT,0.25783586502075195
DAMYIC,DAMYIC01,1.0
DAMYIC,DETVUW,0.4401634633541107
DAMYIC01,DETVUW,0.4401634633541107
DAMYOI,DAMYUO,0.9996850490570068
DANVAQ,DANVEU,1.0
DANVAQ,DITWEK,0.5944356322288513
DANVEU,DITWEK,0.5944356322288513
DANZEX,DIBXAO,0.9972895383834839
DAPHAD01,DAYMAS,0.5
DAPHOU,CIGXIA,0.6982883810997009
DAPYAW,DIBQEM,0.9939473867416382
DAPYAW,DIBQIQ,0.9939473867416382
DAPYAW,DIBQOW,0.9939473867416382
DAPYAW,DELGIN,0.9099999666213989
DAPZAW,DEHHIK,0.9971376657485962
DAPZAW,DEHHOQ,0.9959419965744019
DAPZAW,DARSEV,0.3781091868877411
DAPZAW,DIHPIU,0.5235294103622437
DAPZAW,DIPGAK,0.39694681763648987
DAPZAW,DIVGIA,0.427272766828537
DAPZAW,DIVPUU,0.3647059202194214
DAPZAW,DIVQAB,0.3647059202194214
DAQMAM,DIQHAO,0.4283880293369293
DAQMAM,DIQHAO01,0.4283880293369293
DAQMAM,DIRLIB,0.42811188101768494
DAQRET,DAQRET01,0.9999999403953552
DAQRET,DEHBEY,0.9994805455207825
DAQRET,DIDBIE,0.5034552812576294
DAQRET01,DEHBEY,0.9994805455207825
DAQRET01,DIDBIE,0.5034552812576294
DARCOQ,DARDEH,0.9977954626083374
DARCOQ,DARDIL,0.9976078867912292
DARCOQ,DARDOR,0.9968496561050415
DARCOQ,DARDUX,0.9967017769813538
DARCOQ,DARFAF,0.9965118765830994
DARCOQ,DARFEJ,0.9961051344871521
DARCOQ,DARFIN,0.9957616925239563
DARCOQ,DARFOT,0.9953123331069946
DARCUW,DARDAD,0.9998902082443237
DARCUW,DARFIN,0.9998589158058167
DARCUW,DARFEJ,0.9997713565826416
DARCUW,DARFAF,0.9996391534805298
DARCUW,DARDOR,0.9995509386062622
DARCUW,DARFOT,0.9993627667427063
DARCUW,DARDUX,0.9987759590148926
DARCUW,DARDIL,0.9985729455947876
DARCUW,DARDEH,0.9985684156417847
DARDAD,DARFIN,0.9998542070388794
DARDAD,DARFEJ,0.9997872710227966
DARDAD,DARFOT,0.9996788501739502
DARDAD,DARFAF,0.999646008014679
DARDAD,DARDOR,0.9993820190429688
DARDAD,DARDUX,0.9991527795791626
DARDAD,DARDIL,0.9987848997116089
DARDEH,DARDIL,0.9996544122695923
DARDEH,DARDOR,0.9996404051780701
DARDEH,DARFAF,0.9995414018630981
DARDEH,DARFEJ,0.9993398785591125
DARDEH,DARFIN,0.999160885810852
DARDEH,DARDUX,0.9990724921226501
DARDEH,DARFOT,0.998455822467804
DARDIL,DARDUX,0.9998192191123962
DARDIL,DARFAF,0.9996340870857239
DARDIL,DARFEJ,0.9994840025901794
DARDIL,DARDOR,0.9994805455207825
DARDIL,DARFIN,0.999313473701477
DARDIL,DARFOT,0.9992610812187195
DARDOR,DARFAF,0.999916136264801
DARDOR,DARFEJ,0.9998704195022583
DARDOR,DARFIN,0.9998304843902588
DARDOR,DARDUX,0.9992827773094177
DARDOR,DARFOT,0.9992631673812866
DARDUX,DARFOT,0.999731719493866
DARDUX,DARFAF,0.9995911717414856
DARDUX,DARFEJ,0.9995371103286743
DARDUX,DARFIN,0.9994291663169861
DARFAF,DARFEJ,0.9999803900718689
DARFAF,DARFIN,0.9999352693557739
DARFAF,DARFOT,0.9995852708816528
DARFEJ,DARFIN,0.9999855160713196
DARFEJ,DARFOT,0.9996700286865234
DARFIN,DARFOT,0.9996850490570068
DARSEV,DEHHOQ,0.3783000111579895
DARSEV,DELTAQ02,0.3774854242801666
DARSEV,DELTAQ03,0.3774854242801666
DARSEV,DELTAQ01,0.3774854242801666
DARSEV,DELTAQ,0.3774854242801666
DARSEV,DEHHEG,0.3774854242801666
DARYIF,DEJCEB,0.5320000052452087
DARYIF,DEPXAY,0.5320000052452087
DARYIF,DIWFAT,0.9974996447563171
DASLIT,DASMAM,0.9999494552612305
DASLIT,DEGBUO,0.4439041316509247
DASMAM,DEGBUO,0.44287413358688354
DASTEY01,DASTEY02,1.0
DASTEY01,DITXOU,0.47894737124443054
DASTEY02,DITXOU,0.47894737124443054
DATPIY,DEGBOI,0.495654433965683
DATPIY,DEGBUO,0.49360790848731995
DAVMIY,DIVQAB,0.9969467520713806
DAVMIY,DIVPUU,0.9969467520713806
DAWCIP,DAWCOV,0.9974996447563171
DAWCIP,SABVUN01,0.6927338242530823
DAWCIP,DIVRAD,0.3746988773345947
DAWCOV,DIVRAD,0.3742126524448395
DAWFEO,DIYRIO,0.4731706976890564
DAWPEZ,DIBQOW,0.7932302355766296
DAWPEZ,DIBQEM,0.7932302355766296
DAWWAC,DEGJIK,0.9996275901794434
DAWWAC,DEFTAL01,0.5781249403953552
DAWWAC,DEBZOC,0.5049999356269836
DAWWEF,DIYRIO,0.5615384578704834
DAWWEF,DAXFEQ,0.482029527425766
DAWWEF,DAXDUE,0.4663374722003937
DAWWEF,DAXFIU,0.426779568195343
DAWWIJ,DAWWUV,0.9970499873161316
DAWWIJ,DAWWOP,0.9950717687606812
DAWWIJ,DIYREK,0.5474996566772461
DAWWIJ,DITPON,0.48249998688697815
DAWWIJ,DITPUT,0.4797895550727844
DAWWIJ,DILJOA,0.4159420430660248
DAWWIJ,DIVRAD,0.39728957414627075
DAWWOP,DAWWUV,0.9922806620597839
DAWWOP,DIYREK,0.5465804934501648
DAWWOP,DITPUT,0.4821275770664215
DAWWOP,DITPON,0.4775717854499817
DAWWOP,DILJOA,0.41694679856300354
DAWWOP,DIVRAD,0.39962759613990784
DAWWUV,DIYREK,0.5462353825569153
DAWWUV,DITPON,0.47955000400543213
DAWWUV,DITPUT,0.47644737362861633
DAWWUV,DILJOA,0.4168591797351837
DAWWUV,DIVRAD,0.39394739270210266
DAXDUE,DAXFIU,0.7266550660133362
DAXDUE,DAXFEQ,0.6745696663856506
DAXDUE,DIYRIO,0.5328239798545837
DAXFEQ,DAXFIU,0.9344717264175415
DAXFEQ,DIYRIO,0.5353395938873291
DAXFIU,DIYRIO,0.4800896644592285
DAXKIY,DAXKOE,0.9999999403953552
DAXKIY,DENGAH,0.6164271235466003
DAXKIY,DENFUA,0.6164271235466003
DAXKIY,DEYNIG,0.6119816303253174
DAXKIY,DIXWAJ,0.3495385944843292
DAXKOE,DENGAH,0.6164271235466003
DAXKOE,DENFUA,0.6164271235466003
DAXKOE,DEYNIG,0.6119816303253174
DAXKOE,DIXWAJ,0.3495385944843292
DAXNIA,DEPJIR01,1.0
DAXNIA,DAXNIA01,1.0
DAXNIA,DAXNIA02,1.0
DAXNIA,DAXNIA03,1.0
DAXNIA,DAXNIA04,1.0
DAXNIA,DEPJIR,1.0
DAXNIA01,DEPJIR01,1.0
DAXNIA01,DAXNIA02,1.0
DAXNIA01,DAXNIA03,1.0
DAXNIA01,DAXNIA04,1.0
DAXNIA01,DEPJIR,1.0
DAXNIA02,DEPJIR01,1.0
DAXNIA02,DAXNIA03,1.0
DAXNIA02,DAXNIA04,1.0
DAXNIA02,DEPJIR,1.0
DAXNIA03,DEPJIR01,1.0
DAXNIA03,DAXNIA04,1.0
DAXNIA03,DEPJIR,1.0
DAXNIA04,DEPJIR01,1.0
DAXNIA04,DEPJIR,1.0
DAYCIQ,DIPNIB,0.6164949536323547
DAYGUH,DEFXEU,0.5408803224563599
DAYGUH,DEKCII,0.34804877638816833
DAYGUH,DEKCEE,0.34372979402542114
DAYMAS,DIDBIE,0.9838886857032776
DAYWOS,DITPON,0.361755907535553
DAZKEX,SABVUN01,0.7000000476837158
DAZKEX,DITVOT,0.563677966594696
DAZMID,SABVUN01,0.8199999928474426
DAZZUC,DEBBIY,0.9962353706359863
DAZZUC,DEXKEZ,0.7323441505432129
DAZZUC,DIMDAG,0.6399999856948853
DEBBIY,DEXKEZ,0.7327938079833984
DEBBIY,DIMDAG,0.6362354159355164
DEBNUU,DEFKUU,0.9978308081626892
DEBNUU,DINDUZ,0.9701295495033264
DEBNUU,DINDUZ01,0.9701295495033264
DEBNUU,DEKPAL,0.5653048157691956
DEBNUU,DEKPEP,0.5653048157691956
DEBNUU,DEHYEV,0.5427337884902954
DEBXUG,VELVOY,0.46000000834465027
DEBZOC,DEFSUE,0.510869562625885
DEBZOC,DEGJIK,0.5046275854110718
DECDUN,DIVMUR,0.9949494004249573
DECJON,CIGXIA,0.5121293067932129
DECVIT,DEKCEE,0.3029446005821228
DECXOB,DECYUI,0.8147058486938477
DECXOB,DECYAO,0.7749999761581421
DECXOB,DECXUH,0.7230769395828247
DECXOB,DECYES,0.7075000405311584
DECXOB,DECYOC,0.7000000476837158
DECXOB,DECYIW,0.6850000023841858
DECXOB,DIQHAO,0.5951441526412964
DECXOB,DIQHAO01,0.5951441526412964
DECXOB,DIRLIB,0.5948680639266968
DECXUH,DECYUI,0.6357142925262451
DECXUH,DECYAO,0.6113636493682861
DECXUH,DECYIW,0.6086956262588501
DECXUH,DECYOC,0.5891304016113281
DECXUH,DECYES,0.5687499642372131
DECXUH,DIXKOL,0.4709464907646179
DECYAO,DECYUI,0.7567567229270935
DECYAO,DECYES,0.7000000476837158
DECYAO,DECYOC,0.6571428775787354
DECYAO,DECYIW,0.6113636493682861
DECYAO,DIQHAO,0.5927757620811462
DECYAO,DIQHAO01,0.5927757620811462
DECYAO,DIRLIB,0.5924996733665466
DECYES,DECYUI,0.6926829814910889
DECYES,DECYOC,0.6086956262588501
DECYES,DECYIW,0.5687499642372131
DECYES,DIQHAO01,0.5477757453918457
DECYES,DIQHAO,0.5477757453918457
DECYES,DIRLIB,0.5474996566772461
DECYIW,DECYUI,0.6707317233085632
DECYIW,DECYOC,0.6522727608680725
DECYIW,DIQHAO01,0.4977757930755615
DECYIW,DIQHAO,0.4977757930755615
DECYIW,DIRLIB,0.49749964475631714
DECYOC,DECYUI,0.7230769395828247
DECYOC,DIQHAO01,0.5373106598854065
DECYOC,DIQHAO,0.5373106598854065
DECYOC,DIRLIB,0.5370345115661621
DECYUI,DIQHAO01,0.7406328916549683
DECYUI,DIQHAO,0.7406328916549683
DECYUI,DIRLIB,0.7403568029403687
DEDTEN,DEXZIS,0.10000000149011612
DEDTEN,DITVOT,0.5347054600715637
DEFKUU,DINDUZ,0.9784445762634277
DEFKUU,DINDUZ01,0.9784445762634277
DEFKUU,DEKPAL,0.5702267289161682
DEFKUU,DEKPEP,0.5702267289161682
DEFKUU,DEHYEV,0.5465804934501648
DEFSUE,DEFTAL01,0.691428542137146
DEFSUE,DEFTAL,0.691428542137146
DEFTAL,DEFTAL01,0.9999999403953552
DEFTAL,DEGJIK,0.5777525901794434
DEFTAL01,DEGJIK,0.5777525901794434
DEFXEU,DEKCII,0.3695334494113922
DEFXEU,DEKCEE,0.36927518248558044
DEGBOI,DEGBUO,0.9977954626083374
DEGMAG,DEGMAG01,0.9999999403953552
DEGSIS,DEGSIS01,1.0
DEGSIS,DOBGAD01,0.6622806787490845
DEGSIS,DIKJUD,0.6100000143051147
DEGSIS01,DOBGAD01,0.6622806787490845
DEGSIS01,DIKJUD,0.6100000143051147
DEHBEY,DIDBIE,0.5031853914260864
DEHBIC,DIPMAS,0.5014405846595764
DEHBIC,DISROP,0.45409443974494934
DEHFUR,DIJWID,0.577775776386261
DEHFUR,DINNIZ,0.5210290551185608
DEHHEG,DELTAQ02,1.0
DEHHEG,DELTAQ,1.0
DEHHEG,DELTAQ01,1.0
DEHHEG,DELTAQ03,1.0
DEHHEG,DEHHIK,0.9977757334709167
DEHHEG,DEHHOQ,0.9974996447563171
DEHHEG,DEZCER,0.5210290551185608
DEHHEG,DIPGAK,0.3965805172920227
DEHHIK,DELTAQ01,0.9977757334709167
DEHHIK,DELTAQ03,0.9977757334709167
DEHHIK,DELTAQ02,0.9977757334709167
DEHHIK,DELTAQ,0.9977757334709167
DEHHIK,DEHHOQ,0.9972895383834839
DEHHIK,DIFZUP,0.47894734144210815
DEHHIK,DIHPIU,0.5206671357154846
DEHHIK,DIPGAK,0.39962759613990784
DEHHIK,DIVGIA,0.42441046237945557
DEHHOQ,DELTAQ02,0.9974996447563171
DEHHOQ,DELTAQ,0.9974996447563171
DEHHOQ,DELTAQ03,0.9974996447563171
DEHHOQ,DELTAQ01,0.9974996447563171
DEHHOQ,DEZCER,0.5235294103622437
DEHRIR,DIBXAO,0.9971376657485962
DEHYEV,DINDUZ01,0.5297663807868958
DEHYEV,DINDUZ,0.5297663807868958
DEHYEV,DEKPEP,0.46168845891952515
DEHYEV,DEKPAL,0.46168845891952515
DEJCEB,DEPXAY,1.0
DEJCEB,DEJCIF,0.9965804815292358
DEJCEB,DESHOZ,0.9962353706359863
DEJCIF,DEPXAY,0.9965804815292358
DEJCIF,DESHOZ,0.9922806620597839
DEJTES,DEJTIW,1.0
DEKBON,DELGIN,0.9922806620597839
DEKBON,DITTEH,0.9108662009239197
DEKCEE,DEKCII,0.9996340870857239
DEKLEL,DEKLIP,0.9978838562965393
DEKLIP,DEXZIR,0.3993135392665863
DEKPAL,DEKPEP,1.0
DEKPAL,DINDUZ,0.5708376169204712
DEKPAL,DINDUZ01,0.5708376169204712
DEKPEP,DINDUZ,0.5708376169204712
DEKPEP,DINDUZ01,0.5708376169204712
DEKZEA,DINNIZ,0.9618924260139465
DEKZEA,DELBED,0.925000011920929
DEKZEA,DEKZIE,0.925000011920929
DEKZEA,DEKZOK,0.925000011920929
DEKZEA,DIBZEV,0.4141083061695099
DEKZEA,DIBZIZ,0.41499999165534973
DEKZEA,DIBZOF,0.4141083061695099
DEKZIE,DELBED,1.0
DEKZIE,DEKZOK,1.0
DEKZOK,DELBED,1.0
DELGIN,DITTEH,0.9105210900306702
DELTAQ,DELTAQ01,1.0
DELTAQ,DELTAQ02,1.0
DELTAQ,DELTAQ03,1.0
DELTAQ,DEZCER,0.5210290551185608
DELTAQ01,DELTAQ02,1.0
DELTAQ01,DELTAQ03,1.0
DELTAQ01,DEZCER,0.5210290551185608
DELTAQ02,DELTAQ03,1.0
DELTAQ02,DEZCER,0.5210290551185608
DELTAQ03,DEZCER,0.5210290551185608
DENFUA,DENGAH,1.0
DENFUA,DEYNIG,0.9950717687606812
DENGAH,DEYNIG,0.9950717687606812
DENQEV,DENQIZ,0.625
DENTEW01,DENVIC,1.0
DENTEW01,DENVEY,0.9970499873161316
DENTEW01,DENVOI,0.9968591928482056
DENTEW01,DILJOA,0.4382384717464447
DENVEY,DENVIC,0.9970499873161316
DENVEY,DENVOI,0.9959419965744019
DENVEY,DILJOA,0.43732133507728577
DENVIC,DENVOI,0.9968591928482056
DENVIC,DILJOA,0.4382384717464447
DENVOI,DILJOA,0.4413793087005615
DEPJIR,DEPJIR01,1.0
DEPVUQ,DEPWAX,1.0
DEPXAY,DESHOZ,0.9962353706359863
DEPXIG,DEPXOM,1.0
DEPXIG,CIGXIA,0.9989085793495178
DEPXOM,CIGXIA,0.9989085793495178
DERBIO,DIBQOW,0.8499999046325684
DESHOZ,DIWFAT,0.5290499925613403
DESVIJ,DESVOP,0.9998192191123962
DESVIJ,DIXBOC,0.46687832474708557
DESVOP,DIXBOC,0.46670037508010864
DETRAX,DIXCET,0.9683489799499512
DEXKEZ,DIMDAG,0.6970500349998474
DEXXAF,DIGYIE,0.20098385214805603
DEXZIR,DIPNIB,0.5746133923530579
DEXZIS,DIGTEU,0.10000000149011612
DEXZIS,DIBZIZ,0.10000000149011612
DEYNIG,DINQUM,0.446153849363327
DEYNIG,DINTID,0.446153849363327
DEYVUA,DOBGAD01,0.7431103587150574
DEYVUA,DOBGAD,0.7431103587150574
DEYXIQ,DITXOU,0.5714600086212158
DEZCAO,DEZCES,0.9997506737709045
DEZCAO,DEZCIW,0.9977757334709167
DEZCES,DEZCIW,0.9965023994445801
DEZKAW,DEZKEA,1.0
DEZKAW,DIFYEZ,0.3482128083705902
DEZKAW,DIKBAB,0.34749963879585266
DEZKEA,DIFYEZ,0.3482128083705902
DIBJEF,DIBJIJ,0.9999999403953552
DIBQEM,DIBQIQ,0.9999999403953552
DIBQEM,DIBQOW,0.9999999403953552
DIBQIQ,DIBQOW,0.9999999403953552
DIBWUH,DIBXAO,0.9997506737709045
DIBZEU,DITKAT,0.9890161752700806
DIBZEU,DITKAT01,0.9890161752700806
DIBZEV,DIBZOF,1.0
DIBZEV,DIBZIZ,0.9991083145141602
DIBZEV,DINFOX,0.43341854214668274
DIBZIZ,DIBZOF,0.9991083145141602
DIBZIZ,DINFOX,0.44236767292022705
DIBZOF,DINFOX,0.43341854214668274
DICPUD,DIRPOL,0.696746289730072
DICPUD,DIRPUR,0.696746289730072
DICPUD,DIWMUT,0.5994032025337219
DIDBAV,DIDBEZ,0.9999999403953552
DIDBAV,DIDBID,0.9999999403953552
DIDBAV,DIDBOJ,0.9999999403953552
DIDBEZ,DIDBID,0.9999999403953552
DIDBEZ,DIDBOJ,0.9999999403953552
DIDBID,DIDBOJ,0.9999999403953552
DIGTEU,DIGTIY,0.9991083145141602
DIGTEU,DIGTOE,0.9958264827728271
DIGTEU,DIGTUK,0.9438939094543457
DIGTIY,DIGTOE,0.9966550469398499
DIGTIY,DIGTUK,0.9344717264175415
DIGTOE,DIGTUK,0.9445696473121643
DIHVIB,DIHVIB01,1.0
DIHVIB,CIGXIA,0.9985496997833252
DIHVIB01,CIGXIA,0.9985496997833252
DIJCOP,DIJCOP01,1.0
DIJCOP,DIXKOL,0.581904947757721
DIJCOP01,DIXKOL,0.581904947757721
DIJWID,DINNIZ,0.6972895860671997
DIJWID,DINNEV,0.47058823704719543
DIKBAB,DIKBAB01,0.35200002789497375
DILJOA,DITPUT,0.4314234256744385
DILJOA,DITPON,0.43022775650024414
DINDUZ,DINDUZ01,1.0
DINQUM,DINTID,1.0
DINQUM,DIPGAK,0.4374999701976776
DINQUM,VELVOY,0.3485805094242096
DINTID,DIPGAK,0.4374999701976776
DINYEG,DINYEG01,1.0
DINYEG,DIXBET,0.9978553056716919
DINYEG,DIXBET01,0.9978553056716919
DINYEG01,DIXBET,0.9978553056716919
DINYEG01,DIXBET01,0.9978553056716919
DIQGUH,DIWMON,0.5916550755500793
DIQGUH,DIWMUT,0.5950000286102295
DIQHAO,DIQHAO01,0.9999999403953552
DIQHAO,DIRLIB,0.9972895383834839
DIQHAO01,DIRLIB,0.9972895383834839
DIRPOL,DIRPUR,1.0
DIRTEG,DOBGAD01,0.6670910120010376
DIRTEG,DOBGAD,0.6670910120010376
DITGUL,DITRUW,1.0
DITGUL,DITRIK,1.0
DITGUL,DITJIC,1.0
DITGUL,DITSAD,1.0
DITGUL,DITROQ,1.0
DITGUL,DITJAU,0.64000004529953
DITGUL,DITROQ01,0.4272727370262146
DITHAS,DITJOI,1.0
DITHAS,DITHEW01,1.0
DITHAS,DITHOG,1.0
DITHAS,DITHUM,1.0
DITHAS,DITJEY,1.0
DITHAS,DITJEY01,1.0
DITHAS,DITHEW,1.0
DITHEW,DITJOI,1.0
DITHEW,DITHEW01,1.0
DITHEW,DITHOG,1.0
DITHEW,DITHUM,1.0
DITHEW,DITJEY,1.0
DITHEW,DITJEY01,1.0
DITHEW01,DITJOI,1.0
DITHEW01,DITHOG,1.0
DITHEW01,DITHUM,1.0
DITHEW01,DITJEY,1.0
DITHEW01,DITJEY01,1.0
DITHOG,DITJOI,1.0
DITHOG,DITHUM,1.0
DITHOG,DITJEY,1.0
DITHOG,DITJEY01,1.0
DITHUM,DITJOI,1.0
DITHUM,DITJEY,1.0
DITHUM,DITJEY01,1.0
DITJAU,DITSAD,0.64000004529953
DITJAU,DITRIK,0.64000004529953
DITJAU,DITROQ,0.64000004529953
DITJAU,DITRUW,0.64000004529953
DITJAU,DITJIC,0.64000004529953
DITJAU,DITROQ01,0.5064516067504883
DITJEY,DITJOI,1.0
DITJEY,DITJEY01,1.0
DITJEY01,DITJOI,1.0
DITJIB,DITJOH,0.9950140714645386
DITJIC,DITRUW,1.0
DITJIC,DITROQ,1.0
DITJIC,DITRIK,1.0
DITJIC,DITSAD,1.0
DITJIC,DITROQ01,0.4272727370262146
DITKAT,DITKAT01,1.0
DITPON,DITPUT,0.9972895383834839
DITPON,DIXVUC04,0.5189085602760315
DITPON,DIXVUC01,0.5189085602760315
DITPON,DIXVUC,0.5189085602760315
DITPON,DIXVUC02,0.5189085602760315
DITPON,DIXVUC03,0.5189085602760315
DITPON,DITYOW,0.5150717496871948
DITPUT,DIXVUC04,0.5196292400360107
DITPUT,DIXVUC01,0.5196292400360107
DITPUT,DIXVUC02,0.5196292400360107
DITPUT,DIXVUC03,0.5196292400360107
DITPUT,DIXVUC,0.5196292400360107
DITPUT,DITYOW,0.519627571105957
DITRIK,DITSAD,1.0
DITRIK,DITROQ,1.0
DITRIK,DITRUW,1.0
DITRIK,DITROQ01,0.4272727370262146
DITROQ,DITSAD,1.0
DITROQ,DITRUW,1.0
DITROQ,DITROQ01,0.4272727370262146
DITROQ01,DITRUW,0.4272727370262146
DITROQ01,DITSAD,0.4272727370262146
DITRUW,DITSAD,1.0
DITYOW,DIXVUC01,0.9985496997833252
DITYOW,DIXVUC03,0.9985496997833252
DITYOW,DIXVUC04,0.9985496997833252
DITYOW,DIXVUC02,0.9985496997833252
DITYOW,DIXVUC,0.9985496997833252
DIVMUR,DIVNAY,0.9957616925239563
DIVPUU,DIVQAB,1.0
DIVRAD,DIYREK,0.4709464907646179
DIWMON,DIWMUT,0.9966550469398499
DIWMON,DIWNAA,0.9344717264175415
DIWMUT,DIWNAA,0.9445696473121643
DIXBET,DIXBET01,1.0
DIXKUR,DIXKUR01,1.0
DIXNUV,DIXNUV01,1.0
DIXVUC,DIXVUC01,1.0
DIXVUC,DIXVUC04,1.0
DIXVUC,DIXVUC03,1.0
DIXVUC,DIXVUC02,1.0
DIXVUC01,DIXVUC04,1.0
DIXVUC01,DIXVUC03,1.0
DIXVUC01,DIXVUC02,1.0
DIXVUC02,DIXVUC04,1.0
DIXVUC02,DIXVUC03,1.0
DIXVUC03,DIXVUC04,1.0
DIYREK,DIYRIO,0.35162195563316345
DOBGAD,DOBGAD01,1.0
RUBTAK02,SURKAT,1.0
